method,budget,error_weight,metric,mean,lo,hi,dialogues
completion,0.0,2.0,loss,1.6041666666666667,1.4375,1.7604166666666667,48
completion,0.0,2.0,project_correct,0.041666666666666664,0.0,0.10416666666666667,48
completion,0.0,2.0,correct,0.4375,0.3020833333333333,0.59375,48
completion,0.0,2.0,incorrect,0.041666666666666664,0.0,0.09375,48
completion,0.0,2.0,unfinished,1.5208333333333333,1.3645833333333333,1.6666666666666667,48
completion,0.0,2.0,questions,0.0,0.0,0.0,48
completion,0.0,2.0,repeated_questions,0.0,0.0,0.0,48
completion,0.0,2.0,incorrect_scope_transfers,0.0,0.0,0.0,48
completion,0.0,2.0,unresolved_responses,0.0,0.0,0.0,48
completion,0.0,2.0,scope_questions,0.0,0.0,0.0,48
completion,0.0,2.0,predicted_benefit,0.0,0.0,0.0,48
completion,0.0,2.0,realized_benefit,0.0,0.0,0.0,48
depth2,0.0,2.0,loss,1.6041666666666667,1.4375,1.7604166666666667,48
depth2,0.0,2.0,project_correct,0.041666666666666664,0.0,0.10416666666666667,48
depth2,0.0,2.0,correct,0.4375,0.3020833333333333,0.59375,48
depth2,0.0,2.0,incorrect,0.041666666666666664,0.0,0.09375,48
depth2,0.0,2.0,unfinished,1.5208333333333333,1.3645833333333333,1.6666666666666667,48
depth2,0.0,2.0,questions,0.0,0.0,0.0,48
depth2,0.0,2.0,repeated_questions,0.0,0.0,0.0,48
depth2,0.0,2.0,incorrect_scope_transfers,0.0,0.0,0.0,48
depth2,0.0,2.0,unresolved_responses,0.0,0.0,0.0,48
depth2,0.0,2.0,scope_questions,0.0,0.0,0.0,48
depth2,0.0,2.0,predicted_benefit,0.0,0.0,0.0,48
depth2,0.0,2.0,realized_benefit,0.0,0.0,0.0,48
depth3,0.0,2.0,loss,1.6041666666666667,1.4375,1.7604166666666667,48
depth3,0.0,2.0,project_correct,0.041666666666666664,0.0,0.10416666666666667,48
depth3,0.0,2.0,correct,0.4375,0.3020833333333333,0.59375,48
depth3,0.0,2.0,incorrect,0.041666666666666664,0.0,0.09375,48
depth3,0.0,2.0,unfinished,1.5208333333333333,1.3645833333333333,1.6666666666666667,48
depth3,0.0,2.0,questions,0.0,0.0,0.0,48
depth3,0.0,2.0,repeated_questions,0.0,0.0,0.0,48
depth3,0.0,2.0,incorrect_scope_transfers,0.0,0.0,0.0,48
depth3,0.0,2.0,unresolved_responses,0.0,0.0,0.0,48
depth3,0.0,2.0,scope_questions,0.0,0.0,0.0,48
depth3,0.0,2.0,predicted_benefit,0.0,0.0,0.0,48
depth3,0.0,2.0,realized_benefit,0.0,0.0,0.0,48
full_history,0.0,2.0,loss,0.3229166666666667,0.14583333333333334,0.5210937499999986,48
full_history,0.0,2.0,project_correct,0.8229166666666666,0.71875,0.9166666666666666,48
full_history,0.0,2.0,correct,1.8229166666666667,1.71875,1.9166666666666667,48
full_history,0.0,2.0,incorrect,0.14583333333333334,0.0625,0.25,48
full_history,0.0,2.0,unfinished,0.03125,0.0,0.08333333333333333,48
full_history,0.0,2.0,questions,0.0,0.0,0.0,48
full_history,0.0,2.0,repeated_questions,0.0,0.0,0.0,48
full_history,0.0,2.0,incorrect_scope_transfers,0.0,0.0,0.0,48
full_history,0.0,2.0,unresolved_responses,0.0,0.0,0.0,48
full_history,0.0,2.0,scope_questions,0.0,0.0,0.0,48
full_history,0.0,2.0,predicted_benefit,0.0,0.0,0.0,48
full_history,0.0,2.0,realized_benefit,0.0,0.0,0.0,48
generic2,0.0,2.0,loss,1.6041666666666667,1.4375,1.7604166666666667,48
generic2,0.0,2.0,project_correct,0.041666666666666664,0.0,0.10416666666666667,48
generic2,0.0,2.0,correct,0.4375,0.3020833333333333,0.59375,48
generic2,0.0,2.0,incorrect,0.041666666666666664,0.0,0.09375,48
generic2,0.0,2.0,unfinished,1.5208333333333333,1.3645833333333333,1.6666666666666667,48
generic2,0.0,2.0,questions,0.0,0.0,0.0,48
generic2,0.0,2.0,repeated_questions,0.0,0.0,0.0,48
generic2,0.0,2.0,incorrect_scope_transfers,0.0,0.0,0.0,48
generic2,0.0,2.0,unresolved_responses,0.0,0.0,0.0,48
generic2,0.0,2.0,scope_questions,0.0,0.0,0.0,48
generic2,0.0,2.0,predicted_benefit,0.0,0.0,0.0,48
generic2,0.0,2.0,realized_benefit,0.0,0.0,0.0,48
ideal_depth2,0.0,2.0,loss,0.0,0.0,0.0,48
ideal_depth2,0.0,2.0,project_correct,1.0,1.0,1.0,48
ideal_depth2,0.0,2.0,correct,2.0,2.0,2.0,48
ideal_depth2,0.0,2.0,incorrect,0.0,0.0,0.0,48
ideal_depth2,0.0,2.0,unfinished,0.0,0.0,0.0,48
ideal_depth2,0.0,2.0,questions,0.0,0.0,0.0,48
ideal_depth2,0.0,2.0,repeated_questions,0.0,0.0,0.0,48
ideal_depth2,0.0,2.0,incorrect_scope_transfers,0.0,0.0,0.0,48
ideal_depth2,0.0,2.0,unresolved_responses,0.0,0.0,0.0,48
ideal_depth2,0.0,2.0,scope_questions,0.0,0.0,0.0,48
ideal_depth2,0.0,2.0,predicted_benefit,0.0,0.0,0.0,48
ideal_depth2,0.0,2.0,realized_benefit,0.0,0.0,0.0,48
no_scope,0.0,2.0,loss,1.6041666666666667,1.4375,1.7604166666666667,48
no_scope,0.0,2.0,project_correct,0.041666666666666664,0.0,0.10416666666666667,48
no_scope,0.0,2.0,correct,0.4375,0.3020833333333333,0.59375,48
no_scope,0.0,2.0,incorrect,0.041666666666666664,0.0,0.09375,48
no_scope,0.0,2.0,unfinished,1.5208333333333333,1.3645833333333333,1.6666666666666667,48
no_scope,0.0,2.0,questions,0.0,0.0,0.0,48
no_scope,0.0,2.0,repeated_questions,0.0,0.0,0.0,48
no_scope,0.0,2.0,incorrect_scope_transfers,0.0,0.0,0.0,48
no_scope,0.0,2.0,unresolved_responses,0.0,0.0,0.0,48
no_scope,0.0,2.0,scope_questions,0.0,0.0,0.0,48
no_scope,0.0,2.0,predicted_benefit,0.0,0.0,0.0,48
no_scope,0.0,2.0,realized_benefit,0.0,0.0,0.0,48
one_step,0.0,2.0,loss,1.6041666666666667,1.4375,1.7604166666666667,48
one_step,0.0,2.0,project_correct,0.041666666666666664,0.0,0.10416666666666667,48
one_step,0.0,2.0,correct,0.4375,0.3020833333333333,0.59375,48
one_step,0.0,2.0,incorrect,0.041666666666666664,0.0,0.09375,48
one_step,0.0,2.0,unfinished,1.5208333333333333,1.3645833333333333,1.6666666666666667,48
one_step,0.0,2.0,questions,0.0,0.0,0.0,48
one_step,0.0,2.0,repeated_questions,0.0,0.0,0.0,48
one_step,0.0,2.0,incorrect_scope_transfers,0.0,0.0,0.0,48
one_step,0.0,2.0,unresolved_responses,0.0,0.0,0.0,48
one_step,0.0,2.0,scope_questions,0.0,0.0,0.0,48
one_step,0.0,2.0,predicted_benefit,0.0,0.0,0.0,48
one_step,0.0,2.0,realized_benefit,0.0,0.0,0.0,48
request_specific,0.0,2.0,loss,1.6041666666666667,1.4375,1.7604166666666667,48
request_specific,0.0,2.0,project_correct,0.041666666666666664,0.0,0.10416666666666667,48
request_specific,0.0,2.0,correct,0.4375,0.3020833333333333,0.59375,48
request_specific,0.0,2.0,incorrect,0.041666666666666664,0.0,0.09375,48
request_specific,0.0,2.0,unfinished,1.5208333333333333,1.3645833333333333,1.6666666666666667,48
request_specific,0.0,2.0,questions,0.0,0.0,0.0,48
request_specific,0.0,2.0,repeated_questions,0.0,0.0,0.0,48
request_specific,0.0,2.0,incorrect_scope_transfers,0.0,0.0,0.0,48
request_specific,0.0,2.0,unresolved_responses,0.0,0.0,0.0,48
request_specific,0.0,2.0,scope_questions,0.0,0.0,0.0,48
request_specific,0.0,2.0,predicted_benefit,0.0,0.0,0.0,48
request_specific,0.0,2.0,realized_benefit,0.0,0.0,0.0,48
semantic_memory,0.0,2.0,loss,1.6041666666666667,1.4375,1.7604166666666667,48
semantic_memory,0.0,2.0,project_correct,0.041666666666666664,0.0,0.10416666666666667,48
semantic_memory,0.0,2.0,correct,0.4375,0.3020833333333333,0.59375,48
semantic_memory,0.0,2.0,incorrect,0.041666666666666664,0.0,0.09375,48
semantic_memory,0.0,2.0,unfinished,1.5208333333333333,1.3645833333333333,1.6666666666666667,48
semantic_memory,0.0,2.0,questions,0.0,0.0,0.0,48
semantic_memory,0.0,2.0,repeated_questions,0.0,0.0,0.0,48
semantic_memory,0.0,2.0,incorrect_scope_transfers,0.0,0.0,0.0,48
semantic_memory,0.0,2.0,unresolved_responses,0.0,0.0,0.0,48
semantic_memory,0.0,2.0,scope_questions,0.0,0.0,0.0,48
semantic_memory,0.0,2.0,predicted_benefit,0.0,0.0,0.0,48
semantic_memory,0.0,2.0,realized_benefit,0.0,0.0,0.0,48
completion,1.0,2.0,loss,1.21875,1.0416666666666667,1.40625,48
completion,1.0,2.0,project_correct,0.14583333333333334,0.0625,0.23958333333333334,48
completion,1.0,2.0,correct,0.8125,0.6559895833333333,0.9791666666666666,48
completion,1.0,2.0,incorrect,0.03125,0.0,0.08333333333333333,48
completion,1.0,2.0,unfinished,1.15625,0.9895833333333334,1.3229166666666667,48
completion,1.0,2.0,questions,1.0,1.0,1.0,48
completion,1.0,2.0,repeated_questions,0.0,0.0,0.0,48
completion,1.0,2.0,incorrect_scope_transfers,0.0,0.0,0.0,48
completion,1.0,2.0,unresolved_responses,0.0,0.0,0.0,48
completion,1.0,2.0,scope_questions,0.0,0.0,0.0,48
completion,1.0,2.0,predicted_benefit,0.4220653210366973,0.30078278052786506,0.5503390050225467,48
completion,1.0,2.0,realized_benefit,0.3854166666666667,0.25,0.53125,48
depth2,1.0,2.0,loss,1.0208333333333333,0.8229166666666666,1.21875,48
depth2,1.0,2.0,project_correct,0.2604166666666667,0.15598958333333335,0.3854166666666667,48
depth2,1.0,2.0,correct,1.03125,0.8541666666666666,1.2083333333333333,48
depth2,1.0,2.0,incorrect,0.052083333333333336,0.0,0.11458333333333333,48
depth2,1.0,2.0,unfinished,0.9166666666666666,0.7395833333333334,1.09375,48
depth2,1.0,2.0,questions,0.8020833333333334,0.6979166666666666,0.8958333333333334,48
depth2,1.0,2.0,repeated_questions,0.0,0.0,0.0,48
depth2,1.0,2.0,incorrect_scope_transfers,0.0,0.0,0.0,48
depth2,1.0,2.0,unresolved_responses,0.0,0.0,0.0,48
depth2,1.0,2.0,scope_questions,0.0,0.0,0.0,48
depth2,1.0,2.0,predicted_benefit,0.5945278309055769,0.4910644867246458,0.6927967831554567,48
depth2,1.0,2.0,realized_benefit,0.5833333333333334,0.4583333333333333,0.6979166666666666,48
depth3,1.0,2.0,loss,1.0208333333333333,0.8229166666666666,1.21875,48
depth3,1.0,2.0,project_correct,0.2604166666666667,0.15598958333333335,0.3854166666666667,48
depth3,1.0,2.0,correct,1.03125,0.8541666666666666,1.2083333333333333,48
depth3,1.0,2.0,incorrect,0.052083333333333336,0.0,0.11458333333333333,48
depth3,1.0,2.0,unfinished,0.9166666666666666,0.7395833333333334,1.09375,48
depth3,1.0,2.0,questions,0.8020833333333334,0.6979166666666666,0.8958333333333334,48
depth3,1.0,2.0,repeated_questions,0.0,0.0,0.0,48
depth3,1.0,2.0,incorrect_scope_transfers,0.0,0.0,0.0,48
depth3,1.0,2.0,unresolved_responses,0.0,0.0,0.0,48
depth3,1.0,2.0,scope_questions,0.0,0.0,0.0,48
depth3,1.0,2.0,predicted_benefit,0.5945278309055769,0.4910644867246458,0.6927967831554567,48
depth3,1.0,2.0,realized_benefit,0.5833333333333334,0.4583333333333333,0.6979166666666666,48
full_history,1.0,2.0,loss,0.2916666666666667,0.125,0.5,48
full_history,1.0,2.0,project_correct,0.8541666666666666,0.75,0.9375,48
full_history,1.0,2.0,correct,1.8541666666666667,1.75,1.9375,48
full_history,1.0,2.0,incorrect,0.14583333333333334,0.0625,0.25,48
full_history,1.0,2.0,unfinished,0.0,0.0,0.0,48
full_history,1.0,2.0,questions,0.03125,0.0,0.08333333333333333,48
full_history,1.0,2.0,repeated_questions,0.0,0.0,0.0,48
full_history,1.0,2.0,incorrect_scope_transfers,0.0,0.0,0.0,48
full_history,1.0,2.0,unresolved_responses,0.0,0.0,0.0,48
full_history,1.0,2.0,scope_questions,0.0,0.0,0.0,48
full_history,1.0,2.0,predicted_benefit,0.03125,0.0,0.08333333333333333,48
full_history,1.0,2.0,realized_benefit,0.03125,0.0,0.08333333333333333,48
generic2,1.0,2.0,loss,1.0208333333333333,0.8229166666666666,1.21875,48
generic2,1.0,2.0,project_correct,0.2604166666666667,0.15598958333333335,0.3854166666666667,48
generic2,1.0,2.0,correct,1.03125,0.8541666666666666,1.2083333333333333,48
generic2,1.0,2.0,incorrect,0.052083333333333336,0.0,0.11458333333333333,48
generic2,1.0,2.0,unfinished,0.9166666666666666,0.7395833333333334,1.09375,48
generic2,1.0,2.0,questions,0.8020833333333334,0.6979166666666666,0.8958333333333334,48
generic2,1.0,2.0,repeated_questions,0.0,0.0,0.0,48
generic2,1.0,2.0,incorrect_scope_transfers,0.0,0.0,0.0,48
generic2,1.0,2.0,unresolved_responses,0.0,0.0,0.0,48
generic2,1.0,2.0,scope_questions,0.0,0.0,0.0,48
generic2,1.0,2.0,predicted_benefit,0.5945278309055769,0.4910644867246458,0.6927967831554567,48
generic2,1.0,2.0,realized_benefit,0.5833333333333334,0.4583333333333333,0.6979166666666666,48
ideal_depth2,1.0,2.0,loss,0.0,0.0,0.0,48
ideal_depth2,1.0,2.0,project_correct,1.0,1.0,1.0,48
ideal_depth2,1.0,2.0,correct,2.0,2.0,2.0,48
ideal_depth2,1.0,2.0,incorrect,0.0,0.0,0.0,48
ideal_depth2,1.0,2.0,unfinished,0.0,0.0,0.0,48
ideal_depth2,1.0,2.0,questions,0.0,0.0,0.0,48
ideal_depth2,1.0,2.0,repeated_questions,0.0,0.0,0.0,48
ideal_depth2,1.0,2.0,incorrect_scope_transfers,0.0,0.0,0.0,48
ideal_depth2,1.0,2.0,unresolved_responses,0.0,0.0,0.0,48
ideal_depth2,1.0,2.0,scope_questions,0.0,0.0,0.0,48
ideal_depth2,1.0,2.0,predicted_benefit,0.0,0.0,0.0,48
ideal_depth2,1.0,2.0,realized_benefit,0.0,0.0,0.0,48
no_scope,1.0,2.0,loss,1.0208333333333333,0.8229166666666666,1.21875,48
no_scope,1.0,2.0,project_correct,0.2604166666666667,0.15598958333333335,0.3854166666666667,48
no_scope,1.0,2.0,correct,1.03125,0.8541666666666666,1.2083333333333333,48
no_scope,1.0,2.0,incorrect,0.052083333333333336,0.0,0.11458333333333333,48
no_scope,1.0,2.0,unfinished,0.9166666666666666,0.7395833333333334,1.09375,48
no_scope,1.0,2.0,questions,0.8020833333333334,0.6979166666666666,0.8958333333333334,48
no_scope,1.0,2.0,repeated_questions,0.0,0.0,0.0,48
no_scope,1.0,2.0,incorrect_scope_transfers,0.0,0.0,0.0,48
no_scope,1.0,2.0,unresolved_responses,0.0,0.0,0.0,48
no_scope,1.0,2.0,scope_questions,0.0,0.0,0.0,48
no_scope,1.0,2.0,predicted_benefit,0.5945278309055769,0.4910644867246458,0.6927967831554567,48
no_scope,1.0,2.0,realized_benefit,0.5833333333333334,0.4583333333333333,0.6979166666666666,48
one_step,1.0,2.0,loss,1.0208333333333333,0.8229166666666666,1.21875,48
one_step,1.0,2.0,project_correct,0.2604166666666667,0.15598958333333335,0.3854166666666667,48
one_step,1.0,2.0,correct,1.03125,0.8541666666666666,1.2083333333333333,48
one_step,1.0,2.0,incorrect,0.052083333333333336,0.0,0.11458333333333333,48
one_step,1.0,2.0,unfinished,0.9166666666666666,0.7395833333333334,1.09375,48
one_step,1.0,2.0,questions,0.8020833333333334,0.6979166666666666,0.8958333333333334,48
one_step,1.0,2.0,repeated_questions,0.0,0.0,0.0,48
one_step,1.0,2.0,incorrect_scope_transfers,0.0,0.0,0.0,48
one_step,1.0,2.0,unresolved_responses,0.0,0.0,0.0,48
one_step,1.0,2.0,scope_questions,0.0,0.0,0.0,48
one_step,1.0,2.0,predicted_benefit,0.5945278309055769,0.4910644867246458,0.6927967831554567,48
one_step,1.0,2.0,realized_benefit,0.5833333333333334,0.4583333333333333,0.6979166666666666,48
request_specific,1.0,2.0,loss,1.0208333333333333,0.8229166666666666,1.21875,48
request_specific,1.0,2.0,project_correct,0.2604166666666667,0.15598958333333335,0.3854166666666667,48
request_specific,1.0,2.0,correct,1.03125,0.8541666666666666,1.2083333333333333,48
request_specific,1.0,2.0,incorrect,0.052083333333333336,0.0,0.11458333333333333,48
request_specific,1.0,2.0,unfinished,0.9166666666666666,0.7395833333333334,1.09375,48
request_specific,1.0,2.0,questions,0.8020833333333334,0.6979166666666666,0.8958333333333334,48
request_specific,1.0,2.0,repeated_questions,0.0,0.0,0.0,48
request_specific,1.0,2.0,incorrect_scope_transfers,0.0,0.0,0.0,48
request_specific,1.0,2.0,unresolved_responses,0.0,0.0,0.0,48
request_specific,1.0,2.0,scope_questions,0.0,0.0,0.0,48
request_specific,1.0,2.0,predicted_benefit,0.5945278309055769,0.4910644867246458,0.6927967831554567,48
request_specific,1.0,2.0,realized_benefit,0.5833333333333334,0.4583333333333333,0.6979166666666666,48
semantic_memory,1.0,2.0,loss,1.2083333333333333,0.96875,1.4583333333333333,48
semantic_memory,1.0,2.0,project_correct,0.2604166666666667,0.15598958333333335,0.3854166666666667,48
semantic_memory,1.0,2.0,correct,0.875,0.6666666666666666,1.0835937499999986,48
semantic_memory,1.0,2.0,incorrect,0.08333333333333333,0.020833333333333332,0.16666666666666666,48
semantic_memory,1.0,2.0,unfinished,1.0416666666666667,0.84375,1.2395833333333333,48
semantic_memory,1.0,2.0,questions,0.9479166666666666,0.8854166666666666,0.9895833333333334,48
semantic_memory,1.0,2.0,repeated_questions,0.0,0.0,0.0,48
semantic_memory,1.0,2.0,incorrect_scope_transfers,0.0,0.0,0.0,48
semantic_memory,1.0,2.0,unresolved_responses,0.0,0.0,0.0,48
semantic_memory,1.0,2.0,scope_questions,0.0,0.0,0.0,48
semantic_memory,1.0,2.0,predicted_benefit,0.35122365922534965,0.25488771415273426,0.451675300026599,48
semantic_memory,1.0,2.0,realized_benefit,0.3958333333333333,0.25,0.5416666666666666,48
completion,2.0,2.0,loss,0.7708333333333334,0.6354166666666666,0.8958333333333334,48
completion,2.0,2.0,project_correct,0.2604166666666667,0.14583333333333334,0.3854166666666667,48
completion,2.0,2.0,correct,1.2604166666666667,1.1458333333333333,1.3854166666666667,48
completion,2.0,2.0,incorrect,0.03125,0.0,0.08333333333333333,48
completion,2.0,2.0,unfinished,0.7083333333333334,0.5833333333333334,0.8229166666666666,48
completion,2.0,2.0,questions,2.0,2.0,2.0,48
completion,2.0,2.0,repeated_questions,0.0,0.0,0.0,48
completion,2.0,2.0,incorrect_scope_transfers,0.0,0.0,0.0,48
completion,2.0,2.0,unresolved_responses,0.0,0.0,0.0,48
completion,2.0,2.0,scope_questions,0.0,0.0,0.0,48
completion,2.0,2.0,predicted_benefit,0.9043287129156353,0.8381021257378278,0.9667439005385267,48
completion,2.0,2.0,realized_benefit,0.8333333333333334,0.71875,0.9273437499999986,48
depth2,2.0,2.0,loss,0.5520833333333334,0.40625,0.6979166666666666,48
depth2,2.0,2.0,project_correct,0.5,0.375,0.6354166666666666,48
depth2,2.0,2.0,correct,1.5,1.375,1.6354166666666667,48
depth2,2.0,2.0,incorrect,0.052083333333333336,0.010416666666666666,0.11458333333333333,48
depth2,2.0,2.0,unfinished,0.4479166666666667,0.3125,0.5833333333333334,48
depth2,2.0,2.0,questions,1.8645833333333333,1.7604166666666667,1.9583333333333333,48
depth2,2.0,2.0,repeated_questions,0.0,0.0,0.0,48
depth2,2.0,2.0,incorrect_scope_transfers,0.0,0.0,0.0,48
depth2,2.0,2.0,unresolved_responses,0.0,0.0,0.0,48
depth2,2.0,2.0,scope_questions,0.0,0.0,0.0,48
depth2,2.0,2.0,predicted_benefit,1.0725225448206854,0.9991470329420122,1.1607445319919758,48
depth2,2.0,2.0,realized_benefit,1.0520833333333333,0.9479166666666666,1.1770833333333333,48
depth3,2.0,2.0,loss,0.5520833333333334,0.40625,0.6979166666666666,48
depth3,2.0,2.0,project_correct,0.5,0.375,0.6354166666666666,48
depth3,2.0,2.0,correct,1.5,1.375,1.6354166666666667,48
depth3,2.0,2.0,incorrect,0.052083333333333336,0.010416666666666666,0.11458333333333333,48
depth3,2.0,2.0,unfinished,0.4479166666666667,0.3125,0.5833333333333334,48
depth3,2.0,2.0,questions,1.8645833333333333,1.7604166666666667,1.9583333333333333,48
depth3,2.0,2.0,repeated_questions,0.0,0.0,0.0,48
depth3,2.0,2.0,incorrect_scope_transfers,0.0,0.0,0.0,48
depth3,2.0,2.0,unresolved_responses,0.0,0.0,0.0,48
depth3,2.0,2.0,scope_questions,0.0,0.0,0.0,48
depth3,2.0,2.0,predicted_benefit,1.0725225448206854,0.9991470329420122,1.1607445319919758,48
depth3,2.0,2.0,realized_benefit,1.0520833333333333,0.9479166666666666,1.1770833333333333,48
full_history,2.0,2.0,loss,0.2916666666666667,0.125,0.5,48
full_history,2.0,2.0,project_correct,0.8541666666666666,0.75,0.9375,48
full_history,2.0,2.0,correct,1.8541666666666667,1.75,1.9375,48
full_history,2.0,2.0,incorrect,0.14583333333333334,0.0625,0.25,48
full_history,2.0,2.0,unfinished,0.0,0.0,0.0,48
full_history,2.0,2.0,questions,0.03125,0.0,0.08333333333333333,48
full_history,2.0,2.0,repeated_questions,0.0,0.0,0.0,48
full_history,2.0,2.0,incorrect_scope_transfers,0.0,0.0,0.0,48
full_history,2.0,2.0,unresolved_responses,0.0,0.0,0.0,48
full_history,2.0,2.0,scope_questions,0.0,0.0,0.0,48
full_history,2.0,2.0,predicted_benefit,0.03125,0.0,0.08333333333333333,48
full_history,2.0,2.0,realized_benefit,0.03125,0.0,0.08333333333333333,48
generic2,2.0,2.0,loss,0.5520833333333334,0.40625,0.6979166666666666,48
generic2,2.0,2.0,project_correct,0.5,0.375,0.6354166666666666,48
generic2,2.0,2.0,correct,1.5,1.375,1.6354166666666667,48
generic2,2.0,2.0,incorrect,0.052083333333333336,0.010416666666666666,0.11458333333333333,48
generic2,2.0,2.0,unfinished,0.4479166666666667,0.3125,0.5833333333333334,48
generic2,2.0,2.0,questions,1.8645833333333333,1.7604166666666667,1.9583333333333333,48
generic2,2.0,2.0,repeated_questions,0.0,0.0,0.0,48
generic2,2.0,2.0,incorrect_scope_transfers,0.0,0.0,0.0,48
generic2,2.0,2.0,unresolved_responses,0.0,0.0,0.0,48
generic2,2.0,2.0,scope_questions,0.0,0.0,0.0,48
generic2,2.0,2.0,predicted_benefit,1.0725225448206854,0.9991470329420122,1.1607445319919758,48
generic2,2.0,2.0,realized_benefit,1.0520833333333333,0.9479166666666666,1.1770833333333333,48
ideal_depth2,2.0,2.0,loss,0.0,0.0,0.0,48
ideal_depth2,2.0,2.0,project_correct,1.0,1.0,1.0,48
ideal_depth2,2.0,2.0,correct,2.0,2.0,2.0,48
ideal_depth2,2.0,2.0,incorrect,0.0,0.0,0.0,48
ideal_depth2,2.0,2.0,unfinished,0.0,0.0,0.0,48
ideal_depth2,2.0,2.0,questions,0.0,0.0,0.0,48
ideal_depth2,2.0,2.0,repeated_questions,0.0,0.0,0.0,48
ideal_depth2,2.0,2.0,incorrect_scope_transfers,0.0,0.0,0.0,48
ideal_depth2,2.0,2.0,unresolved_responses,0.0,0.0,0.0,48
ideal_depth2,2.0,2.0,scope_questions,0.0,0.0,0.0,48
ideal_depth2,2.0,2.0,predicted_benefit,0.0,0.0,0.0,48
ideal_depth2,2.0,2.0,realized_benefit,0.0,0.0,0.0,48
no_scope,2.0,2.0,loss,0.5520833333333334,0.40625,0.6979166666666666,48
no_scope,2.0,2.0,project_correct,0.5,0.375,0.6354166666666666,48
no_scope,2.0,2.0,correct,1.5,1.375,1.6354166666666667,48
no_scope,2.0,2.0,incorrect,0.052083333333333336,0.010416666666666666,0.11458333333333333,48
no_scope,2.0,2.0,unfinished,0.4479166666666667,0.3125,0.5833333333333334,48
no_scope,2.0,2.0,questions,1.8645833333333333,1.7604166666666667,1.9583333333333333,48
no_scope,2.0,2.0,repeated_questions,0.0,0.0,0.0,48
no_scope,2.0,2.0,incorrect_scope_transfers,0.0,0.0,0.0,48
no_scope,2.0,2.0,unresolved_responses,0.0,0.0,0.0,48
no_scope,2.0,2.0,scope_questions,0.0,0.0,0.0,48
no_scope,2.0,2.0,predicted_benefit,1.0725225448206854,0.9991470329420122,1.1607445319919758,48
no_scope,2.0,2.0,realized_benefit,1.0520833333333333,0.9479166666666666,1.1770833333333333,48
one_step,2.0,2.0,loss,0.875,0.6666666666666666,1.0835937499999986,48
one_step,2.0,2.0,project_correct,0.3958333333333333,0.2708333333333333,0.5208333333333334,48
one_step,2.0,2.0,correct,1.1770833333333333,0.9791666666666666,1.375,48
one_step,2.0,2.0,incorrect,0.052083333333333336,0.010416666666666666,0.11458333333333333,48
one_step,2.0,2.0,unfinished,0.7708333333333334,0.5729166666666666,0.96875,48
one_step,2.0,2.0,questions,1.4375,1.2395833333333333,1.625,48
one_step,2.0,2.0,repeated_questions,0.0,0.0,0.0,48
one_step,2.0,2.0,incorrect_scope_transfers,0.0,0.0,0.0,48
one_step,2.0,2.0,unresolved_responses,0.0,0.0,0.0,48
one_step,2.0,2.0,scope_questions,0.0,0.0,0.0,48
one_step,2.0,2.0,predicted_benefit,0.8075753343757327,0.6694560124918429,0.9542625885968115,48
one_step,2.0,2.0,realized_benefit,0.7291666666666666,0.57265625,0.90625,48
request_specific,2.0,2.0,loss,0.5520833333333334,0.40625,0.6979166666666666,48
request_specific,2.0,2.0,project_correct,0.5,0.375,0.6354166666666666,48
request_specific,2.0,2.0,correct,1.5,1.375,1.6354166666666667,48
request_specific,2.0,2.0,incorrect,0.052083333333333336,0.010416666666666666,0.11458333333333333,48
request_specific,2.0,2.0,unfinished,0.4479166666666667,0.3125,0.5833333333333334,48
request_specific,2.0,2.0,questions,1.8645833333333333,1.7604166666666667,1.9583333333333333,48
request_specific,2.0,2.0,repeated_questions,0.0,0.0,0.0,48
request_specific,2.0,2.0,incorrect_scope_transfers,0.0,0.0,0.0,48
request_specific,2.0,2.0,unresolved_responses,0.0,0.0,0.0,48
request_specific,2.0,2.0,scope_questions,0.0,0.0,0.0,48
request_specific,2.0,2.0,predicted_benefit,1.0725225448206854,0.9991470329420122,1.1607445319919758,48
request_specific,2.0,2.0,realized_benefit,1.0520833333333333,0.9479166666666666,1.1770833333333333,48
semantic_memory,2.0,2.0,loss,0.6145833333333334,0.4375,0.8125,48
semantic_memory,2.0,2.0,project_correct,0.5208333333333334,0.3958333333333333,0.65625,48
semantic_memory,2.0,2.0,correct,1.46875,1.3125,1.625,48
semantic_memory,2.0,2.0,incorrect,0.08333333333333333,0.020833333333333332,0.16666666666666666,48
semantic_memory,2.0,2.0,unfinished,0.4479166666666667,0.2916666666666667,0.6041666666666666,48
semantic_memory,2.0,2.0,questions,1.6666666666666667,1.5104166666666667,1.8020833333333333,48
semantic_memory,2.0,2.0,repeated_questions,0.0,0.0,0.0,48
semantic_memory,2.0,2.0,incorrect_scope_transfers,0.0,0.0,0.0,48
semantic_memory,2.0,2.0,unresolved_responses,0.0,0.0,0.0,48
semantic_memory,2.0,2.0,scope_questions,0.0,0.0,0.0,48
semantic_memory,2.0,2.0,predicted_benefit,0.9129386326449188,0.7981762167814926,1.0334872198767548,48
semantic_memory,2.0,2.0,realized_benefit,0.9895833333333334,0.8541666666666666,1.1354166666666667,48
completion,4.0,2.0,loss,0.2604166666666667,0.1455729166666667,0.3958333333333333,48
completion,4.0,2.0,project_correct,0.7604166666666666,0.6354166666666666,0.8645833333333334,48
completion,4.0,2.0,correct,1.7604166666666667,1.6354166666666667,1.8645833333333333,48
completion,4.0,2.0,incorrect,0.020833333333333332,0.0,0.0625,48
completion,4.0,2.0,unfinished,0.21875,0.11458333333333333,0.3335937499999986,48
completion,4.0,2.0,questions,3.6875,3.5625,3.8125,48
completion,4.0,2.0,repeated_questions,0.0,0.0,0.0,48
completion,4.0,2.0,incorrect_scope_transfers,0.0,0.0,0.0,48
completion,4.0,2.0,unresolved_responses,0.0,0.0,0.0,48
completion,4.0,2.0,scope_questions,0.0,0.0,0.0,48
completion,4.0,2.0,predicted_benefit,1.4710419946791038,1.331075412700156,1.5986295521394114,48
completion,4.0,2.0,realized_benefit,1.34375,1.15625,1.5104166666666667,48
depth2,4.0,2.0,loss,0.10416666666666667,0.020833333333333332,0.22916666666666666,48
depth2,4.0,2.0,project_correct,0.9166666666666666,0.8333333333333334,0.9791666666666666,48
depth2,4.0,2.0,correct,1.9166666666666667,1.8333333333333333,1.9791666666666667,48
depth2,4.0,2.0,incorrect,0.020833333333333332,0.0,0.0625,48
depth2,4.0,2.0,unfinished,0.0625,0.0,0.125,48
depth2,4.0,2.0,questions,3.5416666666666665,3.3333333333333335,3.7291666666666665,48
depth2,4.0,2.0,repeated_questions,0.0,0.0,0.0,48
depth2,4.0,2.0,incorrect_scope_transfers,0.0,0.0,0.0,48
depth2,4.0,2.0,unresolved_responses,0.0,0.0,0.0,48
depth2,4.0,2.0,scope_questions,0.0,0.0,0.0,48
depth2,4.0,2.0,predicted_benefit,1.5955883865697285,1.4791252602144236,1.7070207275502212,48
depth2,4.0,2.0,realized_benefit,1.5,1.3333333333333333,1.65625,48
depth3,4.0,2.0,loss,0.0625,0.0,0.16666666666666666,48
depth3,4.0,2.0,project_correct,0.9583333333333334,0.8958333333333334,1.0,48
depth3,4.0,2.0,correct,1.9583333333333333,1.8958333333333333,2.0,48
depth3,4.0,2.0,incorrect,0.020833333333333332,0.0,0.0625,48
depth3,4.0,2.0,unfinished,0.020833333333333332,0.0,0.0625,48
depth3,4.0,2.0,questions,3.6458333333333335,3.4791666666666665,3.7916666666666665,48
depth3,4.0,2.0,repeated_questions,0.0,0.0,0.0,48
depth3,4.0,2.0,incorrect_scope_transfers,0.0,0.0,0.0,48
depth3,4.0,2.0,unresolved_responses,0.0,0.0,0.0,48
depth3,4.0,2.0,scope_questions,0.0,0.0,0.0,48
depth3,4.0,2.0,predicted_benefit,1.6315472906793176,1.5245970628039984,1.7316523797214805,48
depth3,4.0,2.0,realized_benefit,1.5416666666666667,1.3854166666666667,1.6875,48
full_history,4.0,2.0,loss,0.2916666666666667,0.125,0.5,48
full_history,4.0,2.0,project_correct,0.8541666666666666,0.75,0.9375,48
full_history,4.0,2.0,correct,1.8541666666666667,1.75,1.9375,48
full_history,4.0,2.0,incorrect,0.14583333333333334,0.0625,0.25,48
full_history,4.0,2.0,unfinished,0.0,0.0,0.0,48
full_history,4.0,2.0,questions,0.03125,0.0,0.08333333333333333,48
full_history,4.0,2.0,repeated_questions,0.0,0.0,0.0,48
full_history,4.0,2.0,incorrect_scope_transfers,0.0,0.0,0.0,48
full_history,4.0,2.0,unresolved_responses,0.0,0.0,0.0,48
full_history,4.0,2.0,scope_questions,0.0,0.0,0.0,48
full_history,4.0,2.0,predicted_benefit,0.03125,0.0,0.08333333333333333,48
full_history,4.0,2.0,realized_benefit,0.03125,0.0,0.08333333333333333,48
generic2,4.0,2.0,loss,0.10416666666666667,0.020833333333333332,0.22916666666666666,48
generic2,4.0,2.0,project_correct,0.9166666666666666,0.8333333333333334,0.9791666666666666,48
generic2,4.0,2.0,correct,1.9166666666666667,1.8333333333333333,1.9791666666666667,48
generic2,4.0,2.0,incorrect,0.020833333333333332,0.0,0.0625,48
generic2,4.0,2.0,unfinished,0.0625,0.0,0.125,48
generic2,4.0,2.0,questions,3.5416666666666665,3.3333333333333335,3.7291666666666665,48
generic2,4.0,2.0,repeated_questions,0.0,0.0,0.0,48
generic2,4.0,2.0,incorrect_scope_transfers,0.0,0.0,0.0,48
generic2,4.0,2.0,unresolved_responses,0.0,0.0,0.0,48
generic2,4.0,2.0,scope_questions,0.0,0.0,0.0,48
generic2,4.0,2.0,predicted_benefit,1.5955883865697285,1.4791252602144236,1.7070207275502212,48
generic2,4.0,2.0,realized_benefit,1.5,1.3333333333333333,1.65625,48
ideal_depth2,4.0,2.0,loss,0.0,0.0,0.0,48
ideal_depth2,4.0,2.0,project_correct,1.0,1.0,1.0,48
ideal_depth2,4.0,2.0,correct,2.0,2.0,2.0,48
ideal_depth2,4.0,2.0,incorrect,0.0,0.0,0.0,48
ideal_depth2,4.0,2.0,unfinished,0.0,0.0,0.0,48
ideal_depth2,4.0,2.0,questions,0.0,0.0,0.0,48
ideal_depth2,4.0,2.0,repeated_questions,0.0,0.0,0.0,48
ideal_depth2,4.0,2.0,incorrect_scope_transfers,0.0,0.0,0.0,48
ideal_depth2,4.0,2.0,unresolved_responses,0.0,0.0,0.0,48
ideal_depth2,4.0,2.0,scope_questions,0.0,0.0,0.0,48
ideal_depth2,4.0,2.0,predicted_benefit,0.0,0.0,0.0,48
ideal_depth2,4.0,2.0,realized_benefit,0.0,0.0,0.0,48
no_scope,4.0,2.0,loss,0.10416666666666667,0.020833333333333332,0.22916666666666666,48
no_scope,4.0,2.0,project_correct,0.9166666666666666,0.8333333333333334,0.9791666666666666,48
no_scope,4.0,2.0,correct,1.9166666666666667,1.8333333333333333,1.9791666666666667,48
no_scope,4.0,2.0,incorrect,0.020833333333333332,0.0,0.0625,48
no_scope,4.0,2.0,unfinished,0.0625,0.0,0.125,48
no_scope,4.0,2.0,questions,3.5416666666666665,3.3333333333333335,3.7291666666666665,48
no_scope,4.0,2.0,repeated_questions,0.0,0.0,0.0,48
no_scope,4.0,2.0,incorrect_scope_transfers,0.0,0.0,0.0,48
no_scope,4.0,2.0,unresolved_responses,0.0,0.0,0.0,48
no_scope,4.0,2.0,scope_questions,0.0,0.0,0.0,48
no_scope,4.0,2.0,predicted_benefit,1.5955883865697285,1.4791252602144236,1.7070207275502212,48
no_scope,4.0,2.0,realized_benefit,1.5,1.3333333333333333,1.65625,48
one_step,4.0,2.0,loss,0.75,0.5520833333333334,0.9479166666666666,48
one_step,4.0,2.0,project_correct,0.4479166666666667,0.3229166666666667,0.5833333333333334,48
one_step,4.0,2.0,correct,1.25,1.0520833333333333,1.4479166666666667,48
one_step,4.0,2.0,incorrect,0.0,0.0,0.0,48
one_step,4.0,2.0,unfinished,0.75,0.5520833333333334,0.9479166666666666,48
one_step,4.0,2.0,questions,2.1666666666666665,1.8020833333333333,2.5520833333333335,48
one_step,4.0,2.0,repeated_questions,0.0,0.0,0.0,48
one_step,4.0,2.0,incorrect_scope_transfers,0.0,0.0,0.0,48
one_step,4.0,2.0,unresolved_responses,0.0,0.0,0.0,48
one_step,4.0,2.0,scope_questions,0.0,0.0,0.0,48
one_step,4.0,2.0,predicted_benefit,0.9371038226360927,0.7760500185909686,1.106410446200681,48
one_step,4.0,2.0,realized_benefit,0.8541666666666666,0.6666666666666666,1.0625,48
request_specific,4.0,2.0,loss,0.10416666666666667,0.020833333333333332,0.22916666666666666,48
request_specific,4.0,2.0,project_correct,0.9166666666666666,0.8333333333333334,0.9791666666666666,48
request_specific,4.0,2.0,correct,1.9166666666666667,1.8333333333333333,1.9791666666666667,48
request_specific,4.0,2.0,incorrect,0.020833333333333332,0.0,0.0625,48
request_specific,4.0,2.0,unfinished,0.0625,0.0,0.125,48
request_specific,4.0,2.0,questions,3.5416666666666665,3.3333333333333335,3.7291666666666665,48
request_specific,4.0,2.0,repeated_questions,0.0,0.0,0.0,48
request_specific,4.0,2.0,incorrect_scope_transfers,0.0,0.0,0.0,48
request_specific,4.0,2.0,unresolved_responses,0.0,0.0,0.0,48
request_specific,4.0,2.0,scope_questions,0.0,0.0,0.0,48
request_specific,4.0,2.0,predicted_benefit,1.5955883865697285,1.4791252602144236,1.7070207275502212,48
request_specific,4.0,2.0,realized_benefit,1.5,1.3333333333333333,1.65625,48
semantic_memory,4.0,2.0,loss,0.1875,0.0625,0.3541666666666667,48
semantic_memory,4.0,2.0,project_correct,0.90625,0.8229166666666666,0.96875,48
semantic_memory,4.0,2.0,correct,1.8958333333333333,1.8020833333333333,1.96875,48
semantic_memory,4.0,2.0,incorrect,0.08333333333333333,0.020833333333333332,0.16666666666666666,48
semantic_memory,4.0,2.0,unfinished,0.020833333333333332,0.0,0.0625,48
semantic_memory,4.0,2.0,questions,2.2916666666666665,1.9895833333333333,2.6041666666666665,48
semantic_memory,4.0,2.0,repeated_questions,0.0,0.0,0.0,48
semantic_memory,4.0,2.0,incorrect_scope_transfers,0.0,0.0,0.0,48
semantic_memory,4.0,2.0,unresolved_responses,0.0,0.0,0.0,48
semantic_memory,4.0,2.0,scope_questions,0.0,0.0,0.0,48
semantic_memory,4.0,2.0,predicted_benefit,1.3371680846997134,1.184742693366364,1.4822411113966283,48
semantic_memory,4.0,2.0,realized_benefit,1.4166666666666667,1.25,1.5729166666666667,48
completion,6.0,2.0,loss,0.0,0.0,0.0,48
completion,6.0,2.0,project_correct,1.0,1.0,1.0,48
completion,6.0,2.0,correct,2.0,2.0,2.0,48
completion,6.0,2.0,incorrect,0.0,0.0,0.0,48
completion,6.0,2.0,unfinished,0.0,0.0,0.0,48
completion,6.0,2.0,questions,3.9791666666666665,3.7708333333333335,4.1875,48
completion,6.0,2.0,repeated_questions,0.0,0.0,0.0,48
completion,6.0,2.0,incorrect_scope_transfers,0.0,0.0,0.0,48
completion,6.0,2.0,unresolved_responses,0.0,0.0,0.0,48
completion,6.0,2.0,scope_questions,0.0,0.0,0.0,48
completion,6.0,2.0,predicted_benefit,1.7050351520593576,1.6014921214340356,1.798085542125317,48
completion,6.0,2.0,realized_benefit,1.6041666666666667,1.4375,1.7604166666666667,48
depth2,6.0,2.0,loss,0.0625,0.0,0.125,48
depth2,6.0,2.0,project_correct,0.9375,0.875,1.0,48
depth2,6.0,2.0,correct,1.9375,1.875,2.0,48
depth2,6.0,2.0,incorrect,0.0,0.0,0.0,48
depth2,6.0,2.0,unfinished,0.0625,0.0,0.125,48
depth2,6.0,2.0,questions,3.7916666666666665,3.5208333333333335,4.0625,48
depth2,6.0,2.0,repeated_questions,0.0,0.0,0.0,48
depth2,6.0,2.0,incorrect_scope_transfers,0.0,0.0,0.0,48
depth2,6.0,2.0,unresolved_responses,0.0,0.0,0.0,48
depth2,6.0,2.0,scope_questions,0.0,0.0,0.0,48
depth2,6.0,2.0,predicted_benefit,1.6425351520593576,1.523022949626606,1.7562864619585574,48
depth2,6.0,2.0,realized_benefit,1.5416666666666667,1.3645833333333333,1.7083333333333333,48
depth3,6.0,2.0,loss,0.0,0.0,0.0,48
depth3,6.0,2.0,project_correct,1.0,1.0,1.0,48
depth3,6.0,2.0,correct,2.0,2.0,2.0,48
depth3,6.0,2.0,incorrect,0.0,0.0,0.0,48
depth3,6.0,2.0,unfinished,0.0,0.0,0.0,48
depth3,6.0,2.0,questions,3.9791666666666665,3.7708333333333335,4.1875,48
depth3,6.0,2.0,repeated_questions,0.0,0.0,0.0,48
depth3,6.0,2.0,incorrect_scope_transfers,0.0,0.0,0.0,48
depth3,6.0,2.0,unresolved_responses,0.0,0.0,0.0,48
depth3,6.0,2.0,scope_questions,0.0,0.0,0.0,48
depth3,6.0,2.0,predicted_benefit,1.7050351520593576,1.6014921214340356,1.798085542125317,48
depth3,6.0,2.0,realized_benefit,1.6041666666666667,1.4375,1.7604166666666667,48
full_history,6.0,2.0,loss,0.2916666666666667,0.125,0.5,48
full_history,6.0,2.0,project_correct,0.8541666666666666,0.75,0.9375,48
full_history,6.0,2.0,correct,1.8541666666666667,1.75,1.9375,48
full_history,6.0,2.0,incorrect,0.14583333333333334,0.0625,0.25,48
full_history,6.0,2.0,unfinished,0.0,0.0,0.0,48
full_history,6.0,2.0,questions,0.03125,0.0,0.08333333333333333,48
full_history,6.0,2.0,repeated_questions,0.0,0.0,0.0,48
full_history,6.0,2.0,incorrect_scope_transfers,0.0,0.0,0.0,48
full_history,6.0,2.0,unresolved_responses,0.0,0.0,0.0,48
full_history,6.0,2.0,scope_questions,0.0,0.0,0.0,48
full_history,6.0,2.0,predicted_benefit,0.03125,0.0,0.08333333333333333,48
full_history,6.0,2.0,realized_benefit,0.03125,0.0,0.08333333333333333,48
generic2,6.0,2.0,loss,0.0625,0.0,0.125,48
generic2,6.0,2.0,project_correct,0.9375,0.875,1.0,48
generic2,6.0,2.0,correct,1.9375,1.875,2.0,48
generic2,6.0,2.0,incorrect,0.0,0.0,0.0,48
generic2,6.0,2.0,unfinished,0.0625,0.0,0.125,48
generic2,6.0,2.0,questions,3.7916666666666665,3.5208333333333335,4.0625,48
generic2,6.0,2.0,repeated_questions,0.0,0.0,0.0,48
generic2,6.0,2.0,incorrect_scope_transfers,0.0,0.0,0.0,48
generic2,6.0,2.0,unresolved_responses,0.0,0.0,0.0,48
generic2,6.0,2.0,scope_questions,0.0,0.0,0.0,48
generic2,6.0,2.0,predicted_benefit,1.6425351520593576,1.523022949626606,1.7562864619585574,48
generic2,6.0,2.0,realized_benefit,1.5416666666666667,1.3645833333333333,1.7083333333333333,48
ideal_depth2,6.0,2.0,loss,0.0,0.0,0.0,48
ideal_depth2,6.0,2.0,project_correct,1.0,1.0,1.0,48
ideal_depth2,6.0,2.0,correct,2.0,2.0,2.0,48
ideal_depth2,6.0,2.0,incorrect,0.0,0.0,0.0,48
ideal_depth2,6.0,2.0,unfinished,0.0,0.0,0.0,48
ideal_depth2,6.0,2.0,questions,0.0,0.0,0.0,48
ideal_depth2,6.0,2.0,repeated_questions,0.0,0.0,0.0,48
ideal_depth2,6.0,2.0,incorrect_scope_transfers,0.0,0.0,0.0,48
ideal_depth2,6.0,2.0,unresolved_responses,0.0,0.0,0.0,48
ideal_depth2,6.0,2.0,scope_questions,0.0,0.0,0.0,48
ideal_depth2,6.0,2.0,predicted_benefit,0.0,0.0,0.0,48
ideal_depth2,6.0,2.0,realized_benefit,0.0,0.0,0.0,48
no_scope,6.0,2.0,loss,0.0625,0.0,0.125,48
no_scope,6.0,2.0,project_correct,0.9375,0.875,1.0,48
no_scope,6.0,2.0,correct,1.9375,1.875,2.0,48
no_scope,6.0,2.0,incorrect,0.0,0.0,0.0,48
no_scope,6.0,2.0,unfinished,0.0625,0.0,0.125,48
no_scope,6.0,2.0,questions,3.7916666666666665,3.5208333333333335,4.0625,48
no_scope,6.0,2.0,repeated_questions,0.0,0.0,0.0,48
no_scope,6.0,2.0,incorrect_scope_transfers,0.0,0.0,0.0,48
no_scope,6.0,2.0,unresolved_responses,0.0,0.0,0.0,48
no_scope,6.0,2.0,scope_questions,0.0,0.0,0.0,48
no_scope,6.0,2.0,predicted_benefit,1.6425351520593576,1.523022949626606,1.7562864619585574,48
no_scope,6.0,2.0,realized_benefit,1.5416666666666667,1.3645833333333333,1.7083333333333333,48
one_step,6.0,2.0,loss,0.75,0.5520833333333334,0.9479166666666666,48
one_step,6.0,2.0,project_correct,0.4479166666666667,0.3229166666666667,0.5833333333333334,48
one_step,6.0,2.0,correct,1.25,1.0520833333333333,1.4479166666666667,48
one_step,6.0,2.0,incorrect,0.0,0.0,0.0,48
one_step,6.0,2.0,unfinished,0.75,0.5520833333333334,0.9479166666666666,48
one_step,6.0,2.0,questions,2.2604166666666665,1.8541666666666667,2.6979166666666665,48
one_step,6.0,2.0,repeated_questions,0.0,0.0,0.0,48
one_step,6.0,2.0,incorrect_scope_transfers,0.0,0.0,0.0,48
one_step,6.0,2.0,unresolved_responses,0.0,0.0,0.0,48
one_step,6.0,2.0,scope_questions,0.0,0.0,0.0,48
one_step,6.0,2.0,predicted_benefit,0.9550351520593576,0.7900179142501019,1.1302663691833266,48
one_step,6.0,2.0,realized_benefit,0.8541666666666666,0.6666666666666666,1.0625,48
request_specific,6.0,2.0,loss,0.0625,0.0,0.125,48
request_specific,6.0,2.0,project_correct,0.9375,0.875,1.0,48
request_specific,6.0,2.0,correct,1.9375,1.875,2.0,48
request_specific,6.0,2.0,incorrect,0.0,0.0,0.0,48
request_specific,6.0,2.0,unfinished,0.0625,0.0,0.125,48
request_specific,6.0,2.0,questions,3.7916666666666665,3.5208333333333335,4.0625,48
request_specific,6.0,2.0,repeated_questions,0.0,0.0,0.0,48
request_specific,6.0,2.0,incorrect_scope_transfers,0.0,0.0,0.0,48
request_specific,6.0,2.0,unresolved_responses,0.0,0.0,0.0,48
request_specific,6.0,2.0,scope_questions,0.0,0.0,0.0,48
request_specific,6.0,2.0,predicted_benefit,1.6425351520593576,1.523022949626606,1.7562864619585574,48
request_specific,6.0,2.0,realized_benefit,1.5416666666666667,1.3645833333333333,1.7083333333333333,48
semantic_memory,6.0,2.0,loss,0.16666666666666666,0.041666666666666664,0.3333333333333333,48
semantic_memory,6.0,2.0,project_correct,0.9270833333333334,0.8541666666666666,0.9791666666666666,48
semantic_memory,6.0,2.0,correct,1.9166666666666667,1.8333333333333333,1.9791666666666667,48
semantic_memory,6.0,2.0,incorrect,0.08333333333333333,0.020833333333333332,0.16666666666666666,48
semantic_memory,6.0,2.0,unfinished,0.0,0.0,0.0,48
semantic_memory,6.0,2.0,questions,2.3125,2.0,2.625,48
semantic_memory,6.0,2.0,repeated_questions,0.0,0.0,0.0,48
semantic_memory,6.0,2.0,incorrect_scope_transfers,0.0,0.0,0.0,48
semantic_memory,6.0,2.0,unresolved_responses,0.0,0.0,0.0,48
semantic_memory,6.0,2.0,scope_questions,0.0,0.0,0.0,48
semantic_memory,6.0,2.0,predicted_benefit,1.3580014180330469,1.207674018064305,1.5045866015631424,48
semantic_memory,6.0,2.0,realized_benefit,1.4375,1.2708333333333333,1.59375,48
completion,unlimited,2.0,loss,0.0,0.0,0.0,48
completion,unlimited,2.0,project_correct,1.0,1.0,1.0,48
completion,unlimited,2.0,correct,2.0,2.0,2.0,48
completion,unlimited,2.0,incorrect,0.0,0.0,0.0,48
completion,unlimited,2.0,unfinished,0.0,0.0,0.0,48
completion,unlimited,2.0,questions,3.9791666666666665,3.7708333333333335,4.1875,48
completion,unlimited,2.0,repeated_questions,0.0,0.0,0.0,48
completion,unlimited,2.0,incorrect_scope_transfers,0.0,0.0,0.0,48
completion,unlimited,2.0,unresolved_responses,0.0,0.0,0.0,48
completion,unlimited,2.0,scope_questions,0.0,0.0,0.0,48
completion,unlimited,2.0,predicted_benefit,1.7050351520593576,1.6014921214340356,1.798085542125317,48
completion,unlimited,2.0,realized_benefit,1.6041666666666667,1.4375,1.7604166666666667,48
depth2,unlimited,2.0,loss,0.0625,0.0,0.125,48
depth2,unlimited,2.0,project_correct,0.9375,0.875,1.0,48
depth2,unlimited,2.0,correct,1.9375,1.875,2.0,48
depth2,unlimited,2.0,incorrect,0.0,0.0,0.0,48
depth2,unlimited,2.0,unfinished,0.0625,0.0,0.125,48
depth2,unlimited,2.0,questions,3.7916666666666665,3.5208333333333335,4.0625,48
depth2,unlimited,2.0,repeated_questions,0.0,0.0,0.0,48
depth2,unlimited,2.0,incorrect_scope_transfers,0.0,0.0,0.0,48
depth2,unlimited,2.0,unresolved_responses,0.0,0.0,0.0,48
depth2,unlimited,2.0,scope_questions,0.0,0.0,0.0,48
depth2,unlimited,2.0,predicted_benefit,1.6425351520593576,1.523022949626606,1.7562864619585574,48
depth2,unlimited,2.0,realized_benefit,1.5416666666666667,1.3645833333333333,1.7083333333333333,48
depth3,unlimited,2.0,loss,0.0,0.0,0.0,48
depth3,unlimited,2.0,project_correct,1.0,1.0,1.0,48
depth3,unlimited,2.0,correct,2.0,2.0,2.0,48
depth3,unlimited,2.0,incorrect,0.0,0.0,0.0,48
depth3,unlimited,2.0,unfinished,0.0,0.0,0.0,48
depth3,unlimited,2.0,questions,3.9791666666666665,3.7708333333333335,4.1875,48
depth3,unlimited,2.0,repeated_questions,0.0,0.0,0.0,48
depth3,unlimited,2.0,incorrect_scope_transfers,0.0,0.0,0.0,48
depth3,unlimited,2.0,unresolved_responses,0.0,0.0,0.0,48
depth3,unlimited,2.0,scope_questions,0.0,0.0,0.0,48
depth3,unlimited,2.0,predicted_benefit,1.7050351520593576,1.6014921214340356,1.798085542125317,48
depth3,unlimited,2.0,realized_benefit,1.6041666666666667,1.4375,1.7604166666666667,48
full_history,unlimited,2.0,loss,0.2916666666666667,0.125,0.5,48
full_history,unlimited,2.0,project_correct,0.8541666666666666,0.75,0.9375,48
full_history,unlimited,2.0,correct,1.8541666666666667,1.75,1.9375,48
full_history,unlimited,2.0,incorrect,0.14583333333333334,0.0625,0.25,48
full_history,unlimited,2.0,unfinished,0.0,0.0,0.0,48
full_history,unlimited,2.0,questions,0.03125,0.0,0.08333333333333333,48
full_history,unlimited,2.0,repeated_questions,0.0,0.0,0.0,48
full_history,unlimited,2.0,incorrect_scope_transfers,0.0,0.0,0.0,48
full_history,unlimited,2.0,unresolved_responses,0.0,0.0,0.0,48
full_history,unlimited,2.0,scope_questions,0.0,0.0,0.0,48
full_history,unlimited,2.0,predicted_benefit,0.03125,0.0,0.08333333333333333,48
full_history,unlimited,2.0,realized_benefit,0.03125,0.0,0.08333333333333333,48
generic2,unlimited,2.0,loss,0.0625,0.0,0.125,48
generic2,unlimited,2.0,project_correct,0.9375,0.875,1.0,48
generic2,unlimited,2.0,correct,1.9375,1.875,2.0,48
generic2,unlimited,2.0,incorrect,0.0,0.0,0.0,48
generic2,unlimited,2.0,unfinished,0.0625,0.0,0.125,48
generic2,unlimited,2.0,questions,3.7916666666666665,3.5208333333333335,4.0625,48
generic2,unlimited,2.0,repeated_questions,0.0,0.0,0.0,48
generic2,unlimited,2.0,incorrect_scope_transfers,0.0,0.0,0.0,48
generic2,unlimited,2.0,unresolved_responses,0.0,0.0,0.0,48
generic2,unlimited,2.0,scope_questions,0.0,0.0,0.0,48
generic2,unlimited,2.0,predicted_benefit,1.6425351520593576,1.523022949626606,1.7562864619585574,48
generic2,unlimited,2.0,realized_benefit,1.5416666666666667,1.3645833333333333,1.7083333333333333,48
ideal_depth2,unlimited,2.0,loss,0.0,0.0,0.0,48
ideal_depth2,unlimited,2.0,project_correct,1.0,1.0,1.0,48
ideal_depth2,unlimited,2.0,correct,2.0,2.0,2.0,48
ideal_depth2,unlimited,2.0,incorrect,0.0,0.0,0.0,48
ideal_depth2,unlimited,2.0,unfinished,0.0,0.0,0.0,48
ideal_depth2,unlimited,2.0,questions,0.0,0.0,0.0,48
ideal_depth2,unlimited,2.0,repeated_questions,0.0,0.0,0.0,48
ideal_depth2,unlimited,2.0,incorrect_scope_transfers,0.0,0.0,0.0,48
ideal_depth2,unlimited,2.0,unresolved_responses,0.0,0.0,0.0,48
ideal_depth2,unlimited,2.0,scope_questions,0.0,0.0,0.0,48
ideal_depth2,unlimited,2.0,predicted_benefit,0.0,0.0,0.0,48
ideal_depth2,unlimited,2.0,realized_benefit,0.0,0.0,0.0,48
no_scope,unlimited,2.0,loss,0.0625,0.0,0.125,48
no_scope,unlimited,2.0,project_correct,0.9375,0.875,1.0,48
no_scope,unlimited,2.0,correct,1.9375,1.875,2.0,48
no_scope,unlimited,2.0,incorrect,0.0,0.0,0.0,48
no_scope,unlimited,2.0,unfinished,0.0625,0.0,0.125,48
no_scope,unlimited,2.0,questions,3.7916666666666665,3.5208333333333335,4.0625,48
no_scope,unlimited,2.0,repeated_questions,0.0,0.0,0.0,48
no_scope,unlimited,2.0,incorrect_scope_transfers,0.0,0.0,0.0,48
no_scope,unlimited,2.0,unresolved_responses,0.0,0.0,0.0,48
no_scope,unlimited,2.0,scope_questions,0.0,0.0,0.0,48
no_scope,unlimited,2.0,predicted_benefit,1.6425351520593576,1.523022949626606,1.7562864619585574,48
no_scope,unlimited,2.0,realized_benefit,1.5416666666666667,1.3645833333333333,1.7083333333333333,48
one_step,unlimited,2.0,loss,0.75,0.5520833333333334,0.9479166666666666,48
one_step,unlimited,2.0,project_correct,0.4479166666666667,0.3229166666666667,0.5833333333333334,48
one_step,unlimited,2.0,correct,1.25,1.0520833333333333,1.4479166666666667,48
one_step,unlimited,2.0,incorrect,0.0,0.0,0.0,48
one_step,unlimited,2.0,unfinished,0.75,0.5520833333333334,0.9479166666666666,48
one_step,unlimited,2.0,questions,2.2604166666666665,1.8541666666666667,2.6979166666666665,48
one_step,unlimited,2.0,repeated_questions,0.0,0.0,0.0,48
one_step,unlimited,2.0,incorrect_scope_transfers,0.0,0.0,0.0,48
one_step,unlimited,2.0,unresolved_responses,0.0,0.0,0.0,48
one_step,unlimited,2.0,scope_questions,0.0,0.0,0.0,48
one_step,unlimited,2.0,predicted_benefit,0.9550351520593576,0.7900179142501019,1.1302663691833266,48
one_step,unlimited,2.0,realized_benefit,0.8541666666666666,0.6666666666666666,1.0625,48
request_specific,unlimited,2.0,loss,0.0625,0.0,0.125,48
request_specific,unlimited,2.0,project_correct,0.9375,0.875,1.0,48
request_specific,unlimited,2.0,correct,1.9375,1.875,2.0,48
request_specific,unlimited,2.0,incorrect,0.0,0.0,0.0,48
request_specific,unlimited,2.0,unfinished,0.0625,0.0,0.125,48
request_specific,unlimited,2.0,questions,3.7916666666666665,3.5208333333333335,4.0625,48
request_specific,unlimited,2.0,repeated_questions,0.0,0.0,0.0,48
request_specific,unlimited,2.0,incorrect_scope_transfers,0.0,0.0,0.0,48
request_specific,unlimited,2.0,unresolved_responses,0.0,0.0,0.0,48
request_specific,unlimited,2.0,scope_questions,0.0,0.0,0.0,48
request_specific,unlimited,2.0,predicted_benefit,1.6425351520593576,1.523022949626606,1.7562864619585574,48
request_specific,unlimited,2.0,realized_benefit,1.5416666666666667,1.3645833333333333,1.7083333333333333,48
semantic_memory,unlimited,2.0,loss,0.16666666666666666,0.041666666666666664,0.3333333333333333,48
semantic_memory,unlimited,2.0,project_correct,0.9270833333333334,0.8541666666666666,0.9791666666666666,48
semantic_memory,unlimited,2.0,correct,1.9166666666666667,1.8333333333333333,1.9791666666666667,48
semantic_memory,unlimited,2.0,incorrect,0.08333333333333333,0.020833333333333332,0.16666666666666666,48
semantic_memory,unlimited,2.0,unfinished,0.0,0.0,0.0,48
semantic_memory,unlimited,2.0,questions,2.3125,2.0,2.625,48
semantic_memory,unlimited,2.0,repeated_questions,0.0,0.0,0.0,48
semantic_memory,unlimited,2.0,incorrect_scope_transfers,0.0,0.0,0.0,48
semantic_memory,unlimited,2.0,unresolved_responses,0.0,0.0,0.0,48
semantic_memory,unlimited,2.0,scope_questions,0.0,0.0,0.0,48
semantic_memory,unlimited,2.0,predicted_benefit,1.3580014180330469,1.207674018064305,1.5045866015631424,48
semantic_memory,unlimited,2.0,realized_benefit,1.4375,1.2708333333333333,1.59375,48
completion,0.0,4.0,loss,1.71875,1.5416666666666667,1.8854166666666667,48
completion,0.0,4.0,project_correct,0.020833333333333332,0.0,0.0625,48
completion,0.0,4.0,correct,0.34375,0.20833333333333334,0.4898437499999986,48
completion,0.0,4.0,incorrect,0.020833333333333332,0.0,0.052083333333333336,48
completion,0.0,4.0,unfinished,1.6354166666666667,1.4895833333333333,1.7708333333333333,48
completion,0.0,4.0,questions,0.0,0.0,0.0,48
completion,0.0,4.0,repeated_questions,0.0,0.0,0.0,48
completion,0.0,4.0,incorrect_scope_transfers,0.0,0.0,0.0,48
completion,0.0,4.0,unresolved_responses,0.0,0.0,0.0,48
completion,0.0,4.0,scope_questions,0.0,0.0,0.0,48
completion,0.0,4.0,predicted_benefit,0.0,0.0,0.0,48
completion,0.0,4.0,realized_benefit,0.0,0.0,0.0,48
depth2,0.0,4.0,loss,1.71875,1.5416666666666667,1.8854166666666667,48
depth2,0.0,4.0,project_correct,0.020833333333333332,0.0,0.0625,48
depth2,0.0,4.0,correct,0.34375,0.20833333333333334,0.4898437499999986,48
depth2,0.0,4.0,incorrect,0.020833333333333332,0.0,0.052083333333333336,48
depth2,0.0,4.0,unfinished,1.6354166666666667,1.4895833333333333,1.7708333333333333,48
depth2,0.0,4.0,questions,0.0,0.0,0.0,48
depth2,0.0,4.0,repeated_questions,0.0,0.0,0.0,48
depth2,0.0,4.0,incorrect_scope_transfers,0.0,0.0,0.0,48
depth2,0.0,4.0,unresolved_responses,0.0,0.0,0.0,48
depth2,0.0,4.0,scope_questions,0.0,0.0,0.0,48
depth2,0.0,4.0,predicted_benefit,0.0,0.0,0.0,48
depth2,0.0,4.0,realized_benefit,0.0,0.0,0.0,48
depth3,0.0,4.0,loss,1.71875,1.5416666666666667,1.8854166666666667,48
depth3,0.0,4.0,project_correct,0.020833333333333332,0.0,0.0625,48
depth3,0.0,4.0,correct,0.34375,0.20833333333333334,0.4898437499999986,48
depth3,0.0,4.0,incorrect,0.020833333333333332,0.0,0.052083333333333336,48
depth3,0.0,4.0,unfinished,1.6354166666666667,1.4895833333333333,1.7708333333333333,48
depth3,0.0,4.0,questions,0.0,0.0,0.0,48
depth3,0.0,4.0,repeated_questions,0.0,0.0,0.0,48
depth3,0.0,4.0,incorrect_scope_transfers,0.0,0.0,0.0,48
depth3,0.0,4.0,unresolved_responses,0.0,0.0,0.0,48
depth3,0.0,4.0,scope_questions,0.0,0.0,0.0,48
depth3,0.0,4.0,predicted_benefit,0.0,0.0,0.0,48
depth3,0.0,4.0,realized_benefit,0.0,0.0,0.0,48
full_history,0.0,4.0,loss,0.8854166666666666,0.5934895833333333,1.2395833333333333,48
full_history,0.0,4.0,project_correct,0.4583333333333333,0.32265625000000003,0.59375,48
full_history,0.0,4.0,correct,1.4270833333333333,1.2708333333333333,1.5833333333333333,48
full_history,0.0,4.0,incorrect,0.10416666666666667,0.03125,0.19791666666666666,48
full_history,0.0,4.0,unfinished,0.46875,0.3229166666666667,0.625,48
full_history,0.0,4.0,questions,0.0,0.0,0.0,48
full_history,0.0,4.0,repeated_questions,0.0,0.0,0.0,48
full_history,0.0,4.0,incorrect_scope_transfers,0.0,0.0,0.0,48
full_history,0.0,4.0,unresolved_responses,0.0,0.0,0.0,48
full_history,0.0,4.0,scope_questions,0.0,0.0,0.0,48
full_history,0.0,4.0,predicted_benefit,0.0,0.0,0.0,48
full_history,0.0,4.0,realized_benefit,0.0,0.0,0.0,48
generic2,0.0,4.0,loss,1.71875,1.5416666666666667,1.8854166666666667,48
generic2,0.0,4.0,project_correct,0.020833333333333332,0.0,0.0625,48
generic2,0.0,4.0,correct,0.34375,0.20833333333333334,0.4898437499999986,48
generic2,0.0,4.0,incorrect,0.020833333333333332,0.0,0.052083333333333336,48
generic2,0.0,4.0,unfinished,1.6354166666666667,1.4895833333333333,1.7708333333333333,48
generic2,0.0,4.0,questions,0.0,0.0,0.0,48
generic2,0.0,4.0,repeated_questions,0.0,0.0,0.0,48
generic2,0.0,4.0,incorrect_scope_transfers,0.0,0.0,0.0,48
generic2,0.0,4.0,unresolved_responses,0.0,0.0,0.0,48
generic2,0.0,4.0,scope_questions,0.0,0.0,0.0,48
generic2,0.0,4.0,predicted_benefit,0.0,0.0,0.0,48
generic2,0.0,4.0,realized_benefit,0.0,0.0,0.0,48
ideal_depth2,0.0,4.0,loss,0.0,0.0,0.0,48
ideal_depth2,0.0,4.0,project_correct,1.0,1.0,1.0,48
ideal_depth2,0.0,4.0,correct,2.0,2.0,2.0,48
ideal_depth2,0.0,4.0,incorrect,0.0,0.0,0.0,48
ideal_depth2,0.0,4.0,unfinished,0.0,0.0,0.0,48
ideal_depth2,0.0,4.0,questions,0.0,0.0,0.0,48
ideal_depth2,0.0,4.0,repeated_questions,0.0,0.0,0.0,48
ideal_depth2,0.0,4.0,incorrect_scope_transfers,0.0,0.0,0.0,48
ideal_depth2,0.0,4.0,unresolved_responses,0.0,0.0,0.0,48
ideal_depth2,0.0,4.0,scope_questions,0.0,0.0,0.0,48
ideal_depth2,0.0,4.0,predicted_benefit,0.0,0.0,0.0,48
ideal_depth2,0.0,4.0,realized_benefit,0.0,0.0,0.0,48
no_scope,0.0,4.0,loss,1.71875,1.5416666666666667,1.8854166666666667,48
no_scope,0.0,4.0,project_correct,0.020833333333333332,0.0,0.0625,48
no_scope,0.0,4.0,correct,0.34375,0.20833333333333334,0.4898437499999986,48
no_scope,0.0,4.0,incorrect,0.020833333333333332,0.0,0.052083333333333336,48
no_scope,0.0,4.0,unfinished,1.6354166666666667,1.4895833333333333,1.7708333333333333,48
no_scope,0.0,4.0,questions,0.0,0.0,0.0,48
no_scope,0.0,4.0,repeated_questions,0.0,0.0,0.0,48
no_scope,0.0,4.0,incorrect_scope_transfers,0.0,0.0,0.0,48
no_scope,0.0,4.0,unresolved_responses,0.0,0.0,0.0,48
no_scope,0.0,4.0,scope_questions,0.0,0.0,0.0,48
no_scope,0.0,4.0,predicted_benefit,0.0,0.0,0.0,48
no_scope,0.0,4.0,realized_benefit,0.0,0.0,0.0,48
one_step,0.0,4.0,loss,1.71875,1.5416666666666667,1.8854166666666667,48
one_step,0.0,4.0,project_correct,0.020833333333333332,0.0,0.0625,48
one_step,0.0,4.0,correct,0.34375,0.20833333333333334,0.4898437499999986,48
one_step,0.0,4.0,incorrect,0.020833333333333332,0.0,0.052083333333333336,48
one_step,0.0,4.0,unfinished,1.6354166666666667,1.4895833333333333,1.7708333333333333,48
one_step,0.0,4.0,questions,0.0,0.0,0.0,48
one_step,0.0,4.0,repeated_questions,0.0,0.0,0.0,48
one_step,0.0,4.0,incorrect_scope_transfers,0.0,0.0,0.0,48
one_step,0.0,4.0,unresolved_responses,0.0,0.0,0.0,48
one_step,0.0,4.0,scope_questions,0.0,0.0,0.0,48
one_step,0.0,4.0,predicted_benefit,0.0,0.0,0.0,48
one_step,0.0,4.0,realized_benefit,0.0,0.0,0.0,48
request_specific,0.0,4.0,loss,1.71875,1.5416666666666667,1.8854166666666667,48
request_specific,0.0,4.0,project_correct,0.020833333333333332,0.0,0.0625,48
request_specific,0.0,4.0,correct,0.34375,0.20833333333333334,0.4898437499999986,48
request_specific,0.0,4.0,incorrect,0.020833333333333332,0.0,0.052083333333333336,48
request_specific,0.0,4.0,unfinished,1.6354166666666667,1.4895833333333333,1.7708333333333333,48
request_specific,0.0,4.0,questions,0.0,0.0,0.0,48
request_specific,0.0,4.0,repeated_questions,0.0,0.0,0.0,48
request_specific,0.0,4.0,incorrect_scope_transfers,0.0,0.0,0.0,48
request_specific,0.0,4.0,unresolved_responses,0.0,0.0,0.0,48
request_specific,0.0,4.0,scope_questions,0.0,0.0,0.0,48
request_specific,0.0,4.0,predicted_benefit,0.0,0.0,0.0,48
request_specific,0.0,4.0,realized_benefit,0.0,0.0,0.0,48
semantic_memory,0.0,4.0,loss,1.71875,1.5416666666666667,1.8854166666666667,48
semantic_memory,0.0,4.0,project_correct,0.020833333333333332,0.0,0.0625,48
semantic_memory,0.0,4.0,correct,0.34375,0.20833333333333334,0.4898437499999986,48
semantic_memory,0.0,4.0,incorrect,0.020833333333333332,0.0,0.052083333333333336,48
semantic_memory,0.0,4.0,unfinished,1.6354166666666667,1.4895833333333333,1.7708333333333333,48
semantic_memory,0.0,4.0,questions,0.0,0.0,0.0,48
semantic_memory,0.0,4.0,repeated_questions,0.0,0.0,0.0,48
semantic_memory,0.0,4.0,incorrect_scope_transfers,0.0,0.0,0.0,48
semantic_memory,0.0,4.0,unresolved_responses,0.0,0.0,0.0,48
semantic_memory,0.0,4.0,scope_questions,0.0,0.0,0.0,48
semantic_memory,0.0,4.0,predicted_benefit,0.0,0.0,0.0,48
semantic_memory,0.0,4.0,realized_benefit,0.0,0.0,0.0,48
completion,1.0,4.0,loss,1.2395833333333333,1.0625,1.4166666666666667,48
completion,1.0,4.0,project_correct,0.13541666666666666,0.052083333333333336,0.22916666666666666,48
completion,1.0,4.0,correct,0.7916666666666666,0.625,0.9583333333333334,48
completion,1.0,4.0,incorrect,0.010416666666666666,0.0,0.03125,48
completion,1.0,4.0,unfinished,1.1979166666666667,1.03125,1.3645833333333333,48
completion,1.0,4.0,questions,1.0,1.0,1.0,48
completion,1.0,4.0,repeated_questions,0.0,0.0,0.0,48
completion,1.0,4.0,incorrect_scope_transfers,0.0,0.0,0.0,48
completion,1.0,4.0,unresolved_responses,0.0,0.0,0.0,48
completion,1.0,4.0,scope_questions,0.0,0.0,0.0,48
completion,1.0,4.0,predicted_benefit,0.4878802511307536,0.3672657023134283,0.6098072050121833,48
completion,1.0,4.0,realized_benefit,0.4791666666666667,0.3229166666666667,0.6458333333333334,48
depth2,1.0,4.0,loss,1.125,0.9166666666666666,1.3645833333333333,48
depth2,1.0,4.0,project_correct,0.19791666666666666,0.09375,0.3125,48
depth2,1.0,4.0,correct,0.96875,0.8020833333333334,1.1354166666666667,48
depth2,1.0,4.0,incorrect,0.03125,0.0,0.08333333333333333,48
depth2,1.0,4.0,unfinished,1.0,0.8229166666666666,1.1666666666666667,48
depth2,1.0,4.0,questions,0.78125,0.6770833333333334,0.8752604166666652,48
depth2,1.0,4.0,repeated_questions,0.0,0.0,0.0,48
depth2,1.0,4.0,incorrect_scope_transfers,0.0,0.0,0.0,48
depth2,1.0,4.0,unresolved_responses,0.0,0.0,0.0,48
depth2,1.0,4.0,scope_questions,0.0,0.0,0.0,48
depth2,1.0,4.0,predicted_benefit,0.5771322888741476,0.4725304831909152,0.6777766317074332,48
depth2,1.0,4.0,realized_benefit,0.59375,0.4479166666666667,0.7291666666666666,48
depth3,1.0,4.0,loss,1.125,0.9166666666666666,1.3645833333333333,48
depth3,1.0,4.0,project_correct,0.19791666666666666,0.09375,0.3125,48
depth3,1.0,4.0,correct,0.96875,0.8020833333333334,1.1354166666666667,48
depth3,1.0,4.0,incorrect,0.03125,0.0,0.08333333333333333,48
depth3,1.0,4.0,unfinished,1.0,0.8229166666666666,1.1666666666666667,48
depth3,1.0,4.0,questions,0.78125,0.6770833333333334,0.8752604166666652,48
depth3,1.0,4.0,repeated_questions,0.0,0.0,0.0,48
depth3,1.0,4.0,incorrect_scope_transfers,0.0,0.0,0.0,48
depth3,1.0,4.0,unresolved_responses,0.0,0.0,0.0,48
depth3,1.0,4.0,scope_questions,0.0,0.0,0.0,48
depth3,1.0,4.0,predicted_benefit,0.5771322888741476,0.4725304831909152,0.6777766317074332,48
depth3,1.0,4.0,realized_benefit,0.59375,0.4479166666666667,0.7291666666666666,48
full_history,1.0,4.0,loss,0.8541666666666666,0.5625,1.2083333333333333,48
full_history,1.0,4.0,project_correct,0.46875,0.3229166666666667,0.6041666666666666,48
full_history,1.0,4.0,correct,1.4583333333333333,1.3125,1.6041666666666667,48
full_history,1.0,4.0,incorrect,0.10416666666666667,0.03125,0.19791666666666666,48
full_history,1.0,4.0,unfinished,0.4375,0.3125,0.5833333333333334,48
full_history,1.0,4.0,questions,0.03125,0.0,0.08333333333333333,48
full_history,1.0,4.0,repeated_questions,0.0,0.0,0.0,48
full_history,1.0,4.0,incorrect_scope_transfers,0.0,0.0,0.0,48
full_history,1.0,4.0,unresolved_responses,0.0,0.0,0.0,48
full_history,1.0,4.0,scope_questions,0.0,0.0,0.0,48
full_history,1.0,4.0,predicted_benefit,0.03125,0.0,0.08333333333333333,48
full_history,1.0,4.0,realized_benefit,0.03125,0.0,0.08333333333333333,48
generic2,1.0,4.0,loss,1.125,0.9166666666666666,1.3645833333333333,48
generic2,1.0,4.0,project_correct,0.19791666666666666,0.09375,0.3125,48
generic2,1.0,4.0,correct,0.96875,0.8020833333333334,1.1354166666666667,48
generic2,1.0,4.0,incorrect,0.03125,0.0,0.08333333333333333,48
generic2,1.0,4.0,unfinished,1.0,0.8229166666666666,1.1666666666666667,48
generic2,1.0,4.0,questions,0.78125,0.6770833333333334,0.8752604166666652,48
generic2,1.0,4.0,repeated_questions,0.0,0.0,0.0,48
generic2,1.0,4.0,incorrect_scope_transfers,0.0,0.0,0.0,48
generic2,1.0,4.0,unresolved_responses,0.0,0.0,0.0,48
generic2,1.0,4.0,scope_questions,0.0,0.0,0.0,48
generic2,1.0,4.0,predicted_benefit,0.5771322888741476,0.4725304831909152,0.6777766317074332,48
generic2,1.0,4.0,realized_benefit,0.59375,0.4479166666666667,0.7291666666666666,48
ideal_depth2,1.0,4.0,loss,0.0,0.0,0.0,48
ideal_depth2,1.0,4.0,project_correct,1.0,1.0,1.0,48
ideal_depth2,1.0,4.0,correct,2.0,2.0,2.0,48
ideal_depth2,1.0,4.0,incorrect,0.0,0.0,0.0,48
ideal_depth2,1.0,4.0,unfinished,0.0,0.0,0.0,48
ideal_depth2,1.0,4.0,questions,0.0,0.0,0.0,48
ideal_depth2,1.0,4.0,repeated_questions,0.0,0.0,0.0,48
ideal_depth2,1.0,4.0,incorrect_scope_transfers,0.0,0.0,0.0,48
ideal_depth2,1.0,4.0,unresolved_responses,0.0,0.0,0.0,48
ideal_depth2,1.0,4.0,scope_questions,0.0,0.0,0.0,48
ideal_depth2,1.0,4.0,predicted_benefit,0.0,0.0,0.0,48
ideal_depth2,1.0,4.0,realized_benefit,0.0,0.0,0.0,48
no_scope,1.0,4.0,loss,1.125,0.9166666666666666,1.3645833333333333,48
no_scope,1.0,4.0,project_correct,0.19791666666666666,0.09375,0.3125,48
no_scope,1.0,4.0,correct,0.96875,0.8020833333333334,1.1354166666666667,48
no_scope,1.0,4.0,incorrect,0.03125,0.0,0.08333333333333333,48
no_scope,1.0,4.0,unfinished,1.0,0.8229166666666666,1.1666666666666667,48
no_scope,1.0,4.0,questions,0.78125,0.6770833333333334,0.8752604166666652,48
no_scope,1.0,4.0,repeated_questions,0.0,0.0,0.0,48
no_scope,1.0,4.0,incorrect_scope_transfers,0.0,0.0,0.0,48
no_scope,1.0,4.0,unresolved_responses,0.0,0.0,0.0,48
no_scope,1.0,4.0,scope_questions,0.0,0.0,0.0,48
no_scope,1.0,4.0,predicted_benefit,0.5771322888741476,0.4725304831909152,0.6777766317074332,48
no_scope,1.0,4.0,realized_benefit,0.59375,0.4479166666666667,0.7291666666666666,48
one_step,1.0,4.0,loss,1.125,0.9166666666666666,1.3645833333333333,48
one_step,1.0,4.0,project_correct,0.19791666666666666,0.09375,0.3125,48
one_step,1.0,4.0,correct,0.96875,0.8020833333333334,1.1354166666666667,48
one_step,1.0,4.0,incorrect,0.03125,0.0,0.08333333333333333,48
one_step,1.0,4.0,unfinished,1.0,0.8229166666666666,1.1666666666666667,48
one_step,1.0,4.0,questions,0.78125,0.6770833333333334,0.8752604166666652,48
one_step,1.0,4.0,repeated_questions,0.0,0.0,0.0,48
one_step,1.0,4.0,incorrect_scope_transfers,0.0,0.0,0.0,48
one_step,1.0,4.0,unresolved_responses,0.0,0.0,0.0,48
one_step,1.0,4.0,scope_questions,0.0,0.0,0.0,48
one_step,1.0,4.0,predicted_benefit,0.5771322888741476,0.4725304831909152,0.6777766317074332,48
one_step,1.0,4.0,realized_benefit,0.59375,0.4479166666666667,0.7291666666666666,48
request_specific,1.0,4.0,loss,1.125,0.9166666666666666,1.3645833333333333,48
request_specific,1.0,4.0,project_correct,0.19791666666666666,0.09375,0.3125,48
request_specific,1.0,4.0,correct,0.96875,0.8020833333333334,1.1354166666666667,48
request_specific,1.0,4.0,incorrect,0.03125,0.0,0.08333333333333333,48
request_specific,1.0,4.0,unfinished,1.0,0.8229166666666666,1.1666666666666667,48
request_specific,1.0,4.0,questions,0.78125,0.6770833333333334,0.8752604166666652,48
request_specific,1.0,4.0,repeated_questions,0.0,0.0,0.0,48
request_specific,1.0,4.0,incorrect_scope_transfers,0.0,0.0,0.0,48
request_specific,1.0,4.0,unresolved_responses,0.0,0.0,0.0,48
request_specific,1.0,4.0,scope_questions,0.0,0.0,0.0,48
request_specific,1.0,4.0,predicted_benefit,0.5771322888741476,0.4725304831909152,0.6777766317074332,48
request_specific,1.0,4.0,realized_benefit,0.59375,0.4479166666666667,0.7291666666666666,48
semantic_memory,1.0,4.0,loss,1.34375,1.0830729166666666,1.625,48
semantic_memory,1.0,4.0,project_correct,0.22916666666666666,0.125,0.34375,48
semantic_memory,1.0,4.0,correct,0.75,0.5416666666666666,0.9791666666666666,48
semantic_memory,1.0,4.0,incorrect,0.03125,0.0,0.08333333333333333,48
semantic_memory,1.0,4.0,unfinished,1.21875,1.0,1.4270833333333333,48
semantic_memory,1.0,4.0,questions,0.9479166666666666,0.8854166666666666,0.9895833333333334,48
semantic_memory,1.0,4.0,repeated_questions,0.0,0.0,0.0,48
semantic_memory,1.0,4.0,incorrect_scope_transfers,0.0,0.0,0.0,48
semantic_memory,1.0,4.0,unresolved_responses,0.0,0.0,0.0,48
semantic_memory,1.0,4.0,scope_questions,0.0,0.0,0.0,48
semantic_memory,1.0,4.0,predicted_benefit,0.2633791444587133,0.17447540763446037,0.3557392676947656,48
semantic_memory,1.0,4.0,realized_benefit,0.375,0.22916666666666666,0.5208333333333334,48
completion,2.0,4.0,loss,0.8020833333333334,0.6666666666666666,0.9273437499999986,48
completion,2.0,4.0,project_correct,0.22916666666666666,0.11458333333333333,0.3541666666666667,48
completion,2.0,4.0,correct,1.2291666666666667,1.1145833333333333,1.3541666666666667,48
completion,2.0,4.0,incorrect,0.010416666666666666,0.0,0.03125,48
completion,2.0,4.0,unfinished,0.7604166666666666,0.6354166666666666,0.875,48
completion,2.0,4.0,questions,2.0,2.0,2.0,48
completion,2.0,4.0,repeated_questions,0.0,0.0,0.0,48
completion,2.0,4.0,incorrect_scope_transfers,0.0,0.0,0.0,48
completion,2.0,4.0,unresolved_responses,0.0,0.0,0.0,48
completion,2.0,4.0,scope_questions,0.0,0.0,0.0,48
completion,2.0,4.0,predicted_benefit,0.9948555868370877,0.9588860951933764,1.0285516499866743,48
completion,2.0,4.0,realized_benefit,0.9166666666666666,0.8020833333333334,1.03125,48
depth2,2.0,4.0,loss,0.65625,0.4895833333333333,0.8333333333333334,48
depth2,2.0,4.0,project_correct,0.40625,0.28098958333333335,0.5416666666666666,48
depth2,2.0,4.0,correct,1.40625,1.2809895833333333,1.5416666666666667,48
depth2,2.0,4.0,incorrect,0.020833333333333332,0.0,0.052083333333333336,48
depth2,2.0,4.0,unfinished,0.5729166666666666,0.4375,0.7083333333333334,48
depth2,2.0,4.0,questions,1.84375,1.7395833333333333,1.9375,48
depth2,2.0,4.0,repeated_questions,0.0,0.0,0.0,48
depth2,2.0,4.0,incorrect_scope_transfers,0.0,0.0,0.0,48
depth2,2.0,4.0,unresolved_responses,0.0,0.0,0.0,48
depth2,2.0,4.0,scope_questions,0.0,0.0,0.0,48
depth2,2.0,4.0,predicted_benefit,1.088697566531686,1.029715778887872,1.1535708620704452,48
depth2,2.0,4.0,realized_benefit,1.0625,0.9583333333333334,1.1666666666666667,48
depth3,2.0,4.0,loss,0.65625,0.4895833333333333,0.8333333333333334,48
depth3,2.0,4.0,project_correct,0.40625,0.28098958333333335,0.5416666666666666,48
depth3,2.0,4.0,correct,1.40625,1.2809895833333333,1.5416666666666667,48
depth3,2.0,4.0,incorrect,0.020833333333333332,0.0,0.052083333333333336,48
depth3,2.0,4.0,unfinished,0.5729166666666666,0.4375,0.7083333333333334,48
depth3,2.0,4.0,questions,1.84375,1.7395833333333333,1.9375,48
depth3,2.0,4.0,repeated_questions,0.0,0.0,0.0,48
depth3,2.0,4.0,incorrect_scope_transfers,0.0,0.0,0.0,48
depth3,2.0,4.0,unresolved_responses,0.0,0.0,0.0,48
depth3,2.0,4.0,scope_questions,0.0,0.0,0.0,48
depth3,2.0,4.0,predicted_benefit,1.088697566531686,1.029715778887872,1.1535708620704452,48
depth3,2.0,4.0,realized_benefit,1.0625,0.9583333333333334,1.1666666666666667,48
full_history,2.0,4.0,loss,0.8541666666666666,0.5625,1.2083333333333333,48
full_history,2.0,4.0,project_correct,0.46875,0.3229166666666667,0.6041666666666666,48
full_history,2.0,4.0,correct,1.4583333333333333,1.3125,1.6041666666666667,48
full_history,2.0,4.0,incorrect,0.10416666666666667,0.03125,0.19791666666666666,48
full_history,2.0,4.0,unfinished,0.4375,0.3125,0.5833333333333334,48
full_history,2.0,4.0,questions,0.03125,0.0,0.08333333333333333,48
full_history,2.0,4.0,repeated_questions,0.0,0.0,0.0,48
full_history,2.0,4.0,incorrect_scope_transfers,0.0,0.0,0.0,48
full_history,2.0,4.0,unresolved_responses,0.0,0.0,0.0,48
full_history,2.0,4.0,scope_questions,0.0,0.0,0.0,48
full_history,2.0,4.0,predicted_benefit,0.03125,0.0,0.08333333333333333,48
full_history,2.0,4.0,realized_benefit,0.03125,0.0,0.08333333333333333,48
generic2,2.0,4.0,loss,0.65625,0.4895833333333333,0.8333333333333334,48
generic2,2.0,4.0,project_correct,0.40625,0.28098958333333335,0.5416666666666666,48
generic2,2.0,4.0,correct,1.40625,1.2809895833333333,1.5416666666666667,48
generic2,2.0,4.0,incorrect,0.020833333333333332,0.0,0.052083333333333336,48
generic2,2.0,4.0,unfinished,0.5729166666666666,0.4375,0.7083333333333334,48
generic2,2.0,4.0,questions,1.84375,1.7395833333333333,1.9375,48
generic2,2.0,4.0,repeated_questions,0.0,0.0,0.0,48
generic2,2.0,4.0,incorrect_scope_transfers,0.0,0.0,0.0,48
generic2,2.0,4.0,unresolved_responses,0.0,0.0,0.0,48
generic2,2.0,4.0,scope_questions,0.0,0.0,0.0,48
generic2,2.0,4.0,predicted_benefit,1.088697566531686,1.029715778887872,1.1535708620704452,48
generic2,2.0,4.0,realized_benefit,1.0625,0.9583333333333334,1.1666666666666667,48
ideal_depth2,2.0,4.0,loss,0.0,0.0,0.0,48
ideal_depth2,2.0,4.0,project_correct,1.0,1.0,1.0,48
ideal_depth2,2.0,4.0,correct,2.0,2.0,2.0,48
ideal_depth2,2.0,4.0,incorrect,0.0,0.0,0.0,48
ideal_depth2,2.0,4.0,unfinished,0.0,0.0,0.0,48
ideal_depth2,2.0,4.0,questions,0.0,0.0,0.0,48
ideal_depth2,2.0,4.0,repeated_questions,0.0,0.0,0.0,48
ideal_depth2,2.0,4.0,incorrect_scope_transfers,0.0,0.0,0.0,48
ideal_depth2,2.0,4.0,unresolved_responses,0.0,0.0,0.0,48
ideal_depth2,2.0,4.0,scope_questions,0.0,0.0,0.0,48
ideal_depth2,2.0,4.0,predicted_benefit,0.0,0.0,0.0,48
ideal_depth2,2.0,4.0,realized_benefit,0.0,0.0,0.0,48
no_scope,2.0,4.0,loss,0.65625,0.4895833333333333,0.8333333333333334,48
no_scope,2.0,4.0,project_correct,0.40625,0.28098958333333335,0.5416666666666666,48
no_scope,2.0,4.0,correct,1.40625,1.2809895833333333,1.5416666666666667,48
no_scope,2.0,4.0,incorrect,0.020833333333333332,0.0,0.052083333333333336,48
no_scope,2.0,4.0,unfinished,0.5729166666666666,0.4375,0.7083333333333334,48
no_scope,2.0,4.0,questions,1.84375,1.7395833333333333,1.9375,48
no_scope,2.0,4.0,repeated_questions,0.0,0.0,0.0,48
no_scope,2.0,4.0,incorrect_scope_transfers,0.0,0.0,0.0,48
no_scope,2.0,4.0,unresolved_responses,0.0,0.0,0.0,48
no_scope,2.0,4.0,scope_questions,0.0,0.0,0.0,48
no_scope,2.0,4.0,predicted_benefit,1.088697566531686,1.029715778887872,1.1535708620704452,48
no_scope,2.0,4.0,realized_benefit,1.0625,0.9583333333333334,1.1666666666666667,48
one_step,2.0,4.0,loss,0.8958333333333334,0.69765625,1.1041666666666667,48
one_step,2.0,4.0,project_correct,0.3854166666666667,0.2604166666666667,0.5104166666666666,48
one_step,2.0,4.0,correct,1.1666666666666667,0.9684895833333333,1.3645833333333333,48
one_step,2.0,4.0,incorrect,0.020833333333333332,0.0,0.052083333333333336,48
one_step,2.0,4.0,unfinished,0.8125,0.6145833333333334,1.0208333333333333,48
one_step,2.0,4.0,questions,1.375,1.1666666666666667,1.573177083333332,48
one_step,2.0,4.0,repeated_questions,0.0,0.0,0.0,48
one_step,2.0,4.0,incorrect_scope_transfers,0.0,0.0,0.0,48
one_step,2.0,4.0,unresolved_responses,0.0,0.0,0.0,48
one_step,2.0,4.0,scope_questions,0.0,0.0,0.0,48
one_step,2.0,4.0,predicted_benefit,0.8439560257374334,0.7101651818721868,0.9749485287927229,48
one_step,2.0,4.0,realized_benefit,0.8229166666666666,0.6666666666666666,1.0,48
request_specific,2.0,4.0,loss,0.65625,0.4895833333333333,0.8333333333333334,48
request_specific,2.0,4.0,project_correct,0.40625,0.28098958333333335,0.5416666666666666,48
request_specific,2.0,4.0,correct,1.40625,1.2809895833333333,1.5416666666666667,48
request_specific,2.0,4.0,incorrect,0.020833333333333332,0.0,0.052083333333333336,48
request_specific,2.0,4.0,unfinished,0.5729166666666666,0.4375,0.7083333333333334,48
request_specific,2.0,4.0,questions,1.84375,1.7395833333333333,1.9375,48
request_specific,2.0,4.0,repeated_questions,0.0,0.0,0.0,48
request_specific,2.0,4.0,incorrect_scope_transfers,0.0,0.0,0.0,48
request_specific,2.0,4.0,unresolved_responses,0.0,0.0,0.0,48
request_specific,2.0,4.0,scope_questions,0.0,0.0,0.0,48
request_specific,2.0,4.0,predicted_benefit,1.088697566531686,1.029715778887872,1.1535708620704452,48
request_specific,2.0,4.0,realized_benefit,1.0625,0.9583333333333334,1.1666666666666667,48
semantic_memory,2.0,4.0,loss,0.75,0.5416666666666666,1.0104166666666667,48
semantic_memory,2.0,4.0,project_correct,0.4270833333333333,0.2916666666666667,0.5625,48
semantic_memory,2.0,4.0,correct,1.34375,1.1770833333333333,1.5104166666666667,48
semantic_memory,2.0,4.0,incorrect,0.03125,0.0,0.08333333333333333,48
semantic_memory,2.0,4.0,unfinished,0.625,0.46875,0.78125,48
semantic_memory,2.0,4.0,questions,1.6666666666666667,1.5104166666666667,1.8020833333333333,48
semantic_memory,2.0,4.0,repeated_questions,0.0,0.0,0.0,48
semantic_memory,2.0,4.0,incorrect_scope_transfers,0.0,0.0,0.0,48
semantic_memory,2.0,4.0,unresolved_responses,0.0,0.0,0.0,48
semantic_memory,2.0,4.0,scope_questions,0.0,0.0,0.0,48
semantic_memory,2.0,4.0,predicted_benefit,0.7930590912978515,0.6760358673158752,0.9111872051628279,48
semantic_memory,2.0,4.0,realized_benefit,0.96875,0.8125,1.125,48
completion,4.0,4.0,loss,0.3020833333333333,0.14583333333333334,0.5002604166666652,48
completion,4.0,4.0,project_correct,0.7604166666666666,0.6354166666666666,0.8645833333333334,48
completion,4.0,4.0,correct,1.7604166666666667,1.6354166666666667,1.8645833333333333,48
completion,4.0,4.0,incorrect,0.020833333333333332,0.0,0.0625,48
completion,4.0,4.0,unfinished,0.21875,0.11458333333333333,0.3335937499999986,48
completion,4.0,4.0,questions,3.6875,3.5625,3.8125,48
completion,4.0,4.0,repeated_questions,0.0,0.0,0.0,48
completion,4.0,4.0,incorrect_scope_transfers,0.0,0.0,0.0,48
completion,4.0,4.0,unresolved_responses,0.0,0.0,0.0,48
completion,4.0,4.0,scope_questions,0.0,0.0,0.0,48
completion,4.0,4.0,predicted_benefit,1.612822886289079,1.4941786294307728,1.7241066754436007,48
completion,4.0,4.0,realized_benefit,1.4166666666666667,1.1872395833333333,1.6458333333333333,48
depth2,4.0,4.0,loss,0.16666666666666666,0.020833333333333332,0.375,48
depth2,4.0,4.0,project_correct,0.8958333333333334,0.8125,0.9791666666666666,48
depth2,4.0,4.0,correct,1.8958333333333333,1.8125,1.9791666666666667,48
depth2,4.0,4.0,incorrect,0.020833333333333332,0.0,0.0625,48
depth2,4.0,4.0,unfinished,0.08333333333333333,0.020833333333333332,0.16666666666666666,48
depth2,4.0,4.0,questions,3.4791666666666665,3.25,3.6875,48
depth2,4.0,4.0,repeated_questions,0.0,0.0,0.0,48
depth2,4.0,4.0,incorrect_scope_transfers,0.0,0.0,0.0,48
depth2,4.0,4.0,unresolved_responses,0.0,0.0,0.0,48
depth2,4.0,4.0,scope_questions,0.0,0.0,0.0,48
depth2,4.0,4.0,predicted_benefit,1.684578751391718,1.5782380821641395,1.7758522308815063,48
depth2,4.0,4.0,realized_benefit,1.5520833333333333,1.3125,1.78125,48
depth3,4.0,4.0,loss,0.10416666666666667,0.0,0.2916666666666667,48
depth3,4.0,4.0,project_correct,0.9583333333333334,0.8958333333333334,1.0,48
depth3,4.0,4.0,correct,1.9583333333333333,1.8958333333333333,2.0,48
depth3,4.0,4.0,incorrect,0.020833333333333332,0.0,0.0625,48
depth3,4.0,4.0,unfinished,0.020833333333333332,0.0,0.0625,48
depth3,4.0,4.0,questions,3.6458333333333335,3.4791666666666665,3.7916666666666665,48
depth3,4.0,4.0,repeated_questions,0.0,0.0,0.0,48
depth3,4.0,4.0,incorrect_scope_transfers,0.0,0.0,0.0,48
depth3,4.0,4.0,unresolved_responses,0.0,0.0,0.0,48
depth3,4.0,4.0,scope_questions,0.0,0.0,0.0,48
depth3,4.0,4.0,predicted_benefit,1.7359168116228407,1.6577835621937091,1.812394921317697,48
depth3,4.0,4.0,realized_benefit,1.6145833333333333,1.375,1.8333333333333333,48
full_history,4.0,4.0,loss,0.8541666666666666,0.5625,1.2083333333333333,48
full_history,4.0,4.0,project_correct,0.46875,0.3229166666666667,0.6041666666666666,48
full_history,4.0,4.0,correct,1.4583333333333333,1.3125,1.6041666666666667,48
full_history,4.0,4.0,incorrect,0.10416666666666667,0.03125,0.19791666666666666,48
full_history,4.0,4.0,unfinished,0.4375,0.3125,0.5833333333333334,48
full_history,4.0,4.0,questions,0.03125,0.0,0.08333333333333333,48
full_history,4.0,4.0,repeated_questions,0.0,0.0,0.0,48
full_history,4.0,4.0,incorrect_scope_transfers,0.0,0.0,0.0,48
full_history,4.0,4.0,unresolved_responses,0.0,0.0,0.0,48
full_history,4.0,4.0,scope_questions,0.0,0.0,0.0,48
full_history,4.0,4.0,predicted_benefit,0.03125,0.0,0.08333333333333333,48
full_history,4.0,4.0,realized_benefit,0.03125,0.0,0.08333333333333333,48
generic2,4.0,4.0,loss,0.16666666666666666,0.020833333333333332,0.375,48
generic2,4.0,4.0,project_correct,0.8958333333333334,0.8125,0.9791666666666666,48
generic2,4.0,4.0,correct,1.8958333333333333,1.8125,1.9791666666666667,48
generic2,4.0,4.0,incorrect,0.020833333333333332,0.0,0.0625,48
generic2,4.0,4.0,unfinished,0.08333333333333333,0.020833333333333332,0.16666666666666666,48
generic2,4.0,4.0,questions,3.4791666666666665,3.25,3.6875,48
generic2,4.0,4.0,repeated_questions,0.0,0.0,0.0,48
generic2,4.0,4.0,incorrect_scope_transfers,0.0,0.0,0.0,48
generic2,4.0,4.0,unresolved_responses,0.0,0.0,0.0,48
generic2,4.0,4.0,scope_questions,0.0,0.0,0.0,48
generic2,4.0,4.0,predicted_benefit,1.684578751391718,1.5782380821641395,1.7758522308815063,48
generic2,4.0,4.0,realized_benefit,1.5520833333333333,1.3125,1.78125,48
ideal_depth2,4.0,4.0,loss,0.0,0.0,0.0,48
ideal_depth2,4.0,4.0,project_correct,1.0,1.0,1.0,48
ideal_depth2,4.0,4.0,correct,2.0,2.0,2.0,48
ideal_depth2,4.0,4.0,incorrect,0.0,0.0,0.0,48
ideal_depth2,4.0,4.0,unfinished,0.0,0.0,0.0,48
ideal_depth2,4.0,4.0,questions,0.0,0.0,0.0,48
ideal_depth2,4.0,4.0,repeated_questions,0.0,0.0,0.0,48
ideal_depth2,4.0,4.0,incorrect_scope_transfers,0.0,0.0,0.0,48
ideal_depth2,4.0,4.0,unresolved_responses,0.0,0.0,0.0,48
ideal_depth2,4.0,4.0,scope_questions,0.0,0.0,0.0,48
ideal_depth2,4.0,4.0,predicted_benefit,0.0,0.0,0.0,48
ideal_depth2,4.0,4.0,realized_benefit,0.0,0.0,0.0,48
no_scope,4.0,4.0,loss,0.16666666666666666,0.020833333333333332,0.375,48
no_scope,4.0,4.0,project_correct,0.8958333333333334,0.8125,0.9791666666666666,48
no_scope,4.0,4.0,correct,1.8958333333333333,1.8125,1.9791666666666667,48
no_scope,4.0,4.0,incorrect,0.020833333333333332,0.0,0.0625,48
no_scope,4.0,4.0,unfinished,0.08333333333333333,0.020833333333333332,0.16666666666666666,48
no_scope,4.0,4.0,questions,3.4791666666666665,3.25,3.6875,48
no_scope,4.0,4.0,repeated_questions,0.0,0.0,0.0,48
no_scope,4.0,4.0,incorrect_scope_transfers,0.0,0.0,0.0,48
no_scope,4.0,4.0,unresolved_responses,0.0,0.0,0.0,48
no_scope,4.0,4.0,scope_questions,0.0,0.0,0.0,48
no_scope,4.0,4.0,predicted_benefit,1.684578751391718,1.5782380821641395,1.7758522308815063,48
no_scope,4.0,4.0,realized_benefit,1.5520833333333333,1.3125,1.78125,48
one_step,4.0,4.0,loss,0.8125,0.6145833333333334,1.0208333333333333,48
one_step,4.0,4.0,project_correct,0.40625,0.28125,0.53125,48
one_step,4.0,4.0,correct,1.1875,0.9791666666666666,1.3854166666666667,48
one_step,4.0,4.0,incorrect,0.0,0.0,0.0,48
one_step,4.0,4.0,unfinished,0.8125,0.6145833333333334,1.0208333333333333,48
one_step,4.0,4.0,questions,2.0,1.625,2.3854166666666665,48
one_step,4.0,4.0,repeated_questions,0.0,0.0,0.0,48
one_step,4.0,4.0,incorrect_scope_transfers,0.0,0.0,0.0,48
one_step,4.0,4.0,unresolved_responses,0.0,0.0,0.0,48
one_step,4.0,4.0,scope_questions,0.0,0.0,0.0,48
one_step,4.0,4.0,predicted_benefit,1.0307419967485119,0.8588431217901032,1.1983832884284278,48
one_step,4.0,4.0,realized_benefit,0.90625,0.6979166666666666,1.125,48
request_specific,4.0,4.0,loss,0.16666666666666666,0.020833333333333332,0.375,48
request_specific,4.0,4.0,project_correct,0.8958333333333334,0.8125,0.9791666666666666,48
request_specific,4.0,4.0,correct,1.8958333333333333,1.8125,1.9791666666666667,48
request_specific,4.0,4.0,incorrect,0.020833333333333332,0.0,0.0625,48
request_specific,4.0,4.0,unfinished,0.08333333333333333,0.020833333333333332,0.16666666666666666,48
request_specific,4.0,4.0,questions,3.4791666666666665,3.25,3.6875,48
request_specific,4.0,4.0,repeated_questions,0.0,0.0,0.0,48
request_specific,4.0,4.0,incorrect_scope_transfers,0.0,0.0,0.0,48
request_specific,4.0,4.0,unresolved_responses,0.0,0.0,0.0,48
request_specific,4.0,4.0,scope_questions,0.0,0.0,0.0,48
request_specific,4.0,4.0,predicted_benefit,1.684578751391718,1.5782380821641395,1.7758522308815063,48
request_specific,4.0,4.0,realized_benefit,1.5520833333333333,1.3125,1.78125,48
semantic_memory,4.0,4.0,loss,0.3229166666666667,0.14583333333333334,0.5523437499999986,48
semantic_memory,4.0,4.0,project_correct,0.7916666666666666,0.6770833333333334,0.8856770833333318,48
semantic_memory,4.0,4.0,correct,1.7708333333333333,1.6458333333333333,1.875,48
semantic_memory,4.0,4.0,incorrect,0.03125,0.0,0.08333333333333333,48
semantic_memory,4.0,4.0,unfinished,0.19791666666666666,0.09375,0.3125,48
semantic_memory,4.0,4.0,questions,2.2916666666666665,1.9895833333333333,2.6041666666666665,48
semantic_memory,4.0,4.0,repeated_questions,0.0,0.0,0.0,48
semantic_memory,4.0,4.0,incorrect_scope_transfers,0.0,0.0,0.0,48
semantic_memory,4.0,4.0,unresolved_responses,0.0,0.0,0.0,48
semantic_memory,4.0,4.0,scope_questions,0.0,0.0,0.0,48
semantic_memory,4.0,4.0,predicted_benefit,1.2144346620741073,1.0517627309805322,1.3672427806198701,48
semantic_memory,4.0,4.0,realized_benefit,1.3958333333333333,1.21875,1.5627604166666653,48
completion,6.0,4.0,loss,0.0,0.0,0.0,48
completion,6.0,4.0,project_correct,1.0,1.0,1.0,48
completion,6.0,4.0,correct,2.0,2.0,2.0,48
completion,6.0,4.0,incorrect,0.0,0.0,0.0,48
completion,6.0,4.0,unfinished,0.0,0.0,0.0,48
completion,6.0,4.0,questions,3.9791666666666665,3.7708333333333335,4.1875,48
completion,6.0,4.0,repeated_questions,0.0,0.0,0.0,48
completion,6.0,4.0,incorrect_scope_transfers,0.0,0.0,0.0,48
completion,6.0,4.0,unresolved_responses,0.0,0.0,0.0,48
completion,6.0,4.0,scope_questions,0.0,0.0,0.0,48
completion,6.0,4.0,predicted_benefit,1.862059201049587,1.8004977095303836,1.918006195364147,48
completion,6.0,4.0,realized_benefit,1.71875,1.5416666666666667,1.8854166666666667,48
depth2,6.0,4.0,loss,0.08333333333333333,0.020833333333333332,0.16666666666666666,48
depth2,6.0,4.0,project_correct,0.9166666666666666,0.8333333333333334,0.9791666666666666,48
depth2,6.0,4.0,correct,1.9166666666666667,1.8333333333333333,1.9791666666666667,48
depth2,6.0,4.0,incorrect,0.0,0.0,0.0,48
depth2,6.0,4.0,unfinished,0.08333333333333333,0.020833333333333332,0.16666666666666666,48
depth2,6.0,4.0,questions,3.7083333333333335,3.4375,3.9791666666666665,48
depth2,6.0,4.0,repeated_questions,0.0,0.0,0.0,48
depth2,6.0,4.0,incorrect_scope_transfers,0.0,0.0,0.0,48
depth2,6.0,4.0,unresolved_responses,0.0,0.0,0.0,48
depth2,6.0,4.0,scope_questions,0.0,0.0,0.0,48
depth2,6.0,4.0,predicted_benefit,1.7787258677162539,1.6883048152736098,1.861597827687501,48
depth2,6.0,4.0,realized_benefit,1.6354166666666667,1.4479166666666667,1.8125,48
depth3,6.0,4.0,loss,0.0,0.0,0.0,48
depth3,6.0,4.0,project_correct,1.0,1.0,1.0,48
depth3,6.0,4.0,correct,2.0,2.0,2.0,48
depth3,6.0,4.0,incorrect,0.0,0.0,0.0,48
depth3,6.0,4.0,unfinished,0.0,0.0,0.0,48
depth3,6.0,4.0,questions,3.9791666666666665,3.7708333333333335,4.1875,48
depth3,6.0,4.0,repeated_questions,0.0,0.0,0.0,48
depth3,6.0,4.0,incorrect_scope_transfers,0.0,0.0,0.0,48
depth3,6.0,4.0,unresolved_responses,0.0,0.0,0.0,48
depth3,6.0,4.0,scope_questions,0.0,0.0,0.0,48
depth3,6.0,4.0,predicted_benefit,1.862059201049587,1.8004977095303836,1.918006195364147,48
depth3,6.0,4.0,realized_benefit,1.71875,1.5416666666666667,1.8854166666666667,48
full_history,6.0,4.0,loss,0.8541666666666666,0.5625,1.2083333333333333,48
full_history,6.0,4.0,project_correct,0.46875,0.3229166666666667,0.6041666666666666,48
full_history,6.0,4.0,correct,1.4583333333333333,1.3125,1.6041666666666667,48
full_history,6.0,4.0,incorrect,0.10416666666666667,0.03125,0.19791666666666666,48
full_history,6.0,4.0,unfinished,0.4375,0.3125,0.5833333333333334,48
full_history,6.0,4.0,questions,0.03125,0.0,0.08333333333333333,48
full_history,6.0,4.0,repeated_questions,0.0,0.0,0.0,48
full_history,6.0,4.0,incorrect_scope_transfers,0.0,0.0,0.0,48
full_history,6.0,4.0,unresolved_responses,0.0,0.0,0.0,48
full_history,6.0,4.0,scope_questions,0.0,0.0,0.0,48
full_history,6.0,4.0,predicted_benefit,0.03125,0.0,0.08333333333333333,48
full_history,6.0,4.0,realized_benefit,0.03125,0.0,0.08333333333333333,48
generic2,6.0,4.0,loss,0.08333333333333333,0.020833333333333332,0.16666666666666666,48
generic2,6.0,4.0,project_correct,0.9166666666666666,0.8333333333333334,0.9791666666666666,48
generic2,6.0,4.0,correct,1.9166666666666667,1.8333333333333333,1.9791666666666667,48
generic2,6.0,4.0,incorrect,0.0,0.0,0.0,48
generic2,6.0,4.0,unfinished,0.08333333333333333,0.020833333333333332,0.16666666666666666,48
generic2,6.0,4.0,questions,3.7083333333333335,3.4375,3.9791666666666665,48
generic2,6.0,4.0,repeated_questions,0.0,0.0,0.0,48
generic2,6.0,4.0,incorrect_scope_transfers,0.0,0.0,0.0,48
generic2,6.0,4.0,unresolved_responses,0.0,0.0,0.0,48
generic2,6.0,4.0,scope_questions,0.0,0.0,0.0,48
generic2,6.0,4.0,predicted_benefit,1.7787258677162539,1.6883048152736098,1.861597827687501,48
generic2,6.0,4.0,realized_benefit,1.6354166666666667,1.4479166666666667,1.8125,48
ideal_depth2,6.0,4.0,loss,0.0,0.0,0.0,48
ideal_depth2,6.0,4.0,project_correct,1.0,1.0,1.0,48
ideal_depth2,6.0,4.0,correct,2.0,2.0,2.0,48
ideal_depth2,6.0,4.0,incorrect,0.0,0.0,0.0,48
ideal_depth2,6.0,4.0,unfinished,0.0,0.0,0.0,48
ideal_depth2,6.0,4.0,questions,0.0,0.0,0.0,48
ideal_depth2,6.0,4.0,repeated_questions,0.0,0.0,0.0,48
ideal_depth2,6.0,4.0,incorrect_scope_transfers,0.0,0.0,0.0,48
ideal_depth2,6.0,4.0,unresolved_responses,0.0,0.0,0.0,48
ideal_depth2,6.0,4.0,scope_questions,0.0,0.0,0.0,48
ideal_depth2,6.0,4.0,predicted_benefit,0.0,0.0,0.0,48
ideal_depth2,6.0,4.0,realized_benefit,0.0,0.0,0.0,48
no_scope,6.0,4.0,loss,0.08333333333333333,0.020833333333333332,0.16666666666666666,48
no_scope,6.0,4.0,project_correct,0.9166666666666666,0.8333333333333334,0.9791666666666666,48
no_scope,6.0,4.0,correct,1.9166666666666667,1.8333333333333333,1.9791666666666667,48
no_scope,6.0,4.0,incorrect,0.0,0.0,0.0,48
no_scope,6.0,4.0,unfinished,0.08333333333333333,0.020833333333333332,0.16666666666666666,48
no_scope,6.0,4.0,questions,3.7083333333333335,3.4375,3.9791666666666665,48
no_scope,6.0,4.0,repeated_questions,0.0,0.0,0.0,48
no_scope,6.0,4.0,incorrect_scope_transfers,0.0,0.0,0.0,48
no_scope,6.0,4.0,unresolved_responses,0.0,0.0,0.0,48
no_scope,6.0,4.0,scope_questions,0.0,0.0,0.0,48
no_scope,6.0,4.0,predicted_benefit,1.7787258677162539,1.6883048152736098,1.861597827687501,48
no_scope,6.0,4.0,realized_benefit,1.6354166666666667,1.4479166666666667,1.8125,48
one_step,6.0,4.0,loss,0.8125,0.6145833333333334,1.0208333333333333,48
one_step,6.0,4.0,project_correct,0.40625,0.28125,0.53125,48
one_step,6.0,4.0,correct,1.1875,0.9791666666666666,1.3854166666666667,48
one_step,6.0,4.0,incorrect,0.0,0.0,0.0,48
one_step,6.0,4.0,unfinished,0.8125,0.6145833333333334,1.0208333333333333,48
one_step,6.0,4.0,questions,2.0729166666666665,1.66640625,2.5,48
one_step,6.0,4.0,repeated_questions,0.0,0.0,0.0,48
one_step,6.0,4.0,incorrect_scope_transfers,0.0,0.0,0.0,48
one_step,6.0,4.0,unresolved_responses,0.0,0.0,0.0,48
one_step,6.0,4.0,scope_questions,0.0,0.0,0.0,48
one_step,6.0,4.0,predicted_benefit,1.049559201049587,0.8695588873108436,1.2280187869643122,48
one_step,6.0,4.0,realized_benefit,0.90625,0.6979166666666666,1.125,48
request_specific,6.0,4.0,loss,0.08333333333333333,0.020833333333333332,0.16666666666666666,48
request_specific,6.0,4.0,project_correct,0.9166666666666666,0.8333333333333334,0.9791666666666666,48
request_specific,6.0,4.0,correct,1.9166666666666667,1.8333333333333333,1.9791666666666667,48
request_specific,6.0,4.0,incorrect,0.0,0.0,0.0,48
request_specific,6.0,4.0,unfinished,0.08333333333333333,0.020833333333333332,0.16666666666666666,48
request_specific,6.0,4.0,questions,3.7083333333333335,3.4375,3.9791666666666665,48
request_specific,6.0,4.0,repeated_questions,0.0,0.0,0.0,48
request_specific,6.0,4.0,incorrect_scope_transfers,0.0,0.0,0.0,48
request_specific,6.0,4.0,unresolved_responses,0.0,0.0,0.0,48
request_specific,6.0,4.0,scope_questions,0.0,0.0,0.0,48
request_specific,6.0,4.0,predicted_benefit,1.7787258677162539,1.6883048152736098,1.861597827687501,48
request_specific,6.0,4.0,realized_benefit,1.6354166666666667,1.4479166666666667,1.8125,48
semantic_memory,6.0,4.0,loss,0.3020833333333333,0.125,0.5416666666666666,48
semantic_memory,6.0,4.0,project_correct,0.8125,0.6979166666666666,0.90625,48
semantic_memory,6.0,4.0,correct,1.7916666666666667,1.6770833333333333,1.8958333333333333,48
semantic_memory,6.0,4.0,incorrect,0.03125,0.0,0.08333333333333333,48
semantic_memory,6.0,4.0,unfinished,0.17708333333333334,0.08333333333333333,0.28151041666666526,48
semantic_memory,6.0,4.0,questions,2.3125,2.0,2.625,48
semantic_memory,6.0,4.0,repeated_questions,0.0,0.0,0.0,48
semantic_memory,6.0,4.0,incorrect_scope_transfers,0.0,0.0,0.0,48
semantic_memory,6.0,4.0,unresolved_responses,0.0,0.0,0.0,48
semantic_memory,6.0,4.0,scope_questions,0.0,0.0,0.0,48
semantic_memory,6.0,4.0,predicted_benefit,1.2352679954074406,1.0756770452671842,1.3915761039912116,48
semantic_memory,6.0,4.0,realized_benefit,1.4166666666666667,1.2395833333333333,1.5833333333333333,48
completion,unlimited,4.0,loss,0.0,0.0,0.0,48
completion,unlimited,4.0,project_correct,1.0,1.0,1.0,48
completion,unlimited,4.0,correct,2.0,2.0,2.0,48
completion,unlimited,4.0,incorrect,0.0,0.0,0.0,48
completion,unlimited,4.0,unfinished,0.0,0.0,0.0,48
completion,unlimited,4.0,questions,3.9791666666666665,3.7708333333333335,4.1875,48
completion,unlimited,4.0,repeated_questions,0.0,0.0,0.0,48
completion,unlimited,4.0,incorrect_scope_transfers,0.0,0.0,0.0,48
completion,unlimited,4.0,unresolved_responses,0.0,0.0,0.0,48
completion,unlimited,4.0,scope_questions,0.0,0.0,0.0,48
completion,unlimited,4.0,predicted_benefit,1.862059201049587,1.8004977095303836,1.918006195364147,48
completion,unlimited,4.0,realized_benefit,1.71875,1.5416666666666667,1.8854166666666667,48
depth2,unlimited,4.0,loss,0.08333333333333333,0.020833333333333332,0.16666666666666666,48
depth2,unlimited,4.0,project_correct,0.9166666666666666,0.8333333333333334,0.9791666666666666,48
depth2,unlimited,4.0,correct,1.9166666666666667,1.8333333333333333,1.9791666666666667,48
depth2,unlimited,4.0,incorrect,0.0,0.0,0.0,48
depth2,unlimited,4.0,unfinished,0.08333333333333333,0.020833333333333332,0.16666666666666666,48
depth2,unlimited,4.0,questions,3.7083333333333335,3.4375,3.9791666666666665,48
depth2,unlimited,4.0,repeated_questions,0.0,0.0,0.0,48
depth2,unlimited,4.0,incorrect_scope_transfers,0.0,0.0,0.0,48
depth2,unlimited,4.0,unresolved_responses,0.0,0.0,0.0,48
depth2,unlimited,4.0,scope_questions,0.0,0.0,0.0,48
depth2,unlimited,4.0,predicted_benefit,1.7787258677162539,1.6883048152736098,1.861597827687501,48
depth2,unlimited,4.0,realized_benefit,1.6354166666666667,1.4479166666666667,1.8125,48
depth3,unlimited,4.0,loss,0.0,0.0,0.0,48
depth3,unlimited,4.0,project_correct,1.0,1.0,1.0,48
depth3,unlimited,4.0,correct,2.0,2.0,2.0,48
depth3,unlimited,4.0,incorrect,0.0,0.0,0.0,48
depth3,unlimited,4.0,unfinished,0.0,0.0,0.0,48
depth3,unlimited,4.0,questions,3.9791666666666665,3.7708333333333335,4.1875,48
depth3,unlimited,4.0,repeated_questions,0.0,0.0,0.0,48
depth3,unlimited,4.0,incorrect_scope_transfers,0.0,0.0,0.0,48
depth3,unlimited,4.0,unresolved_responses,0.0,0.0,0.0,48
depth3,unlimited,4.0,scope_questions,0.0,0.0,0.0,48
depth3,unlimited,4.0,predicted_benefit,1.862059201049587,1.8004977095303836,1.918006195364147,48
depth3,unlimited,4.0,realized_benefit,1.71875,1.5416666666666667,1.8854166666666667,48
full_history,unlimited,4.0,loss,0.8541666666666666,0.5625,1.2083333333333333,48
full_history,unlimited,4.0,project_correct,0.46875,0.3229166666666667,0.6041666666666666,48
full_history,unlimited,4.0,correct,1.4583333333333333,1.3125,1.6041666666666667,48
full_history,unlimited,4.0,incorrect,0.10416666666666667,0.03125,0.19791666666666666,48
full_history,unlimited,4.0,unfinished,0.4375,0.3125,0.5833333333333334,48
full_history,unlimited,4.0,questions,0.03125,0.0,0.08333333333333333,48
full_history,unlimited,4.0,repeated_questions,0.0,0.0,0.0,48
full_history,unlimited,4.0,incorrect_scope_transfers,0.0,0.0,0.0,48
full_history,unlimited,4.0,unresolved_responses,0.0,0.0,0.0,48
full_history,unlimited,4.0,scope_questions,0.0,0.0,0.0,48
full_history,unlimited,4.0,predicted_benefit,0.03125,0.0,0.08333333333333333,48
full_history,unlimited,4.0,realized_benefit,0.03125,0.0,0.08333333333333333,48
generic2,unlimited,4.0,loss,0.08333333333333333,0.020833333333333332,0.16666666666666666,48
generic2,unlimited,4.0,project_correct,0.9166666666666666,0.8333333333333334,0.9791666666666666,48
generic2,unlimited,4.0,correct,1.9166666666666667,1.8333333333333333,1.9791666666666667,48
generic2,unlimited,4.0,incorrect,0.0,0.0,0.0,48
generic2,unlimited,4.0,unfinished,0.08333333333333333,0.020833333333333332,0.16666666666666666,48
generic2,unlimited,4.0,questions,3.7083333333333335,3.4375,3.9791666666666665,48
generic2,unlimited,4.0,repeated_questions,0.0,0.0,0.0,48
generic2,unlimited,4.0,incorrect_scope_transfers,0.0,0.0,0.0,48
generic2,unlimited,4.0,unresolved_responses,0.0,0.0,0.0,48
generic2,unlimited,4.0,scope_questions,0.0,0.0,0.0,48
generic2,unlimited,4.0,predicted_benefit,1.7787258677162539,1.6883048152736098,1.861597827687501,48
generic2,unlimited,4.0,realized_benefit,1.6354166666666667,1.4479166666666667,1.8125,48
ideal_depth2,unlimited,4.0,loss,0.0,0.0,0.0,48
ideal_depth2,unlimited,4.0,project_correct,1.0,1.0,1.0,48
ideal_depth2,unlimited,4.0,correct,2.0,2.0,2.0,48
ideal_depth2,unlimited,4.0,incorrect,0.0,0.0,0.0,48
ideal_depth2,unlimited,4.0,unfinished,0.0,0.0,0.0,48
ideal_depth2,unlimited,4.0,questions,0.0,0.0,0.0,48
ideal_depth2,unlimited,4.0,repeated_questions,0.0,0.0,0.0,48
ideal_depth2,unlimited,4.0,incorrect_scope_transfers,0.0,0.0,0.0,48
ideal_depth2,unlimited,4.0,unresolved_responses,0.0,0.0,0.0,48
ideal_depth2,unlimited,4.0,scope_questions,0.0,0.0,0.0,48
ideal_depth2,unlimited,4.0,predicted_benefit,0.0,0.0,0.0,48
ideal_depth2,unlimited,4.0,realized_benefit,0.0,0.0,0.0,48
no_scope,unlimited,4.0,loss,0.08333333333333333,0.020833333333333332,0.16666666666666666,48
no_scope,unlimited,4.0,project_correct,0.9166666666666666,0.8333333333333334,0.9791666666666666,48
no_scope,unlimited,4.0,correct,1.9166666666666667,1.8333333333333333,1.9791666666666667,48
no_scope,unlimited,4.0,incorrect,0.0,0.0,0.0,48
no_scope,unlimited,4.0,unfinished,0.08333333333333333,0.020833333333333332,0.16666666666666666,48
no_scope,unlimited,4.0,questions,3.7083333333333335,3.4375,3.9791666666666665,48
no_scope,unlimited,4.0,repeated_questions,0.0,0.0,0.0,48
no_scope,unlimited,4.0,incorrect_scope_transfers,0.0,0.0,0.0,48
no_scope,unlimited,4.0,unresolved_responses,0.0,0.0,0.0,48
no_scope,unlimited,4.0,scope_questions,0.0,0.0,0.0,48
no_scope,unlimited,4.0,predicted_benefit,1.7787258677162539,1.6883048152736098,1.861597827687501,48
no_scope,unlimited,4.0,realized_benefit,1.6354166666666667,1.4479166666666667,1.8125,48
one_step,unlimited,4.0,loss,0.8125,0.6145833333333334,1.0208333333333333,48
one_step,unlimited,4.0,project_correct,0.40625,0.28125,0.53125,48
one_step,unlimited,4.0,correct,1.1875,0.9791666666666666,1.3854166666666667,48
one_step,unlimited,4.0,incorrect,0.0,0.0,0.0,48
one_step,unlimited,4.0,unfinished,0.8125,0.6145833333333334,1.0208333333333333,48
one_step,unlimited,4.0,questions,2.0729166666666665,1.66640625,2.5,48
one_step,unlimited,4.0,repeated_questions,0.0,0.0,0.0,48
one_step,unlimited,4.0,incorrect_scope_transfers,0.0,0.0,0.0,48
one_step,unlimited,4.0,unresolved_responses,0.0,0.0,0.0,48
one_step,unlimited,4.0,scope_questions,0.0,0.0,0.0,48
one_step,unlimited,4.0,predicted_benefit,1.049559201049587,0.8695588873108436,1.2280187869643122,48
one_step,unlimited,4.0,realized_benefit,0.90625,0.6979166666666666,1.125,48
request_specific,unlimited,4.0,loss,0.08333333333333333,0.020833333333333332,0.16666666666666666,48
request_specific,unlimited,4.0,project_correct,0.9166666666666666,0.8333333333333334,0.9791666666666666,48
request_specific,unlimited,4.0,correct,1.9166666666666667,1.8333333333333333,1.9791666666666667,48
request_specific,unlimited,4.0,incorrect,0.0,0.0,0.0,48
request_specific,unlimited,4.0,unfinished,0.08333333333333333,0.020833333333333332,0.16666666666666666,48
request_specific,unlimited,4.0,questions,3.7083333333333335,3.4375,3.9791666666666665,48
request_specific,unlimited,4.0,repeated_questions,0.0,0.0,0.0,48
request_specific,unlimited,4.0,incorrect_scope_transfers,0.0,0.0,0.0,48
request_specific,unlimited,4.0,unresolved_responses,0.0,0.0,0.0,48
request_specific,unlimited,4.0,scope_questions,0.0,0.0,0.0,48
request_specific,unlimited,4.0,predicted_benefit,1.7787258677162539,1.6883048152736098,1.861597827687501,48
request_specific,unlimited,4.0,realized_benefit,1.6354166666666667,1.4479166666666667,1.8125,48
semantic_memory,unlimited,4.0,loss,0.3020833333333333,0.125,0.5416666666666666,48
semantic_memory,unlimited,4.0,project_correct,0.8125,0.6979166666666666,0.90625,48
semantic_memory,unlimited,4.0,correct,1.7916666666666667,1.6770833333333333,1.8958333333333333,48
semantic_memory,unlimited,4.0,incorrect,0.03125,0.0,0.08333333333333333,48
semantic_memory,unlimited,4.0,unfinished,0.17708333333333334,0.08333333333333333,0.28151041666666526,48
semantic_memory,unlimited,4.0,questions,2.3125,2.0,2.625,48
semantic_memory,unlimited,4.0,repeated_questions,0.0,0.0,0.0,48
semantic_memory,unlimited,4.0,incorrect_scope_transfers,0.0,0.0,0.0,48
semantic_memory,unlimited,4.0,unresolved_responses,0.0,0.0,0.0,48
semantic_memory,unlimited,4.0,scope_questions,0.0,0.0,0.0,48
semantic_memory,unlimited,4.0,predicted_benefit,1.2352679954074406,1.0756770452671842,1.3915761039912116,48
semantic_memory,unlimited,4.0,realized_benefit,1.4166666666666667,1.2395833333333333,1.5833333333333333,48
completion,0.0,8.0,loss,1.8229166666666667,1.7184895833333333,1.9166666666666667,48
completion,0.0,8.0,project_correct,0.0,0.0,0.0,48
completion,0.0,8.0,correct,0.17708333333333334,0.08333333333333333,0.28151041666666526,48
completion,0.0,8.0,incorrect,0.0,0.0,0.0,48
completion,0.0,8.0,unfinished,1.8229166666666667,1.7184895833333333,1.9166666666666667,48
completion,0.0,8.0,questions,0.0,0.0,0.0,48
completion,0.0,8.0,repeated_questions,0.0,0.0,0.0,48
completion,0.0,8.0,incorrect_scope_transfers,0.0,0.0,0.0,48
completion,0.0,8.0,unresolved_responses,0.0,0.0,0.0,48
completion,0.0,8.0,scope_questions,0.0,0.0,0.0,48
completion,0.0,8.0,predicted_benefit,0.0,0.0,0.0,48
completion,0.0,8.0,realized_benefit,0.0,0.0,0.0,48
depth2,0.0,8.0,loss,1.8229166666666667,1.7184895833333333,1.9166666666666667,48
depth2,0.0,8.0,project_correct,0.0,0.0,0.0,48
depth2,0.0,8.0,correct,0.17708333333333334,0.08333333333333333,0.28151041666666526,48
depth2,0.0,8.0,incorrect,0.0,0.0,0.0,48
depth2,0.0,8.0,unfinished,1.8229166666666667,1.7184895833333333,1.9166666666666667,48
depth2,0.0,8.0,questions,0.0,0.0,0.0,48
depth2,0.0,8.0,repeated_questions,0.0,0.0,0.0,48
depth2,0.0,8.0,incorrect_scope_transfers,0.0,0.0,0.0,48
depth2,0.0,8.0,unresolved_responses,0.0,0.0,0.0,48
depth2,0.0,8.0,scope_questions,0.0,0.0,0.0,48
depth2,0.0,8.0,predicted_benefit,0.0,0.0,0.0,48
depth2,0.0,8.0,realized_benefit,0.0,0.0,0.0,48
depth3,0.0,8.0,loss,1.8229166666666667,1.7184895833333333,1.9166666666666667,48
depth3,0.0,8.0,project_correct,0.0,0.0,0.0,48
depth3,0.0,8.0,correct,0.17708333333333334,0.08333333333333333,0.28151041666666526,48
depth3,0.0,8.0,incorrect,0.0,0.0,0.0,48
depth3,0.0,8.0,unfinished,1.8229166666666667,1.7184895833333333,1.9166666666666667,48
depth3,0.0,8.0,questions,0.0,0.0,0.0,48
depth3,0.0,8.0,repeated_questions,0.0,0.0,0.0,48
depth3,0.0,8.0,incorrect_scope_transfers,0.0,0.0,0.0,48
depth3,0.0,8.0,unresolved_responses,0.0,0.0,0.0,48
depth3,0.0,8.0,scope_questions,0.0,0.0,0.0,48
depth3,0.0,8.0,predicted_benefit,0.0,0.0,0.0,48
depth3,0.0,8.0,realized_benefit,0.0,0.0,0.0,48
full_history,0.0,8.0,loss,1.71875,1.5520833333333333,1.916927083333332,48
full_history,0.0,8.0,project_correct,0.0,0.0,0.0,48
full_history,0.0,8.0,correct,0.3541666666666667,0.22916666666666666,0.4895833333333333,48
full_history,0.0,8.0,incorrect,0.010416666666666666,0.0,0.03125,48
full_history,0.0,8.0,unfinished,1.6354166666666667,1.5,1.7604166666666667,48
full_history,0.0,8.0,questions,0.0,0.0,0.0,48
full_history,0.0,8.0,repeated_questions,0.0,0.0,0.0,48
full_history,0.0,8.0,incorrect_scope_transfers,0.0,0.0,0.0,48
full_history,0.0,8.0,unresolved_responses,0.0,0.0,0.0,48
full_history,0.0,8.0,scope_questions,0.0,0.0,0.0,48
full_history,0.0,8.0,predicted_benefit,0.0,0.0,0.0,48
full_history,0.0,8.0,realized_benefit,0.0,0.0,0.0,48
generic2,0.0,8.0,loss,1.8229166666666667,1.7184895833333333,1.9166666666666667,48
generic2,0.0,8.0,project_correct,0.0,0.0,0.0,48
generic2,0.0,8.0,correct,0.17708333333333334,0.08333333333333333,0.28151041666666526,48
generic2,0.0,8.0,incorrect,0.0,0.0,0.0,48
generic2,0.0,8.0,unfinished,1.8229166666666667,1.7184895833333333,1.9166666666666667,48
generic2,0.0,8.0,questions,0.0,0.0,0.0,48
generic2,0.0,8.0,repeated_questions,0.0,0.0,0.0,48
generic2,0.0,8.0,incorrect_scope_transfers,0.0,0.0,0.0,48
generic2,0.0,8.0,unresolved_responses,0.0,0.0,0.0,48
generic2,0.0,8.0,scope_questions,0.0,0.0,0.0,48
generic2,0.0,8.0,predicted_benefit,0.0,0.0,0.0,48
generic2,0.0,8.0,realized_benefit,0.0,0.0,0.0,48
ideal_depth2,0.0,8.0,loss,0.0,0.0,0.0,48
ideal_depth2,0.0,8.0,project_correct,1.0,1.0,1.0,48
ideal_depth2,0.0,8.0,correct,2.0,2.0,2.0,48
ideal_depth2,0.0,8.0,incorrect,0.0,0.0,0.0,48
ideal_depth2,0.0,8.0,unfinished,0.0,0.0,0.0,48
ideal_depth2,0.0,8.0,questions,0.0,0.0,0.0,48
ideal_depth2,0.0,8.0,repeated_questions,0.0,0.0,0.0,48
ideal_depth2,0.0,8.0,incorrect_scope_transfers,0.0,0.0,0.0,48
ideal_depth2,0.0,8.0,unresolved_responses,0.0,0.0,0.0,48
ideal_depth2,0.0,8.0,scope_questions,0.0,0.0,0.0,48
ideal_depth2,0.0,8.0,predicted_benefit,0.0,0.0,0.0,48
ideal_depth2,0.0,8.0,realized_benefit,0.0,0.0,0.0,48
no_scope,0.0,8.0,loss,1.8229166666666667,1.7184895833333333,1.9166666666666667,48
no_scope,0.0,8.0,project_correct,0.0,0.0,0.0,48
no_scope,0.0,8.0,correct,0.17708333333333334,0.08333333333333333,0.28151041666666526,48
no_scope,0.0,8.0,incorrect,0.0,0.0,0.0,48
no_scope,0.0,8.0,unfinished,1.8229166666666667,1.7184895833333333,1.9166666666666667,48
no_scope,0.0,8.0,questions,0.0,0.0,0.0,48
no_scope,0.0,8.0,repeated_questions,0.0,0.0,0.0,48
no_scope,0.0,8.0,incorrect_scope_transfers,0.0,0.0,0.0,48
no_scope,0.0,8.0,unresolved_responses,0.0,0.0,0.0,48
no_scope,0.0,8.0,scope_questions,0.0,0.0,0.0,48
no_scope,0.0,8.0,predicted_benefit,0.0,0.0,0.0,48
no_scope,0.0,8.0,realized_benefit,0.0,0.0,0.0,48
one_step,0.0,8.0,loss,1.8229166666666667,1.7184895833333333,1.9166666666666667,48
one_step,0.0,8.0,project_correct,0.0,0.0,0.0,48
one_step,0.0,8.0,correct,0.17708333333333334,0.08333333333333333,0.28151041666666526,48
one_step,0.0,8.0,incorrect,0.0,0.0,0.0,48
one_step,0.0,8.0,unfinished,1.8229166666666667,1.7184895833333333,1.9166666666666667,48
one_step,0.0,8.0,questions,0.0,0.0,0.0,48
one_step,0.0,8.0,repeated_questions,0.0,0.0,0.0,48
one_step,0.0,8.0,incorrect_scope_transfers,0.0,0.0,0.0,48
one_step,0.0,8.0,unresolved_responses,0.0,0.0,0.0,48
one_step,0.0,8.0,scope_questions,0.0,0.0,0.0,48
one_step,0.0,8.0,predicted_benefit,0.0,0.0,0.0,48
one_step,0.0,8.0,realized_benefit,0.0,0.0,0.0,48
request_specific,0.0,8.0,loss,1.8229166666666667,1.7184895833333333,1.9166666666666667,48
request_specific,0.0,8.0,project_correct,0.0,0.0,0.0,48
request_specific,0.0,8.0,correct,0.17708333333333334,0.08333333333333333,0.28151041666666526,48
request_specific,0.0,8.0,incorrect,0.0,0.0,0.0,48
request_specific,0.0,8.0,unfinished,1.8229166666666667,1.7184895833333333,1.9166666666666667,48
request_specific,0.0,8.0,questions,0.0,0.0,0.0,48
request_specific,0.0,8.0,repeated_questions,0.0,0.0,0.0,48
request_specific,0.0,8.0,incorrect_scope_transfers,0.0,0.0,0.0,48
request_specific,0.0,8.0,unresolved_responses,0.0,0.0,0.0,48
request_specific,0.0,8.0,scope_questions,0.0,0.0,0.0,48
request_specific,0.0,8.0,predicted_benefit,0.0,0.0,0.0,48
request_specific,0.0,8.0,realized_benefit,0.0,0.0,0.0,48
semantic_memory,0.0,8.0,loss,1.8229166666666667,1.7184895833333333,1.9166666666666667,48
semantic_memory,0.0,8.0,project_correct,0.0,0.0,0.0,48
semantic_memory,0.0,8.0,correct,0.17708333333333334,0.08333333333333333,0.28151041666666526,48
semantic_memory,0.0,8.0,incorrect,0.0,0.0,0.0,48
semantic_memory,0.0,8.0,unfinished,1.8229166666666667,1.7184895833333333,1.9166666666666667,48
semantic_memory,0.0,8.0,questions,0.0,0.0,0.0,48
semantic_memory,0.0,8.0,repeated_questions,0.0,0.0,0.0,48
semantic_memory,0.0,8.0,incorrect_scope_transfers,0.0,0.0,0.0,48
semantic_memory,0.0,8.0,unresolved_responses,0.0,0.0,0.0,48
semantic_memory,0.0,8.0,scope_questions,0.0,0.0,0.0,48
semantic_memory,0.0,8.0,predicted_benefit,0.0,0.0,0.0,48
semantic_memory,0.0,8.0,realized_benefit,0.0,0.0,0.0,48
completion,1.0,8.0,loss,1.34375,1.1666666666666667,1.5208333333333333,48
completion,1.0,8.0,project_correct,0.10416666666666667,0.020833333333333332,0.1875,48
completion,1.0,8.0,correct,0.65625,0.4791666666666667,0.8333333333333334,48
completion,1.0,8.0,incorrect,0.0,0.0,0.0,48
completion,1.0,8.0,unfinished,1.34375,1.1666666666666667,1.5208333333333333,48
completion,1.0,8.0,questions,1.0,1.0,1.0,48
completion,1.0,8.0,repeated_questions,0.0,0.0,0.0,48
completion,1.0,8.0,incorrect_scope_transfers,0.0,0.0,0.0,48
completion,1.0,8.0,unresolved_responses,0.0,0.0,0.0,48
completion,1.0,8.0,scope_questions,0.0,0.0,0.0,48
completion,1.0,8.0,predicted_benefit,0.48922563302115857,0.3541666666666667,0.625,48
completion,1.0,8.0,realized_benefit,0.4791666666666667,0.3541666666666667,0.6046874999999972,48
depth2,1.0,8.0,loss,1.3333333333333333,1.1458333333333333,1.5,48
depth2,1.0,8.0,project_correct,0.10416666666666667,0.020833333333333332,0.1875,48
depth2,1.0,8.0,correct,0.6666666666666666,0.5,0.8541666666666666,48
depth2,1.0,8.0,incorrect,0.0,0.0,0.0,48
depth2,1.0,8.0,unfinished,1.3333333333333333,1.1458333333333333,1.5,48
depth2,1.0,8.0,questions,0.5625,0.4166666666666667,0.7083333333333334,48
depth2,1.0,8.0,repeated_questions,0.0,0.0,0.0,48
depth2,1.0,8.0,incorrect_scope_transfers,0.0,0.0,0.0,48
depth2,1.0,8.0,unresolved_responses,0.0,0.0,0.0,48
depth2,1.0,8.0,scope_questions,0.0,0.0,0.0,48
depth2,1.0,8.0,predicted_benefit,0.5194133714880333,0.3936976998785987,0.6451179327089838,48
depth2,1.0,8.0,realized_benefit,0.4895833333333333,0.3541666666666667,0.625,48
depth3,1.0,8.0,loss,1.3333333333333333,1.1458333333333333,1.5,48
depth3,1.0,8.0,project_correct,0.10416666666666667,0.020833333333333332,0.1875,48
depth3,1.0,8.0,correct,0.6666666666666666,0.5,0.8541666666666666,48
depth3,1.0,8.0,incorrect,0.0,0.0,0.0,48
depth3,1.0,8.0,unfinished,1.3333333333333333,1.1458333333333333,1.5,48
depth3,1.0,8.0,questions,0.5625,0.4166666666666667,0.7083333333333334,48
depth3,1.0,8.0,repeated_questions,0.0,0.0,0.0,48
depth3,1.0,8.0,incorrect_scope_transfers,0.0,0.0,0.0,48
depth3,1.0,8.0,unresolved_responses,0.0,0.0,0.0,48
depth3,1.0,8.0,scope_questions,0.0,0.0,0.0,48
depth3,1.0,8.0,predicted_benefit,0.5194133714880333,0.3936976998785987,0.6451179327089838,48
depth3,1.0,8.0,realized_benefit,0.4895833333333333,0.3541666666666667,0.625,48
full_history,1.0,8.0,loss,1.6875,1.5208333333333333,1.8958333333333333,48
full_history,1.0,8.0,project_correct,0.0,0.0,0.0,48
full_history,1.0,8.0,correct,0.3854166666666667,0.25,0.5208333333333334,48
full_history,1.0,8.0,incorrect,0.010416666666666666,0.0,0.03125,48
full_history,1.0,8.0,unfinished,1.6041666666666667,1.4786458333333334,1.7291666666666667,48
full_history,1.0,8.0,questions,0.03125,0.0,0.08333333333333333,48
full_history,1.0,8.0,repeated_questions,0.0,0.0,0.0,48
full_history,1.0,8.0,incorrect_scope_transfers,0.0,0.0,0.0,48
full_history,1.0,8.0,unresolved_responses,0.0,0.0,0.0,48
full_history,1.0,8.0,scope_questions,0.0,0.0,0.0,48
full_history,1.0,8.0,predicted_benefit,0.03125,0.0,0.08333333333333333,48
full_history,1.0,8.0,realized_benefit,0.03125,0.0,0.08333333333333333,48
generic2,1.0,8.0,loss,1.3333333333333333,1.1458333333333333,1.5,48
generic2,1.0,8.0,project_correct,0.10416666666666667,0.020833333333333332,0.1875,48
generic2,1.0,8.0,correct,0.6666666666666666,0.5,0.8541666666666666,48
generic2,1.0,8.0,incorrect,0.0,0.0,0.0,48
generic2,1.0,8.0,unfinished,1.3333333333333333,1.1458333333333333,1.5,48
generic2,1.0,8.0,questions,0.5625,0.4166666666666667,0.7083333333333334,48
generic2,1.0,8.0,repeated_questions,0.0,0.0,0.0,48
generic2,1.0,8.0,incorrect_scope_transfers,0.0,0.0,0.0,48
generic2,1.0,8.0,unresolved_responses,0.0,0.0,0.0,48
generic2,1.0,8.0,scope_questions,0.0,0.0,0.0,48
generic2,1.0,8.0,predicted_benefit,0.5194133714880333,0.3936976998785987,0.6451179327089838,48
generic2,1.0,8.0,realized_benefit,0.4895833333333333,0.3541666666666667,0.625,48
ideal_depth2,1.0,8.0,loss,0.0,0.0,0.0,48
ideal_depth2,1.0,8.0,project_correct,1.0,1.0,1.0,48
ideal_depth2,1.0,8.0,correct,2.0,2.0,2.0,48
ideal_depth2,1.0,8.0,incorrect,0.0,0.0,0.0,48
ideal_depth2,1.0,8.0,unfinished,0.0,0.0,0.0,48
ideal_depth2,1.0,8.0,questions,0.0,0.0,0.0,48
ideal_depth2,1.0,8.0,repeated_questions,0.0,0.0,0.0,48
ideal_depth2,1.0,8.0,incorrect_scope_transfers,0.0,0.0,0.0,48
ideal_depth2,1.0,8.0,unresolved_responses,0.0,0.0,0.0,48
ideal_depth2,1.0,8.0,scope_questions,0.0,0.0,0.0,48
ideal_depth2,1.0,8.0,predicted_benefit,0.0,0.0,0.0,48
ideal_depth2,1.0,8.0,realized_benefit,0.0,0.0,0.0,48
no_scope,1.0,8.0,loss,1.3333333333333333,1.1458333333333333,1.5,48
no_scope,1.0,8.0,project_correct,0.10416666666666667,0.020833333333333332,0.1875,48
no_scope,1.0,8.0,correct,0.6666666666666666,0.5,0.8541666666666666,48
no_scope,1.0,8.0,incorrect,0.0,0.0,0.0,48
no_scope,1.0,8.0,unfinished,1.3333333333333333,1.1458333333333333,1.5,48
no_scope,1.0,8.0,questions,0.5625,0.4166666666666667,0.7083333333333334,48
no_scope,1.0,8.0,repeated_questions,0.0,0.0,0.0,48
no_scope,1.0,8.0,incorrect_scope_transfers,0.0,0.0,0.0,48
no_scope,1.0,8.0,unresolved_responses,0.0,0.0,0.0,48
no_scope,1.0,8.0,scope_questions,0.0,0.0,0.0,48
no_scope,1.0,8.0,predicted_benefit,0.5194133714880333,0.3936976998785987,0.6451179327089838,48
no_scope,1.0,8.0,realized_benefit,0.4895833333333333,0.3541666666666667,0.625,48
one_step,1.0,8.0,loss,1.3333333333333333,1.1458333333333333,1.5,48
one_step,1.0,8.0,project_correct,0.10416666666666667,0.020833333333333332,0.1875,48
one_step,1.0,8.0,correct,0.6666666666666666,0.5,0.8541666666666666,48
one_step,1.0,8.0,incorrect,0.0,0.0,0.0,48
one_step,1.0,8.0,unfinished,1.3333333333333333,1.1458333333333333,1.5,48
one_step,1.0,8.0,questions,0.5625,0.4166666666666667,0.7083333333333334,48
one_step,1.0,8.0,repeated_questions,0.0,0.0,0.0,48
one_step,1.0,8.0,incorrect_scope_transfers,0.0,0.0,0.0,48
one_step,1.0,8.0,unresolved_responses,0.0,0.0,0.0,48
one_step,1.0,8.0,scope_questions,0.0,0.0,0.0,48
one_step,1.0,8.0,predicted_benefit,0.5194133714880333,0.3936976998785987,0.6451179327089838,48
one_step,1.0,8.0,realized_benefit,0.4895833333333333,0.3541666666666667,0.625,48
request_specific,1.0,8.0,loss,1.3333333333333333,1.1458333333333333,1.5,48
request_specific,1.0,8.0,project_correct,0.10416666666666667,0.020833333333333332,0.1875,48
request_specific,1.0,8.0,correct,0.6666666666666666,0.5,0.8541666666666666,48
request_specific,1.0,8.0,incorrect,0.0,0.0,0.0,48
request_specific,1.0,8.0,unfinished,1.3333333333333333,1.1458333333333333,1.5,48
request_specific,1.0,8.0,questions,0.5625,0.4166666666666667,0.7083333333333334,48
request_specific,1.0,8.0,repeated_questions,0.0,0.0,0.0,48
request_specific,1.0,8.0,incorrect_scope_transfers,0.0,0.0,0.0,48
request_specific,1.0,8.0,unresolved_responses,0.0,0.0,0.0,48
request_specific,1.0,8.0,scope_questions,0.0,0.0,0.0,48
request_specific,1.0,8.0,predicted_benefit,0.5194133714880333,0.3936976998785987,0.6451179327089838,48
request_specific,1.0,8.0,realized_benefit,0.4895833333333333,0.3541666666666667,0.625,48
semantic_memory,1.0,8.0,loss,1.6145833333333333,1.3854166666666667,1.875,48
semantic_memory,1.0,8.0,project_correct,0.10416666666666667,0.020833333333333332,0.1875,48
semantic_memory,1.0,8.0,correct,0.4583333333333333,0.28125,0.6458333333333334,48
semantic_memory,1.0,8.0,incorrect,0.010416666666666666,0.0,0.03125,48
semantic_memory,1.0,8.0,unfinished,1.53125,1.34375,1.7083333333333333,48
semantic_memory,1.0,8.0,questions,0.9479166666666666,0.8854166666666666,0.9895833333333334,48
semantic_memory,1.0,8.0,repeated_questions,0.0,0.0,0.0,48
semantic_memory,1.0,8.0,incorrect_scope_transfers,0.0,0.0,0.0,48
semantic_memory,1.0,8.0,unresolved_responses,0.0,0.0,0.0,48
semantic_memory,1.0,8.0,scope_questions,0.0,0.0,0.0,48
semantic_memory,1.0,8.0,predicted_benefit,0.14459764134582018,0.06196886923343722,0.23300408645508133,48
semantic_memory,1.0,8.0,realized_benefit,0.20833333333333334,-0.010416666666666666,0.375,48
completion,2.0,8.0,loss,0.8229166666666666,0.7083333333333334,0.9166666666666666,48
completion,2.0,8.0,project_correct,0.17708333333333334,0.08333333333333333,0.2916666666666667,48
completion,2.0,8.0,correct,1.1770833333333333,1.0833333333333333,1.2916666666666667,48
completion,2.0,8.0,incorrect,0.0,0.0,0.0,48
completion,2.0,8.0,unfinished,0.8229166666666666,0.7083333333333334,0.9166666666666666,48
completion,2.0,8.0,questions,2.0,2.0,2.0,48
completion,2.0,8.0,repeated_questions,0.0,0.0,0.0,48
completion,2.0,8.0,incorrect_scope_transfers,0.0,0.0,0.0,48
completion,2.0,8.0,unresolved_responses,0.0,0.0,0.0,48
completion,2.0,8.0,scope_questions,0.0,0.0,0.0,48
completion,2.0,8.0,predicted_benefit,1.0502948317724594,1.0101023239680889,1.0905523759972253,48
completion,2.0,8.0,realized_benefit,1.0,0.9375,1.0625,48
depth2,2.0,8.0,loss,0.8541666666666666,0.6875,1.0625,48
depth2,2.0,8.0,project_correct,0.21875,0.10416666666666667,0.3333333333333333,48
depth2,2.0,8.0,correct,1.21875,1.1041666666666667,1.3333333333333333,48
depth2,2.0,8.0,incorrect,0.010416666666666666,0.0,0.03125,48
depth2,2.0,8.0,unfinished,0.7708333333333334,0.6559895833333333,0.8854166666666666,48
depth2,2.0,8.0,questions,1.6979166666666667,1.5625,1.8229166666666667,48
depth2,2.0,8.0,repeated_questions,0.0,0.0,0.0,48
depth2,2.0,8.0,incorrect_scope_transfers,0.0,0.0,0.0,48
depth2,2.0,8.0,unresolved_responses,0.0,0.0,0.0,48
depth2,2.0,8.0,scope_questions,0.0,0.0,0.0,48
depth2,2.0,8.0,predicted_benefit,1.085555411030177,1.0401925078043706,1.13593695802983,48
depth2,2.0,8.0,realized_benefit,0.96875,0.7809895833333333,1.1041666666666667,48
depth3,2.0,8.0,loss,0.8541666666666666,0.6875,1.0625,48
depth3,2.0,8.0,project_correct,0.21875,0.10416666666666667,0.3333333333333333,48
depth3,2.0,8.0,correct,1.21875,1.1041666666666667,1.3333333333333333,48
depth3,2.0,8.0,incorrect,0.010416666666666666,0.0,0.03125,48
depth3,2.0,8.0,unfinished,0.7708333333333334,0.6559895833333333,0.8854166666666666,48
depth3,2.0,8.0,questions,1.6979166666666667,1.5625,1.8229166666666667,48
depth3,2.0,8.0,repeated_questions,0.0,0.0,0.0,48
depth3,2.0,8.0,incorrect_scope_transfers,0.0,0.0,0.0,48
depth3,2.0,8.0,unresolved_responses,0.0,0.0,0.0,48
depth3,2.0,8.0,scope_questions,0.0,0.0,0.0,48
depth3,2.0,8.0,predicted_benefit,1.085555411030177,1.0401925078043706,1.13593695802983,48
depth3,2.0,8.0,realized_benefit,0.96875,0.7809895833333333,1.1041666666666667,48
full_history,2.0,8.0,loss,1.6875,1.5208333333333333,1.8958333333333333,48
full_history,2.0,8.0,project_correct,0.0,0.0,0.0,48
full_history,2.0,8.0,correct,0.3854166666666667,0.25,0.5208333333333334,48
full_history,2.0,8.0,incorrect,0.010416666666666666,0.0,0.03125,48
full_history,2.0,8.0,unfinished,1.6041666666666667,1.4786458333333334,1.7291666666666667,48
full_history,2.0,8.0,questions,0.03125,0.0,0.08333333333333333,48
full_history,2.0,8.0,repeated_questions,0.0,0.0,0.0,48
full_history,2.0,8.0,incorrect_scope_transfers,0.0,0.0,0.0,48
full_history,2.0,8.0,unresolved_responses,0.0,0.0,0.0,48
full_history,2.0,8.0,scope_questions,0.0,0.0,0.0,48
full_history,2.0,8.0,predicted_benefit,0.03125,0.0,0.08333333333333333,48
full_history,2.0,8.0,realized_benefit,0.03125,0.0,0.08333333333333333,48
generic2,2.0,8.0,loss,0.8541666666666666,0.6875,1.0625,48
generic2,2.0,8.0,project_correct,0.21875,0.10416666666666667,0.3333333333333333,48
generic2,2.0,8.0,correct,1.21875,1.1041666666666667,1.3333333333333333,48
generic2,2.0,8.0,incorrect,0.010416666666666666,0.0,0.03125,48
generic2,2.0,8.0,unfinished,0.7708333333333334,0.6559895833333333,0.8854166666666666,48
generic2,2.0,8.0,questions,1.6979166666666667,1.5625,1.8229166666666667,48
generic2,2.0,8.0,repeated_questions,0.0,0.0,0.0,48
generic2,2.0,8.0,incorrect_scope_transfers,0.0,0.0,0.0,48
generic2,2.0,8.0,unresolved_responses,0.0,0.0,0.0,48
generic2,2.0,8.0,scope_questions,0.0,0.0,0.0,48
generic2,2.0,8.0,predicted_benefit,1.085555411030177,1.0401925078043706,1.13593695802983,48
generic2,2.0,8.0,realized_benefit,0.96875,0.7809895833333333,1.1041666666666667,48
ideal_depth2,2.0,8.0,loss,0.0,0.0,0.0,48
ideal_depth2,2.0,8.0,project_correct,1.0,1.0,1.0,48
ideal_depth2,2.0,8.0,correct,2.0,2.0,2.0,48
ideal_depth2,2.0,8.0,incorrect,0.0,0.0,0.0,48
ideal_depth2,2.0,8.0,unfinished,0.0,0.0,0.0,48
ideal_depth2,2.0,8.0,questions,0.0,0.0,0.0,48
ideal_depth2,2.0,8.0,repeated_questions,0.0,0.0,0.0,48
ideal_depth2,2.0,8.0,incorrect_scope_transfers,0.0,0.0,0.0,48
ideal_depth2,2.0,8.0,unresolved_responses,0.0,0.0,0.0,48
ideal_depth2,2.0,8.0,scope_questions,0.0,0.0,0.0,48
ideal_depth2,2.0,8.0,predicted_benefit,0.0,0.0,0.0,48
ideal_depth2,2.0,8.0,realized_benefit,0.0,0.0,0.0,48
no_scope,2.0,8.0,loss,0.8541666666666666,0.6875,1.0625,48
no_scope,2.0,8.0,project_correct,0.21875,0.10416666666666667,0.3333333333333333,48
no_scope,2.0,8.0,correct,1.21875,1.1041666666666667,1.3333333333333333,48
no_scope,2.0,8.0,incorrect,0.010416666666666666,0.0,0.03125,48
no_scope,2.0,8.0,unfinished,0.7708333333333334,0.6559895833333333,0.8854166666666666,48
no_scope,2.0,8.0,questions,1.6979166666666667,1.5625,1.8229166666666667,48
no_scope,2.0,8.0,repeated_questions,0.0,0.0,0.0,48
no_scope,2.0,8.0,incorrect_scope_transfers,0.0,0.0,0.0,48
no_scope,2.0,8.0,unresolved_responses,0.0,0.0,0.0,48
no_scope,2.0,8.0,scope_questions,0.0,0.0,0.0,48
no_scope,2.0,8.0,predicted_benefit,1.085555411030177,1.0401925078043706,1.13593695802983,48
no_scope,2.0,8.0,realized_benefit,0.96875,0.7809895833333333,1.1041666666666667,48
one_step,2.0,8.0,loss,1.34375,1.1145833333333333,1.59375,48
one_step,2.0,8.0,project_correct,0.16666666666666666,0.0625,0.2708333333333333,48
one_step,2.0,8.0,correct,0.7291666666666666,0.5411458333333333,0.9166666666666666,48
one_step,2.0,8.0,incorrect,0.010416666666666666,0.0,0.03125,48
one_step,2.0,8.0,unfinished,1.2604166666666667,1.0625,1.4583333333333333,48
one_step,2.0,8.0,questions,0.8229166666666666,0.60390625,1.0520833333333333,48
one_step,2.0,8.0,repeated_questions,0.0,0.0,0.0,48
one_step,2.0,8.0,incorrect_scope_transfers,0.0,0.0,0.0,48
one_step,2.0,8.0,unresolved_responses,0.0,0.0,0.0,48
one_step,2.0,8.0,scope_questions,0.0,0.0,0.0,48
one_step,2.0,8.0,predicted_benefit,0.6480012140131809,0.4877620425771767,0.8082081382240722,48
one_step,2.0,8.0,realized_benefit,0.4791666666666667,0.25,0.6875,48
request_specific,2.0,8.0,loss,0.8541666666666666,0.6875,1.0625,48
request_specific,2.0,8.0,project_correct,0.21875,0.10416666666666667,0.3333333333333333,48
request_specific,2.0,8.0,correct,1.21875,1.1041666666666667,1.3333333333333333,48
request_specific,2.0,8.0,incorrect,0.010416666666666666,0.0,0.03125,48
request_specific,2.0,8.0,unfinished,0.7708333333333334,0.6559895833333333,0.8854166666666666,48
request_specific,2.0,8.0,questions,1.6979166666666667,1.5625,1.8229166666666667,48
request_specific,2.0,8.0,repeated_questions,0.0,0.0,0.0,48
request_specific,2.0,8.0,incorrect_scope_transfers,0.0,0.0,0.0,48
request_specific,2.0,8.0,unresolved_responses,0.0,0.0,0.0,48
request_specific,2.0,8.0,scope_questions,0.0,0.0,0.0,48
request_specific,2.0,8.0,predicted_benefit,1.085555411030177,1.0401925078043706,1.13593695802983,48
request_specific,2.0,8.0,realized_benefit,0.96875,0.7809895833333333,1.1041666666666667,48
semantic_memory,2.0,8.0,loss,1.0833333333333333,0.8645833333333334,1.34375,48
semantic_memory,2.0,8.0,project_correct,0.19791666666666666,0.09375,0.3229166666666667,48
semantic_memory,2.0,8.0,correct,0.9895833333333334,0.8229166666666666,1.1666666666666667,48
semantic_memory,2.0,8.0,incorrect,0.010416666666666666,0.0,0.03125,48
semantic_memory,2.0,8.0,unfinished,1.0,0.8229166666666666,1.1666666666666667,48
semantic_memory,2.0,8.0,questions,1.6666666666666667,1.5104166666666667,1.8020833333333333,48
semantic_memory,2.0,8.0,repeated_questions,0.0,0.0,0.0,48
semantic_memory,2.0,8.0,incorrect_scope_transfers,0.0,0.0,0.0,48
semantic_memory,2.0,8.0,unresolved_responses,0.0,0.0,0.0,48
semantic_memory,2.0,8.0,scope_questions,0.0,0.0,0.0,48
semantic_memory,2.0,8.0,predicted_benefit,0.6274605445716266,0.4974305194242107,0.7530916688345473,48
semantic_memory,2.0,8.0,realized_benefit,0.7395833333333334,0.5,0.9375,48
completion,4.0,8.0,loss,0.23958333333333334,0.13541666666666666,0.3645833333333333,48
completion,4.0,8.0,project_correct,0.7604166666666666,0.6354166666666666,0.8645833333333334,48
completion,4.0,8.0,correct,1.7604166666666667,1.6354166666666667,1.8645833333333333,48
completion,4.0,8.0,incorrect,0.0,0.0,0.0,48
completion,4.0,8.0,unfinished,0.23958333333333334,0.13541666666666666,0.3645833333333333,48
completion,4.0,8.0,questions,3.6875,3.5625,3.8125,48
completion,4.0,8.0,repeated_questions,0.0,0.0,0.0,48
completion,4.0,8.0,incorrect_scope_transfers,0.0,0.0,0.0,48
completion,4.0,8.0,unresolved_responses,0.0,0.0,0.0,48
completion,4.0,8.0,scope_questions,0.0,0.0,0.0,48
completion,4.0,8.0,predicted_benefit,1.7333506763787723,1.6077111515782174,1.8432196821886924,48
completion,4.0,8.0,realized_benefit,1.5833333333333333,1.4375,1.71875,48
depth2,4.0,8.0,loss,0.16666666666666666,0.0625,0.2708333333333333,48
depth2,4.0,8.0,project_correct,0.8333333333333334,0.7291666666666666,0.9375,48
depth2,4.0,8.0,correct,1.8333333333333333,1.7291666666666667,1.9375,48
depth2,4.0,8.0,incorrect,0.0,0.0,0.0,48
depth2,4.0,8.0,unfinished,0.16666666666666666,0.0625,0.2708333333333333,48
depth2,4.0,8.0,questions,3.2916666666666665,3.0208333333333335,3.5416666666666665,48
depth2,4.0,8.0,repeated_questions,0.0,0.0,0.0,48
depth2,4.0,8.0,incorrect_scope_transfers,0.0,0.0,0.0,48
depth2,4.0,8.0,unresolved_responses,0.0,0.0,0.0,48
depth2,4.0,8.0,scope_questions,0.0,0.0,0.0,48
depth2,4.0,8.0,predicted_benefit,1.7471275580992025,1.6335254617585848,1.8434318635102318,48
depth2,4.0,8.0,realized_benefit,1.65625,1.5104166666666667,1.7916666666666667,48
depth3,4.0,8.0,loss,0.10416666666666667,0.020833333333333332,0.1875,48
depth3,4.0,8.0,project_correct,0.8958333333333334,0.8125,0.9791666666666666,48
depth3,4.0,8.0,correct,1.8958333333333333,1.8125,1.9791666666666667,48
depth3,4.0,8.0,incorrect,0.0,0.0,0.0,48
depth3,4.0,8.0,unfinished,0.10416666666666667,0.020833333333333332,0.1875,48
depth3,4.0,8.0,questions,3.4583333333333335,3.25,3.6666666666666665,48
depth3,4.0,8.0,repeated_questions,0.0,0.0,0.0,48
depth3,4.0,8.0,incorrect_scope_transfers,0.0,0.0,0.0,48
depth3,4.0,8.0,unresolved_responses,0.0,0.0,0.0,48
depth3,4.0,8.0,scope_questions,0.0,0.0,0.0,48
depth3,4.0,8.0,predicted_benefit,1.7988748699271593,1.702663241415193,1.883596188865765,48
depth3,4.0,8.0,realized_benefit,1.71875,1.59375,1.8333333333333333,48
full_history,4.0,8.0,loss,1.6875,1.5208333333333333,1.8958333333333333,48
full_history,4.0,8.0,project_correct,0.0,0.0,0.0,48
full_history,4.0,8.0,correct,0.3854166666666667,0.25,0.5208333333333334,48
full_history,4.0,8.0,incorrect,0.010416666666666666,0.0,0.03125,48
full_history,4.0,8.0,unfinished,1.6041666666666667,1.4786458333333334,1.7291666666666667,48
full_history,4.0,8.0,questions,0.03125,0.0,0.08333333333333333,48
full_history,4.0,8.0,repeated_questions,0.0,0.0,0.0,48
full_history,4.0,8.0,incorrect_scope_transfers,0.0,0.0,0.0,48
full_history,4.0,8.0,unresolved_responses,0.0,0.0,0.0,48
full_history,4.0,8.0,scope_questions,0.0,0.0,0.0,48
full_history,4.0,8.0,predicted_benefit,0.03125,0.0,0.08333333333333333,48
full_history,4.0,8.0,realized_benefit,0.03125,0.0,0.08333333333333333,48
generic2,4.0,8.0,loss,0.16666666666666666,0.0625,0.2708333333333333,48
generic2,4.0,8.0,project_correct,0.8333333333333334,0.7291666666666666,0.9375,48
generic2,4.0,8.0,correct,1.8333333333333333,1.7291666666666667,1.9375,48
generic2,4.0,8.0,incorrect,0.0,0.0,0.0,48
generic2,4.0,8.0,unfinished,0.16666666666666666,0.0625,0.2708333333333333,48
generic2,4.0,8.0,questions,3.2916666666666665,3.0208333333333335,3.5416666666666665,48
generic2,4.0,8.0,repeated_questions,0.0,0.0,0.0,48
generic2,4.0,8.0,incorrect_scope_transfers,0.0,0.0,0.0,48
generic2,4.0,8.0,unresolved_responses,0.0,0.0,0.0,48
generic2,4.0,8.0,scope_questions,0.0,0.0,0.0,48
generic2,4.0,8.0,predicted_benefit,1.7471275580992025,1.6335254617585848,1.8434318635102318,48
generic2,4.0,8.0,realized_benefit,1.65625,1.5104166666666667,1.7916666666666667,48
ideal_depth2,4.0,8.0,loss,0.0,0.0,0.0,48
ideal_depth2,4.0,8.0,project_correct,1.0,1.0,1.0,48
ideal_depth2,4.0,8.0,correct,2.0,2.0,2.0,48
ideal_depth2,4.0,8.0,incorrect,0.0,0.0,0.0,48
ideal_depth2,4.0,8.0,unfinished,0.0,0.0,0.0,48
ideal_depth2,4.0,8.0,questions,0.0,0.0,0.0,48
ideal_depth2,4.0,8.0,repeated_questions,0.0,0.0,0.0,48
ideal_depth2,4.0,8.0,incorrect_scope_transfers,0.0,0.0,0.0,48
ideal_depth2,4.0,8.0,unresolved_responses,0.0,0.0,0.0,48
ideal_depth2,4.0,8.0,scope_questions,0.0,0.0,0.0,48
ideal_depth2,4.0,8.0,predicted_benefit,0.0,0.0,0.0,48
ideal_depth2,4.0,8.0,realized_benefit,0.0,0.0,0.0,48
no_scope,4.0,8.0,loss,0.16666666666666666,0.0625,0.2708333333333333,48
no_scope,4.0,8.0,project_correct,0.8333333333333334,0.7291666666666666,0.9375,48
no_scope,4.0,8.0,correct,1.8333333333333333,1.7291666666666667,1.9375,48
no_scope,4.0,8.0,incorrect,0.0,0.0,0.0,48
no_scope,4.0,8.0,unfinished,0.16666666666666666,0.0625,0.2708333333333333,48
no_scope,4.0,8.0,questions,3.2916666666666665,3.0208333333333335,3.5416666666666665,48
no_scope,4.0,8.0,repeated_questions,0.0,0.0,0.0,48
no_scope,4.0,8.0,incorrect_scope_transfers,0.0,0.0,0.0,48
no_scope,4.0,8.0,unresolved_responses,0.0,0.0,0.0,48
no_scope,4.0,8.0,scope_questions,0.0,0.0,0.0,48
no_scope,4.0,8.0,predicted_benefit,1.7471275580992025,1.6335254617585848,1.8434318635102318,48
no_scope,4.0,8.0,realized_benefit,1.65625,1.5104166666666667,1.7916666666666667,48
one_step,4.0,8.0,loss,1.2604166666666667,1.0625,1.4583333333333333,48
one_step,4.0,8.0,project_correct,0.17708333333333334,0.08333333333333333,0.28125,48
one_step,4.0,8.0,correct,0.7395833333333334,0.5416666666666666,0.9375,48
one_step,4.0,8.0,incorrect,0.0,0.0,0.0,48
one_step,4.0,8.0,unfinished,1.2604166666666667,1.0625,1.4583333333333333,48
one_step,4.0,8.0,questions,1.0,0.7078125000000001,1.3125,48
one_step,4.0,8.0,repeated_questions,0.0,0.0,0.0,48
one_step,4.0,8.0,incorrect_scope_transfers,0.0,0.0,0.0,48
one_step,4.0,8.0,unresolved_responses,0.0,0.0,0.0,48
one_step,4.0,8.0,scope_questions,0.0,0.0,0.0,48
one_step,4.0,8.0,predicted_benefit,0.7393990634755466,0.5415257544224767,0.9372398543184186,48
one_step,4.0,8.0,realized_benefit,0.5625,0.3958333333333333,0.7395833333333334,48
request_specific,4.0,8.0,loss,0.16666666666666666,0.0625,0.2708333333333333,48
request_specific,4.0,8.0,project_correct,0.8333333333333334,0.7291666666666666,0.9375,48
request_specific,4.0,8.0,correct,1.8333333333333333,1.7291666666666667,1.9375,48
request_specific,4.0,8.0,incorrect,0.0,0.0,0.0,48
request_specific,4.0,8.0,unfinished,0.16666666666666666,0.0625,0.2708333333333333,48
request_specific,4.0,8.0,questions,3.2916666666666665,3.0208333333333335,3.5416666666666665,48
request_specific,4.0,8.0,repeated_questions,0.0,0.0,0.0,48
request_specific,4.0,8.0,incorrect_scope_transfers,0.0,0.0,0.0,48
request_specific,4.0,8.0,unresolved_responses,0.0,0.0,0.0,48
request_specific,4.0,8.0,scope_questions,0.0,0.0,0.0,48
request_specific,4.0,8.0,predicted_benefit,1.7471275580992025,1.6335254617585848,1.8434318635102318,48
request_specific,4.0,8.0,realized_benefit,1.65625,1.5104166666666667,1.7916666666666667,48
semantic_memory,4.0,8.0,loss,0.6666666666666666,0.4479166666666667,0.9479166666666666,48
semantic_memory,4.0,8.0,project_correct,0.53125,0.3958333333333333,0.6666666666666666,48
semantic_memory,4.0,8.0,correct,1.40625,1.2184895833333333,1.5833333333333333,48
semantic_memory,4.0,8.0,incorrect,0.010416666666666666,0.0,0.03125,48
semantic_memory,4.0,8.0,unfinished,0.5833333333333334,0.40625,0.78125,48
semantic_memory,4.0,8.0,questions,2.2916666666666665,1.9895833333333333,2.6041666666666665,48
semantic_memory,4.0,8.0,repeated_questions,0.0,0.0,0.0,48
semantic_memory,4.0,8.0,incorrect_scope_transfers,0.0,0.0,0.0,48
semantic_memory,4.0,8.0,unresolved_responses,0.0,0.0,0.0,48
semantic_memory,4.0,8.0,scope_questions,0.0,0.0,0.0,48
semantic_memory,4.0,8.0,predicted_benefit,1.0441272112382933,0.8528919528269162,1.2107841224419005,48
semantic_memory,4.0,8.0,realized_benefit,1.15625,0.8854166666666666,1.3854166666666667,48
completion,6.0,8.0,loss,0.0,0.0,0.0,48
completion,6.0,8.0,project_correct,1.0,1.0,1.0,48
completion,6.0,8.0,correct,2.0,2.0,2.0,48
completion,6.0,8.0,incorrect,0.0,0.0,0.0,48
completion,6.0,8.0,unfinished,0.0,0.0,0.0,48
completion,6.0,8.0,questions,3.9791666666666665,3.7708333333333335,4.1875,48
completion,6.0,8.0,repeated_questions,0.0,0.0,0.0,48
completion,6.0,8.0,incorrect_scope_transfers,0.0,0.0,0.0,48
completion,6.0,8.0,unresolved_responses,0.0,0.0,0.0,48
completion,6.0,8.0,scope_questions,0.0,0.0,0.0,48
completion,6.0,8.0,predicted_benefit,1.9998157301422133,1.999707065123136,1.9999132847728063,48
completion,6.0,8.0,realized_benefit,1.8229166666666667,1.7184895833333333,1.9166666666666667,48
depth2,6.0,8.0,loss,0.16666666666666666,0.0625,0.2708333333333333,48
depth2,6.0,8.0,project_correct,0.8333333333333334,0.7291666666666666,0.9375,48
depth2,6.0,8.0,correct,1.8333333333333333,1.7291666666666667,1.9375,48
depth2,6.0,8.0,incorrect,0.0,0.0,0.0,48
depth2,6.0,8.0,unfinished,0.16666666666666666,0.0625,0.2708333333333333,48
depth2,6.0,8.0,questions,3.4583333333333335,3.1458333333333335,3.7708333333333335,48
depth2,6.0,8.0,repeated_questions,0.0,0.0,0.0,48
depth2,6.0,8.0,incorrect_scope_transfers,0.0,0.0,0.0,48
depth2,6.0,8.0,unresolved_responses,0.0,0.0,0.0,48
depth2,6.0,8.0,scope_questions,0.0,0.0,0.0,48
depth2,6.0,8.0,predicted_benefit,1.8331490634755465,1.728938768210198,1.9371970386749915,48
depth2,6.0,8.0,realized_benefit,1.65625,1.5104166666666667,1.7916666666666667,48
depth3,6.0,8.0,loss,0.020833333333333332,0.0,0.0625,48
depth3,6.0,8.0,project_correct,0.9791666666666666,0.9375,1.0,48
depth3,6.0,8.0,correct,1.9791666666666667,1.9375,2.0,48
depth3,6.0,8.0,incorrect,0.0,0.0,0.0,48
depth3,6.0,8.0,unfinished,0.020833333333333332,0.0,0.0625,48
depth3,6.0,8.0,questions,3.8958333333333335,3.6458333333333335,4.125,48
depth3,6.0,8.0,repeated_questions,0.0,0.0,0.0,48
depth3,6.0,8.0,incorrect_scope_transfers,0.0,0.0,0.0,48
depth3,6.0,8.0,unresolved_responses,0.0,0.0,0.0,48
depth3,6.0,8.0,scope_questions,0.0,0.0,0.0,48
depth3,6.0,8.0,predicted_benefit,1.97898239680888,1.937261262140132,1.999891605966008,48
depth3,6.0,8.0,realized_benefit,1.8020833333333333,1.6875,1.90625,48
full_history,6.0,8.0,loss,1.6875,1.5208333333333333,1.8958333333333333,48
full_history,6.0,8.0,project_correct,0.0,0.0,0.0,48
full_history,6.0,8.0,correct,0.3854166666666667,0.25,0.5208333333333334,48
full_history,6.0,8.0,incorrect,0.010416666666666666,0.0,0.03125,48
full_history,6.0,8.0,unfinished,1.6041666666666667,1.4786458333333334,1.7291666666666667,48
full_history,6.0,8.0,questions,0.03125,0.0,0.08333333333333333,48
full_history,6.0,8.0,repeated_questions,0.0,0.0,0.0,48
full_history,6.0,8.0,incorrect_scope_transfers,0.0,0.0,0.0,48
full_history,6.0,8.0,unresolved_responses,0.0,0.0,0.0,48
full_history,6.0,8.0,scope_questions,0.0,0.0,0.0,48
full_history,6.0,8.0,predicted_benefit,0.03125,0.0,0.08333333333333333,48
full_history,6.0,8.0,realized_benefit,0.03125,0.0,0.08333333333333333,48
generic2,6.0,8.0,loss,0.16666666666666666,0.0625,0.2708333333333333,48
generic2,6.0,8.0,project_correct,0.8333333333333334,0.7291666666666666,0.9375,48
generic2,6.0,8.0,correct,1.8333333333333333,1.7291666666666667,1.9375,48
generic2,6.0,8.0,incorrect,0.0,0.0,0.0,48
generic2,6.0,8.0,unfinished,0.16666666666666666,0.0625,0.2708333333333333,48
generic2,6.0,8.0,questions,3.4583333333333335,3.1458333333333335,3.7708333333333335,48
generic2,6.0,8.0,repeated_questions,0.0,0.0,0.0,48
generic2,6.0,8.0,incorrect_scope_transfers,0.0,0.0,0.0,48
generic2,6.0,8.0,unresolved_responses,0.0,0.0,0.0,48
generic2,6.0,8.0,scope_questions,0.0,0.0,0.0,48
generic2,6.0,8.0,predicted_benefit,1.8331490634755465,1.728938768210198,1.9371970386749915,48
generic2,6.0,8.0,realized_benefit,1.65625,1.5104166666666667,1.7916666666666667,48
ideal_depth2,6.0,8.0,loss,0.0,0.0,0.0,48
ideal_depth2,6.0,8.0,project_correct,1.0,1.0,1.0,48
ideal_depth2,6.0,8.0,correct,2.0,2.0,2.0,48
ideal_depth2,6.0,8.0,incorrect,0.0,0.0,0.0,48
ideal_depth2,6.0,8.0,unfinished,0.0,0.0,0.0,48
ideal_depth2,6.0,8.0,questions,0.0,0.0,0.0,48
ideal_depth2,6.0,8.0,repeated_questions,0.0,0.0,0.0,48
ideal_depth2,6.0,8.0,incorrect_scope_transfers,0.0,0.0,0.0,48
ideal_depth2,6.0,8.0,unresolved_responses,0.0,0.0,0.0,48
ideal_depth2,6.0,8.0,scope_questions,0.0,0.0,0.0,48
ideal_depth2,6.0,8.0,predicted_benefit,0.0,0.0,0.0,48
ideal_depth2,6.0,8.0,realized_benefit,0.0,0.0,0.0,48
no_scope,6.0,8.0,loss,0.16666666666666666,0.0625,0.2708333333333333,48
no_scope,6.0,8.0,project_correct,0.8333333333333334,0.7291666666666666,0.9375,48
no_scope,6.0,8.0,correct,1.8333333333333333,1.7291666666666667,1.9375,48
no_scope,6.0,8.0,incorrect,0.0,0.0,0.0,48
no_scope,6.0,8.0,unfinished,0.16666666666666666,0.0625,0.2708333333333333,48
no_scope,6.0,8.0,questions,3.4583333333333335,3.1458333333333335,3.7708333333333335,48
no_scope,6.0,8.0,repeated_questions,0.0,0.0,0.0,48
no_scope,6.0,8.0,incorrect_scope_transfers,0.0,0.0,0.0,48
no_scope,6.0,8.0,unresolved_responses,0.0,0.0,0.0,48
no_scope,6.0,8.0,scope_questions,0.0,0.0,0.0,48
no_scope,6.0,8.0,predicted_benefit,1.8331490634755465,1.728938768210198,1.9371970386749915,48
no_scope,6.0,8.0,realized_benefit,1.65625,1.5104166666666667,1.7916666666666667,48
one_step,6.0,8.0,loss,1.2604166666666667,1.0625,1.4583333333333333,48
one_step,6.0,8.0,project_correct,0.17708333333333334,0.08333333333333333,0.28125,48
one_step,6.0,8.0,correct,0.7395833333333334,0.5416666666666666,0.9375,48
one_step,6.0,8.0,incorrect,0.0,0.0,0.0,48
one_step,6.0,8.0,unfinished,1.2604166666666667,1.0625,1.4583333333333333,48
one_step,6.0,8.0,questions,1.0,0.7078125000000001,1.3125,48
one_step,6.0,8.0,repeated_questions,0.0,0.0,0.0,48
one_step,6.0,8.0,incorrect_scope_transfers,0.0,0.0,0.0,48
one_step,6.0,8.0,unresolved_responses,0.0,0.0,0.0,48
one_step,6.0,8.0,scope_questions,0.0,0.0,0.0,48
one_step,6.0,8.0,predicted_benefit,0.7393990634755466,0.5415257544224767,0.9372398543184186,48
one_step,6.0,8.0,realized_benefit,0.5625,0.3958333333333333,0.7395833333333334,48
request_specific,6.0,8.0,loss,0.16666666666666666,0.0625,0.2708333333333333,48
request_specific,6.0,8.0,project_correct,0.8333333333333334,0.7291666666666666,0.9375,48
request_specific,6.0,8.0,correct,1.8333333333333333,1.7291666666666667,1.9375,48
request_specific,6.0,8.0,incorrect,0.0,0.0,0.0,48
request_specific,6.0,8.0,unfinished,0.16666666666666666,0.0625,0.2708333333333333,48
request_specific,6.0,8.0,questions,3.4583333333333335,3.1458333333333335,3.7708333333333335,48
request_specific,6.0,8.0,repeated_questions,0.0,0.0,0.0,48
request_specific,6.0,8.0,incorrect_scope_transfers,0.0,0.0,0.0,48
request_specific,6.0,8.0,unresolved_responses,0.0,0.0,0.0,48
request_specific,6.0,8.0,scope_questions,0.0,0.0,0.0,48
request_specific,6.0,8.0,predicted_benefit,1.8331490634755465,1.728938768210198,1.9371970386749915,48
request_specific,6.0,8.0,realized_benefit,1.65625,1.5104166666666667,1.7916666666666667,48
semantic_memory,6.0,8.0,loss,0.6458333333333334,0.4270833333333333,0.9169270833333318,48
semantic_memory,6.0,8.0,project_correct,0.5520833333333334,0.4166666666666667,0.6875,48
semantic_memory,6.0,8.0,correct,1.4270833333333333,1.2395833333333333,1.6041666666666667,48
semantic_memory,6.0,8.0,incorrect,0.010416666666666666,0.0,0.03125,48
semantic_memory,6.0,8.0,unfinished,0.5625,0.3854166666666667,0.7604166666666666,48
semantic_memory,6.0,8.0,questions,2.3125,2.0,2.625,48
semantic_memory,6.0,8.0,repeated_questions,0.0,0.0,0.0,48
semantic_memory,6.0,8.0,incorrect_scope_transfers,0.0,0.0,0.0,48
semantic_memory,6.0,8.0,unresolved_responses,0.0,0.0,0.0,48
semantic_memory,6.0,8.0,scope_questions,0.0,0.0,0.0,48
semantic_memory,6.0,8.0,predicted_benefit,1.0649605445716266,0.8734524041796737,1.236332054283732,48
semantic_memory,6.0,8.0,realized_benefit,1.1770833333333333,0.90625,1.40625,48
completion,unlimited,8.0,loss,0.0,0.0,0.0,48
completion,unlimited,8.0,project_correct,1.0,1.0,1.0,48
completion,unlimited,8.0,correct,2.0,2.0,2.0,48
completion,unlimited,8.0,incorrect,0.0,0.0,0.0,48
completion,unlimited,8.0,unfinished,0.0,0.0,0.0,48
completion,unlimited,8.0,questions,3.9791666666666665,3.7708333333333335,4.1875,48
completion,unlimited,8.0,repeated_questions,0.0,0.0,0.0,48
completion,unlimited,8.0,incorrect_scope_transfers,0.0,0.0,0.0,48
completion,unlimited,8.0,unresolved_responses,0.0,0.0,0.0,48
completion,unlimited,8.0,scope_questions,0.0,0.0,0.0,48
completion,unlimited,8.0,predicted_benefit,1.9998157301422133,1.999707065123136,1.9999132847728063,48
completion,unlimited,8.0,realized_benefit,1.8229166666666667,1.7184895833333333,1.9166666666666667,48
depth2,unlimited,8.0,loss,0.16666666666666666,0.0625,0.2708333333333333,48
depth2,unlimited,8.0,project_correct,0.8333333333333334,0.7291666666666666,0.9375,48
depth2,unlimited,8.0,correct,1.8333333333333333,1.7291666666666667,1.9375,48
depth2,unlimited,8.0,incorrect,0.0,0.0,0.0,48
depth2,unlimited,8.0,unfinished,0.16666666666666666,0.0625,0.2708333333333333,48
depth2,unlimited,8.0,questions,3.4583333333333335,3.1458333333333335,3.7708333333333335,48
depth2,unlimited,8.0,repeated_questions,0.0,0.0,0.0,48
depth2,unlimited,8.0,incorrect_scope_transfers,0.0,0.0,0.0,48
depth2,unlimited,8.0,unresolved_responses,0.0,0.0,0.0,48
depth2,unlimited,8.0,scope_questions,0.0,0.0,0.0,48
depth2,unlimited,8.0,predicted_benefit,1.8331490634755465,1.728938768210198,1.9371970386749915,48
depth2,unlimited,8.0,realized_benefit,1.65625,1.5104166666666667,1.7916666666666667,48
depth3,unlimited,8.0,loss,0.020833333333333332,0.0,0.0625,48
depth3,unlimited,8.0,project_correct,0.9791666666666666,0.9375,1.0,48
depth3,unlimited,8.0,correct,1.9791666666666667,1.9375,2.0,48
depth3,unlimited,8.0,incorrect,0.0,0.0,0.0,48
depth3,unlimited,8.0,unfinished,0.020833333333333332,0.0,0.0625,48
depth3,unlimited,8.0,questions,3.8958333333333335,3.6458333333333335,4.125,48
depth3,unlimited,8.0,repeated_questions,0.0,0.0,0.0,48
depth3,unlimited,8.0,incorrect_scope_transfers,0.0,0.0,0.0,48
depth3,unlimited,8.0,unresolved_responses,0.0,0.0,0.0,48
depth3,unlimited,8.0,scope_questions,0.0,0.0,0.0,48
depth3,unlimited,8.0,predicted_benefit,1.97898239680888,1.937261262140132,1.999891605966008,48
depth3,unlimited,8.0,realized_benefit,1.8020833333333333,1.6875,1.90625,48
full_history,unlimited,8.0,loss,1.6875,1.5208333333333333,1.8958333333333333,48
full_history,unlimited,8.0,project_correct,0.0,0.0,0.0,48
full_history,unlimited,8.0,correct,0.3854166666666667,0.25,0.5208333333333334,48
full_history,unlimited,8.0,incorrect,0.010416666666666666,0.0,0.03125,48
full_history,unlimited,8.0,unfinished,1.6041666666666667,1.4786458333333334,1.7291666666666667,48
full_history,unlimited,8.0,questions,0.03125,0.0,0.08333333333333333,48
full_history,unlimited,8.0,repeated_questions,0.0,0.0,0.0,48
full_history,unlimited,8.0,incorrect_scope_transfers,0.0,0.0,0.0,48
full_history,unlimited,8.0,unresolved_responses,0.0,0.0,0.0,48
full_history,unlimited,8.0,scope_questions,0.0,0.0,0.0,48
full_history,unlimited,8.0,predicted_benefit,0.03125,0.0,0.08333333333333333,48
full_history,unlimited,8.0,realized_benefit,0.03125,0.0,0.08333333333333333,48
generic2,unlimited,8.0,loss,0.16666666666666666,0.0625,0.2708333333333333,48
generic2,unlimited,8.0,project_correct,0.8333333333333334,0.7291666666666666,0.9375,48
generic2,unlimited,8.0,correct,1.8333333333333333,1.7291666666666667,1.9375,48
generic2,unlimited,8.0,incorrect,0.0,0.0,0.0,48
generic2,unlimited,8.0,unfinished,0.16666666666666666,0.0625,0.2708333333333333,48
generic2,unlimited,8.0,questions,3.4583333333333335,3.1458333333333335,3.7708333333333335,48
generic2,unlimited,8.0,repeated_questions,0.0,0.0,0.0,48
generic2,unlimited,8.0,incorrect_scope_transfers,0.0,0.0,0.0,48
generic2,unlimited,8.0,unresolved_responses,0.0,0.0,0.0,48
generic2,unlimited,8.0,scope_questions,0.0,0.0,0.0,48
generic2,unlimited,8.0,predicted_benefit,1.8331490634755465,1.728938768210198,1.9371970386749915,48
generic2,unlimited,8.0,realized_benefit,1.65625,1.5104166666666667,1.7916666666666667,48
ideal_depth2,unlimited,8.0,loss,0.0,0.0,0.0,48
ideal_depth2,unlimited,8.0,project_correct,1.0,1.0,1.0,48
ideal_depth2,unlimited,8.0,correct,2.0,2.0,2.0,48
ideal_depth2,unlimited,8.0,incorrect,0.0,0.0,0.0,48
ideal_depth2,unlimited,8.0,unfinished,0.0,0.0,0.0,48
ideal_depth2,unlimited,8.0,questions,0.0,0.0,0.0,48
ideal_depth2,unlimited,8.0,repeated_questions,0.0,0.0,0.0,48
ideal_depth2,unlimited,8.0,incorrect_scope_transfers,0.0,0.0,0.0,48
ideal_depth2,unlimited,8.0,unresolved_responses,0.0,0.0,0.0,48
ideal_depth2,unlimited,8.0,scope_questions,0.0,0.0,0.0,48
ideal_depth2,unlimited,8.0,predicted_benefit,0.0,0.0,0.0,48
ideal_depth2,unlimited,8.0,realized_benefit,0.0,0.0,0.0,48
no_scope,unlimited,8.0,loss,0.16666666666666666,0.0625,0.2708333333333333,48
no_scope,unlimited,8.0,project_correct,0.8333333333333334,0.7291666666666666,0.9375,48
no_scope,unlimited,8.0,correct,1.8333333333333333,1.7291666666666667,1.9375,48
no_scope,unlimited,8.0,incorrect,0.0,0.0,0.0,48
no_scope,unlimited,8.0,unfinished,0.16666666666666666,0.0625,0.2708333333333333,48
no_scope,unlimited,8.0,questions,3.4583333333333335,3.1458333333333335,3.7708333333333335,48
no_scope,unlimited,8.0,repeated_questions,0.0,0.0,0.0,48
no_scope,unlimited,8.0,incorrect_scope_transfers,0.0,0.0,0.0,48
no_scope,unlimited,8.0,unresolved_responses,0.0,0.0,0.0,48
no_scope,unlimited,8.0,scope_questions,0.0,0.0,0.0,48
no_scope,unlimited,8.0,predicted_benefit,1.8331490634755465,1.728938768210198,1.9371970386749915,48
no_scope,unlimited,8.0,realized_benefit,1.65625,1.5104166666666667,1.7916666666666667,48
one_step,unlimited,8.0,loss,1.2604166666666667,1.0625,1.4583333333333333,48
one_step,unlimited,8.0,project_correct,0.17708333333333334,0.08333333333333333,0.28125,48
one_step,unlimited,8.0,correct,0.7395833333333334,0.5416666666666666,0.9375,48
one_step,unlimited,8.0,incorrect,0.0,0.0,0.0,48
one_step,unlimited,8.0,unfinished,1.2604166666666667,1.0625,1.4583333333333333,48
one_step,unlimited,8.0,questions,1.0,0.7078125000000001,1.3125,48
one_step,unlimited,8.0,repeated_questions,0.0,0.0,0.0,48
one_step,unlimited,8.0,incorrect_scope_transfers,0.0,0.0,0.0,48
one_step,unlimited,8.0,unresolved_responses,0.0,0.0,0.0,48
one_step,unlimited,8.0,scope_questions,0.0,0.0,0.0,48
one_step,unlimited,8.0,predicted_benefit,0.7393990634755466,0.5415257544224767,0.9372398543184186,48
one_step,unlimited,8.0,realized_benefit,0.5625,0.3958333333333333,0.7395833333333334,48
request_specific,unlimited,8.0,loss,0.16666666666666666,0.0625,0.2708333333333333,48
request_specific,unlimited,8.0,project_correct,0.8333333333333334,0.7291666666666666,0.9375,48
request_specific,unlimited,8.0,correct,1.8333333333333333,1.7291666666666667,1.9375,48
request_specific,unlimited,8.0,incorrect,0.0,0.0,0.0,48
request_specific,unlimited,8.0,unfinished,0.16666666666666666,0.0625,0.2708333333333333,48
request_specific,unlimited,8.0,questions,3.4583333333333335,3.1458333333333335,3.7708333333333335,48
request_specific,unlimited,8.0,repeated_questions,0.0,0.0,0.0,48
request_specific,unlimited,8.0,incorrect_scope_transfers,0.0,0.0,0.0,48
request_specific,unlimited,8.0,unresolved_responses,0.0,0.0,0.0,48
request_specific,unlimited,8.0,scope_questions,0.0,0.0,0.0,48
request_specific,unlimited,8.0,predicted_benefit,1.8331490634755465,1.728938768210198,1.9371970386749915,48
request_specific,unlimited,8.0,realized_benefit,1.65625,1.5104166666666667,1.7916666666666667,48
semantic_memory,unlimited,8.0,loss,0.6458333333333334,0.4270833333333333,0.9169270833333318,48
semantic_memory,unlimited,8.0,project_correct,0.5520833333333334,0.4166666666666667,0.6875,48
semantic_memory,unlimited,8.0,correct,1.4270833333333333,1.2395833333333333,1.6041666666666667,48
semantic_memory,unlimited,8.0,incorrect,0.010416666666666666,0.0,0.03125,48
semantic_memory,unlimited,8.0,unfinished,0.5625,0.3854166666666667,0.7604166666666666,48
semantic_memory,unlimited,8.0,questions,2.3125,2.0,2.625,48
semantic_memory,unlimited,8.0,repeated_questions,0.0,0.0,0.0,48
semantic_memory,unlimited,8.0,incorrect_scope_transfers,0.0,0.0,0.0,48
semantic_memory,unlimited,8.0,unresolved_responses,0.0,0.0,0.0,48
semantic_memory,unlimited,8.0,scope_questions,0.0,0.0,0.0,48
semantic_memory,unlimited,8.0,predicted_benefit,1.0649605445716266,0.8734524041796737,1.236332054283732,48
semantic_memory,unlimited,8.0,realized_benefit,1.1770833333333333,0.90625,1.40625,48
