id,replicate,method,budget,error_weight,episode_seconds,planning_seconds,planning_calls,max_nodes
MUL0099.json,0,minimum_completion,0,2.0,0.0001843899954110384,0,0,0
MUL0099.json,0,minimum_completion,1,2.0,0.0006635769968852401,0,0,0
MUL0099.json,0,minimum_completion,2,2.0,0.000583791988901794,0,0,0
MUL0099.json,0,minimum_completion,4,2.0,0.0005884920246899128,0,0,0
MUL0099.json,0,minimum_completion,6,2.0,0.0005720270564779639,0,0,0
MUL0099.json,0,minimum_completion,unlimited,2.0,0.0005745659582316875,0,0,0
MUL0099.json,0,minimum_completion,0,4.0,0.00014511100016534328,0,0,0
MUL0099.json,0,minimum_completion,1,4.0,0.000584507011808455,0,0,0
MUL0099.json,0,minimum_completion,2,4.0,0.0005715680308640003,0,0,0
MUL0099.json,0,minimum_completion,4,4.0,0.000569741940125823,0,0,0
MUL0099.json,0,minimum_completion,6,4.0,0.0005658180452883244,0,0,0
MUL0099.json,0,minimum_completion,unlimited,4.0,0.0005699649918824434,0,0,0
MUL0099.json,0,minimum_completion,0,8.0,6.92990142852068e-05,0,0,0
MUL0099.json,0,minimum_completion,1,8.0,0.00033342698588967323,0,0,0
MUL0099.json,0,minimum_completion,2,8.0,0.0007475470192730427,0,0,0
MUL0099.json,0,minimum_completion,4,8.0,0.000827715964987874,0,0,0
MUL0099.json,0,minimum_completion,6,8.0,0.0007828309899196029,0,0,0
MUL0099.json,0,minimum_completion,unlimited,8.0,0.0007309269858524203,0,0,0
MUL0099.json,1,minimum_completion,0,2.0,0.00014899205416440964,0,0,0
MUL0099.json,1,minimum_completion,1,2.0,0.000578072969801724,0,0,0
MUL0099.json,1,minimum_completion,2,2.0,0.0005979880224913359,0,0,0
MUL0099.json,1,minimum_completion,4,2.0,0.000595530029386282,0,0,0
MUL0099.json,1,minimum_completion,6,2.0,0.0005837710341438651,0,0,0
MUL0099.json,1,minimum_completion,unlimited,2.0,0.0005740349879488349,0,0,0
MUL0099.json,1,minimum_completion,0,4.0,0.0001421340275555849,0,0,0
MUL0099.json,1,minimum_completion,1,4.0,0.0005800999933853745,0,0,0
MUL0099.json,1,minimum_completion,2,4.0,0.000595232006162405,0,0,0
MUL0099.json,1,minimum_completion,4,4.0,0.000628087087534368,0,0,0
MUL0099.json,1,minimum_completion,6,4.0,0.0005917289527133107,0,0,0
MUL0099.json,1,minimum_completion,unlimited,4.0,0.0006157900206744671,0,0,0
MUL0099.json,1,minimum_completion,0,8.0,7.105700206011534e-05,0,0,0
MUL0099.json,1,minimum_completion,1,8.0,0.00031102204229682684,0,0,0
MUL0099.json,1,minimum_completion,2,8.0,0.0008048779563978314,0,0,0
MUL0099.json,1,minimum_completion,4,8.0,0.0007354449480772018,0,0,0
MUL0099.json,1,minimum_completion,6,8.0,0.0007592630572617054,0,0,0
MUL0099.json,1,minimum_completion,unlimited,8.0,0.0007527800044044852,0,0,0
MUL0810.json,0,minimum_completion,0,2.0,6.623903755098581e-05,0,0,0
MUL0810.json,0,minimum_completion,1,2.0,0.00036187004297971725,0,0,0
MUL0810.json,0,minimum_completion,2,2.0,0.0004298379644751549,0,0,0
MUL0810.json,0,minimum_completion,4,2.0,0.0008227630751207471,0,0,0
MUL0810.json,0,minimum_completion,6,2.0,0.0008380149956792593,0,0,0
MUL0810.json,0,minimum_completion,unlimited,2.0,0.0008136460091918707,0,0,0
MUL0810.json,0,minimum_completion,0,4.0,6.15239841863513e-05,0,0,0
MUL0810.json,0,minimum_completion,1,4.0,0.00035216507967561483,0,0,0
MUL0810.json,0,minimum_completion,2,4.0,0.00041691598016768694,0,0,0
MUL0810.json,0,minimum_completion,4,4.0,0.0008653369732201099,0,0,0
MUL0810.json,0,minimum_completion,6,4.0,0.0008277399465441704,0,0,0
MUL0810.json,0,minimum_completion,unlimited,4.0,0.0008131390204653144,0,0,0
MUL0810.json,0,minimum_completion,0,8.0,6.186100654304028e-05,0,0,0
MUL0810.json,0,minimum_completion,1,8.0,0.0003412709338590503,0,0,0
MUL0810.json,0,minimum_completion,2,8.0,0.00040663499385118484,0,0,0
MUL0810.json,0,minimum_completion,4,8.0,0.0008035938953980803,0,0,0
MUL0810.json,0,minimum_completion,6,8.0,0.0008222589967772365,0,0,0
MUL0810.json,0,minimum_completion,unlimited,8.0,0.0008227899670600891,0,0,0
MUL0810.json,1,minimum_completion,0,2.0,0.0002400859957560897,0,0,0
MUL0810.json,1,minimum_completion,1,2.0,0.0006221149815246463,0,0,0
MUL0810.json,1,minimum_completion,2,2.0,0.00061939493753016,0,0,0
MUL0810.json,1,minimum_completion,4,2.0,0.0006109040696173906,0,0,0
MUL0810.json,1,minimum_completion,6,2.0,0.0006159699987620115,0,0,0
MUL0810.json,1,minimum_completion,unlimited,2.0,0.0006344530265778303,0,0,0
MUL0810.json,1,minimum_completion,0,4.0,0.00022221694234758615,0,0,0
MUL0810.json,1,minimum_completion,1,4.0,0.0006807389436289668,0,0,0
MUL0810.json,1,minimum_completion,2,4.0,0.0007076809415593743,0,0,0
MUL0810.json,1,minimum_completion,4,4.0,0.0006559600587934256,0,0,0
MUL0810.json,1,minimum_completion,6,4.0,0.0006359720136970282,0,0,0
MUL0810.json,1,minimum_completion,unlimited,4.0,0.0006496669957414269,0,0,0
MUL0810.json,1,minimum_completion,0,8.0,7.090799044817686e-05,0,0,0
MUL0810.json,1,minimum_completion,1,8.0,0.00042184803169220686,0,0,0
MUL0810.json,1,minimum_completion,2,8.0,0.000829283962957561,0,0,0
MUL0810.json,1,minimum_completion,4,8.0,0.0008046190487220883,0,0,0
MUL0810.json,1,minimum_completion,6,8.0,0.0008183799218386412,0,0,0
MUL0810.json,1,minimum_completion,unlimited,8.0,0.0008952859789133072,0,0,0
MUL0814.json,0,minimum_completion,0,2.0,0.0006174830486997962,0,0,0
MUL0814.json,0,minimum_completion,1,2.0,0.0005833350587636232,0,0,0
MUL0814.json,0,minimum_completion,2,2.0,0.0005806440021842718,0,0,0
MUL0814.json,0,minimum_completion,4,2.0,0.0011978079564869404,0,0,0
MUL0814.json,0,minimum_completion,6,2.0,0.0005978679982945323,0,0,0
MUL0814.json,0,minimum_completion,unlimited,2.0,0.00057842000387609,0,0,0
MUL0814.json,0,minimum_completion,0,4.0,0.00037170806899666786,0,0,0
MUL0814.json,0,minimum_completion,1,4.0,0.0007632949855178595,0,0,0
MUL0814.json,0,minimum_completion,2,4.0,0.0007441120687872171,0,0,0
MUL0814.json,0,minimum_completion,4,4.0,0.000751639949157834,0,0,0
MUL0814.json,0,minimum_completion,6,4.0,0.0007806430803611875,0,0,0
MUL0814.json,0,minimum_completion,unlimited,4.0,0.0007361039752140641,0,0,0
MUL0814.json,0,minimum_completion,0,8.0,7.903703954070807e-05,0,0,0
MUL0814.json,0,minimum_completion,1,8.0,0.0006989400135353208,0,0,0
MUL0814.json,0,minimum_completion,2,8.0,0.0009371089981868863,0,0,0
MUL0814.json,0,minimum_completion,4,8.0,0.0014114880468696356,0,0,0
MUL0814.json,0,minimum_completion,6,8.0,0.0014135229866951704,0,0,0
MUL0814.json,0,minimum_completion,unlimited,8.0,0.0013548489660024643,0,0,0
MUL0814.json,1,minimum_completion,0,2.0,7.505505345761776e-05,0,0,0
MUL0814.json,1,minimum_completion,1,2.0,0.0006182520883157849,0,0,0
MUL0814.json,1,minimum_completion,2,2.0,0.0009527989896014333,0,0,0
MUL0814.json,1,minimum_completion,4,2.0,0.0009536100551486015,0,0,0
MUL0814.json,1,minimum_completion,6,2.0,0.0009537050500512123,0,0,0
MUL0814.json,1,minimum_completion,unlimited,2.0,0.0009702269453555346,0,0,0
MUL0814.json,1,minimum_completion,0,4.0,6.985990330576897e-05,0,0,0
MUL0814.json,1,minimum_completion,1,4.0,0.0006078139413148165,0,0,0
MUL0814.json,1,minimum_completion,2,4.0,0.000978749943897128,0,0,0
MUL0814.json,1,minimum_completion,4,4.0,0.0009519950253888965,0,0,0
MUL0814.json,1,minimum_completion,6,4.0,0.0009714560583233833,0,0,0
MUL0814.json,1,minimum_completion,unlimited,4.0,0.000998024013824761,0,0,0
MUL0814.json,1,minimum_completion,0,8.0,6.775103975087404e-05,0,0,0
MUL0814.json,1,minimum_completion,1,8.0,0.0006068410584703088,0,0,0
MUL0814.json,1,minimum_completion,2,8.0,0.000755012035369873,0,0,0
MUL0814.json,1,minimum_completion,4,8.0,0.0011745060328394175,0,0,0
MUL0814.json,1,minimum_completion,6,8.0,0.0011941570555791259,0,0,0
MUL0814.json,1,minimum_completion,unlimited,8.0,0.0012263800017535686,0,0,0
MUL0821.json,0,minimum_completion,0,2.0,7.048703264445066e-05,0,0,0
MUL0821.json,0,minimum_completion,1,2.0,0.000539551954716444,0,0,0
MUL0821.json,0,minimum_completion,2,2.0,0.0005944679724052548,0,0,0
MUL0821.json,0,minimum_completion,4,2.0,0.001045420067384839,0,0,0
MUL0821.json,0,minimum_completion,6,2.0,0.0010615939972922206,0,0,0
MUL0821.json,0,minimum_completion,unlimited,2.0,0.0011021640384569764,0,0,0
MUL0821.json,0,minimum_completion,0,4.0,6.835500244051218e-05,0,0,0
MUL0821.json,0,minimum_completion,1,4.0,0.000547101953998208,0,0,0
MUL0821.json,0,minimum_completion,2,4.0,0.0006504020420834422,0,0,0
MUL0821.json,0,minimum_completion,4,4.0,0.001002697041258216,0,0,0
MUL0821.json,0,minimum_completion,6,4.0,0.001003510900773108,0,0,0
MUL0821.json,0,minimum_completion,unlimited,4.0,0.001065818010829389,0,0,0
MUL0821.json,0,minimum_completion,0,8.0,6.617896724492311e-05,0,0,0
MUL0821.json,0,minimum_completion,1,8.0,0.0005399700021371245,0,0,0
MUL0821.json,0,minimum_completion,2,8.0,0.0006025200709700584,0,0,0
MUL0821.json,0,minimum_completion,4,8.0,0.0010015619918704033,0,0,0
MUL0821.json,0,minimum_completion,6,8.0,0.0010042439680546522,0,0,0
MUL0821.json,0,minimum_completion,unlimited,8.0,0.0010731829097494483,0,0,0
MUL0821.json,1,minimum_completion,0,2.0,0.0005603889003396034,0,0,0
MUL0821.json,1,minimum_completion,1,2.0,0.0005549431079998612,0,0,0
MUL0821.json,1,minimum_completion,2,2.0,0.0005676349392160773,0,0,0
MUL0821.json,1,minimum_completion,4,2.0,0.0005753770237788558,0,0,0
MUL0821.json,1,minimum_completion,6,2.0,0.0005601029843091965,0,0,0
MUL0821.json,1,minimum_completion,unlimited,2.0,0.0005514100193977356,0,0,0
MUL0821.json,1,minimum_completion,0,4.0,0.0003611090360209346,0,0,0
MUL0821.json,1,minimum_completion,1,4.0,0.0007109510479494929,0,0,0
MUL0821.json,1,minimum_completion,2,4.0,0.000705379992723465,0,0,0
MUL0821.json,1,minimum_completion,4,4.0,0.0007252170471474528,0,0,0
MUL0821.json,1,minimum_completion,6,4.0,0.000714911031536758,0,0,0
MUL0821.json,1,minimum_completion,unlimited,4.0,0.0007147539872676134,0,0,0
MUL0821.json,1,minimum_completion,0,8.0,0.00035912194289267063,0,0,0
MUL0821.json,1,minimum_completion,1,8.0,0.00046331691555678844,0,0,0
MUL0821.json,1,minimum_completion,2,8.0,0.0008527389727532864,0,0,0
MUL0821.json,1,minimum_completion,4,8.0,0.0008498630486428738,0,0,0
MUL0821.json,1,minimum_completion,6,8.0,0.0008409430738538504,0,0,0
MUL0821.json,1,minimum_completion,unlimited,8.0,0.0008440269157290459,0,0,0
MUL0822.json,0,minimum_completion,0,2.0,7.032905705273151e-05,0,0,0
MUL0822.json,0,minimum_completion,1,2.0,0.0004117150092497468,0,0,0
MUL0822.json,0,minimum_completion,2,2.0,0.00048508692998439074,0,0,0
MUL0822.json,0,minimum_completion,4,2.0,0.0009138089371845126,0,0,0
MUL0822.json,0,minimum_completion,6,2.0,0.0009026780026033521,0,0,0
MUL0822.json,0,minimum_completion,unlimited,2.0,0.0009126929799094796,0,0,0
MUL0822.json,0,minimum_completion,0,4.0,6.628106348216534e-05,0,0,0
MUL0822.json,0,minimum_completion,1,4.0,0.000423165038228035,0,0,0
MUL0822.json,0,minimum_completion,2,4.0,0.00048463395796716213,0,0,0
MUL0822.json,0,minimum_completion,4,4.0,0.0009710229933261871,0,0,0
MUL0822.json,0,minimum_completion,6,4.0,0.0009087190264835954,0,0,0
MUL0822.json,0,minimum_completion,unlimited,4.0,0.000958604970946908,0,0,0
MUL0822.json,0,minimum_completion,0,8.0,6.543402560055256e-05,0,0,0
MUL0822.json,0,minimum_completion,1,8.0,0.00016447703819721937,0,0,0
MUL0822.json,0,minimum_completion,2,8.0,0.0005969669437035918,0,0,0
MUL0822.json,0,minimum_completion,4,8.0,0.0011225729249417782,0,0,0
MUL0822.json,0,minimum_completion,6,8.0,0.0010928419651463628,0,0,0
MUL0822.json,0,minimum_completion,unlimited,8.0,0.0010926640825346112,0,0,0
MUL0822.json,1,minimum_completion,0,2.0,6.863696034997702e-05,0,0,0
MUL0822.json,1,minimum_completion,1,2.0,0.00013098702766001225,0,0,0
MUL0822.json,1,minimum_completion,2,2.0,0.0005657629808411002,0,0,0
MUL0822.json,1,minimum_completion,4,2.0,0.0010279850102961063,0,0,0
MUL0822.json,1,minimum_completion,6,2.0,0.0011024780105799437,0,0,0
MUL0822.json,1,minimum_completion,unlimited,2.0,0.001032151049003005,0,0,0
MUL0822.json,1,minimum_completion,0,4.0,6.155506707727909e-05,0,0,0
MUL0822.json,1,minimum_completion,1,4.0,0.00013688905164599419,0,0,0
MUL0822.json,1,minimum_completion,2,4.0,0.0005592979723587632,0,0,0
MUL0822.json,1,minimum_completion,4,4.0,0.0010407560039311647,0,0,0
MUL0822.json,1,minimum_completion,6,4.0,0.0010390400420874357,0,0,0
MUL0822.json,1,minimum_completion,unlimited,4.0,0.0017395730828866363,0,0,0
MUL0822.json,1,minimum_completion,0,8.0,9.838293772190809e-05,0,0,0
MUL0822.json,1,minimum_completion,1,8.0,0.00021981296595185995,0,0,0
MUL0822.json,1,minimum_completion,2,8.0,0.0009327100124210119,0,0,0
MUL0822.json,1,minimum_completion,4,8.0,0.0018043640302494168,0,0,0
MUL0822.json,1,minimum_completion,6,8.0,0.0019050419796258211,0,0,0
MUL0822.json,1,minimum_completion,unlimited,8.0,0.0018750070594251156,0,0,0
MUL0838.json,0,minimum_completion,0,2.0,0.00011348794214427471,0,0,0
MUL0838.json,0,minimum_completion,1,2.0,0.0010545740369707346,0,0,0
MUL0838.json,0,minimum_completion,2,2.0,0.0011480969842523336,0,0,0
MUL0838.json,0,minimum_completion,4,2.0,0.001966843963600695,0,0,0
MUL0838.json,0,minimum_completion,6,2.0,0.0019371400121599436,0,0,0
MUL0838.json,0,minimum_completion,unlimited,2.0,0.0018903029849752784,0,0,0
MUL0838.json,0,minimum_completion,0,4.0,0.00011950102634727955,0,0,0
MUL0838.json,0,minimum_completion,1,4.0,0.0010559749789536,0,0,0
MUL0838.json,0,minimum_completion,2,4.0,0.0012161689810454845,0,0,0
MUL0838.json,0,minimum_completion,4,4.0,0.0011577389668673277,0,0,0
MUL0838.json,0,minimum_completion,6,4.0,0.0010638459352776408,0,0,0
MUL0838.json,0,minimum_completion,unlimited,4.0,0.0010571329621598125,0,0,0
MUL0838.json,0,minimum_completion,0,8.0,6.68730353936553e-05,0,0,0
MUL0838.json,0,minimum_completion,1,8.0,0.0005952749634161592,0,0,0
MUL0838.json,0,minimum_completion,2,8.0,0.0007599989185109735,0,0,0
MUL0838.json,0,minimum_completion,4,8.0,0.001103401998989284,0,0,0
MUL0838.json,0,minimum_completion,6,8.0,0.0011042449623346329,0,0,0
MUL0838.json,0,minimum_completion,unlimited,8.0,0.0010956060141324997,0,0,0
MUL0838.json,1,minimum_completion,0,2.0,7.183803245425224e-05,0,0,0
MUL0838.json,1,minimum_completion,1,2.0,0.00017465406563133,0,0,0
MUL0838.json,1,minimum_completion,2,2.0,0.0007385369390249252,0,0,0
MUL0838.json,1,minimum_completion,4,2.0,0.0016078650951385498,0,0,0
MUL0838.json,1,minimum_completion,6,2.0,0.0016981669468805194,0,0,0
MUL0838.json,1,minimum_completion,unlimited,2.0,0.0015333620831370354,0,0,0
MUL0838.json,1,minimum_completion,0,4.0,6.640295032411814e-05,0,0,0
MUL0838.json,1,minimum_completion,1,4.0,0.0001739399740472436,0,0,0
MUL0838.json,1,minimum_completion,2,4.0,0.0007348549552261829,0,0,0
MUL0838.json,1,minimum_completion,4,4.0,0.0015408310573548079,0,0,0
MUL0838.json,1,minimum_completion,6,4.0,0.0015151019906625152,0,0,0
MUL0838.json,1,minimum_completion,unlimited,4.0,0.0015727030113339424,0,0,0
MUL0838.json,1,minimum_completion,0,8.0,6.839900743216276e-05,0,0,0
MUL0838.json,1,minimum_completion,1,8.0,0.0001708760391920805,0,0,0
MUL0838.json,1,minimum_completion,2,8.0,0.0007318060379475355,0,0,0
MUL0838.json,1,minimum_completion,4,8.0,0.0015180439222604036,0,0,0
MUL0838.json,1,minimum_completion,6,8.0,0.0015397239476442337,0,0,0
MUL0838.json,1,minimum_completion,unlimited,8.0,0.001532164984382689,0,0,0
MUL0841.json,0,minimum_completion,0,2.0,7.177505176514387e-05,0,0,0
MUL0841.json,0,minimum_completion,1,2.0,0.000424052937887609,0,0,0
MUL0841.json,0,minimum_completion,2,2.0,0.0008916670922189951,0,0,0
MUL0841.json,0,minimum_completion,4,2.0,0.0008328079711645842,0,0,0
MUL0841.json,0,minimum_completion,6,2.0,0.0008179560536518693,0,0,0
MUL0841.json,0,minimum_completion,unlimited,2.0,0.0008210920495912433,0,0,0
MUL0841.json,0,minimum_completion,0,4.0,6.592005956918001e-05,0,0,0
MUL0841.json,0,minimum_completion,1,4.0,0.0004170540487393737,0,0,0
MUL0841.json,0,minimum_completion,2,4.0,0.001294636051170528,0,0,0
MUL0841.json,0,minimum_completion,4,4.0,0.0008295329753309488,0,0,0
MUL0841.json,0,minimum_completion,6,4.0,0.0008303089998662472,0,0,0
MUL0841.json,0,minimum_completion,unlimited,4.0,0.0008560969727113843,0,0,0
MUL0841.json,0,minimum_completion,0,8.0,6.989296525716782e-05,0,0,0
MUL0841.json,0,minimum_completion,1,8.0,0.0004746500635519624,0,0,0
MUL0841.json,0,minimum_completion,2,8.0,0.000853812089189887,0,0,0
MUL0841.json,0,minimum_completion,4,8.0,0.0008454129565507174,0,0,0
MUL0841.json,0,minimum_completion,6,8.0,0.0008596499683335423,0,0,0
MUL0841.json,0,minimum_completion,unlimited,8.0,0.0008255220018327236,0,0,0
MUL0841.json,1,minimum_completion,0,2.0,7.25440913811326e-05,0,0,0
MUL0841.json,1,minimum_completion,1,2.0,0.0004351810785010457,0,0,0
MUL0841.json,1,minimum_completion,2,2.0,0.0008251150138676167,0,0,0
MUL0841.json,1,minimum_completion,4,2.0,0.0008284429786726832,0,0,0
MUL0841.json,1,minimum_completion,6,2.0,0.0008240650640800595,0,0,0
MUL0841.json,1,minimum_completion,unlimited,2.0,0.0008796040201559663,0,0,0
MUL0841.json,1,minimum_completion,0,4.0,6.675603799521923e-05,0,0,0
MUL0841.json,1,minimum_completion,1,4.0,0.00042943202424794436,0,0,0
MUL0841.json,1,minimum_completion,2,4.0,0.0008190210210159421,0,0,0
MUL0841.json,1,minimum_completion,4,4.0,0.0008270349353551865,0,0,0
MUL0841.json,1,minimum_completion,6,4.0,0.000821709050796926,0,0,0
MUL0841.json,1,minimum_completion,unlimited,4.0,0.0008361599175259471,0,0,0
MUL0841.json,1,minimum_completion,0,8.0,6.810505874454975e-05,0,0,0
MUL0841.json,1,minimum_completion,1,8.0,0.000425028963945806,0,0,0
MUL0841.json,1,minimum_completion,2,8.0,0.0008194929687306285,0,0,0
MUL0841.json,1,minimum_completion,4,8.0,0.0008251429535448551,0,0,0
MUL0841.json,1,minimum_completion,6,8.0,0.0008160630241036415,0,0,0
MUL0841.json,1,minimum_completion,unlimited,8.0,0.00083639204967767,0,0,0
MUL0842.json,0,minimum_completion,0,2.0,7.166492287069559e-05,0,0,0
MUL0842.json,0,minimum_completion,1,2.0,0.00013622792903333902,0,0,0
MUL0842.json,0,minimum_completion,2,2.0,0.0005489999894052744,0,0,0
MUL0842.json,0,minimum_completion,4,2.0,0.0010203899582847953,0,0,0
MUL0842.json,0,minimum_completion,6,2.0,0.0010802069446071982,0,0,0
MUL0842.json,0,minimum_completion,unlimited,2.0,0.001040019909851253,0,0,0
MUL0842.json,0,minimum_completion,0,4.0,6.277801003307104e-05,0,0,0
MUL0842.json,0,minimum_completion,1,4.0,0.0001306990161538124,0,0,0
MUL0842.json,0,minimum_completion,2,4.0,0.0005488060414791107,0,0,0
MUL0842.json,0,minimum_completion,4,4.0,0.001020721043460071,0,0,0
MUL0842.json,0,minimum_completion,6,4.0,0.001020975993014872,0,0,0
MUL0842.json,0,minimum_completion,unlimited,4.0,0.0010517779737710953,0,0,0
MUL0842.json,0,minimum_completion,0,8.0,6.409804336726665e-05,0,0,0
MUL0842.json,0,minimum_completion,1,8.0,0.0001290159998461604,0,0,0
MUL0842.json,0,minimum_completion,2,8.0,0.0005471740150824189,0,0,0
MUL0842.json,0,minimum_completion,4,8.0,0.0010264019947499037,0,0,0
MUL0842.json,0,minimum_completion,6,8.0,0.0010257429676130414,0,0,0
MUL0842.json,0,minimum_completion,unlimited,8.0,0.0010371230309829116,0,0,0
MUL0842.json,1,minimum_completion,0,2.0,6.625009700655937e-05,0,0,0
MUL0842.json,1,minimum_completion,1,2.0,0.00013408297672867775,0,0,0
MUL0842.json,1,minimum_completion,2,2.0,0.0005519569385796785,0,0,0
MUL0842.json,1,minimum_completion,4,2.0,0.001027693971991539,0,0,0
MUL0842.json,1,minimum_completion,6,2.0,0.0010830550454556942,0,0,0
MUL0842.json,1,minimum_completion,unlimited,2.0,0.0010377300204709172,0,0,0
MUL0842.json,1,minimum_completion,0,4.0,6.303004920482635e-05,0,0,0
MUL0842.json,1,minimum_completion,1,4.0,0.00012888002675026655,0,0,0
MUL0842.json,1,minimum_completion,2,4.0,0.0005507010500878096,0,0,0
MUL0842.json,1,minimum_completion,4,4.0,0.0010319810826331377,0,0,0
MUL0842.json,1,minimum_completion,6,4.0,0.001019338029436767,0,0,0
MUL0842.json,1,minimum_completion,unlimited,4.0,0.0010343620087951422,0,0,0
MUL0842.json,1,minimum_completion,0,8.0,6.194296292960644e-05,0,0,0
MUL0842.json,1,minimum_completion,1,8.0,0.00015375495422631502,0,0,0
MUL0842.json,1,minimum_completion,2,8.0,0.000571087934076786,0,0,0
MUL0842.json,1,minimum_completion,4,8.0,0.0010490909917280078,0,0,0
MUL0842.json,1,minimum_completion,6,8.0,0.0010490779532119632,0,0,0
MUL0842.json,1,minimum_completion,unlimited,8.0,0.001179889077320695,0,0,0
MUL0845.json,0,minimum_completion,0,2.0,0.00037219200748950243,0,0,0
MUL0845.json,0,minimum_completion,1,2.0,0.0007764389738440514,0,0,0
MUL0845.json,0,minimum_completion,2,2.0,0.0008631090167909861,0,0,0
MUL0845.json,0,minimum_completion,4,2.0,0.0008506180020049214,0,0,0
MUL0845.json,0,minimum_completion,6,2.0,0.0007887809770181775,0,0,0
MUL0845.json,0,minimum_completion,unlimited,2.0,0.0007916879840195179,0,0,0
MUL0845.json,0,minimum_completion,0,4.0,0.00035737198777496815,0,0,0
MUL0845.json,0,minimum_completion,1,4.0,0.0007897110190242529,0,0,0
MUL0845.json,0,minimum_completion,2,4.0,0.000772722065448761,0,0,0
MUL0845.json,0,minimum_completion,4,4.0,0.0007418240420520306,0,0,0
MUL0845.json,0,minimum_completion,6,4.0,0.000739497016184032,0,0,0
MUL0845.json,0,minimum_completion,unlimited,4.0,0.0007498140912503004,0,0,0
MUL0845.json,0,minimum_completion,0,8.0,0.00039177900180220604,0,0,0
MUL0845.json,0,minimum_completion,1,8.0,0.0004450349370017648,0,0,0
MUL0845.json,0,minimum_completion,2,8.0,0.0008295129518955946,0,0,0
MUL0845.json,0,minimum_completion,4,8.0,0.0008117710240185261,0,0,0
MUL0845.json,0,minimum_completion,6,8.0,0.0008090790361166,0,0,0
MUL0845.json,0,minimum_completion,unlimited,8.0,0.0008068620227277279,0,0,0
MUL0845.json,1,minimum_completion,0,2.0,0.00037195603363215923,0,0,0
MUL0845.json,1,minimum_completion,1,2.0,0.000712190056219697,0,0,0
MUL0845.json,1,minimum_completion,2,2.0,0.0007188060553744435,0,0,0
MUL0845.json,1,minimum_completion,4,2.0,0.0007124309195205569,0,0,0
MUL0845.json,1,minimum_completion,6,2.0,0.0007068460108712316,0,0,0
MUL0845.json,1,minimum_completion,unlimited,2.0,0.0007199019892141223,0,0,0
MUL0845.json,1,minimum_completion,0,4.0,0.0003549800021573901,0,0,0
MUL0845.json,1,minimum_completion,1,4.0,0.0007090169237926602,0,0,0
MUL0845.json,1,minimum_completion,2,4.0,0.0007072020089253783,0,0,0
MUL0845.json,1,minimum_completion,4,4.0,0.0007050930289551616,0,0,0
MUL0845.json,1,minimum_completion,6,4.0,0.0007668730104342103,0,0,0
MUL0845.json,1,minimum_completion,unlimited,4.0,0.0007200220134109259,0,0,0
MUL0845.json,1,minimum_completion,0,8.0,0.00036326295230537653,0,0,0
MUL0845.json,1,minimum_completion,1,8.0,0.00043825595639646053,0,0,0
MUL0845.json,1,minimum_completion,2,8.0,0.0008170959772542119,0,0,0
MUL0845.json,1,minimum_completion,4,8.0,0.0008181380107998848,0,0,0
MUL0845.json,1,minimum_completion,6,8.0,0.0008167260093614459,0,0,0
MUL0845.json,1,minimum_completion,unlimited,8.0,0.0008241439936682582,0,0,0
MUL0869.json,0,minimum_completion,0,2.0,6.898189894855022e-05,0,0,0
MUL0869.json,0,minimum_completion,1,2.0,0.00043375499080866575,0,0,0
MUL0869.json,0,minimum_completion,2,2.0,0.0008978249970823526,0,0,0
MUL0869.json,0,minimum_completion,4,2.0,0.0008796639740467072,0,0,0
MUL0869.json,0,minimum_completion,6,2.0,0.0008886409923434258,0,0,0
MUL0869.json,0,minimum_completion,unlimited,2.0,0.000896626035682857,0,0,0
MUL0869.json,0,minimum_completion,0,4.0,6.586499512195587e-05,0,0,0
MUL0869.json,0,minimum_completion,1,4.0,0.0004151229513809085,0,0,0
MUL0869.json,0,minimum_completion,2,4.0,0.0009317980147898197,0,0,0
MUL0869.json,0,minimum_completion,4,4.0,0.0008944040164351463,0,0,0
MUL0869.json,0,minimum_completion,6,4.0,0.0009025400504469872,0,0,0
MUL0869.json,0,minimum_completion,unlimited,4.0,0.0009573099669069052,0,0,0
MUL0869.json,0,minimum_completion,0,8.0,6.494706030935049e-05,0,0,0
MUL0869.json,0,minimum_completion,1,8.0,0.00041550304740667343,0,0,0
MUL0869.json,0,minimum_completion,2,8.0,0.0008941919077187777,0,0,0
MUL0869.json,0,minimum_completion,4,8.0,0.0008974969387054443,0,0,0
MUL0869.json,0,minimum_completion,6,8.0,0.000894750002771616,0,0,0
MUL0869.json,0,minimum_completion,unlimited,8.0,0.0008908099262043834,0,0,0
MUL0869.json,1,minimum_completion,0,2.0,6.895896513015032e-05,0,0,0
MUL0869.json,1,minimum_completion,1,2.0,0.00042297691106796265,0,0,0
MUL0869.json,1,minimum_completion,2,2.0,0.0009057309944182634,0,0,0
MUL0869.json,1,minimum_completion,4,2.0,0.0008880720706656575,0,0,0
MUL0869.json,1,minimum_completion,6,2.0,0.0009042199235409498,0,0,0
MUL0869.json,1,minimum_completion,unlimited,2.0,0.0009247440611943603,0,0,0
MUL0869.json,1,minimum_completion,0,4.0,7.382000330835581e-05,0,0,0
MUL0869.json,1,minimum_completion,1,4.0,0.0004280150169506669,0,0,0
MUL0869.json,1,minimum_completion,2,4.0,0.0009244200773537159,0,0,0
MUL0869.json,1,minimum_completion,4,4.0,0.0009161679772660136,0,0,0
MUL0869.json,1,minimum_completion,6,4.0,0.0008954299846664071,0,0,0
MUL0869.json,1,minimum_completion,unlimited,4.0,0.0008822339586913586,0,0,0
MUL0869.json,1,minimum_completion,0,8.0,6.49760477244854e-05,0,0,0
MUL0869.json,1,minimum_completion,1,8.0,0.0004834600258618593,0,0,0
MUL0869.json,1,minimum_completion,2,8.0,0.0008961870335042477,0,0,0
MUL0869.json,1,minimum_completion,4,8.0,0.0008730069966986775,0,0,0
MUL0869.json,1,minimum_completion,6,8.0,0.0008865089621394873,0,0,0
MUL0869.json,1,minimum_completion,unlimited,8.0,0.000887647969648242,0,0,0
MUL0881.json,0,minimum_completion,0,2.0,7.364398334175348e-05,0,0,0
MUL0881.json,0,minimum_completion,1,2.0,0.0005742590874433517,0,0,0
MUL0881.json,0,minimum_completion,2,2.0,0.0006292099133133888,0,0,0
MUL0881.json,0,minimum_completion,4,2.0,0.0010371420066803694,0,0,0
MUL0881.json,0,minimum_completion,6,2.0,0.0010447119129821658,0,0,0
MUL0881.json,0,minimum_completion,unlimited,2.0,0.001046449993737042,0,0,0
MUL0881.json,0,minimum_completion,0,4.0,6.807397585362196e-05,0,0,0
MUL0881.json,0,minimum_completion,1,4.0,0.00055311294272542,0,0,0
MUL0881.json,0,minimum_completion,2,4.0,0.0006332260090857744,0,0,0
MUL0881.json,0,minimum_completion,4,4.0,0.001043628086335957,0,0,0
MUL0881.json,0,minimum_completion,6,4.0,0.0010454669827595353,0,0,0
MUL0881.json,0,minimum_completion,unlimited,4.0,0.0010410150280222297,0,0,0
MUL0881.json,0,minimum_completion,0,8.0,6.312003824859858e-05,0,0,0
MUL0881.json,0,minimum_completion,1,8.0,0.0005554459057748318,0,0,0
MUL0881.json,0,minimum_completion,2,8.0,0.0006925510242581367,0,0,0
MUL0881.json,0,minimum_completion,4,8.0,0.0010500759817659855,0,0,0
MUL0881.json,0,minimum_completion,6,8.0,0.0010583039838820696,0,0,0
MUL0881.json,0,minimum_completion,unlimited,8.0,0.0010316659463569522,0,0,0
MUL0881.json,1,minimum_completion,0,2.0,6.573495920747519e-05,0,0,0
MUL0881.json,1,minimum_completion,1,2.0,0.00015683099627494812,0,0,0
MUL0881.json,1,minimum_completion,2,2.0,0.0007103679236024618,0,0,0
MUL0881.json,1,minimum_completion,4,2.0,0.0014992220094427466,0,0,0
MUL0881.json,1,minimum_completion,6,2.0,0.0015146509977057576,0,0,0
MUL0881.json,1,minimum_completion,unlimited,2.0,0.0016004520002752542,0,0,0
MUL0881.json,1,minimum_completion,0,4.0,6.628199480473995e-05,0,0,0
MUL0881.json,1,minimum_completion,1,4.0,0.00016046303790062666,0,0,0
MUL0881.json,1,minimum_completion,2,4.0,0.000747231999412179,0,0,0
MUL0881.json,1,minimum_completion,4,4.0,0.0015744920819997787,0,0,0
MUL0881.json,1,minimum_completion,6,4.0,0.001514206058345735,0,0,0
MUL0881.json,1,minimum_completion,unlimited,4.0,0.00149006606079638,0,0,0
MUL0881.json,1,minimum_completion,0,8.0,6.340502295643091e-05,0,0,0
MUL0881.json,1,minimum_completion,1,8.0,0.00015657697804272175,0,0,0
MUL0881.json,1,minimum_completion,2,8.0,0.00077129399869591,0,0,0
MUL0881.json,1,minimum_completion,4,8.0,0.0015101541066542268,0,0,0
MUL0881.json,1,minimum_completion,6,8.0,0.001480298931710422,0,0,0
MUL0881.json,1,minimum_completion,unlimited,8.0,0.00149976194370538,0,0,0
MUL0890.json,0,minimum_completion,0,2.0,0.0002469309838488698,0,0,0
MUL0890.json,0,minimum_completion,1,2.0,0.0006658349884673953,0,0,0
MUL0890.json,0,minimum_completion,2,2.0,0.0006671210285276175,0,0,0
MUL0890.json,0,minimum_completion,4,2.0,0.000657778000459075,0,0,0
MUL0890.json,0,minimum_completion,6,2.0,0.0006535249995067716,0,0,0
MUL0890.json,0,minimum_completion,unlimited,2.0,0.0006701650563627481,0,0,0
MUL0890.json,0,minimum_completion,0,4.0,7.45789147913456e-05,0,0,0
MUL0890.json,0,minimum_completion,1,4.0,0.0005950650665909052,0,0,0
MUL0890.json,0,minimum_completion,2,4.0,0.0008948630420491099,0,0,0
MUL0890.json,0,minimum_completion,4,4.0,0.000888439011760056,0,0,0
MUL0890.json,0,minimum_completion,6,4.0,0.0008863169932737947,0,0,0
MUL0890.json,0,minimum_completion,unlimited,4.0,0.000901584979146719,0,0,0
MUL0890.json,0,minimum_completion,0,8.0,7.377902511507273e-05,0,0,0
MUL0890.json,0,minimum_completion,1,8.0,0.0005918180104345083,0,0,0
MUL0890.json,0,minimum_completion,2,8.0,0.000832495978102088,0,0,0
MUL0890.json,0,minimum_completion,4,8.0,0.0011093129869550467,0,0,0
MUL0890.json,0,minimum_completion,6,8.0,0.0011299509787932038,0,0,0
MUL0890.json,0,minimum_completion,unlimited,8.0,0.0011202149325981736,0,0,0
MUL0890.json,1,minimum_completion,0,2.0,7.122708484530449e-05,0,0,0
MUL0890.json,1,minimum_completion,1,2.0,0.0006060129962861538,0,0,0
MUL0890.json,1,minimum_completion,2,2.0,0.000822079018689692,0,0,0
MUL0890.json,1,minimum_completion,4,2.0,0.0008461850229650736,0,0,0
MUL0890.json,1,minimum_completion,6,2.0,0.0008118469268083572,0,0,0
MUL0890.json,1,minimum_completion,unlimited,2.0,0.0008191749220713973,0,0,0
MUL0890.json,1,minimum_completion,0,4.0,6.49510184302926e-05,0,0,0
MUL0890.json,1,minimum_completion,1,4.0,0.0005143240559846163,0,0,0
MUL0890.json,1,minimum_completion,2,4.0,0.0008290759287774563,0,0,0
MUL0890.json,1,minimum_completion,4,4.0,0.0008987500332295895,0,0,0
MUL0890.json,1,minimum_completion,6,4.0,0.0008901660330593586,0,0,0
MUL0890.json,1,minimum_completion,unlimited,4.0,0.0008537520188838243,0,0,0
MUL0890.json,1,minimum_completion,0,8.0,6.679492071270943e-05,0,0,0
MUL0890.json,1,minimum_completion,1,8.0,0.0005261929472908378,0,0,0
MUL0890.json,1,minimum_completion,2,8.0,0.0006526699289679527,0,0,0
MUL0890.json,1,minimum_completion,4,8.0,0.0011270219692960382,0,0,0
MUL0890.json,1,minimum_completion,6,8.0,0.0010129150468856096,0,0,0
MUL0890.json,1,minimum_completion,unlimited,8.0,0.0010290000354871154,0,0,0
MUL0896.json,0,minimum_completion,0,2.0,0.0004711960209533572,0,0,0
MUL0896.json,0,minimum_completion,1,2.0,0.00044344796333462,0,0,0
MUL0896.json,0,minimum_completion,2,2.0,0.000438226037658751,0,0,0
MUL0896.json,0,minimum_completion,4,2.0,0.0004423619247972965,0,0,0
MUL0896.json,0,minimum_completion,6,2.0,0.0004469640552997589,0,0,0
MUL0896.json,0,minimum_completion,unlimited,2.0,0.00044496997725218534,0,0,0
MUL0896.json,0,minimum_completion,0,4.0,0.0004337910795584321,0,0,0
MUL0896.json,0,minimum_completion,1,4.0,0.00043836503755301237,0,0,0
MUL0896.json,0,minimum_completion,2,4.0,0.0004465180682018399,0,0,0
MUL0896.json,0,minimum_completion,4,4.0,0.00044222199358046055,0,0,0
MUL0896.json,0,minimum_completion,6,4.0,0.000438526039943099,0,0,0
MUL0896.json,0,minimum_completion,unlimited,4.0,0.00043841905426234007,0,0,0
MUL0896.json,0,minimum_completion,0,8.0,7.360393647104502e-05,0,0,0
MUL0896.json,0,minimum_completion,1,8.0,0.0005189379444345832,0,0,0
MUL0896.json,0,minimum_completion,2,8.0,0.0008895229548215866,0,0,0
MUL0896.json,0,minimum_completion,4,8.0,0.0008855769410729408,0,0,0
MUL0896.json,0,minimum_completion,6,8.0,0.0008824409451335669,0,0,0
MUL0896.json,0,minimum_completion,unlimited,8.0,0.0016826880164444447,0,0,0
MUL0896.json,1,minimum_completion,0,2.0,0.00046021793968975544,0,0,0
MUL0896.json,1,minimum_completion,1,2.0,0.000457806047052145,0,0,0
MUL0896.json,1,minimum_completion,2,2.0,0.0004463170189410448,0,0,0
MUL0896.json,1,minimum_completion,4,2.0,0.0004400589969009161,0,0,0
MUL0896.json,1,minimum_completion,6,2.0,0.0004379999591037631,0,0,0
MUL0896.json,1,minimum_completion,unlimited,2.0,0.0004533070605248213,0,0,0
MUL0896.json,1,minimum_completion,0,4.0,0.0004468520637601614,0,0,0
MUL0896.json,1,minimum_completion,1,4.0,0.00044087006244808435,0,0,0
MUL0896.json,1,minimum_completion,2,4.0,0.00043873104732483625,0,0,0
MUL0896.json,1,minimum_completion,4,4.0,0.0004478180781006813,0,0,0
MUL0896.json,1,minimum_completion,6,4.0,0.0004549119621515274,0,0,0
MUL0896.json,1,minimum_completion,unlimited,4.0,0.0004472610307857394,0,0,0
MUL0896.json,1,minimum_completion,0,8.0,9.790004696696997e-05,0,0,0
MUL0896.json,1,minimum_completion,1,8.0,0.0005369340069591999,0,0,0
MUL0896.json,1,minimum_completion,2,8.0,0.0008980929851531982,0,0,0
MUL0896.json,1,minimum_completion,4,8.0,0.000892582000233233,0,0,0
MUL0896.json,1,minimum_completion,6,8.0,0.0008829199941828847,0,0,0
MUL0896.json,1,minimum_completion,unlimited,8.0,0.0008771029533818364,0,0,0
MUL0912.json,0,minimum_completion,0,2.0,6.666302215307951e-05,0,0,0
MUL0912.json,0,minimum_completion,1,2.0,0.0001321559539064765,0,0,0
MUL0912.json,0,minimum_completion,2,2.0,0.0005588399944826961,0,0,0
MUL0912.json,0,minimum_completion,4,2.0,0.001042724004946649,0,0,0
MUL0912.json,0,minimum_completion,6,2.0,0.0010383559856563807,0,0,0
MUL0912.json,0,minimum_completion,unlimited,2.0,0.0010714350501075387,0,0,0
MUL0912.json,0,minimum_completion,0,4.0,6.340607069432735e-05,0,0,0
MUL0912.json,0,minimum_completion,1,4.0,0.00013147899881005287,0,0,0
MUL0912.json,0,minimum_completion,2,4.0,0.0005634459666907787,0,0,0
MUL0912.json,0,minimum_completion,4,4.0,0.0010587390279397368,0,0,0
MUL0912.json,0,minimum_completion,6,4.0,0.0010636630468070507,0,0,0
MUL0912.json,0,minimum_completion,unlimited,4.0,0.0010094390017911792,0,0,0
MUL0912.json,0,minimum_completion,0,8.0,6.028707139194012e-05,0,0,0
MUL0912.json,0,minimum_completion,1,8.0,0.00012839597184211016,0,0,0
MUL0912.json,0,minimum_completion,2,8.0,0.0005495449295267463,0,0,0
MUL0912.json,0,minimum_completion,4,8.0,0.001016716007143259,0,0,0
MUL0912.json,0,minimum_completion,6,8.0,0.0010259590344503522,0,0,0
MUL0912.json,0,minimum_completion,unlimited,8.0,0.0010153389303013682,0,0,0
MUL0912.json,1,minimum_completion,0,2.0,6.451993249356747e-05,0,0,0
MUL0912.json,1,minimum_completion,1,2.0,0.00013446190860122442,0,0,0
MUL0912.json,1,minimum_completion,2,2.0,0.000554915051907301,0,0,0
MUL0912.json,1,minimum_completion,4,2.0,0.0010798989096656442,0,0,0
MUL0912.json,1,minimum_completion,6,2.0,0.0010169469751417637,0,0,0
MUL0912.json,1,minimum_completion,unlimited,2.0,0.0010523790260776877,0,0,0
MUL0912.json,1,minimum_completion,0,4.0,6.304611451923847e-05,0,0,0
MUL0912.json,1,minimum_completion,1,4.0,0.00012973695993423462,0,0,0
MUL0912.json,1,minimum_completion,2,4.0,0.000559736043214798,0,0,0
MUL0912.json,1,minimum_completion,4,4.0,0.0010065250098705292,0,0,0
MUL0912.json,1,minimum_completion,6,4.0,0.0010192700428888202,0,0,0
MUL0912.json,1,minimum_completion,unlimited,4.0,0.0010149739682674408,0,0,0
MUL0912.json,1,minimum_completion,0,8.0,5.9070996940135956e-05,0,0,0
MUL0912.json,1,minimum_completion,1,8.0,0.00012809305917471647,0,0,0
MUL0912.json,1,minimum_completion,2,8.0,0.0005662789335474372,0,0,0
MUL0912.json,1,minimum_completion,4,8.0,0.001080348971299827,0,0,0
MUL0912.json,1,minimum_completion,6,8.0,0.0010414039716124535,0,0,0
MUL0912.json,1,minimum_completion,unlimited,8.0,0.0010343610774725676,0,0,0
MUL0937.json,0,minimum_completion,0,2.0,0.0003120199544355273,0,0,0
MUL0937.json,0,minimum_completion,1,2.0,0.0005968488985672593,0,0,0
MUL0937.json,0,minimum_completion,2,2.0,0.0005630940431728959,0,0,0
MUL0937.json,0,minimum_completion,4,2.0,0.0005678330780938268,0,0,0
MUL0937.json,0,minimum_completion,6,2.0,0.0006124930223450065,0,0,0
MUL0937.json,0,minimum_completion,unlimited,2.0,0.0005788829876109958,0,0,0
MUL0937.json,0,minimum_completion,0,4.0,0.00029754696879535913,0,0,0
MUL0937.json,0,minimum_completion,1,4.0,0.0005771910073235631,0,0,0
MUL0937.json,0,minimum_completion,2,4.0,0.0005622000899165869,0,0,0
MUL0937.json,0,minimum_completion,4,4.0,0.0005539680132642388,0,0,0
MUL0937.json,0,minimum_completion,6,4.0,0.0006594660226255655,0,0,0
MUL0937.json,0,minimum_completion,unlimited,4.0,0.0005856180796399713,0,0,0
MUL0937.json,0,minimum_completion,0,8.0,0.0003040960291400552,0,0,0
MUL0937.json,0,minimum_completion,1,8.0,0.0005534840747714043,0,0,0
MUL0937.json,0,minimum_completion,2,8.0,0.0005695740692317486,0,0,0
MUL0937.json,0,minimum_completion,4,8.0,0.0005528340116143227,0,0,0
MUL0937.json,0,minimum_completion,6,8.0,0.0005586630431935191,0,0,0
MUL0937.json,0,minimum_completion,unlimited,8.0,0.0005577619886025786,0,0,0
MUL0937.json,1,minimum_completion,0,2.0,0.0003034489927813411,0,0,0
MUL0937.json,1,minimum_completion,1,2.0,0.0005636339774355292,0,0,0
MUL0937.json,1,minimum_completion,2,2.0,0.0005626570200547576,0,0,0
MUL0937.json,1,minimum_completion,4,2.0,0.0005696489242836833,0,0,0
MUL0937.json,1,minimum_completion,6,2.0,0.0005615738919004798,0,0,0
MUL0937.json,1,minimum_completion,unlimited,2.0,0.0005645949859172106,0,0,0
MUL0937.json,1,minimum_completion,0,4.0,0.00029859808273613453,0,0,0
MUL0937.json,1,minimum_completion,1,4.0,0.0005585260223597288,0,0,0
MUL0937.json,1,minimum_completion,2,4.0,0.0005595039110630751,0,0,0
MUL0937.json,1,minimum_completion,4,4.0,0.0005604660836979747,0,0,0
MUL0937.json,1,minimum_completion,6,4.0,0.0006348710739985108,0,0,0
MUL0937.json,1,minimum_completion,unlimited,4.0,0.0005664860364049673,0,0,0
MUL0937.json,1,minimum_completion,0,8.0,0.00029585801530629396,0,0,0
MUL0937.json,1,minimum_completion,1,8.0,0.0005616140551865101,0,0,0
MUL0937.json,1,minimum_completion,2,8.0,0.0005550369387492537,0,0,0
MUL0937.json,1,minimum_completion,4,8.0,0.0005569770000874996,0,0,0
MUL0937.json,1,minimum_completion,6,8.0,0.000556996907107532,0,0,0
MUL0937.json,1,minimum_completion,unlimited,8.0,0.0005638269940391183,0,0,0
MUL0939.json,0,minimum_completion,0,2.0,6.739399395883083e-05,0,0,0
MUL0939.json,0,minimum_completion,1,2.0,0.0003933940315619111,0,0,0
MUL0939.json,0,minimum_completion,2,2.0,0.0007558540673926473,0,0,0
MUL0939.json,0,minimum_completion,4,2.0,0.0007414499996230006,0,0,0
MUL0939.json,0,minimum_completion,6,2.0,0.0007489009294658899,0,0,0
MUL0939.json,0,minimum_completion,unlimited,2.0,0.0007581429090350866,0,0,0
MUL0939.json,0,minimum_completion,0,4.0,6.386404857039452e-05,0,0,0
MUL0939.json,0,minimum_completion,1,4.0,0.0003799089463427663,0,0,0
MUL0939.json,0,minimum_completion,2,4.0,0.0007527041016146541,0,0,0
MUL0939.json,0,minimum_completion,4,4.0,0.0007580049568787217,0,0,0
MUL0939.json,0,minimum_completion,6,4.0,0.0007605410646647215,0,0,0
MUL0939.json,0,minimum_completion,unlimited,4.0,0.000800000037997961,0,0,0
MUL0939.json,0,minimum_completion,0,8.0,0.00014311005361378193,0,0,0
MUL0939.json,0,minimum_completion,1,8.0,0.0004171669716015458,0,0,0
MUL0939.json,0,minimum_completion,2,8.0,0.0007934579625725746,0,0,0
MUL0939.json,0,minimum_completion,4,8.0,0.0007831450784578919,0,0,0
MUL0939.json,0,minimum_completion,6,8.0,0.0007649550680071115,0,0,0
MUL0939.json,0,minimum_completion,unlimited,8.0,0.0007971200393512845,0,0,0
MUL0939.json,1,minimum_completion,0,2.0,6.733497139066458e-05,0,0,0
MUL0939.json,1,minimum_completion,1,2.0,0.0003908980870619416,0,0,0
MUL0939.json,1,minimum_completion,2,2.0,0.0007494130404666066,0,0,0
MUL0939.json,1,minimum_completion,4,2.0,0.000746810925193131,0,0,0
MUL0939.json,1,minimum_completion,6,2.0,0.000761277973651886,0,0,0
MUL0939.json,1,minimum_completion,unlimited,2.0,0.0007544519612565637,0,0,0
MUL0939.json,1,minimum_completion,0,4.0,6.800692062824965e-05,0,0,0
MUL0939.json,1,minimum_completion,1,4.0,0.0003800400299951434,0,0,0
MUL0939.json,1,minimum_completion,2,4.0,0.0007563279941678047,0,0,0
MUL0939.json,1,minimum_completion,4,4.0,0.0007436919258907437,0,0,0
MUL0939.json,1,minimum_completion,6,4.0,0.0007471890421584249,0,0,0
MUL0939.json,1,minimum_completion,unlimited,4.0,0.0007493200246244669,0,0,0
MUL0939.json,1,minimum_completion,0,8.0,6.679398939013481e-05,0,0,0
MUL0939.json,1,minimum_completion,1,8.0,0.0003828550688922405,0,0,0
MUL0939.json,1,minimum_completion,2,8.0,0.0008111050119623542,0,0,0
MUL0939.json,1,minimum_completion,4,8.0,0.0007448019459843636,0,0,0
MUL0939.json,1,minimum_completion,6,8.0,0.0007465099915862083,0,0,0
MUL0939.json,1,minimum_completion,unlimited,8.0,0.0007737450068816543,0,0,0
MUL0941.json,0,minimum_completion,0,2.0,0.00025143707171082497,0,0,0
MUL0941.json,0,minimum_completion,1,2.0,0.0003145600203424692,0,0,0
MUL0941.json,0,minimum_completion,2,2.0,0.00041817803867161274,0,0,0
MUL0941.json,0,minimum_completion,4,2.0,0.0009972110856324434,0,0,0
MUL0941.json,0,minimum_completion,6,2.0,0.0017699060263112187,0,0,0
MUL0941.json,0,minimum_completion,unlimited,2.0,0.0016655860235914588,0,0,0
MUL0941.json,0,minimum_completion,0,4.0,0.00010279100388288498,0,0,0
MUL0941.json,0,minimum_completion,1,4.0,0.0005425439449027181,0,0,0
MUL0941.json,0,minimum_completion,2,4.0,0.0005902659613639116,0,0,0
MUL0941.json,0,minimum_completion,4,4.0,0.001294475980103016,0,0,0
MUL0941.json,0,minimum_completion,6,4.0,0.0012796400114893913,0,0,0
MUL0941.json,0,minimum_completion,unlimited,4.0,0.001255687908269465,0,0,0
MUL0941.json,0,minimum_completion,0,8.0,7.147807627916336e-05,0,0,0
MUL0941.json,0,minimum_completion,1,8.0,0.0002368920249864459,0,0,0
MUL0941.json,0,minimum_completion,2,8.0,0.0008038970408961177,0,0,0
MUL0941.json,0,minimum_completion,4,8.0,0.0009757480584084988,0,0,0
MUL0941.json,0,minimum_completion,6,8.0,0.001578151946887374,0,0,0
MUL0941.json,0,minimum_completion,unlimited,8.0,0.0015754849882796407,0,0,0
MUL0941.json,1,minimum_completion,0,2.0,0.0002476389054208994,0,0,0
MUL0941.json,1,minimum_completion,1,2.0,0.00031326699536293745,0,0,0
MUL0941.json,1,minimum_completion,2,2.0,0.0003792269853875041,0,0,0
MUL0941.json,1,minimum_completion,4,2.0,0.0009659399511292577,0,0,0
MUL0941.json,1,minimum_completion,6,2.0,0.000964101986028254,0,0,0
MUL0941.json,1,minimum_completion,unlimited,2.0,0.00095958705060184,0,0,0
MUL0941.json,1,minimum_completion,0,4.0,7.030402775853872e-05,0,0,0
MUL0941.json,1,minimum_completion,1,4.0,0.0004429089603945613,0,0,0
MUL0941.json,1,minimum_completion,2,4.0,0.0005779990460723639,0,0,0
MUL0941.json,1,minimum_completion,4,4.0,0.0013659590622410178,0,0,0
MUL0941.json,1,minimum_completion,6,4.0,0.001357175991870463,0,0,0
MUL0941.json,1,minimum_completion,unlimited,4.0,0.0014058619271963835,0,0,0
MUL0941.json,1,minimum_completion,0,8.0,7.249403279274702e-05,0,0,0
MUL0941.json,1,minimum_completion,1,8.0,0.0002179429866373539,0,0,0
MUL0941.json,1,minimum_completion,2,8.0,0.0007522690575569868,0,0,0
MUL0941.json,1,minimum_completion,4,8.0,0.0009748169686645269,0,0,0
MUL0941.json,1,minimum_completion,6,8.0,0.0015954289119690657,0,0,0
MUL0941.json,1,minimum_completion,unlimited,8.0,0.001596015994437039,0,0,0
MUL0947.json,0,minimum_completion,0,2.0,0.0005284548969939351,0,0,0
MUL0947.json,0,minimum_completion,1,2.0,0.0007461719214916229,0,0,0
MUL0947.json,0,minimum_completion,2,2.0,0.0007205139845609665,0,0,0
MUL0947.json,0,minimum_completion,4,2.0,0.000724844983778894,0,0,0
MUL0947.json,0,minimum_completion,6,2.0,0.000738522969186306,0,0,0
MUL0947.json,0,minimum_completion,unlimited,2.0,0.0007276299875229597,0,0,0
MUL0947.json,0,minimum_completion,0,4.0,0.0003595700254663825,0,0,0
MUL0947.json,0,minimum_completion,1,4.0,0.0008047859882935882,0,0,0
MUL0947.json,0,minimum_completion,2,4.0,0.0007569020381197333,0,0,0
MUL0947.json,0,minimum_completion,4,4.0,0.0007390209939330816,0,0,0
MUL0947.json,0,minimum_completion,6,4.0,0.0007310010259971023,0,0,0
MUL0947.json,0,minimum_completion,unlimited,4.0,0.0007294550305232406,0,0,0
MUL0947.json,0,minimum_completion,0,8.0,7.444806396961212e-05,0,0,0
MUL0947.json,0,minimum_completion,1,8.0,0.0007131630554795265,0,0,0
MUL0947.json,0,minimum_completion,2,8.0,0.0007657150272279978,0,0,0
MUL0947.json,0,minimum_completion,4,8.0,0.0011726960074156523,0,0,0
MUL0947.json,0,minimum_completion,6,8.0,0.0011462100083008409,0,0,0
MUL0947.json,0,minimum_completion,unlimited,8.0,0.0011623849859461188,0,0,0
MUL0947.json,1,minimum_completion,0,2.0,0.00037203298415988684,0,0,0
MUL0947.json,1,minimum_completion,1,2.0,0.0007634969661012292,0,0,0
MUL0947.json,1,minimum_completion,2,2.0,0.0007746419869363308,0,0,0
MUL0947.json,1,minimum_completion,4,2.0,0.0007580959936603904,0,0,0
MUL0947.json,1,minimum_completion,6,2.0,0.0007797880098223686,0,0,0
MUL0947.json,1,minimum_completion,unlimited,2.0,0.000760531984269619,0,0,0
MUL0947.json,1,minimum_completion,0,4.0,0.0003870119107887149,0,0,0
MUL0947.json,1,minimum_completion,1,4.0,0.000792361912317574,0,0,0
MUL0947.json,1,minimum_completion,2,4.0,0.0007577369688078761,0,0,0
MUL0947.json,1,minimum_completion,4,4.0,0.0007281979778781533,0,0,0
MUL0947.json,1,minimum_completion,6,4.0,0.0007247740868479013,0,0,0
MUL0947.json,1,minimum_completion,unlimited,4.0,0.0007364458870142698,0,0,0
MUL0947.json,1,minimum_completion,0,8.0,8.09709308668971e-05,0,0,0
MUL0947.json,1,minimum_completion,1,8.0,0.0006367119494825602,0,0,0
MUL0947.json,1,minimum_completion,2,8.0,0.0008176000555977225,0,0,0
MUL0947.json,1,minimum_completion,4,8.0,0.001179327955469489,0,0,0
MUL0947.json,1,minimum_completion,6,8.0,0.0011558810947462916,0,0,0
MUL0947.json,1,minimum_completion,unlimited,8.0,0.0011402220698073506,0,0,0
MUL0978.json,0,minimum_completion,0,2.0,0.000367523985914886,0,0,0
MUL0978.json,0,minimum_completion,1,2.0,0.0006202759686857462,0,0,0
MUL0978.json,0,minimum_completion,2,2.0,0.0007546900305896997,0,0,0
MUL0978.json,0,minimum_completion,4,2.0,0.0006972299888730049,0,0,0
MUL0978.json,0,minimum_completion,6,2.0,0.0006207559490576386,0,0,0
MUL0978.json,0,minimum_completion,unlimited,2.0,0.0006160350749269128,0,0,0
MUL0978.json,0,minimum_completion,0,4.0,0.00035754998680204153,0,0,0
MUL0978.json,0,minimum_completion,1,4.0,0.0006173590663820505,0,0,0
MUL0978.json,0,minimum_completion,2,4.0,0.0006130140973255038,0,0,0
MUL0978.json,0,minimum_completion,4,4.0,0.0006271169986575842,0,0,0
MUL0978.json,0,minimum_completion,6,4.0,0.0006125719519332051,0,0,0
MUL0978.json,0,minimum_completion,unlimited,4.0,0.0006179760675877333,0,0,0
MUL0978.json,0,minimum_completion,0,8.0,0.00035374797880649567,0,0,0
MUL0978.json,0,minimum_completion,1,8.0,0.0006188350962474942,0,0,0
MUL0978.json,0,minimum_completion,2,8.0,0.0006183129735291004,0,0,0
MUL0978.json,0,minimum_completion,4,8.0,0.0006376799428835511,0,0,0
MUL0978.json,0,minimum_completion,6,8.0,0.0007051649736240506,0,0,0
MUL0978.json,0,minimum_completion,unlimited,8.0,0.0006263949908316135,0,0,0
MUL0978.json,1,minimum_completion,0,2.0,0.00036418705713003874,0,0,0
MUL0978.json,1,minimum_completion,1,2.0,0.0006187130929902196,0,0,0
MUL0978.json,1,minimum_completion,2,2.0,0.0006223889067769051,0,0,0
MUL0978.json,1,minimum_completion,4,2.0,0.0006219919305294752,0,0,0
MUL0978.json,1,minimum_completion,6,2.0,0.0006193879526108503,0,0,0
MUL0978.json,1,minimum_completion,unlimited,2.0,0.0006159880431368947,0,0,0
MUL0978.json,1,minimum_completion,0,4.0,0.00035121303517371416,0,0,0
MUL0978.json,1,minimum_completion,1,4.0,0.0006211410509422421,0,0,0
MUL0978.json,1,minimum_completion,2,4.0,0.0006107609951868653,0,0,0
MUL0978.json,1,minimum_completion,4,4.0,0.0006215189350768924,0,0,0
MUL0978.json,1,minimum_completion,6,4.0,0.0006128880195319653,0,0,0
MUL0978.json,1,minimum_completion,unlimited,4.0,0.0006178830517455935,0,0,0
MUL0978.json,1,minimum_completion,0,8.0,0.000362850958481431,0,0,0
MUL0978.json,1,minimum_completion,1,8.0,0.0006159750046208501,0,0,0
MUL0978.json,1,minimum_completion,2,8.0,0.0006210380233824253,0,0,0
MUL0978.json,1,minimum_completion,4,8.0,0.000656925025396049,0,0,0
MUL0978.json,1,minimum_completion,6,8.0,0.0006542510818690062,0,0,0
MUL0978.json,1,minimum_completion,unlimited,8.0,0.0006820510607212782,0,0,0
MUL0992.json,0,minimum_completion,0,2.0,7.498404011130333e-05,0,0,0
MUL0992.json,0,minimum_completion,1,2.0,0.00014250900130718946,0,0,0
MUL0992.json,0,minimum_completion,2,2.0,0.0006461780285462737,0,0,0
MUL0992.json,0,minimum_completion,4,2.0,0.0011723929783329368,0,0,0
MUL0992.json,0,minimum_completion,6,2.0,0.0017658730503171682,0,0,0
MUL0992.json,0,minimum_completion,unlimited,2.0,0.001142317894846201,0,0,0
MUL0992.json,0,minimum_completion,0,4.0,6.043398752808571e-05,0,0,0
MUL0992.json,0,minimum_completion,1,4.0,0.00012964906636625528,0,0,0
MUL0992.json,0,minimum_completion,2,4.0,0.000586816924624145,0,0,0
MUL0992.json,0,minimum_completion,4,4.0,0.0011672020191326737,0,0,0
MUL0992.json,0,minimum_completion,6,4.0,0.0011434759944677353,0,0,0
MUL0992.json,0,minimum_completion,unlimited,4.0,0.0011805689428001642,0,0,0
MUL0992.json,0,minimum_completion,0,8.0,6.14729942753911e-05,0,0,0
MUL0992.json,0,minimum_completion,1,8.0,0.00013312301598489285,0,0,0
MUL0992.json,0,minimum_completion,2,8.0,0.0009291679598391056,0,0,0
MUL0992.json,0,minimum_completion,4,8.0,0.001992054982110858,0,0,0
MUL0992.json,0,minimum_completion,6,8.0,0.0014294430147856474,0,0,0
MUL0992.json,0,minimum_completion,unlimited,8.0,0.001132545992732048,0,0,0
MUL0992.json,1,minimum_completion,0,2.0,6.503099575638771e-05,0,0,0
MUL0992.json,1,minimum_completion,1,2.0,0.00013071694411337376,0,0,0
MUL0992.json,1,minimum_completion,2,2.0,0.00059395597781986,0,0,0
MUL0992.json,1,minimum_completion,4,2.0,0.0011913200141862035,0,0,0
MUL0992.json,1,minimum_completion,6,2.0,0.0011598629644140601,0,0,0
MUL0992.json,1,minimum_completion,unlimited,2.0,0.0012506289640441537,0,0,0
MUL0992.json,1,minimum_completion,0,4.0,6.314495112746954e-05,0,0,0
MUL0992.json,1,minimum_completion,1,4.0,0.00013011705595999956,0,0,0
MUL0992.json,1,minimum_completion,2,4.0,0.0005886789876967669,0,0,0
MUL0992.json,1,minimum_completion,4,4.0,0.0011310999980196357,0,0,0
MUL0992.json,1,minimum_completion,6,4.0,0.0011253859847784042,0,0,0
MUL0992.json,1,minimum_completion,unlimited,4.0,0.0011303010396659374,0,0,0
MUL0992.json,1,minimum_completion,0,8.0,6.077508442103863e-05,0,0,0
MUL0992.json,1,minimum_completion,1,8.0,0.0001302780583500862,0,0,0
MUL0992.json,1,minimum_completion,2,8.0,0.0005824149120599031,0,0,0
MUL0992.json,1,minimum_completion,4,8.0,0.001170512055978179,0,0,0
MUL0992.json,1,minimum_completion,6,8.0,0.001125673996284604,0,0,0
MUL0992.json,1,minimum_completion,unlimited,8.0,0.0011284919455647469,0,0,0
MUL1008.json,0,minimum_completion,0,2.0,6.445904728025198e-05,0,0,0
MUL1008.json,0,minimum_completion,1,2.0,0.0003916729474440217,0,0,0
MUL1008.json,0,minimum_completion,2,2.0,0.0006163689540699124,0,0,0
MUL1008.json,0,minimum_completion,4,2.0,0.0007137139327824116,0,0,0
MUL1008.json,0,minimum_completion,6,2.0,0.000623969011940062,0,0,0
MUL1008.json,0,minimum_completion,unlimited,2.0,0.0006480389274656773,0,0,0
MUL1008.json,0,minimum_completion,0,4.0,6.515893619507551e-05,0,0,0
MUL1008.json,0,minimum_completion,1,4.0,0.00041144806891679764,0,0,0
MUL1008.json,0,minimum_completion,2,4.0,0.0006151099223643541,0,0,0
MUL1008.json,0,minimum_completion,4,4.0,0.0006034249672666192,0,0,0
MUL1008.json,0,minimum_completion,6,4.0,0.0006227969424799085,0,0,0
MUL1008.json,0,minimum_completion,unlimited,4.0,0.0006134869763627648,0,0,0
MUL1008.json,0,minimum_completion,0,8.0,6.515090353786945e-05,0,0,0
MUL1008.json,0,minimum_completion,1,8.0,0.0003748490707948804,0,0,0
MUL1008.json,0,minimum_completion,2,8.0,0.0004743479657918215,0,0,0
MUL1008.json,0,minimum_completion,4,8.0,0.0007679970003664494,0,0,0
MUL1008.json,0,minimum_completion,6,8.0,0.0007668639300391078,0,0,0
MUL1008.json,0,minimum_completion,unlimited,8.0,0.000796165899373591,0,0,0
MUL1008.json,1,minimum_completion,0,2.0,6.483995821326971e-05,0,0,0
MUL1008.json,1,minimum_completion,1,2.0,0.00037479307502508163,0,0,0
MUL1008.json,1,minimum_completion,2,2.0,0.000836194958537817,0,0,0
MUL1008.json,1,minimum_completion,4,2.0,0.0006831740029156208,0,0,0
MUL1008.json,1,minimum_completion,6,2.0,0.0005986130563542247,0,0,0
MUL1008.json,1,minimum_completion,unlimited,2.0,0.000649375026114285,0,0,0
MUL1008.json,1,minimum_completion,0,4.0,6.19380734860897e-05,0,0,0
MUL1008.json,1,minimum_completion,1,4.0,0.0003745460417121649,0,0,0
MUL1008.json,1,minimum_completion,2,4.0,0.0005934940418228507,0,0,0
MUL1008.json,1,minimum_completion,4,4.0,0.0005885249702259898,0,0,0
MUL1008.json,1,minimum_completion,6,4.0,0.0006036830600351095,0,0,0
MUL1008.json,1,minimum_completion,unlimited,4.0,0.0012054939288645983,0,0,0
MUL1008.json,1,minimum_completion,0,8.0,6.133201532065868e-05,0,0,0
MUL1008.json,1,minimum_completion,1,8.0,0.0003822200233116746,0,0,0
MUL1008.json,1,minimum_completion,2,8.0,0.0004742369055747986,0,0,0
MUL1008.json,1,minimum_completion,4,8.0,0.0007573330076411366,0,0,0
MUL1008.json,1,minimum_completion,6,8.0,0.0007583569968119264,0,0,0
MUL1008.json,1,minimum_completion,unlimited,8.0,0.0007720550056546926,0,0,0
MUL1015.json,0,minimum_completion,0,2.0,0.00016594002954661846,0,0,0
MUL1015.json,0,minimum_completion,1,2.0,0.00022082100622355938,0,0,0
MUL1015.json,0,minimum_completion,2,2.0,0.0005857619689777493,0,0,0
MUL1015.json,0,minimum_completion,4,2.0,0.0006264089606702328,0,0,0
MUL1015.json,0,minimum_completion,6,2.0,0.0006040750304237008,0,0,0
MUL1015.json,0,minimum_completion,unlimited,2.0,0.0005931199993938208,0,0,0
MUL1015.json,0,minimum_completion,0,4.0,7.609708700329065e-05,0,0,0
MUL1015.json,0,minimum_completion,1,4.0,0.0003255769843235612,0,0,0
MUL1015.json,0,minimum_completion,2,4.0,0.0010282748844474554,0,0,0
MUL1015.json,0,minimum_completion,4,4.0,0.0018851730274036527,0,0,0
MUL1015.json,0,minimum_completion,6,4.0,0.00184861000161618,0,0,0
MUL1015.json,0,minimum_completion,unlimited,4.0,0.0018371690530329943,0,0,0
MUL1015.json,0,minimum_completion,0,8.0,7.507100235670805e-05,0,0,0
MUL1015.json,0,minimum_completion,1,8.0,0.00024425494484603405,0,0,0
MUL1015.json,0,minimum_completion,2,8.0,0.0009788860334083438,0,0,0
MUL1015.json,0,minimum_completion,4,8.0,0.0019192879553884268,0,0,0
MUL1015.json,0,minimum_completion,6,8.0,0.0023939580423757434,0,0,0
MUL1015.json,0,minimum_completion,unlimited,8.0,0.0023761159973219037,0,0,0
MUL1015.json,1,minimum_completion,0,2.0,0.00016893399879336357,0,0,0
MUL1015.json,1,minimum_completion,1,2.0,0.00021475204266607761,0,0,0
MUL1015.json,1,minimum_completion,2,2.0,0.0005786740221083164,0,0,0
MUL1015.json,1,minimum_completion,4,2.0,0.0005768579430878162,0,0,0
MUL1015.json,1,minimum_completion,6,2.0,0.000575943966396153,0,0,0
MUL1015.json,1,minimum_completion,unlimited,2.0,0.0006170310080051422,0,0,0
MUL1015.json,1,minimum_completion,0,4.0,7.367308717221022e-05,0,0,0
MUL1015.json,1,minimum_completion,1,4.0,0.00030412303749471903,0,0,0
MUL1015.json,1,minimum_completion,2,4.0,0.001009237952530384,0,0,0
MUL1015.json,1,minimum_completion,4,4.0,0.0018224749946966767,0,0,0
MUL1015.json,1,minimum_completion,6,4.0,0.0018299650400876999,0,0,0
MUL1015.json,1,minimum_completion,unlimited,4.0,0.0019341550068929791,0,0,0
MUL1015.json,1,minimum_completion,0,8.0,7.483700755983591e-05,0,0,0
MUL1015.json,1,minimum_completion,1,8.0,0.00024597696028649807,0,0,0
MUL1015.json,1,minimum_completion,2,8.0,0.0009855730459094048,0,0,0
MUL1015.json,1,minimum_completion,4,8.0,0.0019650300964713097,0,0,0
MUL1015.json,1,minimum_completion,6,8.0,0.002422877005301416,0,0,0
MUL1015.json,1,minimum_completion,unlimited,8.0,0.0023969110334292054,0,0,0
MUL1045.json,0,minimum_completion,0,2.0,6.579305045306683e-05,0,0,0
MUL1045.json,0,minimum_completion,1,2.0,0.0003949110396206379,0,0,0
MUL1045.json,0,minimum_completion,2,2.0,0.0006508770165964961,0,0,0
MUL1045.json,0,minimum_completion,4,2.0,0.0006414150120690465,0,0,0
MUL1045.json,0,minimum_completion,6,2.0,0.0006575719453394413,0,0,0
MUL1045.json,0,minimum_completion,unlimited,2.0,0.0006458050338551402,0,0,0
MUL1045.json,0,minimum_completion,0,4.0,6.247195415198803e-05,0,0,0
MUL1045.json,0,minimum_completion,1,4.0,0.0004413159331306815,0,0,0
MUL1045.json,0,minimum_completion,2,4.0,0.0006045009940862656,0,0,0
MUL1045.json,0,minimum_completion,4,4.0,0.0010623920243233442,0,0,0
MUL1045.json,0,minimum_completion,6,4.0,0.0010672860080376267,0,0,0
MUL1045.json,0,minimum_completion,unlimited,4.0,0.0010524890385568142,0,0,0
MUL1045.json,0,minimum_completion,0,8.0,6.154202856123447e-05,0,0,0
MUL1045.json,0,minimum_completion,1,8.0,0.000379223027266562,0,0,0
MUL1045.json,0,minimum_completion,2,8.0,0.0005987340118736029,0,0,0
MUL1045.json,0,minimum_completion,4,8.0,0.0016016879817470908,0,0,0
MUL1045.json,0,minimum_completion,6,8.0,0.0013504029484465718,0,0,0
MUL1045.json,0,minimum_completion,unlimited,8.0,0.0013408749364316463,0,0,0
MUL1045.json,1,minimum_completion,0,2.0,6.898806896060705e-05,0,0,0
MUL1045.json,1,minimum_completion,1,2.0,0.0004232960054650903,0,0,0
MUL1045.json,1,minimum_completion,2,2.0,0.0007357849972322583,0,0,0
MUL1045.json,1,minimum_completion,4,2.0,0.0006775519577786326,0,0,0
MUL1045.json,1,minimum_completion,6,2.0,0.0006606990937143564,0,0,0
MUL1045.json,1,minimum_completion,unlimited,2.0,0.0006946109933778644,0,0,0
MUL1045.json,1,minimum_completion,0,4.0,6.354902870953083e-05,0,0,0
MUL1045.json,1,minimum_completion,1,4.0,0.0003999869804829359,0,0,0
MUL1045.json,1,minimum_completion,2,4.0,0.0006902229506522417,0,0,0
MUL1045.json,1,minimum_completion,4,4.0,0.0010907070245593786,0,0,0
MUL1045.json,1,minimum_completion,6,4.0,0.0010808119550347328,0,0,0
MUL1045.json,1,minimum_completion,unlimited,4.0,0.0010942260269075632,0,0,0
MUL1045.json,1,minimum_completion,0,8.0,6.311398465186357e-05,0,0,0
MUL1045.json,1,minimum_completion,1,8.0,0.000393525930121541,0,0,0
MUL1045.json,1,minimum_completion,2,8.0,0.0006204390665516257,0,0,0
MUL1045.json,1,minimum_completion,4,8.0,0.0013918910408392549,0,0,0
MUL1045.json,1,minimum_completion,6,8.0,0.0014521550619974732,0,0,0
MUL1045.json,1,minimum_completion,unlimited,8.0,0.0015090840170159936,0,0,0
MUL1055.json,0,minimum_completion,0,2.0,7.355189882218838e-05,0,0,0
MUL1055.json,0,minimum_completion,1,2.0,0.00046297896187752485,0,0,0
MUL1055.json,0,minimum_completion,2,2.0,0.0007711449870839715,0,0,0
MUL1055.json,0,minimum_completion,4,2.0,0.0007948980201035738,0,0,0
MUL1055.json,0,minimum_completion,6,2.0,0.0007531029405072331,0,0,0
MUL1055.json,0,minimum_completion,unlimited,2.0,0.0007535830372944474,0,0,0
MUL1055.json,0,minimum_completion,0,4.0,6.647000554949045e-05,0,0,0
MUL1055.json,0,minimum_completion,1,4.0,0.0004451379645615816,0,0,0
MUL1055.json,0,minimum_completion,2,4.0,0.0009878779528662562,0,0,0
MUL1055.json,0,minimum_completion,4,4.0,0.002519991947337985,0,0,0
MUL1055.json,0,minimum_completion,6,4.0,0.002475419081747532,0,0,0
MUL1055.json,0,minimum_completion,unlimited,4.0,0.0025201248936355114,0,0,0
MUL1055.json,0,minimum_completion,0,8.0,6.704300176352262e-05,0,0,0
MUL1055.json,0,minimum_completion,1,8.0,0.00044479104690253735,0,0,0
MUL1055.json,0,minimum_completion,2,8.0,0.0011876329081133008,0,0,0
MUL1055.json,0,minimum_completion,4,8.0,0.00373679690528661,0,0,0
MUL1055.json,0,minimum_completion,6,8.0,0.0030481700086966157,0,0,0
MUL1055.json,0,minimum_completion,unlimited,8.0,0.0030328709399327636,0,0,0
MUL1055.json,1,minimum_completion,0,2.0,7.293908856809139e-05,0,0,0
MUL1055.json,1,minimum_completion,1,2.0,0.00046114600263535976,0,0,0
MUL1055.json,1,minimum_completion,2,2.0,0.0007509300485253334,0,0,0
MUL1055.json,1,minimum_completion,4,2.0,0.0007443369831889868,0,0,0
MUL1055.json,1,minimum_completion,6,2.0,0.0007456159219145775,0,0,0
MUL1055.json,1,minimum_completion,unlimited,2.0,0.000776932924054563,0,0,0
MUL1055.json,1,minimum_completion,0,4.0,6.660690996795893e-05,0,0,0
MUL1055.json,1,minimum_completion,1,4.0,0.0004425999941304326,0,0,0
MUL1055.json,1,minimum_completion,2,4.0,0.00090814009308815,0,0,0
MUL1055.json,1,minimum_completion,4,4.0,0.0025689140893518925,0,0,0
MUL1055.json,1,minimum_completion,6,4.0,0.0025392259703949094,0,0,0
MUL1055.json,1,minimum_completion,unlimited,4.0,0.0028125689132139087,0,0,0
MUL1055.json,1,minimum_completion,0,8.0,6.770493928343058e-05,0,0,0
MUL1055.json,1,minimum_completion,1,8.0,0.0004546029958873987,0,0,0
MUL1055.json,1,minimum_completion,2,8.0,0.0009215261088684201,0,0,0
MUL1055.json,1,minimum_completion,4,8.0,0.002298993058502674,0,0,0
MUL1055.json,1,minimum_completion,6,8.0,0.0032711930107325315,0,0,0
MUL1055.json,1,minimum_completion,unlimited,8.0,0.0029448270797729492,0,0,0
MUL1060.json,0,minimum_completion,0,2.0,0.0001443939981982112,0,0,0
MUL1060.json,0,minimum_completion,1,2.0,0.0004826659569516778,0,0,0
MUL1060.json,0,minimum_completion,2,2.0,0.0004742909222841263,0,0,0
MUL1060.json,0,minimum_completion,4,2.0,0.0004753939574584365,0,0,0
MUL1060.json,0,minimum_completion,6,2.0,0.0004739719443023205,0,0,0
MUL1060.json,0,minimum_completion,unlimited,2.0,0.000485949101857841,0,0,0
MUL1060.json,0,minimum_completion,0,4.0,0.00014333892613649368,0,0,0
MUL1060.json,0,minimum_completion,1,4.0,0.000571868964470923,0,0,0
MUL1060.json,0,minimum_completion,2,4.0,0.0004857099847868085,0,0,0
MUL1060.json,0,minimum_completion,4,4.0,0.0004740890581160784,0,0,0
MUL1060.json,0,minimum_completion,6,4.0,0.0004754579858854413,0,0,0
MUL1060.json,0,minimum_completion,unlimited,4.0,0.0004966700216755271,0,0,0
MUL1060.json,0,minimum_completion,0,8.0,7.287401240319014e-05,0,0,0
MUL1060.json,0,minimum_completion,1,8.0,0.00029401795472949743,0,0,0
MUL1060.json,0,minimum_completion,2,8.0,0.00039678497705608606,0,0,0
MUL1060.json,0,minimum_completion,4,8.0,0.0008079989347606897,0,0,0
MUL1060.json,0,minimum_completion,6,8.0,0.0013348310021683574,0,0,0
MUL1060.json,0,minimum_completion,unlimited,8.0,0.0007948779966682196,0,0,0
MUL1060.json,1,minimum_completion,0,2.0,0.0003457349957898259,0,0,0
MUL1060.json,1,minimum_completion,1,2.0,0.0003378799883648753,0,0,0
MUL1060.json,1,minimum_completion,2,2.0,0.000339086982421577,0,0,0
MUL1060.json,1,minimum_completion,4,2.0,0.00034485897049307823,0,0,0
MUL1060.json,1,minimum_completion,6,2.0,0.00034030096139758825,0,0,0
MUL1060.json,1,minimum_completion,unlimited,2.0,0.00034050492104142904,0,0,0
MUL1060.json,1,minimum_completion,0,4.0,0.00014298001769930124,0,0,0
MUL1060.json,1,minimum_completion,1,4.0,0.0004899970954284072,0,0,0
MUL1060.json,1,minimum_completion,2,4.0,0.00048306200187653303,0,0,0
MUL1060.json,1,minimum_completion,4,4.0,0.0004789730301126838,0,0,0
MUL1060.json,1,minimum_completion,6,4.0,0.0005183499306440353,0,0,0
MUL1060.json,1,minimum_completion,unlimited,4.0,0.0004980069352313876,0,0,0
MUL1060.json,1,minimum_completion,0,8.0,7.66500597819686e-05,0,0,0
MUL1060.json,1,minimum_completion,1,8.0,0.00035046401899307966,0,0,0
MUL1060.json,1,minimum_completion,2,8.0,0.0005097789689898491,0,0,0
MUL1060.json,1,minimum_completion,4,8.0,0.000928007997572422,0,0,0
MUL1060.json,1,minimum_completion,6,8.0,0.0008669618982821703,0,0,0
MUL1060.json,1,minimum_completion,unlimited,8.0,0.0009741010144352913,0,0,0
MUL1071.json,0,minimum_completion,0,2.0,0.00014794804155826569,0,0,0
MUL1071.json,0,minimum_completion,1,2.0,0.0001851009437814355,0,0,0
MUL1071.json,0,minimum_completion,2,2.0,0.0005731879500672221,0,0,0
MUL1071.json,0,minimum_completion,4,2.0,0.0005684889620169997,0,0,0
MUL1071.json,0,minimum_completion,6,2.0,0.0005735489539802074,0,0,0
MUL1071.json,0,minimum_completion,unlimited,2.0,0.0005737940082326531,0,0,0
MUL1071.json,0,minimum_completion,0,4.0,0.0001352221006527543,0,0,0
MUL1071.json,0,minimum_completion,1,4.0,0.00018265401013195515,0,0,0
MUL1071.json,0,minimum_completion,2,4.0,0.000575728015974164,0,0,0
MUL1071.json,0,minimum_completion,4,4.0,0.0005702599883079529,0,0,0
MUL1071.json,0,minimum_completion,6,4.0,0.0005992900114506483,0,0,0
MUL1071.json,0,minimum_completion,unlimited,4.0,0.0007224889704957604,0,0,0
MUL1071.json,0,minimum_completion,0,8.0,8.398294448852539e-05,0,0,0
MUL1071.json,0,minimum_completion,1,8.0,0.0002906220033764839,0,0,0
MUL1071.json,0,minimum_completion,2,8.0,0.0003453870303928852,0,0,0
MUL1071.json,0,minimum_completion,4,8.0,0.0007315700640901923,0,0,0
MUL1071.json,0,minimum_completion,6,8.0,0.0007419179892167449,0,0,0
MUL1071.json,0,minimum_completion,unlimited,8.0,0.0007316389819607139,0,0,0
MUL1071.json,1,minimum_completion,0,2.0,0.00014138896949589252,0,0,0
MUL1071.json,1,minimum_completion,1,2.0,0.0001858789473772049,0,0,0
MUL1071.json,1,minimum_completion,2,2.0,0.0006386690074577928,0,0,0
MUL1071.json,1,minimum_completion,4,2.0,0.0005710059776902199,0,0,0
MUL1071.json,1,minimum_completion,6,2.0,0.0005719910841435194,0,0,0
MUL1071.json,1,minimum_completion,unlimited,2.0,0.0005774159217253327,0,0,0
MUL1071.json,1,minimum_completion,0,4.0,0.00013977999333292246,0,0,0
MUL1071.json,1,minimum_completion,1,4.0,0.00018065504264086485,0,0,0
MUL1071.json,1,minimum_completion,2,4.0,0.0005719970213249326,0,0,0
MUL1071.json,1,minimum_completion,4,4.0,0.0005719809560105205,0,0,0
MUL1071.json,1,minimum_completion,6,4.0,0.0005709199467673898,0,0,0
MUL1071.json,1,minimum_completion,unlimited,4.0,0.0005742680514231324,0,0,0
MUL1071.json,1,minimum_completion,0,8.0,6.517698056995869e-05,0,0,0
MUL1071.json,1,minimum_completion,1,8.0,0.00026799202896654606,0,0,0
MUL1071.json,1,minimum_completion,2,8.0,0.0003481190651655197,0,0,0
MUL1071.json,1,minimum_completion,4,8.0,0.0007225099252536893,0,0,0
MUL1071.json,1,minimum_completion,6,8.0,0.0007891360437497497,0,0,0
MUL1071.json,1,minimum_completion,unlimited,8.0,0.0007614479400217533,0,0,0
MUL1076.json,0,minimum_completion,0,2.0,6.440607830882072e-05,0,0,0
MUL1076.json,0,minimum_completion,1,2.0,0.00012860505376011133,0,0,0
MUL1076.json,0,minimum_completion,2,2.0,0.0005540120182558894,0,0,0
MUL1076.json,0,minimum_completion,4,2.0,0.000970599940046668,0,0,0
MUL1076.json,0,minimum_completion,6,2.0,0.0008841659873723984,0,0,0
MUL1076.json,0,minimum_completion,unlimited,2.0,0.0008810970466583967,0,0,0
MUL1076.json,0,minimum_completion,0,4.0,5.997007247060537e-05,0,0,0
MUL1076.json,0,minimum_completion,1,4.0,0.00012714904733002186,0,0,0
MUL1076.json,0,minimum_completion,2,4.0,0.0005403989925980568,0,0,0
MUL1076.json,0,minimum_completion,4,4.0,0.0009071030654013157,0,0,0
MUL1076.json,0,minimum_completion,6,4.0,0.000879290048032999,0,0,0
MUL1076.json,0,minimum_completion,unlimited,4.0,0.0008863910334184766,0,0,0
MUL1076.json,0,minimum_completion,0,8.0,6.036506965756416e-05,0,0,0
MUL1076.json,0,minimum_completion,1,8.0,0.00012433493975549936,0,0,0
MUL1076.json,0,minimum_completion,2,8.0,0.00054202601313591,0,0,0
MUL1076.json,0,minimum_completion,4,8.0,0.0008931289194151759,0,0,0
MUL1076.json,0,minimum_completion,6,8.0,0.0009304310660809278,0,0,0
MUL1076.json,0,minimum_completion,unlimited,8.0,0.0009191039716824889,0,0,0
MUL1076.json,1,minimum_completion,0,2.0,6.691308226436377e-05,0,0,0
MUL1076.json,1,minimum_completion,1,2.0,0.00014206103514879942,0,0,0
MUL1076.json,1,minimum_completion,2,2.0,0.0005907309241592884,0,0,0
MUL1076.json,1,minimum_completion,4,2.0,0.0010023439535871148,0,0,0
MUL1076.json,1,minimum_completion,6,2.0,0.000932159018702805,0,0,0
MUL1076.json,1,minimum_completion,unlimited,2.0,0.0008853949839249253,0,0,0
MUL1076.json,1,minimum_completion,0,4.0,6.008404307067394e-05,0,0,0
MUL1076.json,1,minimum_completion,1,4.0,0.00012786895968019962,0,0,0
MUL1076.json,1,minimum_completion,2,4.0,0.0005398289067670703,0,0,0
MUL1076.json,1,minimum_completion,4,4.0,0.0009295480558648705,0,0,0
MUL1076.json,1,minimum_completion,6,4.0,0.0008888960583135486,0,0,0
MUL1076.json,1,minimum_completion,unlimited,4.0,0.0010799389565363526,0,0,0
MUL1076.json,1,minimum_completion,0,8.0,0.00010159693192690611,0,0,0
MUL1076.json,1,minimum_completion,1,8.0,0.00021715997718274593,0,0,0
MUL1076.json,1,minimum_completion,2,8.0,0.0009929949883371592,0,0,0
MUL1076.json,1,minimum_completion,4,8.0,0.0015146159566938877,0,0,0
MUL1076.json,1,minimum_completion,6,8.0,0.0009455760009586811,0,0,0
MUL1076.json,1,minimum_completion,unlimited,8.0,0.0008864379487931728,0,0,0
MUL1088.json,0,minimum_completion,0,2.0,6.744591519236565e-05,0,0,0
MUL1088.json,0,minimum_completion,1,2.0,0.0005049759056419134,0,0,0
MUL1088.json,0,minimum_completion,2,2.0,0.0008601100416854024,0,0,0
MUL1088.json,0,minimum_completion,4,2.0,0.0007693279767408967,0,0,0
MUL1088.json,0,minimum_completion,6,2.0,0.0007611660985276103,0,0,0
MUL1088.json,0,minimum_completion,unlimited,2.0,0.0007791919633746147,0,0,0
MUL1088.json,0,minimum_completion,0,4.0,6.602006033062935e-05,0,0,0
MUL1088.json,0,minimum_completion,1,4.0,0.0005142809823155403,0,0,0
MUL1088.json,0,minimum_completion,2,4.0,0.0007228950271382928,0,0,0
MUL1088.json,0,minimum_completion,4,4.0,0.0012112560216337442,0,0,0
MUL1088.json,0,minimum_completion,6,4.0,0.0013319270219653845,0,0,0
MUL1088.json,0,minimum_completion,unlimited,4.0,0.001244639977812767,0,0,0
MUL1088.json,0,minimum_completion,0,8.0,6.347999442368746e-05,0,0,0
MUL1088.json,0,minimum_completion,1,8.0,0.00019142997916787863,0,0,0
MUL1088.json,0,minimum_completion,2,8.0,0.0008254349231719971,0,0,0
MUL1088.json,0,minimum_completion,4,8.0,0.001503987004980445,0,0,0
MUL1088.json,0,minimum_completion,6,8.0,0.002013697987422347,0,0,0
MUL1088.json,0,minimum_completion,unlimited,8.0,0.0020084590651094913,0,0,0
MUL1088.json,1,minimum_completion,0,2.0,6.728398147970438e-05,0,0,0
MUL1088.json,1,minimum_completion,1,2.0,0.0005039359675720334,0,0,0
MUL1088.json,1,minimum_completion,2,2.0,0.0007670409977436066,0,0,0
MUL1088.json,1,minimum_completion,4,2.0,0.00080988893751055,0,0,0
MUL1088.json,1,minimum_completion,6,2.0,0.0008106910390779376,0,0,0
MUL1088.json,1,minimum_completion,unlimited,2.0,0.0008333500009030104,0,0,0
MUL1088.json,1,minimum_completion,0,4.0,6.632099393755198e-05,0,0,0
MUL1088.json,1,minimum_completion,1,4.0,0.0004903509980067611,0,0,0
MUL1088.json,1,minimum_completion,2,4.0,0.0007181990658864379,0,0,0
MUL1088.json,1,minimum_completion,4,4.0,0.0012331390753388405,0,0,0
MUL1088.json,1,minimum_completion,6,4.0,0.0015559900784865022,0,0,0
MUL1088.json,1,minimum_completion,unlimited,4.0,0.0012101589236408472,0,0,0
MUL1088.json,1,minimum_completion,0,8.0,6.385205779224634e-05,0,0,0
MUL1088.json,1,minimum_completion,1,8.0,0.00018862902652472258,0,0,0
MUL1088.json,1,minimum_completion,2,8.0,0.0010047319810837507,0,0,0
MUL1088.json,1,minimum_completion,4,8.0,0.0014494610950350761,0,0,0
MUL1088.json,1,minimum_completion,6,8.0,0.0020132370991632342,0,0,0
MUL1088.json,1,minimum_completion,unlimited,8.0,0.0020141260465607047,0,0,0
MUL1117.json,0,minimum_completion,0,2.0,6.472808308899403e-05,0,0,0
MUL1117.json,0,minimum_completion,1,2.0,0.00035307893995195627,0,0,0
MUL1117.json,0,minimum_completion,2,2.0,0.0004086489789187908,0,0,0
MUL1117.json,0,minimum_completion,4,2.0,0.0006827679462730885,0,0,0
MUL1117.json,0,minimum_completion,6,2.0,0.0007143339607864618,0,0,0
MUL1117.json,0,minimum_completion,unlimited,2.0,0.0007517290068790317,0,0,0
MUL1117.json,0,minimum_completion,0,4.0,6.252306047827005e-05,0,0,0
MUL1117.json,0,minimum_completion,1,4.0,0.0004090080037713051,0,0,0
MUL1117.json,0,minimum_completion,2,4.0,0.00043944595381617546,0,0,0
MUL1117.json,0,minimum_completion,4,4.0,0.0008074420038610697,0,0,0
MUL1117.json,0,minimum_completion,6,4.0,0.0006961200851947069,0,0,0
MUL1117.json,0,minimum_completion,unlimited,4.0,0.0007093390449881554,0,0,0
MUL1117.json,0,minimum_completion,0,8.0,7.241405546665192e-05,0,0,0
MUL1117.json,0,minimum_completion,1,8.0,0.00034903502091765404,0,0,0
MUL1117.json,0,minimum_completion,2,8.0,0.0004112119786441326,0,0,0
MUL1117.json,0,minimum_completion,4,8.0,0.0007590319728478789,0,0,0
MUL1117.json,0,minimum_completion,6,8.0,0.0006868200143799186,0,0,0
MUL1117.json,0,minimum_completion,unlimited,8.0,0.0006855099927634001,0,0,0
MUL1117.json,1,minimum_completion,0,2.0,6.211607251316309e-05,0,0,0
MUL1117.json,1,minimum_completion,1,2.0,0.00034653395414352417,0,0,0
MUL1117.json,1,minimum_completion,2,2.0,0.0004270620411261916,0,0,0
MUL1117.json,1,minimum_completion,4,2.0,0.0006822999566793442,0,0,0
MUL1117.json,1,minimum_completion,6,2.0,0.0006869439966976643,0,0,0
MUL1117.json,1,minimum_completion,unlimited,2.0,0.000681694014929235,0,0,0
MUL1117.json,1,minimum_completion,0,4.0,6.0194055549800396e-05,0,0,0
MUL1117.json,1,minimum_completion,1,4.0,0.00034616095945239067,0,0,0
MUL1117.json,1,minimum_completion,2,4.0,0.00040708098094910383,0,0,0
MUL1117.json,1,minimum_completion,4,4.0,0.0007160590030252934,0,0,0
MUL1117.json,1,minimum_completion,6,4.0,0.0006831350037828088,0,0,0
MUL1117.json,1,minimum_completion,unlimited,4.0,0.0006847510812804103,0,0,0
MUL1117.json,1,minimum_completion,0,8.0,6.038800347596407e-05,0,0,0
MUL1117.json,1,minimum_completion,1,8.0,0.0003392508951947093,0,0,0
MUL1117.json,1,minimum_completion,2,8.0,0.00041231000795960426,0,0,0
MUL1117.json,1,minimum_completion,4,8.0,0.0006813929649069905,0,0,0
MUL1117.json,1,minimum_completion,6,8.0,0.0007347469218075275,0,0,0
MUL1117.json,1,minimum_completion,unlimited,8.0,0.0006841900758445263,0,0,0
MUL1137.json,0,minimum_completion,0,2.0,0.0001544490223750472,0,0,0
MUL1137.json,0,minimum_completion,1,2.0,0.00020267104264348745,0,0,0
MUL1137.json,0,minimum_completion,2,2.0,0.0005745949456468225,0,0,0
MUL1137.json,0,minimum_completion,4,2.0,0.0007220709230750799,0,0,0
MUL1137.json,0,minimum_completion,6,2.0,0.000653620925731957,0,0,0
MUL1137.json,0,minimum_completion,unlimited,2.0,0.0006318429950624704,0,0,0
MUL1137.json,0,minimum_completion,0,4.0,8.20669811218977e-05,0,0,0
MUL1137.json,0,minimum_completion,1,4.0,0.00033931899815797806,0,0,0
MUL1137.json,0,minimum_completion,2,4.0,0.00040684198029339314,0,0,0
MUL1137.json,0,minimum_completion,4,4.0,0.000780074973590672,0,0,0
MUL1137.json,0,minimum_completion,6,4.0,0.0007709789788350463,0,0,0
MUL1137.json,0,minimum_completion,unlimited,4.0,0.0007677300600335002,0,0,0
MUL1137.json,0,minimum_completion,0,8.0,6.895000115036964e-05,0,0,0
MUL1137.json,0,minimum_completion,1,8.0,0.0002080630511045456,0,0,0
MUL1137.json,0,minimum_completion,2,8.0,0.0007306450279429555,0,0,0
MUL1137.json,0,minimum_completion,4,8.0,0.0011487180599942803,0,0,0
MUL1137.json,0,minimum_completion,6,8.0,0.0012072540121152997,0,0,0
MUL1137.json,0,minimum_completion,unlimited,8.0,0.001153065008111298,0,0,0
MUL1137.json,1,minimum_completion,0,2.0,9.670399595052004e-05,0,0,0
MUL1137.json,1,minimum_completion,1,2.0,0.00013931398279964924,0,0,0
MUL1137.json,1,minimum_completion,2,2.0,0.0005610380321741104,0,0,0
MUL1137.json,1,minimum_completion,4,2.0,0.0008865210693329573,0,0,0
MUL1137.json,1,minimum_completion,6,2.0,0.0009314100025221705,0,0,0
MUL1137.json,1,minimum_completion,unlimited,2.0,0.0009416509419679642,0,0,0
MUL1137.json,1,minimum_completion,0,4.0,6.175797898322344e-05,0,0,0
MUL1137.json,1,minimum_completion,1,4.0,0.00012704404070973396,0,0,0
MUL1137.json,1,minimum_completion,2,4.0,0.0005546999163925648,0,0,0
MUL1137.json,1,minimum_completion,4,4.0,0.0009364490397274494,0,0,0
MUL1137.json,1,minimum_completion,6,4.0,0.000916715944185853,0,0,0
MUL1137.json,1,minimum_completion,unlimited,4.0,0.0009092210093513131,0,0,0
MUL1137.json,1,minimum_completion,0,8.0,6.217497866600752e-05,0,0,0
MUL1137.json,1,minimum_completion,1,8.0,0.00012870400678366423,0,0,0
MUL1137.json,1,minimum_completion,2,8.0,0.0005434089107438922,0,0,0
MUL1137.json,1,minimum_completion,4,8.0,0.0008706640219315886,0,0,0
MUL1137.json,1,minimum_completion,6,8.0,0.0009428359335288405,0,0,0
MUL1137.json,1,minimum_completion,unlimited,8.0,0.000894647091627121,0,0,0
MUL1139.json,0,minimum_completion,0,2.0,0.0001410599797964096,0,0,0
MUL1139.json,0,minimum_completion,1,2.0,0.00018349604215472937,0,0,0
MUL1139.json,0,minimum_completion,2,2.0,0.0005770629504695535,0,0,0
MUL1139.json,0,minimum_completion,4,2.0,0.0005744060035794973,0,0,0
MUL1139.json,0,minimum_completion,6,2.0,0.0005679590394720435,0,0,0
MUL1139.json,0,minimum_completion,unlimited,2.0,0.0005781250074505806,0,0,0
MUL1139.json,0,minimum_completion,0,4.0,0.00013410404790192842,0,0,0
MUL1139.json,0,minimum_completion,1,4.0,0.0001839980250224471,0,0,0
MUL1139.json,0,minimum_completion,2,4.0,0.0005828570574522018,0,0,0
MUL1139.json,0,minimum_completion,4,4.0,0.000571881071664393,0,0,0
MUL1139.json,0,minimum_completion,6,4.0,0.0005729260155931115,0,0,0
MUL1139.json,0,minimum_completion,unlimited,4.0,0.000568732968531549,0,0,0
MUL1139.json,0,minimum_completion,0,8.0,6.453099194914103e-05,0,0,0
MUL1139.json,0,minimum_completion,1,8.0,0.0002657559234648943,0,0,0
MUL1139.json,0,minimum_completion,2,8.0,0.0003344749566167593,0,0,0
MUL1139.json,0,minimum_completion,4,8.0,0.0007249950431287289,0,0,0
MUL1139.json,0,minimum_completion,6,8.0,0.0007351919775828719,0,0,0
MUL1139.json,0,minimum_completion,unlimited,8.0,0.0013751490041613579,0,0,0
MUL1139.json,1,minimum_completion,0,2.0,0.00014304008800536394,0,0,0
MUL1139.json,1,minimum_completion,1,2.0,0.0004884450463578105,0,0,0
MUL1139.json,1,minimum_completion,2,2.0,0.00047884497325867414,0,0,0
MUL1139.json,1,minimum_completion,4,2.0,0.0008194349939003587,0,0,0
MUL1139.json,1,minimum_completion,6,2.0,0.0008968219626694918,0,0,0
MUL1139.json,1,minimum_completion,unlimited,2.0,0.0008779499912634492,0,0,0
MUL1139.json,1,minimum_completion,0,4.0,0.00024729000870138407,0,0,0
MUL1139.json,1,minimum_completion,1,4.0,0.0007385400822386146,0,0,0
MUL1139.json,1,minimum_completion,2,4.0,0.000572053948417306,0,0,0
MUL1139.json,1,minimum_completion,4,4.0,0.0005089050391688943,0,0,0
MUL1139.json,1,minimum_completion,6,4.0,0.000485943048261106,0,0,0
MUL1139.json,1,minimum_completion,unlimited,4.0,0.0004984969273209572,0,0,0
MUL1139.json,1,minimum_completion,0,8.0,6.675103213638067e-05,0,0,0
MUL1139.json,1,minimum_completion,1,8.0,0.0003005389589816332,0,0,0
MUL1139.json,1,minimum_completion,2,8.0,0.0004079591017216444,0,0,0
MUL1139.json,1,minimum_completion,4,8.0,0.0007908949628472328,0,0,0
MUL1139.json,1,minimum_completion,6,8.0,0.0007920169737190008,0,0,0
MUL1139.json,1,minimum_completion,unlimited,8.0,0.000779372057877481,0,0,0
MUL1159.json,0,minimum_completion,0,2.0,6.629002746194601e-05,0,0,0
MUL1159.json,0,minimum_completion,1,2.0,0.0003334518987685442,0,0,0
MUL1159.json,0,minimum_completion,2,2.0,0.00045096001122146845,0,0,0
MUL1159.json,0,minimum_completion,4,2.0,0.0007762659806758165,0,0,0
MUL1159.json,0,minimum_completion,6,2.0,0.0007671730127185583,0,0,0
MUL1159.json,0,minimum_completion,unlimited,2.0,0.0007866210071370006,0,0,0
MUL1159.json,0,minimum_completion,0,4.0,5.992199294269085e-05,0,0,0
MUL1159.json,0,minimum_completion,1,4.0,0.00030860689003020525,0,0,0
MUL1159.json,0,minimum_completion,2,4.0,0.00036977301351726055,0,0,0
MUL1159.json,0,minimum_completion,4,4.0,0.0007607099832966924,0,0,0
MUL1159.json,0,minimum_completion,6,4.0,0.0007687510224059224,0,0,0
MUL1159.json,0,minimum_completion,unlimited,4.0,0.0007750979857519269,0,0,0
MUL1159.json,0,minimum_completion,0,8.0,6.0215010307729244e-05,0,0,0
MUL1159.json,0,minimum_completion,1,8.0,0.0001457170583307743,0,0,0
MUL1159.json,0,minimum_completion,2,8.0,0.0006319310050457716,0,0,0
MUL1159.json,0,minimum_completion,4,8.0,0.0010256420355290174,0,0,0
MUL1159.json,0,minimum_completion,6,8.0,0.001019759918563068,0,0,0
MUL1159.json,0,minimum_completion,unlimited,8.0,0.001029072911478579,0,0,0
MUL1159.json,1,minimum_completion,0,2.0,7.17350048944354e-05,0,0,0
MUL1159.json,1,minimum_completion,1,2.0,0.0003465859917923808,0,0,0
MUL1159.json,1,minimum_completion,2,2.0,0.00044617103412747383,0,0,0
MUL1159.json,1,minimum_completion,4,2.0,0.0009010210633277893,0,0,0
MUL1159.json,1,minimum_completion,6,2.0,0.0008016460342332721,0,0,0
MUL1159.json,1,minimum_completion,unlimited,2.0,0.0008073600474745035,0,0,0
MUL1159.json,1,minimum_completion,0,4.0,6.206496618688107e-05,0,0,0
MUL1159.json,1,minimum_completion,1,4.0,0.0003120310138911009,0,0,0
MUL1159.json,1,minimum_completion,2,4.0,0.00037739204708486795,0,0,0
MUL1159.json,1,minimum_completion,4,4.0,0.0008314399747177958,0,0,0
MUL1159.json,1,minimum_completion,6,4.0,0.0007840920006856322,0,0,0
MUL1159.json,1,minimum_completion,unlimited,4.0,0.0007767339702695608,0,0,0
MUL1159.json,1,minimum_completion,0,8.0,6.0970080085098743e-05,0,0,0
MUL1159.json,1,minimum_completion,1,8.0,0.00014534604270011187,0,0,0
MUL1159.json,1,minimum_completion,2,8.0,0.0007665969897061586,0,0,0
MUL1159.json,1,minimum_completion,4,8.0,0.001173274009488523,0,0,0
MUL1159.json,1,minimum_completion,6,8.0,0.001028515980578959,0,0,0
MUL1159.json,1,minimum_completion,unlimited,8.0,0.001044024946168065,0,0,0
MUL1392.json,0,minimum_completion,0,2.0,0.00037591601721942425,0,0,0
MUL1392.json,0,minimum_completion,1,2.0,0.00046437897253781557,0,0,0
MUL1392.json,0,minimum_completion,2,2.0,0.0008938469691202044,0,0,0
MUL1392.json,0,minimum_completion,4,2.0,0.000968281994573772,0,0,0
MUL1392.json,0,minimum_completion,6,2.0,0.0010052500292658806,0,0,0
MUL1392.json,0,minimum_completion,unlimited,2.0,0.0008867440046742558,0,0,0
MUL1392.json,0,minimum_completion,0,4.0,0.0003553110873326659,0,0,0
MUL1392.json,0,minimum_completion,1,4.0,0.0004556410713121295,0,0,0
MUL1392.json,0,minimum_completion,2,4.0,0.0008873799815773964,0,0,0
MUL1392.json,0,minimum_completion,4,4.0,0.0008928780443966389,0,0,0
MUL1392.json,0,minimum_completion,6,4.0,0.0008711059344932437,0,0,0
MUL1392.json,0,minimum_completion,unlimited,4.0,0.0008948990143835545,0,0,0
MUL1392.json,0,minimum_completion,0,8.0,0.00036043603904545307,0,0,0
MUL1392.json,0,minimum_completion,1,8.0,0.00045051402412354946,0,0,0
MUL1392.json,0,minimum_completion,2,8.0,0.001185550936497748,0,0,0
MUL1392.json,0,minimum_completion,4,8.0,0.0009749819291755557,0,0,0
MUL1392.json,0,minimum_completion,6,8.0,0.0009436430409550667,0,0,0
MUL1392.json,0,minimum_completion,unlimited,8.0,0.0010205149883404374,0,0,0
MUL1392.json,1,minimum_completion,0,2.0,0.0003972230479121208,0,0,0
MUL1392.json,1,minimum_completion,1,2.0,0.0005028710002079606,0,0,0
MUL1392.json,1,minimum_completion,2,2.0,0.0009280280210077763,0,0,0
MUL1392.json,1,minimum_completion,4,2.0,0.000928760040551424,0,0,0
MUL1392.json,1,minimum_completion,6,2.0,0.0010330750374123454,0,0,0
MUL1392.json,1,minimum_completion,unlimited,2.0,0.0009217750048264861,0,0,0
MUL1392.json,1,minimum_completion,0,4.0,0.000368015025742352,0,0,0
MUL1392.json,1,minimum_completion,1,4.0,0.0004519310314208269,0,0,0
MUL1392.json,1,minimum_completion,2,4.0,0.000912907999008894,0,0,0
MUL1392.json,1,minimum_completion,4,4.0,0.0009034830145537853,0,0,0
MUL1392.json,1,minimum_completion,6,4.0,0.0008893930353224277,0,0,0
MUL1392.json,1,minimum_completion,unlimited,4.0,0.0008994159288704395,0,0,0
MUL1392.json,1,minimum_completion,0,8.0,0.00035360001493245363,0,0,0
MUL1392.json,1,minimum_completion,1,8.0,0.00045988394413143396,0,0,0
MUL1392.json,1,minimum_completion,2,8.0,0.0005678790621459484,0,0,0
MUL1392.json,1,minimum_completion,4,8.0,0.000985081889666617,0,0,0
MUL1392.json,1,minimum_completion,6,8.0,0.0009732100879773498,0,0,0
MUL1392.json,1,minimum_completion,unlimited,8.0,0.0009672000305727124,0,0,0
MUL2316.json,0,minimum_completion,0,2.0,6.736395880579948e-05,0,0,0
MUL2316.json,0,minimum_completion,1,2.0,0.00041460804641246796,0,0,0
MUL2316.json,0,minimum_completion,2,2.0,0.0005478670354932547,0,0,0
MUL2316.json,0,minimum_completion,4,2.0,0.0011984390439465642,0,0,0
MUL2316.json,0,minimum_completion,6,2.0,0.0011770559940487146,0,0,0
MUL2316.json,0,minimum_completion,unlimited,2.0,0.0012504360638558865,0,0,0
MUL2316.json,0,minimum_completion,0,4.0,6.381608545780182e-05,0,0,0
MUL2316.json,0,minimum_completion,1,4.0,0.0003863000310957432,0,0,0
MUL2316.json,0,minimum_completion,2,4.0,0.0005607870407402515,0,0,0
MUL2316.json,0,minimum_completion,4,4.0,0.0011901180259883404,0,0,0
MUL2316.json,0,minimum_completion,6,4.0,0.0011739099863916636,0,0,0
MUL2316.json,0,minimum_completion,unlimited,4.0,0.0012021670117974281,0,0,0
MUL2316.json,0,minimum_completion,0,8.0,6.450200453400612e-05,0,0,0
MUL2316.json,0,minimum_completion,1,8.0,0.0003855879185721278,0,0,0
MUL2316.json,0,minimum_completion,2,8.0,0.0005658989539369941,0,0,0
MUL2316.json,0,minimum_completion,4,8.0,0.0011951240012422204,0,0,0
MUL2316.json,0,minimum_completion,6,8.0,0.0012160059995949268,0,0,0
MUL2316.json,0,minimum_completion,unlimited,8.0,0.0011979469563812017,0,0,0
MUL2316.json,1,minimum_completion,0,2.0,7.8531913459301e-05,0,0,0
MUL2316.json,1,minimum_completion,1,2.0,0.00039720896165817976,0,0,0
MUL2316.json,1,minimum_completion,2,2.0,0.0005781479412689805,0,0,0
MUL2316.json,1,minimum_completion,4,2.0,0.0011734359432011843,0,0,0
MUL2316.json,1,minimum_completion,6,2.0,0.0012462090235203505,0,0,0
MUL2316.json,1,minimum_completion,unlimited,2.0,0.0013094759779050946,0,0,0
MUL2316.json,1,minimum_completion,0,4.0,6.509094964712858e-05,0,0,0
MUL2316.json,1,minimum_completion,1,4.0,0.00040924991481006145,0,0,0
MUL2316.json,1,minimum_completion,2,4.0,0.0005701850168406963,0,0,0
MUL2316.json,1,minimum_completion,4,4.0,0.0012779060052707791,0,0,0
MUL2316.json,1,minimum_completion,6,4.0,0.0012388400500640273,0,0,0
MUL2316.json,1,minimum_completion,unlimited,4.0,0.0011763920774683356,0,0,0
MUL2316.json,1,minimum_completion,0,8.0,6.497593130916357e-05,0,0,0
MUL2316.json,1,minimum_completion,1,8.0,0.00039670197293162346,0,0,0
MUL2316.json,1,minimum_completion,2,8.0,0.0005652799736708403,0,0,0
MUL2316.json,1,minimum_completion,4,8.0,0.0011718759778887033,0,0,0
MUL2316.json,1,minimum_completion,6,8.0,0.0011711189290508628,0,0,0
MUL2316.json,1,minimum_completion,unlimited,8.0,0.0012043280294165015,0,0,0
MUL2317.json,0,minimum_completion,0,2.0,6.639701314270496e-05,0,0,0
MUL2317.json,0,minimum_completion,1,2.0,0.0003659520298242569,0,0,0
MUL2317.json,0,minimum_completion,2,2.0,0.00042860396206378937,0,0,0
MUL2317.json,0,minimum_completion,4,2.0,0.0008295580046251416,0,0,0
MUL2317.json,0,minimum_completion,6,2.0,0.0008417669450864196,0,0,0
MUL2317.json,0,minimum_completion,unlimited,2.0,0.0008523960132151842,0,0,0
MUL2317.json,0,minimum_completion,0,4.0,6.056798156350851e-05,0,0,0
MUL2317.json,0,minimum_completion,1,4.0,0.0004303130554035306,0,0,0
MUL2317.json,0,minimum_completion,2,4.0,0.0004160290118306875,0,0,0
MUL2317.json,0,minimum_completion,4,4.0,0.0008501359261572361,0,0,0
MUL2317.json,0,minimum_completion,6,4.0,0.0008434409974142909,0,0,0
MUL2317.json,0,minimum_completion,unlimited,4.0,0.0008427210850641131,0,0,0
MUL2317.json,0,minimum_completion,0,8.0,6.444694008678198e-05,0,0,0
MUL2317.json,0,minimum_completion,1,8.0,0.0003671420272439718,0,0,0
MUL2317.json,0,minimum_completion,2,8.0,0.00047274993266910315,0,0,0
MUL2317.json,0,minimum_completion,4,8.0,0.0008712350390851498,0,0,0
MUL2317.json,0,minimum_completion,6,8.0,0.0008483920246362686,0,0,0
MUL2317.json,0,minimum_completion,unlimited,8.0,0.0008457880467176437,0,0,0
MUL2317.json,1,minimum_completion,0,2.0,6.441096775233746e-05,0,0,0
MUL2317.json,1,minimum_completion,1,2.0,0.0003663549432530999,0,0,0
MUL2317.json,1,minimum_completion,2,2.0,0.0004154869820922613,0,0,0
MUL2317.json,1,minimum_completion,4,2.0,0.0008691379334777594,0,0,0
MUL2317.json,1,minimum_completion,6,2.0,0.0008666629437357187,0,0,0
MUL2317.json,1,minimum_completion,unlimited,2.0,0.0008449970046058297,0,0,0
MUL2317.json,1,minimum_completion,0,4.0,6.067100912332535e-05,0,0,0
MUL2317.json,1,minimum_completion,1,4.0,0.00035562890116125345,0,0,0
MUL2317.json,1,minimum_completion,2,4.0,0.0004845330258831382,0,0,0
MUL2317.json,1,minimum_completion,4,4.0,0.0008291370468214154,0,0,0
MUL2317.json,1,minimum_completion,6,4.0,0.0008049200987443328,0,0,0
MUL2317.json,1,minimum_completion,unlimited,4.0,0.0008253029081970453,0,0,0
MUL2317.json,1,minimum_completion,0,8.0,5.9264013543725014e-05,0,0,0
MUL2317.json,1,minimum_completion,1,8.0,0.00037016801070421934,0,0,0
MUL2317.json,1,minimum_completion,2,8.0,0.000415947986766696,0,0,0
MUL2317.json,1,minimum_completion,4,8.0,0.0008247239748016,0,0,0
MUL2317.json,1,minimum_completion,6,8.0,0.0008667429210618138,0,0,0
MUL2317.json,1,minimum_completion,unlimited,8.0,0.0008504129946231842,0,0,0
MUL2320.json,0,minimum_completion,0,2.0,0.0002945970045402646,0,0,0
MUL2320.json,0,minimum_completion,1,2.0,0.0005737530300393701,0,0,0
MUL2320.json,0,minimum_completion,2,2.0,0.0005412680329754949,0,0,0
MUL2320.json,0,minimum_completion,4,2.0,0.0005966220051050186,0,0,0
MUL2320.json,0,minimum_completion,6,2.0,0.0005317009054124355,0,0,0
MUL2320.json,0,minimum_completion,unlimited,2.0,0.0005322090582922101,0,0,0
MUL2320.json,0,minimum_completion,0,4.0,0.0002749629784375429,0,0,0
MUL2320.json,0,minimum_completion,1,4.0,0.0005498349200934172,0,0,0
MUL2320.json,0,minimum_completion,2,4.0,0.0005362379597499967,0,0,0
MUL2320.json,0,minimum_completion,4,4.0,0.0005315720336511731,0,0,0
MUL2320.json,0,minimum_completion,6,4.0,0.000535067985765636,0,0,0
MUL2320.json,0,minimum_completion,unlimited,4.0,0.0005283000646159053,0,0,0
MUL2320.json,0,minimum_completion,0,8.0,0.0003044820623472333,0,0,0
MUL2320.json,0,minimum_completion,1,8.0,0.000562836998142302,0,0,0
MUL2320.json,0,minimum_completion,2,8.0,0.00053761200979352,0,0,0
MUL2320.json,0,minimum_completion,4,8.0,0.000539697939530015,0,0,0
MUL2320.json,0,minimum_completion,6,8.0,0.0005315040471032262,0,0,0
MUL2320.json,0,minimum_completion,unlimited,8.0,0.0005356100155040622,0,0,0
MUL2320.json,1,minimum_completion,0,2.0,0.0002870899625122547,0,0,0
MUL2320.json,1,minimum_completion,1,2.0,0.000536074978299439,0,0,0
MUL2320.json,1,minimum_completion,2,2.0,0.0005312119610607624,0,0,0
MUL2320.json,1,minimum_completion,4,2.0,0.0005332380533218384,0,0,0
MUL2320.json,1,minimum_completion,6,2.0,0.0005445019342005253,0,0,0
MUL2320.json,1,minimum_completion,unlimited,2.0,0.0005314589943736792,0,0,0
MUL2320.json,1,minimum_completion,0,4.0,0.0002764130476862192,0,0,0
MUL2320.json,1,minimum_completion,1,4.0,0.0005284330109134316,0,0,0
MUL2320.json,1,minimum_completion,2,4.0,0.0005300120683386922,0,0,0
MUL2320.json,1,minimum_completion,4,4.0,0.0005304429214447737,0,0,0
MUL2320.json,1,minimum_completion,6,4.0,0.0005238930461928248,0,0,0
MUL2320.json,1,minimum_completion,unlimited,4.0,0.0005267530214041471,0,0,0
MUL2320.json,1,minimum_completion,0,8.0,0.0002769770799204707,0,0,0
MUL2320.json,1,minimum_completion,1,8.0,0.0005316680762916803,0,0,0
MUL2320.json,1,minimum_completion,2,8.0,0.0005276530282571912,0,0,0
MUL2320.json,1,minimum_completion,4,8.0,0.00052431202493608,0,0,0
MUL2320.json,1,minimum_completion,6,8.0,0.000542924040928483,0,0,0
MUL2320.json,1,minimum_completion,unlimited,8.0,0.0006217850605025887,0,0,0
MUL2347.json,0,minimum_completion,0,2.0,0.00038054806645959616,0,0,0
MUL2347.json,0,minimum_completion,1,2.0,0.0004356879508122802,0,0,0
MUL2347.json,0,minimum_completion,2,2.0,0.000859171967022121,0,0,0
MUL2347.json,0,minimum_completion,4,2.0,0.0008608339121565223,0,0,0
MUL2347.json,0,minimum_completion,6,2.0,0.0008425080450251698,0,0,0
MUL2347.json,0,minimum_completion,unlimited,2.0,0.0008410779992118478,0,0,0
MUL2347.json,0,minimum_completion,0,4.0,0.0003679540241137147,0,0,0
MUL2347.json,0,minimum_completion,1,4.0,0.00042517902329564095,0,0,0
MUL2347.json,0,minimum_completion,2,4.0,0.0008614209946244955,0,0,0
MUL2347.json,0,minimum_completion,4,4.0,0.0008336739847436547,0,0,0
MUL2347.json,0,minimum_completion,6,4.0,0.0008435399504378438,0,0,0
MUL2347.json,0,minimum_completion,unlimited,4.0,0.0008408180437982082,0,0,0
MUL2347.json,0,minimum_completion,0,8.0,7.239601109176874e-05,0,0,0
MUL2347.json,0,minimum_completion,1,8.0,0.0006065159104764462,0,0,0
MUL2347.json,0,minimum_completion,2,8.0,0.0006844080053269863,0,0,0
MUL2347.json,0,minimum_completion,4,8.0,0.0010967819252982736,0,0,0
MUL2347.json,0,minimum_completion,6,8.0,0.0011488450691103935,0,0,0
MUL2347.json,0,minimum_completion,unlimited,8.0,0.0010865189833566546,0,0,0
MUL2347.json,1,minimum_completion,0,2.0,0.0003760959953069687,0,0,0
MUL2347.json,1,minimum_completion,1,2.0,0.0007316189585253596,0,0,0
MUL2347.json,1,minimum_completion,2,2.0,0.0007319760043174028,0,0,0
MUL2347.json,1,minimum_completion,4,2.0,0.000738292932510376,0,0,0
MUL2347.json,1,minimum_completion,6,2.0,0.000728741055354476,0,0,0
MUL2347.json,1,minimum_completion,unlimited,2.0,0.0007307840278372169,0,0,0
MUL2347.json,1,minimum_completion,0,4.0,0.00037114403676241636,0,0,0
MUL2347.json,1,minimum_completion,1,4.0,0.000730985077098012,0,0,0
MUL2347.json,1,minimum_completion,2,4.0,0.0007401109905913472,0,0,0
MUL2347.json,1,minimum_completion,4,4.0,0.0007270369678735733,0,0,0
MUL2347.json,1,minimum_completion,6,4.0,0.0007360180607065558,0,0,0
MUL2347.json,1,minimum_completion,unlimited,4.0,0.0007355069974437356,0,0,0
MUL2347.json,1,minimum_completion,0,8.0,7.539393845945597e-05,0,0,0
MUL2347.json,1,minimum_completion,1,8.0,0.0006585919763892889,0,0,0
MUL2347.json,1,minimum_completion,2,8.0,0.0007923858938738704,0,0,0
MUL2347.json,1,minimum_completion,4,8.0,0.0011587799526751041,0,0,0
MUL2347.json,1,minimum_completion,6,8.0,0.0017823009984567761,0,0,0
MUL2347.json,1,minimum_completion,unlimited,8.0,0.0011596890399232507,0,0,0
MUL2358.json,0,minimum_completion,0,2.0,0.0003587899263948202,0,0,0
MUL2358.json,0,minimum_completion,1,2.0,0.0006056319689378142,0,0,0
MUL2358.json,0,minimum_completion,2,2.0,0.0006052380194887519,0,0,0
MUL2358.json,0,minimum_completion,4,2.0,0.0006006889743730426,0,0,0
MUL2358.json,0,minimum_completion,6,2.0,0.0006038499996066093,0,0,0
MUL2358.json,0,minimum_completion,unlimited,2.0,0.000604980974458158,0,0,0
MUL2358.json,0,minimum_completion,0,4.0,0.00034725689329206944,0,0,0
MUL2358.json,0,minimum_completion,1,4.0,0.0006056680576875806,0,0,0
MUL2358.json,0,minimum_completion,2,4.0,0.0005976340034976602,0,0,0
MUL2358.json,0,minimum_completion,4,4.0,0.0006021689623594284,0,0,0
MUL2358.json,0,minimum_completion,6,4.0,0.000603717053309083,0,0,0
MUL2358.json,0,minimum_completion,unlimited,4.0,0.0006069999653846025,0,0,0
MUL2358.json,0,minimum_completion,0,8.0,0.0003507580840960145,0,0,0
MUL2358.json,0,minimum_completion,1,8.0,0.0006231750594452024,0,0,0
MUL2358.json,0,minimum_completion,2,8.0,0.0006101739127188921,0,0,0
MUL2358.json,0,minimum_completion,4,8.0,0.0005953368963673711,0,0,0
MUL2358.json,0,minimum_completion,6,8.0,0.0006555590080097318,0,0,0
MUL2358.json,0,minimum_completion,unlimited,8.0,0.0006177939940243959,0,0,0
MUL2358.json,1,minimum_completion,0,2.0,0.00035592401400208473,0,0,0
MUL2358.json,1,minimum_completion,1,2.0,0.0006153709255158901,0,0,0
MUL2358.json,1,minimum_completion,2,2.0,0.0006380529375746846,0,0,0
MUL2358.json,1,minimum_completion,4,2.0,0.0006284359842538834,0,0,0
MUL2358.json,1,minimum_completion,6,2.0,0.0006214999593794346,0,0,0
MUL2358.json,1,minimum_completion,unlimited,2.0,0.0006198789924383163,0,0,0
MUL2358.json,1,minimum_completion,0,4.0,0.0003567710518836975,0,0,0
MUL2358.json,1,minimum_completion,1,4.0,0.0006210389547049999,0,0,0
MUL2358.json,1,minimum_completion,2,4.0,0.0006003639427945018,0,0,0
MUL2358.json,1,minimum_completion,4,4.0,0.000609199982136488,0,0,0
MUL2358.json,1,minimum_completion,6,4.0,0.0006053230026736856,0,0,0
MUL2358.json,1,minimum_completion,unlimited,4.0,0.0006098889280110598,0,0,0
MUL2358.json,1,minimum_completion,0,8.0,0.0003524899948388338,0,0,0
MUL2358.json,1,minimum_completion,1,8.0,0.0007221900159493089,0,0,0
MUL2358.json,1,minimum_completion,2,8.0,0.0006240690127015114,0,0,0
MUL2358.json,1,minimum_completion,4,8.0,0.0006085759960114956,0,0,0
MUL2358.json,1,minimum_completion,6,8.0,0.000614473014138639,0,0,0
MUL2358.json,1,minimum_completion,unlimited,8.0,0.0006122889462858438,0,0,0
MUL2359.json,0,minimum_completion,0,2.0,6.356800440698862e-05,0,0,0
MUL2359.json,0,minimum_completion,1,2.0,0.00037539994809776545,0,0,0
MUL2359.json,0,minimum_completion,2,2.0,0.0004817449953407049,0,0,0
MUL2359.json,0,minimum_completion,4,2.0,0.0012117390288040042,0,0,0
MUL2359.json,0,minimum_completion,6,2.0,0.0012864730088040233,0,0,0
MUL2359.json,0,minimum_completion,unlimited,2.0,0.0013114830944687128,0,0,0
MUL2359.json,0,minimum_completion,0,4.0,6.481492891907692e-05,0,0,0
MUL2359.json,0,minimum_completion,1,4.0,0.0003707780269905925,0,0,0
MUL2359.json,0,minimum_completion,2,4.0,0.0004792320542037487,0,0,0
MUL2359.json,0,minimum_completion,4,4.0,0.0012259900104254484,0,0,0
MUL2359.json,0,minimum_completion,6,4.0,0.001201628940179944,0,0,0
MUL2359.json,0,minimum_completion,unlimited,4.0,0.0012319639790803194,0,0,0
MUL2359.json,0,minimum_completion,0,8.0,6.772496271878481e-05,0,0,0
MUL2359.json,0,minimum_completion,1,8.0,0.0003949810052290559,0,0,0
MUL2359.json,0,minimum_completion,2,8.0,0.0004777399590238929,0,0,0
MUL2359.json,0,minimum_completion,4,8.0,0.0012162550119683146,0,0,0
MUL2359.json,0,minimum_completion,6,8.0,0.001214965945109725,0,0,0
MUL2359.json,0,minimum_completion,unlimited,8.0,0.001221506972797215,0,0,0
MUL2359.json,1,minimum_completion,0,2.0,6.721797399222851e-05,0,0,0
MUL2359.json,1,minimum_completion,1,2.0,0.00037062098272144794,0,0,0
MUL2359.json,1,minimum_completion,2,2.0,0.00046643801033496857,0,0,0
MUL2359.json,1,minimum_completion,4,2.0,0.0012150420807301998,0,0,0
MUL2359.json,1,minimum_completion,6,2.0,0.001265526982024312,0,0,0
MUL2359.json,1,minimum_completion,unlimited,2.0,0.0012177969329059124,0,0,0
MUL2359.json,1,minimum_completion,0,4.0,8.039502426981926e-05,0,0,0
MUL2359.json,1,minimum_completion,1,4.0,0.0006208019331097603,0,0,0
MUL2359.json,1,minimum_completion,2,4.0,0.0004941299557685852,0,0,0
MUL2359.json,1,minimum_completion,4,4.0,0.0011993939988315105,0,0,0
MUL2359.json,1,minimum_completion,6,4.0,0.0012091859243810177,0,0,0
MUL2359.json,1,minimum_completion,unlimited,4.0,0.0012276649940758944,0,0,0
MUL2359.json,1,minimum_completion,0,8.0,6.33349409326911e-05,0,0,0
MUL2359.json,1,minimum_completion,1,8.0,0.00039236305747181177,0,0,0
MUL2359.json,1,minimum_completion,2,8.0,0.0004986890126019716,0,0,0
MUL2359.json,1,minimum_completion,4,8.0,0.0013708480400964618,0,0,0
MUL2359.json,1,minimum_completion,6,8.0,0.0012707769637927413,0,0,0
MUL2359.json,1,minimum_completion,unlimited,8.0,0.0012542079202830791,0,0,0
MUL2365.json,0,minimum_completion,0,2.0,7.068808190524578e-05,0,0,0
MUL2365.json,0,minimum_completion,1,2.0,0.0004419489996507764,0,0,0
MUL2365.json,0,minimum_completion,2,2.0,0.0006560980109497905,0,0,0
MUL2365.json,0,minimum_completion,4,2.0,0.001316196983680129,0,0,0
MUL2365.json,0,minimum_completion,6,2.0,0.0011908130254596472,0,0,0
MUL2365.json,0,minimum_completion,unlimited,2.0,0.0011687020305544138,0,0,0
MUL2365.json,0,minimum_completion,0,4.0,6.492703687399626e-05,0,0,0
MUL2365.json,0,minimum_completion,1,4.0,0.0003970760153606534,0,0,0
MUL2365.json,0,minimum_completion,2,4.0,0.0005627169739454985,0,0,0
MUL2365.json,0,minimum_completion,4,4.0,0.0011739539913833141,0,0,0
MUL2365.json,0,minimum_completion,6,4.0,0.0011727230157703161,0,0,0
MUL2365.json,0,minimum_completion,unlimited,4.0,0.0011633830145001411,0,0,0
MUL2365.json,0,minimum_completion,0,8.0,6.454007234424353e-05,0,0,0
MUL2365.json,0,minimum_completion,1,8.0,0.00038990192115306854,0,0,0
MUL2365.json,0,minimum_completion,2,8.0,0.0005692470585927367,0,0,0
MUL2365.json,0,minimum_completion,4,8.0,0.0011739470064640045,0,0,0
MUL2365.json,0,minimum_completion,6,8.0,0.0012144600041210651,0,0,0
MUL2365.json,0,minimum_completion,unlimited,8.0,0.0012738939840346575,0,0,0
MUL2365.json,1,minimum_completion,0,2.0,7.061194628477097e-05,0,0,0
MUL2365.json,1,minimum_completion,1,2.0,0.00039722793735563755,0,0,0
MUL2365.json,1,minimum_completion,2,2.0,0.000581416068598628,0,0,0
MUL2365.json,1,minimum_completion,4,2.0,0.0012395000085234642,0,0,0
MUL2365.json,1,minimum_completion,6,2.0,0.001174913952127099,0,0,0
MUL2365.json,1,minimum_completion,unlimited,2.0,0.0011555360397323966,0,0,0
MUL2365.json,1,minimum_completion,0,4.0,6.360094994306564e-05,0,0,0
MUL2365.json,1,minimum_completion,1,4.0,0.00039288809057325125,0,0,0
MUL2365.json,1,minimum_completion,2,4.0,0.0005527130560949445,0,0,0
MUL2365.json,1,minimum_completion,4,4.0,0.001170927076600492,0,0,0
MUL2365.json,1,minimum_completion,6,4.0,0.001165722031146288,0,0,0
MUL2365.json,1,minimum_completion,unlimited,4.0,0.0011634810362011194,0,0,0
MUL2365.json,1,minimum_completion,0,8.0,6.335997022688389e-05,0,0,0
MUL2365.json,1,minimum_completion,1,8.0,0.0003915199777111411,0,0,0
MUL2365.json,1,minimum_completion,2,8.0,0.0005743189249187708,0,0,0
MUL2365.json,1,minimum_completion,4,8.0,0.0011744920630007982,0,0,0
MUL2365.json,1,minimum_completion,6,8.0,0.0011615569237619638,0,0,0
MUL2365.json,1,minimum_completion,unlimited,8.0,0.001184412045404315,0,0,0
MUL2378.json,0,minimum_completion,0,2.0,7.554201874881983e-05,0,0,0
MUL2378.json,0,minimum_completion,1,2.0,0.0003822700819000602,0,0,0
MUL2378.json,0,minimum_completion,2,2.0,0.000800848938524723,0,0,0
MUL2378.json,0,minimum_completion,4,2.0,0.0008034839993342757,0,0,0
MUL2378.json,0,minimum_completion,6,2.0,0.0009046680061146617,0,0,0
MUL2378.json,0,minimum_completion,unlimited,2.0,0.0008458188967779279,0,0,0
MUL2378.json,0,minimum_completion,0,4.0,6.313296034932137e-05,0,0,0
MUL2378.json,0,minimum_completion,1,4.0,0.00038590002804994583,0,0,0
MUL2378.json,0,minimum_completion,2,4.0,0.0008161510340869427,0,0,0
MUL2378.json,0,minimum_completion,4,4.0,0.0007986070122569799,0,0,0
MUL2378.json,0,minimum_completion,6,4.0,0.0008002510294318199,0,0,0
MUL2378.json,0,minimum_completion,unlimited,4.0,0.000807835953310132,0,0,0
MUL2378.json,0,minimum_completion,0,8.0,6.26490218564868e-05,0,0,0
MUL2378.json,0,minimum_completion,1,8.0,0.00039536599069833755,0,0,0
MUL2378.json,0,minimum_completion,2,8.0,0.0007864750223234296,0,0,0
MUL2378.json,0,minimum_completion,4,8.0,0.0007857120363041759,0,0,0
MUL2378.json,0,minimum_completion,6,8.0,0.0007800960447639227,0,0,0
MUL2378.json,0,minimum_completion,unlimited,8.0,0.0007922450313344598,0,0,0
MUL2378.json,1,minimum_completion,0,2.0,6.690202280879021e-05,0,0,0
MUL2378.json,1,minimum_completion,1,2.0,0.0003819710109382868,0,0,0
MUL2378.json,1,minimum_completion,2,2.0,0.0007863979553803802,0,0,0
MUL2378.json,1,minimum_completion,4,2.0,0.0007776099955663085,0,0,0
MUL2378.json,1,minimum_completion,6,2.0,0.0007785600610077381,0,0,0
MUL2378.json,1,minimum_completion,unlimited,2.0,0.0007865239167585969,0,0,0
MUL2378.json,1,minimum_completion,0,4.0,6.349105387926102e-05,0,0,0
MUL2378.json,1,minimum_completion,1,4.0,0.00042538694106042385,0,0,0
MUL2378.json,1,minimum_completion,2,4.0,0.0008002669783309102,0,0,0
MUL2378.json,1,minimum_completion,4,4.0,0.0008354500168934464,0,0,0
MUL2378.json,1,minimum_completion,6,4.0,0.0008306929375976324,0,0,0
MUL2378.json,1,minimum_completion,unlimited,4.0,0.0008061541011556983,0,0,0
MUL2378.json,1,minimum_completion,0,8.0,6.177090108394623e-05,0,0,0
MUL2378.json,1,minimum_completion,1,8.0,0.00038561399560421705,0,0,0
MUL2378.json,1,minimum_completion,2,8.0,0.0008209670195356011,0,0,0
MUL2378.json,1,minimum_completion,4,8.0,0.000796103966422379,0,0,0
MUL2378.json,1,minimum_completion,6,8.0,0.000790797988884151,0,0,0
MUL2378.json,1,minimum_completion,unlimited,8.0,0.0008051029872149229,0,0,0
MUL2423.json,0,minimum_completion,0,2.0,8.858798537403345e-05,0,0,0
MUL2423.json,0,minimum_completion,1,2.0,0.0001545060658827424,0,0,0
MUL2423.json,0,minimum_completion,2,2.0,0.0006573619320988655,0,0,0
MUL2423.json,0,minimum_completion,4,2.0,0.0008956659585237503,0,0,0
MUL2423.json,0,minimum_completion,6,2.0,0.0015207129763439298,0,0,0
MUL2423.json,0,minimum_completion,unlimited,2.0,0.0015377409290522337,0,0,0
MUL2423.json,0,minimum_completion,0,4.0,6.189709529280663e-05,0,0,0
MUL2423.json,0,minimum_completion,1,4.0,0.00014587398618459702,0,0,0
MUL2423.json,0,minimum_completion,2,4.0,0.0007149400189518929,0,0,0
MUL2423.json,0,minimum_completion,4,4.0,0.0011154069798067212,0,0,0
MUL2423.json,0,minimum_completion,6,4.0,0.001792793977074325,0,0,0
MUL2423.json,0,minimum_completion,unlimited,4.0,0.0015408580657094717,0,0,0
MUL2423.json,0,minimum_completion,0,8.0,6.541702896356583e-05,0,0,0
MUL2423.json,0,minimum_completion,1,8.0,0.00014941208064556122,0,0,0
MUL2423.json,0,minimum_completion,2,8.0,0.0006604508962482214,0,0,0
MUL2423.json,0,minimum_completion,4,8.0,0.0009017790434882045,0,0,0
MUL2423.json,0,minimum_completion,6,8.0,0.0015493331011384726,0,0,0
MUL2423.json,0,minimum_completion,unlimited,8.0,0.0016880629118531942,0,0,0
MUL2423.json,1,minimum_completion,0,2.0,6.63090031594038e-05,0,0,0
MUL2423.json,1,minimum_completion,1,2.0,0.0001458959886804223,0,0,0
MUL2423.json,1,minimum_completion,2,2.0,0.0006415689131245017,0,0,0
MUL2423.json,1,minimum_completion,4,2.0,0.0008633590769022703,0,0,0
MUL2423.json,1,minimum_completion,6,2.0,0.00153500703163445,0,0,0
MUL2423.json,1,minimum_completion,unlimited,2.0,0.001523123006336391,0,0,0
MUL2423.json,1,minimum_completion,0,4.0,6.105692591518164e-05,0,0,0
MUL2423.json,1,minimum_completion,1,4.0,0.00019318796694278717,0,0,0
MUL2423.json,1,minimum_completion,2,4.0,0.0006878150161355734,0,0,0
MUL2423.json,1,minimum_completion,4,4.0,0.000893469899892807,0,0,0
MUL2423.json,1,minimum_completion,6,4.0,0.0015096020651981235,0,0,0
MUL2423.json,1,minimum_completion,unlimited,4.0,0.001500199898146093,0,0,0
MUL2423.json,1,minimum_completion,0,8.0,6.348395254462957e-05,0,0,0
MUL2423.json,1,minimum_completion,1,8.0,0.00015039299614727497,0,0,0
MUL2423.json,1,minimum_completion,2,8.0,0.0006395980017259717,0,0,0
MUL2423.json,1,minimum_completion,4,8.0,0.0008911129552870989,0,0,0
MUL2423.json,1,minimum_completion,6,8.0,0.0018053030362352729,0,0,0
MUL2423.json,1,minimum_completion,unlimited,8.0,0.00158144801389426,0,0,0
MUL2427.json,0,minimum_completion,0,2.0,7.43689015507698e-05,0,0,0
MUL2427.json,0,minimum_completion,1,2.0,0.0006128250388428569,0,0,0
MUL2427.json,0,minimum_completion,2,2.0,0.0007287630578503013,0,0,0
MUL2427.json,0,minimum_completion,4,2.0,0.0015326779102906585,0,0,0
MUL2427.json,0,minimum_completion,6,2.0,0.0017092360649257898,0,0,0
MUL2427.json,0,minimum_completion,unlimited,2.0,0.001076195971108973,0,0,0
MUL2427.json,0,minimum_completion,0,4.0,6.885407492518425e-05,0,0,0
MUL2427.json,0,minimum_completion,1,4.0,0.0006281040841713548,0,0,0
MUL2427.json,0,minimum_completion,2,4.0,0.000672775087878108,0,0,0
MUL2427.json,0,minimum_completion,4,4.0,0.0010865720687434077,0,0,0
MUL2427.json,0,minimum_completion,6,4.0,0.0010560599621385336,0,0,0
MUL2427.json,0,minimum_completion,unlimited,4.0,0.001123958034440875,0,0,0
MUL2427.json,0,minimum_completion,0,8.0,6.826501339673996e-05,0,0,0
MUL2427.json,0,minimum_completion,1,8.0,0.0005748600233346224,0,0,0
MUL2427.json,0,minimum_completion,2,8.0,0.0006489399820566177,0,0,0
MUL2427.json,0,minimum_completion,4,8.0,0.001052994979545474,0,0,0
MUL2427.json,0,minimum_completion,6,8.0,0.0010456920135766268,0,0,0
MUL2427.json,0,minimum_completion,unlimited,8.0,0.0010758449789136648,0,0,0
MUL2427.json,1,minimum_completion,0,2.0,7.558905053883791e-05,0,0,0
MUL2427.json,1,minimum_completion,1,2.0,0.00016286701429635286,0,0,0
MUL2427.json,1,minimum_completion,2,2.0,0.0007046989630907774,0,0,0
MUL2427.json,1,minimum_completion,4,2.0,0.0014731070259585977,0,0,0
MUL2427.json,1,minimum_completion,6,2.0,0.0015999670140445232,0,0,0
MUL2427.json,1,minimum_completion,unlimited,2.0,0.0015231369761750102,0,0,0
MUL2427.json,1,minimum_completion,0,4.0,6.284494884312153e-05,0,0,0
MUL2427.json,1,minimum_completion,1,4.0,0.00022612395696341991,0,0,0
MUL2427.json,1,minimum_completion,2,4.0,0.0007330999942496419,0,0,0
MUL2427.json,1,minimum_completion,4,4.0,0.001491699949838221,0,0,0
MUL2427.json,1,minimum_completion,6,4.0,0.0014685549540445209,0,0,0
MUL2427.json,1,minimum_completion,unlimited,4.0,0.0014703209744766355,0,0,0
MUL2427.json,1,minimum_completion,0,8.0,6.390293128788471e-05,0,0,0
MUL2427.json,1,minimum_completion,1,8.0,0.00015952799003571272,0,0,0
MUL2427.json,1,minimum_completion,2,8.0,0.0006962158950045705,0,0,0
MUL2427.json,1,minimum_completion,4,8.0,0.0014698900049552321,0,0,0
MUL2427.json,1,minimum_completion,6,8.0,0.0014720920007675886,0,0,0
MUL2427.json,1,minimum_completion,unlimited,8.0,0.0014617849374189973,0,0,0
MUL2432.json,0,minimum_completion,0,2.0,6.846000906080008e-05,0,0,0
MUL2432.json,0,minimum_completion,1,2.0,0.00016592990141361952,0,0,0
MUL2432.json,0,minimum_completion,2,2.0,0.0007229039911180735,0,0,0
MUL2432.json,0,minimum_completion,4,2.0,0.0016646250151097775,0,0,0
MUL2432.json,0,minimum_completion,6,2.0,0.0015169299440458417,0,0,0
MUL2432.json,0,minimum_completion,unlimited,2.0,0.0023582420544698834,0,0,0
MUL2432.json,0,minimum_completion,0,4.0,6.518897134810686e-05,0,0,0
MUL2432.json,0,minimum_completion,1,4.0,0.0001679089618846774,0,0,0
MUL2432.json,0,minimum_completion,2,4.0,0.000754373031668365,0,0,0
MUL2432.json,0,minimum_completion,4,4.0,0.00159378198441118,0,0,0
MUL2432.json,0,minimum_completion,6,4.0,0.0015945129562169313,0,0,0
MUL2432.json,0,minimum_completion,unlimited,4.0,0.001561076962389052,0,0,0
MUL2432.json,0,minimum_completion,0,8.0,7.214408833533525e-05,0,0,0
MUL2432.json,0,minimum_completion,1,8.0,0.00016626901924610138,0,0,0
MUL2432.json,0,minimum_completion,2,8.0,0.0007378800073638558,0,0,0
MUL2432.json,0,minimum_completion,4,8.0,0.0015211959835141897,0,0,0
MUL2432.json,0,minimum_completion,6,8.0,0.0015434030210599303,0,0,0
MUL2432.json,0,minimum_completion,unlimited,8.0,0.0015346930595114827,0,0,0
MUL2432.json,1,minimum_completion,0,2.0,6.73229806125164e-05,0,0,0
MUL2432.json,1,minimum_completion,1,2.0,0.00016816600691527128,0,0,0
MUL2432.json,1,minimum_completion,2,2.0,0.0007237379904836416,0,0,0
MUL2432.json,1,minimum_completion,4,2.0,0.0015169999096542597,0,0,0
MUL2432.json,1,minimum_completion,6,2.0,0.015472013037651777,0,0,0
MUL2432.json,1,minimum_completion,unlimited,2.0,0.0015930139925330877,0,0,0
MUL2432.json,1,minimum_completion,0,4.0,6.54199393466115e-05,0,0,0
MUL2432.json,1,minimum_completion,1,4.0,0.00016848696395754814,0,0,0
MUL2432.json,1,minimum_completion,2,4.0,0.0007641109405085444,0,0,0
MUL2432.json,1,minimum_completion,4,4.0,0.001737601007334888,0,0,0
MUL2432.json,1,minimum_completion,6,4.0,0.001647840952500701,0,0,0
MUL2432.json,1,minimum_completion,unlimited,4.0,0.0017183120362460613,0,0,0
MUL2432.json,1,minimum_completion,0,8.0,7.238495163619518e-05,0,0,0
MUL2432.json,1,minimum_completion,1,8.0,0.00018229801207780838,0,0,0
MUL2432.json,1,minimum_completion,2,8.0,0.0007832390256226063,0,0,0
MUL2432.json,1,minimum_completion,4,8.0,0.0015485089970752597,0,0,0
MUL2432.json,1,minimum_completion,6,8.0,0.0015603520441800356,0,0,0
MUL2432.json,1,minimum_completion,unlimited,8.0,0.0015542990295216441,0,0,0
MUL2439.json,0,minimum_completion,0,2.0,0.00031293893698602915,0,0,0
MUL2439.json,0,minimum_completion,1,2.0,0.0006764139980077744,0,0,0
MUL2439.json,0,minimum_completion,2,2.0,0.0006754990899935365,0,0,0
MUL2439.json,0,minimum_completion,4,2.0,0.000670670997351408,0,0,0
MUL2439.json,0,minimum_completion,6,2.0,0.0006752159679308534,0,0,0
MUL2439.json,0,minimum_completion,unlimited,2.0,0.0007691920036450028,0,0,0
MUL2439.json,0,minimum_completion,0,4.0,0.0003025769256055355,0,0,0
MUL2439.json,0,minimum_completion,1,4.0,0.0007191819604486227,0,0,0
MUL2439.json,0,minimum_completion,2,4.0,0.0007653690408915281,0,0,0
MUL2439.json,0,minimum_completion,4,4.0,0.000913062016479671,0,0,0
MUL2439.json,0,minimum_completion,6,4.0,0.0010688970796763897,0,0,0
MUL2439.json,0,minimum_completion,unlimited,4.0,0.001004865043796599,0,0,0
MUL2439.json,0,minimum_completion,0,8.0,0.00037061201874166727,0,0,0
MUL2439.json,0,minimum_completion,1,8.0,0.0004635159857571125,0,0,0
MUL2439.json,0,minimum_completion,2,8.0,0.0010745020117610693,0,0,0
MUL2439.json,0,minimum_completion,4,8.0,0.0009233260061591864,0,0,0
MUL2439.json,0,minimum_completion,6,8.0,0.0009198070038110018,0,0,0
MUL2439.json,0,minimum_completion,unlimited,8.0,0.0009173880098387599,0,0,0
MUL2439.json,1,minimum_completion,0,2.0,0.0003629999700933695,0,0,0
MUL2439.json,1,minimum_completion,1,2.0,0.0005935679655522108,0,0,0
MUL2439.json,1,minimum_completion,2,2.0,0.0009200719650834799,0,0,0
MUL2439.json,1,minimum_completion,4,2.0,0.0008148429915308952,0,0,0
MUL2439.json,1,minimum_completion,6,2.0,0.0008509031031280756,0,0,0
MUL2439.json,1,minimum_completion,unlimited,2.0,0.0008001240203157067,0,0,0
MUL2439.json,1,minimum_completion,0,4.0,0.00030701200012117624,0,0,0
MUL2439.json,1,minimum_completion,1,4.0,0.0003525569336488843,0,0,0
MUL2439.json,1,minimum_completion,2,4.0,0.0007634710054844618,0,0,0
MUL2439.json,1,minimum_completion,4,4.0,0.0007826130604371428,0,0,0
MUL2439.json,1,minimum_completion,6,4.0,0.0007578299846500158,0,0,0
MUL2439.json,1,minimum_completion,unlimited,4.0,0.0007511959411203861,0,0,0
MUL2439.json,1,minimum_completion,0,8.0,0.0002998859854415059,0,0,0
MUL2439.json,1,minimum_completion,1,8.0,0.0003494999837130308,0,0,0
MUL2439.json,1,minimum_completion,2,8.0,0.0007598460651934147,0,0,0
MUL2439.json,1,minimum_completion,4,8.0,0.0007800089661031961,0,0,0
MUL2439.json,1,minimum_completion,6,8.0,0.0008524709846824408,0,0,0
MUL2439.json,1,minimum_completion,unlimited,8.0,0.0008222769247367978,0,0,0
MUL2442.json,0,minimum_completion,0,2.0,0.0002684909850358963,0,0,0
MUL2442.json,0,minimum_completion,1,2.0,0.0003122349735349417,0,0,0
MUL2442.json,0,minimum_completion,2,2.0,0.0008712109411135316,0,0,0
MUL2442.json,0,minimum_completion,4,2.0,0.0007522029336541891,0,0,0
MUL2442.json,0,minimum_completion,6,2.0,0.0007502379594370723,0,0,0
MUL2442.json,0,minimum_completion,unlimited,2.0,0.0007408619858324528,0,0,0
MUL2442.json,0,minimum_completion,0,4.0,7.092393934726715e-05,0,0,0
MUL2442.json,0,minimum_completion,1,4.0,0.0004176199436187744,0,0,0
MUL2442.json,0,minimum_completion,2,4.0,0.0004912380827590823,0,0,0
MUL2442.json,0,minimum_completion,4,4.0,0.0009424950694665313,0,0,0
MUL2442.json,0,minimum_completion,6,4.0,0.0010318269487470388,0,0,0
MUL2442.json,0,minimum_completion,unlimited,4.0,0.0011531029595062137,0,0,0
MUL2442.json,0,minimum_completion,0,8.0,7.700896821916103e-05,0,0,0
MUL2442.json,0,minimum_completion,1,8.0,0.00022852292750030756,0,0,0
MUL2442.json,0,minimum_completion,2,8.0,0.0008742549689486623,0,0,0
MUL2442.json,0,minimum_completion,4,8.0,0.0013237129896879196,0,0,0
MUL2442.json,0,minimum_completion,6,8.0,0.0011357150506228209,0,0,0
MUL2442.json,0,minimum_completion,unlimited,8.0,0.0011383339297026396,0,0,0
MUL2442.json,1,minimum_completion,0,2.0,0.00024510000366717577,0,0,0
MUL2442.json,1,minimum_completion,1,2.0,0.0002896339865401387,0,0,0
MUL2442.json,1,minimum_completion,2,2.0,0.0007189309690147638,0,0,0
MUL2442.json,1,minimum_completion,4,2.0,0.0007170930039137602,0,0,0
MUL2442.json,1,minimum_completion,6,2.0,0.0008364849491044879,0,0,0
MUL2442.json,1,minimum_completion,unlimited,2.0,0.0007462989306077361,0,0,0
MUL2442.json,1,minimum_completion,0,4.0,7.005990482866764e-05,0,0,0
MUL2442.json,1,minimum_completion,1,4.0,0.00042334396857768297,0,0,0
MUL2442.json,1,minimum_completion,2,4.0,0.0005578089039772749,0,0,0
MUL2442.json,1,minimum_completion,4,4.0,0.0009367010788992047,0,0,0
MUL2442.json,1,minimum_completion,6,4.0,0.0009172980207949877,0,0,0
MUL2442.json,1,minimum_completion,unlimited,4.0,0.0009312100009992719,0,0,0
MUL2442.json,1,minimum_completion,0,8.0,6.902602035552263e-05,0,0,0
MUL2442.json,1,minimum_completion,1,8.0,0.00019095907919108868,0,0,0
MUL2442.json,1,minimum_completion,2,8.0,0.0006202659569680691,0,0,0
MUL2442.json,1,minimum_completion,4,8.0,0.0012195529416203499,0,0,0
MUL2442.json,1,minimum_completion,6,8.0,0.0011438200017437339,0,0,0
MUL2442.json,1,minimum_completion,unlimited,8.0,0.001129708020016551,0,0,0
MUL2457.json,0,minimum_completion,0,2.0,6.477499846369028e-05,0,0,0
MUL2457.json,0,minimum_completion,1,2.0,0.00013008597306907177,0,0,0
MUL2457.json,0,minimum_completion,2,2.0,0.0005991120124235749,0,0,0
MUL2457.json,0,minimum_completion,4,2.0,0.0010662940330803394,0,0,0
MUL2457.json,0,minimum_completion,6,2.0,0.0010680919513106346,0,0,0
MUL2457.json,0,minimum_completion,unlimited,2.0,0.0010870239930227399,0,0,0
MUL2457.json,0,minimum_completion,0,4.0,6.391399074345827e-05,0,0,0
MUL2457.json,0,minimum_completion,1,4.0,0.00013284909073263407,0,0,0
MUL2457.json,0,minimum_completion,2,4.0,0.000623654923401773,0,0,0
MUL2457.json,0,minimum_completion,4,4.0,0.0010267450707033277,0,0,0
MUL2457.json,0,minimum_completion,6,4.0,0.0010748449712991714,0,0,0
MUL2457.json,0,minimum_completion,unlimited,4.0,0.0011460569221526384,0,0,0
MUL2457.json,0,minimum_completion,0,8.0,6.088090594857931e-05,0,0,0
MUL2457.json,0,minimum_completion,1,8.0,0.00016160798259079456,0,0,0
MUL2457.json,0,minimum_completion,2,8.0,0.000544448965229094,0,0,0
MUL2457.json,0,minimum_completion,4,8.0,0.0010210679611191154,0,0,0
MUL2457.json,0,minimum_completion,6,8.0,0.0010120728984475136,0,0,0
MUL2457.json,0,minimum_completion,unlimited,8.0,0.0010827459627762437,0,0,0
MUL2457.json,1,minimum_completion,0,2.0,6.53010793030262e-05,0,0,0
MUL2457.json,1,minimum_completion,1,2.0,0.00012918503489345312,0,0,0
MUL2457.json,1,minimum_completion,2,2.0,0.0005338710034266114,0,0,0
MUL2457.json,1,minimum_completion,4,2.0,0.0010418170131742954,0,0,0
MUL2457.json,1,minimum_completion,6,2.0,0.0010828230297192931,0,0,0
MUL2457.json,1,minimum_completion,unlimited,2.0,0.0011742730857804418,0,0,0
MUL2457.json,1,minimum_completion,0,4.0,8.296302985399961e-05,0,0,0
MUL2457.json,1,minimum_completion,1,4.0,0.00013448100071400404,0,0,0
MUL2457.json,1,minimum_completion,2,4.0,0.0007145099807530642,0,0,0
MUL2457.json,1,minimum_completion,4,4.0,0.00106437795329839,0,0,0
MUL2457.json,1,minimum_completion,6,4.0,0.0010385650675743818,0,0,0
MUL2457.json,1,minimum_completion,unlimited,4.0,0.0010341580491513014,0,0,0
MUL2457.json,1,minimum_completion,0,8.0,6.10459828749299e-05,0,0,0
MUL2457.json,1,minimum_completion,1,8.0,0.00013095000758767128,0,0,0
MUL2457.json,1,minimum_completion,2,8.0,0.0005746629321947694,0,0,0
MUL2457.json,1,minimum_completion,4,8.0,0.0009935690322890878,0,0,0
MUL2457.json,1,minimum_completion,6,8.0,0.001183431944809854,0,0,0
MUL2457.json,1,minimum_completion,unlimited,8.0,0.001184525084681809,0,0,0
MUL2466.json,0,minimum_completion,0,2.0,0.00032181094866245985,0,0,0
MUL2466.json,0,minimum_completion,1,2.0,0.000577781000174582,0,0,0
MUL2466.json,0,minimum_completion,2,2.0,0.0005512520438060164,0,0,0
MUL2466.json,0,minimum_completion,4,2.0,0.0006897590355947614,0,0,0
MUL2466.json,0,minimum_completion,6,2.0,0.0005458190571516752,0,0,0
MUL2466.json,0,minimum_completion,unlimited,2.0,0.0005431949393823743,0,0,0
MUL2466.json,0,minimum_completion,0,4.0,0.00028174801263958216,0,0,0
MUL2466.json,0,minimum_completion,1,4.0,0.0005532751092687249,0,0,0
MUL2466.json,0,minimum_completion,2,4.0,0.0005577460397034883,0,0,0
MUL2466.json,0,minimum_completion,4,4.0,0.0005594150861725211,0,0,0
MUL2466.json,0,minimum_completion,6,4.0,0.0005387529963627458,0,0,0
MUL2466.json,0,minimum_completion,unlimited,4.0,0.0006107189692556858,0,0,0
MUL2466.json,0,minimum_completion,0,8.0,0.0002962989965453744,0,0,0
MUL2466.json,0,minimum_completion,1,8.0,0.0005418669898062944,0,0,0
MUL2466.json,0,minimum_completion,2,8.0,0.000553443911485374,0,0,0
MUL2466.json,0,minimum_completion,4,8.0,0.0005387730197981,0,0,0
MUL2466.json,0,minimum_completion,6,8.0,0.0005853709299117327,0,0,0
MUL2466.json,0,minimum_completion,unlimited,8.0,0.0005398410139605403,0,0,0
MUL2466.json,1,minimum_completion,0,2.0,0.0002854669000953436,0,0,0
MUL2466.json,1,minimum_completion,1,2.0,0.0005325780948624015,0,0,0
MUL2466.json,1,minimum_completion,2,2.0,0.0005292190471664071,0,0,0
MUL2466.json,1,minimum_completion,4,2.0,0.0005301899509504437,0,0,0
MUL2466.json,1,minimum_completion,6,2.0,0.0005274550057947636,0,0,0
MUL2466.json,1,minimum_completion,unlimited,2.0,0.0005329560954123735,0,0,0
MUL2466.json,1,minimum_completion,0,4.0,0.0002779560163617134,0,0,0
MUL2466.json,1,minimum_completion,1,4.0,0.0005335269961506128,0,0,0
MUL2466.json,1,minimum_completion,2,4.0,0.0005181819433346391,0,0,0
MUL2466.json,1,minimum_completion,4,4.0,0.0005614790134131908,0,0,0
MUL2466.json,1,minimum_completion,6,4.0,0.0005503740394487977,0,0,0
MUL2466.json,1,minimum_completion,unlimited,4.0,0.0005376699846237898,0,0,0
MUL2466.json,1,minimum_completion,0,8.0,0.0003103220369666815,0,0,0
MUL2466.json,1,minimum_completion,1,8.0,0.0006999659817665815,0,0,0
MUL2466.json,1,minimum_completion,2,8.0,0.0006919949082657695,0,0,0
MUL2466.json,1,minimum_completion,4,8.0,0.0005611699307337403,0,0,0
MUL2466.json,1,minimum_completion,6,8.0,0.0005504160653799772,0,0,0
MUL2466.json,1,minimum_completion,unlimited,8.0,0.0011592309456318617,0,0,0
