context,rep,method,budget,answers,em,f1,scale,joint,project_correct,unfinished,inspections,inspected_correct,never_inspected,never_correct,sibling_net,sibling_fixed,sibling_damaged,calls,tokens,inference_seconds,failed_repairs,reused_corrections,local_gain,controller_total_seconds,accuracy
dc9d58a4e24a74d52f719372c1a16e7f,0,individual,0,6,1.0,1.0,4,1,0,1,0,0,6,1.0,0.0,0,0,0,0,0,0,0,0,0.0061479160794988275,0.16666666666666666
dc9d58a4e24a74d52f719372c1a16e7f,0,individual,1,6,2.0,2.0,5,2,0,1,1,1.0,5,1.0,0.0,0,0,0,0,0,0,0,1.0,0.0061479160794988275,0.3333333333333333
dc9d58a4e24a74d52f719372c1a16e7f,0,individual,2,6,3.0,3.0,5,3,0,1,2,2.0,4,1.0,0.0,0,0,0,0,0,0,0,2.0,0.0061479160794988275,0.5
dc9d58a4e24a74d52f719372c1a16e7f,0,memory,0,6,1.0,1.0,4,1,0,1,0,0,6,1.0,0.0,0,0,0,0,0,0,0,0,19.85916473402176,0.16666666666666666
dc9d58a4e24a74d52f719372c1a16e7f,0,memory,1,6,2.0,2.0,4,2,0,0,1,1.0,5,1.0,0.0,0,0,5,5471,9.280104842968285,0,1,1.0,19.85916473402176,0.3333333333333333
dc9d58a4e24a74d52f719372c1a16e7f,0,memory,2,6,4.0,4.0,4,3,0,0,2,2.0,4,2.0,1.0,1,0,9,10121,16.728958184248768,1,2,2.0,19.85916473402176,0.6666666666666666
dc9d58a4e24a74d52f719372c1a16e7f,0,source_rule,0,6,1.0,1.0,4,1,0,1,0,0,6,1.0,0.0,0,0,0,0,0,0,0,0,2.6268989510135725,0.16666666666666666
dc9d58a4e24a74d52f719372c1a16e7f,0,source_rule,1,6,2.0,2.0,5,2,0,1,1,1.0,5,1.0,0.0,0,0,0,0,0,0,0,1.0,2.6268989510135725,0.3333333333333333
dc9d58a4e24a74d52f719372c1a16e7f,0,source_rule,2,6,3.0,3.0,5,3,0,1,2,2.0,4,1.0,0.0,0,0,1,1192,2.2049419389804825,0,1,2.0,2.6268989510135725,0.5
dc9d58a4e24a74d52f719372c1a16e7f,0,fixed_audit,0,6,1.0,1.0,4,1,0,1,0,0,6,1.0,0.0,0,0,0,0,0,0,0,0,3.143891843035817,0.16666666666666666
dc9d58a4e24a74d52f719372c1a16e7f,0,fixed_audit,1,6,2.0,2.0,5,2,0,1,1,1.0,5,1.0,0.0,0,0,0,0,0,0,0,1.0,3.143891843035817,0.3333333333333333
dc9d58a4e24a74d52f719372c1a16e7f,0,fixed_audit,2,6,3.0,3.0,5,3,0,1,2,2.0,4,1.0,0.0,0,0,1,1192,2.421542113996111,0,1,2.0,3.143891843035817,0.5
dc9d58a4e24a74d52f719372c1a16e7f,0,adaptive,0,6,1.0,1.0,4,1,0,1,0,0,6,1.0,0.0,0,0,0,0,0,0,0,0,2.637629300937988,0.16666666666666666
dc9d58a4e24a74d52f719372c1a16e7f,0,adaptive,1,6,2.0,2.0,5,2,0,1,1,1.0,5,1.0,0.0,0,0,0,0,0,0,0,1.0,2.637629300937988,0.3333333333333333
dc9d58a4e24a74d52f719372c1a16e7f,0,adaptive,2,6,3.0,3.0,5,3,0,1,2,2.0,4,1.0,0.0,0,0,1,1192,2.2095525909680873,0,1,2.0,2.637629300937988,0.5
dc9d58a4e24a74d52f719372c1a16e7f,0,reattempt,0,6,1.0,1.0,4,1,0,1,0,0,6,1.0,0.0,0,0,0,0,0,0,0,0,3.712667891057208,0.16666666666666666
dc9d58a4e24a74d52f719372c1a16e7f,0,reattempt,1,6,2.0,2.0,5,2,0,1,1,1.0,5,1.0,0.0,0,0,0,0,0,0,0,1.0,3.712667891057208,0.3333333333333333
dc9d58a4e24a74d52f719372c1a16e7f,0,reattempt,2,6,3.0,3.0,5,3,0,1,2,2.0,4,1.0,0.0,0,0,1,1059,3.427944303955883,0,1,2.0,3.712667891057208,0.5
dc9d58a4e24a74d52f719372c1a16e7f,0,individual_risk,0,6,1.0,1.0,4,1,0,1,0,0,6,1.0,0.0,0,0,0,0,0,0,0,0,0.003734920988790691,0.16666666666666666
dc9d58a4e24a74d52f719372c1a16e7f,0,individual_risk,1,6,2.0,2.0,5,2,0,1,1,1.0,5,1.0,0.0,0,0,0,0,0,0,0,1.0,0.003734920988790691,0.3333333333333333
dc9d58a4e24a74d52f719372c1a16e7f,0,individual_risk,2,6,3.0,3.0,5,3,0,0,2,2.0,4,1.0,0.0,0,0,0,0,0,0,0,2.0,0.003734920988790691,0.5
dc9d58a4e24a74d52f719372c1a16e7f,1,individual,0,6,2.0,2.0,3,1,0,0,0,0,6,2.0,0.0,0,0,0,0,0,0,0,0,0.007173922029323876,0.3333333333333333
dc9d58a4e24a74d52f719372c1a16e7f,1,individual,1,6,3.0,3.0,3,2,0,0,1,1.0,5,2.0,0.0,0,0,0,0,0,0,0,1.0,0.007173922029323876,0.5
dc9d58a4e24a74d52f719372c1a16e7f,1,individual,2,6,4.0,4.0,4,3,0,0,2,2.0,4,2.0,0.0,0,0,0,0,0,0,0,2.0,0.007173922029323876,0.6666666666666666
dc9d58a4e24a74d52f719372c1a16e7f,1,memory,0,6,2.0,2.0,3,1,0,0,0,0,6,2.0,0.0,0,0,0,0,0,0,0,0,23.50144582800567,0.3333333333333333
dc9d58a4e24a74d52f719372c1a16e7f,1,memory,1,6,2.0,2.0,3,1,0,0,1,1.0,5,1.0,-1.0,0,1,5,5490,11.695587356109172,1,1,1.0,23.50144582800567,0.3333333333333333
dc9d58a4e24a74d52f719372c1a16e7f,1,memory,2,6,4.0,4.0,4,3,0,0,2,2.0,4,2.0,0.0,0,0,9,10183,19.91148276696913,1,2,2.0,23.50144582800567,0.6666666666666666
dc9d58a4e24a74d52f719372c1a16e7f,1,source_rule,0,6,2.0,2.0,3,1,0,0,0,0,6,2.0,0.0,0,0,0,0,0,0,0,0,3.5519618859980255,0.3333333333333333
dc9d58a4e24a74d52f719372c1a16e7f,1,source_rule,1,6,3.0,3.0,3,2,0,0,1,1.0,5,2.0,0.0,0,0,1,1137,3.162620246061124,0,1,1.0,3.5519618859980255,0.5
dc9d58a4e24a74d52f719372c1a16e7f,1,source_rule,2,6,4.0,4.0,4,3,0,0,2,2.0,4,2.0,0.0,0,0,1,1137,3.162620246061124,0,1,2.0,3.5519618859980255,0.6666666666666666
dc9d58a4e24a74d52f719372c1a16e7f,1,fixed_audit,0,6,2.0,2.0,3,1,0,0,0,0,6,2.0,0.0,0,0,0,0,0,0,0,0,3.2773444100748748,0.3333333333333333
dc9d58a4e24a74d52f719372c1a16e7f,1,fixed_audit,1,6,3.0,3.0,3,2,0,0,1,1.0,5,2.0,0.0,0,0,1,1137,2.9095370230497792,0,1,1.0,3.2773444100748748,0.5
dc9d58a4e24a74d52f719372c1a16e7f,1,fixed_audit,2,6,4.0,4.0,4,3,0,0,2,2.0,4,2.0,0.0,0,0,1,1137,2.9095370230497792,0,1,2.0,3.2773444100748748,0.6666666666666666
dc9d58a4e24a74d52f719372c1a16e7f,1,adaptive,0,6,2.0,2.0,3,1,0,0,0,0,6,2.0,0.0,0,0,0,0,0,0,0,0,3.28596602298785,0.3333333333333333
dc9d58a4e24a74d52f719372c1a16e7f,1,adaptive,1,6,3.0,3.0,3,2,0,0,1,1.0,5,2.0,0.0,0,0,1,1137,2.785191172035411,0,1,1.0,3.28596602298785,0.5
dc9d58a4e24a74d52f719372c1a16e7f,1,adaptive,2,6,4.0,4.0,3,3,0,0,2,2.0,4,2.0,0.0,0,0,1,1137,2.785191172035411,0,1,2.0,3.28596602298785,0.6666666666666666
dc9d58a4e24a74d52f719372c1a16e7f,1,reattempt,0,6,2.0,2.0,3,1,0,0,0,0,6,2.0,0.0,0,0,0,0,0,0,0,0,3.7820119919488207,0.3333333333333333
dc9d58a4e24a74d52f719372c1a16e7f,1,reattempt,1,6,3.0,3.0,3,2,0,0,1,1.0,5,2.0,0.0,0,0,1,1059,3.3899374129250646,0,1,1.0,3.7820119919488207,0.5
dc9d58a4e24a74d52f719372c1a16e7f,1,reattempt,2,6,4.0,4.0,4,3,0,0,2,2.0,4,2.0,0.0,0,0,1,1059,3.3899374129250646,0,1,2.0,3.7820119919488207,0.6666666666666666
dc9d58a4e24a74d52f719372c1a16e7f,1,individual_risk,0,6,2.0,2.0,3,1,0,0,0,0,6,2.0,0.0,0,0,0,0,0,0,0,0,0.006892365985549986,0.3333333333333333
dc9d58a4e24a74d52f719372c1a16e7f,1,individual_risk,1,6,3.0,3.0,3,2,0,0,1,1.0,5,2.0,0.0,0,0,0,0,0,0,0,1.0,0.006892365985549986,0.5
dc9d58a4e24a74d52f719372c1a16e7f,1,individual_risk,2,6,4.0,4.0,3,3,0,0,2,2.0,4,2.0,0.0,0,0,0,0,0,0,0,2.0,0.006892365985549986,0.6666666666666666
dc9d58a4e24a74d52f719372c1a16e7f,0,frozen_model,0,6,1.0,1.0,4,1,0,1,0,0,6,1.0,0.0,0,0,0,0,0,0,0,0,2.799212381010875,0.16666666666666666
dc9d58a4e24a74d52f719372c1a16e7f,0,frozen_model,1,6,2.0,2.0,5,2,0,1,1,1.0,5,1.0,0.0,0,0,0,0,0,0,0,1.0,2.799212381010875,0.3333333333333333
dc9d58a4e24a74d52f719372c1a16e7f,0,frozen_model,2,6,3.0,3.0,5,3,0,1,2,2.0,4,1.0,0.0,0,0,1,1192,2.4259400750743225,0,1,2.0,2.799212381010875,0.5
dc9d58a4e24a74d52f719372c1a16e7f,0,adaptive,3,6,4.0,4.0,5,4,0,0,3,3.0,3,1.0,0.0,0,0,1,1192,2.2095525909680873,0,1,3.0,0.0057177129201591015,0.6666666666666666
dc9d58a4e24a74d52f719372c1a16e7f,0,fixed_audit,3,6,4.0,4.0,6,4,0,1,3,3.0,3,1.0,0.0,0,0,1,1192,2.421542113996111,0,1,3.0,0.008457083953544497,0.6666666666666666
33295076b558d53b86fd6e5537022af6,0,individual,0,6,3.0,3.0,3,3,0,0,0,0,6,3.0,0.0,0,0,0,0,0,0,0,0,0.0050693589728325605,0.5
33295076b558d53b86fd6e5537022af6,0,individual,1,6,4.0,4.0,4,4,0,0,1,1.0,5,3.0,0.0,0,0,0,0,0,0,0,1.0,0.0050693589728325605,0.6666666666666666
33295076b558d53b86fd6e5537022af6,0,individual,2,6,5.0,5.0,5,5,0,0,2,2.0,4,3.0,0.0,0,0,0,0,0,0,0,2.0,0.0050693589728325605,0.8333333333333334
33295076b558d53b86fd6e5537022af6,0,memory,0,6,3.0,3.0,3,3,0,0,0,0,6,3.0,0.0,0,0,0,0,0,0,0,0,18.462891004048288,0.5
33295076b558d53b86fd6e5537022af6,0,memory,1,6,2.0,2.0,3,2,0,0,1,1.0,5,1.0,-2.0,0,2,5,6401,8.14982708892785,0,1,1.0,18.462891004048288,0.3333333333333333
33295076b558d53b86fd6e5537022af6,0,memory,2,6,5.0,5.0,6,5,0,0,2,2.0,4,3.0,0.0,0,0,9,11742,15.160311631858349,0,2,2.0,18.462891004048288,0.8333333333333334
33295076b558d53b86fd6e5537022af6,0,source_rule,0,6,3.0,3.0,3,3,0,0,0,0,6,3.0,0.0,0,0,0,0,0,0,0,0,0.004762631026096642,0.5
33295076b558d53b86fd6e5537022af6,0,source_rule,1,6,4.0,4.0,4,4,0,0,1,1.0,5,3.0,0.0,0,0,0,0,0,0,0,1.0,0.004762631026096642,0.6666666666666666
33295076b558d53b86fd6e5537022af6,0,source_rule,2,6,5.0,5.0,5,5,0,0,2,2.0,4,3.0,0.0,0,0,0,0,0,0,0,2.0,0.004762631026096642,0.8333333333333334
33295076b558d53b86fd6e5537022af6,0,fixed_audit,0,6,3.0,3.0,3,3,0,0,0,0,6,3.0,0.0,0,0,0,0,0,0,0,0,0.004407310043461621,0.5
33295076b558d53b86fd6e5537022af6,0,fixed_audit,1,6,4.0,4.0,4,4,0,0,1,1.0,5,3.0,0.0,0,0,0,0,0,0,0,1.0,0.004407310043461621,0.6666666666666666
33295076b558d53b86fd6e5537022af6,0,fixed_audit,2,6,5.0,5.0,5,5,0,0,2,2.0,4,3.0,0.0,0,0,0,0,0,0,0,2.0,0.004407310043461621,0.8333333333333334
33295076b558d53b86fd6e5537022af6,0,adaptive,0,6,3.0,3.0,3,3,0,0,0,0,6,3.0,0.0,0,0,0,0,0,0,0,0,7.975605100975372,0.5
33295076b558d53b86fd6e5537022af6,0,adaptive,1,6,4.0,4.0,4,4,0,0,1,1.0,5,3.0,0.0,0,0,0,0,0,0,0,1.0,7.975605100975372,0.6666666666666666
33295076b558d53b86fd6e5537022af6,0,adaptive,2,6,4.0,4.0,5,4,0,0,2,2.0,4,2.0,0.0,0,0,3,4069,6.624355750856921,0,1,1.0,7.975605100975372,0.6666666666666666
33295076b558d53b86fd6e5537022af6,0,reattempt,0,6,3.0,3.0,3,3,0,0,0,0,6,3.0,0.0,0,0,0,0,0,0,0,0,0.004352011019363999,0.5
33295076b558d53b86fd6e5537022af6,0,reattempt,1,6,4.0,4.0,4,4,0,0,1,1.0,5,3.0,0.0,0,0,0,0,0,0,0,1.0,0.004352011019363999,0.6666666666666666
33295076b558d53b86fd6e5537022af6,0,reattempt,2,6,5.0,5.0,5,5,0,0,2,2.0,4,3.0,0.0,0,0,0,0,0,0,0,2.0,0.004352011019363999,0.8333333333333334
33295076b558d53b86fd6e5537022af6,0,individual_risk,0,6,3.0,3.0,3,3,0,0,0,0,6,3.0,0.0,0,0,0,0,0,0,0,0,0.004213385982438922,0.5
33295076b558d53b86fd6e5537022af6,0,individual_risk,1,6,4.0,4.0,4,4,0,0,1,1.0,5,3.0,0.0,0,0,0,0,0,0,0,1.0,0.004213385982438922,0.6666666666666666
33295076b558d53b86fd6e5537022af6,0,individual_risk,2,6,5.0,5.0,5,5,0,0,2,2.0,4,3.0,0.0,0,0,0,0,0,0,0,2.0,0.004213385982438922,0.8333333333333334
33295076b558d53b86fd6e5537022af6,1,individual,0,6,4.0,4.0,4,4,0,0,0,0,6,4.0,0.0,0,0,0,0,0,0,0,0,0.004262633970938623,0.6666666666666666
33295076b558d53b86fd6e5537022af6,1,individual,1,6,5.0,5.0,5,5,0,0,1,1.0,5,4.0,0.0,0,0,0,0,0,0,0,1.0,0.004262633970938623,0.8333333333333334
33295076b558d53b86fd6e5537022af6,1,individual,2,6,5.0,5.0,5,5,0,0,2,2.0,4,3.0,0.0,0,0,0,0,0,0,0,1.0,0.004262633970938623,0.8333333333333334
33295076b558d53b86fd6e5537022af6,1,memory,0,6,4.0,4.0,4,4,0,0,0,0,6,4.0,0.0,0,0,0,0,0,0,0,0,20.11737935198471,0.6666666666666666
33295076b558d53b86fd6e5537022af6,1,memory,1,6,3.0,3.0,4,3,0,0,1,1.0,5,2.0,-2.0,0,2,5,6466,10.192126594134606,0,1,1.0,20.11737935198471,0.5
33295076b558d53b86fd6e5537022af6,1,memory,2,6,4.0,4.0,5,4,0,0,2,2.0,4,2.0,-1.0,0,1,9,11867,17.393031120183878,0,2,2.0,20.11737935198471,0.6666666666666666
33295076b558d53b86fd6e5537022af6,1,source_rule,0,6,4.0,4.0,4,4,0,0,0,0,6,4.0,0.0,0,0,0,0,0,0,0,0,1.9312144810101017,0.6666666666666666
33295076b558d53b86fd6e5537022af6,1,source_rule,1,6,5.0,5.0,5,5,0,0,1,1.0,5,4.0,0.0,0,0,0,0,0,0,0,1.0,1.9312144810101017,0.8333333333333334
33295076b558d53b86fd6e5537022af6,1,source_rule,2,6,5.0,5.0,5,5,0,0,2,2.0,4,3.0,0.0,0,0,1,1328,1.4314464890630916,0,1,1.0,1.9312144810101017,0.8333333333333334
33295076b558d53b86fd6e5537022af6,1,fixed_audit,0,6,4.0,4.0,4,4,0,0,0,0,6,4.0,0.0,0,0,0,0,0,0,0,0,6.097923255991191,0.6666666666666666
33295076b558d53b86fd6e5537022af6,1,fixed_audit,1,6,5.0,5.0,5,5,0,0,1,1.0,5,4.0,0.0,0,0,0,0,0,0,0,1.0,6.097923255991191,0.8333333333333334
33295076b558d53b86fd6e5537022af6,1,fixed_audit,2,6,5.0,5.0,5,5,0,0,2,2.0,4,3.0,0.0,0,0,3,4055,5.160433553974144,0,1,1.0,6.097923255991191,0.8333333333333334
33295076b558d53b86fd6e5537022af6,1,adaptive,0,6,4.0,4.0,4,4,0,0,0,0,6,4.0,0.0,0,0,0,0,0,0,0,0,7.722866422031075,0.6666666666666666
33295076b558d53b86fd6e5537022af6,1,adaptive,1,6,5.0,5.0,5,5,0,0,1,1.0,5,4.0,0.0,0,0,0,0,0,0,0,1.0,7.722866422031075,0.8333333333333334
33295076b558d53b86fd6e5537022af6,1,adaptive,2,6,4.0,4.0,5,4,0,0,2,2.0,4,2.0,-1.0,0,1,3,4032,5.754811356076971,0,1,1.0,7.722866422031075,0.6666666666666666
33295076b558d53b86fd6e5537022af6,1,reattempt,0,6,4.0,4.0,4,4,0,0,0,0,6,4.0,0.0,0,0,0,0,0,0,0,0,1.7858306870330125,0.6666666666666666
33295076b558d53b86fd6e5537022af6,1,reattempt,1,6,5.0,5.0,5,5,0,0,1,1.0,5,4.0,0.0,0,0,0,0,0,0,0,1.0,1.7858306870330125,0.8333333333333334
33295076b558d53b86fd6e5537022af6,1,reattempt,2,6,5.0,5.0,5,5,0,0,2,2.0,4,3.0,0.0,0,0,1,1135,1.3996389140374959,0,1,1.0,1.7858306870330125,0.8333333333333334
33295076b558d53b86fd6e5537022af6,1,individual_risk,0,6,4.0,4.0,4,4,0,0,0,0,6,4.0,0.0,0,0,0,0,0,0,0,0,0.0042720059864223,0.6666666666666666
33295076b558d53b86fd6e5537022af6,1,individual_risk,1,6,5.0,5.0,5,5,0,0,1,1.0,5,4.0,0.0,0,0,0,0,0,0,0,1.0,0.0042720059864223,0.8333333333333334
33295076b558d53b86fd6e5537022af6,1,individual_risk,2,6,6.0,6.0,6,6,1,0,2,2.0,4,4.0,0.0,0,0,0,0,0,0,0,2.0,0.0042720059864223,1.0
33295076b558d53b86fd6e5537022af6,0,frozen_model,0,6,3.0,3.0,3,3,0,0,0,0,6,3.0,0.0,0,0,0,0,0,0,0,0,7.328751223976724,0.5
33295076b558d53b86fd6e5537022af6,0,frozen_model,1,6,4.0,4.0,4,4,0,0,1,1.0,5,3.0,0.0,0,0,0,0,0,0,0,1.0,7.328751223976724,0.6666666666666666
33295076b558d53b86fd6e5537022af6,0,frozen_model,2,6,4.0,4.0,5,4,0,0,2,2.0,4,2.0,0.0,0,0,3,4065,6.502456983900629,0,1,1.0,7.328751223976724,0.6666666666666666
33295076b558d53b86fd6e5537022af6,0,adaptive,3,6,5.0,5.0,6,5,0,0,3,3.0,3,2.0,0.0,0,0,3,4069,6.624355750856921,0,1,2.0,0.007238880963996053,0.8333333333333334
33295076b558d53b86fd6e5537022af6,0,fixed_audit,3,6,6.0,6.0,6,6,1,0,3,3.0,3,3.0,0.0,0,0,1,1375,1.343406759086065,0,1,3.0,2.1290037350263447,1.0
b3d63fb06110ad7e91c9e765227c1d27,0,individual,0,6,2.0,2.64,5,2,0,3,0,0,6,2.0,0.0,0,0,0,0,0,0,0,0,0.0029015030013397336,0.3333333333333333
b3d63fb06110ad7e91c9e765227c1d27,0,individual,1,6,3.0,3.64,6,3,0,2,1,1.0,5,2.0,0.0,0,0,0,0,0,0,0,1.0,0.0029015030013397336,0.5
b3d63fb06110ad7e91c9e765227c1d27,0,individual,2,6,4.0,4.64,6,4,0,1,2,2.0,4,2.0,0.0,0,0,0,0,0,0,0,2.0,0.0029015030013397336,0.6666666666666666
b3d63fb06110ad7e91c9e765227c1d27,0,memory,0,6,2.0,2.64,5,2,0,3,0,0,6,2.0,0.0,0,0,0,0,0,0,0,0,20.978576670982875,0.3333333333333333
b3d63fb06110ad7e91c9e765227c1d27,0,memory,1,6,2.0,2.64,5,2,0,1,1,1.0,5,1.0,-1.0,0,1,5,5766,9.488765013054945,2,1,1.0,20.978576670982875,0.3333333333333333
b3d63fb06110ad7e91c9e765227c1d27,0,memory,2,6,3.0,3.0,5,3,0,0,2,2.0,4,1.0,-1.0,0,1,9,10642,18.478716504061595,2,2,2.0,20.978576670982875,0.5
b3d63fb06110ad7e91c9e765227c1d27,0,source_rule,0,6,2.0,2.64,5,2,0,3,0,0,6,2.0,0.0,0,0,0,0,0,0,0,0,0.0030149100348353386,0.3333333333333333
b3d63fb06110ad7e91c9e765227c1d27,0,source_rule,1,6,3.0,3.64,6,3,0,2,1,1.0,5,2.0,0.0,0,0,0,0,0,0,0,1.0,0.0030149100348353386,0.5
b3d63fb06110ad7e91c9e765227c1d27,0,source_rule,2,6,4.0,4.64,6,4,0,1,2,2.0,4,2.0,0.0,0,0,0,0,0,0,0,2.0,0.0030149100348353386,0.6666666666666666
b3d63fb06110ad7e91c9e765227c1d27,0,fixed_audit,0,6,2.0,2.64,5,2,0,3,0,0,6,2.0,0.0,0,0,0,0,0,0,0,0,4.840456186095253,0.3333333333333333
b3d63fb06110ad7e91c9e765227c1d27,0,fixed_audit,1,6,3.0,3.64,5,3,0,1,1,1.0,5,2.0,0.0,0,0,2,2304,3.9810293440241367,1,1,1.0,4.840456186095253,0.5
b3d63fb06110ad7e91c9e765227c1d27,0,fixed_audit,2,6,4.0,4.64,6,4,0,1,2,2.0,4,2.0,0.0,0,0,2,2304,3.9810293440241367,1,1,2.0,4.840456186095253,0.6666666666666666
b3d63fb06110ad7e91c9e765227c1d27,0,adaptive,0,6,2.0,2.64,5,2,0,3,0,0,6,2.0,0.0,0,0,0,0,0,0,0,0,5.91485756507609,0.3333333333333333
b3d63fb06110ad7e91c9e765227c1d27,0,adaptive,1,6,3.0,3.64,5,3,0,1,1,1.0,5,2.0,0.0,0,0,2,2304,3.430306945927441,1,1,1.0,5.91485756507609,0.5
b3d63fb06110ad7e91c9e765227c1d27,0,adaptive,2,6,4.0,4.0,5,4,0,1,2,2.0,4,2.0,0.0,0,0,3,3514,5.081945696030743,1,2,2.0,5.91485756507609,0.6666666666666666
b3d63fb06110ad7e91c9e765227c1d27,0,reattempt,0,6,2.0,2.64,5,2,0,3,0,0,6,2.0,0.0,0,0,0,0,0,0,0,0,0.003219639998860657,0.3333333333333333
b3d63fb06110ad7e91c9e765227c1d27,0,reattempt,1,6,3.0,3.64,6,3,0,2,1,1.0,5,2.0,0.0,0,0,0,0,0,0,0,1.0,0.003219639998860657,0.5
b3d63fb06110ad7e91c9e765227c1d27,0,reattempt,2,6,4.0,4.64,6,4,0,1,2,2.0,4,2.0,0.0,0,0,0,0,0,0,0,2.0,0.003219639998860657,0.6666666666666666
b3d63fb06110ad7e91c9e765227c1d27,0,individual_risk,0,6,2.0,2.64,5,2,0,3,0,0,6,2.0,0.0,0,0,0,0,0,0,0,0,0.002971931011416018,0.3333333333333333
b3d63fb06110ad7e91c9e765227c1d27,0,individual_risk,1,6,3.0,3.64,5,3,0,2,1,1.0,5,2.0,0.0,0,0,0,0,0,0,0,1.0,0.002971931011416018,0.5
b3d63fb06110ad7e91c9e765227c1d27,0,individual_risk,2,6,4.0,4.64,5,4,0,1,2,2.0,4,2.0,0.0,0,0,0,0,0,0,0,2.0,0.002971931011416018,0.6666666666666666
b3d63fb06110ad7e91c9e765227c1d27,1,individual,0,6,1.0,1.4,4,1,0,2,0,0,6,1.0,0.0,0,0,0,0,0,0,0,0,0.0030890339985489845,0.16666666666666666
b3d63fb06110ad7e91c9e765227c1d27,1,individual,1,6,2.0,2.4,5,2,0,1,1,1.0,5,1.0,0.0,0,0,0,0,0,0,0,1.0,0.0030890339985489845,0.3333333333333333
b3d63fb06110ad7e91c9e765227c1d27,1,individual,2,6,3.0,3.4,5,3,0,0,2,2.0,4,1.0,0.0,0,0,0,0,0,0,0,2.0,0.0030890339985489845,0.5
b3d63fb06110ad7e91c9e765227c1d27,1,memory,0,6,1.0,1.4,4,1,0,2,0,0,6,1.0,0.0,0,0,0,0,0,0,0,0,18.89129113499075,0.16666666666666666
b3d63fb06110ad7e91c9e765227c1d27,1,memory,1,6,2.0,2.4,4,2,0,0,1,1.0,5,1.0,0.0,0,0,5,5697,8.01629914320074,2,1,1.0,18.89129113499075,0.3333333333333333
b3d63fb06110ad7e91c9e765227c1d27,1,memory,2,6,3.0,3.0,4,3,0,0,2,2.0,4,1.0,0.0,0,0,9,10563,15.469992269296199,2,2,2.0,18.89129113499075,0.5
b3d63fb06110ad7e91c9e765227c1d27,1,source_rule,0,6,1.0,1.4,4,1,0,2,0,0,6,1.0,0.0,0,0,0,0,0,0,0,0,0.003238276927731931,0.16666666666666666
b3d63fb06110ad7e91c9e765227c1d27,1,source_rule,1,6,2.0,2.4,5,2,0,1,1,1.0,5,1.0,0.0,0,0,0,0,0,0,0,1.0,0.003238276927731931,0.3333333333333333
b3d63fb06110ad7e91c9e765227c1d27,1,source_rule,2,6,3.0,3.4,5,3,0,0,2,2.0,4,1.0,0.0,0,0,0,0,0,0,0,2.0,0.003238276927731931,0.5
b3d63fb06110ad7e91c9e765227c1d27,1,fixed_audit,0,6,1.0,1.4,4,1,0,2,0,0,6,1.0,0.0,0,0,0,0,0,0,0,0,2.793604976963252,0.16666666666666666
b3d63fb06110ad7e91c9e765227c1d27,1,fixed_audit,1,6,2.0,2.4,4,2,0,0,1,1.0,5,1.0,0.0,0,0,2,2227,2.010453955968842,1,1,1.0,2.793604976963252,0.3333333333333333
b3d63fb06110ad7e91c9e765227c1d27,1,fixed_audit,2,6,3.0,3.4,5,3,0,0,2,2.0,4,1.0,0.0,0,0,2,2227,2.010453955968842,1,1,2.0,2.793604976963252,0.5
b3d63fb06110ad7e91c9e765227c1d27,1,adaptive,0,6,1.0,1.4,4,1,0,2,0,0,6,1.0,0.0,0,0,0,0,0,0,0,0,6.281876683002338,0.16666666666666666
b3d63fb06110ad7e91c9e765227c1d27,1,adaptive,1,6,2.0,2.4,4,2,0,0,1,1.0,5,1.0,0.0,0,0,2,2227,2.123052885988727,1,1,1.0,6.281876683002338,0.3333333333333333
b3d63fb06110ad7e91c9e765227c1d27,1,adaptive,2,6,3.0,3.0,4,3,0,0,2,2.0,4,1.0,0.0,0,0,3,3505,4.80145441100467,1,2,2.0,6.281876683002338,0.5
b3d63fb06110ad7e91c9e765227c1d27,1,reattempt,0,6,1.0,1.4,4,1,0,2,0,0,6,1.0,0.0,0,0,0,0,0,0,0,0,0.005355591070838273,0.16666666666666666
b3d63fb06110ad7e91c9e765227c1d27,1,reattempt,1,6,2.0,2.4,5,2,0,1,1,1.0,5,1.0,0.0,0,0,0,0,0,0,0,1.0,0.005355591070838273,0.3333333333333333
b3d63fb06110ad7e91c9e765227c1d27,1,reattempt,2,6,3.0,3.4,5,3,0,0,2,2.0,4,1.0,0.0,0,0,0,0,0,0,0,2.0,0.005355591070838273,0.5
b3d63fb06110ad7e91c9e765227c1d27,1,individual_risk,0,6,1.0,1.4,4,1,0,2,0,0,6,1.0,0.0,0,0,0,0,0,0,0,0,0.004139755037613213,0.16666666666666666
b3d63fb06110ad7e91c9e765227c1d27,1,individual_risk,1,6,2.0,2.4,4,2,0,1,1,1.0,5,1.0,0.0,0,0,0,0,0,0,0,1.0,0.004139755037613213,0.3333333333333333
b3d63fb06110ad7e91c9e765227c1d27,1,individual_risk,2,6,3.0,3.4,5,3,0,0,2,2.0,4,1.0,0.0,0,0,0,0,0,0,0,2.0,0.004139755037613213,0.5
b3d63fb06110ad7e91c9e765227c1d27,0,frozen_model,0,6,2.0,2.64,5,2,0,3,0,0,6,2.0,0.0,0,0,0,0,0,0,0,0,6.859703554073349,0.3333333333333333
b3d63fb06110ad7e91c9e765227c1d27,0,frozen_model,1,6,3.0,3.64,5,3,0,1,1,1.0,5,2.0,0.0,0,0,2,2305,3.9246241860091686,1,1,1.0,6.859703554073349,0.5
b3d63fb06110ad7e91c9e765227c1d27,0,frozen_model,2,6,4.0,4.0,5,4,0,1,2,2.0,4,2.0,0.0,0,0,3,3515,5.6249327949481085,1,2,2.0,6.859703554073349,0.6666666666666666
b3d63fb06110ad7e91c9e765227c1d27,0,adaptive,3,6,4.0,4.0,5,4,0,1,3,3.0,3,1.0,0.0,0,0,3,3514,5.081945696030743,1,2,2.0,0.006316086044535041,0.6666666666666666
b3d63fb06110ad7e91c9e765227c1d27,0,fixed_audit,3,6,5.0,5.64,6,5,0,0,3,3.0,3,2.0,0.0,0,0,2,2304,3.9810293440241367,1,1,3.0,0.0052253479370847344,0.8333333333333334
1424e718ab72e7d0bc792bbed0f42df6,0,individual,0,6,2.0,4.529999999999999,5,2,0,0,0,0,6,2.0,0.0,0,0,0,0,0,0,0,0,0.004236362059600651,0.3333333333333333
1424e718ab72e7d0bc792bbed0f42df6,0,individual,1,6,3.0,4.5600000000000005,5,3,0,0,1,1.0,5,2.0,0.0,0,0,0,0,0,0,0,1.0,0.004236362059600651,0.5
1424e718ab72e7d0bc792bbed0f42df6,0,individual,2,6,3.0,4.5600000000000005,5,3,0,0,2,2.0,4,1.0,0.0,0,0,0,0,0,0,0,1.0,0.004236362059600651,0.5
1424e718ab72e7d0bc792bbed0f42df6,0,memory,0,6,2.0,4.529999999999999,5,2,0,0,0,0,6,2.0,0.0,0,0,0,0,0,0,0,0,23.847900067921728,0.3333333333333333
1424e718ab72e7d0bc792bbed0f42df6,0,memory,1,6,2.0,3.29,4,2,0,0,1,1.0,5,1.0,-1.0,0,1,5,6665,10.607868205755949,1,1,1.0,23.847900067921728,0.3333333333333333
1424e718ab72e7d0bc792bbed0f42df6,0,memory,2,6,3.0,4.55,6,3,0,0,2,2.0,4,1.0,0.0,0,0,9,12444,20.877409095643088,1,2,2.0,23.847900067921728,0.5
1424e718ab72e7d0bc792bbed0f42df6,0,source_rule,0,6,2.0,4.529999999999999,5,2,0,0,0,0,6,2.0,0.0,0,0,0,0,0,0,0,0,5.314721534028649,0.3333333333333333
1424e718ab72e7d0bc792bbed0f42df6,0,source_rule,1,6,3.0,4.29,4,3,0,0,1,1.0,5,2.0,0.0,0,0,2,2702,4.730152134899981,0,1,1.0,5.314721534028649,0.5
1424e718ab72e7d0bc792bbed0f42df6,0,source_rule,2,6,3.0,4.29,4,3,0,0,2,2.0,4,1.0,0.0,0,0,2,2702,4.730152134899981,0,1,1.0,5.314721534028649,0.5
1424e718ab72e7d0bc792bbed0f42df6,0,fixed_audit,0,6,2.0,4.529999999999999,5,2,0,0,0,0,6,2.0,0.0,0,0,0,0,0,0,0,0,18.331195235950872,0.3333333333333333
1424e718ab72e7d0bc792bbed0f42df6,0,fixed_audit,1,6,2.0,3.29,4,2,0,0,1,1.0,5,1.0,-1.0,0,1,3,4040,7.772858210024424,0,1,1.0,18.331195235950872,0.3333333333333333
1424e718ab72e7d0bc792bbed0f42df6,0,fixed_audit,2,6,3.0,4.55,6,3,0,0,2,2.0,4,1.0,0.0,0,0,6,8363,16.00723539397586,0,2,2.0,18.331195235950872,0.5
1424e718ab72e7d0bc792bbed0f42df6,0,adaptive,0,6,2.0,4.529999999999999,5,2,0,0,0,0,6,2.0,0.0,0,0,0,0,0,0,0,0,17.56585020700004,0.3333333333333333
1424e718ab72e7d0bc792bbed0f42df6,0,adaptive,1,6,2.0,3.29,4,2,0,0,1,1.0,5,1.0,-1.0,0,1,3,4023,7.125472606043331,0,1,1.0,17.56585020700004,0.3333333333333333
1424e718ab72e7d0bc792bbed0f42df6,0,adaptive,2,6,2.0,3.5,3,2,0,0,2,2.0,4,0.0,-1.0,0,1,6,8318,15.153082302073017,0,2,1.0,17.56585020700004,0.3333333333333333
1424e718ab72e7d0bc792bbed0f42df6,0,reattempt,0,6,2.0,4.529999999999999,5,2,0,0,0,0,6,2.0,0.0,0,0,0,0,0,0,0,0,4.196616661036387,0.3333333333333333
1424e718ab72e7d0bc792bbed0f42df6,0,reattempt,1,6,3.0,4.640000000000001,5,3,0,0,1,1.0,5,2.0,0.0,0,0,2,2385,3.6379396159900352,0,1,1.0,4.196616661036387,0.5
1424e718ab72e7d0bc792bbed0f42df6,0,reattempt,2,6,3.0,4.640000000000001,5,3,0,0,2,2.0,4,1.0,0.0,0,0,2,2385,3.6379396159900352,0,1,1.0,4.196616661036387,0.5
1424e718ab72e7d0bc792bbed0f42df6,0,individual_risk,0,6,2.0,4.529999999999999,5,2,0,0,0,0,6,2.0,0.0,0,0,0,0,0,0,0,0,0.0033768329303711653,0.3333333333333333
1424e718ab72e7d0bc792bbed0f42df6,0,individual_risk,1,6,2.0,4.529999999999999,5,2,0,0,1,1.0,5,1.0,0.0,0,0,0,0,0,0,0,0.0,0.0033768329303711653,0.3333333333333333
1424e718ab72e7d0bc792bbed0f42df6,0,individual_risk,2,6,3.0,5.529999999999999,5,3,0,0,2,2.0,4,1.0,0.0,0,0,0,0,0,0,0,1.0,0.0033768329303711653,0.5
1424e718ab72e7d0bc792bbed0f42df6,1,individual,0,6,1.0,3.54,5,1,0,0,0,0,6,1.0,0.0,0,0,0,0,0,0,0,0,0.004441511002369225,0.16666666666666666
1424e718ab72e7d0bc792bbed0f42df6,1,individual,1,6,2.0,3.5700000000000003,5,2,0,0,1,1.0,5,1.0,0.0,0,0,0,0,0,0,0,1.0,0.004441511002369225,0.3333333333333333
1424e718ab72e7d0bc792bbed0f42df6,1,individual,2,6,3.0,4.57,5,3,0,0,2,2.0,4,1.0,0.0,0,0,0,0,0,0,0,2.0,0.004441511002369225,0.5
1424e718ab72e7d0bc792bbed0f42df6,1,memory,0,6,1.0,3.54,5,1,0,0,0,0,6,1.0,0.0,0,0,0,0,0,0,0,0,26.58580473694019,0.16666666666666666
1424e718ab72e7d0bc792bbed0f42df6,1,memory,1,6,2.0,3.22,4,2,0,0,1,1.0,5,1.0,0.0,0,0,5,6724,11.87269154295791,1,1,1.0,26.58580473694019,0.3333333333333333
1424e718ab72e7d0bc792bbed0f42df6,1,memory,2,6,3.0,4.2,5,3,0,0,2,2.0,4,1.0,0.0,0,0,9,12462,21.732852138811722,2,2,2.0,26.58580473694019,0.5
1424e718ab72e7d0bc792bbed0f42df6,1,source_rule,0,6,1.0,3.54,5,1,0,0,0,0,6,1.0,0.0,0,0,0,0,0,0,0,0,5.216097004013136,0.16666666666666666
1424e718ab72e7d0bc792bbed0f42df6,1,source_rule,1,6,2.0,3.22,4,2,0,0,1,1.0,5,1.0,0.0,0,0,2,2695,4.561200016876683,0,1,1.0,5.216097004013136,0.3333333333333333
1424e718ab72e7d0bc792bbed0f42df6,1,source_rule,2,6,3.0,4.220000000000001,4,3,0,0,2,2.0,4,1.0,0.0,0,0,2,2695,4.561200016876683,0,1,2.0,5.216097004013136,0.5
1424e718ab72e7d0bc792bbed0f42df6,1,fixed_audit,0,6,1.0,3.54,5,1,0,0,0,0,6,1.0,0.0,0,0,0,0,0,0,0,0,15.986099038971588,0.16666666666666666
1424e718ab72e7d0bc792bbed0f42df6,1,fixed_audit,1,6,2.0,3.22,4,2,0,0,1,1.0,5,1.0,0.0,0,0,3,4074,7.695356574840844,0,1,1.0,15.986099038971588,0.3333333333333333
1424e718ab72e7d0bc792bbed0f42df6,1,fixed_audit,2,6,3.0,4.220000000000001,4,3,0,0,2,2.0,4,1.0,0.0,0,0,6,8299,13.467501820763573,1,2,2.0,15.986099038971588,0.5
1424e718ab72e7d0bc792bbed0f42df6,1,adaptive,0,6,1.0,3.54,5,1,0,0,0,0,6,1.0,0.0,0,0,0,0,0,0,0,0,15.497098200023174,0.16666666666666666
1424e718ab72e7d0bc792bbed0f42df6,1,adaptive,1,6,2.0,3.22,4,2,0,0,1,1.0,5,1.0,0.0,0,0,3,4074,7.635773582034744,0,1,1.0,15.497098200023174,0.3333333333333333
1424e718ab72e7d0bc792bbed0f42df6,1,adaptive,2,6,3.0,4.220000000000001,4,3,0,0,2,2.0,4,1.0,0.0,0,0,6,8299,13.549250132986344,1,2,2.0,15.497098200023174,0.5
1424e718ab72e7d0bc792bbed0f42df6,1,reattempt,0,6,1.0,3.54,5,1,0,0,0,0,6,1.0,0.0,0,0,0,0,0,0,0,0,3.926862834021449,0.16666666666666666
1424e718ab72e7d0bc792bbed0f42df6,1,reattempt,1,6,2.0,3.5700000000000003,5,2,0,0,1,1.0,5,1.0,0.0,0,0,2,2383,3.24799304199405,0,1,1.0,3.926862834021449,0.3333333333333333
1424e718ab72e7d0bc792bbed0f42df6,1,reattempt,2,6,3.0,4.57,5,3,0,0,2,2.0,4,1.0,0.0,0,0,2,2383,3.24799304199405,0,1,2.0,3.926862834021449,0.5
1424e718ab72e7d0bc792bbed0f42df6,1,individual_risk,0,6,1.0,3.54,5,1,0,0,0,0,6,1.0,0.0,0,0,0,0,0,0,0,0,0.0037064170464873314,0.16666666666666666
1424e718ab72e7d0bc792bbed0f42df6,1,individual_risk,1,6,2.0,4.54,5,2,0,0,1,1.0,5,1.0,0.0,0,0,0,0,0,0,0,1.0,0.0037064170464873314,0.3333333333333333
1424e718ab72e7d0bc792bbed0f42df6,1,individual_risk,2,6,3.0,5.54,5,3,0,0,2,2.0,4,1.0,0.0,0,0,0,0,0,0,0,2.0,0.0037064170464873314,0.5
1424e718ab72e7d0bc792bbed0f42df6,0,frozen_model,0,6,2.0,4.529999999999999,5,2,0,0,0,0,6,2.0,0.0,0,0,0,0,0,0,0,0,16.470619332045317,0.3333333333333333
1424e718ab72e7d0bc792bbed0f42df6,0,frozen_model,1,6,2.0,3.29,4,2,0,0,1,1.0,5,1.0,-1.0,0,1,3,4017,6.714465154916979,0,1,1.0,16.470619332045317,0.3333333333333333
1424e718ab72e7d0bc792bbed0f42df6,0,frozen_model,2,6,2.0,3.5,4,2,0,0,2,2.0,4,0.0,-1.0,0,1,6,8235,13.621126557816751,0,2,1.0,16.470619332045317,0.3333333333333333
1424e718ab72e7d0bc792bbed0f42df6,0,adaptive,3,6,3.0,4.5,3,3,0,0,3,3.0,3,0.0,-1.0,0,1,6,8318,15.153082302073017,0,2,2.0,0.012134311022236943,0.5
1424e718ab72e7d0bc792bbed0f42df6,0,fixed_audit,3,6,4.0,4.96,6,4,0,0,3,3.0,3,1.0,0.0,0,0,7,9871,18.39795184903778,0,3,3.0,2.749865961028263,0.6666666666666666
9a43ac474979cb7ecf516b5a8e7849ee,0,individual,0,6,3.0,3.71,6,3,0,0,0,0,6,3.0,0.0,0,0,0,0,0,0,0,0,0.0041014839662238955,0.5
9a43ac474979cb7ecf516b5a8e7849ee,0,individual,1,6,4.0,4.71,6,4,0,0,1,1.0,5,3.0,0.0,0,0,0,0,0,0,0,1.0,0.0041014839662238955,0.6666666666666666
9a43ac474979cb7ecf516b5a8e7849ee,0,individual,2,6,5.0,5.71,6,5,0,0,2,2.0,4,3.0,0.0,0,0,0,0,0,0,0,2.0,0.0041014839662238955,0.8333333333333334
9a43ac474979cb7ecf516b5a8e7849ee,0,memory,0,6,3.0,3.71,6,3,0,0,0,0,6,3.0,0.0,0,0,0,0,0,0,0,0,20.58389156102203,0.5
9a43ac474979cb7ecf516b5a8e7849ee,0,memory,1,6,3.0,3.71,5,3,0,0,1,1.0,5,2.0,-1.0,0,1,5,4791,9.47432570392266,2,1,1.0,20.58389156102203,0.5
9a43ac474979cb7ecf516b5a8e7849ee,0,memory,2,6,4.0,4.71,5,4,0,0,2,2.0,4,2.0,-1.0,0,1,9,8889,17.222392641822807,2,2,2.0,20.58389156102203,0.6666666666666666
9a43ac474979cb7ecf516b5a8e7849ee,0,source_rule,0,6,3.0,3.71,6,3,0,0,0,0,6,3.0,0.0,0,0,0,0,0,0,0,0,4.429648115066811,0.5
9a43ac474979cb7ecf516b5a8e7849ee,0,source_rule,1,6,4.0,4.71,6,4,0,0,1,1.0,5,3.0,0.0,0,0,1,945,1.9408314370084554,1,1,1.0,4.429648115066811,0.6666666666666666
9a43ac474979cb7ecf516b5a8e7849ee,0,source_rule,2,6,4.0,4.71,5,4,0,0,2,2.0,4,2.0,-1.0,0,1,2,1978,3.7628930429928005,1,2,2.0,4.429648115066811,0.6666666666666666
9a43ac474979cb7ecf516b5a8e7849ee,0,fixed_audit,0,6,3.0,3.71,6,3,0,0,0,0,6,3.0,0.0,0,0,0,0,0,0,0,0,9.006097935023718,0.5
9a43ac474979cb7ecf516b5a8e7849ee,0,fixed_audit,1,6,3.0,3.71,5,3,0,0,1,1.0,5,2.0,-1.0,0,1,3,2864,5.383425782085396,2,1,1.0,9.006097935023718,0.5
9a43ac474979cb7ecf516b5a8e7849ee,0,fixed_audit,2,6,4.0,4.71,5,4,0,0,2,2.0,4,2.0,-1.0,0,1,4,3897,7.2322622841456905,2,2,2.0,9.006097935023718,0.6666666666666666
9a43ac474979cb7ecf516b5a8e7849ee,0,adaptive,0,6,3.0,3.71,6,3,0,0,0,0,6,3.0,0.0,0,0,0,0,0,0,0,0,8.837960910983384,0.5
9a43ac474979cb7ecf516b5a8e7849ee,0,adaptive,1,6,3.0,3.71,5,3,0,0,1,1.0,5,2.0,-1.0,0,1,3,2874,5.4798560220515355,2,1,1.0,8.837960910983384,0.5
9a43ac474979cb7ecf516b5a8e7849ee,0,adaptive,2,6,3.0,3.71,5,3,0,0,2,2.0,4,1.0,-1.0,0,1,4,3926,7.381647262140177,2,2,1.0,8.837960910983384,0.5
9a43ac474979cb7ecf516b5a8e7849ee,0,reattempt,0,6,3.0,3.71,6,3,0,0,0,0,6,3.0,0.0,0,0,0,0,0,0,0,0,4.205414816970006,0.5
9a43ac474979cb7ecf516b5a8e7849ee,0,reattempt,1,6,3.0,4.46,6,3,0,0,1,1.0,5,2.0,-1.0,0,1,1,779,1.3377393159316853,0,1,1.0,4.205414816970006,0.5
9a43ac474979cb7ecf516b5a8e7849ee,0,reattempt,2,6,4.0,5.46,6,4,0,0,2,2.0,4,2.0,-1.0,0,1,2,1621,3.658794524963014,1,2,2.0,4.205414816970006,0.6666666666666666
9a43ac474979cb7ecf516b5a8e7849ee,0,individual_risk,0,6,3.0,3.71,6,3,0,0,0,0,6,3.0,0.0,0,0,0,0,0,0,0,0,0.004354048054665327,0.5
9a43ac474979cb7ecf516b5a8e7849ee,0,individual_risk,1,6,3.0,3.71,6,3,0,0,1,1.0,5,2.0,0.0,0,0,0,0,0,0,0,0.0,0.004354048054665327,0.5
9a43ac474979cb7ecf516b5a8e7849ee,0,individual_risk,2,6,4.0,4.71,6,4,0,0,2,2.0,4,2.0,0.0,0,0,0,0,0,0,0,1.0,0.004354048054665327,0.6666666666666666
9a43ac474979cb7ecf516b5a8e7849ee,1,individual,0,6,1.0,1.0,4,1,0,3,0,0,6,1.0,0.0,0,0,0,0,0,0,0,0,0.0038463909877464175,0.16666666666666666
9a43ac474979cb7ecf516b5a8e7849ee,1,individual,1,6,2.0,2.0,5,2,0,3,1,1.0,5,1.0,0.0,0,0,0,0,0,0,0,1.0,0.0038463909877464175,0.3333333333333333
9a43ac474979cb7ecf516b5a8e7849ee,1,individual,2,6,3.0,3.0,5,3,0,2,2,2.0,4,1.0,0.0,0,0,0,0,0,0,0,2.0,0.0038463909877464175,0.5
9a43ac474979cb7ecf516b5a8e7849ee,1,memory,0,6,1.0,1.0,4,1,0,3,0,0,6,1.0,0.0,0,0,0,0,0,0,0,0,20.302899294998497,0.16666666666666666
9a43ac474979cb7ecf516b5a8e7849ee,1,memory,1,6,3.0,3.59,5,3,0,0,1,1.0,5,2.0,1.0,1,0,5,4830,10.069530070060864,0,1,1.0,20.302899294998497,0.5
9a43ac474979cb7ecf516b5a8e7849ee,1,memory,2,6,5.0,5.0,5,5,0,0,2,2.0,4,3.0,2.0,2,0,9,8987,17.242530757095665,0,2,2.0,20.302899294998497,0.8333333333333334
9a43ac474979cb7ecf516b5a8e7849ee,1,source_rule,0,6,1.0,1.0,4,1,0,3,0,0,6,1.0,0.0,0,0,0,0,0,0,0,0,2.008969428949058,0.16666666666666666
9a43ac474979cb7ecf516b5a8e7849ee,1,source_rule,1,6,2.0,2.0,5,2,0,3,1,1.0,5,1.0,0.0,0,0,1,946,1.7319630690617487,0,1,1.0,2.008969428949058,0.3333333333333333
9a43ac474979cb7ecf516b5a8e7849ee,1,source_rule,2,6,3.0,3.0,5,3,0,2,2,2.0,4,1.0,0.0,0,0,1,946,1.7319630690617487,0,1,2.0,2.008969428949058,0.5
9a43ac474979cb7ecf516b5a8e7849ee,1,fixed_audit,0,6,1.0,1.0,4,1,0,3,0,0,6,1.0,0.0,0,0,0,0,0,0,0,0,6.37256437598262,0.16666666666666666
9a43ac474979cb7ecf516b5a8e7849ee,1,fixed_audit,1,6,2.0,2.0,5,2,0,2,1,1.0,5,1.0,0.0,0,0,2,1937,3.6803164349403232,0,1,1.0,6.37256437598262,0.3333333333333333
9a43ac474979cb7ecf516b5a8e7849ee,1,fixed_audit,2,6,3.0,3.0,5,3,0,2,2,2.0,4,1.0,0.0,0,0,3,2972,5.407961750868708,0,2,2.0,6.37256437598262,0.5
9a43ac474979cb7ecf516b5a8e7849ee,1,adaptive,0,6,1.0,1.0,4,1,0,3,0,0,6,1.0,0.0,0,0,0,0,0,0,0,0,7.032327630091459,0.16666666666666666
9a43ac474979cb7ecf516b5a8e7849ee,1,adaptive,1,6,2.0,2.0,5,2,0,2,1,1.0,5,1.0,0.0,0,0,2,1937,3.7976930589647964,0,1,1.0,7.032327630091459,0.3333333333333333
9a43ac474979cb7ecf516b5a8e7849ee,1,adaptive,2,6,3.0,3.0,5,3,0,1,2,2.0,4,1.0,0.0,0,0,3,2972,5.691516125923954,0,2,2.0,7.032327630091459,0.5
9a43ac474979cb7ecf516b5a8e7849ee,1,reattempt,0,6,1.0,1.0,4,1,0,3,0,0,6,1.0,0.0,0,0,0,0,0,0,0,0,2.2417692829621956,0.16666666666666666
9a43ac474979cb7ecf516b5a8e7849ee,1,reattempt,1,6,2.0,2.0,5,2,0,3,1,1.0,5,1.0,0.0,0,0,1,826,1.966150782071054,1,1,1.0,2.2417692829621956,0.3333333333333333
9a43ac474979cb7ecf516b5a8e7849ee,1,reattempt,2,6,3.0,3.0,5,3,0,2,2,2.0,4,1.0,0.0,0,0,1,826,1.966150782071054,1,1,2.0,2.2417692829621956,0.5
9a43ac474979cb7ecf516b5a8e7849ee,1,individual_risk,0,6,1.0,1.0,4,1,0,3,0,0,6,1.0,0.0,0,0,0,0,0,0,0,0,0.003361552022397518,0.16666666666666666
9a43ac474979cb7ecf516b5a8e7849ee,1,individual_risk,1,6,2.0,2.0,4,2,0,2,1,1.0,5,1.0,0.0,0,0,0,0,0,0,0,1.0,0.003361552022397518,0.3333333333333333
9a43ac474979cb7ecf516b5a8e7849ee,1,individual_risk,2,6,3.0,3.0,4,3,0,1,2,2.0,4,1.0,0.0,0,0,0,0,0,0,0,2.0,0.003361552022397518,0.5
9a43ac474979cb7ecf516b5a8e7849ee,0,frozen_model,0,6,3.0,3.71,6,3,0,0,0,0,6,3.0,0.0,0,0,0,0,0,0,0,0,8.700156901031733,0.5
9a43ac474979cb7ecf516b5a8e7849ee,0,frozen_model,1,6,3.0,3.71,5,3,0,0,1,1.0,5,2.0,-1.0,0,1,3,2864,5.501242361962795,2,1,1.0,8.700156901031733,0.5
9a43ac474979cb7ecf516b5a8e7849ee,0,frozen_model,2,6,3.0,3.71,5,3,0,0,2,2.0,4,1.0,-1.0,0,1,4,3916,7.465901487972587,2,2,1.0,8.700156901031733,0.5
9a43ac474979cb7ecf516b5a8e7849ee,0,adaptive,3,6,4.0,4.71,5,4,0,0,3,3.0,3,1.0,-1.0,0,1,5,5069,9.536168820224702,2,3,2.0,2.4399244560627267,0.6666666666666666
9a43ac474979cb7ecf516b5a8e7849ee,0,fixed_audit,3,6,5.0,5.71,6,5,0,0,3,3.0,3,2.0,0.0,0,0,6,6113,11.507068429258652,2,3,3.0,4.831433980027214,0.8333333333333334
5f0466453acb53d17eee77ec763d9a98,0,individual,0,6,2.0,2.75,6,2,0,0,0,0,6,2.0,0.0,0,0,0,0,0,0,0,0,0.0036604820052161813,0.3333333333333333
5f0466453acb53d17eee77ec763d9a98,0,individual,1,6,3.0,3.75,6,3,0,0,1,1.0,5,2.0,0.0,0,0,0,0,0,0,0,1.0,0.0036604820052161813,0.5
5f0466453acb53d17eee77ec763d9a98,0,individual,2,6,4.0,4.75,6,4,0,0,2,2.0,4,2.0,0.0,0,0,0,0,0,0,0,2.0,0.0036604820052161813,0.6666666666666666
5f0466453acb53d17eee77ec763d9a98,0,memory,0,6,2.0,2.75,6,2,0,0,0,0,6,2.0,0.0,0,0,0,0,0,0,0,0,22.064006989938207,0.3333333333333333
5f0466453acb53d17eee77ec763d9a98,0,memory,1,6,3.0,4.640000000000001,6,3,0,0,1,1.0,5,2.0,0.0,1,1,5,4610,9.99851350998506,1,1,1.0,22.064006989938207,0.5
5f0466453acb53d17eee77ec763d9a98,0,memory,2,6,3.0,4.640000000000001,6,3,0,0,2,2.0,4,1.0,-1.0,0,1,9,8594,18.048214024864137,1,2,1.0,22.064006989938207,0.5
5f0466453acb53d17eee77ec763d9a98,0,source_rule,0,6,2.0,2.75,6,2,0,0,0,0,6,2.0,0.0,0,0,0,0,0,0,0,0,3.022523384075612,0.3333333333333333
5f0466453acb53d17eee77ec763d9a98,0,source_rule,1,6,3.0,3.75,6,3,0,0,1,1.0,5,2.0,0.0,0,0,0,0,0,0,0,1.0,3.022523384075612,0.5
5f0466453acb53d17eee77ec763d9a98,0,source_rule,2,6,4.0,4.75,6,4,0,0,2,2.0,4,2.0,0.0,0,0,1,1035,2.616944984998554,0,1,2.0,3.022523384075612,0.6666666666666666
5f0466453acb53d17eee77ec763d9a98,0,fixed_audit,0,6,2.0,2.75,6,2,0,0,0,0,6,2.0,0.0,0,0,0,0,0,0,0,0,8.110846390016377,0.3333333333333333
5f0466453acb53d17eee77ec763d9a98,0,fixed_audit,1,6,4.0,4.75,6,4,0,0,1,1.0,5,3.0,1.0,1,0,2,1905,4.611677558044903,0,1,1.0,8.110846390016377,0.6666666666666666
5f0466453acb53d17eee77ec763d9a98,0,fixed_audit,2,6,4.0,4.75,6,4,0,0,2,2.0,4,2.0,0.0,0,0,3,2940,7.264909180114046,0,2,1.0,8.110846390016377,0.6666666666666666
5f0466453acb53d17eee77ec763d9a98,0,adaptive,0,6,2.0,2.75,6,2,0,0,0,0,6,2.0,0.0,0,0,0,0,0,0,0,0,9.970144685939886,0.3333333333333333
5f0466453acb53d17eee77ec763d9a98,0,adaptive,1,6,4.0,4.75,6,4,0,0,1,1.0,5,3.0,1.0,1,0,2,1905,4.737129239947535,0,1,1.0,9.970144685939886,0.6666666666666666
5f0466453acb53d17eee77ec763d9a98,0,adaptive,2,6,4.0,4.0,6,4,0,0,2,2.0,4,2.0,1.0,1,0,4,3839,8.698377984925173,0,2,1.0,9.970144685939886,0.6666666666666666
5f0466453acb53d17eee77ec763d9a98,0,reattempt,0,6,2.0,2.75,6,2,0,0,0,0,6,2.0,0.0,0,0,0,0,0,0,0,0,2.86829499702435,0.3333333333333333
5f0466453acb53d17eee77ec763d9a98,0,reattempt,1,6,3.0,3.75,6,3,0,0,1,1.0,5,2.0,0.0,0,0,0,0,0,0,0,1.0,2.86829499702435,0.5
5f0466453acb53d17eee77ec763d9a98,0,reattempt,2,6,4.0,4.75,5,4,0,0,2,2.0,4,2.0,0.0,0,0,1,818,2.314565710024908,0,1,2.0,2.86829499702435,0.6666666666666666
5f0466453acb53d17eee77ec763d9a98,0,individual_risk,0,6,2.0,2.75,6,2,0,0,0,0,6,2.0,0.0,0,0,0,0,0,0,0,0,0.0036841470282524824,0.3333333333333333
5f0466453acb53d17eee77ec763d9a98,0,individual_risk,1,6,3.0,3.75,6,3,0,0,1,1.0,5,2.0,0.0,0,0,0,0,0,0,0,1.0,0.0036841470282524824,0.5
5f0466453acb53d17eee77ec763d9a98,0,individual_risk,2,6,4.0,4.75,6,4,0,0,2,2.0,4,2.0,0.0,0,0,0,0,0,0,0,2.0,0.0036841470282524824,0.6666666666666666
5f0466453acb53d17eee77ec763d9a98,1,individual,0,6,3.0,3.75,6,3,0,0,0,0,6,3.0,0.0,0,0,0,0,0,0,0,0,0.0038651690119877458,0.5
5f0466453acb53d17eee77ec763d9a98,1,individual,1,6,4.0,4.75,6,4,0,0,1,1.0,5,3.0,0.0,0,0,0,0,0,0,0,1.0,0.0038651690119877458,0.6666666666666666
5f0466453acb53d17eee77ec763d9a98,1,individual,2,6,4.0,4.75,6,4,0,0,2,2.0,4,2.0,0.0,0,0,0,0,0,0,0,1.0,0.0038651690119877458,0.6666666666666666
5f0466453acb53d17eee77ec763d9a98,1,memory,0,6,3.0,3.75,6,3,0,0,0,0,6,3.0,0.0,0,0,0,0,0,0,0,0,20.590412992052734,0.5
5f0466453acb53d17eee77ec763d9a98,1,memory,1,6,2.0,2.89,6,2,0,0,1,1.0,5,1.0,-2.0,0,2,5,4667,10.631987222121097,0,1,1.0,20.590412992052734,0.3333333333333333
5f0466453acb53d17eee77ec763d9a98,1,memory,2,6,3.0,4.42,6,3,0,0,2,2.0,4,1.0,-1.0,0,1,9,8588,17.54274577111937,0,2,2.0,20.590412992052734,0.5
5f0466453acb53d17eee77ec763d9a98,1,source_rule,0,6,3.0,3.75,6,3,0,0,0,0,6,3.0,0.0,0,0,0,0,0,0,0,0,2.3283713129349053,0.5
5f0466453acb53d17eee77ec763d9a98,1,source_rule,1,6,4.0,4.75,6,4,0,0,1,1.0,5,3.0,0.0,0,0,0,0,0,0,0,1.0,2.3283713129349053,0.6666666666666666
5f0466453acb53d17eee77ec763d9a98,1,source_rule,2,6,4.0,4.75,6,4,0,0,2,2.0,4,2.0,0.0,0,0,1,1005,2.0430544660193846,0,1,1.0,2.3283713129349053,0.6666666666666666
5f0466453acb53d17eee77ec763d9a98,1,fixed_audit,0,6,3.0,3.75,6,3,0,0,0,0,6,3.0,0.0,0,0,0,0,0,0,0,0,12.893280570977367,0.5
5f0466453acb53d17eee77ec763d9a98,1,fixed_audit,1,6,4.0,4.75,6,4,0,0,1,1.0,5,3.0,0.0,1,1,2,1948,5.404417906887829,0,1,1.0,12.893280570977367,0.6666666666666666
5f0466453acb53d17eee77ec763d9a98,1,fixed_audit,2,6,4.0,4.75,6,4,0,0,2,2.0,4,2.0,0.0,0,0,5,4907,11.084915031096898,0,2,2.0,12.893280570977367,0.6666666666666666
5f0466453acb53d17eee77ec763d9a98,1,adaptive,0,6,3.0,3.75,6,3,0,0,0,0,6,3.0,0.0,0,0,0,0,0,0,0,0,10.324842632981017,0.5
5f0466453acb53d17eee77ec763d9a98,1,adaptive,1,6,4.0,4.75,6,4,0,0,1,1.0,5,3.0,0.0,1,1,2,1948,5.778593209921382,0,1,1.0,10.324842632981017,0.6666666666666666
5f0466453acb53d17eee77ec763d9a98,1,adaptive,2,6,4.0,4.75,6,4,0,0,2,2.0,4,2.0,0.0,1,1,4,3858,8.889996509882621,0,2,1.0,10.324842632981017,0.6666666666666666
5f0466453acb53d17eee77ec763d9a98,1,reattempt,0,6,3.0,3.75,6,3,0,0,0,0,6,3.0,0.0,0,0,0,0,0,0,0,0,2.495947982999496,0.5
5f0466453acb53d17eee77ec763d9a98,1,reattempt,1,6,4.0,4.75,6,4,0,0,1,1.0,5,3.0,0.0,0,0,0,0,0,0,0,1.0,2.495947982999496,0.6666666666666666
5f0466453acb53d17eee77ec763d9a98,1,reattempt,2,6,4.0,4.75,5,4,0,0,2,2.0,4,2.0,0.0,0,0,1,819,2.100711811101064,0,1,1.0,2.495947982999496,0.6666666666666666
5f0466453acb53d17eee77ec763d9a98,1,individual_risk,0,6,3.0,3.75,6,3,0,0,0,0,6,3.0,0.0,0,0,0,0,0,0,0,0,0.0036290150601416826,0.5
5f0466453acb53d17eee77ec763d9a98,1,individual_risk,1,6,4.0,4.75,6,4,0,0,1,1.0,5,3.0,0.0,0,0,0,0,0,0,0,1.0,0.0036290150601416826,0.6666666666666666
5f0466453acb53d17eee77ec763d9a98,1,individual_risk,2,6,4.0,4.75,6,4,0,0,2,2.0,4,2.0,0.0,0,0,0,0,0,0,0,1.0,0.0036290150601416826,0.6666666666666666
5f0466453acb53d17eee77ec763d9a98,0,frozen_model,0,6,2.0,2.75,6,2,0,0,0,0,6,2.0,0.0,0,0,0,0,0,0,0,0,10.029325540992431,0.3333333333333333
5f0466453acb53d17eee77ec763d9a98,0,frozen_model,1,6,4.0,4.75,6,4,0,0,1,1.0,5,3.0,1.0,1,0,2,1906,4.744221484987065,0,1,1.0,10.029325540992431,0.6666666666666666
5f0466453acb53d17eee77ec763d9a98,0,frozen_model,2,6,4.0,4.0,6,4,0,0,2,2.0,4,2.0,1.0,1,0,4,3840,8.44361948594451,0,2,1.0,10.029325540992431,0.6666666666666666
5f0466453acb53d17eee77ec763d9a98,0,adaptive,3,6,5.0,5.0,6,5,0,0,3,3.0,3,2.0,1.0,1,0,4,3839,8.698377984925173,0,2,2.0,0.012720069964416325,0.8333333333333334
5f0466453acb53d17eee77ec763d9a98,0,fixed_audit,3,6,5.0,5.75,6,5,0,0,3,3.0,3,2.0,0.0,0,0,3,2940,7.264909180114046,0,2,2.0,0.007984095951542258,0.8333333333333334
5e5f8b76df669b1a32df3074c2c551be,0,individual,0,6,2.0,2.0,5,2,0,0,0,0,6,2.0,0.0,0,0,0,0,0,0,0,0,0.004867434035986662,0.3333333333333333
5e5f8b76df669b1a32df3074c2c551be,0,individual,1,6,3.0,3.0,5,3,0,0,1,1.0,5,2.0,0.0,0,0,0,0,0,0,0,1.0,0.004867434035986662,0.5
5e5f8b76df669b1a32df3074c2c551be,0,individual,2,6,4.0,4.0,6,4,0,0,2,2.0,4,2.0,0.0,0,0,0,0,0,0,0,2.0,0.004867434035986662,0.6666666666666666
5e5f8b76df669b1a32df3074c2c551be,0,memory,0,6,2.0,2.0,5,2,0,0,0,0,6,2.0,0.0,0,0,0,0,0,0,0,0,18.17643837502692,0.3333333333333333
5e5f8b76df669b1a32df3074c2c551be,0,memory,1,6,2.0,2.75,5,2,0,0,1,1.0,5,1.0,-1.0,0,1,5,4271,8.49878846493084,0,1,1.0,18.17643837502692,0.3333333333333333
5e5f8b76df669b1a32df3074c2c551be,0,memory,2,6,4.0,4.75,6,4,0,0,2,2.0,4,2.0,0.0,0,0,9,8015,14.980651151039638,0,2,2.0,18.17643837502692,0.6666666666666666
5e5f8b76df669b1a32df3074c2c551be,0,source_rule,0,6,2.0,2.0,5,2,0,0,0,0,6,2.0,0.0,0,0,0,0,0,0,0,0,2.422568488982506,0.3333333333333333
5e5f8b76df669b1a32df3074c2c551be,0,source_rule,1,6,3.0,3.0,5,3,0,0,1,1.0,5,2.0,0.0,0,0,1,876,1.9254100169055164,0,1,1.0,2.422568488982506,0.5
5e5f8b76df669b1a32df3074c2c551be,0,source_rule,2,6,4.0,4.0,6,4,0,0,2,2.0,4,2.0,0.0,0,0,1,876,1.9254100169055164,0,1,2.0,2.422568488982506,0.6666666666666666
5e5f8b76df669b1a32df3074c2c551be,0,fixed_audit,0,6,2.0,2.0,5,2,0,0,0,0,6,2.0,0.0,0,0,0,0,0,0,0,0,4.54472031397745,0.3333333333333333
5e5f8b76df669b1a32df3074c2c551be,0,fixed_audit,1,6,3.0,3.0,5,3,0,0,1,1.0,5,2.0,0.0,0,0,1,876,1.8271321770735085,0,1,1.0,4.54472031397745,0.5
5e5f8b76df669b1a32df3074c2c551be,0,fixed_audit,2,6,4.0,4.0,6,4,0,0,2,2.0,4,2.0,0.0,0,0,2,1815,3.4481748450780287,0,2,2.0,4.54472031397745,0.6666666666666666
5e5f8b76df669b1a32df3074c2c551be,0,adaptive,0,6,2.0,2.0,5,2,0,0,0,0,6,2.0,0.0,0,0,0,0,0,0,0,0,2.5282238021027297,0.3333333333333333
5e5f8b76df669b1a32df3074c2c551be,0,adaptive,1,6,3.0,3.0,5,3,0,0,1,1.0,5,2.0,0.0,0,0,1,876,2.243572019971907,0,1,1.0,2.5282238021027297,0.5
5e5f8b76df669b1a32df3074c2c551be,0,adaptive,2,6,4.0,4.0,5,4,0,0,2,2.0,4,2.0,0.0,0,0,1,876,2.243572019971907,0,1,2.0,2.5282238021027297,0.6666666666666666
5e5f8b76df669b1a32df3074c2c551be,0,reattempt,0,6,2.0,2.0,5,2,0,0,0,0,6,2.0,0.0,0,0,0,0,0,0,0,0,1.8547516969265416,0.3333333333333333
5e5f8b76df669b1a32df3074c2c551be,0,reattempt,1,6,3.0,3.0,5,3,0,0,1,1.0,5,2.0,0.0,0,0,1,752,1.5803421309683472,0,1,1.0,1.8547516969265416,0.5
5e5f8b76df669b1a32df3074c2c551be,0,reattempt,2,6,4.0,4.0,6,4,0,0,2,2.0,4,2.0,0.0,0,0,1,752,1.5803421309683472,0,1,2.0,1.8547516969265416,0.6666666666666666
5e5f8b76df669b1a32df3074c2c551be,0,individual_risk,0,6,2.0,2.0,5,2,0,0,0,0,6,2.0,0.0,0,0,0,0,0,0,0,0,0.007876951014623046,0.3333333333333333
5e5f8b76df669b1a32df3074c2c551be,0,individual_risk,1,6,3.0,3.0,5,3,0,0,1,1.0,5,2.0,0.0,0,0,0,0,0,0,0,1.0,0.007876951014623046,0.5
5e5f8b76df669b1a32df3074c2c551be,0,individual_risk,2,6,4.0,4.0,5,4,0,0,2,2.0,4,2.0,0.0,0,0,0,0,0,0,0,2.0,0.007876951014623046,0.6666666666666666
5e5f8b76df669b1a32df3074c2c551be,1,individual,0,6,3.0,3.5,6,3,0,0,0,0,6,3.0,0.0,0,0,0,0,0,0,0,0,0.004427916021086276,0.5
5e5f8b76df669b1a32df3074c2c551be,1,individual,1,6,3.0,3.5,6,3,0,0,1,1.0,5,2.0,0.0,0,0,0,0,0,0,0,0.0,0.004427916021086276,0.5
5e5f8b76df669b1a32df3074c2c551be,1,individual,2,6,3.0,3.5,6,3,0,0,2,2.0,4,1.0,0.0,0,0,0,0,0,0,0,0.0,0.004427916021086276,0.5
5e5f8b76df669b1a32df3074c2c551be,1,memory,0,6,3.0,3.5,6,3,0,0,0,0,6,3.0,0.0,0,0,0,0,0,0,0,0,18.257972888066433,0.5
5e5f8b76df669b1a32df3074c2c551be,1,memory,1,6,1.0,1.5,4,1,0,0,1,1.0,5,0.0,-2.0,0,2,5,4203,7.208663254976273,1,1,0.0,18.257972888066433,0.16666666666666666
5e5f8b76df669b1a32df3074c2c551be,1,memory,2,6,2.0,3.35,6,2,0,0,2,2.0,4,0.0,-1.0,0,1,9,7897,14.50975198193919,1,2,1.0,18.257972888066433,0.3333333333333333
5e5f8b76df669b1a32df3074c2c551be,1,source_rule,0,6,3.0,3.5,6,3,0,0,0,0,6,3.0,0.0,0,0,0,0,0,0,0,0,4.645013142959215,0.5
5e5f8b76df669b1a32df3074c2c551be,1,source_rule,1,6,2.0,2.5,5,2,0,0,1,1.0,5,1.0,-1.0,0,1,1,876,1.9400492849526927,0,1,0.0,4.645013142959215,0.3333333333333333
5e5f8b76df669b1a32df3074c2c551be,1,source_rule,2,6,2.0,2.5,6,2,0,0,2,2.0,4,0.0,-1.0,0,1,2,1799,3.556579510914162,0,2,1.0,4.645013142959215,0.3333333333333333
5e5f8b76df669b1a32df3074c2c551be,1,fixed_audit,0,6,3.0,3.5,6,3,0,0,0,0,6,3.0,0.0,0,0,0,0,0,0,0,0,14.488792576943524,0.5
5e5f8b76df669b1a32df3074c2c551be,1,fixed_audit,1,6,2.0,2.5,4,2,0,0,1,1.0,5,1.0,-1.0,0,1,3,2592,5.797618989017792,0,1,0.0,14.488792576943524,0.3333333333333333
5e5f8b76df669b1a32df3074c2c551be,1,fixed_audit,2,6,3.0,4.35,6,3,0,0,2,2.0,4,1.0,0.0,0,0,6,5363,10.615862554870546,0,2,1.0,14.488792576943524,0.5
5e5f8b76df669b1a32df3074c2c551be,1,adaptive,0,6,3.0,3.5,6,3,0,0,0,0,6,3.0,0.0,0,0,0,0,0,0,0,0,13.262561518931761,0.5
5e5f8b76df669b1a32df3074c2c551be,1,adaptive,1,6,2.0,2.5,4,2,0,0,1,1.0,5,1.0,-1.0,0,1,3,2592,5.322837029118091,0,1,0.0,13.262561518931761,0.3333333333333333
5e5f8b76df669b1a32df3074c2c551be,1,adaptive,2,6,3.0,4.35,6,3,0,0,2,2.0,4,1.0,0.0,0,0,6,5363,10.444039295078255,0,2,1.0,13.262561518931761,0.5
5e5f8b76df669b1a32df3074c2c551be,1,reattempt,0,6,3.0,3.5,6,3,0,0,0,0,6,3.0,0.0,0,0,0,0,0,0,0,0,3.9566939959768206,0.5
5e5f8b76df669b1a32df3074c2c551be,1,reattempt,1,6,2.0,2.5,5,2,0,0,1,1.0,5,1.0,-1.0,0,1,1,752,1.70743195398245,0,1,0.0,3.9566939959768206,0.3333333333333333
5e5f8b76df669b1a32df3074c2c551be,1,reattempt,2,6,3.0,3.5,6,3,0,0,2,2.0,4,1.0,0.0,0,0,2,1488,3.398716004914604,0,2,1.0,3.9566939959768206,0.5
5e5f8b76df669b1a32df3074c2c551be,1,individual_risk,0,6,3.0,3.5,6,3,0,0,0,0,6,3.0,0.0,0,0,0,0,0,0,0,0,0.004173294990323484,0.5
5e5f8b76df669b1a32df3074c2c551be,1,individual_risk,1,6,3.0,3.5,6,3,0,0,1,1.0,5,2.0,0.0,0,0,0,0,0,0,0,0.0,0.004173294990323484,0.5
5e5f8b76df669b1a32df3074c2c551be,1,individual_risk,2,6,4.0,4.5,6,4,0,0,2,2.0,4,2.0,0.0,0,0,0,0,0,0,0,1.0,0.004173294990323484,0.6666666666666666
5e5f8b76df669b1a32df3074c2c551be,0,frozen_model,0,6,2.0,2.0,5,2,0,0,0,0,6,2.0,0.0,0,0,0,0,0,0,0,0,2.1954661479685456,0.3333333333333333
5e5f8b76df669b1a32df3074c2c551be,0,frozen_model,1,6,3.0,3.0,5,3,0,0,1,1.0,5,2.0,0.0,0,0,1,876,1.8571379310451448,0,1,1.0,2.1954661479685456,0.5
5e5f8b76df669b1a32df3074c2c551be,0,frozen_model,2,6,4.0,4.0,5,4,0,0,2,2.0,4,2.0,0.0,0,0,1,876,1.8571379310451448,0,1,2.0,2.1954661479685456,0.6666666666666666
5e5f8b76df669b1a32df3074c2c551be,0,adaptive,3,6,5.0,5.0,5,5,0,0,3,3.0,3,2.0,0.0,0,0,1,876,2.243572019971907,0,1,3.0,0.005951013998128474,0.8333333333333334
5e5f8b76df669b1a32df3074c2c551be,0,fixed_audit,3,6,5.0,5.0,6,5,0,0,3,3.0,3,2.0,0.0,0,0,2,1815,3.4481748450780287,0,2,3.0,0.006991197937168181,0.8333333333333334
eb68753385d270d4b17f5b370691851a,0,individual,0,6,2.0,2.86,6,2,0,0,0,0,6,2.0,0.0,0,0,0,0,0,0,0,0,0.0037051269318908453,0.3333333333333333
eb68753385d270d4b17f5b370691851a,0,individual,1,6,2.0,2.86,6,2,0,0,1,1.0,5,1.0,0.0,0,0,0,0,0,0,0,0.0,0.0037051269318908453,0.3333333333333333
eb68753385d270d4b17f5b370691851a,0,individual,2,6,3.0,3.86,6,3,0,0,2,2.0,4,1.0,0.0,0,0,0,0,0,0,0,1.0,0.0037051269318908453,0.5
eb68753385d270d4b17f5b370691851a,0,memory,0,6,2.0,2.86,6,2,0,0,0,0,6,2.0,0.0,0,0,0,0,0,0,0,0,20.367223501903936,0.3333333333333333
eb68753385d270d4b17f5b370691851a,0,memory,1,6,1.0,1.8,6,1,0,0,1,1.0,5,0.0,-1.0,0,1,5,6630,8.508985229884274,0,1,0.0,20.367223501903936,0.16666666666666666
eb68753385d270d4b17f5b370691851a,0,memory,2,6,4.0,4.27,6,4,0,0,2,2.0,4,2.0,1.0,1,0,9,12295,16.288111155852675,0,2,1.0,20.367223501903936,0.6666666666666666
eb68753385d270d4b17f5b370691851a,0,source_rule,0,6,2.0,2.86,6,2,0,0,0,0,6,2.0,0.0,0,0,0,0,0,0,0,0,7.1644810100551695,0.3333333333333333
eb68753385d270d4b17f5b370691851a,0,source_rule,1,6,2.0,2.86,6,2,0,0,1,1.0,5,1.0,0.0,0,0,2,2682,3.774393246974796,0,1,0.0,7.1644810100551695,0.3333333333333333
eb68753385d270d4b17f5b370691851a,0,source_rule,2,6,3.0,3.86,6,3,0,0,2,2.0,4,1.0,0.0,0,0,3,4117,6.011090063955635,0,2,1.0,7.1644810100551695,0.5
eb68753385d270d4b17f5b370691851a,0,fixed_audit,0,6,2.0,2.86,6,2,0,0,0,0,6,2.0,0.0,0,0,0,0,0,0,0,0,11.689195821993053,0.3333333333333333
eb68753385d270d4b17f5b370691851a,0,fixed_audit,1,6,1.0,1.8599999999999999,6,1,0,0,1,1.0,5,0.0,-1.0,0,1,3,3997,5.480808015912771,0,1,0.0,11.689195821993053,0.16666666666666666
eb68753385d270d4b17f5b370691851a,0,fixed_audit,2,6,3.0,3.86,6,3,0,0,2,2.0,4,1.0,0.0,1,1,5,6838,9.534614078816958,0,2,1.0,11.689195821993053,0.5
eb68753385d270d4b17f5b370691851a,0,adaptive,0,6,2.0,2.86,6,2,0,0,0,0,6,2.0,0.0,0,0,0,0,0,0,0,0,11.143438759027049,0.3333333333333333
eb68753385d270d4b17f5b370691851a,0,adaptive,1,6,1.0,1.8599999999999999,6,1,0,0,1,1.0,5,0.0,-1.0,0,1,3,3997,5.44868615292944,0,1,0.0,11.143438759027049,0.16666666666666666
eb68753385d270d4b17f5b370691851a,0,adaptive,2,6,3.0,3.86,6,3,0,0,2,2.0,4,1.0,0.0,0,0,5,6793,9.090381662012078,0,2,1.0,11.143438759027049,0.5
eb68753385d270d4b17f5b370691851a,0,reattempt,0,6,2.0,2.86,6,2,0,0,0,0,6,2.0,0.0,0,0,0,0,0,0,0,0,7.756532941013575,0.3333333333333333
eb68753385d270d4b17f5b370691851a,0,reattempt,1,6,2.0,2.86,5,2,0,0,1,1.0,5,1.0,0.0,0,0,2,2486,4.436926795984618,0,1,0.0,7.756532941013575,0.3333333333333333
eb68753385d270d4b17f5b370691851a,0,reattempt,2,6,3.0,3.86,6,3,0,0,2,2.0,4,1.0,0.0,0,0,3,3744,6.821786717977375,0,2,1.0,7.756532941013575,0.5
eb68753385d270d4b17f5b370691851a,0,individual_risk,0,6,2.0,2.86,6,2,0,0,0,0,6,2.0,0.0,0,0,0,0,0,0,0,0,0.0038362250197678804,0.3333333333333333
eb68753385d270d4b17f5b370691851a,0,individual_risk,1,6,2.0,2.86,6,2,0,0,1,1.0,5,1.0,0.0,0,0,0,0,0,0,0,0.0,0.0038362250197678804,0.3333333333333333
eb68753385d270d4b17f5b370691851a,0,individual_risk,2,6,3.0,3.86,6,3,0,0,2,2.0,4,1.0,0.0,0,0,0,0,0,0,0,1.0,0.0038362250197678804,0.5
eb68753385d270d4b17f5b370691851a,1,individual,0,6,4.0,4.0,6,4,0,0,0,0,6,4.0,0.0,0,0,0,0,0,0,0,0,0.005053277011029422,0.6666666666666666
eb68753385d270d4b17f5b370691851a,1,individual,1,6,4.0,4.0,6,4,0,0,1,1.0,5,3.0,0.0,0,0,0,0,0,0,0,0.0,0.005053277011029422,0.6666666666666666
eb68753385d270d4b17f5b370691851a,1,individual,2,6,4.0,4.0,6,4,0,0,2,2.0,4,2.0,0.0,0,0,0,0,0,0,0,0.0,0.005053277011029422,0.6666666666666666
eb68753385d270d4b17f5b370691851a,1,memory,0,6,4.0,4.0,6,4,0,0,0,0,6,4.0,0.0,0,0,0,0,0,0,0,0,23.553110413020477,0.6666666666666666
eb68753385d270d4b17f5b370691851a,1,memory,1,6,2.0,2.8,6,2,0,0,1,1.0,5,1.0,-2.0,0,2,5,6708,11.317166829947382,0,1,0.0,23.553110413020477,0.3333333333333333
eb68753385d270d4b17f5b370691851a,1,memory,2,6,3.0,3.27,6,3,0,0,2,2.0,4,1.0,-1.0,0,1,9,12400,19.723167646909133,0,2,1.0,23.553110413020477,0.5
eb68753385d270d4b17f5b370691851a,1,source_rule,0,6,4.0,4.0,6,4,0,0,0,0,6,4.0,0.0,0,0,0,0,0,0,0,0,7.1584460199810565,0.6666666666666666
eb68753385d270d4b17f5b370691851a,1,source_rule,1,6,3.0,3.0,6,3,0,0,1,1.0,5,2.0,-1.0,0,1,2,2701,3.9180185130098835,0,1,0.0,7.1584460199810565,0.5
eb68753385d270d4b17f5b370691851a,1,source_rule,2,6,4.0,4.0,6,4,0,0,2,2.0,4,2.0,0.0,0,0,3,4135,5.855061908951029,0,2,1.0,7.1584460199810565,0.6666666666666666
eb68753385d270d4b17f5b370691851a,1,fixed_audit,0,6,4.0,4.0,6,4,0,0,0,0,6,4.0,0.0,0,0,0,0,0,0,0,0,15.108535693027079,0.6666666666666666
eb68753385d270d4b17f5b370691851a,1,fixed_audit,1,6,3.0,3.0,6,3,0,0,1,1.0,5,2.0,-1.0,0,1,3,4035,5.966595130041242,0,1,0.0,15.108535693027079,0.5
eb68753385d270d4b17f5b370691851a,1,fixed_audit,2,6,3.0,3.27,6,3,0,0,2,2.0,4,1.0,-1.0,0,1,6,8327,12.252857248997316,0,2,1.0,15.108535693027079,0.5
eb68753385d270d4b17f5b370691851a,1,adaptive,0,6,4.0,4.0,6,4,0,0,0,0,6,4.0,0.0,0,0,0,0,0,0,0,0,12.242993646999821,0.6666666666666666
eb68753385d270d4b17f5b370691851a,1,adaptive,1,6,3.0,3.0,6,3,0,0,1,1.0,5,2.0,-1.0,0,1,3,4035,5.941161439055577,0,1,0.0,12.242993646999821,0.5
eb68753385d270d4b17f5b370691851a,1,adaptive,2,6,4.0,4.0,6,4,0,0,2,2.0,4,2.0,-1.0,0,1,5,6842,10.186364715103991,0,2,1.0,12.242993646999821,0.6666666666666666
eb68753385d270d4b17f5b370691851a,1,reattempt,0,6,4.0,4.0,6,4,0,0,0,0,6,4.0,0.0,0,0,0,0,0,0,0,0,5.83844467101153,0.6666666666666666
eb68753385d270d4b17f5b370691851a,1,reattempt,1,6,3.0,3.0,6,3,0,0,1,1.0,5,2.0,-1.0,0,1,2,2420,3.1056618390139192,0,1,0.0,5.83844467101153,0.5
eb68753385d270d4b17f5b370691851a,1,reattempt,2,6,4.0,4.0,6,4,0,0,2,2.0,4,2.0,0.0,0,0,3,3626,4.916219016071409,0,2,1.0,5.83844467101153,0.6666666666666666
eb68753385d270d4b17f5b370691851a,1,individual_risk,0,6,4.0,4.0,6,4,0,0,0,0,6,4.0,0.0,0,0,0,0,0,0,0,0,0.0040107559179887176,0.6666666666666666
eb68753385d270d4b17f5b370691851a,1,individual_risk,1,6,4.0,4.0,6,4,0,0,1,1.0,5,3.0,0.0,0,0,0,0,0,0,0,0.0,0.0040107559179887176,0.6666666666666666
eb68753385d270d4b17f5b370691851a,1,individual_risk,2,6,4.0,4.0,6,4,0,0,2,2.0,4,2.0,0.0,0,0,0,0,0,0,0,0.0,0.0040107559179887176,0.6666666666666666
eb68753385d270d4b17f5b370691851a,0,frozen_model,0,6,2.0,2.86,6,2,0,0,0,0,6,2.0,0.0,0,0,0,0,0,0,0,0,11.11383887694683,0.3333333333333333
eb68753385d270d4b17f5b370691851a,0,frozen_model,1,6,1.0,1.8599999999999999,6,1,0,0,1,1.0,5,0.0,-1.0,0,1,3,3997,5.412400315050036,0,1,0.0,11.11383887694683,0.16666666666666666
eb68753385d270d4b17f5b370691851a,0,frozen_model,2,6,3.0,3.86,6,3,0,0,2,2.0,4,1.0,0.0,0,0,5,6793,9.245953174890019,0,2,1.0,11.11383887694683,0.5
eb68753385d270d4b17f5b370691851a,0,adaptive,3,6,4.0,4.0,6,4,0,0,3,3.0,3,1.0,0.0,0,0,5,6793,9.090381662012078,0,2,2.0,0.007098403992131352,0.6666666666666666
eb68753385d270d4b17f5b370691851a,0,fixed_audit,3,6,4.0,4.859999999999999,6,4,0,0,3,3.0,3,1.0,0.0,1,1,5,6838,9.534614078816958,0,2,2.0,0.007895941031165421,0.6666666666666666
dbab56c6c9ced463d8eb498d67c8bc9c,0,individual,0,6,0.0,0.0,2,0,0,1,0,0,6,0.0,0.0,0,0,0,0,0,0,0,0,0.003943897900171578,0.0
dbab56c6c9ced463d8eb498d67c8bc9c,0,individual,1,6,1.0,1.0,3,1,0,1,1,1.0,5,0.0,0.0,0,0,0,0,0,0,0,1.0,0.003943897900171578,0.16666666666666666
dbab56c6c9ced463d8eb498d67c8bc9c,0,individual,2,6,2.0,2.0,4,2,0,1,2,2.0,4,0.0,0.0,0,0,0,0,0,0,0,2.0,0.003943897900171578,0.3333333333333333
dbab56c6c9ced463d8eb498d67c8bc9c,0,memory,0,6,0.0,0.0,2,0,0,1,0,0,6,0.0,0.0,0,0,0,0,0,0,0,0,18.932832323014736,0.0
dbab56c6c9ced463d8eb498d67c8bc9c,0,memory,1,6,1.0,1.4,3,1,0,1,1,1.0,5,0.0,0.0,0,0,5,5443,8.496677596005611,1,1,1.0,18.932832323014736,0.16666666666666666
dbab56c6c9ced463d8eb498d67c8bc9c,0,memory,2,6,2.0,2.4,4,2,0,1,2,2.0,4,0.0,0.0,0,0,9,10134,15.508875590050593,2,2,2.0,18.932832323014736,0.3333333333333333
dbab56c6c9ced463d8eb498d67c8bc9c,0,source_rule,0,6,0.0,0.0,2,0,0,1,0,0,6,0.0,0.0,0,0,0,0,0,0,0,0,12.685023575089872,0.0
dbab56c6c9ced463d8eb498d67c8bc9c,0,source_rule,1,6,1.0,1.0,3,1,0,1,1,1.0,5,0.0,0.0,0,0,3,3265,5.146964212064631,0,1,1.0,12.685023575089872,0.16666666666666666
dbab56c6c9ced463d8eb498d67c8bc9c,0,source_rule,2,6,2.0,2.4,4,2,0,1,2,2.0,4,0.0,0.0,0,0,6,6806,10.29723440296948,0,2,2.0,12.685023575089872,0.3333333333333333
dbab56c6c9ced463d8eb498d67c8bc9c,0,fixed_audit,0,6,0.0,0.0,2,0,0,1,0,0,6,0.0,0.0,0,0,0,0,0,0,0,0,12.516658233944327,0.0
dbab56c6c9ced463d8eb498d67c8bc9c,0,fixed_audit,1,6,1.0,1.4,3,1,0,1,1,1.0,5,0.0,0.0,0,0,3,3301,5.697353174095042,0,1,1.0,12.516658233944327,0.16666666666666666
dbab56c6c9ced463d8eb498d67c8bc9c,0,fixed_audit,2,6,2.0,2.4,4,2,0,1,2,2.0,4,0.0,0.0,0,0,6,6842,10.833319802186452,0,2,2.0,12.516658233944327,0.3333333333333333
dbab56c6c9ced463d8eb498d67c8bc9c,0,adaptive,0,6,0.0,0.0,2,0,0,1,0,0,6,0.0,0.0,0,0,0,0,0,0,0,0,16.98575987503864,0.0
dbab56c6c9ced463d8eb498d67c8bc9c,0,adaptive,1,6,1.0,1.4,3,1,0,1,1,1.0,5,0.0,0.0,0,0,3,3301,6.002982608042657,0,1,1.0,16.98575987503864,0.16666666666666666
dbab56c6c9ced463d8eb498d67c8bc9c,0,adaptive,2,6,2.0,2.4,4,2,0,1,2,2.0,4,0.0,0.0,0,0,6,6868,14.669313358026557,0,2,2.0,16.98575987503864,0.3333333333333333
dbab56c6c9ced463d8eb498d67c8bc9c,0,reattempt,0,6,0.0,0.0,2,0,0,1,0,0,6,0.0,0.0,0,0,0,0,0,0,0,0,12.763805610011332,0.0
dbab56c6c9ced463d8eb498d67c8bc9c,0,reattempt,1,6,1.0,1.0,3,1,0,1,1,1.0,5,0.0,0.0,0,0,3,2780,6.083834248944186,0,1,1.0,12.763805610011332,0.16666666666666666
dbab56c6c9ced463d8eb498d67c8bc9c,0,reattempt,2,6,2.0,2.4,4,2,0,1,2,2.0,4,0.0,0.0,0,0,6,5510,10.833294383948669,0,2,2.0,12.763805610011332,0.3333333333333333
dbab56c6c9ced463d8eb498d67c8bc9c,0,individual_risk,0,6,0.0,0.0,2,0,0,1,0,0,6,0.0,0.0,0,0,0,0,0,0,0,0,0.003740066080354154,0.0
dbab56c6c9ced463d8eb498d67c8bc9c,0,individual_risk,1,6,1.0,1.0,2,1,0,0,1,1.0,5,0.0,0.0,0,0,0,0,0,0,0,1.0,0.003740066080354154,0.16666666666666666
dbab56c6c9ced463d8eb498d67c8bc9c,0,individual_risk,2,6,2.0,2.0,3,2,0,0,2,2.0,4,0.0,0.0,0,0,0,0,0,0,0,2.0,0.003740066080354154,0.3333333333333333
dbab56c6c9ced463d8eb498d67c8bc9c,1,individual,0,6,0.0,0.4,2,0,0,0,0,0,6,0.0,0.0,0,0,0,0,0,0,0,0,0.007716304040513933,0.0
dbab56c6c9ced463d8eb498d67c8bc9c,1,individual,1,6,1.0,1.4,3,1,0,0,1,1.0,5,0.0,0.0,0,0,0,0,0,0,0,1.0,0.007716304040513933,0.16666666666666666
dbab56c6c9ced463d8eb498d67c8bc9c,1,individual,2,6,2.0,2.4,4,2,0,0,2,2.0,4,0.0,0.0,0,0,0,0,0,0,0,2.0,0.007716304040513933,0.3333333333333333
dbab56c6c9ced463d8eb498d67c8bc9c,1,memory,0,6,0.0,0.4,2,0,0,0,0,0,6,0.0,0.0,0,0,0,0,0,0,0,0,18.430293153971434,0.0
dbab56c6c9ced463d8eb498d67c8bc9c,1,memory,1,6,1.0,1.4,3,1,0,0,1,1.0,5,0.0,0.0,0,0,5,5437,8.334854126092978,1,1,1.0,18.430293153971434,0.16666666666666666
dbab56c6c9ced463d8eb498d67c8bc9c,1,memory,2,6,2.0,2.4,4,2,0,0,2,2.0,4,0.0,0.0,0,0,9,10112,15.30766388203483,1,2,2.0,18.430293153971434,0.3333333333333333
dbab56c6c9ced463d8eb498d67c8bc9c,1,source_rule,0,6,0.0,0.4,2,0,0,0,0,0,6,0.0,0.0,0,0,0,0,0,0,0,0,11.564746626885608,0.0
dbab56c6c9ced463d8eb498d67c8bc9c,1,source_rule,1,6,1.0,1.4,3,1,0,0,1,1.0,5,0.0,0.0,0,0,3,3297,5.964708155952394,0,1,1.0,11.564746626885608,0.16666666666666666
dbab56c6c9ced463d8eb498d67c8bc9c,1,source_rule,2,6,2.0,2.4,4,2,0,0,2,2.0,4,0.0,0.0,0,0,5,5656,9.696604858967476,0,2,2.0,11.564746626885608,0.3333333333333333
dbab56c6c9ced463d8eb498d67c8bc9c,1,fixed_audit,0,6,0.0,0.4,2,0,0,0,0,0,6,0.0,0.0,0,0,0,0,0,0,0,0,12.78815101692453,0.0
dbab56c6c9ced463d8eb498d67c8bc9c,1,fixed_audit,1,6,1.0,1.4,3,1,0,0,1,1.0,5,0.0,0.0,0,0,3,3297,6.263830893090926,0,1,1.0,12.78815101692453,0.16666666666666666
dbab56c6c9ced463d8eb498d67c8bc9c,1,fixed_audit,2,6,2.0,2.4,4,2,0,0,2,2.0,4,0.0,0.0,0,0,6,6801,10.960570538183674,0,2,2.0,12.78815101692453,0.3333333333333333
dbab56c6c9ced463d8eb498d67c8bc9c,1,adaptive,0,6,0.0,0.4,2,0,0,0,0,0,6,0.0,0.0,0,0,0,0,0,0,0,0,6.726390218944289,0.0
dbab56c6c9ced463d8eb498d67c8bc9c,1,adaptive,1,6,1.0,1.4,3,1,0,0,1,1.0,5,0.0,0.0,0,0,3,3297,5.887273445958272,0,1,1.0,6.726390218944289,0.16666666666666666
dbab56c6c9ced463d8eb498d67c8bc9c,1,adaptive,2,6,2.0,2.0,3,2,0,0,2,2.0,4,0.0,0.0,0,0,3,3297,5.887273445958272,0,1,2.0,6.726390218944289,0.3333333333333333
dbab56c6c9ced463d8eb498d67c8bc9c,1,reattempt,0,6,0.0,0.4,2,0,0,0,0,0,6,0.0,0.0,0,0,0,0,0,0,0,0,9.954822802101262,0.0
dbab56c6c9ced463d8eb498d67c8bc9c,1,reattempt,1,6,1.0,1.4,3,1,0,0,1,1.0,5,0.0,0.0,0,0,3,2774,5.271169955842197,0,1,1.0,9.954822802101262,0.16666666666666666
dbab56c6c9ced463d8eb498d67c8bc9c,1,reattempt,2,6,2.0,2.4,4,2,0,0,2,2.0,4,0.0,0.0,0,0,5,4595,8.549613567767665,0,2,2.0,9.954822802101262,0.3333333333333333
dbab56c6c9ced463d8eb498d67c8bc9c,1,individual_risk,0,6,0.0,0.4,2,0,0,0,0,0,6,0.0,0.0,0,0,0,0,0,0,0,0,0.007782244007103145,0.0
dbab56c6c9ced463d8eb498d67c8bc9c,1,individual_risk,1,6,1.0,1.4,3,1,0,0,1,1.0,5,0.0,0.0,0,0,0,0,0,0,0,1.0,0.007782244007103145,0.16666666666666666
dbab56c6c9ced463d8eb498d67c8bc9c,1,individual_risk,2,6,2.0,2.4,4,2,0,0,2,2.0,4,0.0,0.0,0,0,0,0,0,0,0,2.0,0.007782244007103145,0.3333333333333333
dbab56c6c9ced463d8eb498d67c8bc9c,0,frozen_model,0,6,0.0,0.0,2,0,0,1,0,0,6,0.0,0.0,0,0,0,0,0,0,0,0,17.770182549022138,0.0
dbab56c6c9ced463d8eb498d67c8bc9c,0,frozen_model,1,6,1.0,1.4,3,1,0,1,1,1.0,5,0.0,0.0,0,0,3,3301,5.75999627285637,0,1,1.0,17.770182549022138,0.16666666666666666
dbab56c6c9ced463d8eb498d67c8bc9c,0,frozen_model,2,6,2.0,2.4,4,2,0,1,2,2.0,4,0.0,0.0,0,0,6,6880,13.945927242632024,0,2,2.0,17.770182549022138,0.3333333333333333
f4e5e687e6185cabde6d70a4d37f729f,0,individual,0,6,2.0,2.0,5,2,0,0,0,0,6,2.0,0.0,0,0,0,0,0,0,0,0,0.003796190954744816,0.3333333333333333
f4e5e687e6185cabde6d70a4d37f729f,0,individual,1,6,3.0,3.0,6,3,0,0,1,1.0,5,2.0,0.0,0,0,0,0,0,0,0,1.0,0.003796190954744816,0.5
f4e5e687e6185cabde6d70a4d37f729f,0,individual,2,6,4.0,4.0,6,4,0,0,2,2.0,4,2.0,0.0,0,0,0,0,0,0,0,2.0,0.003796190954744816,0.6666666666666666
f4e5e687e6185cabde6d70a4d37f729f,0,memory,0,6,2.0,2.0,5,2,0,0,0,0,6,2.0,0.0,0,0,0,0,0,0,0,0,25.070356098935008,0.3333333333333333
f4e5e687e6185cabde6d70a4d37f729f,0,memory,1,6,4.0,4.0,6,4,0,0,1,1.0,5,3.0,1.0,1,0,5,7142,12.452604835969396,0,1,1.0,25.070356098935008,0.6666666666666666
f4e5e687e6185cabde6d70a4d37f729f,0,memory,2,6,4.0,4.0,5,4,0,0,2,2.0,4,2.0,0.0,1,1,9,13277,21.15607714280486,0,2,2.0,25.070356098935008,0.6666666666666666
f4e5e687e6185cabde6d70a4d37f729f,0,source_rule,0,6,2.0,2.0,5,2,0,0,0,0,6,2.0,0.0,0,0,0,0,0,0,0,0,0.004027926013804972,0.3333333333333333
f4e5e687e6185cabde6d70a4d37f729f,0,source_rule,1,6,3.0,3.0,6,3,0,0,1,1.0,5,2.0,0.0,0,0,0,0,0,0,0,1.0,0.004027926013804972,0.5
f4e5e687e6185cabde6d70a4d37f729f,0,source_rule,2,6,4.0,4.0,6,4,0,0,2,2.0,4,2.0,0.0,0,0,0,0,0,0,0,2.0,0.004027926013804972,0.6666666666666666
f4e5e687e6185cabde6d70a4d37f729f,0,fixed_audit,0,6,2.0,2.0,5,2,0,0,0,0,6,2.0,0.0,0,0,0,0,0,0,0,0,0.004241148009896278,0.3333333333333333
f4e5e687e6185cabde6d70a4d37f729f,0,fixed_audit,1,6,3.0,3.0,6,3,0,0,1,1.0,5,2.0,0.0,0,0,0,0,0,0,0,1.0,0.004241148009896278,0.5
f4e5e687e6185cabde6d70a4d37f729f,0,fixed_audit,2,6,4.0,4.0,6,4,0,0,2,2.0,4,2.0,0.0,0,0,0,0,0,0,0,2.0,0.004241148009896278,0.6666666666666666
f4e5e687e6185cabde6d70a4d37f729f,0,adaptive,0,6,2.0,2.0,5,2,0,0,0,0,6,2.0,0.0,0,0,0,0,0,0,0,0,4.93761824304238,0.3333333333333333
f4e5e687e6185cabde6d70a4d37f729f,0,adaptive,1,6,3.0,3.0,6,3,0,0,1,1.0,5,2.0,0.0,0,0,0,0,0,0,0,1.0,4.93761824304238,0.5
f4e5e687e6185cabde6d70a4d37f729f,0,adaptive,2,6,3.0,3.0,5,3,0,0,2,2.0,4,1.0,-1.0,0,1,2,2992,4.2867310219444335,0,1,2.0,4.93761824304238,0.5
f4e5e687e6185cabde6d70a4d37f729f,0,reattempt,0,6,2.0,2.0,5,2,0,0,0,0,6,2.0,0.0,0,0,0,0,0,0,0,0,0.004260911955498159,0.3333333333333333
f4e5e687e6185cabde6d70a4d37f729f,0,reattempt,1,6,3.0,3.0,6,3,0,0,1,1.0,5,2.0,0.0,0,0,0,0,0,0,0,1.0,0.004260911955498159,0.5
f4e5e687e6185cabde6d70a4d37f729f,0,reattempt,2,6,4.0,4.0,6,4,0,0,2,2.0,4,2.0,0.0,0,0,0,0,0,0,0,2.0,0.004260911955498159,0.6666666666666666
f4e5e687e6185cabde6d70a4d37f729f,0,individual_risk,0,6,2.0,2.0,5,2,0,0,0,0,6,2.0,0.0,0,0,0,0,0,0,0,0,0.00400850095320493,0.3333333333333333
f4e5e687e6185cabde6d70a4d37f729f,0,individual_risk,1,6,3.0,3.0,6,3,0,0,1,1.0,5,2.0,0.0,0,0,0,0,0,0,0,1.0,0.00400850095320493,0.5
f4e5e687e6185cabde6d70a4d37f729f,0,individual_risk,2,6,4.0,4.0,6,4,0,0,2,2.0,4,2.0,0.0,0,0,0,0,0,0,0,2.0,0.00400850095320493,0.6666666666666666
f4e5e687e6185cabde6d70a4d37f729f,1,individual,0,6,2.0,2.0,5,2,0,0,0,0,6,2.0,0.0,0,0,0,0,0,0,0,0,0.0036558789433911443,0.3333333333333333
f4e5e687e6185cabde6d70a4d37f729f,1,individual,1,6,3.0,3.0,6,3,0,0,1,1.0,5,2.0,0.0,0,0,0,0,0,0,0,1.0,0.0036558789433911443,0.5
f4e5e687e6185cabde6d70a4d37f729f,1,individual,2,6,4.0,4.0,6,4,0,0,2,2.0,4,2.0,0.0,0,0,0,0,0,0,0,2.0,0.0036558789433911443,0.6666666666666666
f4e5e687e6185cabde6d70a4d37f729f,1,memory,0,6,2.0,2.0,5,2,0,0,0,0,6,2.0,0.0,0,0,0,0,0,0,0,0,23.753880470059812,0.3333333333333333
f4e5e687e6185cabde6d70a4d37f729f,1,memory,1,6,3.0,3.0,6,3,0,0,1,1.0,5,2.0,0.0,1,1,5,7168,11.76215394306928,0,1,1.0,23.753880470059812,0.5
f4e5e687e6185cabde6d70a4d37f729f,1,memory,2,6,4.0,4.0,5,4,0,0,2,2.0,4,2.0,0.0,1,1,9,13330,20.87822529603727,0,2,2.0,23.753880470059812,0.6666666666666666
f4e5e687e6185cabde6d70a4d37f729f,1,source_rule,0,6,2.0,2.0,5,2,0,0,0,0,6,2.0,0.0,0,0,0,0,0,0,0,0,0.003952307975850999,0.3333333333333333
f4e5e687e6185cabde6d70a4d37f729f,1,source_rule,1,6,3.0,3.0,6,3,0,0,1,1.0,5,2.0,0.0,0,0,0,0,0,0,0,1.0,0.003952307975850999,0.5
f4e5e687e6185cabde6d70a4d37f729f,1,source_rule,2,6,4.0,4.0,6,4,0,0,2,2.0,4,2.0,0.0,0,0,0,0,0,0,0,2.0,0.003952307975850999,0.6666666666666666
f4e5e687e6185cabde6d70a4d37f729f,1,fixed_audit,0,6,2.0,2.0,5,2,0,0,0,0,6,2.0,0.0,0,0,0,0,0,0,0,0,0.0038354420103132725,0.3333333333333333
f4e5e687e6185cabde6d70a4d37f729f,1,fixed_audit,1,6,3.0,3.0,6,3,0,0,1,1.0,5,2.0,0.0,0,0,0,0,0,0,0,1.0,0.0038354420103132725,0.5
f4e5e687e6185cabde6d70a4d37f729f,1,fixed_audit,2,6,4.0,4.0,6,4,0,0,2,2.0,4,2.0,0.0,0,0,0,0,0,0,0,2.0,0.0038354420103132725,0.6666666666666666
f4e5e687e6185cabde6d70a4d37f729f,1,adaptive,0,6,2.0,2.0,5,2,0,0,0,0,6,2.0,0.0,0,0,0,0,0,0,0,0,4.929288074024953,0.3333333333333333
f4e5e687e6185cabde6d70a4d37f729f,1,adaptive,1,6,3.0,3.0,6,3,0,0,1,1.0,5,2.0,0.0,0,0,0,0,0,0,0,1.0,4.929288074024953,0.5
f4e5e687e6185cabde6d70a4d37f729f,1,adaptive,2,6,3.0,3.0,5,3,0,0,2,2.0,4,1.0,-1.0,0,1,2,2997,4.277067126939073,0,1,2.0,4.929288074024953,0.5
f4e5e687e6185cabde6d70a4d37f729f,1,reattempt,0,6,2.0,2.0,5,2,0,0,0,0,6,2.0,0.0,0,0,0,0,0,0,0,0,0.003926692996174097,0.3333333333333333
f4e5e687e6185cabde6d70a4d37f729f,1,reattempt,1,6,3.0,3.0,6,3,0,0,1,1.0,5,2.0,0.0,0,0,0,0,0,0,0,1.0,0.003926692996174097,0.5
f4e5e687e6185cabde6d70a4d37f729f,1,reattempt,2,6,4.0,4.0,6,4,0,0,2,2.0,4,2.0,0.0,0,0,0,0,0,0,0,2.0,0.003926692996174097,0.6666666666666666
f4e5e687e6185cabde6d70a4d37f729f,1,individual_risk,0,6,2.0,2.0,5,2,0,0,0,0,6,2.0,0.0,0,0,0,0,0,0,0,0,0.003915426088497043,0.3333333333333333
f4e5e687e6185cabde6d70a4d37f729f,1,individual_risk,1,6,3.0,3.0,6,3,0,0,1,1.0,5,2.0,0.0,0,0,0,0,0,0,0,1.0,0.003915426088497043,0.5
f4e5e687e6185cabde6d70a4d37f729f,1,individual_risk,2,6,4.0,4.0,6,4,0,0,2,2.0,4,2.0,0.0,0,0,0,0,0,0,0,2.0,0.003915426088497043,0.6666666666666666
f4e5e687e6185cabde6d70a4d37f729f,0,frozen_model,0,6,2.0,2.0,5,2,0,0,0,0,6,2.0,0.0,0,0,0,0,0,0,0,0,4.592121295980178,0.3333333333333333
f4e5e687e6185cabde6d70a4d37f729f,0,frozen_model,1,6,3.0,3.0,6,3,0,0,1,1.0,5,2.0,0.0,0,0,0,0,0,0,0,1.0,4.592121295980178,0.5
f4e5e687e6185cabde6d70a4d37f729f,0,frozen_model,2,6,3.0,3.0,5,3,0,0,2,2.0,4,1.0,-1.0,0,1,2,2988,4.023755898931995,0,1,2.0,4.592121295980178,0.5
db8d48c3fd57f4b9d317ed95b3a5b496,0,individual,0,6,2.0,2.44,5,2,0,0,0,0,6,2.0,0.0,0,0,0,0,0,0,0,0,0.003502257983200252,0.3333333333333333
db8d48c3fd57f4b9d317ed95b3a5b496,0,individual,1,6,2.0,2.44,5,2,0,0,1,1.0,5,1.0,0.0,0,0,0,0,0,0,0,0.0,0.003502257983200252,0.3333333333333333
db8d48c3fd57f4b9d317ed95b3a5b496,0,individual,2,6,3.0,3.44,5,3,0,0,2,2.0,4,1.0,0.0,0,0,0,0,0,0,0,1.0,0.003502257983200252,0.5
db8d48c3fd57f4b9d317ed95b3a5b496,0,memory,0,6,2.0,2.44,5,2,0,0,0,0,6,2.0,0.0,0,0,0,0,0,0,0,0,21.550176934106275,0.3333333333333333
db8d48c3fd57f4b9d317ed95b3a5b496,0,memory,1,6,2.0,2.1100000000000003,6,2,0,0,1,1.0,5,1.0,0.0,0,0,5,4107,9.746717355097644,1,1,0.0,21.550176934106275,0.3333333333333333
db8d48c3fd57f4b9d317ed95b3a5b496,0,memory,2,6,3.0,3.57,6,3,0,0,2,2.0,4,1.0,0.0,0,0,9,7744,18.045341240009293,1,2,1.0,21.550176934106275,0.5
db8d48c3fd57f4b9d317ed95b3a5b496,0,source_rule,0,6,2.0,2.44,5,2,0,0,0,0,6,2.0,0.0,0,0,0,0,0,0,0,0,0.003862992045469582,0.3333333333333333
db8d48c3fd57f4b9d317ed95b3a5b496,0,source_rule,1,6,2.0,2.44,5,2,0,0,1,1.0,5,1.0,0.0,0,0,0,0,0,0,0,0.0,0.003862992045469582,0.3333333333333333
db8d48c3fd57f4b9d317ed95b3a5b496,0,source_rule,2,6,3.0,3.44,5,3,0,0,2,2.0,4,1.0,0.0,0,0,0,0,0,0,0,1.0,0.003862992045469582,0.5
db8d48c3fd57f4b9d317ed95b3a5b496,0,fixed_audit,0,6,2.0,2.44,5,2,0,0,0,0,6,2.0,0.0,0,0,0,0,0,0,0,0,11.621982931043021,0.3333333333333333
db8d48c3fd57f4b9d317ed95b3a5b496,0,fixed_audit,1,6,2.0,2.44,5,2,0,0,1,1.0,5,1.0,0.0,0,0,3,2467,5.655470596975647,1,1,0.0,11.621982931043021,0.3333333333333333
db8d48c3fd57f4b9d317ed95b3a5b496,0,fixed_audit,2,6,3.0,3.44,5,3,0,0,2,2.0,4,1.0,0.0,0,0,5,4306,9.976249528001063,1,2,1.0,11.621982931043021,0.5
db8d48c3fd57f4b9d317ed95b3a5b496,0,adaptive,0,6,2.0,2.44,5,2,0,0,0,0,6,2.0,0.0,0,0,0,0,0,0,0,0,14.813569340971299,0.3333333333333333
db8d48c3fd57f4b9d317ed95b3a5b496,0,adaptive,1,6,2.0,2.44,5,2,0,0,1,1.0,5,1.0,0.0,0,0,3,2488,6.248823517118581,1,1,0.0,14.813569340971299,0.3333333333333333
db8d48c3fd57f4b9d317ed95b3a5b496,0,adaptive,2,6,3.0,3.57,6,3,0,0,2,2.0,4,1.0,0.0,0,0,6,5242,12.967098729102872,2,2,1.0,14.813569340971299,0.5
db8d48c3fd57f4b9d317ed95b3a5b496,0,reattempt,0,6,2.0,2.44,5,2,0,0,0,0,6,2.0,0.0,0,0,0,0,0,0,0,0,0.003728979965671897,0.3333333333333333
db8d48c3fd57f4b9d317ed95b3a5b496,0,reattempt,1,6,2.0,2.44,5,2,0,0,1,1.0,5,1.0,0.0,0,0,0,0,0,0,0,0.0,0.003728979965671897,0.3333333333333333
db8d48c3fd57f4b9d317ed95b3a5b496,0,reattempt,2,6,3.0,3.44,5,3,0,0,2,2.0,4,1.0,0.0,0,0,0,0,0,0,0,1.0,0.003728979965671897,0.5
db8d48c3fd57f4b9d317ed95b3a5b496,0,individual_risk,0,6,2.0,2.44,5,2,0,0,0,0,6,2.0,0.0,0,0,0,0,0,0,0,0,0.0038643600419163704,0.3333333333333333
db8d48c3fd57f4b9d317ed95b3a5b496,0,individual_risk,1,6,2.0,2.44,5,2,0,0,1,1.0,5,1.0,0.0,0,0,0,0,0,0,0,0.0,0.0038643600419163704,0.3333333333333333
db8d48c3fd57f4b9d317ed95b3a5b496,0,individual_risk,2,6,3.0,3.44,5,3,0,0,2,2.0,4,1.0,0.0,0,0,0,0,0,0,0,1.0,0.0038643600419163704,0.5
db8d48c3fd57f4b9d317ed95b3a5b496,1,individual,0,6,2.0,2.1100000000000003,5,2,0,2,0,0,6,2.0,0.0,0,0,0,0,0,0,0,0,0.0030976589769124985,0.3333333333333333
db8d48c3fd57f4b9d317ed95b3a5b496,1,individual,1,6,3.0,3.11,5,3,0,1,1,1.0,5,2.0,0.0,0,0,0,0,0,0,0,1.0,0.0030976589769124985,0.5
db8d48c3fd57f4b9d317ed95b3a5b496,1,individual,2,6,4.0,4.109999999999999,5,4,0,0,2,2.0,4,2.0,0.0,0,0,0,0,0,0,0,2.0,0.0030976589769124985,0.6666666666666666
db8d48c3fd57f4b9d317ed95b3a5b496,1,memory,0,6,2.0,2.1100000000000003,5,2,0,2,0,0,6,2.0,0.0,0,0,0,0,0,0,0,0,22.63116864906624,0.3333333333333333
db8d48c3fd57f4b9d317ed95b3a5b496,1,memory,1,6,3.0,3.46,6,3,0,1,1,1.0,5,2.0,0.0,0,0,5,4279,10.94290233287029,1,1,1.0,22.63116864906624,0.5
db8d48c3fd57f4b9d317ed95b3a5b496,1,memory,2,6,4.0,4.46,6,4,0,0,2,2.0,4,2.0,0.0,0,0,9,7997,19.145298051880673,1,2,2.0,22.63116864906624,0.6666666666666666
db8d48c3fd57f4b9d317ed95b3a5b496,1,source_rule,0,6,2.0,2.1100000000000003,5,2,0,2,0,0,6,2.0,0.0,0,0,0,0,0,0,0,0,0.003097897977568209,0.3333333333333333
db8d48c3fd57f4b9d317ed95b3a5b496,1,source_rule,1,6,3.0,3.11,5,3,0,1,1,1.0,5,2.0,0.0,0,0,0,0,0,0,0,1.0,0.003097897977568209,0.5
db8d48c3fd57f4b9d317ed95b3a5b496,1,source_rule,2,6,4.0,4.109999999999999,5,4,0,0,2,2.0,4,2.0,0.0,0,0,0,0,0,0,0,2.0,0.003097897977568209,0.6666666666666666
db8d48c3fd57f4b9d317ed95b3a5b496,1,fixed_audit,0,6,2.0,2.1100000000000003,5,2,0,2,0,0,6,2.0,0.0,0,0,0,0,0,0,0,0,2.7948959639761597,0.3333333333333333
db8d48c3fd57f4b9d317ed95b3a5b496,1,fixed_audit,1,6,3.0,3.46,6,3,0,1,1,1.0,5,2.0,0.0,0,0,1,871,2.5176629030611366,0,1,1.0,2.7948959639761597,0.5
db8d48c3fd57f4b9d317ed95b3a5b496,1,fixed_audit,2,6,4.0,4.46,6,4,0,0,2,2.0,4,2.0,0.0,0,0,1,871,2.5176629030611366,0,1,2.0,2.7948959639761597,0.6666666666666666
db8d48c3fd57f4b9d317ed95b3a5b496,1,adaptive,0,6,2.0,2.1100000000000003,5,2,0,2,0,0,6,2.0,0.0,0,0,0,0,0,0,0,0,12.160645777941681,0.3333333333333333
db8d48c3fd57f4b9d317ed95b3a5b496,1,adaptive,1,6,3.0,3.46,6,3,0,1,1,1.0,5,2.0,0.0,0,0,1,869,2.3555373480776325,0,1,1.0,12.160645777941681,0.5
db8d48c3fd57f4b9d317ed95b3a5b496,1,adaptive,2,6,3.0,3.11,6,3,0,0,2,2.0,4,1.0,0.0,0,0,4,3697,10.619009649031796,0,2,1.0,12.160645777941681,0.5
db8d48c3fd57f4b9d317ed95b3a5b496,1,reattempt,0,6,2.0,2.1100000000000003,5,2,0,2,0,0,6,2.0,0.0,0,0,0,0,0,0,0,0,0.0033423949498683214,0.3333333333333333
db8d48c3fd57f4b9d317ed95b3a5b496,1,reattempt,1,6,3.0,3.11,5,3,0,1,1,1.0,5,2.0,0.0,0,0,0,0,0,0,0,1.0,0.0033423949498683214,0.5
db8d48c3fd57f4b9d317ed95b3a5b496,1,reattempt,2,6,4.0,4.109999999999999,5,4,0,0,2,2.0,4,2.0,0.0,0,0,0,0,0,0,0,2.0,0.0033423949498683214,0.6666666666666666
db8d48c3fd57f4b9d317ed95b3a5b496,1,individual_risk,0,6,2.0,2.1100000000000003,5,2,0,2,0,0,6,2.0,0.0,0,0,0,0,0,0,0,0,0.0031525279628112912,0.3333333333333333
db8d48c3fd57f4b9d317ed95b3a5b496,1,individual_risk,1,6,3.0,3.11,5,3,0,1,1,1.0,5,2.0,0.0,0,0,0,0,0,0,0,1.0,0.0031525279628112912,0.5
db8d48c3fd57f4b9d317ed95b3a5b496,1,individual_risk,2,6,4.0,4.109999999999999,5,4,0,0,2,2.0,4,2.0,0.0,0,0,0,0,0,0,0,2.0,0.0031525279628112912,0.6666666666666666
db8d48c3fd57f4b9d317ed95b3a5b496,0,frozen_model,0,6,2.0,2.44,5,2,0,0,0,0,6,2.0,0.0,0,0,0,0,0,0,0,0,13.618695499026217,0.3333333333333333
db8d48c3fd57f4b9d317ed95b3a5b496,0,frozen_model,1,6,2.0,2.44,5,2,0,0,1,1.0,5,1.0,0.0,0,0,3,2488,5.913096523960121,1,1,0.0,13.618695499026217,0.3333333333333333
db8d48c3fd57f4b9d317ed95b3a5b496,0,frozen_model,2,6,3.0,3.57,6,3,0,0,2,2.0,4,1.0,0.0,0,0,6,5242,11.629640459897928,2,2,1.0,13.618695499026217,0.5
5ce1713d9128f3759369b6274e111c33,0,individual,0,6,2.0,2.4299999999999997,6,2,0,1,0,0,6,2.0,0.0,0,0,0,0,0,0,0,0,0.003458044957369566,0.3333333333333333
5ce1713d9128f3759369b6274e111c33,0,individual,1,6,3.0,3.43,6,3,0,0,1,1.0,5,2.0,0.0,0,0,0,0,0,0,0,1.0,0.003458044957369566,0.5
5ce1713d9128f3759369b6274e111c33,0,individual,2,6,3.0,3.43,6,3,0,0,2,2.0,4,1.0,0.0,0,0,0,0,0,0,0,1.0,0.003458044957369566,0.5
5ce1713d9128f3759369b6274e111c33,0,memory,0,6,2.0,2.4299999999999997,6,2,0,1,0,0,6,2.0,0.0,0,0,0,0,0,0,0,0,22.01819497102406,0.3333333333333333
5ce1713d9128f3759369b6274e111c33,0,memory,1,6,3.0,3.26,6,3,0,0,1,1.0,5,2.0,0.0,0,0,5,6410,10.702570465044118,0,1,1.0,22.01819497102406,0.5
5ce1713d9128f3759369b6274e111c33,0,memory,2,6,4.0,4.59,6,4,0,0,2,2.0,4,2.0,1.0,1,0,9,11801,18.65516301698517,0,2,1.0,22.01819497102406,0.6666666666666666
5ce1713d9128f3759369b6274e111c33,0,source_rule,0,6,2.0,2.4299999999999997,6,2,0,1,0,0,6,2.0,0.0,0,0,0,0,0,0,0,0,2.4237509550293908,0.3333333333333333
5ce1713d9128f3759369b6274e111c33,0,source_rule,1,6,3.0,3.43,6,3,0,0,1,1.0,5,2.0,0.0,0,0,0,0,0,0,0,1.0,2.4237509550293908,0.5
5ce1713d9128f3759369b6274e111c33,0,source_rule,2,6,3.0,3.43,6,3,0,0,2,2.0,4,1.0,0.0,0,0,1,1353,2.027611813042313,0,1,1.0,2.4237509550293908,0.5
5ce1713d9128f3759369b6274e111c33,0,fixed_audit,0,6,2.0,2.4299999999999997,6,2,0,1,0,0,6,2.0,0.0,0,0,0,0,0,0,0,0,6.769145106081851,0.3333333333333333
5ce1713d9128f3759369b6274e111c33,0,fixed_audit,1,6,3.0,3.43,6,3,0,0,1,1.0,5,2.0,0.0,0,0,0,0,0,0,0,1.0,6.769145106081851,0.5
5ce1713d9128f3759369b6274e111c33,0,fixed_audit,2,6,4.0,4.43,6,4,0,0,2,2.0,4,2.0,1.0,1,0,3,4011,5.5839615860022604,0,1,1.0,6.769145106081851,0.6666666666666666
5ce1713d9128f3759369b6274e111c33,0,adaptive,0,6,2.0,2.4299999999999997,6,2,0,1,0,0,6,2.0,0.0,0,0,0,0,0,0,0,0,6.808821697952226,0.3333333333333333
5ce1713d9128f3759369b6274e111c33,0,adaptive,1,6,3.0,3.43,6,3,0,0,1,1.0,5,2.0,0.0,0,0,0,0,0,0,0,1.0,6.808821697952226,0.5
5ce1713d9128f3759369b6274e111c33,0,adaptive,2,6,4.0,4.43,6,4,0,0,2,2.0,4,2.0,1.0,1,0,3,4011,5.761476406012662,0,1,1.0,6.808821697952226,0.6666666666666666
5ce1713d9128f3759369b6274e111c33,0,reattempt,0,6,2.0,2.4299999999999997,6,2,0,1,0,0,6,2.0,0.0,0,0,0,0,0,0,0,0,2.061195057001896,0.3333333333333333
5ce1713d9128f3759369b6274e111c33,0,reattempt,1,6,3.0,3.43,6,3,0,0,1,1.0,5,2.0,0.0,0,0,0,0,0,0,0,1.0,2.061195057001896,0.5
5ce1713d9128f3759369b6274e111c33,0,reattempt,2,6,3.0,3.43,6,3,0,0,2,2.0,4,1.0,0.0,0,0,1,1164,1.7384014930576086,0,1,1.0,2.061195057001896,0.5
5ce1713d9128f3759369b6274e111c33,0,individual_risk,0,6,2.0,2.4299999999999997,6,2,0,1,0,0,6,2.0,0.0,0,0,0,0,0,0,0,0,0.003913467982783914,0.3333333333333333
5ce1713d9128f3759369b6274e111c33,0,individual_risk,1,6,3.0,3.43,6,3,0,0,1,1.0,5,2.0,0.0,0,0,0,0,0,0,0,1.0,0.003913467982783914,0.5
5ce1713d9128f3759369b6274e111c33,0,individual_risk,2,6,3.0,3.43,6,3,0,0,2,2.0,4,1.0,0.0,0,0,0,0,0,0,0,1.0,0.003913467982783914,0.5
5ce1713d9128f3759369b6274e111c33,1,individual,0,6,3.0,3.4299999999999997,6,3,0,1,0,0,6,3.0,0.0,0,0,0,0,0,0,0,0,0.003528572036884725,0.5
5ce1713d9128f3759369b6274e111c33,1,individual,1,6,3.0,3.4299999999999997,6,3,0,1,1,1.0,5,2.0,0.0,0,0,0,0,0,0,0,0.0,0.003528572036884725,0.5
5ce1713d9128f3759369b6274e111c33,1,individual,2,6,4.0,4.43,6,4,0,1,2,2.0,4,2.0,0.0,0,0,0,0,0,0,0,1.0,0.003528572036884725,0.6666666666666666
5ce1713d9128f3759369b6274e111c33,1,memory,0,6,3.0,3.4299999999999997,6,3,0,1,0,0,6,3.0,0.0,0,0,0,0,0,0,0,0,19.748377296957187,0.5
5ce1713d9128f3759369b6274e111c33,1,memory,1,6,2.0,2.35,6,2,0,1,1,1.0,5,1.0,-1.0,0,1,5,6377,10.156074836966582,1,1,0.0,19.748377296957187,0.3333333333333333
5ce1713d9128f3759369b6274e111c33,1,memory,2,6,3.0,3.51,6,3,0,0,2,2.0,4,1.0,-1.0,0,1,9,11708,17.014289259910583,1,2,1.0,19.748377296957187,0.5
5ce1713d9128f3759369b6274e111c33,1,source_rule,0,6,3.0,3.4299999999999997,6,3,0,1,0,0,6,3.0,0.0,0,0,0,0,0,0,0,0,2.4610360679216683,0.5
5ce1713d9128f3759369b6274e111c33,1,source_rule,1,6,3.0,3.4299999999999997,6,3,0,1,1,1.0,5,2.0,0.0,0,0,1,1287,2.185555202071555,0,1,0.0,2.4610360679216683,0.5
5ce1713d9128f3759369b6274e111c33,1,source_rule,2,6,4.0,4.43,6,4,0,1,2,2.0,4,2.0,0.0,0,0,1,1287,2.185555202071555,0,1,1.0,2.4610360679216683,0.6666666666666666
5ce1713d9128f3759369b6274e111c33,1,fixed_audit,0,6,3.0,3.4299999999999997,6,3,0,1,0,0,6,3.0,0.0,0,0,0,0,0,0,0,0,11.159459069021977,0.5
5ce1713d9128f3759369b6274e111c33,1,fixed_audit,1,6,3.0,3.4299999999999997,6,3,0,1,1,1.0,5,2.0,0.0,0,0,3,3844,6.171149126952514,1,1,0.0,11.159459069021977,0.5
5ce1713d9128f3759369b6274e111c33,1,fixed_audit,2,6,3.0,3.4299999999999997,6,3,0,0,2,2.0,4,1.0,-1.0,0,1,5,6512,9.750943235936575,1,2,1.0,11.159459069021977,0.5
5ce1713d9128f3759369b6274e111c33,1,adaptive,0,6,3.0,3.4299999999999997,6,3,0,1,0,0,6,3.0,0.0,0,0,0,0,0,0,0,0,14.83814447093755,0.5
5ce1713d9128f3759369b6274e111c33,1,adaptive,1,6,3.0,3.4299999999999997,6,3,0,1,1,1.0,5,2.0,0.0,0,0,3,3844,6.40453888697084,1,1,0.0,14.83814447093755,0.5
5ce1713d9128f3759369b6274e111c33,1,adaptive,2,6,3.0,3.59,5,3,0,0,2,2.0,4,1.0,0.0,0,0,6,7816,12.182134403963573,1,2,0.0,14.83814447093755,0.5
5ce1713d9128f3759369b6274e111c33,1,reattempt,0,6,3.0,3.4299999999999997,6,3,0,1,0,0,6,3.0,0.0,0,0,0,0,0,0,0,0,2.4353065580362454,0.5
5ce1713d9128f3759369b6274e111c33,1,reattempt,1,6,3.0,3.4299999999999997,6,3,0,1,1,1.0,5,2.0,0.0,0,0,1,1172,2.0521647148998454,0,1,0.0,2.4353065580362454,0.5
5ce1713d9128f3759369b6274e111c33,1,reattempt,2,6,4.0,4.43,6,4,0,1,2,2.0,4,2.0,0.0,0,0,1,1172,2.0521647148998454,0,1,1.0,2.4353065580362454,0.6666666666666666
5ce1713d9128f3759369b6274e111c33,1,individual_risk,0,6,3.0,3.4299999999999997,6,3,0,1,0,0,6,3.0,0.0,0,0,0,0,0,0,0,0,0.0032661589793860912,0.5
5ce1713d9128f3759369b6274e111c33,1,individual_risk,1,6,4.0,4.43,6,4,0,0,1,1.0,5,3.0,0.0,0,0,0,0,0,0,0,1.0,0.0032661589793860912,0.6666666666666666
5ce1713d9128f3759369b6274e111c33,1,individual_risk,2,6,4.0,4.43,6,4,0,0,2,2.0,4,2.0,0.0,0,0,0,0,0,0,0,1.0,0.0032661589793860912,0.6666666666666666
5ce1713d9128f3759369b6274e111c33,0,frozen_model,0,6,2.0,2.4299999999999997,6,2,0,1,0,0,6,2.0,0.0,0,0,0,0,0,0,0,0,6.304789337096736,0.3333333333333333
5ce1713d9128f3759369b6274e111c33,0,frozen_model,1,6,3.0,3.43,6,3,0,0,1,1.0,5,2.0,0.0,0,0,0,0,0,0,0,1.0,6.304789337096736,0.5
5ce1713d9128f3759369b6274e111c33,0,frozen_model,2,6,4.0,4.43,6,4,0,0,2,2.0,4,2.0,1.0,1,0,3,4011,5.170618400909007,0,1,1.0,6.304789337096736,0.6666666666666666
13d7e83488f2ab1456d31bb9ac247990,0,individual,0,6,0.0,0.0,1,0,0,1,0,0,6,0.0,0.0,0,0,0,0,0,0,0,0,0.004198701004497707,0.0
13d7e83488f2ab1456d31bb9ac247990,0,individual,1,6,1.0,1.0,1,1,0,0,1,1.0,5,0.0,0.0,0,0,0,0,0,0,0,1.0,0.004198701004497707,0.16666666666666666
13d7e83488f2ab1456d31bb9ac247990,0,individual,2,6,2.0,2.0,2,2,0,0,2,2.0,4,0.0,0.0,0,0,0,0,0,0,0,2.0,0.004198701004497707,0.3333333333333333
13d7e83488f2ab1456d31bb9ac247990,0,memory,0,6,0.0,0.0,1,0,0,1,0,0,6,0.0,0.0,0,0,0,0,0,0,0,0,23.62501338799484,0.0
13d7e83488f2ab1456d31bb9ac247990,0,memory,1,6,1.0,1.0,1,1,0,0,1,1.0,5,0.0,0.0,0,0,5,5678,10.974955896032043,1,1,1.0,23.62501338799484,0.16666666666666666
13d7e83488f2ab1456d31bb9ac247990,0,memory,2,6,2.0,2.0,3,2,0,0,2,2.0,4,0.0,0.0,0,0,9,10584,20.47793869092129,1,2,2.0,23.62501338799484,0.3333333333333333
13d7e83488f2ab1456d31bb9ac247990,0,source_rule,0,6,0.0,0.0,1,0,0,1,0,0,6,0.0,0.0,0,0,0,0,0,0,0,0,2.163702546968125,0.0
13d7e83488f2ab1456d31bb9ac247990,0,source_rule,1,6,1.0,1.0,1,1,0,0,1,1.0,5,0.0,0.0,0,0,1,1130,1.8539596979971975,0,1,1.0,2.163702546968125,0.16666666666666666
13d7e83488f2ab1456d31bb9ac247990,0,source_rule,2,6,2.0,2.0,2,2,0,0,2,2.0,4,0.0,0.0,0,0,1,1130,1.8539596979971975,0,1,2.0,2.163702546968125,0.3333333333333333
13d7e83488f2ab1456d31bb9ac247990,0,fixed_audit,0,6,0.0,0.0,1,0,0,1,0,0,6,0.0,0.0,0,0,0,0,0,0,0,0,11.13632841699291,0.0
13d7e83488f2ab1456d31bb9ac247990,0,fixed_audit,1,6,1.0,1.0,1,1,0,0,1,1.0,5,0.0,0.0,0,0,2,2260,4.074786234996282,1,1,1.0,11.13632841699291,0.16666666666666666
13d7e83488f2ab1456d31bb9ac247990,0,fixed_audit,2,6,2.0,2.0,3,2,0,0,2,2.0,4,0.0,0.0,0,0,4,4746,9.597713791998103,1,2,2.0,11.13632841699291,0.3333333333333333
13d7e83488f2ab1456d31bb9ac247990,0,adaptive,0,6,0.0,0.0,1,0,0,1,0,0,6,0.0,0.0,0,0,0,0,0,0,0,0,7.3961922149173915,0.0
13d7e83488f2ab1456d31bb9ac247990,0,adaptive,1,6,1.0,1.0,1,1,0,0,1,1.0,5,0.0,0.0,0,0,2,2260,4.122411536984146,1,1,1.0,7.3961922149173915,0.16666666666666666
13d7e83488f2ab1456d31bb9ac247990,0,adaptive,2,6,2.0,2.0,2,2,0,0,2,2.0,4,0.0,0.0,0,0,3,3467,6.323804931016639,1,2,2.0,7.3961922149173915,0.3333333333333333
13d7e83488f2ab1456d31bb9ac247990,0,reattempt,0,6,0.0,0.0,1,0,0,1,0,0,6,0.0,0.0,0,0,0,0,0,0,0,0,2.6875669880537316,0.0
13d7e83488f2ab1456d31bb9ac247990,0,reattempt,1,6,1.0,1.0,1,1,0,0,1,1.0,5,0.0,0.0,0,0,1,1018,2.083769259043038,0,1,1.0,2.6875669880537316,0.16666666666666666
13d7e83488f2ab1456d31bb9ac247990,0,reattempt,2,6,2.0,2.0,2,2,0,0,2,2.0,4,0.0,0.0,0,0,1,1018,2.083769259043038,0,1,2.0,2.6875669880537316,0.3333333333333333
13d7e83488f2ab1456d31bb9ac247990,0,individual_risk,0,6,0.0,0.0,1,0,0,1,0,0,6,0.0,0.0,0,0,0,0,0,0,0,0,0.003945995005778968,0.0
13d7e83488f2ab1456d31bb9ac247990,0,individual_risk,1,6,1.0,1.0,1,1,0,0,1,1.0,5,0.0,0.0,0,0,0,0,0,0,0,1.0,0.003945995005778968,0.16666666666666666
13d7e83488f2ab1456d31bb9ac247990,0,individual_risk,2,6,2.0,2.0,2,2,0,0,2,2.0,4,0.0,0.0,0,0,0,0,0,0,0,2.0,0.003945995005778968,0.3333333333333333
13d7e83488f2ab1456d31bb9ac247990,1,individual,0,6,0.0,0.0,1,0,0,0,0,0,6,0.0,0.0,0,0,0,0,0,0,0,0,0.0056404490023851395,0.0
13d7e83488f2ab1456d31bb9ac247990,1,individual,1,6,1.0,1.0,1,1,0,0,1,1.0,5,0.0,0.0,0,0,0,0,0,0,0,1.0,0.0056404490023851395,0.16666666666666666
13d7e83488f2ab1456d31bb9ac247990,1,individual,2,6,2.0,2.0,2,2,0,0,2,2.0,4,0.0,0.0,0,0,0,0,0,0,0,2.0,0.0056404490023851395,0.3333333333333333
13d7e83488f2ab1456d31bb9ac247990,1,memory,0,6,0.0,0.0,1,0,0,0,0,0,6,0.0,0.0,0,0,0,0,0,0,0,0,22.837027256027795,0.0
13d7e83488f2ab1456d31bb9ac247990,1,memory,1,6,1.0,1.0,2,1,0,0,1,1.0,5,0.0,0.0,0,0,5,5712,10.56235526013188,0,1,1.0,22.837027256027795,0.16666666666666666
13d7e83488f2ab1456d31bb9ac247990,1,memory,2,6,2.0,2.0,2,2,0,0,2,2.0,4,0.0,0.0,0,0,9,10612,19.441342215170152,0,2,2.0,22.837027256027795,0.3333333333333333
13d7e83488f2ab1456d31bb9ac247990,1,source_rule,0,6,0.0,0.0,1,0,0,0,0,0,6,0.0,0.0,0,0,0,0,0,0,0,0,4.973334926064126,0.0
13d7e83488f2ab1456d31bb9ac247990,1,source_rule,1,6,1.0,1.0,2,1,0,0,1,1.0,5,0.0,0.0,0,0,2,2274,3.7843103100312874,0,1,1.0,4.973334926064126,0.16666666666666666
13d7e83488f2ab1456d31bb9ac247990,1,source_rule,2,6,2.0,2.0,2,2,0,0,2,2.0,4,0.0,0.0,0,0,2,2274,3.7843103100312874,0,1,2.0,4.973334926064126,0.3333333333333333
13d7e83488f2ab1456d31bb9ac247990,1,fixed_audit,0,6,0.0,0.0,1,0,0,0,0,0,6,0.0,0.0,0,0,0,0,0,0,0,0,7.755112948012538,0.0
13d7e83488f2ab1456d31bb9ac247990,1,fixed_audit,1,6,1.0,1.0,2,1,0,0,1,1.0,5,0.0,0.0,0,0,2,2274,3.9178897090023383,0,1,1.0,7.755112948012538,0.16666666666666666
13d7e83488f2ab1456d31bb9ac247990,1,fixed_audit,2,6,2.0,2.0,2,2,0,0,2,2.0,4,0.0,0.0,0,0,3,3496,5.979512218968011,0,2,2.0,7.755112948012538,0.3333333333333333
13d7e83488f2ab1456d31bb9ac247990,1,adaptive,0,6,0.0,0.0,1,0,0,0,0,0,6,0.0,0.0,0,0,0,0,0,0,0,0,8.541687552002259,0.0
13d7e83488f2ab1456d31bb9ac247990,1,adaptive,1,6,1.0,1.0,2,1,0,0,1,1.0,5,0.0,0.0,0,0,2,2274,3.947135803056881,0,1,1.0,8.541687552002259,0.16666666666666666
13d7e83488f2ab1456d31bb9ac247990,1,adaptive,2,6,2.0,2.0,3,2,0,0,2,2.0,4,0.0,0.0,0,0,4,4661,7.293325603939593,1,2,2.0,8.541687552002259,0.3333333333333333
13d7e83488f2ab1456d31bb9ac247990,1,reattempt,0,6,0.0,0.0,1,0,0,0,0,0,6,0.0,0.0,0,0,0,0,0,0,0,0,4.874131042975932,0.0
13d7e83488f2ab1456d31bb9ac247990,1,reattempt,1,6,1.0,1.0,1,1,0,0,1,1.0,5,0.0,0.0,0,0,2,2045,4.307870356016792,0,1,1.0,4.874131042975932,0.16666666666666666
13d7e83488f2ab1456d31bb9ac247990,1,reattempt,2,6,2.0,2.0,2,2,0,0,2,2.0,4,0.0,0.0,0,0,2,2045,4.307870356016792,0,1,2.0,4.874131042975932,0.3333333333333333
13d7e83488f2ab1456d31bb9ac247990,1,individual_risk,0,6,0.0,0.0,1,0,0,0,0,0,6,0.0,0.0,0,0,0,0,0,0,0,0,0.004764609970152378,0.0
13d7e83488f2ab1456d31bb9ac247990,1,individual_risk,1,6,1.0,1.0,2,1,0,0,1,1.0,5,0.0,0.0,0,0,0,0,0,0,0,1.0,0.004764609970152378,0.16666666666666666
13d7e83488f2ab1456d31bb9ac247990,1,individual_risk,2,6,2.0,2.0,2,2,0,0,2,2.0,4,0.0,0.0,0,0,0,0,0,0,0,2.0,0.004764609970152378,0.3333333333333333
2da56df966a1c15057d2661ce589be1c,0,individual,0,6,3.0,3.9,4,3,0,0,0,0,6,3.0,0.0,0,0,0,0,0,0,0,0,0.0042202629847452044,0.5
2da56df966a1c15057d2661ce589be1c,0,individual,1,6,4.0,4.9,5,4,0,0,1,1.0,5,3.0,0.0,0,0,0,0,0,0,0,1.0,0.0042202629847452044,0.6666666666666666
2da56df966a1c15057d2661ce589be1c,0,individual,2,6,4.0,4.9,5,4,0,0,2,2.0,4,2.0,0.0,0,0,0,0,0,0,0,1.0,0.0042202629847452044,0.6666666666666666
2da56df966a1c15057d2661ce589be1c,0,memory,0,6,3.0,3.9,4,3,0,0,0,0,6,3.0,0.0,0,0,0,0,0,0,0,0,19.338259122916497,0.5
2da56df966a1c15057d2661ce589be1c,0,memory,1,6,4.0,4.97,5,4,0,0,1,1.0,5,3.0,0.0,0,0,5,5514,8.076393608003855,1,1,1.0,19.338259122916497,0.6666666666666666
2da56df966a1c15057d2661ce589be1c,0,memory,2,6,4.0,4.97,5,4,0,0,2,2.0,4,2.0,0.0,0,0,9,10225,15.880938009126112,3,2,1.0,19.338259122916497,0.6666666666666666
2da56df966a1c15057d2661ce589be1c,0,source_rule,0,6,3.0,3.9,4,3,0,0,0,0,6,3.0,0.0,0,0,0,0,0,0,0,0,4.783315300010145,0.5
2da56df966a1c15057d2661ce589be1c,0,source_rule,1,6,4.0,4.9,5,4,0,0,1,1.0,5,3.0,0.0,0,0,0,0,0,0,0,1.0,4.783315300010145,0.6666666666666666
2da56df966a1c15057d2661ce589be1c,0,source_rule,2,6,4.0,4.9,5,4,0,0,2,2.0,4,2.0,0.0,0,0,2,2348,3.993750260095112,1,1,1.0,4.783315300010145,0.6666666666666666
2da56df966a1c15057d2661ce589be1c,0,fixed_audit,0,6,3.0,3.9,4,3,0,0,0,0,6,3.0,0.0,0,0,0,0,0,0,0,0,12.48245335998945,0.5
2da56df966a1c15057d2661ce589be1c,0,fixed_audit,1,6,4.0,4.97,5,4,0,0,1,1.0,5,3.0,0.0,0,0,3,3280,4.6072314399061725,0,1,1.0,12.48245335998945,0.6666666666666666
2da56df966a1c15057d2661ce589be1c,0,fixed_audit,2,6,4.0,4.97,5,4,0,0,2,2.0,4,2.0,0.0,0,0,6,6797,10.671412051888183,2,2,1.0,12.48245335998945,0.6666666666666666
2da56df966a1c15057d2661ce589be1c,0,adaptive,0,6,3.0,3.9,4,3,0,0,0,0,6,3.0,0.0,0,0,0,0,0,0,0,0,7.437374816974625,0.5
2da56df966a1c15057d2661ce589be1c,0,adaptive,1,6,4.0,4.97,5,4,0,0,1,1.0,5,3.0,0.0,0,0,3,3280,4.307376924902201,0,1,1.0,7.437374816974625,0.6666666666666666
2da56df966a1c15057d2661ce589be1c,0,adaptive,2,6,4.0,4.97,5,4,0,0,2,2.0,4,2.0,0.0,0,0,4,4459,6.304949753917754,0,2,1.0,7.437374816974625,0.6666666666666666
2da56df966a1c15057d2661ce589be1c,0,reattempt,0,6,3.0,3.9,4,3,0,0,0,0,6,3.0,0.0,0,0,0,0,0,0,0,0,5.833588043926284,0.5
2da56df966a1c15057d2661ce589be1c,0,reattempt,1,6,4.0,4.9,5,4,0,0,1,1.0,5,3.0,0.0,0,0,0,0,0,0,0,1.0,5.833588043926284,0.6666666666666666
2da56df966a1c15057d2661ce589be1c,0,reattempt,2,6,3.0,3.9699999999999998,4,3,0,0,2,2.0,4,1.0,-1.0,0,1,2,2009,5.280560017912649,0,1,1.0,5.833588043926284,0.5
2da56df966a1c15057d2661ce589be1c,0,individual_risk,0,6,3.0,3.9,4,3,0,0,0,0,6,3.0,0.0,0,0,0,0,0,0,0,0,0.00420374795794487,0.5
2da56df966a1c15057d2661ce589be1c,0,individual_risk,1,6,4.0,4.9,5,4,0,0,1,1.0,5,3.0,0.0,0,0,0,0,0,0,0,1.0,0.00420374795794487,0.6666666666666666
2da56df966a1c15057d2661ce589be1c,0,individual_risk,2,6,4.0,4.9,5,4,0,0,2,2.0,4,2.0,0.0,0,0,0,0,0,0,0,1.0,0.00420374795794487,0.6666666666666666
2da56df966a1c15057d2661ce589be1c,1,individual,0,6,2.0,2.9,4,2,0,0,0,0,6,2.0,0.0,0,0,0,0,0,0,0,0,0.0046093580313026905,0.3333333333333333
2da56df966a1c15057d2661ce589be1c,1,individual,1,6,3.0,3.9,4,3,0,0,1,1.0,5,2.0,0.0,0,0,0,0,0,0,0,1.0,0.0046093580313026905,0.5
2da56df966a1c15057d2661ce589be1c,1,individual,2,6,3.0,3.9,4,3,0,0,2,2.0,4,1.0,0.0,0,0,0,0,0,0,0,1.0,0.0046093580313026905,0.5
2da56df966a1c15057d2661ce589be1c,1,memory,0,6,2.0,2.9,4,2,0,0,0,0,6,2.0,0.0,0,0,0,0,0,0,0,0,21.31293196498882,0.3333333333333333
2da56df966a1c15057d2661ce589be1c,1,memory,1,6,4.0,4.9,5,4,0,0,1,1.0,5,3.0,1.0,1,0,5,5641,10.76876088080462,2,1,1.0,21.31293196498882,0.6666666666666666
2da56df966a1c15057d2661ce589be1c,1,memory,2,6,3.0,3.9699999999999998,5,3,0,0,2,2.0,4,1.0,0.0,1,1,9,10354,18.479511240846477,2,2,1.0,21.31293196498882,0.5
2da56df966a1c15057d2661ce589be1c,1,source_rule,0,6,2.0,2.9,4,2,0,0,0,0,6,2.0,0.0,0,0,0,0,0,0,0,0,7.336502162972465,0.3333333333333333
2da56df966a1c15057d2661ce589be1c,1,source_rule,1,6,3.0,3.9,4,3,0,0,1,1.0,5,2.0,0.0,0,0,1,1110,1.9903068529674783,0,1,1.0,7.336502162972465,0.5
2da56df966a1c15057d2661ce589be1c,1,source_rule,2,6,4.0,4.97,5,4,0,0,2,2.0,4,2.0,1.0,1,0,3,3506,6.489723116043024,0,2,1.0,7.336502162972465,0.6666666666666666
2da56df966a1c15057d2661ce589be1c,1,fixed_audit,0,6,2.0,2.9,4,2,0,0,0,0,6,2.0,0.0,0,0,0,0,0,0,0,0,15.1076516949106,0.3333333333333333
2da56df966a1c15057d2661ce589be1c,1,fixed_audit,1,6,4.0,4.9,5,4,0,0,1,1.0,5,3.0,1.0,1,0,3,3348,5.9729631340596825,1,1,1.0,15.1076516949106,0.6666666666666666
2da56df966a1c15057d2661ce589be1c,1,fixed_audit,2,6,3.0,3.9699999999999998,5,3,0,0,2,2.0,4,1.0,0.0,1,1,6,6915,12.799526377231814,1,2,1.0,15.1076516949106,0.5
2da56df966a1c15057d2661ce589be1c,1,adaptive,0,6,2.0,2.9,4,2,0,0,0,0,6,2.0,0.0,0,0,0,0,0,0,0,0,8.520670245052315,0.3333333333333333
2da56df966a1c15057d2661ce589be1c,1,adaptive,1,6,4.0,4.9,5,4,0,0,1,1.0,5,3.0,1.0,1,0,3,3348,5.920822022133507,1,1,1.0,8.520670245052315,0.6666666666666666
2da56df966a1c15057d2661ce589be1c,1,adaptive,2,6,4.0,4.9,5,4,0,0,2,2.0,4,2.0,1.0,1,0,4,4499,7.403729437151924,1,2,1.0,8.520670245052315,0.6666666666666666
2da56df966a1c15057d2661ce589be1c,1,reattempt,0,6,2.0,2.9,4,2,0,0,0,0,6,2.0,0.0,0,0,0,0,0,0,0,0,7.656293831998482,0.3333333333333333
2da56df966a1c15057d2661ce589be1c,1,reattempt,1,6,3.0,3.9,4,3,0,0,1,1.0,5,2.0,0.0,0,0,1,1004,2.0520564309554175,0,1,1.0,7.656293831998482,0.5
2da56df966a1c15057d2661ce589be1c,1,reattempt,2,6,3.0,3.87,4,3,0,0,2,2.0,4,1.0,0.0,0,0,3,3008,6.825892167864367,0,2,1.0,7.656293831998482,0.5
2da56df966a1c15057d2661ce589be1c,1,individual_risk,0,6,2.0,2.9,4,2,0,0,0,0,6,2.0,0.0,0,0,0,0,0,0,0,0,0.004098466015420854,0.3333333333333333
2da56df966a1c15057d2661ce589be1c,1,individual_risk,1,6,3.0,3.9,4,3,0,0,1,1.0,5,2.0,0.0,0,0,0,0,0,0,0,1.0,0.004098466015420854,0.5
2da56df966a1c15057d2661ce589be1c,1,individual_risk,2,6,3.0,3.9,4,3,0,0,2,2.0,4,1.0,0.0,0,0,0,0,0,0,0,1.0,0.004098466015420854,0.5
3bffffb2d174ab95cfdeb3eacc9c0afb,0,individual,0,6,0.0,0.0,2,0,0,1,0,0,6,0.0,0.0,0,0,0,0,0,0,0,0,0.004114369046874344,0.0
3bffffb2d174ab95cfdeb3eacc9c0afb,0,individual,1,6,1.0,1.0,2,1,0,1,1,1.0,5,0.0,0.0,0,0,0,0,0,0,0,1.0,0.004114369046874344,0.16666666666666666
3bffffb2d174ab95cfdeb3eacc9c0afb,0,individual,2,6,2.0,2.0,2,2,0,1,2,2.0,4,0.0,0.0,0,0,0,0,0,0,0,2.0,0.004114369046874344,0.3333333333333333
3bffffb2d174ab95cfdeb3eacc9c0afb,0,memory,0,6,0.0,0.0,2,0,0,1,0,0,6,0.0,0.0,0,0,0,0,0,0,0,0,20.86104123701807,0.0
3bffffb2d174ab95cfdeb3eacc9c0afb,0,memory,1,6,2.0,2.0,2,1,0,0,1,1.0,5,1.0,1.0,1,0,5,4990,9.539304225239903,0,1,1.0,20.86104123701807,0.3333333333333333
3bffffb2d174ab95cfdeb3eacc9c0afb,0,memory,2,6,3.0,3.0,2,2,0,0,2,2.0,4,1.0,1.0,1,0,9,9311,17.814405688201077,0,2,2.0,20.86104123701807,0.5
3bffffb2d174ab95cfdeb3eacc9c0afb,0,source_rule,0,6,0.0,0.0,2,0,0,1,0,0,6,0.0,0.0,0,0,0,0,0,0,0,0,15.601972374948673,0.0
3bffffb2d174ab95cfdeb3eacc9c0afb,0,source_rule,1,6,1.0,1.0,2,1,0,1,1,1.0,5,0.0,0.0,0,0,3,3008,6.812107378966175,0,1,1.0,15.601972374948673,0.16666666666666666
3bffffb2d174ab95cfdeb3eacc9c0afb,0,source_rule,2,6,3.0,3.0,2,2,0,1,2,2.0,4,1.0,1.0,1,0,6,6263,13.721402642899193,0,2,2.0,15.601972374948673,0.5
3bffffb2d174ab95cfdeb3eacc9c0afb,0,fixed_audit,0,6,0.0,0.0,2,0,0,1,0,0,6,0.0,0.0,0,0,0,0,0,0,0,0,8.239036885090172,0.0
3bffffb2d174ab95cfdeb3eacc9c0afb,0,fixed_audit,1,6,2.0,2.0,2,1,0,1,1,1.0,5,1.0,1.0,1,0,3,2984,5.175212868140079,0,1,1.0,8.239036885090172,0.3333333333333333
3bffffb2d174ab95cfdeb3eacc9c0afb,0,fixed_audit,2,6,3.0,3.0,2,2,0,1,2,2.0,4,1.0,1.0,1,0,4,4042,6.718488078098744,0,2,2.0,8.239036885090172,0.5
3bffffb2d174ab95cfdeb3eacc9c0afb,0,adaptive,0,6,0.0,0.0,2,0,0,1,0,0,6,0.0,0.0,0,0,0,0,0,0,0,0,9.188233870081604,0.0
3bffffb2d174ab95cfdeb3eacc9c0afb,0,adaptive,1,6,2.0,2.0,2,1,0,1,1,1.0,5,1.0,1.0,1,0,3,2984,5.657457632943988,0,1,1.0,9.188233870081604,0.3333333333333333
3bffffb2d174ab95cfdeb3eacc9c0afb,0,adaptive,2,6,3.0,3.0,2,2,0,1,2,2.0,4,1.0,1.0,1,0,4,4069,7.987379300990142,0,2,2.0,9.188233870081604,0.5
3bffffb2d174ab95cfdeb3eacc9c0afb,0,reattempt,0,6,0.0,0.0,2,0,0,1,0,0,6,0.0,0.0,0,0,0,0,0,0,0,0,15.029323313036002,0.0
3bffffb2d174ab95cfdeb3eacc9c0afb,0,reattempt,1,6,1.0,1.0,2,1,0,1,1,1.0,5,0.0,0.0,0,0,3,2670,5.715011969092302,0,1,1.0,15.029323313036002,0.16666666666666666
3bffffb2d174ab95cfdeb3eacc9c0afb,0,reattempt,2,6,2.0,2.67,2,2,0,1,2,2.0,4,0.0,0.0,0,0,6,5417,12.931482512038201,0,2,2.0,15.029323313036002,0.3333333333333333
3bffffb2d174ab95cfdeb3eacc9c0afb,0,individual_risk,0,6,0.0,0.0,2,0,0,1,0,0,6,0.0,0.0,0,0,0,0,0,0,0,0,0.003991013974882662,0.0
3bffffb2d174ab95cfdeb3eacc9c0afb,0,individual_risk,1,6,1.0,1.0,3,1,0,0,1,1.0,5,0.0,0.0,0,0,0,0,0,0,0,1.0,0.003991013974882662,0.16666666666666666
3bffffb2d174ab95cfdeb3eacc9c0afb,0,individual_risk,2,6,2.0,2.0,3,2,0,0,2,2.0,4,0.0,0.0,0,0,0,0,0,0,0,2.0,0.003991013974882662,0.3333333333333333
3bffffb2d174ab95cfdeb3eacc9c0afb,1,individual,0,6,1.0,1.0,3,1,0,1,0,0,6,1.0,0.0,0,0,0,0,0,0,0,0,0.00359813601244241,0.16666666666666666
3bffffb2d174ab95cfdeb3eacc9c0afb,1,individual,1,6,2.0,2.0,3,2,0,0,1,1.0,5,1.0,0.0,0,0,0,0,0,0,0,1.0,0.00359813601244241,0.3333333333333333
3bffffb2d174ab95cfdeb3eacc9c0afb,1,individual,2,6,3.0,3.0,3,3,0,0,2,2.0,4,1.0,0.0,0,0,0,0,0,0,0,2.0,0.00359813601244241,0.5
3bffffb2d174ab95cfdeb3eacc9c0afb,1,memory,0,6,1.0,1.0,3,1,0,1,0,0,6,1.0,0.0,0,0,0,0,0,0,0,0,21.501572967041284,0.16666666666666666
3bffffb2d174ab95cfdeb3eacc9c0afb,1,memory,1,6,2.0,2.0,2,2,0,0,1,1.0,5,1.0,0.0,1,1,5,5018,10.463692724821158,0,1,1.0,21.501572967041284,0.3333333333333333
3bffffb2d174ab95cfdeb3eacc9c0afb,1,memory,2,6,3.0,3.0,2,2,0,0,2,2.0,4,1.0,0.0,1,1,9,9301,18.032542471773922,0,2,2.0,21.501572967041284,0.5
3bffffb2d174ab95cfdeb3eacc9c0afb,1,source_rule,0,6,1.0,1.0,3,1,0,1,0,0,6,1.0,0.0,0,0,0,0,0,0,0,0,14.541648008977063,0.16666666666666666
3bffffb2d174ab95cfdeb3eacc9c0afb,1,source_rule,1,6,3.0,3.0,3,3,0,0,1,1.0,5,2.0,1.0,1,0,3,3029,6.764759198878892,0,1,1.0,14.541648008977063,0.5
3bffffb2d174ab95cfdeb3eacc9c0afb,1,source_rule,2,6,4.0,4.0,3,3,0,0,2,2.0,4,2.0,1.0,1,0,6,6251,12.547320020967163,0,2,2.0,14.541648008977063,0.6666666666666666
3bffffb2d174ab95cfdeb3eacc9c0afb,1,fixed_audit,0,6,1.0,1.0,3,1,0,1,0,0,6,1.0,0.0,0,0,0,0,0,0,0,0,7.375296052894555,0.16666666666666666
3bffffb2d174ab95cfdeb3eacc9c0afb,1,fixed_audit,1,6,3.0,3.0,3,3,0,0,1,1.0,5,2.0,1.0,1,0,3,3029,6.404759960016236,0,1,1.0,7.375296052894555,0.5
3bffffb2d174ab95cfdeb3eacc9c0afb,1,fixed_audit,2,6,4.0,4.0,4,4,0,0,2,2.0,4,2.0,1.0,1,0,3,3029,6.404759960016236,0,1,2.0,7.375296052894555,0.6666666666666666
3bffffb2d174ab95cfdeb3eacc9c0afb,1,adaptive,0,6,1.0,1.0,3,1,0,1,0,0,6,1.0,0.0,0,0,0,0,0,0,0,0,9.616059793974273,0.16666666666666666
3bffffb2d174ab95cfdeb3eacc9c0afb,1,adaptive,1,6,3.0,3.0,3,3,0,0,1,1.0,5,2.0,1.0,1,0,3,3029,6.613928742008284,0,1,1.0,9.616059793974273,0.5
3bffffb2d174ab95cfdeb3eacc9c0afb,1,adaptive,2,6,4.0,4.0,4,4,0,0,2,2.0,4,2.0,1.0,1,0,4,4092,8.484002546989359,0,2,2.0,9.616059793974273,0.6666666666666666
3bffffb2d174ab95cfdeb3eacc9c0afb,1,reattempt,0,6,1.0,1.0,3,1,0,1,0,0,6,1.0,0.0,0,0,0,0,0,0,0,0,13.789009395986795,0.16666666666666666
3bffffb2d174ab95cfdeb3eacc9c0afb,1,reattempt,1,6,2.0,2.0,3,2,0,0,1,1.0,5,1.0,0.0,0,0,3,2695,6.149818566860631,0,1,1.0,13.789009395986795,0.3333333333333333
3bffffb2d174ab95cfdeb3eacc9c0afb,1,reattempt,2,6,3.0,3.67,3,3,0,0,2,2.0,4,1.0,0.0,0,0,6,5375,11.832579768728465,0,2,2.0,13.789009395986795,0.5
3bffffb2d174ab95cfdeb3eacc9c0afb,1,individual_risk,0,6,1.0,1.0,3,1,0,1,0,0,6,1.0,0.0,0,0,0,0,0,0,0,0,0.0036346149863675237,0.16666666666666666
3bffffb2d174ab95cfdeb3eacc9c0afb,1,individual_risk,1,6,2.0,2.0,3,2,0,0,1,1.0,5,1.0,0.0,0,0,0,0,0,0,0,1.0,0.0036346149863675237,0.3333333333333333
3bffffb2d174ab95cfdeb3eacc9c0afb,1,individual_risk,2,6,3.0,3.0,3,3,0,0,2,2.0,4,1.0,0.0,0,0,0,0,0,0,0,2.0,0.0036346149863675237,0.5
ea8b291b240fab467592f64e1d073957,0,individual,0,6,1.0,1.77,6,1,0,1,0,0,6,1.0,0.0,0,0,0,0,0,0,0,0,0.004010658944025636,0.16666666666666666
ea8b291b240fab467592f64e1d073957,0,individual,1,6,2.0,2.77,6,2,0,1,1,1.0,5,1.0,0.0,0,0,0,0,0,0,0,1.0,0.004010658944025636,0.3333333333333333
ea8b291b240fab467592f64e1d073957,0,individual,2,6,3.0,3.77,6,3,0,1,2,2.0,4,1.0,0.0,0,0,0,0,0,0,0,2.0,0.004010658944025636,0.5
ea8b291b240fab467592f64e1d073957,0,memory,0,6,1.0,1.77,6,1,0,1,0,0,6,1.0,0.0,0,0,0,0,0,0,0,0,18.950681729940698,0.16666666666666666
ea8b291b240fab467592f64e1d073957,0,memory,1,6,2.0,2.77,6,2,0,1,1,1.0,5,1.0,0.0,0,0,5,3642,8.022563236067072,2,1,1.0,18.950681729940698,0.3333333333333333
ea8b291b240fab467592f64e1d073957,0,memory,2,6,2.0,2.0,5,2,0,1,2,2.0,4,0.0,-1.0,0,1,9,6881,16.3377828320954,3,2,2.0,18.950681729940698,0.3333333333333333
ea8b291b240fab467592f64e1d073957,0,source_rule,0,6,1.0,1.77,6,1,0,1,0,0,6,1.0,0.0,0,0,0,0,0,0,0,0,5.930610438110307,0.16666666666666666
ea8b291b240fab467592f64e1d073957,0,source_rule,1,6,2.0,2.77,6,2,0,1,1,1.0,5,1.0,0.0,0,0,2,1489,3.4599633330944926,0,1,1.0,5.930610438110307,0.3333333333333333
ea8b291b240fab467592f64e1d073957,0,source_rule,2,6,2.0,2.77,6,2,0,1,2,2.0,4,0.0,-1.0,0,1,3,2264,4.793415699154139,0,2,2.0,5.930610438110307,0.3333333333333333
ea8b291b240fab467592f64e1d073957,0,fixed_audit,0,6,1.0,1.77,6,1,0,1,0,0,6,1.0,0.0,0,0,0,0,0,0,0,0,13.046454405062832,0.16666666666666666
ea8b291b240fab467592f64e1d073957,0,fixed_audit,1,6,2.0,2.77,6,2,0,1,1,1.0,5,1.0,0.0,0,0,3,2256,5.8986035551643,1,1,1.0,13.046454405062832,0.3333333333333333
ea8b291b240fab467592f64e1d073957,0,fixed_audit,2,6,2.0,2.77,6,2,0,1,2,2.0,4,0.0,-1.0,0,1,6,4669,11.153363207122311,2,2,2.0,13.046454405062832,0.3333333333333333
ea8b291b240fab467592f64e1d073957,0,adaptive,0,6,1.0,1.77,6,1,0,1,0,0,6,1.0,0.0,0,0,0,0,0,0,0,0,12.904369374969974,0.16666666666666666
ea8b291b240fab467592f64e1d073957,0,adaptive,1,6,2.0,2.77,6,2,0,1,1,1.0,5,1.0,0.0,0,0,3,2256,5.980323669034988,1,1,1.0,12.904369374969974,0.3333333333333333
ea8b291b240fab467592f64e1d073957,0,adaptive,2,6,3.0,3.77,6,3,0,1,2,2.0,4,1.0,0.0,0,0,6,4703,10.997811669949442,2,2,2.0,12.904369374969974,0.5
ea8b291b240fab467592f64e1d073957,0,reattempt,0,6,1.0,1.77,6,1,0,1,0,0,6,1.0,0.0,0,0,0,0,0,0,0,0,5.4129781749797985,0.16666666666666666
ea8b291b240fab467592f64e1d073957,0,reattempt,1,6,2.0,2.77,6,2,0,1,1,1.0,5,1.0,0.0,0,0,2,1232,3.272204049048014,0,1,1.0,5.4129781749797985,0.3333333333333333
ea8b291b240fab467592f64e1d073957,0,reattempt,2,6,3.0,3.77,6,3,0,1,2,2.0,4,1.0,0.0,0,0,3,1836,4.583412677049637,0,2,2.0,5.4129781749797985,0.5
ea8b291b240fab467592f64e1d073957,0,individual_risk,0,6,1.0,1.77,6,1,0,1,0,0,6,1.0,0.0,0,0,0,0,0,0,0,0,0.003352149040438235,0.16666666666666666
ea8b291b240fab467592f64e1d073957,0,individual_risk,1,6,2.0,2.77,6,2,0,0,1,1.0,5,1.0,0.0,0,0,0,0,0,0,0,1.0,0.003352149040438235,0.3333333333333333
ea8b291b240fab467592f64e1d073957,0,individual_risk,2,6,3.0,3.77,6,3,0,0,2,2.0,4,1.0,0.0,0,0,0,0,0,0,0,2.0,0.003352149040438235,0.5
ea8b291b240fab467592f64e1d073957,1,individual,0,6,2.0,2.0,6,2,0,2,0,0,6,2.0,0.0,0,0,0,0,0,0,0,0,0.0033443219726905227,0.3333333333333333
ea8b291b240fab467592f64e1d073957,1,individual,1,6,3.0,3.0,6,3,0,1,1,1.0,5,2.0,0.0,0,0,0,0,0,0,0,1.0,0.0033443219726905227,0.5
ea8b291b240fab467592f64e1d073957,1,individual,2,6,4.0,4.0,6,4,0,1,2,2.0,4,2.0,0.0,0,0,0,0,0,0,0,2.0,0.0033443219726905227,0.6666666666666666
ea8b291b240fab467592f64e1d073957,1,memory,0,6,2.0,2.0,6,2,0,2,0,0,6,2.0,0.0,0,0,0,0,0,0,0,0,20.502254780032672,0.3333333333333333
ea8b291b240fab467592f64e1d073957,1,memory,1,6,2.0,2.0,6,2,0,1,1,1.0,5,1.0,-1.0,0,1,5,3786,9.517892468138598,2,1,1.0,20.502254780032672,0.3333333333333333
ea8b291b240fab467592f64e1d073957,1,memory,2,6,4.0,4.0,6,4,0,0,2,2.0,4,2.0,0.0,1,1,9,7128,17.202026387210935,2,2,2.0,20.502254780032672,0.6666666666666666
ea8b291b240fab467592f64e1d073957,1,source_rule,0,6,2.0,2.0,6,2,0,2,0,0,6,2.0,0.0,0,0,0,0,0,0,0,0,6.262720442027785,0.3333333333333333
ea8b291b240fab467592f64e1d073957,1,source_rule,1,6,3.0,3.0,6,3,0,1,1,1.0,5,2.0,0.0,0,0,0,0,0,0,0,1.0,6.262720442027785,0.5
ea8b291b240fab467592f64e1d073957,1,source_rule,2,6,4.0,4.0,6,4,0,1,2,2.0,4,2.0,0.0,0,0,2,1692,4.44283698790241,0,1,2.0,6.262720442027785,0.6666666666666666
ea8b291b240fab467592f64e1d073957,1,fixed_audit,0,6,2.0,2.0,6,2,0,2,0,0,6,2.0,0.0,0,0,0,0,0,0,0,0,14.35057255695574,0.3333333333333333
ea8b291b240fab467592f64e1d073957,1,fixed_audit,1,6,2.0,2.0,6,2,0,1,1,1.0,5,1.0,-1.0,0,1,3,2312,6.089671112946235,1,1,1.0,14.35057255695574,0.3333333333333333
ea8b291b240fab467592f64e1d073957,1,fixed_audit,2,6,3.0,3.0,6,3,0,1,2,2.0,4,1.0,-1.0,0,1,6,4817,12.224611236015335,1,2,2.0,14.35057255695574,0.5
ea8b291b240fab467592f64e1d073957,1,adaptive,0,6,2.0,2.0,6,2,0,2,0,0,6,2.0,0.0,0,0,0,0,0,0,0,0,15.307680430007167,0.3333333333333333
ea8b291b240fab467592f64e1d073957,1,adaptive,1,6,2.0,2.0,6,2,0,1,1,1.0,5,1.0,-1.0,0,1,3,2299,6.03205557691399,1,1,1.0,15.307680430007167,0.3333333333333333
ea8b291b240fab467592f64e1d073957,1,adaptive,2,6,2.0,2.0,5,2,0,0,2,2.0,4,0.0,-1.0,0,1,6,4782,12.866973499883898,1,2,1.0,15.307680430007167,0.3333333333333333
ea8b291b240fab467592f64e1d073957,1,reattempt,0,6,2.0,2.0,6,2,0,2,0,0,6,2.0,0.0,0,0,0,0,0,0,0,0,4.304099638015032,0.3333333333333333
ea8b291b240fab467592f64e1d073957,1,reattempt,1,6,3.0,3.0,6,3,0,1,1,1.0,5,2.0,0.0,0,0,0,0,0,0,0,1.0,4.304099638015032,0.5
ea8b291b240fab467592f64e1d073957,1,reattempt,2,6,4.0,4.0,6,4,0,1,2,2.0,4,2.0,0.0,0,0,2,1258,3.7524399660760537,0,1,2.0,4.304099638015032,0.6666666666666666
ea8b291b240fab467592f64e1d073957,1,individual_risk,0,6,2.0,2.0,6,2,0,2,0,0,6,2.0,0.0,0,0,0,0,0,0,0,0,0.003051373059861362,0.3333333333333333
ea8b291b240fab467592f64e1d073957,1,individual_risk,1,6,3.0,3.0,6,3,0,1,1,1.0,5,2.0,0.0,0,0,0,0,0,0,0,1.0,0.003051373059861362,0.5
ea8b291b240fab467592f64e1d073957,1,individual_risk,2,6,4.0,4.0,6,4,0,0,2,2.0,4,2.0,0.0,0,0,0,0,0,0,0,2.0,0.003051373059861362,0.6666666666666666
4c831b52efd5a0200d3f85447d6437a3,0,individual,0,6,4.0,4.0,5,4,0,1,0,0,6,4.0,0.0,0,0,0,0,0,0,0,0,0.004211666993796825,0.6666666666666666
4c831b52efd5a0200d3f85447d6437a3,0,individual,1,6,5.0,5.0,5,5,0,0,1,1.0,5,4.0,0.0,0,0,0,0,0,0,0,1.0,0.004211666993796825,0.8333333333333334
4c831b52efd5a0200d3f85447d6437a3,0,individual,2,6,5.0,5.0,5,5,0,0,2,2.0,4,3.0,0.0,0,0,0,0,0,0,0,1.0,0.004211666993796825,0.8333333333333334
4c831b52efd5a0200d3f85447d6437a3,0,memory,0,6,4.0,4.0,5,4,0,1,0,0,6,4.0,0.0,0,0,0,0,0,0,0,0,22.61397218995262,0.6666666666666666
4c831b52efd5a0200d3f85447d6437a3,0,memory,1,6,4.0,4.0,4,4,0,0,1,1.0,5,3.0,-1.0,1,2,5,4413,11.001682633068413,0,1,1.0,22.61397218995262,0.6666666666666666
4c831b52efd5a0200d3f85447d6437a3,0,memory,2,6,5.0,5.0,5,5,0,0,2,2.0,4,3.0,0.0,1,1,9,8116,18.89301967609208,0,2,2.0,22.61397218995262,0.8333333333333334
4c831b52efd5a0200d3f85447d6437a3,0,source_rule,0,6,4.0,4.0,5,4,0,1,0,0,6,4.0,0.0,0,0,0,0,0,0,0,0,0.004036406986415386,0.6666666666666666
4c831b52efd5a0200d3f85447d6437a3,0,source_rule,1,6,5.0,5.0,5,5,0,0,1,1.0,5,4.0,0.0,0,0,0,0,0,0,0,1.0,0.004036406986415386,0.8333333333333334
4c831b52efd5a0200d3f85447d6437a3,0,source_rule,2,6,5.0,5.0,5,5,0,0,2,2.0,4,3.0,0.0,0,0,0,0,0,0,0,1.0,0.004036406986415386,0.8333333333333334
4c831b52efd5a0200d3f85447d6437a3,0,fixed_audit,0,6,4.0,4.0,5,4,0,1,0,0,6,4.0,0.0,0,0,0,0,0,0,0,0,7.2096297619864345,0.6666666666666666
4c831b52efd5a0200d3f85447d6437a3,0,fixed_audit,1,6,5.0,5.0,5,5,0,0,1,1.0,5,4.0,0.0,0,0,0,0,0,0,0,1.0,7.2096297619864345,0.8333333333333334
4c831b52efd5a0200d3f85447d6437a3,0,fixed_audit,2,6,5.0,5.0,5,5,0,0,2,2.0,4,3.0,0.0,1,1,3,2798,5.801350269000977,0,1,1.0,7.2096297619864345,0.8333333333333334
4c831b52efd5a0200d3f85447d6437a3,0,adaptive,0,6,4.0,4.0,5,4,0,1,0,0,6,4.0,0.0,0,0,0,0,0,0,0,0,7.3713797349482775,0.6666666666666666
4c831b52efd5a0200d3f85447d6437a3,0,adaptive,1,6,5.0,5.0,5,5,0,0,1,1.0,5,4.0,0.0,0,0,0,0,0,0,0,1.0,7.3713797349482775,0.8333333333333334
4c831b52efd5a0200d3f85447d6437a3,0,adaptive,2,6,5.0,5.0,5,5,0,0,2,2.0,4,3.0,0.0,1,1,3,2798,6.035756682045758,0,1,1.0,7.3713797349482775,0.8333333333333334
4c831b52efd5a0200d3f85447d6437a3,0,reattempt,0,6,4.0,4.0,5,4,0,1,0,0,6,4.0,0.0,0,0,0,0,0,0,0,0,0.003953034058213234,0.6666666666666666
4c831b52efd5a0200d3f85447d6437a3,0,reattempt,1,6,5.0,5.0,5,5,0,0,1,1.0,5,4.0,0.0,0,0,0,0,0,0,0,1.0,0.003953034058213234,0.8333333333333334
4c831b52efd5a0200d3f85447d6437a3,0,reattempt,2,6,5.0,5.0,5,5,0,0,2,2.0,4,3.0,0.0,0,0,0,0,0,0,0,1.0,0.003953034058213234,0.8333333333333334
4c831b52efd5a0200d3f85447d6437a3,0,individual_risk,0,6,4.0,4.0,5,4,0,1,0,0,6,4.0,0.0,0,0,0,0,0,0,0,0,0.0036570619558915496,0.6666666666666666
4c831b52efd5a0200d3f85447d6437a3,0,individual_risk,1,6,5.0,5.0,5,5,0,0,1,1.0,5,4.0,0.0,0,0,0,0,0,0,0,1.0,0.0036570619558915496,0.8333333333333334
4c831b52efd5a0200d3f85447d6437a3,0,individual_risk,2,6,5.0,5.0,5,5,0,0,2,2.0,4,3.0,0.0,0,0,0,0,0,0,0,1.0,0.0036570619558915496,0.8333333333333334
4c831b52efd5a0200d3f85447d6437a3,1,individual,0,6,2.0,2.0,4,2,0,1,0,0,6,2.0,0.0,0,0,0,0,0,0,0,0,0.0034754520747810602,0.3333333333333333
4c831b52efd5a0200d3f85447d6437a3,1,individual,1,6,3.0,3.0,4,3,0,0,1,1.0,5,2.0,0.0,0,0,0,0,0,0,0,1.0,0.0034754520747810602,0.5
4c831b52efd5a0200d3f85447d6437a3,1,individual,2,6,4.0,4.0,5,4,0,0,2,2.0,4,2.0,0.0,0,0,0,0,0,0,0,2.0,0.0034754520747810602,0.6666666666666666
4c831b52efd5a0200d3f85447d6437a3,1,memory,0,6,2.0,2.0,4,2,0,1,0,0,6,2.0,0.0,0,0,0,0,0,0,0,0,21.006607844028622,0.3333333333333333
4c831b52efd5a0200d3f85447d6437a3,1,memory,1,6,4.0,4.0,4,4,0,0,1,1.0,5,3.0,1.0,2,1,5,4409,10.751692686113529,1,1,1.0,21.006607844028622,0.6666666666666666
4c831b52efd5a0200d3f85447d6437a3,1,memory,2,6,5.0,5.0,6,5,0,0,2,2.0,4,3.0,1.0,2,1,9,8099,17.93658051500097,1,2,2.0,21.006607844028622,0.8333333333333334
4c831b52efd5a0200d3f85447d6437a3,1,source_rule,0,6,2.0,2.0,4,2,0,1,0,0,6,2.0,0.0,0,0,0,0,0,0,0,0,0.0037710440810769796,0.3333333333333333
4c831b52efd5a0200d3f85447d6437a3,1,source_rule,1,6,3.0,3.0,4,3,0,0,1,1.0,5,2.0,0.0,0,0,0,0,0,0,0,1.0,0.0037710440810769796,0.5
4c831b52efd5a0200d3f85447d6437a3,1,source_rule,2,6,4.0,4.0,5,4,0,0,2,2.0,4,2.0,0.0,0,0,0,0,0,0,0,2.0,0.0037710440810769796,0.6666666666666666
4c831b52efd5a0200d3f85447d6437a3,1,fixed_audit,0,6,2.0,2.0,4,2,0,1,0,0,6,2.0,0.0,0,0,0,0,0,0,0,0,0.004044884000904858,0.3333333333333333
4c831b52efd5a0200d3f85447d6437a3,1,fixed_audit,1,6,3.0,3.0,4,3,0,0,1,1.0,5,2.0,0.0,0,0,0,0,0,0,0,1.0,0.004044884000904858,0.5
4c831b52efd5a0200d3f85447d6437a3,1,fixed_audit,2,6,4.0,4.0,5,4,0,0,2,2.0,4,2.0,0.0,0,0,0,0,0,0,0,2.0,0.004044884000904858,0.6666666666666666
4c831b52efd5a0200d3f85447d6437a3,1,adaptive,0,6,2.0,2.0,4,2,0,1,0,0,6,2.0,0.0,0,0,0,0,0,0,0,0,0.004347612033598125,0.3333333333333333
4c831b52efd5a0200d3f85447d6437a3,1,adaptive,1,6,3.0,3.0,4,3,0,0,1,1.0,5,2.0,0.0,0,0,0,0,0,0,0,1.0,0.004347612033598125,0.5
4c831b52efd5a0200d3f85447d6437a3,1,adaptive,2,6,4.0,4.0,5,4,0,0,2,2.0,4,2.0,0.0,0,0,0,0,0,0,0,2.0,0.004347612033598125,0.6666666666666666
4c831b52efd5a0200d3f85447d6437a3,1,reattempt,0,6,2.0,2.0,4,2,0,1,0,0,6,2.0,0.0,0,0,0,0,0,0,0,0,0.003984617069363594,0.3333333333333333
4c831b52efd5a0200d3f85447d6437a3,1,reattempt,1,6,3.0,3.0,4,3,0,0,1,1.0,5,2.0,0.0,0,0,0,0,0,0,0,1.0,0.003984617069363594,0.5
4c831b52efd5a0200d3f85447d6437a3,1,reattempt,2,6,4.0,4.0,5,4,0,0,2,2.0,4,2.0,0.0,0,0,0,0,0,0,0,2.0,0.003984617069363594,0.6666666666666666
4c831b52efd5a0200d3f85447d6437a3,1,individual_risk,0,6,2.0,2.0,4,2,0,1,0,0,6,2.0,0.0,0,0,0,0,0,0,0,0,0.0036827389849349856,0.3333333333333333
4c831b52efd5a0200d3f85447d6437a3,1,individual_risk,1,6,3.0,3.0,4,3,0,0,1,1.0,5,2.0,0.0,0,0,0,0,0,0,0,1.0,0.0036827389849349856,0.5
4c831b52efd5a0200d3f85447d6437a3,1,individual_risk,2,6,4.0,4.0,5,4,0,0,2,2.0,4,2.0,0.0,0,0,0,0,0,0,0,2.0,0.0036827389849349856,0.6666666666666666
bf3bb2fe848111c6f1370b66cdd8da3e,0,individual,0,6,4.0,4.0,6,4,0,0,0,0,6,4.0,0.0,0,0,0,0,0,0,0,0,0.0038554860511794686,0.6666666666666666
bf3bb2fe848111c6f1370b66cdd8da3e,0,individual,1,6,5.0,5.0,6,5,0,0,1,1.0,5,4.0,0.0,0,0,0,0,0,0,0,1.0,0.0038554860511794686,0.8333333333333334
bf3bb2fe848111c6f1370b66cdd8da3e,0,individual,2,6,6.0,6.0,6,6,1,0,2,2.0,4,4.0,0.0,0,0,0,0,0,0,0,2.0,0.0038554860511794686,1.0
bf3bb2fe848111c6f1370b66cdd8da3e,0,memory,0,6,4.0,4.0,6,4,0,0,0,0,6,4.0,0.0,0,0,0,0,0,0,0,0,18.330792143009603,0.6666666666666666
bf3bb2fe848111c6f1370b66cdd8da3e,0,memory,1,6,1.0,1.0,6,1,0,0,1,1.0,5,0.0,-4.0,0,4,5,4530,6.999448609072715,0,1,1.0,18.330792143009603,0.16666666666666666
bf3bb2fe848111c6f1370b66cdd8da3e,0,memory,2,6,4.0,4.0,6,4,0,0,2,2.0,4,2.0,-2.0,0,2,9,8535,14.71847968606744,0,2,2.0,18.330792143009603,0.6666666666666666
bf3bb2fe848111c6f1370b66cdd8da3e,0,source_rule,0,6,4.0,4.0,6,4,0,0,0,0,6,4.0,0.0,0,0,0,0,0,0,0,0,6.337810248020105,0.6666666666666666
bf3bb2fe848111c6f1370b66cdd8da3e,0,source_rule,1,6,4.0,4.0,6,4,0,0,1,1.0,5,3.0,-1.0,0,1,2,1819,3.648398417979479,0,1,1.0,6.337810248020105,0.6666666666666666
bf3bb2fe848111c6f1370b66cdd8da3e,0,source_rule,2,6,5.0,5.0,6,5,0,0,2,2.0,4,3.0,-1.0,0,1,3,2810,5.495387529954314,0,2,2.0,6.337810248020105,0.8333333333333334
bf3bb2fe848111c6f1370b66cdd8da3e,0,fixed_audit,0,6,4.0,4.0,6,4,0,0,0,0,6,4.0,0.0,0,0,0,0,0,0,0,0,10.654884055955335,0.6666666666666666
bf3bb2fe848111c6f1370b66cdd8da3e,0,fixed_audit,1,6,3.0,3.0,6,3,0,0,1,1.0,5,2.0,-2.0,0,2,3,2720,4.712866698158905,0,1,1.0,10.654884055955335,0.5
bf3bb2fe848111c6f1370b66cdd8da3e,0,fixed_audit,2,6,4.0,4.0,6,4,0,0,2,2.0,4,2.0,-2.0,0,2,5,4723,8.407649569096975,0,2,2.0,10.654884055955335,0.6666666666666666
bf3bb2fe848111c6f1370b66cdd8da3e,0,adaptive,0,6,4.0,4.0,6,4,0,0,0,0,6,4.0,0.0,0,0,0,0,0,0,0,0,13.203918036888354,0.6666666666666666
bf3bb2fe848111c6f1370b66cdd8da3e,0,adaptive,1,6,3.0,3.0,6,3,0,0,1,1.0,5,2.0,-2.0,0,2,3,2720,4.727678032126278,0,1,1.0,13.203918036888354,0.5
bf3bb2fe848111c6f1370b66cdd8da3e,0,adaptive,2,6,4.0,4.0,6,4,0,0,2,2.0,4,2.0,-1.0,0,1,6,5730,11.094079263159074,0,2,1.0,13.203918036888354,0.6666666666666666
bf3bb2fe848111c6f1370b66cdd8da3e,0,reattempt,0,6,4.0,4.0,6,4,0,0,0,0,6,4.0,0.0,0,0,0,0,0,0,0,0,6.437056042952463,0.6666666666666666
bf3bb2fe848111c6f1370b66cdd8da3e,0,reattempt,1,6,4.0,4.0,6,4,0,0,1,1.0,5,3.0,-1.0,0,1,2,1615,3.5144972770940512,0,1,1.0,6.437056042952463,0.6666666666666666
bf3bb2fe848111c6f1370b66cdd8da3e,0,reattempt,2,6,5.0,5.0,6,5,0,0,2,2.0,4,3.0,-1.0,0,1,3,2413,5.060300219105557,0,2,2.0,6.437056042952463,0.8333333333333334
bf3bb2fe848111c6f1370b66cdd8da3e,0,individual_risk,0,6,4.0,4.0,6,4,0,0,0,0,6,4.0,0.0,0,0,0,0,0,0,0,0,0.003827783977612853,0.6666666666666666
bf3bb2fe848111c6f1370b66cdd8da3e,0,individual_risk,1,6,5.0,5.0,6,5,0,0,1,1.0,5,4.0,0.0,0,0,0,0,0,0,0,1.0,0.003827783977612853,0.8333333333333334
bf3bb2fe848111c6f1370b66cdd8da3e,0,individual_risk,2,6,6.0,6.0,6,6,1,0,2,2.0,4,4.0,0.0,0,0,0,0,0,0,0,2.0,0.003827783977612853,1.0
bf3bb2fe848111c6f1370b66cdd8da3e,1,individual,0,6,3.0,3.0,6,3,0,0,0,0,6,3.0,0.0,0,0,0,0,0,0,0,0,0.0037599250208586454,0.5
bf3bb2fe848111c6f1370b66cdd8da3e,1,individual,1,6,4.0,4.0,6,4,0,0,1,1.0,5,3.0,0.0,0,0,0,0,0,0,0,1.0,0.0037599250208586454,0.6666666666666666
bf3bb2fe848111c6f1370b66cdd8da3e,1,individual,2,6,4.0,4.0,6,4,0,0,2,2.0,4,2.0,0.0,0,0,0,0,0,0,0,1.0,0.0037599250208586454,0.6666666666666666
bf3bb2fe848111c6f1370b66cdd8da3e,1,memory,0,6,3.0,3.0,6,3,0,0,0,0,6,3.0,0.0,0,0,0,0,0,0,0,0,18.426285870955326,0.5
bf3bb2fe848111c6f1370b66cdd8da3e,1,memory,1,6,1.0,1.0,6,1,0,0,1,1.0,5,0.0,-3.0,0,3,5,4520,7.735195576911792,0,1,1.0,18.426285870955326,0.16666666666666666
bf3bb2fe848111c6f1370b66cdd8da3e,1,memory,2,6,4.0,4.0,6,4,0,0,2,2.0,4,2.0,0.0,1,1,9,8527,15.316872047958896,0,2,2.0,18.426285870955326,0.6666666666666666
bf3bb2fe848111c6f1370b66cdd8da3e,1,source_rule,0,6,3.0,3.0,6,3,0,0,0,0,6,3.0,0.0,0,0,0,0,0,0,0,0,10.14083586097695,0.5
bf3bb2fe848111c6f1370b66cdd8da3e,1,source_rule,1,6,2.0,2.0,6,2,0,0,1,1.0,5,1.0,-2.0,0,2,3,2707,4.47931541793514,0,1,1.0,10.14083586097695,0.3333333333333333
bf3bb2fe848111c6f1370b66cdd8da3e,1,source_rule,2,6,2.0,2.0,6,2,0,0,2,2.0,4,0.0,-2.0,0,2,5,4694,8.156984601984732,0,2,2.0,10.14083586097695,0.3333333333333333
bf3bb2fe848111c6f1370b66cdd8da3e,1,fixed_audit,0,6,3.0,3.0,6,3,0,0,0,0,6,3.0,0.0,0,0,0,0,0,0,0,0,8.90891403798014,0.5
bf3bb2fe848111c6f1370b66cdd8da3e,1,fixed_audit,1,6,2.0,2.0,6,2,0,0,1,1.0,5,1.0,-2.0,0,2,3,2707,3.9273786100093275,0,1,1.0,8.90891403798014,0.3333333333333333
bf3bb2fe848111c6f1370b66cdd8da3e,1,fixed_audit,2,6,4.0,4.0,6,4,0,0,2,2.0,4,2.0,0.0,1,1,5,4703,7.507851830916479,0,2,2.0,8.90891403798014,0.6666666666666666
bf3bb2fe848111c6f1370b66cdd8da3e,1,adaptive,0,6,3.0,3.0,6,3,0,0,0,0,6,3.0,0.0,0,0,0,0,0,0,0,0,11.579014707007445,0.5
bf3bb2fe848111c6f1370b66cdd8da3e,1,adaptive,1,6,2.0,2.0,6,2,0,0,1,1.0,5,1.0,-2.0,0,2,3,2716,4.202591538080014,0,1,1.0,11.579014707007445,0.3333333333333333
bf3bb2fe848111c6f1370b66cdd8da3e,1,adaptive,2,6,3.0,3.5,6,3,0,0,2,2.0,4,1.0,-2.0,1,3,6,5737,9.886147105135024,0,2,2.0,11.579014707007445,0.5
bf3bb2fe848111c6f1370b66cdd8da3e,1,reattempt,0,6,3.0,3.0,6,3,0,0,0,0,6,3.0,0.0,0,0,0,0,0,0,0,0,10.598715521977283,0.5
bf3bb2fe848111c6f1370b66cdd8da3e,1,reattempt,1,6,2.0,2.0,6,2,0,0,1,1.0,5,1.0,-2.0,0,2,3,2404,4.98873843497131,0,1,1.0,10.598715521977283,0.3333333333333333
bf3bb2fe848111c6f1370b66cdd8da3e,1,reattempt,2,6,3.0,3.0,6,3,0,0,2,2.0,4,1.0,-1.0,0,1,5,4011,8.374548032064922,0,2,2.0,10.598715521977283,0.5
bf3bb2fe848111c6f1370b66cdd8da3e,1,individual_risk,0,6,3.0,3.0,6,3,0,0,0,0,6,3.0,0.0,0,0,0,0,0,0,0,0,0.005910353967919946,0.5
bf3bb2fe848111c6f1370b66cdd8da3e,1,individual_risk,1,6,4.0,4.0,6,4,0,0,1,1.0,5,3.0,0.0,0,0,0,0,0,0,0,1.0,0.005910353967919946,0.6666666666666666
bf3bb2fe848111c6f1370b66cdd8da3e,1,individual_risk,2,6,5.0,5.0,6,5,0,0,2,2.0,4,3.0,0.0,0,0,0,0,0,0,0,2.0,0.005910353967919946,0.8333333333333334
9246b58ea8656eecf7739094d072f0b8,0,individual,0,6,3.0,3.81,5,3,0,2,0,0,6,3.0,0.0,0,0,0,0,0,0,0,0,0.00773169903550297,0.5
9246b58ea8656eecf7739094d072f0b8,0,individual,1,6,4.0,4.8100000000000005,6,4,0,1,1,1.0,5,3.0,0.0,0,0,0,0,0,0,0,1.0,0.00773169903550297,0.6666666666666666
9246b58ea8656eecf7739094d072f0b8,0,individual,2,6,4.0,4.8100000000000005,6,4,0,1,2,2.0,4,2.0,0.0,0,0,0,0,0,0,0,1.0,0.00773169903550297,0.6666666666666666
9246b58ea8656eecf7739094d072f0b8,0,memory,0,6,3.0,3.81,5,3,0,2,0,0,6,3.0,0.0,0,0,0,0,0,0,0,0,26.226499551092274,0.5
9246b58ea8656eecf7739094d072f0b8,0,memory,1,6,2.0,2.0,2,2,0,0,1,1.0,5,1.0,-2.0,0,2,5,6468,11.732226368039846,1,1,1.0,26.226499551092274,0.3333333333333333
9246b58ea8656eecf7739094d072f0b8,0,memory,2,6,2.0,2.0,3,2,0,0,2,2.0,4,0.0,-2.0,0,2,9,11892,21.78196176304482,1,2,2.0,26.226499551092274,0.3333333333333333
9246b58ea8656eecf7739094d072f0b8,0,source_rule,0,6,3.0,3.81,5,3,0,2,0,0,6,3.0,0.0,0,0,0,0,0,0,0,0,13.449095287942328,0.5
9246b58ea8656eecf7739094d072f0b8,0,source_rule,1,6,2.0,2.81,4,2,0,1,1,1.0,5,1.0,-2.0,0,2,3,3846,6.841466792975552,1,1,1.0,13.449095287942328,0.3333333333333333
9246b58ea8656eecf7739094d072f0b8,0,source_rule,2,6,2.0,2.81,5,2,0,1,2,2.0,4,0.0,-2.0,0,2,5,6525,10.967275446979329,1,2,2.0,13.449095287942328,0.3333333333333333
9246b58ea8656eecf7739094d072f0b8,0,fixed_audit,0,6,3.0,3.81,5,3,0,2,0,0,6,3.0,0.0,0,0,0,0,0,0,0,0,15.187710539088584,0.5
9246b58ea8656eecf7739094d072f0b8,0,fixed_audit,1,6,2.0,2.81,4,2,0,1,1,1.0,5,1.0,-2.0,0,2,3,3846,6.063471784000285,1,1,1.0,15.187710539088584,0.3333333333333333
9246b58ea8656eecf7739094d072f0b8,0,fixed_audit,2,6,2.0,2.81,4,2,0,0,2,2.0,4,0.0,-2.0,0,2,6,7883,13.057555429055355,1,2,2.0,15.187710539088584,0.3333333333333333
9246b58ea8656eecf7739094d072f0b8,0,adaptive,0,6,3.0,3.81,5,3,0,2,0,0,6,3.0,0.0,0,0,0,0,0,0,0,0,7.852077143033966,0.5
9246b58ea8656eecf7739094d072f0b8,0,adaptive,1,6,2.0,2.81,4,2,0,1,1,1.0,5,1.0,-2.0,0,2,3,3846,6.697634968906641,1,1,1.0,7.852077143033966,0.3333333333333333
9246b58ea8656eecf7739094d072f0b8,0,adaptive,2,6,3.0,3.81,4,3,0,0,2,2.0,4,1.0,-2.0,0,2,3,3846,6.697634968906641,1,1,2.0,7.852077143033966,0.5
9246b58ea8656eecf7739094d072f0b8,0,reattempt,0,6,3.0,3.81,5,3,0,2,0,0,6,3.0,0.0,0,0,0,0,0,0,0,0,13.118421406019479,0.5
9246b58ea8656eecf7739094d072f0b8,0,reattempt,1,6,4.0,4.8100000000000005,6,4,0,1,1,1.0,5,3.0,0.0,0,0,3,3443,6.732465524924919,2,1,1.0,13.118421406019479,0.6666666666666666
9246b58ea8656eecf7739094d072f0b8,0,reattempt,2,6,4.0,4.8100000000000005,6,4,0,1,2,2.0,4,2.0,0.0,0,0,5,5746,11.054544719983824,3,2,1.0,13.118421406019479,0.6666666666666666
9246b58ea8656eecf7739094d072f0b8,0,individual_risk,0,6,3.0,3.81,5,3,0,2,0,0,6,3.0,0.0,0,0,0,0,0,0,0,0,0.007700975053012371,0.5
9246b58ea8656eecf7739094d072f0b8,0,individual_risk,1,6,4.0,4.8100000000000005,5,4,0,1,1,1.0,5,3.0,0.0,0,0,0,0,0,0,0,1.0,0.007700975053012371,0.6666666666666666
9246b58ea8656eecf7739094d072f0b8,0,individual_risk,2,6,4.0,4.8100000000000005,5,4,0,1,2,2.0,4,2.0,0.0,0,0,0,0,0,0,0,1.0,0.007700975053012371,0.6666666666666666
9246b58ea8656eecf7739094d072f0b8,1,individual,0,6,3.0,3.81,4,3,0,1,0,0,6,3.0,0.0,0,0,0,0,0,0,0,0,0.004263750044628978,0.5
9246b58ea8656eecf7739094d072f0b8,1,individual,1,6,3.0,3.81,4,3,0,1,1,1.0,5,2.0,0.0,0,0,0,0,0,0,0,0.0,0.004263750044628978,0.5
9246b58ea8656eecf7739094d072f0b8,1,individual,2,6,4.0,4.8100000000000005,5,4,0,1,2,2.0,4,2.0,0.0,0,0,0,0,0,0,0,1.0,0.004263750044628978,0.6666666666666666
9246b58ea8656eecf7739094d072f0b8,1,memory,0,6,3.0,3.81,4,3,0,1,0,0,6,3.0,0.0,0,0,0,0,0,0,0,0,25.027591931982897,0.5
9246b58ea8656eecf7739094d072f0b8,1,memory,1,6,3.0,3.8,5,3,0,0,1,1.0,5,2.0,0.0,1,1,5,6279,12.396861191024072,2,1,0.0,25.027591931982897,0.5
9246b58ea8656eecf7739094d072f0b8,1,memory,2,6,2.0,3.61,5,2,0,0,2,2.0,4,0.0,-2.0,0,2,9,11650,20.73574620508589,3,2,1.0,25.027591931982897,0.3333333333333333
9246b58ea8656eecf7739094d072f0b8,1,source_rule,0,6,3.0,3.81,4,3,0,1,0,0,6,3.0,0.0,0,0,0,0,0,0,0,0,12.264987647999078,0.5
9246b58ea8656eecf7739094d072f0b8,1,source_rule,1,6,2.0,2.81,4,2,0,1,1,1.0,5,1.0,-1.0,0,1,3,3759,6.690401097992435,2,1,0.0,12.264987647999078,0.3333333333333333
9246b58ea8656eecf7739094d072f0b8,1,source_rule,2,6,2.0,3.48,5,2,0,1,2,2.0,4,0.0,-2.0,0,2,5,6463,10.76415735797491,3,2,1.0,12.264987647999078,0.3333333333333333
9246b58ea8656eecf7739094d072f0b8,1,fixed_audit,0,6,3.0,3.81,4,3,0,1,0,0,6,3.0,0.0,0,0,0,0,0,0,0,0,12.972893101046793,0.5
9246b58ea8656eecf7739094d072f0b8,1,fixed_audit,1,6,2.0,2.81,4,2,0,1,1,1.0,5,1.0,-1.0,0,1,3,3759,6.618021591100842,2,1,0.0,12.972893101046793,0.3333333333333333
9246b58ea8656eecf7739094d072f0b8,1,fixed_audit,2,6,2.0,3.48,5,2,0,1,2,2.0,4,0.0,-2.0,0,2,5,6463,11.145199444144964,3,2,1.0,12.972893101046793,0.3333333333333333
9246b58ea8656eecf7739094d072f0b8,1,adaptive,0,6,3.0,3.81,4,3,0,1,0,0,6,3.0,0.0,0,0,0,0,0,0,0,0,16.80286948394496,0.5
9246b58ea8656eecf7739094d072f0b8,1,adaptive,1,6,2.0,2.81,4,2,0,1,1,1.0,5,1.0,-1.0,0,1,3,3759,7.4940803811186925,2,1,0.0,16.80286948394496,0.3333333333333333
9246b58ea8656eecf7739094d072f0b8,1,adaptive,2,6,2.0,3.75,6,2,0,0,2,2.0,4,0.0,-1.0,0,1,6,7716,14.629588345997036,3,2,0.0,16.80286948394496,0.3333333333333333
9246b58ea8656eecf7739094d072f0b8,1,reattempt,0,6,3.0,3.81,4,3,0,1,0,0,6,3.0,0.0,0,0,0,0,0,0,0,0,11.835273417993449,0.5
9246b58ea8656eecf7739094d072f0b8,1,reattempt,1,6,3.0,3.81,4,3,0,1,1,1.0,5,2.0,0.0,0,0,3,3442,6.184865370043553,2,1,0.0,11.835273417993449,0.5
9246b58ea8656eecf7739094d072f0b8,1,reattempt,2,6,4.0,4.8100000000000005,5,4,0,1,2,2.0,4,2.0,0.0,0,0,5,5744,10.414235981064849,3,2,1.0,11.835273417993449,0.6666666666666666
9246b58ea8656eecf7739094d072f0b8,1,individual_risk,0,6,3.0,3.81,4,3,0,1,0,0,6,3.0,0.0,0,0,0,0,0,0,0,0,0.004377217032015324,0.5
9246b58ea8656eecf7739094d072f0b8,1,individual_risk,1,6,4.0,4.8100000000000005,5,4,0,0,1,1.0,5,3.0,0.0,0,0,0,0,0,0,0,1.0,0.004377217032015324,0.6666666666666666
9246b58ea8656eecf7739094d072f0b8,1,individual_risk,2,6,4.0,4.8100000000000005,5,4,0,0,2,2.0,4,2.0,0.0,0,0,0,0,0,0,0,1.0,0.004377217032015324,0.6666666666666666
4bf6297fe4aaf51d58b160a778fadc6f,0,individual,0,6,1.0,1.0,4,1,0,1,0,0,6,1.0,0.0,0,0,0,0,0,0,0,0,0.0041617220267653465,0.16666666666666666
4bf6297fe4aaf51d58b160a778fadc6f,0,individual,1,6,2.0,2.0,4,2,0,1,1,1.0,5,1.0,0.0,0,0,0,0,0,0,0,1.0,0.0041617220267653465,0.3333333333333333
4bf6297fe4aaf51d58b160a778fadc6f,0,individual,2,6,3.0,3.0,4,3,0,1,2,2.0,4,1.0,0.0,0,0,0,0,0,0,0,2.0,0.0041617220267653465,0.5
4bf6297fe4aaf51d58b160a778fadc6f,0,memory,0,6,1.0,1.0,4,1,0,1,0,0,6,1.0,0.0,0,0,0,0,0,0,0,0,23.398537311004475,0.16666666666666666
4bf6297fe4aaf51d58b160a778fadc6f,0,memory,1,6,1.0,2.41,4,1,0,0,1,1.0,5,0.0,-1.0,0,1,5,5758,11.826610798947513,0,1,1.0,23.398537311004475,0.16666666666666666
4bf6297fe4aaf51d58b160a778fadc6f,0,memory,2,6,4.0,4.9399999999999995,5,4,0,0,2,2.0,4,2.0,1.0,1,0,9,10691,19.31660768284928,0,2,2.0,23.398537311004475,0.6666666666666666
4bf6297fe4aaf51d58b160a778fadc6f,0,source_rule,0,6,1.0,1.0,4,1,0,1,0,0,6,1.0,0.0,0,0,0,0,0,0,0,0,6.684542769915424,0.16666666666666666
4bf6297fe4aaf51d58b160a778fadc6f,0,source_rule,1,6,1.0,1.5,4,1,0,1,1,1.0,5,0.0,-1.0,0,1,2,2334,4.822027038084343,0,1,1.0,6.684542769915424,0.16666666666666666
4bf6297fe4aaf51d58b160a778fadc6f,0,source_rule,2,6,2.0,2.5,4,2,0,1,2,2.0,4,0.0,-1.0,0,1,2,2334,4.822027038084343,0,1,2.0,6.684542769915424,0.3333333333333333
4bf6297fe4aaf51d58b160a778fadc6f,0,fixed_audit,0,6,1.0,1.0,4,1,0,1,0,0,6,1.0,0.0,0,0,0,0,0,0,0,0,9.313162480015308,0.16666666666666666
4bf6297fe4aaf51d58b160a778fadc6f,0,fixed_audit,1,6,1.0,1.5,4,1,0,1,1,1.0,5,0.0,-1.0,0,1,2,2334,4.458437213907018,0,1,1.0,9.313162480015308,0.16666666666666666
4bf6297fe4aaf51d58b160a778fadc6f,0,fixed_audit,2,6,3.0,3.5,5,3,0,1,2,2.0,4,1.0,0.0,1,1,4,4778,7.73632231191732,0,2,2.0,9.313162480015308,0.5
4bf6297fe4aaf51d58b160a778fadc6f,0,adaptive,0,6,1.0,1.0,4,1,0,1,0,0,6,1.0,0.0,0,0,0,0,0,0,0,0,12.252441604039632,0.16666666666666666
4bf6297fe4aaf51d58b160a778fadc6f,0,adaptive,1,6,1.0,1.5,4,1,0,1,1,1.0,5,0.0,-1.0,0,1,2,2334,4.1031043560942635,0,1,1.0,12.252441604039632,0.16666666666666666
4bf6297fe4aaf51d58b160a778fadc6f,0,adaptive,2,6,3.0,4.4399999999999995,6,3,0,0,2,2.0,4,1.0,0.0,1,1,5,5933,10.505240591126494,0,2,2.0,12.252441604039632,0.5
4bf6297fe4aaf51d58b160a778fadc6f,0,reattempt,0,6,1.0,1.0,4,1,0,1,0,0,6,1.0,0.0,0,0,0,0,0,0,0,0,5.337662481935695,0.16666666666666666
4bf6297fe4aaf51d58b160a778fadc6f,0,reattempt,1,6,2.0,2.0,4,2,0,1,1,1.0,5,1.0,0.0,0,0,2,2028,4.147193089127541,0,1,1.0,5.337662481935695,0.3333333333333333
4bf6297fe4aaf51d58b160a778fadc6f,0,reattempt,2,6,3.0,3.0,4,3,0,1,2,2.0,4,1.0,0.0,0,0,2,2028,4.147193089127541,0,1,2.0,5.337662481935695,0.5
4bf6297fe4aaf51d58b160a778fadc6f,0,individual_risk,0,6,1.0,1.0,4,1,0,1,0,0,6,1.0,0.0,0,0,0,0,0,0,0,0,0.003783858031965792,0.16666666666666666
4bf6297fe4aaf51d58b160a778fadc6f,0,individual_risk,1,6,2.0,2.0,4,2,0,0,1,1.0,5,1.0,0.0,0,0,0,0,0,0,0,1.0,0.003783858031965792,0.3333333333333333
4bf6297fe4aaf51d58b160a778fadc6f,0,individual_risk,2,6,3.0,3.0,4,3,0,0,2,2.0,4,1.0,0.0,0,0,0,0,0,0,0,2.0,0.003783858031965792,0.5
4bf6297fe4aaf51d58b160a778fadc6f,1,individual,0,6,2.0,2.0,5,2,0,1,0,0,6,2.0,0.0,0,0,0,0,0,0,0,0,0.0037816809490323067,0.3333333333333333
4bf6297fe4aaf51d58b160a778fadc6f,1,individual,1,6,3.0,3.0,5,3,0,1,1,1.0,5,2.0,0.0,0,0,0,0,0,0,0,1.0,0.0037816809490323067,0.5
4bf6297fe4aaf51d58b160a778fadc6f,1,individual,2,6,4.0,4.0,5,4,0,1,2,2.0,4,2.0,0.0,0,0,0,0,0,0,0,2.0,0.0037816809490323067,0.6666666666666666
4bf6297fe4aaf51d58b160a778fadc6f,1,memory,0,6,2.0,2.0,5,2,0,1,0,0,6,2.0,0.0,0,0,0,0,0,0,0,0,22.304098317050375,0.3333333333333333
4bf6297fe4aaf51d58b160a778fadc6f,1,memory,1,6,1.0,2.36,4,1,0,0,1,1.0,5,0.0,-2.0,0,2,5,5724,10.06540084106382,0,1,1.0,22.304098317050375,0.16666666666666666
4bf6297fe4aaf51d58b160a778fadc6f,1,memory,2,6,4.0,4.79,5,4,0,0,2,2.0,4,2.0,0.0,1,1,9,10694,19.08327545609791,0,2,2.0,22.304098317050375,0.6666666666666666
4bf6297fe4aaf51d58b160a778fadc6f,1,source_rule,0,6,2.0,2.0,5,2,0,1,0,0,6,2.0,0.0,0,0,0,0,0,0,0,0,4.575187663082033,0.3333333333333333
4bf6297fe4aaf51d58b160a778fadc6f,1,source_rule,1,6,2.0,2.5,5,2,0,1,1,1.0,5,1.0,-1.0,0,1,2,2323,3.924655153066851,0,1,1.0,4.575187663082033,0.3333333333333333
4bf6297fe4aaf51d58b160a778fadc6f,1,source_rule,2,6,3.0,3.5,5,3,0,1,2,2.0,4,1.0,-1.0,0,1,2,2323,3.924655153066851,0,1,2.0,4.575187663082033,0.5
4bf6297fe4aaf51d58b160a778fadc6f,1,fixed_audit,0,6,2.0,2.0,5,2,0,1,0,0,6,2.0,0.0,0,0,0,0,0,0,0,0,10.728705683955923,0.3333333333333333
4bf6297fe4aaf51d58b160a778fadc6f,1,fixed_audit,1,6,2.0,2.5,5,2,0,1,1,1.0,5,1.0,-1.0,0,1,2,2323,4.159513580962084,0,1,1.0,10.728705683955923,0.3333333333333333
4bf6297fe4aaf51d58b160a778fadc6f,1,fixed_audit,2,6,3.0,3.5,5,3,0,1,2,2.0,4,1.0,-1.0,1,2,4,4803,8.750716994865797,0,2,2.0,10.728705683955923,0.5
4bf6297fe4aaf51d58b160a778fadc6f,1,adaptive,0,6,2.0,2.0,5,2,0,1,0,0,6,2.0,0.0,0,0,0,0,0,0,0,0,13.340170084033161,0.3333333333333333
4bf6297fe4aaf51d58b160a778fadc6f,1,adaptive,1,6,2.0,2.5,5,2,0,1,1,1.0,5,1.0,-1.0,0,1,2,2323,4.307890144060366,0,1,1.0,13.340170084033161,0.3333333333333333
4bf6297fe4aaf51d58b160a778fadc6f,1,adaptive,2,6,3.0,4.29,6,3,0,0,2,2.0,4,1.0,0.0,1,1,5,5917,10.999828062136658,0,2,1.0,13.340170084033161,0.5
4bf6297fe4aaf51d58b160a778fadc6f,1,reattempt,0,6,2.0,2.0,5,2,0,1,0,0,6,2.0,0.0,0,0,0,0,0,0,0,0,5.233439270989038,0.3333333333333333
4bf6297fe4aaf51d58b160a778fadc6f,1,reattempt,1,6,3.0,3.0,5,3,0,1,1,1.0,5,2.0,0.0,0,0,2,2067,4.395795476040803,0,1,1.0,5.233439270989038,0.5
4bf6297fe4aaf51d58b160a778fadc6f,1,reattempt,2,6,4.0,4.0,5,4,0,1,2,2.0,4,2.0,0.0,0,0,2,2067,4.395795476040803,0,1,2.0,5.233439270989038,0.6666666666666666
4bf6297fe4aaf51d58b160a778fadc6f,1,individual_risk,0,6,2.0,2.0,5,2,0,1,0,0,6,2.0,0.0,0,0,0,0,0,0,0,0,0.003574207075871527,0.3333333333333333
4bf6297fe4aaf51d58b160a778fadc6f,1,individual_risk,1,6,3.0,3.0,5,3,0,0,1,1.0,5,2.0,0.0,0,0,0,0,0,0,0,1.0,0.003574207075871527,0.5
4bf6297fe4aaf51d58b160a778fadc6f,1,individual_risk,2,6,4.0,4.0,5,4,0,0,2,2.0,4,2.0,0.0,0,0,0,0,0,0,0,2.0,0.003574207075871527,0.6666666666666666
7e10b02ae31ffbb6fed72213553ebe50,0,individual,0,6,1.0,1.0,6,1,0,2,0,0,6,1.0,0.0,0,0,0,0,0,0,0,0,0.006618789047934115,0.16666666666666666
7e10b02ae31ffbb6fed72213553ebe50,0,individual,1,6,2.0,2.0,6,2,0,1,1,1.0,5,1.0,0.0,0,0,0,0,0,0,0,1.0,0.006618789047934115,0.3333333333333333
7e10b02ae31ffbb6fed72213553ebe50,0,individual,2,6,3.0,3.0,6,3,0,1,2,2.0,4,1.0,0.0,0,0,0,0,0,0,0,2.0,0.006618789047934115,0.5
7e10b02ae31ffbb6fed72213553ebe50,0,memory,0,6,1.0,1.0,6,1,0,2,0,0,6,1.0,0.0,0,0,0,0,0,0,0,0,23.838811277993955,0.16666666666666666
7e10b02ae31ffbb6fed72213553ebe50,0,memory,1,6,4.0,4.0,6,4,0,0,1,1.0,5,3.0,2.0,2,0,5,6945,12.209057379048318,1,1,1.0,23.838811277993955,0.6666666666666666
7e10b02ae31ffbb6fed72213553ebe50,0,memory,2,6,5.0,5.0,6,5,0,0,2,2.0,4,3.0,2.0,2,0,9,12775,19.969357182038948,1,2,2.0,23.838811277993955,0.8333333333333334
7e10b02ae31ffbb6fed72213553ebe50,0,source_rule,0,6,1.0,1.0,6,1,0,2,0,0,6,1.0,0.0,0,0,0,0,0,0,0,0,2.296550878905691,0.16666666666666666
7e10b02ae31ffbb6fed72213553ebe50,0,source_rule,1,6,2.0,2.0,6,2,0,1,1,1.0,5,1.0,0.0,0,0,0,0,0,0,0,1.0,2.296550878905691,0.3333333333333333
7e10b02ae31ffbb6fed72213553ebe50,0,source_rule,2,6,3.0,3.0,6,3,0,1,2,2.0,4,1.0,0.0,0,0,1,1434,2.011082009994425,0,1,2.0,2.296550878905691,0.5
7e10b02ae31ffbb6fed72213553ebe50,0,fixed_audit,0,6,1.0,1.0,6,1,0,2,0,0,6,1.0,0.0,0,0,0,0,0,0,0,0,12.695309273083694,0.16666666666666666
7e10b02ae31ffbb6fed72213553ebe50,0,fixed_audit,1,6,3.0,3.0,6,3,0,1,1,1.0,5,2.0,1.0,1,0,2,2803,4.441446523065679,1,1,1.0,12.695309273083694,0.5
7e10b02ae31ffbb6fed72213553ebe50,0,fixed_audit,2,6,5.0,5.0,6,5,0,1,2,2.0,4,3.0,2.0,2,0,5,7176,10.704193107085302,1,2,2.0,12.695309273083694,0.8333333333333334
7e10b02ae31ffbb6fed72213553ebe50,0,adaptive,0,6,1.0,1.0,6,1,0,2,0,0,6,1.0,0.0,0,0,0,0,0,0,0,0,12.405348566011526,0.16666666666666666
7e10b02ae31ffbb6fed72213553ebe50,0,adaptive,1,6,3.0,3.0,6,3,0,1,1,1.0,5,2.0,1.0,1,0,2,2803,4.733996274881065,1,1,1.0,12.405348566011526,0.5
7e10b02ae31ffbb6fed72213553ebe50,0,adaptive,2,6,5.0,5.0,6,5,0,1,2,2.0,4,3.0,2.0,2,0,5,7176,10.453223116812296,1,2,2.0,12.405348566011526,0.8333333333333334
7e10b02ae31ffbb6fed72213553ebe50,0,reattempt,0,6,1.0,1.0,6,1,0,2,0,0,6,1.0,0.0,0,0,0,0,0,0,0,0,2.450698765926063,0.16666666666666666
7e10b02ae31ffbb6fed72213553ebe50,0,reattempt,1,6,2.0,2.0,6,2,0,1,1,1.0,5,1.0,0.0,0,0,0,0,0,0,0,1.0,2.450698765926063,0.3333333333333333
7e10b02ae31ffbb6fed72213553ebe50,0,reattempt,2,6,3.0,3.0,6,3,0,1,2,2.0,4,1.0,0.0,0,0,1,1266,2.1701171540189534,0,1,2.0,2.450698765926063,0.5
7e10b02ae31ffbb6fed72213553ebe50,0,individual_risk,0,6,1.0,1.0,6,1,0,2,0,0,6,1.0,0.0,0,0,0,0,0,0,0,0,0.005979238077998161,0.16666666666666666
7e10b02ae31ffbb6fed72213553ebe50,0,individual_risk,1,6,2.0,2.0,6,2,0,1,1,1.0,5,1.0,0.0,0,0,0,0,0,0,0,1.0,0.005979238077998161,0.3333333333333333
7e10b02ae31ffbb6fed72213553ebe50,0,individual_risk,2,6,3.0,3.0,6,3,0,0,2,2.0,4,1.0,0.0,0,0,0,0,0,0,0,2.0,0.005979238077998161,0.5
7e10b02ae31ffbb6fed72213553ebe50,1,individual,0,6,2.0,2.1,6,2,0,1,0,0,6,2.0,0.0,0,0,0,0,0,0,0,0,0.004413835937157273,0.3333333333333333
7e10b02ae31ffbb6fed72213553ebe50,1,individual,1,6,2.0,2.1,6,2,0,1,1,1.0,5,1.0,0.0,0,0,0,0,0,0,0,0.0,0.004413835937157273,0.3333333333333333
7e10b02ae31ffbb6fed72213553ebe50,1,individual,2,6,3.0,3.1,6,3,0,1,2,2.0,4,1.0,0.0,0,0,0,0,0,0,0,1.0,0.004413835937157273,0.5
7e10b02ae31ffbb6fed72213553ebe50,1,memory,0,6,2.0,2.1,6,2,0,1,0,0,6,2.0,0.0,0,0,0,0,0,0,0,0,26.090659811045043,0.3333333333333333
7e10b02ae31ffbb6fed72213553ebe50,1,memory,1,6,2.0,2.0,4,2,0,0,1,1.0,5,1.0,0.0,1,1,5,7187,14.19737248599995,0,1,0.0,26.090659811045043,0.3333333333333333
7e10b02ae31ffbb6fed72213553ebe50,1,memory,2,6,2.0,2.3,5,2,0,0,2,2.0,4,0.0,-1.0,0,1,9,13009,23.226039110100828,0,2,0.0,26.090659811045043,0.3333333333333333
7e10b02ae31ffbb6fed72213553ebe50,1,source_rule,0,6,2.0,2.1,6,2,0,1,0,0,6,2.0,0.0,0,0,0,0,0,0,0,0,12.683164004003629,0.3333333333333333
7e10b02ae31ffbb6fed72213553ebe50,1,source_rule,1,6,2.0,2.1,6,2,0,1,1,1.0,5,1.0,0.0,1,1,3,4198,6.812232910073362,0,1,0.0,12.683164004003629,0.3333333333333333
7e10b02ae31ffbb6fed72213553ebe50,1,source_rule,2,6,2.0,2.1,6,2,0,1,2,2.0,4,0.0,-1.0,0,1,5,7098,10.764848300023004,0,2,0.0,12.683164004003629,0.3333333333333333
7e10b02ae31ffbb6fed72213553ebe50,1,fixed_audit,0,6,2.0,2.1,6,2,0,1,0,0,6,2.0,0.0,0,0,0,0,0,0,0,0,10.699883839930408,0.3333333333333333
7e10b02ae31ffbb6fed72213553ebe50,1,fixed_audit,1,6,2.0,2.1,6,2,0,1,1,1.0,5,1.0,0.0,1,1,3,4198,6.6741919331252575,0,1,0.0,10.699883839930408,0.3333333333333333
7e10b02ae31ffbb6fed72213553ebe50,1,fixed_audit,2,6,2.0,2.1,6,2,0,1,2,2.0,4,0.0,-1.0,0,1,4,5649,8.593931160168722,0,2,0.0,10.699883839930408,0.3333333333333333
7e10b02ae31ffbb6fed72213553ebe50,1,adaptive,0,6,2.0,2.1,6,2,0,1,0,0,6,2.0,0.0,0,0,0,0,0,0,0,0,7.2592017649440095,0.3333333333333333
7e10b02ae31ffbb6fed72213553ebe50,1,adaptive,1,6,2.0,2.1,6,2,0,1,1,1.0,5,1.0,0.0,1,1,3,4198,6.395568144856952,0,1,0.0,7.2592017649440095,0.3333333333333333
7e10b02ae31ffbb6fed72213553ebe50,1,adaptive,2,6,3.0,3.1,6,3,0,0,2,2.0,4,1.0,0.0,1,1,3,4198,6.395568144856952,0,1,1.0,7.2592017649440095,0.5
7e10b02ae31ffbb6fed72213553ebe50,1,reattempt,0,6,2.0,2.1,6,2,0,1,0,0,6,2.0,0.0,0,0,0,0,0,0,0,0,11.641544427955523,0.3333333333333333
7e10b02ae31ffbb6fed72213553ebe50,1,reattempt,1,6,2.0,3.1,6,2,0,1,1,1.0,5,1.0,0.0,1,1,3,3853,6.68611974909436,0,1,0.0,11.641544427955523,0.3333333333333333
7e10b02ae31ffbb6fed72213553ebe50,1,reattempt,2,6,3.0,3.1,6,3,0,1,2,2.0,4,1.0,0.0,0,0,5,6381,10.086335428059101,1,2,0.0,11.641544427955523,0.5
7e10b02ae31ffbb6fed72213553ebe50,1,individual_risk,0,6,2.0,2.1,6,2,0,1,0,0,6,2.0,0.0,0,0,0,0,0,0,0,0,0.0051541379652917385,0.3333333333333333
7e10b02ae31ffbb6fed72213553ebe50,1,individual_risk,1,6,3.0,3.1,6,3,0,0,1,1.0,5,2.0,0.0,0,0,0,0,0,0,0,1.0,0.0051541379652917385,0.5
7e10b02ae31ffbb6fed72213553ebe50,1,individual_risk,2,6,3.0,3.1,6,3,0,0,2,2.0,4,1.0,0.0,0,0,0,0,0,0,0,1.0,0.0051541379652917385,0.5
a06963067573666d15cc4484808dd226,0,individual,0,6,4.0,4.0,6,4,0,1,0,0,6,4.0,0.0,0,0,0,0,0,0,0,0,0.0035654010716825724,0.6666666666666666
a06963067573666d15cc4484808dd226,0,individual,1,6,5.0,5.0,6,5,0,0,1,1.0,5,4.0,0.0,0,0,0,0,0,0,0,1.0,0.0035654010716825724,0.8333333333333334
a06963067573666d15cc4484808dd226,0,individual,2,6,5.0,5.0,6,5,0,0,2,2.0,4,3.0,0.0,0,0,0,0,0,0,0,1.0,0.0035654010716825724,0.8333333333333334
a06963067573666d15cc4484808dd226,0,memory,0,6,4.0,4.0,6,4,0,1,0,0,6,4.0,0.0,0,0,0,0,0,0,0,0,19.87886958103627,0.6666666666666666
a06963067573666d15cc4484808dd226,0,memory,1,6,3.0,3.9699999999999998,5,3,0,0,1,1.0,5,2.0,-2.0,0,2,5,4047,9.007632999913767,0,1,1.0,19.87886958103627,0.5
a06963067573666d15cc4484808dd226,0,memory,2,6,5.0,5.0,6,5,0,0,2,2.0,4,3.0,0.0,1,1,9,7538,16.7993925238261,0,2,1.0,19.87886958103627,0.8333333333333334
a06963067573666d15cc4484808dd226,0,source_rule,0,6,4.0,4.0,6,4,0,1,0,0,6,4.0,0.0,0,0,0,0,0,0,0,0,2.1804637130117044,0.6666666666666666
a06963067573666d15cc4484808dd226,0,source_rule,1,6,5.0,5.0,6,5,0,0,1,1.0,5,4.0,0.0,0,0,1,796,1.606968485051766,0,1,1.0,2.1804637130117044,0.8333333333333334
a06963067573666d15cc4484808dd226,0,source_rule,2,6,5.0,5.0,6,5,0,0,2,2.0,4,3.0,0.0,0,0,1,796,1.606968485051766,0,1,1.0,2.1804637130117044,0.8333333333333334
a06963067573666d15cc4484808dd226,0,fixed_audit,0,6,4.0,4.0,6,4,0,1,0,0,6,4.0,0.0,0,0,0,0,0,0,0,0,13.143152194097638,0.6666666666666666
a06963067573666d15cc4484808dd226,0,fixed_audit,1,6,4.0,4.0,5,4,0,0,1,1.0,5,3.0,-1.0,0,1,2,1646,4.66636586911045,0,1,1.0,13.143152194097638,0.6666666666666666
a06963067573666d15cc4484808dd226,0,fixed_audit,2,6,5.0,5.0,5,5,0,0,2,2.0,4,3.0,0.0,1,1,5,4269,10.647251810878515,0,2,1.0,13.143152194097638,0.8333333333333334
a06963067573666d15cc4484808dd226,0,adaptive,0,6,4.0,4.0,6,4,0,1,0,0,6,4.0,0.0,0,0,0,0,0,0,0,0,6.856513111968525,0.6666666666666666
a06963067573666d15cc4484808dd226,0,adaptive,1,6,4.0,4.0,5,4,0,0,1,1.0,5,3.0,-1.0,0,1,2,1646,4.311705323052593,0,1,1.0,6.856513111968525,0.6666666666666666
a06963067573666d15cc4484808dd226,0,adaptive,2,6,5.0,5.0,5,5,0,0,2,2.0,4,3.0,-1.0,0,1,3,2506,5.796048023039475,0,2,2.0,6.856513111968525,0.8333333333333334
a06963067573666d15cc4484808dd226,0,reattempt,0,6,4.0,4.0,6,4,0,1,0,0,6,4.0,0.0,0,0,0,0,0,0,0,0,3.0497151440940797,0.6666666666666666
a06963067573666d15cc4484808dd226,0,reattempt,1,6,5.0,5.0,6,5,0,0,1,1.0,5,4.0,0.0,0,0,1,694,1.936607102979906,0,1,1.0,3.0497151440940797,0.8333333333333334
a06963067573666d15cc4484808dd226,0,reattempt,2,6,5.0,5.0,6,5,0,0,2,2.0,4,3.0,0.0,0,0,1,694,1.936607102979906,0,1,1.0,3.0497151440940797,0.8333333333333334
a06963067573666d15cc4484808dd226,0,individual_risk,0,6,4.0,4.0,6,4,0,1,0,0,6,4.0,0.0,0,0,0,0,0,0,0,0,0.004393410985358059,0.6666666666666666
a06963067573666d15cc4484808dd226,0,individual_risk,1,6,5.0,5.0,6,5,0,0,1,1.0,5,4.0,0.0,0,0,0,0,0,0,0,1.0,0.004393410985358059,0.8333333333333334
a06963067573666d15cc4484808dd226,0,individual_risk,2,6,5.0,5.0,6,5,0,0,2,2.0,4,3.0,0.0,0,0,0,0,0,0,0,1.0,0.004393410985358059,0.8333333333333334
a06963067573666d15cc4484808dd226,1,individual,0,6,3.0,3.0,5,3,0,1,0,0,6,3.0,0.0,0,0,0,0,0,0,0,0,0.0034987879917025566,0.5
a06963067573666d15cc4484808dd226,1,individual,1,6,4.0,4.0,5,4,0,0,1,1.0,5,3.0,0.0,0,0,0,0,0,0,0,1.0,0.0034987879917025566,0.6666666666666666
a06963067573666d15cc4484808dd226,1,individual,2,6,4.0,4.0,5,4,0,0,2,2.0,4,2.0,0.0,0,0,0,0,0,0,0,1.0,0.0034987879917025566,0.6666666666666666
a06963067573666d15cc4484808dd226,1,memory,0,6,3.0,3.0,5,3,0,1,0,0,6,3.0,0.0,0,0,0,0,0,0,0,0,21.197790037025698,0.5
a06963067573666d15cc4484808dd226,1,memory,1,6,3.0,3.9699999999999998,5,3,0,0,1,1.0,5,2.0,-1.0,1,2,5,4049,9.929365361807868,0,1,1.0,21.197790037025698,0.5
a06963067573666d15cc4484808dd226,1,memory,2,6,6.0,6.0,6,6,1,0,2,2.0,4,4.0,2.0,2,0,9,7507,17.76084737596102,0,2,2.0,21.197790037025698,1.0
a06963067573666d15cc4484808dd226,1,source_rule,0,6,3.0,3.0,5,3,0,1,0,0,6,3.0,0.0,0,0,0,0,0,0,0,0,0.003741055028513074,0.5
a06963067573666d15cc4484808dd226,1,source_rule,1,6,4.0,4.0,5,4,0,0,1,1.0,5,3.0,0.0,0,0,0,0,0,0,0,1.0,0.003741055028513074,0.6666666666666666
a06963067573666d15cc4484808dd226,1,source_rule,2,6,4.0,4.0,5,4,0,0,2,2.0,4,2.0,0.0,0,0,0,0,0,0,0,1.0,0.003741055028513074,0.6666666666666666
a06963067573666d15cc4484808dd226,1,fixed_audit,0,6,3.0,3.0,5,3,0,1,0,0,6,3.0,0.0,0,0,0,0,0,0,0,0,12.166037099901587,0.5
a06963067573666d15cc4484808dd226,1,fixed_audit,1,6,4.0,4.0,5,4,0,0,1,1.0,5,3.0,0.0,1,1,2,1657,4.250710922060534,0,1,1.0,12.166037099901587,0.6666666666666666
a06963067573666d15cc4484808dd226,1,fixed_audit,2,6,6.0,6.0,6,6,1,0,2,2.0,4,4.0,2.0,2,0,5,4263,10.204328126972541,0,2,2.0,12.166037099901587,1.0
a06963067573666d15cc4484808dd226,1,adaptive,0,6,3.0,3.0,5,3,0,1,0,0,6,3.0,0.0,0,0,0,0,0,0,0,0,6.9986892730230466,0.5
a06963067573666d15cc4484808dd226,1,adaptive,1,6,4.0,4.0,5,4,0,0,1,1.0,5,3.0,0.0,1,1,2,1657,4.5660023719538,0,1,1.0,6.9986892730230466,0.6666666666666666
a06963067573666d15cc4484808dd226,1,adaptive,2,6,5.0,5.0,5,5,0,0,2,2.0,4,3.0,0.0,1,1,3,2517,6.167017705971375,0,2,2.0,6.9986892730230466,0.8333333333333334
a06963067573666d15cc4484808dd226,1,reattempt,0,6,3.0,3.0,5,3,0,1,0,0,6,3.0,0.0,0,0,0,0,0,0,0,0,0.003526562941260636,0.5
a06963067573666d15cc4484808dd226,1,reattempt,1,6,4.0,4.0,5,4,0,0,1,1.0,5,3.0,0.0,0,0,0,0,0,0,0,1.0,0.003526562941260636,0.6666666666666666
a06963067573666d15cc4484808dd226,1,reattempt,2,6,4.0,4.0,5,4,0,0,2,2.0,4,2.0,0.0,0,0,0,0,0,0,0,1.0,0.003526562941260636,0.6666666666666666
a06963067573666d15cc4484808dd226,1,individual_risk,0,6,3.0,3.0,5,3,0,1,0,0,6,3.0,0.0,0,0,0,0,0,0,0,0,0.003402000991627574,0.5
a06963067573666d15cc4484808dd226,1,individual_risk,1,6,4.0,4.0,5,4,0,0,1,1.0,5,3.0,0.0,0,0,0,0,0,0,0,1.0,0.003402000991627574,0.6666666666666666
a06963067573666d15cc4484808dd226,1,individual_risk,2,6,4.0,4.0,5,4,0,0,2,2.0,4,2.0,0.0,0,0,0,0,0,0,0,1.0,0.003402000991627574,0.6666666666666666
36d1468e2be20ccc765f76c712ed5e1e,0,individual,0,6,0.0,0.67,2,0,0,1,0,0,6,0.0,0.0,0,0,0,0,0,0,0,0,0.004202055046334863,0.0
36d1468e2be20ccc765f76c712ed5e1e,0,individual,1,6,1.0,1.67,3,1,0,1,1,1.0,5,0.0,0.0,0,0,0,0,0,0,0,1.0,0.004202055046334863,0.16666666666666666
36d1468e2be20ccc765f76c712ed5e1e,0,individual,2,6,2.0,2.67,4,2,0,1,2,2.0,4,0.0,0.0,0,0,0,0,0,0,0,2.0,0.004202055046334863,0.3333333333333333
36d1468e2be20ccc765f76c712ed5e1e,0,memory,0,6,0.0,0.67,2,0,0,1,0,0,6,0.0,0.0,0,0,0,0,0,0,0,0,20.415322626009583,0.0
36d1468e2be20ccc765f76c712ed5e1e,0,memory,1,6,1.0,1.67,3,1,0,0,1,1.0,5,0.0,0.0,0,0,5,3755,8.475513860816136,0,1,1.0,20.415322626009583,0.16666666666666666
36d1468e2be20ccc765f76c712ed5e1e,0,memory,2,6,2.0,2.67,4,2,0,0,2,2.0,4,0.0,0.0,0,0,9,7127,16.38906611665152,0,2,2.0,20.415322626009583,0.3333333333333333
36d1468e2be20ccc765f76c712ed5e1e,0,source_rule,0,6,0.0,0.67,2,0,0,1,0,0,6,0.0,0.0,0,0,0,0,0,0,0,0,6.025281419046223,0.0
36d1468e2be20ccc765f76c712ed5e1e,0,source_rule,1,6,1.0,1.67,3,1,0,0,1,1.0,5,0.0,0.0,0,0,1,728,1.462385245016776,0,1,1.0,6.025281419046223,0.16666666666666666
36d1468e2be20ccc765f76c712ed5e1e,0,source_rule,2,6,2.0,2.67,4,2,0,0,2,2.0,4,0.0,0.0,0,0,3,2394,4.730531368171796,0,2,2.0,6.025281419046223,0.3333333333333333
36d1468e2be20ccc765f76c712ed5e1e,0,fixed_audit,0,6,0.0,0.67,2,0,0,1,0,0,6,0.0,0.0,0,0,0,0,0,0,0,0,12.171403508982621,0.0
36d1468e2be20ccc765f76c712ed5e1e,0,fixed_audit,1,6,1.0,1.67,3,1,0,0,1,1.0,5,0.0,0.0,0,0,3,2228,4.9413651580689475,0,1,1.0,12.171403508982621,0.16666666666666666
36d1468e2be20ccc765f76c712ed5e1e,0,fixed_audit,2,6,2.0,2.67,4,2,0,0,2,2.0,4,0.0,0.0,0,0,6,4729,9.988571462221444,0,2,2.0,12.171403508982621,0.3333333333333333
36d1468e2be20ccc765f76c712ed5e1e,0,adaptive,0,6,0.0,0.67,2,0,0,1,0,0,6,0.0,0.0,0,0,0,0,0,0,0,0,11.208259799983352,0.0
36d1468e2be20ccc765f76c712ed5e1e,0,adaptive,1,6,1.0,1.67,3,1,0,0,1,1.0,5,0.0,0.0,0,0,3,2228,4.697691919980571,0,1,1.0,11.208259799983352,0.16666666666666666
36d1468e2be20ccc765f76c712ed5e1e,0,adaptive,2,6,2.0,2.67,4,2,0,0,2,2.0,4,0.0,0.0,0,0,6,4729,9.438225603895262,0,2,2.0,11.208259799983352,0.3333333333333333
36d1468e2be20ccc765f76c712ed5e1e,0,reattempt,0,6,0.0,0.67,2,0,0,1,0,0,6,0.0,0.0,0,0,0,0,0,0,0,0,6.080665960093029,0.0
36d1468e2be20ccc765f76c712ed5e1e,0,reattempt,1,6,1.0,1.67,3,1,0,1,1,1.0,5,0.0,0.0,0,0,1,646,2.104705932084471,1,1,1.0,6.080665960093029,0.16666666666666666
36d1468e2be20ccc765f76c712ed5e1e,0,reattempt,2,6,2.0,2.67,4,2,0,1,2,2.0,4,0.0,0.0,0,0,3,1911,5.248978826100938,1,2,2.0,6.080665960093029,0.3333333333333333
36d1468e2be20ccc765f76c712ed5e1e,0,individual_risk,0,6,0.0,0.67,2,0,0,1,0,0,6,0.0,0.0,0,0,0,0,0,0,0,0,0.0040119600016623735,0.0
36d1468e2be20ccc765f76c712ed5e1e,0,individual_risk,1,6,1.0,1.67,2,1,0,0,1,1.0,5,0.0,0.0,0,0,0,0,0,0,0,1.0,0.0040119600016623735,0.16666666666666666
36d1468e2be20ccc765f76c712ed5e1e,0,individual_risk,2,6,2.0,2.67,3,2,0,0,2,2.0,4,0.0,0.0,0,0,0,0,0,0,0,2.0,0.0040119600016623735,0.3333333333333333
36d1468e2be20ccc765f76c712ed5e1e,1,individual,0,6,0.0,0.67,2,0,0,1,0,0,6,0.0,0.0,0,0,0,0,0,0,0,0,0.004199504037387669,0.0
36d1468e2be20ccc765f76c712ed5e1e,1,individual,1,6,1.0,1.67,3,1,0,1,1,1.0,5,0.0,0.0,0,0,0,0,0,0,0,1.0,0.004199504037387669,0.16666666666666666
36d1468e2be20ccc765f76c712ed5e1e,1,individual,2,6,2.0,2.67,4,2,0,1,2,2.0,4,0.0,0.0,0,0,0,0,0,0,0,2.0,0.004199504037387669,0.3333333333333333
36d1468e2be20ccc765f76c712ed5e1e,1,memory,0,6,0.0,0.67,2,0,0,1,0,0,6,0.0,0.0,0,0,0,0,0,0,0,0,19.382762701949105,0.0
36d1468e2be20ccc765f76c712ed5e1e,1,memory,1,6,1.0,1.67,3,1,0,0,1,1.0,5,0.0,0.0,0,0,5,3729,7.856981558026746,0,1,1.0,19.382762701949105,0.16666666666666666
36d1468e2be20ccc765f76c712ed5e1e,1,memory,2,6,2.0,2.67,4,2,0,0,2,2.0,4,0.0,0.0,0,0,9,7100,15.283122798078693,0,2,2.0,19.382762701949105,0.3333333333333333
36d1468e2be20ccc765f76c712ed5e1e,1,source_rule,0,6,0.0,0.67,2,0,0,1,0,0,6,0.0,0.0,0,0,0,0,0,0,0,0,3.8104246049188077,0.0
36d1468e2be20ccc765f76c712ed5e1e,1,source_rule,1,6,1.0,1.67,3,1,0,1,1,1.0,5,0.0,0.0,0,0,0,0,0,0,0,1.0,3.8104246049188077,0.16666666666666666
36d1468e2be20ccc765f76c712ed5e1e,1,source_rule,2,6,2.0,2.67,4,2,0,1,2,2.0,4,0.0,0.0,0,0,2,1665,3.2502197939902544,0,1,2.0,3.8104246049188077,0.3333333333333333
36d1468e2be20ccc765f76c712ed5e1e,1,fixed_audit,0,6,0.0,0.67,2,0,0,1,0,0,6,0.0,0.0,0,0,0,0,0,0,0,0,11.412536133080721,0.0
36d1468e2be20ccc765f76c712ed5e1e,1,fixed_audit,1,6,1.0,1.67,3,1,0,0,1,1.0,5,0.0,0.0,0,0,3,2220,4.383456459036097,0,1,1.0,11.412536133080721,0.16666666666666666
36d1468e2be20ccc765f76c712ed5e1e,1,fixed_audit,2,6,2.0,2.67,4,2,0,0,2,2.0,4,0.0,0.0,0,0,6,4720,9.731283178087324,0,2,2.0,11.412536133080721,0.3333333333333333
36d1468e2be20ccc765f76c712ed5e1e,1,adaptive,0,6,0.0,0.67,2,0,0,1,0,0,6,0.0,0.0,0,0,0,0,0,0,0,0,11.798584040952846,0.0
36d1468e2be20ccc765f76c712ed5e1e,1,adaptive,1,6,1.0,1.67,3,1,0,0,1,1.0,5,0.0,0.0,0,0,3,2220,4.415883150999434,0,1,1.0,11.798584040952846,0.16666666666666666
36d1468e2be20ccc765f76c712ed5e1e,1,adaptive,2,6,2.0,2.67,4,2,0,0,2,2.0,4,0.0,0.0,0,0,6,4720,9.76256766403094,0,2,2.0,11.798584040952846,0.3333333333333333
36d1468e2be20ccc765f76c712ed5e1e,1,reattempt,0,6,0.0,0.67,2,0,0,1,0,0,6,0.0,0.0,0,0,0,0,0,0,0,0,4.342695803032257,0.0
36d1468e2be20ccc765f76c712ed5e1e,1,reattempt,1,6,1.0,1.67,3,1,0,1,1,1.0,5,0.0,0.0,0,0,0,0,0,0,0,1.0,4.342695803032257,0.16666666666666666
36d1468e2be20ccc765f76c712ed5e1e,1,reattempt,2,6,2.0,2.67,4,2,0,1,2,2.0,4,0.0,0.0,0,0,2,1262,3.793393348925747,0,1,2.0,4.342695803032257,0.3333333333333333
36d1468e2be20ccc765f76c712ed5e1e,1,individual_risk,0,6,0.0,0.67,2,0,0,1,0,0,6,0.0,0.0,0,0,0,0,0,0,0,0,0.0038185720331966877,0.0
36d1468e2be20ccc765f76c712ed5e1e,1,individual_risk,1,6,1.0,1.67,2,1,0,0,1,1.0,5,0.0,0.0,0,0,0,0,0,0,0,1.0,0.0038185720331966877,0.16666666666666666
36d1468e2be20ccc765f76c712ed5e1e,1,individual_risk,2,6,2.0,2.67,3,2,0,0,2,2.0,4,0.0,0.0,0,0,0,0,0,0,0,2.0,0.0038185720331966877,0.3333333333333333
6c509acf4599f1a22272abbe9a37a1ec,0,individual,0,6,1.0,1.0,3,0,0,1,0,0,6,1.0,0.0,0,0,0,0,0,0,0,0,0.0041443429654464126,0.16666666666666666
6c509acf4599f1a22272abbe9a37a1ec,0,individual,1,6,2.0,2.0,3,1,0,0,1,1.0,5,1.0,0.0,0,0,0,0,0,0,0,1.0,0.0041443429654464126,0.3333333333333333
6c509acf4599f1a22272abbe9a37a1ec,0,individual,2,6,3.0,3.0,3,2,0,0,2,2.0,4,1.0,0.0,0,0,0,0,0,0,0,2.0,0.0041443429654464126,0.5
6c509acf4599f1a22272abbe9a37a1ec,0,memory,0,6,1.0,1.0,3,0,0,1,0,0,6,1.0,0.0,0,0,0,0,0,0,0,0,23.328192409011535,0.16666666666666666
6c509acf4599f1a22272abbe9a37a1ec,0,memory,1,6,3.0,3.0,4,2,0,0,1,1.0,5,2.0,1.0,1,0,5,6919,11.24416281899903,1,1,1.0,23.328192409011535,0.5
6c509acf4599f1a22272abbe9a37a1ec,0,memory,2,6,4.0,4.0,4,3,0,0,2,2.0,4,2.0,1.0,1,0,9,12865,19.989481166005135,1,2,2.0,23.328192409011535,0.6666666666666666
6c509acf4599f1a22272abbe9a37a1ec,0,source_rule,0,6,1.0,1.0,3,0,0,1,0,0,6,1.0,0.0,0,0,0,0,0,0,0,0,0.004769276943989098,0.16666666666666666
6c509acf4599f1a22272abbe9a37a1ec,0,source_rule,1,6,2.0,2.0,3,1,0,0,1,1.0,5,1.0,0.0,0,0,0,0,0,0,0,1.0,0.004769276943989098,0.3333333333333333
6c509acf4599f1a22272abbe9a37a1ec,0,source_rule,2,6,3.0,3.0,3,2,0,0,2,2.0,4,1.0,0.0,0,0,0,0,0,0,0,2.0,0.004769276943989098,0.5
6c509acf4599f1a22272abbe9a37a1ec,0,fixed_audit,0,6,1.0,1.0,3,0,0,1,0,0,6,1.0,0.0,0,0,0,0,0,0,0,0,0.004540427005849779,0.16666666666666666
6c509acf4599f1a22272abbe9a37a1ec,0,fixed_audit,1,6,2.0,2.0,3,1,0,0,1,1.0,5,1.0,0.0,0,0,0,0,0,0,0,1.0,0.004540427005849779,0.3333333333333333
6c509acf4599f1a22272abbe9a37a1ec,0,fixed_audit,2,6,3.0,3.0,3,2,0,0,2,2.0,4,1.0,0.0,0,0,0,0,0,0,0,2.0,0.004540427005849779,0.5
6c509acf4599f1a22272abbe9a37a1ec,0,adaptive,0,6,1.0,1.0,3,0,0,1,0,0,6,1.0,0.0,0,0,0,0,0,0,0,0,8.795508475974202,0.16666666666666666
6c509acf4599f1a22272abbe9a37a1ec,0,adaptive,1,6,2.0,2.0,3,1,0,0,1,1.0,5,1.0,0.0,0,0,0,0,0,0,0,1.0,8.795508475974202,0.3333333333333333
6c509acf4599f1a22272abbe9a37a1ec,0,adaptive,2,6,2.0,2.0,4,2,0,0,2,2.0,4,0.0,0.0,0,0,3,4359,7.617821486084722,1,1,1.0,8.795508475974202,0.3333333333333333
6c509acf4599f1a22272abbe9a37a1ec,0,reattempt,0,6,1.0,1.0,3,0,0,1,0,0,6,1.0,0.0,0,0,0,0,0,0,0,0,0.00474831007886678,0.16666666666666666
6c509acf4599f1a22272abbe9a37a1ec,0,reattempt,1,6,2.0,2.0,3,1,0,0,1,1.0,5,1.0,0.0,0,0,0,0,0,0,0,1.0,0.00474831007886678,0.3333333333333333
6c509acf4599f1a22272abbe9a37a1ec,0,reattempt,2,6,3.0,3.0,3,2,0,0,2,2.0,4,1.0,0.0,0,0,0,0,0,0,0,2.0,0.00474831007886678,0.5
6c509acf4599f1a22272abbe9a37a1ec,0,individual_risk,0,6,1.0,1.0,3,0,0,1,0,0,6,1.0,0.0,0,0,0,0,0,0,0,0,0.004246152937412262,0.16666666666666666
6c509acf4599f1a22272abbe9a37a1ec,0,individual_risk,1,6,2.0,2.0,3,1,0,0,1,1.0,5,1.0,0.0,0,0,0,0,0,0,0,1.0,0.004246152937412262,0.3333333333333333
6c509acf4599f1a22272abbe9a37a1ec,0,individual_risk,2,6,3.0,3.0,3,2,0,0,2,2.0,4,1.0,0.0,0,0,0,0,0,0,0,2.0,0.004246152937412262,0.5
6c509acf4599f1a22272abbe9a37a1ec,1,individual,0,6,1.0,1.0,4,0,0,1,0,0,6,1.0,0.0,0,0,0,0,0,0,0,0,0.004154401016421616,0.16666666666666666
6c509acf4599f1a22272abbe9a37a1ec,1,individual,1,6,2.0,2.0,4,1,0,0,1,1.0,5,1.0,0.0,0,0,0,0,0,0,0,1.0,0.004154401016421616,0.3333333333333333
6c509acf4599f1a22272abbe9a37a1ec,1,individual,2,6,2.0,2.0,5,2,0,0,2,2.0,4,0.0,0.0,0,0,0,0,0,0,0,1.0,0.004154401016421616,0.3333333333333333
6c509acf4599f1a22272abbe9a37a1ec,1,memory,0,6,1.0,1.0,4,0,0,1,0,0,6,1.0,0.0,0,0,0,0,0,0,0,0,24.606143299024552,0.16666666666666666
6c509acf4599f1a22272abbe9a37a1ec,1,memory,1,6,3.0,3.0,4,2,0,0,1,1.0,5,2.0,1.0,1,0,5,6890,11.237973618903197,1,1,1.0,24.606143299024552,0.5
6c509acf4599f1a22272abbe9a37a1ec,1,memory,2,6,3.0,3.0,5,3,0,0,2,2.0,4,1.0,1.0,1,0,9,12699,20.905648527899757,1,2,1.0,24.606143299024552,0.5
6c509acf4599f1a22272abbe9a37a1ec,1,source_rule,0,6,1.0,1.0,4,0,0,1,0,0,6,1.0,0.0,0,0,0,0,0,0,0,0,5.012496381998062,0.16666666666666666
6c509acf4599f1a22272abbe9a37a1ec,1,source_rule,1,6,2.0,2.0,4,1,0,0,1,1.0,5,1.0,0.0,0,0,1,1365,2.1008546710945666,0,1,1.0,5.012496381998062,0.3333333333333333
6c509acf4599f1a22272abbe9a37a1ec,1,source_rule,2,6,3.0,3.0,5,3,0,0,2,2.0,4,1.0,1.0,1,0,2,2794,4.332953611155972,0,2,1.0,5.012496381998062,0.5
6c509acf4599f1a22272abbe9a37a1ec,1,fixed_audit,0,6,1.0,1.0,4,0,0,1,0,0,6,1.0,0.0,0,0,0,0,0,0,0,0,12.164886145968921,0.16666666666666666
6c509acf4599f1a22272abbe9a37a1ec,1,fixed_audit,1,6,2.0,2.0,4,1,0,0,1,1.0,5,1.0,0.0,0,0,1,1365,1.9450938259251416,0,1,1.0,12.164886145968921,0.3333333333333333
6c509acf4599f1a22272abbe9a37a1ec,1,fixed_audit,2,6,3.0,3.0,5,3,0,0,2,2.0,4,1.0,1.0,1,0,4,5752,10.13405056798365,0,2,1.0,12.164886145968921,0.5
6c509acf4599f1a22272abbe9a37a1ec,1,adaptive,0,6,1.0,1.0,4,0,0,1,0,0,6,1.0,0.0,0,0,0,0,0,0,0,0,2.2371670639840886,0.16666666666666666
6c509acf4599f1a22272abbe9a37a1ec,1,adaptive,1,6,2.0,2.0,4,1,0,0,1,1.0,5,1.0,0.0,0,0,1,1365,1.949935590964742,0,1,1.0,2.2371670639840886,0.3333333333333333
6c509acf4599f1a22272abbe9a37a1ec,1,adaptive,2,6,3.0,3.0,4,2,0,0,2,2.0,4,1.0,0.0,0,0,1,1365,1.949935590964742,0,1,2.0,2.2371670639840886,0.5
6c509acf4599f1a22272abbe9a37a1ec,1,reattempt,0,6,1.0,1.0,4,0,0,1,0,0,6,1.0,0.0,0,0,0,0,0,0,0,0,3.3542412678943947,0.16666666666666666
6c509acf4599f1a22272abbe9a37a1ec,1,reattempt,1,6,2.0,2.0,4,1,0,0,1,1.0,5,1.0,0.0,0,0,1,1229,1.3449473030632362,0,1,1.0,3.3542412678943947,0.3333333333333333
6c509acf4599f1a22272abbe9a37a1ec,1,reattempt,2,6,3.0,3.0,5,3,0,0,2,2.0,4,1.0,1.0,1,0,2,2462,2.7930680690333247,0,2,1.0,3.3542412678943947,0.5
6c509acf4599f1a22272abbe9a37a1ec,1,individual_risk,0,6,1.0,1.0,4,0,0,1,0,0,6,1.0,0.0,0,0,0,0,0,0,0,0,0.004386572982184589,0.16666666666666666
6c509acf4599f1a22272abbe9a37a1ec,1,individual_risk,1,6,2.0,2.0,4,1,0,0,1,1.0,5,1.0,0.0,0,0,0,0,0,0,0,1.0,0.004386572982184589,0.3333333333333333
6c509acf4599f1a22272abbe9a37a1ec,1,individual_risk,2,6,3.0,3.0,4,2,0,0,2,2.0,4,1.0,0.0,0,0,0,0,0,0,0,2.0,0.004386572982184589,0.5
