timestamp, uuid, name, memory.total [MiB], memory.used [MiB], utilization.gpu [%], power.draw [W]
2026/09/10 02:58:37.364, GPU-c9db04c6-026b-f6d2-e711-de40c5b3e9cd, NVIDIA RTX 6000 Ada Generation, 49140 MiB, 24628 MiB, 0 %, 25.43 W
2026/09/10 02:58:37.870, GPU-c9db04c6-026b-f6d2-e711-de40c5b3e9cd, NVIDIA RTX 6000 Ada Generation, 49140 MiB, 24628 MiB, 0 %, 25.37 W
2026/09/10 02:58:38.371, GPU-c9db04c6-026b-f6d2-e711-de40c5b3e9cd, NVIDIA RTX 6000 Ada Generation, 49140 MiB, 24628 MiB, 0 %, 25.37 W
2026/09/10 02:58:38.871, GPU-c9db04c6-026b-f6d2-e711-de40c5b3e9cd, NVIDIA RTX 6000 Ada Generation, 49140 MiB, 24628 MiB, 0 %, 25.42 W
2026/09/10 02:58:39.372, GPU-c9db04c6-026b-f6d2-e711-de40c5b3e9cd, NVIDIA RTX 6000 Ada Generation, 49140 MiB, 24628 MiB, 0 %, 25.42 W
2026/09/10 02:58:39.872, GPU-c9db04c6-026b-f6d2-e711-de40c5b3e9cd, NVIDIA RTX 6000 Ada Generation, 49140 MiB, 24628 MiB, 0 %, 25.51 W
2026/09/10 02:58:40.372, GPU-c9db04c6-026b-f6d2-e711-de40c5b3e9cd, NVIDIA RTX 6000 Ada Generation, 49140 MiB, 24628 MiB, 0 %, 25.51 W
2026/09/10 02:58:40.873, GPU-c9db04c6-026b-f6d2-e711-de40c5b3e9cd, NVIDIA RTX 6000 Ada Generation, 49140 MiB, 24628 MiB, 0 %, 25.51 W
2026/09/10 02:58:41.373, GPU-c9db04c6-026b-f6d2-e711-de40c5b3e9cd, NVIDIA RTX 6000 Ada Generation, 49140 MiB, 24628 MiB, 0 %, 25.51 W
2026/09/10 02:58:41.875, GPU-c9db04c6-026b-f6d2-e711-de40c5b3e9cd, NVIDIA RTX 6000 Ada Generation, 49140 MiB, 24628 MiB, 0 %, 25.47 W
2026/09/10 02:58:42.375, GPU-c9db04c6-026b-f6d2-e711-de40c5b3e9cd, NVIDIA RTX 6000 Ada Generation, 49140 MiB, 24628 MiB, 0 %, 25.47 W
2026/09/10 02:58:42.875, GPU-c9db04c6-026b-f6d2-e711-de40c5b3e9cd, NVIDIA RTX 6000 Ada Generation, 49140 MiB, 25165 MiB, 0 %, 48.36 W
2026/09/10 02:58:43.376, GPU-c9db04c6-026b-f6d2-e711-de40c5b3e9cd, NVIDIA RTX 6000 Ada Generation, 49140 MiB, 25165 MiB, 0 %, 59.85 W
2026/09/10 02:58:43.877, GPU-c9db04c6-026b-f6d2-e711-de40c5b3e9cd, NVIDIA RTX 6000 Ada Generation, 49140 MiB, 25165 MiB, 0 %, 85.24 W
2026/09/10 02:58:44.377, GPU-c9db04c6-026b-f6d2-e711-de40c5b3e9cd, NVIDIA RTX 6000 Ada Generation, 49140 MiB, 25165 MiB, 0 %, 97.25 W
2026/09/10 02:58:44.878, GPU-c9db04c6-026b-f6d2-e711-de40c5b3e9cd, NVIDIA RTX 6000 Ada Generation, 49140 MiB, 25165 MiB, 78 %, 148.86 W
2026/09/10 02:58:45.378, GPU-c9db04c6-026b-f6d2-e711-de40c5b3e9cd, NVIDIA RTX 6000 Ada Generation, 49140 MiB, 25165 MiB, 78 %, 224.94 W
2026/09/10 02:58:45.879, GPU-c9db04c6-026b-f6d2-e711-de40c5b3e9cd, NVIDIA RTX 6000 Ada Generation, 49140 MiB, 25165 MiB, 64 %, 233.67 W
2026/09/10 02:58:46.383, GPU-c9db04c6-026b-f6d2-e711-de40c5b3e9cd, NVIDIA RTX 6000 Ada Generation, 49140 MiB, 25165 MiB, 64 %, 233.84 W
2026/09/10 02:58:46.883, GPU-c9db04c6-026b-f6d2-e711-de40c5b3e9cd, NVIDIA RTX 6000 Ada Generation, 49140 MiB, 25165 MiB, 23 %, 223.66 W
2026/09/10 02:58:47.384, GPU-c9db04c6-026b-f6d2-e711-de40c5b3e9cd, NVIDIA RTX 6000 Ada Generation, 49140 MiB, 25165 MiB, 23 %, 225.46 W
2026/09/10 02:58:47.884, GPU-c9db04c6-026b-f6d2-e711-de40c5b3e9cd, NVIDIA RTX 6000 Ada Generation, 49140 MiB, 25165 MiB, 11 %, 236.10 W
2026/09/10 02:58:48.385, GPU-c9db04c6-026b-f6d2-e711-de40c5b3e9cd, NVIDIA RTX 6000 Ada Generation, 49140 MiB, 25165 MiB, 11 %, 237.45 W
2026/09/10 02:58:48.885, GPU-c9db04c6-026b-f6d2-e711-de40c5b3e9cd, NVIDIA RTX 6000 Ada Generation, 49140 MiB, 25165 MiB, 94 %, 238.13 W
2026/09/10 02:58:49.385, GPU-c9db04c6-026b-f6d2-e711-de40c5b3e9cd, NVIDIA RTX 6000 Ada Generation, 49140 MiB, 25165 MiB, 94 %, 191.09 W
2026/09/10 02:58:49.886, GPU-c9db04c6-026b-f6d2-e711-de40c5b3e9cd, NVIDIA RTX 6000 Ada Generation, 49140 MiB, 25165 MiB, 0 %, 121.41 W
2026/09/10 02:58:50.386, GPU-c9db04c6-026b-f6d2-e711-de40c5b3e9cd, NVIDIA RTX 6000 Ada Generation, 49140 MiB, 25165 MiB, 0 %, 137.13 W
2026/09/10 02:58:50.886, GPU-c9db04c6-026b-f6d2-e711-de40c5b3e9cd, NVIDIA RTX 6000 Ada Generation, 49140 MiB, 25165 MiB, 82 %, 205.92 W
2026/09/10 02:58:51.387, GPU-c9db04c6-026b-f6d2-e711-de40c5b3e9cd, NVIDIA RTX 6000 Ada Generation, 49140 MiB, 25165 MiB, 82 %, 215.37 W
2026/09/10 02:58:51.887, GPU-c9db04c6-026b-f6d2-e711-de40c5b3e9cd, NVIDIA RTX 6000 Ada Generation, 49140 MiB, 25165 MiB, 42 %, 156.20 W
2026/09/10 02:58:52.387, GPU-c9db04c6-026b-f6d2-e711-de40c5b3e9cd, NVIDIA RTX 6000 Ada Generation, 49140 MiB, 25165 MiB, 42 %, 180.46 W
2026/09/10 02:58:52.887, GPU-c9db04c6-026b-f6d2-e711-de40c5b3e9cd, NVIDIA RTX 6000 Ada Generation, 49140 MiB, 25165 MiB, 0 %, 238.05 W
2026/09/10 02:58:53.388, GPU-c9db04c6-026b-f6d2-e711-de40c5b3e9cd, NVIDIA RTX 6000 Ada Generation, 49140 MiB, 25165 MiB, 0 %, 229.68 W
2026/09/10 02:58:53.888, GPU-c9db04c6-026b-f6d2-e711-de40c5b3e9cd, NVIDIA RTX 6000 Ada Generation, 49140 MiB, 25165 MiB, 82 %, 230.61 W
2026/09/10 02:58:54.389, GPU-c9db04c6-026b-f6d2-e711-de40c5b3e9cd, NVIDIA RTX 6000 Ada Generation, 49140 MiB, 25165 MiB, 82 %, 238.36 W
2026/09/10 02:58:54.889, GPU-c9db04c6-026b-f6d2-e711-de40c5b3e9cd, NVIDIA RTX 6000 Ada Generation, 49140 MiB, 25165 MiB, 81 %, 238.54 W
2026/09/10 02:58:55.390, GPU-c9db04c6-026b-f6d2-e711-de40c5b3e9cd, NVIDIA RTX 6000 Ada Generation, 49140 MiB, 25165 MiB, 81 %, 234.10 W
2026/09/10 02:58:55.891, GPU-c9db04c6-026b-f6d2-e711-de40c5b3e9cd, NVIDIA RTX 6000 Ada Generation, 49140 MiB, 25165 MiB, 60 %, 234.48 W
2026/09/10 02:58:56.392, GPU-c9db04c6-026b-f6d2-e711-de40c5b3e9cd, NVIDIA RTX 6000 Ada Generation, 49140 MiB, 25165 MiB, 60 %, 239.37 W
2026/09/10 02:58:56.892, GPU-c9db04c6-026b-f6d2-e711-de40c5b3e9cd, NVIDIA RTX 6000 Ada Generation, 49140 MiB, 25165 MiB, 65 %, 236.98 W
2026/09/10 02:58:57.392, GPU-c9db04c6-026b-f6d2-e711-de40c5b3e9cd, NVIDIA RTX 6000 Ada Generation, 49140 MiB, 25165 MiB, 65 %, 239.29 W
2026/09/10 02:58:57.893, GPU-c9db04c6-026b-f6d2-e711-de40c5b3e9cd, NVIDIA RTX 6000 Ada Generation, 49140 MiB, 25165 MiB, 57 %, 220.03 W
2026/09/10 02:58:58.393, GPU-c9db04c6-026b-f6d2-e711-de40c5b3e9cd, NVIDIA RTX 6000 Ada Generation, 49140 MiB, 25165 MiB, 57 %, 221.89 W
2026/09/10 02:58:58.894, GPU-c9db04c6-026b-f6d2-e711-de40c5b3e9cd, NVIDIA RTX 6000 Ada Generation, 49140 MiB, 25165 MiB, 67 %, 237.62 W
2026/09/10 02:58:59.394, GPU-c9db04c6-026b-f6d2-e711-de40c5b3e9cd, NVIDIA RTX 6000 Ada Generation, 49140 MiB, 25165 MiB, 67 %, 235.35 W
2026/09/10 02:58:59.895, GPU-c9db04c6-026b-f6d2-e711-de40c5b3e9cd, NVIDIA RTX 6000 Ada Generation, 49140 MiB, 25165 MiB, 47 %, 226.61 W
2026/09/10 02:59:00.395, GPU-c9db04c6-026b-f6d2-e711-de40c5b3e9cd, NVIDIA RTX 6000 Ada Generation, 49140 MiB, 25165 MiB, 47 %, 228.36 W
2026/09/10 02:59:00.895, GPU-c9db04c6-026b-f6d2-e711-de40c5b3e9cd, NVIDIA RTX 6000 Ada Generation, 49140 MiB, 25165 MiB, 0 %, 240.20 W
2026/09/10 02:59:01.395, GPU-c9db04c6-026b-f6d2-e711-de40c5b3e9cd, NVIDIA RTX 6000 Ada Generation, 49140 MiB, 25165 MiB, 0 %, 240.42 W
2026/09/10 02:59:01.896, GPU-c9db04c6-026b-f6d2-e711-de40c5b3e9cd, NVIDIA RTX 6000 Ada Generation, 49140 MiB, 25165 MiB, 89 %, 241.00 W
2026/09/10 02:59:02.398, GPU-c9db04c6-026b-f6d2-e711-de40c5b3e9cd, NVIDIA RTX 6000 Ada Generation, 49140 MiB, 25165 MiB, 89 %, 237.57 W
2026/09/10 02:59:02.898, GPU-c9db04c6-026b-f6d2-e711-de40c5b3e9cd, NVIDIA RTX 6000 Ada Generation, 49140 MiB, 25165 MiB, 69 %, 236.18 W
2026/09/10 02:59:03.398, GPU-c9db04c6-026b-f6d2-e711-de40c5b3e9cd, NVIDIA RTX 6000 Ada Generation, 49140 MiB, 25165 MiB, 69 %, 241.86 W
2026/09/10 02:59:03.899, GPU-c9db04c6-026b-f6d2-e711-de40c5b3e9cd, NVIDIA RTX 6000 Ada Generation, 49140 MiB, 25165 MiB, 57 %, 242.32 W
2026/09/10 02:59:04.400, GPU-c9db04c6-026b-f6d2-e711-de40c5b3e9cd, NVIDIA RTX 6000 Ada Generation, 49140 MiB, 25165 MiB, 57 %, 235.54 W
2026/09/10 02:59:04.900, GPU-c9db04c6-026b-f6d2-e711-de40c5b3e9cd, NVIDIA RTX 6000 Ada Generation, 49140 MiB, 25165 MiB, 79 %, 235.57 W
2026/09/10 02:59:05.401, GPU-c9db04c6-026b-f6d2-e711-de40c5b3e9cd, NVIDIA RTX 6000 Ada Generation, 49140 MiB, 25165 MiB, 79 %, 241.04 W
2026/09/10 02:59:05.901, GPU-c9db04c6-026b-f6d2-e711-de40c5b3e9cd, NVIDIA RTX 6000 Ada Generation, 49140 MiB, 25165 MiB, 93 %, 239.51 W
2026/09/10 02:59:06.401, GPU-c9db04c6-026b-f6d2-e711-de40c5b3e9cd, NVIDIA RTX 6000 Ada Generation, 49140 MiB, 25165 MiB, 93 %, 243.22 W
2026/09/10 02:59:06.902, GPU-c9db04c6-026b-f6d2-e711-de40c5b3e9cd, NVIDIA RTX 6000 Ada Generation, 49140 MiB, 25165 MiB, 82 %, 238.32 W
2026/09/10 02:59:07.402, GPU-c9db04c6-026b-f6d2-e711-de40c5b3e9cd, NVIDIA RTX 6000 Ada Generation, 49140 MiB, 25165 MiB, 82 %, 236.43 W
2026/09/10 02:59:07.903, GPU-c9db04c6-026b-f6d2-e711-de40c5b3e9cd, NVIDIA RTX 6000 Ada Generation, 49140 MiB, 25165 MiB, 64 %, 239.73 W
2026/09/10 02:59:08.403, GPU-c9db04c6-026b-f6d2-e711-de40c5b3e9cd, NVIDIA RTX 6000 Ada Generation, 49140 MiB, 25165 MiB, 64 %, 239.56 W
2026/09/10 02:59:08.904, GPU-c9db04c6-026b-f6d2-e711-de40c5b3e9cd, NVIDIA RTX 6000 Ada Generation, 49140 MiB, 25165 MiB, 48 %, 235.81 W
2026/09/10 02:59:09.404, GPU-c9db04c6-026b-f6d2-e711-de40c5b3e9cd, NVIDIA RTX 6000 Ada Generation, 49140 MiB, 25165 MiB, 48 %, 236.04 W
2026/09/10 02:59:09.904, GPU-c9db04c6-026b-f6d2-e711-de40c5b3e9cd, NVIDIA RTX 6000 Ada Generation, 49140 MiB, 25165 MiB, 29 %, 242.04 W
2026/09/10 02:59:10.405, GPU-c9db04c6-026b-f6d2-e711-de40c5b3e9cd, NVIDIA RTX 6000 Ada Generation, 49140 MiB, 25165 MiB, 29 %, 231.54 W
2026/09/10 02:59:10.905, GPU-c9db04c6-026b-f6d2-e711-de40c5b3e9cd, NVIDIA RTX 6000 Ada Generation, 49140 MiB, 25165 MiB, 68 %, 237.02 W
2026/09/10 02:59:11.406, GPU-c9db04c6-026b-f6d2-e711-de40c5b3e9cd, NVIDIA RTX 6000 Ada Generation, 49140 MiB, 25165 MiB, 68 %, 223.44 W
2026/09/10 02:59:11.906, GPU-c9db04c6-026b-f6d2-e711-de40c5b3e9cd, NVIDIA RTX 6000 Ada Generation, 49140 MiB, 25165 MiB, 55 %, 221.70 W
2026/09/10 02:59:12.406, GPU-c9db04c6-026b-f6d2-e711-de40c5b3e9cd, NVIDIA RTX 6000 Ada Generation, 49140 MiB, 25165 MiB, 55 %, 238.05 W
2026/09/10 02:59:12.907, GPU-c9db04c6-026b-f6d2-e711-de40c5b3e9cd, NVIDIA RTX 6000 Ada Generation, 49140 MiB, 25165 MiB, 75 %, 241.69 W
2026/09/10 02:59:13.407, GPU-c9db04c6-026b-f6d2-e711-de40c5b3e9cd, NVIDIA RTX 6000 Ada Generation, 49140 MiB, 25165 MiB, 75 %, 242.35 W
2026/09/10 02:59:13.908, GPU-c9db04c6-026b-f6d2-e711-de40c5b3e9cd, NVIDIA RTX 6000 Ada Generation, 49140 MiB, 25165 MiB, 69 %, 233.00 W
2026/09/10 02:59:14.408, GPU-c9db04c6-026b-f6d2-e711-de40c5b3e9cd, NVIDIA RTX 6000 Ada Generation, 49140 MiB, 25165 MiB, 69 %, 237.57 W
2026/09/10 02:59:14.908, GPU-c9db04c6-026b-f6d2-e711-de40c5b3e9cd, NVIDIA RTX 6000 Ada Generation, 49140 MiB, 25165 MiB, 65 %, 244.68 W
2026/09/10 02:59:15.408, GPU-c9db04c6-026b-f6d2-e711-de40c5b3e9cd, NVIDIA RTX 6000 Ada Generation, 49140 MiB, 25165 MiB, 65 %, 243.96 W
2026/09/10 02:59:15.909, GPU-c9db04c6-026b-f6d2-e711-de40c5b3e9cd, NVIDIA RTX 6000 Ada Generation, 49140 MiB, 25165 MiB, 68 %, 236.62 W
2026/09/10 02:59:16.410, GPU-c9db04c6-026b-f6d2-e711-de40c5b3e9cd, NVIDIA RTX 6000 Ada Generation, 49140 MiB, 25165 MiB, 68 %, 237.89 W
2026/09/10 02:59:16.910, GPU-c9db04c6-026b-f6d2-e711-de40c5b3e9cd, NVIDIA RTX 6000 Ada Generation, 49140 MiB, 25165 MiB, 71 %, 246.13 W
2026/09/10 02:59:17.410, GPU-c9db04c6-026b-f6d2-e711-de40c5b3e9cd, NVIDIA RTX 6000 Ada Generation, 49140 MiB, 25165 MiB, 71 %, 242.54 W
2026/09/10 02:59:17.911, GPU-c9db04c6-026b-f6d2-e711-de40c5b3e9cd, NVIDIA RTX 6000 Ada Generation, 49140 MiB, 25165 MiB, 0 %, 245.34 W
2026/09/10 02:59:18.411, GPU-c9db04c6-026b-f6d2-e711-de40c5b3e9cd, NVIDIA RTX 6000 Ada Generation, 49140 MiB, 25165 MiB, 0 %, 235.01 W
2026/09/10 02:59:18.912, GPU-c9db04c6-026b-f6d2-e711-de40c5b3e9cd, NVIDIA RTX 6000 Ada Generation, 49140 MiB, 25165 MiB, 77 %, 237.63 W
2026/09/10 02:59:19.413, GPU-c9db04c6-026b-f6d2-e711-de40c5b3e9cd, NVIDIA RTX 6000 Ada Generation, 49140 MiB, 25165 MiB, 77 %, 246.21 W
2026/09/10 02:59:19.914, GPU-c9db04c6-026b-f6d2-e711-de40c5b3e9cd, NVIDIA RTX 6000 Ada Generation, 49140 MiB, 25165 MiB, 87 %, 246.27 W
2026/09/10 02:59:20.415, GPU-c9db04c6-026b-f6d2-e711-de40c5b3e9cd, NVIDIA RTX 6000 Ada Generation, 49140 MiB, 25165 MiB, 87 %, 239.57 W
2026/09/10 02:59:20.915, GPU-c9db04c6-026b-f6d2-e711-de40c5b3e9cd, NVIDIA RTX 6000 Ada Generation, 49140 MiB, 25165 MiB, 67 %, 238.24 W
2026/09/10 02:59:21.415, GPU-c9db04c6-026b-f6d2-e711-de40c5b3e9cd, NVIDIA RTX 6000 Ada Generation, 49140 MiB, 25165 MiB, 67 %, 244.95 W
2026/09/10 02:59:21.916, GPU-c9db04c6-026b-f6d2-e711-de40c5b3e9cd, NVIDIA RTX 6000 Ada Generation, 49140 MiB, 25165 MiB, 64 %, 245.06 W
2026/09/10 02:59:22.416, GPU-c9db04c6-026b-f6d2-e711-de40c5b3e9cd, NVIDIA RTX 6000 Ada Generation, 49140 MiB, 25165 MiB, 64 %, 247.91 W
2026/09/10 02:59:22.916, GPU-c9db04c6-026b-f6d2-e711-de40c5b3e9cd, NVIDIA RTX 6000 Ada Generation, 49140 MiB, 25165 MiB, 49 %, 236.83 W
2026/09/10 02:59:23.417, GPU-c9db04c6-026b-f6d2-e711-de40c5b3e9cd, NVIDIA RTX 6000 Ada Generation, 49140 MiB, 25165 MiB, 49 %, 235.00 W
2026/09/10 02:59:23.918, GPU-c9db04c6-026b-f6d2-e711-de40c5b3e9cd, NVIDIA RTX 6000 Ada Generation, 49140 MiB, 25165 MiB, 92 %, 243.52 W
2026/09/10 02:59:24.418, GPU-c9db04c6-026b-f6d2-e711-de40c5b3e9cd, NVIDIA RTX 6000 Ada Generation, 49140 MiB, 25165 MiB, 92 %, 242.27 W
2026/09/10 02:59:24.918, GPU-c9db04c6-026b-f6d2-e711-de40c5b3e9cd, NVIDIA RTX 6000 Ada Generation, 49140 MiB, 25165 MiB, 85 %, 238.21 W
2026/09/10 02:59:25.418, GPU-c9db04c6-026b-f6d2-e711-de40c5b3e9cd, NVIDIA RTX 6000 Ada Generation, 49140 MiB, 25165 MiB, 85 %, 235.27 W
2026/09/10 02:59:25.920, GPU-c9db04c6-026b-f6d2-e711-de40c5b3e9cd, NVIDIA RTX 6000 Ada Generation, 49140 MiB, 25165 MiB, 0 %, 246.55 W
2026/09/10 02:59:26.420, GPU-c9db04c6-026b-f6d2-e711-de40c5b3e9cd, NVIDIA RTX 6000 Ada Generation, 49140 MiB, 25165 MiB, 0 %, 242.63 W
2026/09/10 02:59:26.920, GPU-c9db04c6-026b-f6d2-e711-de40c5b3e9cd, NVIDIA RTX 6000 Ada Generation, 49140 MiB, 25165 MiB, 91 %, 245.07 W
2026/09/10 02:59:27.421, GPU-c9db04c6-026b-f6d2-e711-de40c5b3e9cd, NVIDIA RTX 6000 Ada Generation, 49140 MiB, 25165 MiB, 91 %, 240.33 W
2026/09/10 02:59:27.921, GPU-c9db04c6-026b-f6d2-e711-de40c5b3e9cd, NVIDIA RTX 6000 Ada Generation, 49140 MiB, 25165 MiB, 94 %, 238.91 W
2026/09/10 02:59:28.421, GPU-c9db04c6-026b-f6d2-e711-de40c5b3e9cd, NVIDIA RTX 6000 Ada Generation, 49140 MiB, 25165 MiB, 94 %, 246.65 W
2026/09/10 02:59:28.922, GPU-c9db04c6-026b-f6d2-e711-de40c5b3e9cd, NVIDIA RTX 6000 Ada Generation, 49140 MiB, 25165 MiB, 66 %, 247.07 W
2026/09/10 02:59:29.422, GPU-c9db04c6-026b-f6d2-e711-de40c5b3e9cd, NVIDIA RTX 6000 Ada Generation, 49140 MiB, 25165 MiB, 66 %, 239.22 W
2026/09/10 02:59:29.922, GPU-c9db04c6-026b-f6d2-e711-de40c5b3e9cd, NVIDIA RTX 6000 Ada Generation, 49140 MiB, 25165 MiB, 69 %, 237.35 W
2026/09/10 02:59:30.423, GPU-c9db04c6-026b-f6d2-e711-de40c5b3e9cd, NVIDIA RTX 6000 Ada Generation, 49140 MiB, 25165 MiB, 69 %, 247.02 W
2026/09/10 02:59:30.923, GPU-c9db04c6-026b-f6d2-e711-de40c5b3e9cd, NVIDIA RTX 6000 Ada Generation, 49140 MiB, 25165 MiB, 54 %, 245.80 W
2026/09/10 02:59:31.424, GPU-c9db04c6-026b-f6d2-e711-de40c5b3e9cd, NVIDIA RTX 6000 Ada Generation, 49140 MiB, 25165 MiB, 54 %, 242.83 W
2026/09/10 02:59:31.924, GPU-c9db04c6-026b-f6d2-e711-de40c5b3e9cd, NVIDIA RTX 6000 Ada Generation, 49140 MiB, 25165 MiB, 60 %, 230.63 W
2026/09/10 02:59:32.425, GPU-c9db04c6-026b-f6d2-e711-de40c5b3e9cd, NVIDIA RTX 6000 Ada Generation, 49140 MiB, 25165 MiB, 60 %, 231.83 W
2026/09/10 02:59:32.926, GPU-c9db04c6-026b-f6d2-e711-de40c5b3e9cd, NVIDIA RTX 6000 Ada Generation, 49140 MiB, 25165 MiB, 76 %, 244.68 W
2026/09/10 02:59:33.426, GPU-c9db04c6-026b-f6d2-e711-de40c5b3e9cd, NVIDIA RTX 6000 Ada Generation, 49140 MiB, 25165 MiB, 76 %, 239.16 W
2026/09/10 02:59:33.927, GPU-c9db04c6-026b-f6d2-e711-de40c5b3e9cd, NVIDIA RTX 6000 Ada Generation, 49140 MiB, 25165 MiB, 3 %, 246.90 W
2026/09/10 02:59:34.427, GPU-c9db04c6-026b-f6d2-e711-de40c5b3e9cd, NVIDIA RTX 6000 Ada Generation, 49140 MiB, 25165 MiB, 3 %, 235.48 W
2026/09/10 02:59:34.928, GPU-c9db04c6-026b-f6d2-e711-de40c5b3e9cd, NVIDIA RTX 6000 Ada Generation, 49140 MiB, 25165 MiB, 69 %, 236.84 W
2026/09/10 02:59:35.428, GPU-c9db04c6-026b-f6d2-e711-de40c5b3e9cd, NVIDIA RTX 6000 Ada Generation, 49140 MiB, 25165 MiB, 69 %, 247.11 W
2026/09/10 02:59:35.929, GPU-c9db04c6-026b-f6d2-e711-de40c5b3e9cd, NVIDIA RTX 6000 Ada Generation, 49140 MiB, 25165 MiB, 89 %, 250.43 W
2026/09/10 02:59:36.429, GPU-c9db04c6-026b-f6d2-e711-de40c5b3e9cd, NVIDIA RTX 6000 Ada Generation, 49140 MiB, 25165 MiB, 89 %, 244.59 W
2026/09/10 02:59:36.929, GPU-c9db04c6-026b-f6d2-e711-de40c5b3e9cd, NVIDIA RTX 6000 Ada Generation, 49140 MiB, 25165 MiB, 78 %, 242.16 W
2026/09/10 02:59:37.430, GPU-c9db04c6-026b-f6d2-e711-de40c5b3e9cd, NVIDIA RTX 6000 Ada Generation, 49140 MiB, 25165 MiB, 78 %, 243.64 W
2026/09/10 02:59:37.931, GPU-c9db04c6-026b-f6d2-e711-de40c5b3e9cd, NVIDIA RTX 6000 Ada Generation, 49140 MiB, 25165 MiB, 70 %, 248.14 W
2026/09/10 02:59:38.431, GPU-c9db04c6-026b-f6d2-e711-de40c5b3e9cd, NVIDIA RTX 6000 Ada Generation, 49140 MiB, 25165 MiB, 70 %, 248.28 W
2026/09/10 02:59:38.931, GPU-c9db04c6-026b-f6d2-e711-de40c5b3e9cd, NVIDIA RTX 6000 Ada Generation, 49140 MiB, 25165 MiB, 20 %, 234.42 W
2026/09/10 02:59:39.432, GPU-c9db04c6-026b-f6d2-e711-de40c5b3e9cd, NVIDIA RTX 6000 Ada Generation, 49140 MiB, 25165 MiB, 20 %, 225.80 W
2026/09/10 02:59:39.932, GPU-c9db04c6-026b-f6d2-e711-de40c5b3e9cd, NVIDIA RTX 6000 Ada Generation, 49140 MiB, 25165 MiB, 0 %, 204.31 W
2026/09/10 02:59:40.433, GPU-c9db04c6-026b-f6d2-e711-de40c5b3e9cd, NVIDIA RTX 6000 Ada Generation, 49140 MiB, 25165 MiB, 0 %, 218.52 W
2026/09/10 02:59:40.933, GPU-c9db04c6-026b-f6d2-e711-de40c5b3e9cd, NVIDIA RTX 6000 Ada Generation, 49140 MiB, 25165 MiB, 64 %, 237.24 W
2026/09/10 02:59:41.433, GPU-c9db04c6-026b-f6d2-e711-de40c5b3e9cd, NVIDIA RTX 6000 Ada Generation, 49140 MiB, 25165 MiB, 64 %, 238.35 W
2026/09/10 02:59:41.935, GPU-c9db04c6-026b-f6d2-e711-de40c5b3e9cd, NVIDIA RTX 6000 Ada Generation, 49140 MiB, 25165 MiB, 70 %, 239.58 W
2026/09/10 02:59:42.435, GPU-c9db04c6-026b-f6d2-e711-de40c5b3e9cd, NVIDIA RTX 6000 Ada Generation, 49140 MiB, 25165 MiB, 70 %, 246.90 W
2026/09/10 02:59:42.935, GPU-c9db04c6-026b-f6d2-e711-de40c5b3e9cd, NVIDIA RTX 6000 Ada Generation, 49140 MiB, 25165 MiB, 94 %, 247.72 W
2026/09/10 02:59:43.436, GPU-c9db04c6-026b-f6d2-e711-de40c5b3e9cd, NVIDIA RTX 6000 Ada Generation, 49140 MiB, 25165 MiB, 94 %, 241.10 W
2026/09/10 02:59:43.936, GPU-c9db04c6-026b-f6d2-e711-de40c5b3e9cd, NVIDIA RTX 6000 Ada Generation, 49140 MiB, 25165 MiB, 62 %, 230.98 W
2026/09/10 02:59:44.437, GPU-c9db04c6-026b-f6d2-e711-de40c5b3e9cd, NVIDIA RTX 6000 Ada Generation, 49140 MiB, 25165 MiB, 62 %, 236.50 W
2026/09/10 02:59:44.937, GPU-c9db04c6-026b-f6d2-e711-de40c5b3e9cd, NVIDIA RTX 6000 Ada Generation, 49140 MiB, 25165 MiB, 87 %, 246.79 W
2026/09/10 02:59:45.437, GPU-c9db04c6-026b-f6d2-e711-de40c5b3e9cd, NVIDIA RTX 6000 Ada Generation, 49140 MiB, 25165 MiB, 87 %, 247.63 W
2026/09/10 02:59:45.938, GPU-c9db04c6-026b-f6d2-e711-de40c5b3e9cd, NVIDIA RTX 6000 Ada Generation, 49140 MiB, 25165 MiB, 90 %, 242.34 W
2026/09/10 02:59:46.439, GPU-c9db04c6-026b-f6d2-e711-de40c5b3e9cd, NVIDIA RTX 6000 Ada Generation, 49140 MiB, 25165 MiB, 90 %, 241.69 W
2026/09/10 02:59:46.939, GPU-c9db04c6-026b-f6d2-e711-de40c5b3e9cd, NVIDIA RTX 6000 Ada Generation, 49140 MiB, 25165 MiB, 9 %, 242.44 W
2026/09/10 02:59:47.439, GPU-c9db04c6-026b-f6d2-e711-de40c5b3e9cd, NVIDIA RTX 6000 Ada Generation, 49140 MiB, 25165 MiB, 9 %, 238.83 W
2026/09/10 02:59:47.942, GPU-c9db04c6-026b-f6d2-e711-de40c5b3e9cd, NVIDIA RTX 6000 Ada Generation, 49140 MiB, 25165 MiB, 69 %, 244.87 W
2026/09/10 02:59:48.443, GPU-c9db04c6-026b-f6d2-e711-de40c5b3e9cd, NVIDIA RTX 6000 Ada Generation, 49140 MiB, 25165 MiB, 69 %, 240.49 W
2026/09/10 02:59:48.944, GPU-c9db04c6-026b-f6d2-e711-de40c5b3e9cd, NVIDIA RTX 6000 Ada Generation, 49140 MiB, 25165 MiB, 64 %, 241.10 W
2026/09/10 02:59:49.444, GPU-c9db04c6-026b-f6d2-e711-de40c5b3e9cd, NVIDIA RTX 6000 Ada Generation, 49140 MiB, 25165 MiB, 64 %, 247.47 W
2026/09/10 02:59:49.944, GPU-c9db04c6-026b-f6d2-e711-de40c5b3e9cd, NVIDIA RTX 6000 Ada Generation, 49140 MiB, 25165 MiB, 83 %, 246.15 W
2026/09/10 02:59:50.444, GPU-c9db04c6-026b-f6d2-e711-de40c5b3e9cd, NVIDIA RTX 6000 Ada Generation, 49140 MiB, 25165 MiB, 83 %, 240.30 W
2026/09/10 02:59:50.946, GPU-c9db04c6-026b-f6d2-e711-de40c5b3e9cd, NVIDIA RTX 6000 Ada Generation, 49140 MiB, 25165 MiB, 94 %, 241.85 W
2026/09/10 02:59:51.446, GPU-c9db04c6-026b-f6d2-e711-de40c5b3e9cd, NVIDIA RTX 6000 Ada Generation, 49140 MiB, 25165 MiB, 94 %, 246.57 W
2026/09/10 02:59:51.946, GPU-c9db04c6-026b-f6d2-e711-de40c5b3e9cd, NVIDIA RTX 6000 Ada Generation, 49140 MiB, 25165 MiB, 89 %, 246.29 W
2026/09/10 02:59:52.447, GPU-c9db04c6-026b-f6d2-e711-de40c5b3e9cd, NVIDIA RTX 6000 Ada Generation, 49140 MiB, 25165 MiB, 89 %, 247.10 W
2026/09/10 02:59:52.947, GPU-c9db04c6-026b-f6d2-e711-de40c5b3e9cd, NVIDIA RTX 6000 Ada Generation, 49140 MiB, 25165 MiB, 80 %, 242.21 W
2026/09/10 02:59:53.447, GPU-c9db04c6-026b-f6d2-e711-de40c5b3e9cd, NVIDIA RTX 6000 Ada Generation, 49140 MiB, 25165 MiB, 80 %, 239.96 W
2026/09/10 02:59:53.949, GPU-c9db04c6-026b-f6d2-e711-de40c5b3e9cd, NVIDIA RTX 6000 Ada Generation, 49140 MiB, 25165 MiB, 63 %, 244.20 W
2026/09/10 02:59:54.449, GPU-c9db04c6-026b-f6d2-e711-de40c5b3e9cd, NVIDIA RTX 6000 Ada Generation, 49140 MiB, 25165 MiB, 63 %, 244.39 W
2026/09/10 02:59:54.950, GPU-c9db04c6-026b-f6d2-e711-de40c5b3e9cd, NVIDIA RTX 6000 Ada Generation, 49140 MiB, 25165 MiB, 35 %, 237.41 W
2026/09/10 02:59:55.450, GPU-c9db04c6-026b-f6d2-e711-de40c5b3e9cd, NVIDIA RTX 6000 Ada Generation, 49140 MiB, 25165 MiB, 35 %, 237.84 W
2026/09/10 02:59:55.950, GPU-c9db04c6-026b-f6d2-e711-de40c5b3e9cd, NVIDIA RTX 6000 Ada Generation, 49140 MiB, 25165 MiB, 14 %, 246.72 W
2026/09/10 02:59:56.454, GPU-c9db04c6-026b-f6d2-e711-de40c5b3e9cd, NVIDIA RTX 6000 Ada Generation, 49140 MiB, 25165 MiB, 14 %, 245.66 W
2026/09/10 02:59:56.954, GPU-c9db04c6-026b-f6d2-e711-de40c5b3e9cd, NVIDIA RTX 6000 Ada Generation, 49140 MiB, 25165 MiB, 94 %, 247.73 W
2026/09/10 02:59:57.454, GPU-c9db04c6-026b-f6d2-e711-de40c5b3e9cd, NVIDIA RTX 6000 Ada Generation, 49140 MiB, 25165 MiB, 94 %, 236.65 W
2026/09/10 02:59:57.955, GPU-c9db04c6-026b-f6d2-e711-de40c5b3e9cd, NVIDIA RTX 6000 Ada Generation, 49140 MiB, 25165 MiB, 52 %, 232.25 W
2026/09/10 02:59:58.456, GPU-c9db04c6-026b-f6d2-e711-de40c5b3e9cd, NVIDIA RTX 6000 Ada Generation, 49140 MiB, 25165 MiB, 52 %, 242.62 W
2026/09/10 02:59:58.956, GPU-c9db04c6-026b-f6d2-e711-de40c5b3e9cd, NVIDIA RTX 6000 Ada Generation, 49140 MiB, 25165 MiB, 93 %, 245.07 W
2026/09/10 02:59:59.456, GPU-c9db04c6-026b-f6d2-e711-de40c5b3e9cd, NVIDIA RTX 6000 Ada Generation, 49140 MiB, 25165 MiB, 93 %, 247.78 W
2026/09/10 02:59:59.957, GPU-c9db04c6-026b-f6d2-e711-de40c5b3e9cd, NVIDIA RTX 6000 Ada Generation, 49140 MiB, 25165 MiB, 66 %, 208.80 W
2026/09/10 03:00:00.457, GPU-c9db04c6-026b-f6d2-e711-de40c5b3e9cd, NVIDIA RTX 6000 Ada Generation, 49140 MiB, 25165 MiB, 66 %, 205.56 W
2026/09/10 03:00:00.958, GPU-c9db04c6-026b-f6d2-e711-de40c5b3e9cd, NVIDIA RTX 6000 Ada Generation, 49140 MiB, 25165 MiB, 53 %, 239.64 W
2026/09/10 03:00:01.458, GPU-c9db04c6-026b-f6d2-e711-de40c5b3e9cd, NVIDIA RTX 6000 Ada Generation, 49140 MiB, 25165 MiB, 53 %, 242.08 W
2026/09/10 03:00:01.959, GPU-c9db04c6-026b-f6d2-e711-de40c5b3e9cd, NVIDIA RTX 6000 Ada Generation, 49140 MiB, 25165 MiB, 6 %, 247.61 W
2026/09/10 03:00:02.459, GPU-c9db04c6-026b-f6d2-e711-de40c5b3e9cd, NVIDIA RTX 6000 Ada Generation, 49140 MiB, 25165 MiB, 6 %, 237.42 W
2026/09/10 03:00:02.959, GPU-c9db04c6-026b-f6d2-e711-de40c5b3e9cd, NVIDIA RTX 6000 Ada Generation, 49140 MiB, 25165 MiB, 69 %, 239.74 W
2026/09/10 03:00:03.460, GPU-c9db04c6-026b-f6d2-e711-de40c5b3e9cd, NVIDIA RTX 6000 Ada Generation, 49140 MiB, 25165 MiB, 69 %, 247.60 W
2026/09/10 03:00:03.962, GPU-c9db04c6-026b-f6d2-e711-de40c5b3e9cd, NVIDIA RTX 6000 Ada Generation, 49140 MiB, 25165 MiB, 83 %, 247.88 W
2026/09/10 03:00:04.463, GPU-c9db04c6-026b-f6d2-e711-de40c5b3e9cd, NVIDIA RTX 6000 Ada Generation, 49140 MiB, 25165 MiB, 83 %, 240.66 W
2026/09/10 03:00:04.963, GPU-c9db04c6-026b-f6d2-e711-de40c5b3e9cd, NVIDIA RTX 6000 Ada Generation, 49140 MiB, 25182 MiB, 68 %, 242.00 W
2026/09/10 03:00:05.466, GPU-c9db04c6-026b-f6d2-e711-de40c5b3e9cd, NVIDIA RTX 6000 Ada Generation, 49140 MiB, 25596 MiB, 68 %, 242.23 W
2026/09/10 03:00:05.968, GPU-c9db04c6-026b-f6d2-e711-de40c5b3e9cd, NVIDIA RTX 6000 Ada Generation, 49140 MiB, 25596 MiB, 60 %, 242.28 W
2026/09/10 03:00:06.468, GPU-c9db04c6-026b-f6d2-e711-de40c5b3e9cd, NVIDIA RTX 6000 Ada Generation, 49140 MiB, 25596 MiB, 60 %, 247.03 W
2026/09/10 03:00:06.973, GPU-c9db04c6-026b-f6d2-e711-de40c5b3e9cd, NVIDIA RTX 6000 Ada Generation, 49140 MiB, 25165 MiB, 54 %, 238.08 W
2026/09/10 03:00:07.502, GPU-c9db04c6-026b-f6d2-e711-de40c5b3e9cd, NVIDIA RTX 6000 Ada Generation, 49140 MiB, 25165 MiB, 54 %, 239.24 W
2026/09/10 03:00:08.002, GPU-c9db04c6-026b-f6d2-e711-de40c5b3e9cd, NVIDIA RTX 6000 Ada Generation, 49140 MiB, 25165 MiB, 0 %, 209.96 W
2026/09/10 03:00:08.502, GPU-c9db04c6-026b-f6d2-e711-de40c5b3e9cd, NVIDIA RTX 6000 Ada Generation, 49140 MiB, 25165 MiB, 0 %, 147.35 W
2026/09/10 03:00:09.003, GPU-c9db04c6-026b-f6d2-e711-de40c5b3e9cd, NVIDIA RTX 6000 Ada Generation, 49140 MiB, 25165 MiB, 65 %, 141.62 W
2026/09/10 03:00:09.504, GPU-c9db04c6-026b-f6d2-e711-de40c5b3e9cd, NVIDIA RTX 6000 Ada Generation, 49140 MiB, 25165 MiB, 65 %, 204.92 W
2026/09/10 03:00:10.004, GPU-c9db04c6-026b-f6d2-e711-de40c5b3e9cd, NVIDIA RTX 6000 Ada Generation, 49140 MiB, 25165 MiB, 20 %, 240.69 W
2026/09/10 03:00:10.505, GPU-c9db04c6-026b-f6d2-e711-de40c5b3e9cd, NVIDIA RTX 6000 Ada Generation, 49140 MiB, 25165 MiB, 20 %, 239.46 W
2026/09/10 03:00:11.006, GPU-c9db04c6-026b-f6d2-e711-de40c5b3e9cd, NVIDIA RTX 6000 Ada Generation, 49140 MiB, 25165 MiB, 44 %, 247.76 W
2026/09/10 03:00:11.510, GPU-c9db04c6-026b-f6d2-e711-de40c5b3e9cd, NVIDIA RTX 6000 Ada Generation, 49140 MiB, 25165 MiB, 44 %, 242.30 W
2026/09/10 03:00:12.011, GPU-c9db04c6-026b-f6d2-e711-de40c5b3e9cd, NVIDIA RTX 6000 Ada Generation, 49140 MiB, 25165 MiB, 66 %, 243.02 W
2026/09/10 03:00:12.511, GPU-c9db04c6-026b-f6d2-e711-de40c5b3e9cd, NVIDIA RTX 6000 Ada Generation, 49140 MiB, 25165 MiB, 66 %, 236.21 W
2026/09/10 03:00:13.011, GPU-c9db04c6-026b-f6d2-e711-de40c5b3e9cd, NVIDIA RTX 6000 Ada Generation, 49140 MiB, 25165 MiB, 55 %, 238.37 W
2026/09/10 03:00:13.512, GPU-c9db04c6-026b-f6d2-e711-de40c5b3e9cd, NVIDIA RTX 6000 Ada Generation, 49140 MiB, 25165 MiB, 55 %, 227.87 W
2026/09/10 03:00:14.013, GPU-c9db04c6-026b-f6d2-e711-de40c5b3e9cd, NVIDIA RTX 6000 Ada Generation, 49140 MiB, 25165 MiB, 0 %, 164.96 W
2026/09/10 03:00:14.513, GPU-c9db04c6-026b-f6d2-e711-de40c5b3e9cd, NVIDIA RTX 6000 Ada Generation, 49140 MiB, 25165 MiB, 0 %, 141.84 W
2026/09/10 03:00:15.013, GPU-c9db04c6-026b-f6d2-e711-de40c5b3e9cd, NVIDIA RTX 6000 Ada Generation, 49140 MiB, 25165 MiB, 93 %, 123.78 W
2026/09/10 03:00:15.514, GPU-c9db04c6-026b-f6d2-e711-de40c5b3e9cd, NVIDIA RTX 6000 Ada Generation, 49140 MiB, 25165 MiB, 93 %, 178.16 W
2026/09/10 03:00:16.015, GPU-c9db04c6-026b-f6d2-e711-de40c5b3e9cd, NVIDIA RTX 6000 Ada Generation, 49140 MiB, 25165 MiB, 21 %, 255.93 W
2026/09/10 03:00:16.515, GPU-c9db04c6-026b-f6d2-e711-de40c5b3e9cd, NVIDIA RTX 6000 Ada Generation, 49140 MiB, 25165 MiB, 21 %, 238.01 W
2026/09/10 03:00:17.015, GPU-c9db04c6-026b-f6d2-e711-de40c5b3e9cd, NVIDIA RTX 6000 Ada Generation, 49140 MiB, 25165 MiB, 66 %, 239.01 W
2026/09/10 03:00:17.516, GPU-c9db04c6-026b-f6d2-e711-de40c5b3e9cd, NVIDIA RTX 6000 Ada Generation, 49140 MiB, 25165 MiB, 66 %, 245.90 W
2026/09/10 03:00:18.016, GPU-c9db04c6-026b-f6d2-e711-de40c5b3e9cd, NVIDIA RTX 6000 Ada Generation, 49140 MiB, 25165 MiB, 82 %, 244.00 W
2026/09/10 03:00:18.517, GPU-c9db04c6-026b-f6d2-e711-de40c5b3e9cd, NVIDIA RTX 6000 Ada Generation, 49140 MiB, 25165 MiB, 82 %, 227.37 W
2026/09/10 03:00:19.018, GPU-c9db04c6-026b-f6d2-e711-de40c5b3e9cd, NVIDIA RTX 6000 Ada Generation, 49140 MiB, 25165 MiB, 68 %, 191.30 W
2026/09/10 03:00:19.518, GPU-c9db04c6-026b-f6d2-e711-de40c5b3e9cd, NVIDIA RTX 6000 Ada Generation, 49140 MiB, 25165 MiB, 68 %, 211.61 W
2026/09/10 03:00:20.019, GPU-c9db04c6-026b-f6d2-e711-de40c5b3e9cd, NVIDIA RTX 6000 Ada Generation, 49140 MiB, 25165 MiB, 0 %, 231.02 W
2026/09/10 03:00:20.519, GPU-c9db04c6-026b-f6d2-e711-de40c5b3e9cd, NVIDIA RTX 6000 Ada Generation, 49140 MiB, 25165 MiB, 0 %, 164.85 W
2026/09/10 03:00:21.020, GPU-c9db04c6-026b-f6d2-e711-de40c5b3e9cd, NVIDIA RTX 6000 Ada Generation, 49140 MiB, 25165 MiB, 66 %, 141.49 W
2026/09/10 03:00:21.521, GPU-c9db04c6-026b-f6d2-e711-de40c5b3e9cd, NVIDIA RTX 6000 Ada Generation, 49140 MiB, 25165 MiB, 66 %, 204.76 W
2026/09/10 03:00:22.021, GPU-c9db04c6-026b-f6d2-e711-de40c5b3e9cd, NVIDIA RTX 6000 Ada Generation, 49140 MiB, 25165 MiB, 0 %, 238.04 W
2026/09/10 03:00:22.521, GPU-c9db04c6-026b-f6d2-e711-de40c5b3e9cd, NVIDIA RTX 6000 Ada Generation, 49140 MiB, 25165 MiB, 0 %, 235.75 W
2026/09/10 03:00:23.021, GPU-c9db04c6-026b-f6d2-e711-de40c5b3e9cd, NVIDIA RTX 6000 Ada Generation, 49140 MiB, 25165 MiB, 53 %, 247.91 W
2026/09/10 03:00:23.522, GPU-c9db04c6-026b-f6d2-e711-de40c5b3e9cd, NVIDIA RTX 6000 Ada Generation, 49140 MiB, 25165 MiB, 53 %, 249.33 W
2026/09/10 03:00:24.023, GPU-c9db04c6-026b-f6d2-e711-de40c5b3e9cd, NVIDIA RTX 6000 Ada Generation, 49140 MiB, 25165 MiB, 69 %, 247.12 W
2026/09/10 03:00:24.523, GPU-c9db04c6-026b-f6d2-e711-de40c5b3e9cd, NVIDIA RTX 6000 Ada Generation, 49140 MiB, 25165 MiB, 69 %, 242.46 W
2026/09/10 03:00:25.023, GPU-c9db04c6-026b-f6d2-e711-de40c5b3e9cd, NVIDIA RTX 6000 Ada Generation, 49140 MiB, 25165 MiB, 94 %, 246.16 W
2026/09/10 03:00:25.524, GPU-c9db04c6-026b-f6d2-e711-de40c5b3e9cd, NVIDIA RTX 6000 Ada Generation, 49140 MiB, 25165 MiB, 94 %, 249.26 W
2026/09/10 03:00:26.025, GPU-c9db04c6-026b-f6d2-e711-de40c5b3e9cd, NVIDIA RTX 6000 Ada Generation, 49140 MiB, 25165 MiB, 50 %, 248.35 W
2026/09/10 03:00:26.526, GPU-c9db04c6-026b-f6d2-e711-de40c5b3e9cd, NVIDIA RTX 6000 Ada Generation, 49140 MiB, 25165 MiB, 50 %, 237.00 W
2026/09/10 03:00:27.026, GPU-c9db04c6-026b-f6d2-e711-de40c5b3e9cd, NVIDIA RTX 6000 Ada Generation, 49140 MiB, 25165 MiB, 0 %, 171.30 W
2026/09/10 03:00:27.527, GPU-c9db04c6-026b-f6d2-e711-de40c5b3e9cd, NVIDIA RTX 6000 Ada Generation, 49140 MiB, 25165 MiB, 0 %, 169.85 W
2026/09/10 03:00:28.027, GPU-c9db04c6-026b-f6d2-e711-de40c5b3e9cd, NVIDIA RTX 6000 Ada Generation, 49140 MiB, 25165 MiB, 61 %, 234.01 W
2026/09/10 03:00:28.528, GPU-c9db04c6-026b-f6d2-e711-de40c5b3e9cd, NVIDIA RTX 6000 Ada Generation, 49140 MiB, 25165 MiB, 61 %, 243.62 W
2026/09/10 03:00:29.028, GPU-c9db04c6-026b-f6d2-e711-de40c5b3e9cd, NVIDIA RTX 6000 Ada Generation, 49140 MiB, 25165 MiB, 82 %, 246.12 W
2026/09/10 03:00:29.528, GPU-c9db04c6-026b-f6d2-e711-de40c5b3e9cd, NVIDIA RTX 6000 Ada Generation, 49140 MiB, 25165 MiB, 82 %, 234.67 W
2026/09/10 03:00:30.029, GPU-c9db04c6-026b-f6d2-e711-de40c5b3e9cd, NVIDIA RTX 6000 Ada Generation, 49140 MiB, 25165 MiB, 66 %, 234.21 W
2026/09/10 03:00:30.529, GPU-c9db04c6-026b-f6d2-e711-de40c5b3e9cd, NVIDIA RTX 6000 Ada Generation, 49140 MiB, 25165 MiB, 66 %, 205.56 W
2026/09/10 03:00:31.031, GPU-c9db04c6-026b-f6d2-e711-de40c5b3e9cd, NVIDIA RTX 6000 Ada Generation, 49140 MiB, 25165 MiB, 77 %, 187.46 W
2026/09/10 03:00:31.531, GPU-c9db04c6-026b-f6d2-e711-de40c5b3e9cd, NVIDIA RTX 6000 Ada Generation, 49140 MiB, 25165 MiB, 77 %, 204.90 W
2026/09/10 03:00:32.031, GPU-c9db04c6-026b-f6d2-e711-de40c5b3e9cd, NVIDIA RTX 6000 Ada Generation, 49140 MiB, 25165 MiB, 67 %, 240.99 W
2026/09/10 03:00:32.532, GPU-c9db04c6-026b-f6d2-e711-de40c5b3e9cd, NVIDIA RTX 6000 Ada Generation, 49140 MiB, 25165 MiB, 67 %, 239.65 W
2026/09/10 03:00:33.033, GPU-c9db04c6-026b-f6d2-e711-de40c5b3e9cd, NVIDIA RTX 6000 Ada Generation, 49140 MiB, 25165 MiB, 67 %, 239.20 W
2026/09/10 03:00:33.533, GPU-c9db04c6-026b-f6d2-e711-de40c5b3e9cd, NVIDIA RTX 6000 Ada Generation, 49140 MiB, 25165 MiB, 67 %, 242.30 W
2026/09/10 03:00:34.034, GPU-c9db04c6-026b-f6d2-e711-de40c5b3e9cd, NVIDIA RTX 6000 Ada Generation, 49140 MiB, 25165 MiB, 61 %, 241.03 W
2026/09/10 03:00:34.536, GPU-c9db04c6-026b-f6d2-e711-de40c5b3e9cd, NVIDIA RTX 6000 Ada Generation, 49140 MiB, 25165 MiB, 61 %, 248.48 W
2026/09/10 03:00:35.036, GPU-c9db04c6-026b-f6d2-e711-de40c5b3e9cd, NVIDIA RTX 6000 Ada Generation, 49140 MiB, 25165 MiB, 56 %, 236.29 W
2026/09/10 03:00:35.536, GPU-c9db04c6-026b-f6d2-e711-de40c5b3e9cd, NVIDIA RTX 6000 Ada Generation, 49140 MiB, 25165 MiB, 56 %, 234.62 W
2026/09/10 03:00:36.037, GPU-c9db04c6-026b-f6d2-e711-de40c5b3e9cd, NVIDIA RTX 6000 Ada Generation, 49140 MiB, 25165 MiB, 69 %, 237.08 W
2026/09/10 03:00:36.538, GPU-c9db04c6-026b-f6d2-e711-de40c5b3e9cd, NVIDIA RTX 6000 Ada Generation, 49140 MiB, 25165 MiB, 69 %, 238.32 W
2026/09/10 03:00:37.038, GPU-c9db04c6-026b-f6d2-e711-de40c5b3e9cd, NVIDIA RTX 6000 Ada Generation, 49140 MiB, 25165 MiB, 0 %, 239.18 W
2026/09/10 03:00:37.538, GPU-c9db04c6-026b-f6d2-e711-de40c5b3e9cd, NVIDIA RTX 6000 Ada Generation, 49140 MiB, 25165 MiB, 0 %, 238.83 W
2026/09/10 03:00:38.039, GPU-c9db04c6-026b-f6d2-e711-de40c5b3e9cd, NVIDIA RTX 6000 Ada Generation, 49140 MiB, 25165 MiB, 94 %, 244.56 W
2026/09/10 03:00:38.539, GPU-c9db04c6-026b-f6d2-e711-de40c5b3e9cd, NVIDIA RTX 6000 Ada Generation, 49140 MiB, 25165 MiB, 94 %, 247.38 W
2026/09/10 03:00:39.040, GPU-c9db04c6-026b-f6d2-e711-de40c5b3e9cd, NVIDIA RTX 6000 Ada Generation, 49140 MiB, 25165 MiB, 87 %, 246.46 W
2026/09/10 03:00:39.542, GPU-c9db04c6-026b-f6d2-e711-de40c5b3e9cd, NVIDIA RTX 6000 Ada Generation, 49140 MiB, 25165 MiB, 87 %, 228.38 W
2026/09/10 03:00:40.043, GPU-c9db04c6-026b-f6d2-e711-de40c5b3e9cd, NVIDIA RTX 6000 Ada Generation, 49140 MiB, 25165 MiB, 64 %, 231.09 W
2026/09/10 03:00:40.543, GPU-c9db04c6-026b-f6d2-e711-de40c5b3e9cd, NVIDIA RTX 6000 Ada Generation, 49140 MiB, 25165 MiB, 64 %, 248.82 W
2026/09/10 03:00:41.044, GPU-c9db04c6-026b-f6d2-e711-de40c5b3e9cd, NVIDIA RTX 6000 Ada Generation, 49140 MiB, 25165 MiB, 51 %, 238.67 W
2026/09/10 03:00:41.544, GPU-c9db04c6-026b-f6d2-e711-de40c5b3e9cd, NVIDIA RTX 6000 Ada Generation, 49140 MiB, 25165 MiB, 51 %, 238.85 W
2026/09/10 03:00:42.045, GPU-c9db04c6-026b-f6d2-e711-de40c5b3e9cd, NVIDIA RTX 6000 Ada Generation, 49140 MiB, 25165 MiB, 0 %, 206.64 W
2026/09/10 03:00:42.545, GPU-c9db04c6-026b-f6d2-e711-de40c5b3e9cd, NVIDIA RTX 6000 Ada Generation, 49140 MiB, 25165 MiB, 0 %, 166.40 W
2026/09/10 03:00:43.045, GPU-c9db04c6-026b-f6d2-e711-de40c5b3e9cd, NVIDIA RTX 6000 Ada Generation, 49140 MiB, 25165 MiB, 88 %, 207.37 W
2026/09/10 03:00:43.547, GPU-c9db04c6-026b-f6d2-e711-de40c5b3e9cd, NVIDIA RTX 6000 Ada Generation, 49140 MiB, 25165 MiB, 88 %, 245.32 W
2026/09/10 03:00:44.048, GPU-c9db04c6-026b-f6d2-e711-de40c5b3e9cd, NVIDIA RTX 6000 Ada Generation, 49140 MiB, 25165 MiB, 87 %, 242.51 W
2026/09/10 03:00:44.549, GPU-c9db04c6-026b-f6d2-e711-de40c5b3e9cd, NVIDIA RTX 6000 Ada Generation, 49140 MiB, 25165 MiB, 87 %, 248.47 W
2026/09/10 03:00:45.049, GPU-c9db04c6-026b-f6d2-e711-de40c5b3e9cd, NVIDIA RTX 6000 Ada Generation, 49140 MiB, 25165 MiB, 55 %, 242.50 W
2026/09/10 03:00:45.550, GPU-c9db04c6-026b-f6d2-e711-de40c5b3e9cd, NVIDIA RTX 6000 Ada Generation, 49140 MiB, 25165 MiB, 55 %, 243.18 W
2026/09/10 03:00:46.050, GPU-c9db04c6-026b-f6d2-e711-de40c5b3e9cd, NVIDIA RTX 6000 Ada Generation, 49140 MiB, 25165 MiB, 68 %, 245.82 W
2026/09/10 03:00:46.550, GPU-c9db04c6-026b-f6d2-e711-de40c5b3e9cd, NVIDIA RTX 6000 Ada Generation, 49140 MiB, 25165 MiB, 68 %, 245.22 W
2026/09/10 03:00:47.051, GPU-c9db04c6-026b-f6d2-e711-de40c5b3e9cd, NVIDIA RTX 6000 Ada Generation, 49140 MiB, 25165 MiB, 45 %, 238.70 W
2026/09/10 03:00:47.552, GPU-c9db04c6-026b-f6d2-e711-de40c5b3e9cd, NVIDIA RTX 6000 Ada Generation, 49140 MiB, 25165 MiB, 45 %, 237.28 W
2026/09/10 03:00:48.052, GPU-c9db04c6-026b-f6d2-e711-de40c5b3e9cd, NVIDIA RTX 6000 Ada Generation, 49140 MiB, 25165 MiB, 10 %, 247.60 W
2026/09/10 03:00:48.553, GPU-c9db04c6-026b-f6d2-e711-de40c5b3e9cd, NVIDIA RTX 6000 Ada Generation, 49140 MiB, 25165 MiB, 10 %, 240.56 W
2026/09/10 03:00:49.053, GPU-c9db04c6-026b-f6d2-e711-de40c5b3e9cd, NVIDIA RTX 6000 Ada Generation, 49140 MiB, 25165 MiB, 68 %, 241.35 W
2026/09/10 03:00:49.553, GPU-c9db04c6-026b-f6d2-e711-de40c5b3e9cd, NVIDIA RTX 6000 Ada Generation, 49140 MiB, 25165 MiB, 68 %, 233.47 W
2026/09/10 03:00:50.054, GPU-c9db04c6-026b-f6d2-e711-de40c5b3e9cd, NVIDIA RTX 6000 Ada Generation, 49140 MiB, 25165 MiB, 58 %, 234.10 W
2026/09/10 03:00:50.555, GPU-c9db04c6-026b-f6d2-e711-de40c5b3e9cd, NVIDIA RTX 6000 Ada Generation, 49140 MiB, 25165 MiB, 58 %, 232.94 W
2026/09/10 03:00:51.055, GPU-c9db04c6-026b-f6d2-e711-de40c5b3e9cd, NVIDIA RTX 6000 Ada Generation, 49140 MiB, 25165 MiB, 74 %, 188.24 W
2026/09/10 03:00:51.555, GPU-c9db04c6-026b-f6d2-e711-de40c5b3e9cd, NVIDIA RTX 6000 Ada Generation, 49140 MiB, 25165 MiB, 74 %, 200.76 W
2026/09/10 03:00:52.056, GPU-c9db04c6-026b-f6d2-e711-de40c5b3e9cd, NVIDIA RTX 6000 Ada Generation, 49140 MiB, 25165 MiB, 0 %, 240.81 W
2026/09/10 03:00:52.556, GPU-c9db04c6-026b-f6d2-e711-de40c5b3e9cd, NVIDIA RTX 6000 Ada Generation, 49140 MiB, 25165 MiB, 0 %, 242.90 W
2026/09/10 03:00:53.057, GPU-c9db04c6-026b-f6d2-e711-de40c5b3e9cd, NVIDIA RTX 6000 Ada Generation, 49140 MiB, 25165 MiB, 94 %, 245.00 W
2026/09/10 03:00:53.557, GPU-c9db04c6-026b-f6d2-e711-de40c5b3e9cd, NVIDIA RTX 6000 Ada Generation, 49140 MiB, 25165 MiB, 94 %, 248.85 W
2026/09/10 03:00:54.057, GPU-c9db04c6-026b-f6d2-e711-de40c5b3e9cd, NVIDIA RTX 6000 Ada Generation, 49140 MiB, 25165 MiB, 77 %, 248.60 W
2026/09/10 03:00:54.558, GPU-c9db04c6-026b-f6d2-e711-de40c5b3e9cd, NVIDIA RTX 6000 Ada Generation, 49140 MiB, 25165 MiB, 77 %, 243.67 W
2026/09/10 03:00:55.059, GPU-c9db04c6-026b-f6d2-e711-de40c5b3e9cd, NVIDIA RTX 6000 Ada Generation, 49140 MiB, 25165 MiB, 78 %, 242.21 W
2026/09/10 03:00:55.559, GPU-c9db04c6-026b-f6d2-e711-de40c5b3e9cd, NVIDIA RTX 6000 Ada Generation, 49140 MiB, 25165 MiB, 78 %, 243.61 W
2026/09/10 03:00:56.059, GPU-c9db04c6-026b-f6d2-e711-de40c5b3e9cd, NVIDIA RTX 6000 Ada Generation, 49140 MiB, 25165 MiB, 94 %, 237.82 W
2026/09/10 03:00:56.560, GPU-c9db04c6-026b-f6d2-e711-de40c5b3e9cd, NVIDIA RTX 6000 Ada Generation, 49140 MiB, 25165 MiB, 94 %, 244.81 W
2026/09/10 03:00:57.063, GPU-c9db04c6-026b-f6d2-e711-de40c5b3e9cd, NVIDIA RTX 6000 Ada Generation, 49140 MiB, 25165 MiB, 67 %, 238.10 W
2026/09/10 03:00:57.563, GPU-c9db04c6-026b-f6d2-e711-de40c5b3e9cd, NVIDIA RTX 6000 Ada Generation, 49140 MiB, 25165 MiB, 67 %, 237.60 W
2026/09/10 03:00:58.063, GPU-c9db04c6-026b-f6d2-e711-de40c5b3e9cd, NVIDIA RTX 6000 Ada Generation, 49140 MiB, 25165 MiB, 91 %, 246.41 W
2026/09/10 03:00:58.564, GPU-c9db04c6-026b-f6d2-e711-de40c5b3e9cd, NVIDIA RTX 6000 Ada Generation, 49140 MiB, 25165 MiB, 91 %, 246.23 W
2026/09/10 03:00:59.064, GPU-c9db04c6-026b-f6d2-e711-de40c5b3e9cd, NVIDIA RTX 6000 Ada Generation, 49140 MiB, 25165 MiB, 0 %, 247.45 W
2026/09/10 03:00:59.566, GPU-c9db04c6-026b-f6d2-e711-de40c5b3e9cd, NVIDIA RTX 6000 Ada Generation, 49140 MiB, 25165 MiB, 0 %, 239.67 W
2026/09/10 03:01:00.066, GPU-c9db04c6-026b-f6d2-e711-de40c5b3e9cd, NVIDIA RTX 6000 Ada Generation, 49140 MiB, 25165 MiB, 94 %, 244.25 W
2026/09/10 03:01:00.567, GPU-c9db04c6-026b-f6d2-e711-de40c5b3e9cd, NVIDIA RTX 6000 Ada Generation, 49140 MiB, 25165 MiB, 94 %, 248.48 W
2026/09/10 03:01:01.067, GPU-c9db04c6-026b-f6d2-e711-de40c5b3e9cd, NVIDIA RTX 6000 Ada Generation, 49140 MiB, 25165 MiB, 63 %, 248.75 W
2026/09/10 03:01:01.569, GPU-c9db04c6-026b-f6d2-e711-de40c5b3e9cd, NVIDIA RTX 6000 Ada Generation, 49140 MiB, 25165 MiB, 63 %, 240.75 W
2026/09/10 03:01:02.069, GPU-c9db04c6-026b-f6d2-e711-de40c5b3e9cd, NVIDIA RTX 6000 Ada Generation, 49140 MiB, 25165 MiB, 60 %, 238.92 W
2026/09/10 03:01:02.569, GPU-c9db04c6-026b-f6d2-e711-de40c5b3e9cd, NVIDIA RTX 6000 Ada Generation, 49140 MiB, 25165 MiB, 60 %, 247.15 W
2026/09/10 03:01:03.070, GPU-c9db04c6-026b-f6d2-e711-de40c5b3e9cd, NVIDIA RTX 6000 Ada Generation, 49140 MiB, 25165 MiB, 70 %, 247.10 W
2026/09/10 03:01:03.570, GPU-c9db04c6-026b-f6d2-e711-de40c5b3e9cd, NVIDIA RTX 6000 Ada Generation, 49140 MiB, 25165 MiB, 70 %, 249.63 W
2026/09/10 03:01:04.071, GPU-c9db04c6-026b-f6d2-e711-de40c5b3e9cd, NVIDIA RTX 6000 Ada Generation, 49140 MiB, 25165 MiB, 70 %, 244.48 W
2026/09/10 03:01:04.571, GPU-c9db04c6-026b-f6d2-e711-de40c5b3e9cd, NVIDIA RTX 6000 Ada Generation, 49140 MiB, 25165 MiB, 70 %, 242.69 W
2026/09/10 03:01:05.072, GPU-c9db04c6-026b-f6d2-e711-de40c5b3e9cd, NVIDIA RTX 6000 Ada Generation, 49140 MiB, 25165 MiB, 83 %, 249.29 W
2026/09/10 03:01:05.572, GPU-c9db04c6-026b-f6d2-e711-de40c5b3e9cd, NVIDIA RTX 6000 Ada Generation, 49140 MiB, 25165 MiB, 83 %, 251.10 W
2026/09/10 03:01:06.073, GPU-c9db04c6-026b-f6d2-e711-de40c5b3e9cd, NVIDIA RTX 6000 Ada Generation, 49140 MiB, 25165 MiB, 70 %, 245.82 W
2026/09/10 03:01:06.573, GPU-c9db04c6-026b-f6d2-e711-de40c5b3e9cd, NVIDIA RTX 6000 Ada Generation, 49140 MiB, 25165 MiB, 70 %, 242.96 W
2026/09/10 03:01:07.073, GPU-c9db04c6-026b-f6d2-e711-de40c5b3e9cd, NVIDIA RTX 6000 Ada Generation, 49140 MiB, 25165 MiB, 46 %, 247.63 W
2026/09/10 03:01:07.574, GPU-c9db04c6-026b-f6d2-e711-de40c5b3e9cd, NVIDIA RTX 6000 Ada Generation, 49140 MiB, 25165 MiB, 46 %, 241.73 W
2026/09/10 03:01:08.074, GPU-c9db04c6-026b-f6d2-e711-de40c5b3e9cd, NVIDIA RTX 6000 Ada Generation, 49140 MiB, 25165 MiB, 20 %, 249.12 W
2026/09/10 03:01:08.575, GPU-c9db04c6-026b-f6d2-e711-de40c5b3e9cd, NVIDIA RTX 6000 Ada Generation, 49140 MiB, 25165 MiB, 20 %, 239.43 W
2026/09/10 03:01:09.075, GPU-c9db04c6-026b-f6d2-e711-de40c5b3e9cd, NVIDIA RTX 6000 Ada Generation, 49140 MiB, 25165 MiB, 66 %, 239.45 W
2026/09/10 03:01:09.575, GPU-c9db04c6-026b-f6d2-e711-de40c5b3e9cd, NVIDIA RTX 6000 Ada Generation, 49140 MiB, 25165 MiB, 66 %, 245.85 W
2026/09/10 03:01:10.076, GPU-c9db04c6-026b-f6d2-e711-de40c5b3e9cd, NVIDIA RTX 6000 Ada Generation, 49140 MiB, 25165 MiB, 94 %, 248.59 W
2026/09/10 03:01:10.576, GPU-c9db04c6-026b-f6d2-e711-de40c5b3e9cd, NVIDIA RTX 6000 Ada Generation, 49140 MiB, 25165 MiB, 94 %, 248.73 W
2026/09/10 03:01:11.077, GPU-c9db04c6-026b-f6d2-e711-de40c5b3e9cd, NVIDIA RTX 6000 Ada Generation, 49140 MiB, 25165 MiB, 81 %, 249.96 W
2026/09/10 03:01:11.577, GPU-c9db04c6-026b-f6d2-e711-de40c5b3e9cd, NVIDIA RTX 6000 Ada Generation, 49140 MiB, 25165 MiB, 81 %, 246.34 W
2026/09/10 03:01:12.077, GPU-c9db04c6-026b-f6d2-e711-de40c5b3e9cd, NVIDIA RTX 6000 Ada Generation, 49140 MiB, 25165 MiB, 94 %, 243.87 W
2026/09/10 03:01:12.578, GPU-c9db04c6-026b-f6d2-e711-de40c5b3e9cd, NVIDIA RTX 6000 Ada Generation, 49140 MiB, 25165 MiB, 94 %, 250.23 W
2026/09/10 03:01:13.078, GPU-c9db04c6-026b-f6d2-e711-de40c5b3e9cd, NVIDIA RTX 6000 Ada Generation, 49140 MiB, 25165 MiB, 55 %, 244.95 W
2026/09/10 03:01:13.579, GPU-c9db04c6-026b-f6d2-e711-de40c5b3e9cd, NVIDIA RTX 6000 Ada Generation, 49140 MiB, 25165 MiB, 55 %, 244.50 W
2026/09/10 03:01:14.080, GPU-c9db04c6-026b-f6d2-e711-de40c5b3e9cd, NVIDIA RTX 6000 Ada Generation, 49140 MiB, 25165 MiB, 71 %, 251.62 W
2026/09/10 03:01:14.581, GPU-c9db04c6-026b-f6d2-e711-de40c5b3e9cd, NVIDIA RTX 6000 Ada Generation, 49140 MiB, 25165 MiB, 71 %, 249.77 W
2026/09/10 03:01:15.081, GPU-c9db04c6-026b-f6d2-e711-de40c5b3e9cd, NVIDIA RTX 6000 Ada Generation, 49140 MiB, 25165 MiB, 81 %, 240.54 W
2026/09/10 03:01:15.582, GPU-c9db04c6-026b-f6d2-e711-de40c5b3e9cd, NVIDIA RTX 6000 Ada Generation, 49140 MiB, 25165 MiB, 81 %, 241.08 W
2026/09/10 03:01:16.083, GPU-c9db04c6-026b-f6d2-e711-de40c5b3e9cd, NVIDIA RTX 6000 Ada Generation, 49140 MiB, 25165 MiB, 0 %, 249.08 W
2026/09/10 03:01:16.583, GPU-c9db04c6-026b-f6d2-e711-de40c5b3e9cd, NVIDIA RTX 6000 Ada Generation, 49140 MiB, 25165 MiB, 0 %, 247.38 W
2026/09/10 03:01:17.083, GPU-c9db04c6-026b-f6d2-e711-de40c5b3e9cd, NVIDIA RTX 6000 Ada Generation, 49140 MiB, 25165 MiB, 94 %, 248.40 W
2026/09/10 03:01:17.585, GPU-c9db04c6-026b-f6d2-e711-de40c5b3e9cd, NVIDIA RTX 6000 Ada Generation, 49140 MiB, 25165 MiB, 94 %, 246.14 W
2026/09/10 03:01:18.087, GPU-c9db04c6-026b-f6d2-e711-de40c5b3e9cd, NVIDIA RTX 6000 Ada Generation, 49140 MiB, 25165 MiB, 71 %, 245.72 W
2026/09/10 03:01:18.588, GPU-c9db04c6-026b-f6d2-e711-de40c5b3e9cd, NVIDIA RTX 6000 Ada Generation, 49140 MiB, 25165 MiB, 71 %, 248.87 W
2026/09/10 03:01:19.088, GPU-c9db04c6-026b-f6d2-e711-de40c5b3e9cd, NVIDIA RTX 6000 Ada Generation, 49140 MiB, 25165 MiB, 59 %, 248.32 W
2026/09/10 03:01:19.588, GPU-c9db04c6-026b-f6d2-e711-de40c5b3e9cd, NVIDIA RTX 6000 Ada Generation, 49140 MiB, 25165 MiB, 59 %, 237.93 W
2026/09/10 03:01:20.089, GPU-c9db04c6-026b-f6d2-e711-de40c5b3e9cd, NVIDIA RTX 6000 Ada Generation, 49140 MiB, 25165 MiB, 70 %, 239.93 W
2026/09/10 03:01:20.589, GPU-c9db04c6-026b-f6d2-e711-de40c5b3e9cd, NVIDIA RTX 6000 Ada Generation, 49140 MiB, 25165 MiB, 70 %, 249.34 W
2026/09/10 03:01:21.089, GPU-c9db04c6-026b-f6d2-e711-de40c5b3e9cd, NVIDIA RTX 6000 Ada Generation, 49140 MiB, 25165 MiB, 94 %, 251.91 W
2026/09/10 03:01:21.590, GPU-c9db04c6-026b-f6d2-e711-de40c5b3e9cd, NVIDIA RTX 6000 Ada Generation, 49140 MiB, 25165 MiB, 94 %, 249.76 W
2026/09/10 03:01:22.092, GPU-c9db04c6-026b-f6d2-e711-de40c5b3e9cd, NVIDIA RTX 6000 Ada Generation, 49140 MiB, 25165 MiB, 56 %, 244.30 W
2026/09/10 03:01:22.592, GPU-c9db04c6-026b-f6d2-e711-de40c5b3e9cd, NVIDIA RTX 6000 Ada Generation, 49140 MiB, 25165 MiB, 56 %, 246.41 W
2026/09/10 03:01:23.092, GPU-c9db04c6-026b-f6d2-e711-de40c5b3e9cd, NVIDIA RTX 6000 Ada Generation, 49140 MiB, 25165 MiB, 83 %, 252.76 W
2026/09/10 03:01:23.592, GPU-c9db04c6-026b-f6d2-e711-de40c5b3e9cd, NVIDIA RTX 6000 Ada Generation, 49140 MiB, 25165 MiB, 83 %, 251.59 W
2026/09/10 03:01:24.094, GPU-c9db04c6-026b-f6d2-e711-de40c5b3e9cd, NVIDIA RTX 6000 Ada Generation, 49140 MiB, 25165 MiB, 93 %, 245.95 W
2026/09/10 03:01:24.595, GPU-c9db04c6-026b-f6d2-e711-de40c5b3e9cd, NVIDIA RTX 6000 Ada Generation, 49140 MiB, 25165 MiB, 93 %, 249.38 W
2026/09/10 03:01:25.095, GPU-c9db04c6-026b-f6d2-e711-de40c5b3e9cd, NVIDIA RTX 6000 Ada Generation, 49140 MiB, 25165 MiB, 0 %, 248.25 W
2026/09/10 03:01:25.595, GPU-c9db04c6-026b-f6d2-e711-de40c5b3e9cd, NVIDIA RTX 6000 Ada Generation, 49140 MiB, 25165 MiB, 0 %, 245.79 W
2026/09/10 03:01:26.096, GPU-c9db04c6-026b-f6d2-e711-de40c5b3e9cd, NVIDIA RTX 6000 Ada Generation, 49140 MiB, 25165 MiB, 48 %, 249.16 W
2026/09/10 03:01:26.597, GPU-c9db04c6-026b-f6d2-e711-de40c5b3e9cd, NVIDIA RTX 6000 Ada Generation, 49140 MiB, 25165 MiB, 48 %, 241.67 W
2026/09/10 03:01:27.097, GPU-c9db04c6-026b-f6d2-e711-de40c5b3e9cd, NVIDIA RTX 6000 Ada Generation, 49140 MiB, 25165 MiB, 68 %, 244.56 W
2026/09/10 03:01:27.597, GPU-c9db04c6-026b-f6d2-e711-de40c5b3e9cd, NVIDIA RTX 6000 Ada Generation, 49140 MiB, 25165 MiB, 68 %, 250.86 W
2026/09/10 03:01:28.098, GPU-c9db04c6-026b-f6d2-e711-de40c5b3e9cd, NVIDIA RTX 6000 Ada Generation, 49140 MiB, 25165 MiB, 94 %, 249.57 W
2026/09/10 03:01:28.599, GPU-c9db04c6-026b-f6d2-e711-de40c5b3e9cd, NVIDIA RTX 6000 Ada Generation, 49140 MiB, 25165 MiB, 94 %, 244.41 W
2026/09/10 03:01:29.099, GPU-c9db04c6-026b-f6d2-e711-de40c5b3e9cd, NVIDIA RTX 6000 Ada Generation, 49140 MiB, 25165 MiB, 93 %, 246.65 W
2026/09/10 03:01:29.600, GPU-c9db04c6-026b-f6d2-e711-de40c5b3e9cd, NVIDIA RTX 6000 Ada Generation, 49140 MiB, 25165 MiB, 93 %, 249.17 W
2026/09/10 03:01:30.100, GPU-c9db04c6-026b-f6d2-e711-de40c5b3e9cd, NVIDIA RTX 6000 Ada Generation, 49140 MiB, 25165 MiB, 91 %, 247.60 W
2026/09/10 03:01:30.600, GPU-c9db04c6-026b-f6d2-e711-de40c5b3e9cd, NVIDIA RTX 6000 Ada Generation, 49140 MiB, 25165 MiB, 91 %, 249.40 W
2026/09/10 03:01:31.101, GPU-c9db04c6-026b-f6d2-e711-de40c5b3e9cd, NVIDIA RTX 6000 Ada Generation, 49140 MiB, 25165 MiB, 83 %, 245.57 W
2026/09/10 03:01:31.602, GPU-c9db04c6-026b-f6d2-e711-de40c5b3e9cd, NVIDIA RTX 6000 Ada Generation, 49140 MiB, 25165 MiB, 83 %, 246.31 W
2026/09/10 03:01:32.102, GPU-c9db04c6-026b-f6d2-e711-de40c5b3e9cd, NVIDIA RTX 6000 Ada Generation, 49140 MiB, 25165 MiB, 69 %, 249.88 W
2026/09/10 03:01:32.602, GPU-c9db04c6-026b-f6d2-e711-de40c5b3e9cd, NVIDIA RTX 6000 Ada Generation, 49140 MiB, 25165 MiB, 69 %, 246.63 W
2026/09/10 03:01:33.103, GPU-c9db04c6-026b-f6d2-e711-de40c5b3e9cd, NVIDIA RTX 6000 Ada Generation, 49140 MiB, 25165 MiB, 40 %, 240.40 W
2026/09/10 03:01:33.604, GPU-c9db04c6-026b-f6d2-e711-de40c5b3e9cd, NVIDIA RTX 6000 Ada Generation, 49140 MiB, 25165 MiB, 40 %, 239.86 W
2026/09/10 03:01:34.105, GPU-c9db04c6-026b-f6d2-e711-de40c5b3e9cd, NVIDIA RTX 6000 Ada Generation, 49140 MiB, 25165 MiB, 13 %, 245.82 W
2026/09/10 03:01:34.605, GPU-c9db04c6-026b-f6d2-e711-de40c5b3e9cd, NVIDIA RTX 6000 Ada Generation, 49140 MiB, 25165 MiB, 13 %, 248.31 W
2026/09/10 03:01:35.105, GPU-c9db04c6-026b-f6d2-e711-de40c5b3e9cd, NVIDIA RTX 6000 Ada Generation, 49140 MiB, 25165 MiB, 94 %, 249.32 W
2026/09/10 03:01:35.606, GPU-c9db04c6-026b-f6d2-e711-de40c5b3e9cd, NVIDIA RTX 6000 Ada Generation, 49140 MiB, 25165 MiB, 94 %, 240.09 W
2026/09/10 03:01:36.106, GPU-c9db04c6-026b-f6d2-e711-de40c5b3e9cd, NVIDIA RTX 6000 Ada Generation, 49140 MiB, 25165 MiB, 94 %, 237.75 W
2026/09/10 03:01:36.607, GPU-c9db04c6-026b-f6d2-e711-de40c5b3e9cd, NVIDIA RTX 6000 Ada Generation, 49140 MiB, 25165 MiB, 94 %, 248.22 W
2026/09/10 03:01:37.107, GPU-c9db04c6-026b-f6d2-e711-de40c5b3e9cd, NVIDIA RTX 6000 Ada Generation, 49140 MiB, 25165 MiB, 64 %, 246.74 W
2026/09/10 03:01:37.608, GPU-c9db04c6-026b-f6d2-e711-de40c5b3e9cd, NVIDIA RTX 6000 Ada Generation, 49140 MiB, 25165 MiB, 64 %, 235.74 W
2026/09/10 03:01:38.108, GPU-c9db04c6-026b-f6d2-e711-de40c5b3e9cd, NVIDIA RTX 6000 Ada Generation, 49140 MiB, 25165 MiB, 93 %, 236.80 W
2026/09/10 03:01:38.609, GPU-c9db04c6-026b-f6d2-e711-de40c5b3e9cd, NVIDIA RTX 6000 Ada Generation, 49140 MiB, 25165 MiB, 93 %, 251.56 W
2026/09/10 03:01:39.111, GPU-c9db04c6-026b-f6d2-e711-de40c5b3e9cd, NVIDIA RTX 6000 Ada Generation, 49140 MiB, 25165 MiB, 53 %, 249.51 W
2026/09/10 03:01:39.611, GPU-c9db04c6-026b-f6d2-e711-de40c5b3e9cd, NVIDIA RTX 6000 Ada Generation, 49140 MiB, 25165 MiB, 53 %, 248.32 W
2026/09/10 03:01:40.112, GPU-c9db04c6-026b-f6d2-e711-de40c5b3e9cd, NVIDIA RTX 6000 Ada Generation, 49140 MiB, 25165 MiB, 70 %, 242.62 W
2026/09/10 03:01:40.613, GPU-c9db04c6-026b-f6d2-e711-de40c5b3e9cd, NVIDIA RTX 6000 Ada Generation, 49140 MiB, 25165 MiB, 70 %, 244.10 W
2026/09/10 03:01:41.113, GPU-c9db04c6-026b-f6d2-e711-de40c5b3e9cd, NVIDIA RTX 6000 Ada Generation, 49140 MiB, 25165 MiB, 92 %, 248.25 W
2026/09/10 03:01:41.613, GPU-c9db04c6-026b-f6d2-e711-de40c5b3e9cd, NVIDIA RTX 6000 Ada Generation, 49140 MiB, 25165 MiB, 92 %, 250.28 W
2026/09/10 03:01:42.114, GPU-c9db04c6-026b-f6d2-e711-de40c5b3e9cd, NVIDIA RTX 6000 Ada Generation, 49140 MiB, 25165 MiB, 25 %, 246.24 W
2026/09/10 03:01:42.615, GPU-c9db04c6-026b-f6d2-e711-de40c5b3e9cd, NVIDIA RTX 6000 Ada Generation, 49140 MiB, 25165 MiB, 25 %, 243.93 W
2026/09/10 03:01:43.115, GPU-c9db04c6-026b-f6d2-e711-de40c5b3e9cd, NVIDIA RTX 6000 Ada Generation, 49140 MiB, 25165 MiB, 79 %, 249.70 W
2026/09/10 03:01:43.615, GPU-c9db04c6-026b-f6d2-e711-de40c5b3e9cd, NVIDIA RTX 6000 Ada Generation, 49140 MiB, 25165 MiB, 79 %, 246.73 W
2026/09/10 03:01:44.116, GPU-c9db04c6-026b-f6d2-e711-de40c5b3e9cd, NVIDIA RTX 6000 Ada Generation, 49140 MiB, 25165 MiB, 65 %, 245.89 W
2026/09/10 03:01:44.617, GPU-c9db04c6-026b-f6d2-e711-de40c5b3e9cd, NVIDIA RTX 6000 Ada Generation, 49140 MiB, 25165 MiB, 65 %, 244.20 W
2026/09/10 03:01:45.117, GPU-c9db04c6-026b-f6d2-e711-de40c5b3e9cd, NVIDIA RTX 6000 Ada Generation, 49140 MiB, 25165 MiB, 56 %, 243.58 W
2026/09/10 03:01:45.618, GPU-c9db04c6-026b-f6d2-e711-de40c5b3e9cd, NVIDIA RTX 6000 Ada Generation, 49140 MiB, 25165 MiB, 56 %, 248.26 W
2026/09/10 03:01:46.118, GPU-c9db04c6-026b-f6d2-e711-de40c5b3e9cd, NVIDIA RTX 6000 Ada Generation, 49140 MiB, 25165 MiB, 86 %, 247.78 W
2026/09/10 03:01:46.619, GPU-c9db04c6-026b-f6d2-e711-de40c5b3e9cd, NVIDIA RTX 6000 Ada Generation, 49140 MiB, 25165 MiB, 86 %, 249.53 W
2026/09/10 03:01:47.119, GPU-c9db04c6-026b-f6d2-e711-de40c5b3e9cd, NVIDIA RTX 6000 Ada Generation, 49140 MiB, 25165 MiB, 82 %, 241.35 W
2026/09/10 03:01:47.619, GPU-c9db04c6-026b-f6d2-e711-de40c5b3e9cd, NVIDIA RTX 6000 Ada Generation, 49140 MiB, 25165 MiB, 82 %, 242.70 W
2026/09/10 03:01:48.120, GPU-c9db04c6-026b-f6d2-e711-de40c5b3e9cd, NVIDIA RTX 6000 Ada Generation, 49140 MiB, 25165 MiB, 86 %, 250.11 W
2026/09/10 03:01:48.621, GPU-c9db04c6-026b-f6d2-e711-de40c5b3e9cd, NVIDIA RTX 6000 Ada Generation, 49140 MiB, 25165 MiB, 86 %, 249.28 W
2026/09/10 03:01:49.121, GPU-c9db04c6-026b-f6d2-e711-de40c5b3e9cd, NVIDIA RTX 6000 Ada Generation, 49140 MiB, 25165 MiB, 94 %, 238.94 W
2026/09/10 03:01:49.622, GPU-c9db04c6-026b-f6d2-e711-de40c5b3e9cd, NVIDIA RTX 6000 Ada Generation, 49140 MiB, 25165 MiB, 94 %, 242.75 W
2026/09/10 03:01:50.122, GPU-c9db04c6-026b-f6d2-e711-de40c5b3e9cd, NVIDIA RTX 6000 Ada Generation, 49140 MiB, 25165 MiB, 0 %, 249.11 W
2026/09/10 03:01:50.622, GPU-c9db04c6-026b-f6d2-e711-de40c5b3e9cd, NVIDIA RTX 6000 Ada Generation, 49140 MiB, 25165 MiB, 0 %, 247.97 W
2026/09/10 03:01:51.123, GPU-c9db04c6-026b-f6d2-e711-de40c5b3e9cd, NVIDIA RTX 6000 Ada Generation, 49140 MiB, 25165 MiB, 54 %, 250.23 W
2026/09/10 03:01:51.623, GPU-c9db04c6-026b-f6d2-e711-de40c5b3e9cd, NVIDIA RTX 6000 Ada Generation, 49140 MiB, 25165 MiB, 54 %, 241.16 W
2026/09/10 03:01:52.124, GPU-c9db04c6-026b-f6d2-e711-de40c5b3e9cd, NVIDIA RTX 6000 Ada Generation, 49140 MiB, 25165 MiB, 75 %, 239.27 W
2026/09/10 03:01:52.624, GPU-c9db04c6-026b-f6d2-e711-de40c5b3e9cd, NVIDIA RTX 6000 Ada Generation, 49140 MiB, 25165 MiB, 75 %, 247.06 W
2026/09/10 03:01:53.125, GPU-c9db04c6-026b-f6d2-e711-de40c5b3e9cd, NVIDIA RTX 6000 Ada Generation, 49140 MiB, 25165 MiB, 61 %, 249.50 W
2026/09/10 03:01:53.625, GPU-c9db04c6-026b-f6d2-e711-de40c5b3e9cd, NVIDIA RTX 6000 Ada Generation, 49140 MiB, 25165 MiB, 61 %, 238.86 W
2026/09/10 03:01:54.126, GPU-c9db04c6-026b-f6d2-e711-de40c5b3e9cd, NVIDIA RTX 6000 Ada Generation, 49140 MiB, 25165 MiB, 64 %, 238.45 W
2026/09/10 03:01:54.626, GPU-c9db04c6-026b-f6d2-e711-de40c5b3e9cd, NVIDIA RTX 6000 Ada Generation, 49140 MiB, 25165 MiB, 64 %, 251.54 W
2026/09/10 03:01:55.127, GPU-c9db04c6-026b-f6d2-e711-de40c5b3e9cd, NVIDIA RTX 6000 Ada Generation, 49140 MiB, 25165 MiB, 65 %, 246.62 W
2026/09/10 03:01:55.627, GPU-c9db04c6-026b-f6d2-e711-de40c5b3e9cd, NVIDIA RTX 6000 Ada Generation, 49140 MiB, 25165 MiB, 65 %, 246.85 W
2026/09/10 03:01:56.127, GPU-c9db04c6-026b-f6d2-e711-de40c5b3e9cd, NVIDIA RTX 6000 Ada Generation, 49140 MiB, 25165 MiB, 82 %, 242.73 W
2026/09/10 03:01:56.629, GPU-c9db04c6-026b-f6d2-e711-de40c5b3e9cd, NVIDIA RTX 6000 Ada Generation, 49140 MiB, 25165 MiB, 82 %, 242.00 W
2026/09/10 03:01:57.129, GPU-c9db04c6-026b-f6d2-e711-de40c5b3e9cd, NVIDIA RTX 6000 Ada Generation, 49140 MiB, 25165 MiB, 92 %, 250.31 W
2026/09/10 03:01:57.629, GPU-c9db04c6-026b-f6d2-e711-de40c5b3e9cd, NVIDIA RTX 6000 Ada Generation, 49140 MiB, 25165 MiB, 92 %, 250.20 W
2026/09/10 03:01:58.130, GPU-c9db04c6-026b-f6d2-e711-de40c5b3e9cd, NVIDIA RTX 6000 Ada Generation, 49140 MiB, 25165 MiB, 0 %, 246.40 W
2026/09/10 03:01:58.631, GPU-c9db04c6-026b-f6d2-e711-de40c5b3e9cd, NVIDIA RTX 6000 Ada Generation, 49140 MiB, 25165 MiB, 0 %, 247.00 W
2026/09/10 03:01:59.132, GPU-c9db04c6-026b-f6d2-e711-de40c5b3e9cd, NVIDIA RTX 6000 Ada Generation, 49140 MiB, 25165 MiB, 53 %, 250.62 W
2026/09/10 03:01:59.632, GPU-c9db04c6-026b-f6d2-e711-de40c5b3e9cd, NVIDIA RTX 6000 Ada Generation, 49140 MiB, 25165 MiB, 53 %, 251.45 W
2026/09/10 03:02:00.132, GPU-c9db04c6-026b-f6d2-e711-de40c5b3e9cd, NVIDIA RTX 6000 Ada Generation, 49140 MiB, 25165 MiB, 65 %, 249.64 W
2026/09/10 03:02:00.633, GPU-c9db04c6-026b-f6d2-e711-de40c5b3e9cd, NVIDIA RTX 6000 Ada Generation, 49140 MiB, 25165 MiB, 65 %, 236.57 W
2026/09/10 03:02:01.134, GPU-c9db04c6-026b-f6d2-e711-de40c5b3e9cd, NVIDIA RTX 6000 Ada Generation, 49140 MiB, 25165 MiB, 58 %, 237.12 W
2026/09/10 03:02:01.634, GPU-c9db04c6-026b-f6d2-e711-de40c5b3e9cd, NVIDIA RTX 6000 Ada Generation, 49140 MiB, 25165 MiB, 58 %, 245.68 W
2026/09/10 03:02:02.135, GPU-c9db04c6-026b-f6d2-e711-de40c5b3e9cd, NVIDIA RTX 6000 Ada Generation, 49140 MiB, 25165 MiB, 89 %, 247.20 W
2026/09/10 03:02:02.635, GPU-c9db04c6-026b-f6d2-e711-de40c5b3e9cd, NVIDIA RTX 6000 Ada Generation, 49140 MiB, 25165 MiB, 89 %, 250.78 W
2026/09/10 03:02:03.136, GPU-c9db04c6-026b-f6d2-e711-de40c5b3e9cd, NVIDIA RTX 6000 Ada Generation, 49140 MiB, 25165 MiB, 93 %, 247.61 W
2026/09/10 03:02:03.637, GPU-c9db04c6-026b-f6d2-e711-de40c5b3e9cd, NVIDIA RTX 6000 Ada Generation, 49140 MiB, 25165 MiB, 93 %, 247.28 W
2026/09/10 03:02:04.137, GPU-c9db04c6-026b-f6d2-e711-de40c5b3e9cd, NVIDIA RTX 6000 Ada Generation, 49140 MiB, 25165 MiB, 57 %, 250.11 W
2026/09/10 03:02:04.638, GPU-c9db04c6-026b-f6d2-e711-de40c5b3e9cd, NVIDIA RTX 6000 Ada Generation, 49140 MiB, 25165 MiB, 57 %, 253.73 W
2026/09/10 03:02:05.138, GPU-c9db04c6-026b-f6d2-e711-de40c5b3e9cd, NVIDIA RTX 6000 Ada Generation, 49140 MiB, 25165 MiB, 65 %, 242.88 W
2026/09/10 03:02:05.639, GPU-c9db04c6-026b-f6d2-e711-de40c5b3e9cd, NVIDIA RTX 6000 Ada Generation, 49140 MiB, 25165 MiB, 65 %, 241.16 W
2026/09/10 03:02:06.140, GPU-c9db04c6-026b-f6d2-e711-de40c5b3e9cd, NVIDIA RTX 6000 Ada Generation, 49140 MiB, 25165 MiB, 92 %, 250.92 W
2026/09/10 03:02:06.641, GPU-c9db04c6-026b-f6d2-e711-de40c5b3e9cd, NVIDIA RTX 6000 Ada Generation, 49140 MiB, 25165 MiB, 92 %, 251.96 W
2026/09/10 03:02:07.141, GPU-c9db04c6-026b-f6d2-e711-de40c5b3e9cd, NVIDIA RTX 6000 Ada Generation, 49140 MiB, 25165 MiB, 0 %, 249.10 W
2026/09/10 03:02:07.642, GPU-c9db04c6-026b-f6d2-e711-de40c5b3e9cd, NVIDIA RTX 6000 Ada Generation, 49140 MiB, 25165 MiB, 0 %, 206.48 W
2026/09/10 03:02:08.146, GPU-c9db04c6-026b-f6d2-e711-de40c5b3e9cd, NVIDIA RTX 6000 Ada Generation, 49140 MiB, 25165 MiB, 0 %, 145.91 W
2026/09/10 03:02:08.647, GPU-c9db04c6-026b-f6d2-e711-de40c5b3e9cd, NVIDIA RTX 6000 Ada Generation, 49140 MiB, 25165 MiB, 0 %, 186.46 W
2026/09/10 03:02:09.147, GPU-c9db04c6-026b-f6d2-e711-de40c5b3e9cd, NVIDIA RTX 6000 Ada Generation, 49140 MiB, 25165 MiB, 50 %, 236.78 W
2026/09/10 03:02:09.647, GPU-c9db04c6-026b-f6d2-e711-de40c5b3e9cd, NVIDIA RTX 6000 Ada Generation, 49140 MiB, 25165 MiB, 50 %, 251.13 W
2026/09/10 03:02:10.151, GPU-c9db04c6-026b-f6d2-e711-de40c5b3e9cd, NVIDIA RTX 6000 Ada Generation, 49140 MiB, 25165 MiB, 0 %, 249.58 W
2026/09/10 03:02:10.651, GPU-c9db04c6-026b-f6d2-e711-de40c5b3e9cd, NVIDIA RTX 6000 Ada Generation, 49140 MiB, 25165 MiB, 0 %, 243.34 W
2026/09/10 03:02:11.152, GPU-c9db04c6-026b-f6d2-e711-de40c5b3e9cd, NVIDIA RTX 6000 Ada Generation, 49140 MiB, 25165 MiB, 94 %, 246.37 W
2026/09/10 03:02:11.652, GPU-c9db04c6-026b-f6d2-e711-de40c5b3e9cd, NVIDIA RTX 6000 Ada Generation, 49140 MiB, 25165 MiB, 94 %, 247.53 W
2026/09/10 03:02:12.153, GPU-c9db04c6-026b-f6d2-e711-de40c5b3e9cd, NVIDIA RTX 6000 Ada Generation, 49140 MiB, 25165 MiB, 93 %, 247.27 W
2026/09/10 03:02:12.655, GPU-c9db04c6-026b-f6d2-e711-de40c5b3e9cd, NVIDIA RTX 6000 Ada Generation, 49140 MiB, 25165 MiB, 93 %, 248.77 W
2026/09/10 03:02:13.155, GPU-c9db04c6-026b-f6d2-e711-de40c5b3e9cd, NVIDIA RTX 6000 Ada Generation, 49140 MiB, 25165 MiB, 79 %, 248.88 W
2026/09/10 03:02:13.656, GPU-c9db04c6-026b-f6d2-e711-de40c5b3e9cd, NVIDIA RTX 6000 Ada Generation, 49140 MiB, 25165 MiB, 79 %, 247.17 W
2026/09/10 03:02:14.156, GPU-c9db04c6-026b-f6d2-e711-de40c5b3e9cd, NVIDIA RTX 6000 Ada Generation, 49140 MiB, 25165 MiB, 64 %, 246.68 W
2026/09/10 03:02:14.731, GPU-c9db04c6-026b-f6d2-e711-de40c5b3e9cd, NVIDIA RTX 6000 Ada Generation, 49140 MiB, 25165 MiB, 64 %, 250.78 W
2026/09/10 03:02:15.232, GPU-c9db04c6-026b-f6d2-e711-de40c5b3e9cd, NVIDIA RTX 6000 Ada Generation, 49140 MiB, 25165 MiB, 54 %, 238.94 W
2026/09/10 03:02:15.732, GPU-c9db04c6-026b-f6d2-e711-de40c5b3e9cd, NVIDIA RTX 6000 Ada Generation, 49140 MiB, 25165 MiB, 54 %, 241.24 W
2026/09/10 03:02:16.232, GPU-c9db04c6-026b-f6d2-e711-de40c5b3e9cd, NVIDIA RTX 6000 Ada Generation, 49140 MiB, 25165 MiB, 87 %, 250.48 W
2026/09/10 03:02:16.733, GPU-c9db04c6-026b-f6d2-e711-de40c5b3e9cd, NVIDIA RTX 6000 Ada Generation, 49140 MiB, 25165 MiB, 87 %, 249.76 W
2026/09/10 03:02:17.233, GPU-c9db04c6-026b-f6d2-e711-de40c5b3e9cd, NVIDIA RTX 6000 Ada Generation, 49140 MiB, 25165 MiB, 93 %, 245.60 W
2026/09/10 03:02:17.734, GPU-c9db04c6-026b-f6d2-e711-de40c5b3e9cd, NVIDIA RTX 6000 Ada Generation, 49140 MiB, 25165 MiB, 93 %, 248.91 W
2026/09/10 03:02:18.234, GPU-c9db04c6-026b-f6d2-e711-de40c5b3e9cd, NVIDIA RTX 6000 Ada Generation, 49140 MiB, 25165 MiB, 19 %, 251.16 W
2026/09/10 03:02:18.734, GPU-c9db04c6-026b-f6d2-e711-de40c5b3e9cd, NVIDIA RTX 6000 Ada Generation, 49140 MiB, 25165 MiB, 19 %, 251.21 W
2026/09/10 03:02:19.236, GPU-c9db04c6-026b-f6d2-e711-de40c5b3e9cd, NVIDIA RTX 6000 Ada Generation, 49140 MiB, 25165 MiB, 21 %, 250.43 W
2026/09/10 03:02:19.737, GPU-c9db04c6-026b-f6d2-e711-de40c5b3e9cd, NVIDIA RTX 6000 Ada Generation, 49140 MiB, 25165 MiB, 21 %, 246.31 W
2026/09/10 03:02:20.237, GPU-c9db04c6-026b-f6d2-e711-de40c5b3e9cd, NVIDIA RTX 6000 Ada Generation, 49140 MiB, 25165 MiB, 75 %, 246.35 W
2026/09/10 03:02:20.737, GPU-c9db04c6-026b-f6d2-e711-de40c5b3e9cd, NVIDIA RTX 6000 Ada Generation, 49140 MiB, 25165 MiB, 75 %, 244.41 W
2026/09/10 03:02:21.237, GPU-c9db04c6-026b-f6d2-e711-de40c5b3e9cd, NVIDIA RTX 6000 Ada Generation, 49140 MiB, 25165 MiB, 93 %, 244.39 W
2026/09/10 03:02:21.739, GPU-c9db04c6-026b-f6d2-e711-de40c5b3e9cd, NVIDIA RTX 6000 Ada Generation, 49140 MiB, 25165 MiB, 93 %, 240.40 W
2026/09/10 03:02:22.242, GPU-c9db04c6-026b-f6d2-e711-de40c5b3e9cd, NVIDIA RTX 6000 Ada Generation, 49140 MiB, 25165 MiB, 94 %, 243.30 W
2026/09/10 03:02:22.743, GPU-c9db04c6-026b-f6d2-e711-de40c5b3e9cd, NVIDIA RTX 6000 Ada Generation, 49140 MiB, 25165 MiB, 94 %, 249.47 W
2026/09/10 03:02:23.243, GPU-c9db04c6-026b-f6d2-e711-de40c5b3e9cd, NVIDIA RTX 6000 Ada Generation, 49140 MiB, 25165 MiB, 74 %, 251.02 W
2026/09/10 03:02:23.743, GPU-c9db04c6-026b-f6d2-e711-de40c5b3e9cd, NVIDIA RTX 6000 Ada Generation, 49140 MiB, 25165 MiB, 74 %, 250.98 W
2026/09/10 03:02:24.244, GPU-c9db04c6-026b-f6d2-e711-de40c5b3e9cd, NVIDIA RTX 6000 Ada Generation, 49140 MiB, 25165 MiB, 81 %, 241.81 W
2026/09/10 03:02:24.745, GPU-c9db04c6-026b-f6d2-e711-de40c5b3e9cd, NVIDIA RTX 6000 Ada Generation, 49140 MiB, 25165 MiB, 81 %, 242.41 W
2026/09/10 03:02:25.245, GPU-c9db04c6-026b-f6d2-e711-de40c5b3e9cd, NVIDIA RTX 6000 Ada Generation, 49140 MiB, 25165 MiB, 65 %, 247.50 W
2026/09/10 03:02:25.745, GPU-c9db04c6-026b-f6d2-e711-de40c5b3e9cd, NVIDIA RTX 6000 Ada Generation, 49140 MiB, 25165 MiB, 65 %, 245.84 W
2026/09/10 03:02:26.246, GPU-c9db04c6-026b-f6d2-e711-de40c5b3e9cd, NVIDIA RTX 6000 Ada Generation, 49140 MiB, 25165 MiB, 14 %, 239.55 W
2026/09/10 03:02:26.749, GPU-c9db04c6-026b-f6d2-e711-de40c5b3e9cd, NVIDIA RTX 6000 Ada Generation, 49140 MiB, 25165 MiB, 14 %, 240.74 W
2026/09/10 03:02:27.250, GPU-c9db04c6-026b-f6d2-e711-de40c5b3e9cd, NVIDIA RTX 6000 Ada Generation, 49140 MiB, 25165 MiB, 36 %, 249.94 W
2026/09/10 03:02:27.750, GPU-c9db04c6-026b-f6d2-e711-de40c5b3e9cd, NVIDIA RTX 6000 Ada Generation, 49140 MiB, 25165 MiB, 36 %, 250.12 W
2026/09/10 03:02:28.250, GPU-c9db04c6-026b-f6d2-e711-de40c5b3e9cd, NVIDIA RTX 6000 Ada Generation, 49140 MiB, 25165 MiB, 84 %, 250.84 W
2026/09/10 03:02:28.751, GPU-c9db04c6-026b-f6d2-e711-de40c5b3e9cd, NVIDIA RTX 6000 Ada Generation, 49140 MiB, 25165 MiB, 84 %, 246.85 W
2026/09/10 03:02:29.251, GPU-c9db04c6-026b-f6d2-e711-de40c5b3e9cd, NVIDIA RTX 6000 Ada Generation, 49140 MiB, 25165 MiB, 93 %, 246.32 W
2026/09/10 03:02:29.751, GPU-c9db04c6-026b-f6d2-e711-de40c5b3e9cd, NVIDIA RTX 6000 Ada Generation, 49140 MiB, 25165 MiB, 93 %, 249.29 W
2026/09/10 03:02:30.252, GPU-c9db04c6-026b-f6d2-e711-de40c5b3e9cd, NVIDIA RTX 6000 Ada Generation, 49140 MiB, 25165 MiB, 60 %, 250.44 W
2026/09/10 03:02:30.752, GPU-c9db04c6-026b-f6d2-e711-de40c5b3e9cd, NVIDIA RTX 6000 Ada Generation, 49140 MiB, 25165 MiB, 60 %, 243.98 W
2026/09/10 03:02:31.253, GPU-c9db04c6-026b-f6d2-e711-de40c5b3e9cd, NVIDIA RTX 6000 Ada Generation, 49140 MiB, 25165 MiB, 70 %, 245.48 W
2026/09/10 03:02:31.753, GPU-c9db04c6-026b-f6d2-e711-de40c5b3e9cd, NVIDIA RTX 6000 Ada Generation, 49140 MiB, 25165 MiB, 70 %, 251.14 W
2026/09/10 03:02:32.253, GPU-c9db04c6-026b-f6d2-e711-de40c5b3e9cd, NVIDIA RTX 6000 Ada Generation, 49140 MiB, 25165 MiB, 91 %, 211.54 W
2026/09/10 03:02:32.753, GPU-c9db04c6-026b-f6d2-e711-de40c5b3e9cd, NVIDIA RTX 6000 Ada Generation, 49140 MiB, 25165 MiB, 91 %, 208.18 W
2026/09/10 03:02:33.255, GPU-c9db04c6-026b-f6d2-e711-de40c5b3e9cd, NVIDIA RTX 6000 Ada Generation, 49140 MiB, 25165 MiB, 0 %, 245.68 W
2026/09/10 03:02:33.755, GPU-c9db04c6-026b-f6d2-e711-de40c5b3e9cd, NVIDIA RTX 6000 Ada Generation, 49140 MiB, 25165 MiB, 0 %, 243.86 W
2026/09/10 03:02:34.255, GPU-c9db04c6-026b-f6d2-e711-de40c5b3e9cd, NVIDIA RTX 6000 Ada Generation, 49140 MiB, 25165 MiB, 81 %, 250.54 W
2026/09/10 03:02:34.756, GPU-c9db04c6-026b-f6d2-e711-de40c5b3e9cd, NVIDIA RTX 6000 Ada Generation, 49140 MiB, 25165 MiB, 81 %, 250.82 W
2026/09/10 03:02:35.256, GPU-c9db04c6-026b-f6d2-e711-de40c5b3e9cd, NVIDIA RTX 6000 Ada Generation, 49140 MiB, 25165 MiB, 66 %, 251.23 W
2026/09/10 03:02:35.757, GPU-c9db04c6-026b-f6d2-e711-de40c5b3e9cd, NVIDIA RTX 6000 Ada Generation, 49140 MiB, 25165 MiB, 66 %, 215.62 W
2026/09/10 03:02:36.257, GPU-c9db04c6-026b-f6d2-e711-de40c5b3e9cd, NVIDIA RTX 6000 Ada Generation, 49140 MiB, 25165 MiB, 65 %, 178.63 W
2026/09/10 03:02:36.758, GPU-c9db04c6-026b-f6d2-e711-de40c5b3e9cd, NVIDIA RTX 6000 Ada Generation, 49140 MiB, 25165 MiB, 65 %, 216.09 W
2026/09/10 03:02:37.258, GPU-c9db04c6-026b-f6d2-e711-de40c5b3e9cd, NVIDIA RTX 6000 Ada Generation, 49140 MiB, 25165 MiB, 94 %, 251.37 W
2026/09/10 03:02:37.759, GPU-c9db04c6-026b-f6d2-e711-de40c5b3e9cd, NVIDIA RTX 6000 Ada Generation, 49140 MiB, 25165 MiB, 94 %, 248.86 W
2026/09/10 03:02:38.259, GPU-c9db04c6-026b-f6d2-e711-de40c5b3e9cd, NVIDIA RTX 6000 Ada Generation, 49140 MiB, 25165 MiB, 0 %, 249.36 W
2026/09/10 03:02:38.760, GPU-c9db04c6-026b-f6d2-e711-de40c5b3e9cd, NVIDIA RTX 6000 Ada Generation, 49140 MiB, 25165 MiB, 0 %, 246.58 W
2026/09/10 03:02:39.260, GPU-c9db04c6-026b-f6d2-e711-de40c5b3e9cd, NVIDIA RTX 6000 Ada Generation, 49140 MiB, 25165 MiB, 94 %, 249.80 W
2026/09/10 03:02:39.760, GPU-c9db04c6-026b-f6d2-e711-de40c5b3e9cd, NVIDIA RTX 6000 Ada Generation, 49140 MiB, 25165 MiB, 94 %, 248.17 W
2026/09/10 03:02:40.262, GPU-c9db04c6-026b-f6d2-e711-de40c5b3e9cd, NVIDIA RTX 6000 Ada Generation, 49140 MiB, 25165 MiB, 66 %, 247.42 W
2026/09/10 03:02:40.762, GPU-c9db04c6-026b-f6d2-e711-de40c5b3e9cd, NVIDIA RTX 6000 Ada Generation, 49140 MiB, 25165 MiB, 66 %, 237.15 W
2026/09/10 03:02:41.263, GPU-c9db04c6-026b-f6d2-e711-de40c5b3e9cd, NVIDIA RTX 6000 Ada Generation, 49140 MiB, 25165 MiB, 63 %, 238.57 W
2026/09/10 03:02:41.763, GPU-c9db04c6-026b-f6d2-e711-de40c5b3e9cd, NVIDIA RTX 6000 Ada Generation, 49140 MiB, 25165 MiB, 63 %, 246.11 W
2026/09/10 03:02:42.263, GPU-c9db04c6-026b-f6d2-e711-de40c5b3e9cd, NVIDIA RTX 6000 Ada Generation, 49140 MiB, 25165 MiB, 68 %, 247.44 W
2026/09/10 03:02:42.764, GPU-c9db04c6-026b-f6d2-e711-de40c5b3e9cd, NVIDIA RTX 6000 Ada Generation, 49140 MiB, 25165 MiB, 68 %, 251.12 W
2026/09/10 03:02:43.265, GPU-c9db04c6-026b-f6d2-e711-de40c5b3e9cd, NVIDIA RTX 6000 Ada Generation, 49140 MiB, 25165 MiB, 55 %, 239.59 W
2026/09/10 03:02:43.765, GPU-c9db04c6-026b-f6d2-e711-de40c5b3e9cd, NVIDIA RTX 6000 Ada Generation, 49140 MiB, 25165 MiB, 55 %, 234.07 W
2026/09/10 03:02:44.265, GPU-c9db04c6-026b-f6d2-e711-de40c5b3e9cd, NVIDIA RTX 6000 Ada Generation, 49140 MiB, 25165 MiB, 25 %, 234.93 W
2026/09/10 03:02:44.767, GPU-c9db04c6-026b-f6d2-e711-de40c5b3e9cd, NVIDIA RTX 6000 Ada Generation, 49140 MiB, 25165 MiB, 25 %, 234.37 W
2026/09/10 03:02:45.267, GPU-c9db04c6-026b-f6d2-e711-de40c5b3e9cd, NVIDIA RTX 6000 Ada Generation, 49140 MiB, 25165 MiB, 24 %, 234.67 W
2026/09/10 03:02:45.768, GPU-c9db04c6-026b-f6d2-e711-de40c5b3e9cd, NVIDIA RTX 6000 Ada Generation, 49140 MiB, 25165 MiB, 24 %, 237.79 W
2026/09/10 03:02:46.268, GPU-c9db04c6-026b-f6d2-e711-de40c5b3e9cd, NVIDIA RTX 6000 Ada Generation, 49140 MiB, 25165 MiB, 56 %, 251.30 W
2026/09/10 03:02:46.768, GPU-c9db04c6-026b-f6d2-e711-de40c5b3e9cd, NVIDIA RTX 6000 Ada Generation, 49140 MiB, 25165 MiB, 56 %, 249.89 W
2026/09/10 03:02:47.269, GPU-c9db04c6-026b-f6d2-e711-de40c5b3e9cd, NVIDIA RTX 6000 Ada Generation, 49140 MiB, 25165 MiB, 66 %, 248.66 W
2026/09/10 03:02:47.770, GPU-c9db04c6-026b-f6d2-e711-de40c5b3e9cd, NVIDIA RTX 6000 Ada Generation, 49140 MiB, 25165 MiB, 66 %, 237.67 W
2026/09/10 03:02:48.270, GPU-c9db04c6-026b-f6d2-e711-de40c5b3e9cd, NVIDIA RTX 6000 Ada Generation, 49140 MiB, 25165 MiB, 57 %, 238.50 W
2026/09/10 03:02:48.770, GPU-c9db04c6-026b-f6d2-e711-de40c5b3e9cd, NVIDIA RTX 6000 Ada Generation, 49140 MiB, 25165 MiB, 57 %, 251.11 W
2026/09/10 03:02:49.271, GPU-c9db04c6-026b-f6d2-e711-de40c5b3e9cd, NVIDIA RTX 6000 Ada Generation, 49140 MiB, 25165 MiB, 94 %, 250.29 W
2026/09/10 03:02:49.771, GPU-c9db04c6-026b-f6d2-e711-de40c5b3e9cd, NVIDIA RTX 6000 Ada Generation, 49140 MiB, 25165 MiB, 94 %, 250.54 W
2026/09/10 03:02:50.272, GPU-c9db04c6-026b-f6d2-e711-de40c5b3e9cd, NVIDIA RTX 6000 Ada Generation, 49140 MiB, 25165 MiB, 94 %, 246.69 W
2026/09/10 03:02:50.772, GPU-c9db04c6-026b-f6d2-e711-de40c5b3e9cd, NVIDIA RTX 6000 Ada Generation, 49140 MiB, 25165 MiB, 94 %, 246.01 W
2026/09/10 03:02:51.272, GPU-c9db04c6-026b-f6d2-e711-de40c5b3e9cd, NVIDIA RTX 6000 Ada Generation, 49140 MiB, 25165 MiB, 93 %, 228.59 W
2026/09/10 03:02:51.773, GPU-c9db04c6-026b-f6d2-e711-de40c5b3e9cd, NVIDIA RTX 6000 Ada Generation, 49140 MiB, 25165 MiB, 93 %, 228.34 W
2026/09/10 03:02:52.273, GPU-c9db04c6-026b-f6d2-e711-de40c5b3e9cd, NVIDIA RTX 6000 Ada Generation, 49140 MiB, 25165 MiB, 0 %, 244.93 W
2026/09/10 03:02:52.774, GPU-c9db04c6-026b-f6d2-e711-de40c5b3e9cd, NVIDIA RTX 6000 Ada Generation, 49140 MiB, 25165 MiB, 0 %, 244.57 W
2026/09/10 03:02:53.274, GPU-c9db04c6-026b-f6d2-e711-de40c5b3e9cd, NVIDIA RTX 6000 Ada Generation, 49140 MiB, 25165 MiB, 55 %, 249.73 W
2026/09/10 03:02:53.775, GPU-c9db04c6-026b-f6d2-e711-de40c5b3e9cd, NVIDIA RTX 6000 Ada Generation, 49140 MiB, 25165 MiB, 55 %, 249.30 W
2026/09/10 03:02:54.275, GPU-c9db04c6-026b-f6d2-e711-de40c5b3e9cd, NVIDIA RTX 6000 Ada Generation, 49140 MiB, 25165 MiB, 64 %, 247.59 W
2026/09/10 03:02:54.775, GPU-c9db04c6-026b-f6d2-e711-de40c5b3e9cd, NVIDIA RTX 6000 Ada Generation, 49140 MiB, 25165 MiB, 64 %, 240.14 W
2026/09/10 03:02:55.276, GPU-c9db04c6-026b-f6d2-e711-de40c5b3e9cd, NVIDIA RTX 6000 Ada Generation, 49140 MiB, 25165 MiB, 60 %, 241.29 W
2026/09/10 03:02:55.776, GPU-c9db04c6-026b-f6d2-e711-de40c5b3e9cd, NVIDIA RTX 6000 Ada Generation, 49140 MiB, 25165 MiB, 60 %, 232.15 W
2026/09/10 03:02:56.277, GPU-c9db04c6-026b-f6d2-e711-de40c5b3e9cd, NVIDIA RTX 6000 Ada Generation, 49140 MiB, 25165 MiB, 68 %, 235.18 W
2026/09/10 03:02:56.777, GPU-c9db04c6-026b-f6d2-e711-de40c5b3e9cd, NVIDIA RTX 6000 Ada Generation, 49140 MiB, 25165 MiB, 68 %, 249.53 W
2026/09/10 03:02:57.278, GPU-c9db04c6-026b-f6d2-e711-de40c5b3e9cd, NVIDIA RTX 6000 Ada Generation, 49140 MiB, 25165 MiB, 53 %, 240.17 W
2026/09/10 03:02:57.778, GPU-c9db04c6-026b-f6d2-e711-de40c5b3e9cd, NVIDIA RTX 6000 Ada Generation, 49140 MiB, 25165 MiB, 53 %, 238.91 W
2026/09/10 03:02:58.279, GPU-c9db04c6-026b-f6d2-e711-de40c5b3e9cd, NVIDIA RTX 6000 Ada Generation, 49140 MiB, 25165 MiB, 94 %, 247.84 W
2026/09/10 03:02:58.780, GPU-c9db04c6-026b-f6d2-e711-de40c5b3e9cd, NVIDIA RTX 6000 Ada Generation, 49140 MiB, 25165 MiB, 94 %, 249.25 W
2026/09/10 03:02:59.280, GPU-c9db04c6-026b-f6d2-e711-de40c5b3e9cd, NVIDIA RTX 6000 Ada Generation, 49140 MiB, 25165 MiB, 91 %, 243.77 W
2026/09/10 03:02:59.781, GPU-c9db04c6-026b-f6d2-e711-de40c5b3e9cd, NVIDIA RTX 6000 Ada Generation, 49140 MiB, 25165 MiB, 91 %, 243.64 W
2026/09/10 03:03:00.281, GPU-c9db04c6-026b-f6d2-e711-de40c5b3e9cd, NVIDIA RTX 6000 Ada Generation, 49140 MiB, 25165 MiB, 0 %, 249.12 W
2026/09/10 03:03:00.782, GPU-c9db04c6-026b-f6d2-e711-de40c5b3e9cd, NVIDIA RTX 6000 Ada Generation, 49140 MiB, 25165 MiB, 0 %, 249.82 W
2026/09/10 03:03:01.282, GPU-c9db04c6-026b-f6d2-e711-de40c5b3e9cd, NVIDIA RTX 6000 Ada Generation, 49140 MiB, 25165 MiB, 82 %, 251.20 W
2026/09/10 03:03:01.782, GPU-c9db04c6-026b-f6d2-e711-de40c5b3e9cd, NVIDIA RTX 6000 Ada Generation, 49140 MiB, 25165 MiB, 82 %, 241.85 W
2026/09/10 03:03:02.283, GPU-c9db04c6-026b-f6d2-e711-de40c5b3e9cd, NVIDIA RTX 6000 Ada Generation, 49140 MiB, 25165 MiB, 94 %, 238.39 W
2026/09/10 03:03:02.784, GPU-c9db04c6-026b-f6d2-e711-de40c5b3e9cd, NVIDIA RTX 6000 Ada Generation, 49140 MiB, 25165 MiB, 94 %, 250.11 W
2026/09/10 03:03:03.284, GPU-c9db04c6-026b-f6d2-e711-de40c5b3e9cd, NVIDIA RTX 6000 Ada Generation, 49140 MiB, 25165 MiB, 59 %, 253.88 W
2026/09/10 03:03:03.785, GPU-c9db04c6-026b-f6d2-e711-de40c5b3e9cd, NVIDIA RTX 6000 Ada Generation, 49140 MiB, 25165 MiB, 59 %, 237.64 W
2026/09/10 03:03:04.285, GPU-c9db04c6-026b-f6d2-e711-de40c5b3e9cd, NVIDIA RTX 6000 Ada Generation, 49140 MiB, 25165 MiB, 78 %, 234.49 W
2026/09/10 03:03:04.786, GPU-c9db04c6-026b-f6d2-e711-de40c5b3e9cd, NVIDIA RTX 6000 Ada Generation, 49140 MiB, 25165 MiB, 78 %, 249.07 W
2026/09/10 03:03:05.286, GPU-c9db04c6-026b-f6d2-e711-de40c5b3e9cd, NVIDIA RTX 6000 Ada Generation, 49140 MiB, 25165 MiB, 52 %, 248.11 W
2026/09/10 03:03:05.787, GPU-c9db04c6-026b-f6d2-e711-de40c5b3e9cd, NVIDIA RTX 6000 Ada Generation, 49140 MiB, 25165 MiB, 52 %, 248.87 W
2026/09/10 03:03:06.287, GPU-c9db04c6-026b-f6d2-e711-de40c5b3e9cd, NVIDIA RTX 6000 Ada Generation, 49140 MiB, 25165 MiB, 63 %, 239.98 W
2026/09/10 03:03:06.787, GPU-c9db04c6-026b-f6d2-e711-de40c5b3e9cd, NVIDIA RTX 6000 Ada Generation, 49140 MiB, 25165 MiB, 63 %, 240.65 W
2026/09/10 03:03:07.288, GPU-c9db04c6-026b-f6d2-e711-de40c5b3e9cd, NVIDIA RTX 6000 Ada Generation, 49140 MiB, 25165 MiB, 93 %, 250.23 W
2026/09/10 03:03:07.788, GPU-c9db04c6-026b-f6d2-e711-de40c5b3e9cd, NVIDIA RTX 6000 Ada Generation, 49140 MiB, 25165 MiB, 93 %, 247.00 W
2026/09/10 03:03:08.288, GPU-c9db04c6-026b-f6d2-e711-de40c5b3e9cd, NVIDIA RTX 6000 Ada Generation, 49140 MiB, 25165 MiB, 0 %, 248.96 W
2026/09/10 03:03:08.789, GPU-c9db04c6-026b-f6d2-e711-de40c5b3e9cd, NVIDIA RTX 6000 Ada Generation, 49140 MiB, 25165 MiB, 0 %, 238.60 W
2026/09/10 03:03:09.290, GPU-c9db04c6-026b-f6d2-e711-de40c5b3e9cd, NVIDIA RTX 6000 Ada Generation, 49140 MiB, 25165 MiB, 55 %, 237.31 W
2026/09/10 03:03:09.790, GPU-c9db04c6-026b-f6d2-e711-de40c5b3e9cd, NVIDIA RTX 6000 Ada Generation, 49140 MiB, 25165 MiB, 55 %, 239.27 W
2026/09/10 03:03:10.290, GPU-c9db04c6-026b-f6d2-e711-de40c5b3e9cd, NVIDIA RTX 6000 Ada Generation, 49140 MiB, 25165 MiB, 45 %, 233.82 W
2026/09/10 03:03:10.791, GPU-c9db04c6-026b-f6d2-e711-de40c5b3e9cd, NVIDIA RTX 6000 Ada Generation, 49140 MiB, 25165 MiB, 45 %, 231.15 W
2026/09/10 03:03:11.292, GPU-c9db04c6-026b-f6d2-e711-de40c5b3e9cd, NVIDIA RTX 6000 Ada Generation, 49140 MiB, 25165 MiB, 80 %, 234.41 W
2026/09/10 03:03:11.792, GPU-c9db04c6-026b-f6d2-e711-de40c5b3e9cd, NVIDIA RTX 6000 Ada Generation, 49140 MiB, 25165 MiB, 80 %, 245.68 W
2026/09/10 03:03:12.292, GPU-c9db04c6-026b-f6d2-e711-de40c5b3e9cd, NVIDIA RTX 6000 Ada Generation, 49140 MiB, 25165 MiB, 0 %, 200.39 W
2026/09/10 03:03:12.793, GPU-c9db04c6-026b-f6d2-e711-de40c5b3e9cd, NVIDIA RTX 6000 Ada Generation, 49140 MiB, 25165 MiB, 0 %, 186.87 W
2026/09/10 03:03:13.294, GPU-c9db04c6-026b-f6d2-e711-de40c5b3e9cd, NVIDIA RTX 6000 Ada Generation, 49140 MiB, 25165 MiB, 70 %, 229.77 W
2026/09/10 03:03:13.794, GPU-c9db04c6-026b-f6d2-e711-de40c5b3e9cd, NVIDIA RTX 6000 Ada Generation, 49140 MiB, 25165 MiB, 70 %, 226.22 W
2026/09/10 03:03:14.294, GPU-c9db04c6-026b-f6d2-e711-de40c5b3e9cd, NVIDIA RTX 6000 Ada Generation, 49140 MiB, 25165 MiB, 65 %, 230.30 W
2026/09/10 03:03:14.794, GPU-c9db04c6-026b-f6d2-e711-de40c5b3e9cd, NVIDIA RTX 6000 Ada Generation, 49140 MiB, 25165 MiB, 65 %, 249.56 W
2026/09/10 03:03:15.295, GPU-c9db04c6-026b-f6d2-e711-de40c5b3e9cd, NVIDIA RTX 6000 Ada Generation, 49140 MiB, 25165 MiB, 39 %, 228.72 W
2026/09/10 03:03:15.796, GPU-c9db04c6-026b-f6d2-e711-de40c5b3e9cd, NVIDIA RTX 6000 Ada Generation, 49140 MiB, 25165 MiB, 39 %, 229.92 W
2026/09/10 03:03:16.296, GPU-c9db04c6-026b-f6d2-e711-de40c5b3e9cd, NVIDIA RTX 6000 Ada Generation, 49140 MiB, 25165 MiB, 0 %, 214.96 W
2026/09/10 03:03:16.797, GPU-c9db04c6-026b-f6d2-e711-de40c5b3e9cd, NVIDIA RTX 6000 Ada Generation, 49140 MiB, 25165 MiB, 0 %, 225.75 W
2026/09/10 03:03:17.337, GPU-c9db04c6-026b-f6d2-e711-de40c5b3e9cd, NVIDIA RTX 6000 Ada Generation, 49140 MiB, 25165 MiB, 90 %, 249.99 W
2026/09/10 03:03:17.839, GPU-c9db04c6-026b-f6d2-e711-de40c5b3e9cd, NVIDIA RTX 6000 Ada Generation, 49140 MiB, 25165 MiB, 90 %, 214.15 W
2026/09/10 03:03:18.340, GPU-c9db04c6-026b-f6d2-e711-de40c5b3e9cd, NVIDIA RTX 6000 Ada Generation, 49140 MiB, 25165 MiB, 76 %, 217.24 W
2026/09/10 03:03:18.840, GPU-c9db04c6-026b-f6d2-e711-de40c5b3e9cd, NVIDIA RTX 6000 Ada Generation, 49140 MiB, 25165 MiB, 76 %, 250.78 W
2026/09/10 03:03:19.340, GPU-c9db04c6-026b-f6d2-e711-de40c5b3e9cd, NVIDIA RTX 6000 Ada Generation, 49140 MiB, 25165 MiB, 93 %, 227.38 W
2026/09/10 03:03:19.841, GPU-c9db04c6-026b-f6d2-e711-de40c5b3e9cd, NVIDIA RTX 6000 Ada Generation, 49140 MiB, 25165 MiB, 93 %, 226.84 W
2026/09/10 03:03:20.341, GPU-c9db04c6-026b-f6d2-e711-de40c5b3e9cd, NVIDIA RTX 6000 Ada Generation, 49140 MiB, 25165 MiB, 89 %, 249.06 W
2026/09/10 03:03:20.843, GPU-c9db04c6-026b-f6d2-e711-de40c5b3e9cd, NVIDIA RTX 6000 Ada Generation, 49140 MiB, 25165 MiB, 89 %, 249.63 W
2026/09/10 03:03:21.344, GPU-c9db04c6-026b-f6d2-e711-de40c5b3e9cd, NVIDIA RTX 6000 Ada Generation, 49140 MiB, 25165 MiB, 0 %, 244.67 W
2026/09/10 03:03:21.845, GPU-c9db04c6-026b-f6d2-e711-de40c5b3e9cd, NVIDIA RTX 6000 Ada Generation, 49140 MiB, 25165 MiB, 0 %, 232.60 W
2026/09/10 03:03:22.345, GPU-c9db04c6-026b-f6d2-e711-de40c5b3e9cd, NVIDIA RTX 6000 Ada Generation, 49140 MiB, 25165 MiB, 76 %, 241.77 W
2026/09/10 03:03:22.845, GPU-c9db04c6-026b-f6d2-e711-de40c5b3e9cd, NVIDIA RTX 6000 Ada Generation, 49140 MiB, 25165 MiB, 76 %, 246.16 W
2026/09/10 03:03:23.348, GPU-c9db04c6-026b-f6d2-e711-de40c5b3e9cd, NVIDIA RTX 6000 Ada Generation, 49140 MiB, 25165 MiB, 94 %, 244.95 W
2026/09/10 03:03:23.848, GPU-c9db04c6-026b-f6d2-e711-de40c5b3e9cd, NVIDIA RTX 6000 Ada Generation, 49140 MiB, 25165 MiB, 94 %, 239.01 W
2026/09/10 03:03:24.349, GPU-c9db04c6-026b-f6d2-e711-de40c5b3e9cd, NVIDIA RTX 6000 Ada Generation, 49140 MiB, 25165 MiB, 69 %, 240.01 W
2026/09/10 03:03:24.850, GPU-c9db04c6-026b-f6d2-e711-de40c5b3e9cd, NVIDIA RTX 6000 Ada Generation, 49140 MiB, 25165 MiB, 69 %, 250.08 W
2026/09/10 03:03:25.350, GPU-c9db04c6-026b-f6d2-e711-de40c5b3e9cd, NVIDIA RTX 6000 Ada Generation, 49140 MiB, 25165 MiB, 55 %, 232.90 W
2026/09/10 03:03:25.851, GPU-c9db04c6-026b-f6d2-e711-de40c5b3e9cd, NVIDIA RTX 6000 Ada Generation, 49140 MiB, 25165 MiB, 55 %, 233.90 W
2026/09/10 03:03:26.352, GPU-c9db04c6-026b-f6d2-e711-de40c5b3e9cd, NVIDIA RTX 6000 Ada Generation, 49140 MiB, 25165 MiB, 67 %, 236.76 W
2026/09/10 03:03:26.852, GPU-c9db04c6-026b-f6d2-e711-de40c5b3e9cd, NVIDIA RTX 6000 Ada Generation, 49140 MiB, 25165 MiB, 67 %, 235.68 W
2026/09/10 03:03:27.352, GPU-c9db04c6-026b-f6d2-e711-de40c5b3e9cd, NVIDIA RTX 6000 Ada Generation, 49140 MiB, 25165 MiB, 0 %, 237.41 W
2026/09/10 03:03:27.853, GPU-c9db04c6-026b-f6d2-e711-de40c5b3e9cd, NVIDIA RTX 6000 Ada Generation, 49140 MiB, 25165 MiB, 0 %, 229.81 W
2026/09/10 03:03:28.353, GPU-c9db04c6-026b-f6d2-e711-de40c5b3e9cd, NVIDIA RTX 6000 Ada Generation, 49140 MiB, 25165 MiB, 83 %, 240.62 W
2026/09/10 03:03:28.854, GPU-c9db04c6-026b-f6d2-e711-de40c5b3e9cd, NVIDIA RTX 6000 Ada Generation, 49140 MiB, 25165 MiB, 83 %, 236.78 W
2026/09/10 03:03:29.354, GPU-c9db04c6-026b-f6d2-e711-de40c5b3e9cd, NVIDIA RTX 6000 Ada Generation, 49140 MiB, 25165 MiB, 53 %, 238.38 W
2026/09/10 03:03:29.855, GPU-c9db04c6-026b-f6d2-e711-de40c5b3e9cd, NVIDIA RTX 6000 Ada Generation, 49140 MiB, 25165 MiB, 53 %, 239.08 W
2026/09/10 03:03:30.355, GPU-c9db04c6-026b-f6d2-e711-de40c5b3e9cd, NVIDIA RTX 6000 Ada Generation, 49140 MiB, 25165 MiB, 62 %, 236.56 W
2026/09/10 03:03:30.856, GPU-c9db04c6-026b-f6d2-e711-de40c5b3e9cd, NVIDIA RTX 6000 Ada Generation, 49140 MiB, 25165 MiB, 62 %, 249.90 W
2026/09/10 03:03:31.357, GPU-c9db04c6-026b-f6d2-e711-de40c5b3e9cd, NVIDIA RTX 6000 Ada Generation, 49140 MiB, 25165 MiB, 90 %, 232.07 W
2026/09/10 03:03:31.857, GPU-c9db04c6-026b-f6d2-e711-de40c5b3e9cd, NVIDIA RTX 6000 Ada Generation, 49140 MiB, 25165 MiB, 90 %, 233.63 W
2026/09/10 03:03:32.357, GPU-c9db04c6-026b-f6d2-e711-de40c5b3e9cd, NVIDIA RTX 6000 Ada Generation, 49140 MiB, 25165 MiB, 91 %, 246.05 W
2026/09/10 03:03:32.858, GPU-c9db04c6-026b-f6d2-e711-de40c5b3e9cd, NVIDIA RTX 6000 Ada Generation, 49140 MiB, 25165 MiB, 91 %, 241.84 W
2026/09/10 03:03:33.358, GPU-c9db04c6-026b-f6d2-e711-de40c5b3e9cd, NVIDIA RTX 6000 Ada Generation, 49140 MiB, 25165 MiB, 0 %, 245.63 W
2026/09/10 03:03:33.859, GPU-c9db04c6-026b-f6d2-e711-de40c5b3e9cd, NVIDIA RTX 6000 Ada Generation, 49140 MiB, 25165 MiB, 0 %, 229.91 W
2026/09/10 03:03:34.359, GPU-c9db04c6-026b-f6d2-e711-de40c5b3e9cd, NVIDIA RTX 6000 Ada Generation, 49140 MiB, 25165 MiB, 62 %, 229.15 W
2026/09/10 03:03:34.859, GPU-c9db04c6-026b-f6d2-e711-de40c5b3e9cd, NVIDIA RTX 6000 Ada Generation, 49140 MiB, 25165 MiB, 62 %, 236.63 W
2026/09/10 03:03:35.364, GPU-c9db04c6-026b-f6d2-e711-de40c5b3e9cd, NVIDIA RTX 6000 Ada Generation, 49140 MiB, 25165 MiB, 49 %, 243.11 W
2026/09/10 03:03:35.865, GPU-c9db04c6-026b-f6d2-e711-de40c5b3e9cd, NVIDIA RTX 6000 Ada Generation, 49140 MiB, 25165 MiB, 49 %, 235.87 W
2026/09/10 03:03:36.365, GPU-c9db04c6-026b-f6d2-e711-de40c5b3e9cd, NVIDIA RTX 6000 Ada Generation, 49140 MiB, 25165 MiB, 67 %, 235.36 W
2026/09/10 03:03:36.865, GPU-c9db04c6-026b-f6d2-e711-de40c5b3e9cd, NVIDIA RTX 6000 Ada Generation, 49140 MiB, 25165 MiB, 67 %, 249.31 W
2026/09/10 03:03:37.366, GPU-c9db04c6-026b-f6d2-e711-de40c5b3e9cd, NVIDIA RTX 6000 Ada Generation, 49140 MiB, 25165 MiB, 65 %, 251.47 W
2026/09/10 03:03:37.867, GPU-c9db04c6-026b-f6d2-e711-de40c5b3e9cd, NVIDIA RTX 6000 Ada Generation, 49140 MiB, 25165 MiB, 81 %, 243.70 W
2026/09/10 03:03:38.367, GPU-c9db04c6-026b-f6d2-e711-de40c5b3e9cd, NVIDIA RTX 6000 Ada Generation, 49140 MiB, 25165 MiB, 81 %, 244.35 W
2026/09/10 03:03:38.867, GPU-c9db04c6-026b-f6d2-e711-de40c5b3e9cd, NVIDIA RTX 6000 Ada Generation, 49140 MiB, 25165 MiB, 80 %, 249.30 W
2026/09/10 03:03:39.368, GPU-c9db04c6-026b-f6d2-e711-de40c5b3e9cd, NVIDIA RTX 6000 Ada Generation, 49140 MiB, 25165 MiB, 80 %, 250.09 W
2026/09/10 03:03:39.869, GPU-c9db04c6-026b-f6d2-e711-de40c5b3e9cd, NVIDIA RTX 6000 Ada Generation, 49140 MiB, 25165 MiB, 0 %, 241.32 W
2026/09/10 03:03:40.369, GPU-c9db04c6-026b-f6d2-e711-de40c5b3e9cd, NVIDIA RTX 6000 Ada Generation, 49140 MiB, 25165 MiB, 0 %, 242.16 W
2026/09/10 03:03:40.869, GPU-c9db04c6-026b-f6d2-e711-de40c5b3e9cd, NVIDIA RTX 6000 Ada Generation, 49140 MiB, 25165 MiB, 84 %, 250.35 W
2026/09/10 03:03:41.370, GPU-c9db04c6-026b-f6d2-e711-de40c5b3e9cd, NVIDIA RTX 6000 Ada Generation, 49140 MiB, 25165 MiB, 84 %, 249.73 W
2026/09/10 03:03:41.870, GPU-c9db04c6-026b-f6d2-e711-de40c5b3e9cd, NVIDIA RTX 6000 Ada Generation, 49140 MiB, 25165 MiB, 65 %, 249.98 W
2026/09/10 03:03:42.371, GPU-c9db04c6-026b-f6d2-e711-de40c5b3e9cd, NVIDIA RTX 6000 Ada Generation, 49140 MiB, 25165 MiB, 65 %, 243.47 W
2026/09/10 03:03:42.873, GPU-c9db04c6-026b-f6d2-e711-de40c5b3e9cd, NVIDIA RTX 6000 Ada Generation, 49140 MiB, 25165 MiB, 62 %, 245.05 W
2026/09/10 03:03:43.373, GPU-c9db04c6-026b-f6d2-e711-de40c5b3e9cd, NVIDIA RTX 6000 Ada Generation, 49140 MiB, 25165 MiB, 62 %, 244.75 W
2026/09/10 03:03:43.874, GPU-c9db04c6-026b-f6d2-e711-de40c5b3e9cd, NVIDIA RTX 6000 Ada Generation, 49140 MiB, 25165 MiB, 88 %, 245.30 W
2026/09/10 03:03:44.374, GPU-c9db04c6-026b-f6d2-e711-de40c5b3e9cd, NVIDIA RTX 6000 Ada Generation, 49140 MiB, 25165 MiB, 88 %, 250.96 W
2026/09/10 03:03:44.875, GPU-c9db04c6-026b-f6d2-e711-de40c5b3e9cd, NVIDIA RTX 6000 Ada Generation, 49140 MiB, 25165 MiB, 91 %, 245.46 W
2026/09/10 03:03:45.375, GPU-c9db04c6-026b-f6d2-e711-de40c5b3e9cd, NVIDIA RTX 6000 Ada Generation, 49140 MiB, 25165 MiB, 91 %, 248.06 W
2026/09/10 03:03:45.875, GPU-c9db04c6-026b-f6d2-e711-de40c5b3e9cd, NVIDIA RTX 6000 Ada Generation, 49140 MiB, 25165 MiB, 60 %, 251.68 W
2026/09/10 03:03:46.376, GPU-c9db04c6-026b-f6d2-e711-de40c5b3e9cd, NVIDIA RTX 6000 Ada Generation, 49140 MiB, 25165 MiB, 60 %, 253.88 W
2026/09/10 03:03:46.876, GPU-c9db04c6-026b-f6d2-e711-de40c5b3e9cd, NVIDIA RTX 6000 Ada Generation, 49140 MiB, 25165 MiB, 60 %, 244.29 W
2026/09/10 03:03:47.377, GPU-c9db04c6-026b-f6d2-e711-de40c5b3e9cd, NVIDIA RTX 6000 Ada Generation, 49140 MiB, 25165 MiB, 60 %, 241.24 W
2026/09/10 03:03:47.877, GPU-c9db04c6-026b-f6d2-e711-de40c5b3e9cd, NVIDIA RTX 6000 Ada Generation, 49140 MiB, 25165 MiB, 93 %, 251.74 W
2026/09/10 03:03:48.377, GPU-c9db04c6-026b-f6d2-e711-de40c5b3e9cd, NVIDIA RTX 6000 Ada Generation, 49140 MiB, 25165 MiB, 93 %, 255.07 W
2026/09/10 03:03:48.878, GPU-c9db04c6-026b-f6d2-e711-de40c5b3e9cd, NVIDIA RTX 6000 Ada Generation, 49140 MiB, 25165 MiB, 0 %, 249.26 W
2026/09/10 03:03:49.378, GPU-c9db04c6-026b-f6d2-e711-de40c5b3e9cd, NVIDIA RTX 6000 Ada Generation, 49140 MiB, 25165 MiB, 0 %, 245.65 W
2026/09/10 03:03:49.879, GPU-c9db04c6-026b-f6d2-e711-de40c5b3e9cd, NVIDIA RTX 6000 Ada Generation, 49140 MiB, 25165 MiB, 45 %, 249.89 W
2026/09/10 03:03:50.379, GPU-c9db04c6-026b-f6d2-e711-de40c5b3e9cd, NVIDIA RTX 6000 Ada Generation, 49140 MiB, 25165 MiB, 45 %, 253.07 W
2026/09/10 03:03:50.880, GPU-c9db04c6-026b-f6d2-e711-de40c5b3e9cd, NVIDIA RTX 6000 Ada Generation, 49140 MiB, 25165 MiB, 92 %, 252.56 W
2026/09/10 03:03:51.381, GPU-c9db04c6-026b-f6d2-e711-de40c5b3e9cd, NVIDIA RTX 6000 Ada Generation, 49140 MiB, 25165 MiB, 92 %, 245.05 W
2026/09/10 03:03:51.881, GPU-c9db04c6-026b-f6d2-e711-de40c5b3e9cd, NVIDIA RTX 6000 Ada Generation, 49140 MiB, 25165 MiB, 93 %, 247.01 W
2026/09/10 03:03:52.381, GPU-c9db04c6-026b-f6d2-e711-de40c5b3e9cd, NVIDIA RTX 6000 Ada Generation, 49140 MiB, 25165 MiB, 93 %, 254.12 W
2026/09/10 03:03:52.882, GPU-c9db04c6-026b-f6d2-e711-de40c5b3e9cd, NVIDIA RTX 6000 Ada Generation, 49140 MiB, 25165 MiB, 55 %, 253.48 W
2026/09/10 03:03:53.382, GPU-c9db04c6-026b-f6d2-e711-de40c5b3e9cd, NVIDIA RTX 6000 Ada Generation, 49140 MiB, 25165 MiB, 55 %, 235.61 W
2026/09/10 03:03:53.883, GPU-c9db04c6-026b-f6d2-e711-de40c5b3e9cd, NVIDIA RTX 6000 Ada Generation, 49140 MiB, 25165 MiB, 0 %, 170.54 W
2026/09/10 03:03:54.384, GPU-c9db04c6-026b-f6d2-e711-de40c5b3e9cd, NVIDIA RTX 6000 Ada Generation, 49140 MiB, 25165 MiB, 0 %, 187.76 W
2026/09/10 03:03:54.884, GPU-c9db04c6-026b-f6d2-e711-de40c5b3e9cd, NVIDIA RTX 6000 Ada Generation, 49140 MiB, 25165 MiB, 51 %, 249.16 W
2026/09/10 03:03:55.384, GPU-c9db04c6-026b-f6d2-e711-de40c5b3e9cd, NVIDIA RTX 6000 Ada Generation, 49140 MiB, 25165 MiB, 51 %, 197.76 W
2026/09/10 03:03:55.885, GPU-c9db04c6-026b-f6d2-e711-de40c5b3e9cd, NVIDIA RTX 6000 Ada Generation, 49140 MiB, 25165 MiB, 71 %, 196.52 W
2026/09/10 03:03:56.386, GPU-c9db04c6-026b-f6d2-e711-de40c5b3e9cd, NVIDIA RTX 6000 Ada Generation, 49140 MiB, 25165 MiB, 71 %, 250.35 W
2026/09/10 03:03:56.886, GPU-c9db04c6-026b-f6d2-e711-de40c5b3e9cd, NVIDIA RTX 6000 Ada Generation, 49140 MiB, 25165 MiB, 55 %, 245.28 W
2026/09/10 03:03:57.386, GPU-c9db04c6-026b-f6d2-e711-de40c5b3e9cd, NVIDIA RTX 6000 Ada Generation, 49140 MiB, 25165 MiB, 55 %, 244.49 W
2026/09/10 03:03:57.887, GPU-c9db04c6-026b-f6d2-e711-de40c5b3e9cd, NVIDIA RTX 6000 Ada Generation, 49140 MiB, 25165 MiB, 93 %, 252.12 W
2026/09/10 03:03:58.389, GPU-c9db04c6-026b-f6d2-e711-de40c5b3e9cd, NVIDIA RTX 6000 Ada Generation, 49140 MiB, 25165 MiB, 93 %, 252.15 W
2026/09/10 03:03:58.889, GPU-c9db04c6-026b-f6d2-e711-de40c5b3e9cd, NVIDIA RTX 6000 Ada Generation, 49140 MiB, 25165 MiB, 78 %, 247.21 W
2026/09/10 03:03:59.389, GPU-c9db04c6-026b-f6d2-e711-de40c5b3e9cd, NVIDIA RTX 6000 Ada Generation, 49140 MiB, 25165 MiB, 78 %, 245.22 W
2026/09/10 03:03:59.890, GPU-c9db04c6-026b-f6d2-e711-de40c5b3e9cd, NVIDIA RTX 6000 Ada Generation, 49140 MiB, 25165 MiB, 52 %, 250.62 W
2026/09/10 03:04:00.391, GPU-c9db04c6-026b-f6d2-e711-de40c5b3e9cd, NVIDIA RTX 6000 Ada Generation, 49140 MiB, 25165 MiB, 52 %, 250.55 W
2026/09/10 03:04:00.891, GPU-c9db04c6-026b-f6d2-e711-de40c5b3e9cd, NVIDIA RTX 6000 Ada Generation, 49140 MiB, 25165 MiB, 0 %, 250.62 W
2026/09/10 03:04:01.392, GPU-c9db04c6-026b-f6d2-e711-de40c5b3e9cd, NVIDIA RTX 6000 Ada Generation, 49140 MiB, 25165 MiB, 0 %, 242.96 W
2026/09/10 03:04:01.892, GPU-c9db04c6-026b-f6d2-e711-de40c5b3e9cd, NVIDIA RTX 6000 Ada Generation, 49140 MiB, 25165 MiB, 94 %, 245.62 W
2026/09/10 03:04:02.393, GPU-c9db04c6-026b-f6d2-e711-de40c5b3e9cd, NVIDIA RTX 6000 Ada Generation, 49140 MiB, 25165 MiB, 94 %, 251.04 W
2026/09/10 03:04:02.893, GPU-c9db04c6-026b-f6d2-e711-de40c5b3e9cd, NVIDIA RTX 6000 Ada Generation, 49140 MiB, 25165 MiB, 66 %, 250.67 W
2026/09/10 03:04:03.393, GPU-c9db04c6-026b-f6d2-e711-de40c5b3e9cd, NVIDIA RTX 6000 Ada Generation, 49140 MiB, 25165 MiB, 66 %, 240.56 W
2026/09/10 03:04:03.894, GPU-c9db04c6-026b-f6d2-e711-de40c5b3e9cd, NVIDIA RTX 6000 Ada Generation, 49140 MiB, 25165 MiB, 52 %, 241.64 W
2026/09/10 03:04:04.395, GPU-c9db04c6-026b-f6d2-e711-de40c5b3e9cd, NVIDIA RTX 6000 Ada Generation, 49140 MiB, 25165 MiB, 52 %, 249.09 W
2026/09/10 03:04:04.896, GPU-c9db04c6-026b-f6d2-e711-de40c5b3e9cd, NVIDIA RTX 6000 Ada Generation, 49140 MiB, 25165 MiB, 73 %, 249.47 W
2026/09/10 03:04:05.397, GPU-c9db04c6-026b-f6d2-e711-de40c5b3e9cd, NVIDIA RTX 6000 Ada Generation, 49140 MiB, 25165 MiB, 73 %, 250.59 W
2026/09/10 03:04:05.897, GPU-c9db04c6-026b-f6d2-e711-de40c5b3e9cd, NVIDIA RTX 6000 Ada Generation, 49140 MiB, 25165 MiB, 81 %, 242.43 W
2026/09/10 03:04:06.397, GPU-c9db04c6-026b-f6d2-e711-de40c5b3e9cd, NVIDIA RTX 6000 Ada Generation, 49140 MiB, 25165 MiB, 81 %, 244.56 W
2026/09/10 03:04:06.898, GPU-c9db04c6-026b-f6d2-e711-de40c5b3e9cd, NVIDIA RTX 6000 Ada Generation, 49140 MiB, 25165 MiB, 55 %, 250.28 W
2026/09/10 03:04:07.399, GPU-c9db04c6-026b-f6d2-e711-de40c5b3e9cd, NVIDIA RTX 6000 Ada Generation, 49140 MiB, 25165 MiB, 55 %, 251.66 W
2026/09/10 03:04:07.899, GPU-c9db04c6-026b-f6d2-e711-de40c5b3e9cd, NVIDIA RTX 6000 Ada Generation, 49140 MiB, 25165 MiB, 68 %, 242.86 W
2026/09/10 03:04:08.399, GPU-c9db04c6-026b-f6d2-e711-de40c5b3e9cd, NVIDIA RTX 6000 Ada Generation, 49140 MiB, 25165 MiB, 68 %, 242.97 W
2026/09/10 03:04:08.900, GPU-c9db04c6-026b-f6d2-e711-de40c5b3e9cd, NVIDIA RTX 6000 Ada Generation, 49140 MiB, 25165 MiB, 94 %, 252.24 W
2026/09/10 03:04:09.401, GPU-c9db04c6-026b-f6d2-e711-de40c5b3e9cd, NVIDIA RTX 6000 Ada Generation, 49140 MiB, 25165 MiB, 94 %, 250.52 W
2026/09/10 03:04:09.901, GPU-c9db04c6-026b-f6d2-e711-de40c5b3e9cd, NVIDIA RTX 6000 Ada Generation, 49140 MiB, 25165 MiB, 0 %, 251.84 W
2026/09/10 03:04:10.402, GPU-c9db04c6-026b-f6d2-e711-de40c5b3e9cd, NVIDIA RTX 6000 Ada Generation, 49140 MiB, 25165 MiB, 0 %, 246.28 W
2026/09/10 03:04:10.902, GPU-c9db04c6-026b-f6d2-e711-de40c5b3e9cd, NVIDIA RTX 6000 Ada Generation, 49140 MiB, 25165 MiB, 93 %, 247.33 W
2026/09/10 03:04:11.403, GPU-c9db04c6-026b-f6d2-e711-de40c5b3e9cd, NVIDIA RTX 6000 Ada Generation, 49140 MiB, 25165 MiB, 93 %, 249.97 W
2026/09/10 03:04:11.903, GPU-c9db04c6-026b-f6d2-e711-de40c5b3e9cd, NVIDIA RTX 6000 Ada Generation, 49140 MiB, 25165 MiB, 83 %, 247.71 W
2026/09/10 03:04:12.404, GPU-c9db04c6-026b-f6d2-e711-de40c5b3e9cd, NVIDIA RTX 6000 Ada Generation, 49140 MiB, 25165 MiB, 83 %, 244.93 W
2026/09/10 03:04:12.904, GPU-c9db04c6-026b-f6d2-e711-de40c5b3e9cd, NVIDIA RTX 6000 Ada Generation, 49140 MiB, 25165 MiB, 59 %, 244.43 W
2026/09/10 03:04:13.404, GPU-c9db04c6-026b-f6d2-e711-de40c5b3e9cd, NVIDIA RTX 6000 Ada Generation, 49140 MiB, 25165 MiB, 59 %, 241.51 W
2026/09/10 03:04:13.905, GPU-c9db04c6-026b-f6d2-e711-de40c5b3e9cd, NVIDIA RTX 6000 Ada Generation, 49140 MiB, 25165 MiB, 70 %, 238.42 W
2026/09/10 03:04:14.406, GPU-c9db04c6-026b-f6d2-e711-de40c5b3e9cd, NVIDIA RTX 6000 Ada Generation, 49140 MiB, 25165 MiB, 70 %, 251.27 W
2026/09/10 03:04:14.906, GPU-c9db04c6-026b-f6d2-e711-de40c5b3e9cd, NVIDIA RTX 6000 Ada Generation, 49140 MiB, 25165 MiB, 92 %, 242.43 W
2026/09/10 03:04:15.407, GPU-c9db04c6-026b-f6d2-e711-de40c5b3e9cd, NVIDIA RTX 6000 Ada Generation, 49140 MiB, 25165 MiB, 92 %, 237.79 W
2026/09/10 03:04:15.908, GPU-c9db04c6-026b-f6d2-e711-de40c5b3e9cd, NVIDIA RTX 6000 Ada Generation, 49140 MiB, 25165 MiB, 71 %, 245.84 W
2026/09/10 03:04:16.408, GPU-c9db04c6-026b-f6d2-e711-de40c5b3e9cd, NVIDIA RTX 6000 Ada Generation, 49140 MiB, 25165 MiB, 71 %, 249.32 W
2026/09/10 03:04:16.908, GPU-c9db04c6-026b-f6d2-e711-de40c5b3e9cd, NVIDIA RTX 6000 Ada Generation, 49140 MiB, 25165 MiB, 0 %, 241.20 W
2026/09/10 03:04:17.409, GPU-c9db04c6-026b-f6d2-e711-de40c5b3e9cd, NVIDIA RTX 6000 Ada Generation, 49140 MiB, 25165 MiB, 0 %, 240.60 W
2026/09/10 03:04:17.909, GPU-c9db04c6-026b-f6d2-e711-de40c5b3e9cd, NVIDIA RTX 6000 Ada Generation, 49140 MiB, 25165 MiB, 70 %, 249.98 W
2026/09/10 03:04:18.410, GPU-c9db04c6-026b-f6d2-e711-de40c5b3e9cd, NVIDIA RTX 6000 Ada Generation, 49140 MiB, 25165 MiB, 70 %, 241.23 W
2026/09/10 03:04:18.910, GPU-c9db04c6-026b-f6d2-e711-de40c5b3e9cd, NVIDIA RTX 6000 Ada Generation, 49140 MiB, 25165 MiB, 63 %, 243.99 W
2026/09/10 03:04:19.411, GPU-c9db04c6-026b-f6d2-e711-de40c5b3e9cd, NVIDIA RTX 6000 Ada Generation, 49140 MiB, 25165 MiB, 63 %, 236.43 W
2026/09/10 03:04:19.911, GPU-c9db04c6-026b-f6d2-e711-de40c5b3e9cd, NVIDIA RTX 6000 Ada Generation, 49140 MiB, 25165 MiB, 54 %, 237.56 W
2026/09/10 03:04:20.412, GPU-c9db04c6-026b-f6d2-e711-de40c5b3e9cd, NVIDIA RTX 6000 Ada Generation, 49140 MiB, 25165 MiB, 54 %, 240.86 W
2026/09/10 03:04:20.913, GPU-c9db04c6-026b-f6d2-e711-de40c5b3e9cd, NVIDIA RTX 6000 Ada Generation, 49140 MiB, 25165 MiB, 68 %, 240.49 W
2026/09/10 03:04:21.413, GPU-c9db04c6-026b-f6d2-e711-de40c5b3e9cd, NVIDIA RTX 6000 Ada Generation, 49140 MiB, 25165 MiB, 68 %, 251.79 W
2026/09/10 03:04:21.913, GPU-c9db04c6-026b-f6d2-e711-de40c5b3e9cd, NVIDIA RTX 6000 Ada Generation, 49140 MiB, 25165 MiB, 0 %, 198.44 W
2026/09/10 03:04:22.414, GPU-c9db04c6-026b-f6d2-e711-de40c5b3e9cd, NVIDIA RTX 6000 Ada Generation, 49140 MiB, 25165 MiB, 0 %, 192.95 W
2026/09/10 03:04:22.914, GPU-c9db04c6-026b-f6d2-e711-de40c5b3e9cd, NVIDIA RTX 6000 Ada Generation, 49140 MiB, 25165 MiB, 94 %, 248.08 W
2026/09/10 03:04:23.415, GPU-c9db04c6-026b-f6d2-e711-de40c5b3e9cd, NVIDIA RTX 6000 Ada Generation, 49140 MiB, 25165 MiB, 94 %, 249.60 W
2026/09/10 03:04:23.915, GPU-c9db04c6-026b-f6d2-e711-de40c5b3e9cd, NVIDIA RTX 6000 Ada Generation, 49140 MiB, 25165 MiB, 67 %, 248.43 W
2026/09/10 03:04:24.416, GPU-c9db04c6-026b-f6d2-e711-de40c5b3e9cd, NVIDIA RTX 6000 Ada Generation, 49140 MiB, 25165 MiB, 67 %, 215.55 W
2026/09/10 03:04:24.916, GPU-c9db04c6-026b-f6d2-e711-de40c5b3e9cd, NVIDIA RTX 6000 Ada Generation, 49140 MiB, 25165 MiB, 0 %, 155.60 W
2026/09/10 03:04:25.416, GPU-c9db04c6-026b-f6d2-e711-de40c5b3e9cd, NVIDIA RTX 6000 Ada Generation, 49140 MiB, 25165 MiB, 0 %, 179.65 W
2026/09/10 03:04:25.918, GPU-c9db04c6-026b-f6d2-e711-de40c5b3e9cd, NVIDIA RTX 6000 Ada Generation, 49140 MiB, 25165 MiB, 90 %, 244.40 W
2026/09/10 03:04:26.418, GPU-c9db04c6-026b-f6d2-e711-de40c5b3e9cd, NVIDIA RTX 6000 Ada Generation, 49140 MiB, 25165 MiB, 90 %, 250.42 W
2026/09/10 03:04:26.918, GPU-c9db04c6-026b-f6d2-e711-de40c5b3e9cd, NVIDIA RTX 6000 Ada Generation, 49140 MiB, 25165 MiB, 75 %, 249.80 W
2026/09/10 03:04:27.418, GPU-c9db04c6-026b-f6d2-e711-de40c5b3e9cd, NVIDIA RTX 6000 Ada Generation, 49140 MiB, 25165 MiB, 75 %, 244.07 W
2026/09/10 03:04:27.919, GPU-c9db04c6-026b-f6d2-e711-de40c5b3e9cd, NVIDIA RTX 6000 Ada Generation, 49140 MiB, 25165 MiB, 59 %, 243.04 W
2026/09/10 03:04:28.420, GPU-c9db04c6-026b-f6d2-e711-de40c5b3e9cd, NVIDIA RTX 6000 Ada Generation, 49140 MiB, 25165 MiB, 59 %, 240.66 W
2026/09/10 03:04:28.920, GPU-c9db04c6-026b-f6d2-e711-de40c5b3e9cd, NVIDIA RTX 6000 Ada Generation, 49140 MiB, 25165 MiB, 0 %, 174.07 W
2026/09/10 03:04:29.420, GPU-c9db04c6-026b-f6d2-e711-de40c5b3e9cd, NVIDIA RTX 6000 Ada Generation, 49140 MiB, 25165 MiB, 0 %, 156.66 W
2026/09/10 03:04:29.921, GPU-c9db04c6-026b-f6d2-e711-de40c5b3e9cd, NVIDIA RTX 6000 Ada Generation, 49140 MiB, 25165 MiB, 59 %, 219.34 W
2026/09/10 03:04:30.422, GPU-c9db04c6-026b-f6d2-e711-de40c5b3e9cd, NVIDIA RTX 6000 Ada Generation, 49140 MiB, 25165 MiB, 59 %, 237.85 W
2026/09/10 03:04:30.922, GPU-c9db04c6-026b-f6d2-e711-de40c5b3e9cd, NVIDIA RTX 6000 Ada Generation, 49140 MiB, 25165 MiB, 70 %, 237.97 W
2026/09/10 03:04:31.422, GPU-c9db04c6-026b-f6d2-e711-de40c5b3e9cd, NVIDIA RTX 6000 Ada Generation, 49140 MiB, 25165 MiB, 70 %, 248.79 W
2026/09/10 03:04:31.923, GPU-c9db04c6-026b-f6d2-e711-de40c5b3e9cd, NVIDIA RTX 6000 Ada Generation, 49140 MiB, 25165 MiB, 82 %, 244.20 W
2026/09/10 03:04:32.424, GPU-c9db04c6-026b-f6d2-e711-de40c5b3e9cd, NVIDIA RTX 6000 Ada Generation, 49140 MiB, 25165 MiB, 82 %, 244.83 W
2026/09/10 03:04:32.924, GPU-c9db04c6-026b-f6d2-e711-de40c5b3e9cd, NVIDIA RTX 6000 Ada Generation, 49140 MiB, 25165 MiB, 92 %, 244.97 W
2026/09/10 03:04:33.425, GPU-c9db04c6-026b-f6d2-e711-de40c5b3e9cd, NVIDIA RTX 6000 Ada Generation, 49140 MiB, 25165 MiB, 92 %, 245.50 W
2026/09/10 03:04:33.925, GPU-c9db04c6-026b-f6d2-e711-de40c5b3e9cd, NVIDIA RTX 6000 Ada Generation, 49140 MiB, 25165 MiB, 0 %, 229.68 W
2026/09/10 03:04:34.426, GPU-c9db04c6-026b-f6d2-e711-de40c5b3e9cd, NVIDIA RTX 6000 Ada Generation, 49140 MiB, 25165 MiB, 0 %, 166.92 W
2026/09/10 03:04:34.927, GPU-c9db04c6-026b-f6d2-e711-de40c5b3e9cd, NVIDIA RTX 6000 Ada Generation, 49140 MiB, 25165 MiB, 92 %, 130.72 W
2026/09/10 03:04:35.428, GPU-c9db04c6-026b-f6d2-e711-de40c5b3e9cd, NVIDIA RTX 6000 Ada Generation, 49140 MiB, 25165 MiB, 92 %, 193.15 W
2026/09/10 03:04:35.928, GPU-c9db04c6-026b-f6d2-e711-de40c5b3e9cd, NVIDIA RTX 6000 Ada Generation, 49140 MiB, 25165 MiB, 8 %, 257.08 W
2026/09/10 03:04:36.428, GPU-c9db04c6-026b-f6d2-e711-de40c5b3e9cd, NVIDIA RTX 6000 Ada Generation, 49140 MiB, 25165 MiB, 8 %, 238.88 W
2026/09/10 03:04:36.929, GPU-c9db04c6-026b-f6d2-e711-de40c5b3e9cd, NVIDIA RTX 6000 Ada Generation, 49140 MiB, 25165 MiB, 62 %, 236.44 W
2026/09/10 03:04:37.429, GPU-c9db04c6-026b-f6d2-e711-de40c5b3e9cd, NVIDIA RTX 6000 Ada Generation, 49140 MiB, 25165 MiB, 62 %, 237.47 W
2026/09/10 03:04:37.930, GPU-c9db04c6-026b-f6d2-e711-de40c5b3e9cd, NVIDIA RTX 6000 Ada Generation, 49140 MiB, 25165 MiB, 52 %, 240.01 W
2026/09/10 03:04:38.430, GPU-c9db04c6-026b-f6d2-e711-de40c5b3e9cd, NVIDIA RTX 6000 Ada Generation, 49140 MiB, 25165 MiB, 52 %, 237.50 W
2026/09/10 03:04:38.931, GPU-c9db04c6-026b-f6d2-e711-de40c5b3e9cd, NVIDIA RTX 6000 Ada Generation, 49140 MiB, 25165 MiB, 64 %, 238.65 W
2026/09/10 03:04:39.432, GPU-c9db04c6-026b-f6d2-e711-de40c5b3e9cd, NVIDIA RTX 6000 Ada Generation, 49140 MiB, 25165 MiB, 64 %, 249.98 W
2026/09/10 03:04:39.933, GPU-c9db04c6-026b-f6d2-e711-de40c5b3e9cd, NVIDIA RTX 6000 Ada Generation, 49140 MiB, 25165 MiB, 86 %, 247.01 W
2026/09/10 03:04:40.433, GPU-c9db04c6-026b-f6d2-e711-de40c5b3e9cd, NVIDIA RTX 6000 Ada Generation, 49140 MiB, 25165 MiB, 86 %, 247.33 W
2026/09/10 03:04:40.933, GPU-c9db04c6-026b-f6d2-e711-de40c5b3e9cd, NVIDIA RTX 6000 Ada Generation, 49140 MiB, 25165 MiB, 61 %, 240.73 W
2026/09/10 03:04:41.434, GPU-c9db04c6-026b-f6d2-e711-de40c5b3e9cd, NVIDIA RTX 6000 Ada Generation, 49140 MiB, 25165 MiB, 61 %, 234.74 W
2026/09/10 03:04:41.934, GPU-c9db04c6-026b-f6d2-e711-de40c5b3e9cd, NVIDIA RTX 6000 Ada Generation, 49140 MiB, 25165 MiB, 79 %, 242.70 W
2026/09/10 03:04:42.435, GPU-c9db04c6-026b-f6d2-e711-de40c5b3e9cd, NVIDIA RTX 6000 Ada Generation, 49140 MiB, 25165 MiB, 79 %, 247.36 W
2026/09/10 03:04:42.935, GPU-c9db04c6-026b-f6d2-e711-de40c5b3e9cd, NVIDIA RTX 6000 Ada Generation, 49140 MiB, 25165 MiB, 0 %, 250.45 W
2026/09/10 03:04:43.435, GPU-c9db04c6-026b-f6d2-e711-de40c5b3e9cd, NVIDIA RTX 6000 Ada Generation, 49140 MiB, 25165 MiB, 0 %, 239.80 W
2026/09/10 03:04:43.936, GPU-c9db04c6-026b-f6d2-e711-de40c5b3e9cd, NVIDIA RTX 6000 Ada Generation, 49140 MiB, 25165 MiB, 79 %, 241.88 W
2026/09/10 03:04:44.436, GPU-c9db04c6-026b-f6d2-e711-de40c5b3e9cd, NVIDIA RTX 6000 Ada Generation, 49140 MiB, 25165 MiB, 79 %, 249.94 W
2026/09/10 03:04:44.937, GPU-c9db04c6-026b-f6d2-e711-de40c5b3e9cd, NVIDIA RTX 6000 Ada Generation, 49140 MiB, 25165 MiB, 93 %, 247.06 W
2026/09/10 03:04:45.437, GPU-c9db04c6-026b-f6d2-e711-de40c5b3e9cd, NVIDIA RTX 6000 Ada Generation, 49140 MiB, 25165 MiB, 93 %, 225.16 W
2026/09/10 03:04:45.938, GPU-c9db04c6-026b-f6d2-e711-de40c5b3e9cd, NVIDIA RTX 6000 Ada Generation, 49140 MiB, 25165 MiB, 0 %, 165.11 W
2026/09/10 03:04:46.439, GPU-c9db04c6-026b-f6d2-e711-de40c5b3e9cd, NVIDIA RTX 6000 Ada Generation, 49140 MiB, 25165 MiB, 0 %, 167.08 W
2026/09/10 03:04:46.939, GPU-c9db04c6-026b-f6d2-e711-de40c5b3e9cd, NVIDIA RTX 6000 Ada Generation, 49140 MiB, 25165 MiB, 66 %, 231.08 W
2026/09/10 03:04:47.439, GPU-c9db04c6-026b-f6d2-e711-de40c5b3e9cd, NVIDIA RTX 6000 Ada Generation, 49140 MiB, 25165 MiB, 66 %, 249.70 W
2026/09/10 03:04:47.940, GPU-c9db04c6-026b-f6d2-e711-de40c5b3e9cd, NVIDIA RTX 6000 Ada Generation, 49140 MiB, 25165 MiB, 61 %, 249.08 W
2026/09/10 03:04:48.440, GPU-c9db04c6-026b-f6d2-e711-de40c5b3e9cd, NVIDIA RTX 6000 Ada Generation, 49140 MiB, 25165 MiB, 61 %, 239.44 W
2026/09/10 03:04:48.941, GPU-c9db04c6-026b-f6d2-e711-de40c5b3e9cd, NVIDIA RTX 6000 Ada Generation, 49140 MiB, 25165 MiB, 73 %, 241.55 W
2026/09/10 03:04:49.441, GPU-c9db04c6-026b-f6d2-e711-de40c5b3e9cd, NVIDIA RTX 6000 Ada Generation, 49140 MiB, 25165 MiB, 73 %, 250.21 W
2026/09/10 03:04:49.941, GPU-c9db04c6-026b-f6d2-e711-de40c5b3e9cd, NVIDIA RTX 6000 Ada Generation, 49140 MiB, 25165 MiB, 94 %, 246.85 W
2026/09/10 03:04:50.443, GPU-c9db04c6-026b-f6d2-e711-de40c5b3e9cd, NVIDIA RTX 6000 Ada Generation, 49140 MiB, 25165 MiB, 94 %, 248.18 W
2026/09/10 03:04:50.944, GPU-c9db04c6-026b-f6d2-e711-de40c5b3e9cd, NVIDIA RTX 6000 Ada Generation, 49140 MiB, 25165 MiB, 93 %, 247.65 W
2026/09/10 03:04:51.444, GPU-c9db04c6-026b-f6d2-e711-de40c5b3e9cd, NVIDIA RTX 6000 Ada Generation, 49140 MiB, 25165 MiB, 93 %, 244.61 W
2026/09/10 03:04:51.945, GPU-c9db04c6-026b-f6d2-e711-de40c5b3e9cd, NVIDIA RTX 6000 Ada Generation, 49140 MiB, 25165 MiB, 92 %, 244.83 W
2026/09/10 03:04:52.447, GPU-c9db04c6-026b-f6d2-e711-de40c5b3e9cd, NVIDIA RTX 6000 Ada Generation, 49140 MiB, 25165 MiB, 92 %, 248.47 W
2026/09/10 03:04:52.948, GPU-c9db04c6-026b-f6d2-e711-de40c5b3e9cd, NVIDIA RTX 6000 Ada Generation, 49140 MiB, 25165 MiB, 0 %, 249.24 W
2026/09/10 03:04:53.448, GPU-c9db04c6-026b-f6d2-e711-de40c5b3e9cd, NVIDIA RTX 6000 Ada Generation, 49140 MiB, 25165 MiB, 0 %, 242.49 W
2026/09/10 03:04:53.950, GPU-c9db04c6-026b-f6d2-e711-de40c5b3e9cd, NVIDIA RTX 6000 Ada Generation, 49140 MiB, 25165 MiB, 93 %, 247.97 W
2026/09/10 03:04:54.450, GPU-c9db04c6-026b-f6d2-e711-de40c5b3e9cd, NVIDIA RTX 6000 Ada Generation, 49140 MiB, 25165 MiB, 93 %, 250.42 W
2026/09/10 03:04:54.951, GPU-c9db04c6-026b-f6d2-e711-de40c5b3e9cd, NVIDIA RTX 6000 Ada Generation, 49140 MiB, 25165 MiB, 67 %, 248.93 W
2026/09/10 03:04:55.452, GPU-c9db04c6-026b-f6d2-e711-de40c5b3e9cd, NVIDIA RTX 6000 Ada Generation, 49140 MiB, 25165 MiB, 67 %, 232.47 W
2026/09/10 03:04:55.953, GPU-c9db04c6-026b-f6d2-e711-de40c5b3e9cd, NVIDIA RTX 6000 Ada Generation, 49140 MiB, 25165 MiB, 94 %, 235.85 W
2026/09/10 03:04:56.453, GPU-c9db04c6-026b-f6d2-e711-de40c5b3e9cd, NVIDIA RTX 6000 Ada Generation, 49140 MiB, 25165 MiB, 94 %, 250.53 W
2026/09/10 03:04:56.953, GPU-c9db04c6-026b-f6d2-e711-de40c5b3e9cd, NVIDIA RTX 6000 Ada Generation, 49140 MiB, 25165 MiB, 67 %, 249.85 W
2026/09/10 03:04:57.454, GPU-c9db04c6-026b-f6d2-e711-de40c5b3e9cd, NVIDIA RTX 6000 Ada Generation, 49140 MiB, 25165 MiB, 67 %, 250.46 W
2026/09/10 03:04:57.955, GPU-c9db04c6-026b-f6d2-e711-de40c5b3e9cd, NVIDIA RTX 6000 Ada Generation, 49140 MiB, 25165 MiB, 84 %, 241.65 W
2026/09/10 03:04:58.455, GPU-c9db04c6-026b-f6d2-e711-de40c5b3e9cd, NVIDIA RTX 6000 Ada Generation, 49140 MiB, 25165 MiB, 84 %, 237.63 W
2026/09/10 03:04:58.955, GPU-c9db04c6-026b-f6d2-e711-de40c5b3e9cd, NVIDIA RTX 6000 Ada Generation, 49140 MiB, 25165 MiB, 64 %, 244.93 W
2026/09/10 03:04:59.455, GPU-c9db04c6-026b-f6d2-e711-de40c5b3e9cd, NVIDIA RTX 6000 Ada Generation, 49140 MiB, 25165 MiB, 64 %, 254.77 W
2026/09/10 03:04:59.957, GPU-c9db04c6-026b-f6d2-e711-de40c5b3e9cd, NVIDIA RTX 6000 Ada Generation, 49140 MiB, 25165 MiB, 0 %, 250.80 W
2026/09/10 03:05:00.457, GPU-c9db04c6-026b-f6d2-e711-de40c5b3e9cd, NVIDIA RTX 6000 Ada Generation, 49140 MiB, 25165 MiB, 0 %, 244.86 W
2026/09/10 03:05:00.957, GPU-c9db04c6-026b-f6d2-e711-de40c5b3e9cd, NVIDIA RTX 6000 Ada Generation, 49140 MiB, 25165 MiB, 92 %, 248.01 W
2026/09/10 03:05:01.459, GPU-c9db04c6-026b-f6d2-e711-de40c5b3e9cd, NVIDIA RTX 6000 Ada Generation, 49140 MiB, 25165 MiB, 92 %, 250.82 W
2026/09/10 03:05:01.960, GPU-c9db04c6-026b-f6d2-e711-de40c5b3e9cd, NVIDIA RTX 6000 Ada Generation, 49140 MiB, 25165 MiB, 80 %, 253.89 W
2026/09/10 03:05:02.461, GPU-c9db04c6-026b-f6d2-e711-de40c5b3e9cd, NVIDIA RTX 6000 Ada Generation, 49140 MiB, 25165 MiB, 80 %, 231.65 W
2026/09/10 03:05:02.961, GPU-c9db04c6-026b-f6d2-e711-de40c5b3e9cd, NVIDIA RTX 6000 Ada Generation, 49140 MiB, 25165 MiB, 0 %, 165.49 W
2026/09/10 03:05:03.461, GPU-c9db04c6-026b-f6d2-e711-de40c5b3e9cd, NVIDIA RTX 6000 Ada Generation, 49140 MiB, 25165 MiB, 0 %, 170.69 W
2026/09/10 03:05:03.962, GPU-c9db04c6-026b-f6d2-e711-de40c5b3e9cd, NVIDIA RTX 6000 Ada Generation, 49140 MiB, 25165 MiB, 61 %, 234.42 W
2026/09/10 03:05:04.463, GPU-c9db04c6-026b-f6d2-e711-de40c5b3e9cd, NVIDIA RTX 6000 Ada Generation, 49140 MiB, 25165 MiB, 61 %, 245.33 W
2026/09/10 03:05:04.963, GPU-c9db04c6-026b-f6d2-e711-de40c5b3e9cd, NVIDIA RTX 6000 Ada Generation, 49140 MiB, 25165 MiB, 62 %, 248.58 W
2026/09/10 03:05:05.463, GPU-c9db04c6-026b-f6d2-e711-de40c5b3e9cd, NVIDIA RTX 6000 Ada Generation, 49140 MiB, 25165 MiB, 62 %, 241.60 W
2026/09/10 03:05:05.964, GPU-c9db04c6-026b-f6d2-e711-de40c5b3e9cd, NVIDIA RTX 6000 Ada Generation, 49140 MiB, 25165 MiB, 93 %, 239.88 W
2026/09/10 03:05:06.464, GPU-c9db04c6-026b-f6d2-e711-de40c5b3e9cd, NVIDIA RTX 6000 Ada Generation, 49140 MiB, 25165 MiB, 93 %, 249.55 W
2026/09/10 03:05:06.964, GPU-c9db04c6-026b-f6d2-e711-de40c5b3e9cd, NVIDIA RTX 6000 Ada Generation, 49140 MiB, 25165 MiB, 53 %, 247.01 W
2026/09/10 03:05:07.465, GPU-c9db04c6-026b-f6d2-e711-de40c5b3e9cd, NVIDIA RTX 6000 Ada Generation, 49140 MiB, 25165 MiB, 53 %, 248.96 W
2026/09/10 03:05:07.967, GPU-c9db04c6-026b-f6d2-e711-de40c5b3e9cd, NVIDIA RTX 6000 Ada Generation, 49140 MiB, 25165 MiB, 92 %, 241.54 W
2026/09/10 03:05:08.467, GPU-c9db04c6-026b-f6d2-e711-de40c5b3e9cd, NVIDIA RTX 6000 Ada Generation, 49140 MiB, 25165 MiB, 92 %, 245.69 W
2026/09/10 03:05:08.967, GPU-c9db04c6-026b-f6d2-e711-de40c5b3e9cd, NVIDIA RTX 6000 Ada Generation, 49140 MiB, 25165 MiB, 0 %, 249.60 W
2026/09/10 03:05:09.468, GPU-c9db04c6-026b-f6d2-e711-de40c5b3e9cd, NVIDIA RTX 6000 Ada Generation, 49140 MiB, 25165 MiB, 0 %, 248.18 W
2026/09/10 03:05:09.969, GPU-c9db04c6-026b-f6d2-e711-de40c5b3e9cd, NVIDIA RTX 6000 Ada Generation, 49140 MiB, 25165 MiB, 70 %, 252.03 W
2026/09/10 03:05:10.469, GPU-c9db04c6-026b-f6d2-e711-de40c5b3e9cd, NVIDIA RTX 6000 Ada Generation, 49140 MiB, 25165 MiB, 70 %, 248.65 W
2026/09/10 03:05:10.969, GPU-c9db04c6-026b-f6d2-e711-de40c5b3e9cd, NVIDIA RTX 6000 Ada Generation, 49140 MiB, 25165 MiB, 68 %, 242.98 W
2026/09/10 03:05:11.469, GPU-c9db04c6-026b-f6d2-e711-de40c5b3e9cd, NVIDIA RTX 6000 Ada Generation, 49140 MiB, 25165 MiB, 68 %, 246.08 W
2026/09/10 03:05:11.970, GPU-c9db04c6-026b-f6d2-e711-de40c5b3e9cd, NVIDIA RTX 6000 Ada Generation, 49140 MiB, 25165 MiB, 64 %, 244.22 W
2026/09/10 03:05:12.471, GPU-c9db04c6-026b-f6d2-e711-de40c5b3e9cd, NVIDIA RTX 6000 Ada Generation, 49140 MiB, 25165 MiB, 64 %, 263.02 W
2026/09/10 03:05:12.971, GPU-c9db04c6-026b-f6d2-e711-de40c5b3e9cd, NVIDIA RTX 6000 Ada Generation, 49140 MiB, 25165 MiB, 49 %, 239.20 W
2026/09/10 03:05:13.471, GPU-c9db04c6-026b-f6d2-e711-de40c5b3e9cd, NVIDIA RTX 6000 Ada Generation, 49140 MiB, 25165 MiB, 49 %, 239.73 W
2026/09/10 03:05:13.972, GPU-c9db04c6-026b-f6d2-e711-de40c5b3e9cd, NVIDIA RTX 6000 Ada Generation, 49140 MiB, 25165 MiB, 66 %, 243.34 W
2026/09/10 03:05:14.473, GPU-c9db04c6-026b-f6d2-e711-de40c5b3e9cd, NVIDIA RTX 6000 Ada Generation, 49140 MiB, 25165 MiB, 66 %, 248.74 W
2026/09/10 03:05:14.974, GPU-c9db04c6-026b-f6d2-e711-de40c5b3e9cd, NVIDIA RTX 6000 Ada Generation, 49140 MiB, 25165 MiB, 0 %, 245.49 W
2026/09/10 03:05:15.474, GPU-c9db04c6-026b-f6d2-e711-de40c5b3e9cd, NVIDIA RTX 6000 Ada Generation, 49140 MiB, 25165 MiB, 0 %, 244.56 W
2026/09/10 03:05:15.975, GPU-c9db04c6-026b-f6d2-e711-de40c5b3e9cd, NVIDIA RTX 6000 Ada Generation, 49140 MiB, 25165 MiB, 81 %, 250.69 W
2026/09/10 03:05:16.475, GPU-c9db04c6-026b-f6d2-e711-de40c5b3e9cd, NVIDIA RTX 6000 Ada Generation, 49140 MiB, 25165 MiB, 81 %, 245.54 W
2026/09/10 03:05:16.976, GPU-c9db04c6-026b-f6d2-e711-de40c5b3e9cd, NVIDIA RTX 6000 Ada Generation, 49140 MiB, 25165 MiB, 92 %, 249.95 W
2026/09/10 03:05:17.477, GPU-c9db04c6-026b-f6d2-e711-de40c5b3e9cd, NVIDIA RTX 6000 Ada Generation, 49140 MiB, 25165 MiB, 92 %, 233.49 W
2026/09/10 03:05:17.977, GPU-c9db04c6-026b-f6d2-e711-de40c5b3e9cd, NVIDIA RTX 6000 Ada Generation, 49140 MiB, 25165 MiB, 62 %, 234.00 W
2026/09/10 03:05:18.477, GPU-c9db04c6-026b-f6d2-e711-de40c5b3e9cd, NVIDIA RTX 6000 Ada Generation, 49140 MiB, 25165 MiB, 62 %, 250.68 W
2026/09/10 03:05:18.977, GPU-c9db04c6-026b-f6d2-e711-de40c5b3e9cd, NVIDIA RTX 6000 Ada Generation, 49140 MiB, 25165 MiB, 0 %, 193.79 W
2026/09/10 03:05:19.478, GPU-c9db04c6-026b-f6d2-e711-de40c5b3e9cd, NVIDIA RTX 6000 Ada Generation, 49140 MiB, 25165 MiB, 0 %, 173.01 W
2026/09/10 03:05:19.979, GPU-c9db04c6-026b-f6d2-e711-de40c5b3e9cd, NVIDIA RTX 6000 Ada Generation, 49140 MiB, 25165 MiB, 86 %, 235.88 W
2026/09/10 03:05:20.479, GPU-c9db04c6-026b-f6d2-e711-de40c5b3e9cd, NVIDIA RTX 6000 Ada Generation, 49140 MiB, 25165 MiB, 86 %, 245.28 W
2026/09/10 03:05:20.979, GPU-c9db04c6-026b-f6d2-e711-de40c5b3e9cd, NVIDIA RTX 6000 Ada Generation, 49140 MiB, 25165 MiB, 94 %, 244.30 W
2026/09/10 03:05:21.479, GPU-c9db04c6-026b-f6d2-e711-de40c5b3e9cd, NVIDIA RTX 6000 Ada Generation, 49140 MiB, 25165 MiB, 94 %, 248.33 W
2026/09/10 03:05:21.980, GPU-c9db04c6-026b-f6d2-e711-de40c5b3e9cd, NVIDIA RTX 6000 Ada Generation, 49140 MiB, 25165 MiB, 94 %, 248.08 W
2026/09/10 03:05:22.480, GPU-c9db04c6-026b-f6d2-e711-de40c5b3e9cd, NVIDIA RTX 6000 Ada Generation, 49140 MiB, 25165 MiB, 94 %, 250.10 W
2026/09/10 03:05:22.981, GPU-c9db04c6-026b-f6d2-e711-de40c5b3e9cd, NVIDIA RTX 6000 Ada Generation, 49140 MiB, 25165 MiB, 66 %, 246.37 W
2026/09/10 03:05:23.481, GPU-c9db04c6-026b-f6d2-e711-de40c5b3e9cd, NVIDIA RTX 6000 Ada Generation, 49140 MiB, 25165 MiB, 66 %, 233.59 W
2026/09/10 03:05:23.981, GPU-c9db04c6-026b-f6d2-e711-de40c5b3e9cd, NVIDIA RTX 6000 Ada Generation, 49140 MiB, 25165 MiB, 69 %, 241.76 W
2026/09/10 03:05:24.482, GPU-c9db04c6-026b-f6d2-e711-de40c5b3e9cd, NVIDIA RTX 6000 Ada Generation, 49140 MiB, 25165 MiB, 69 %, 242.33 W
2026/09/10 03:05:24.985, GPU-c9db04c6-026b-f6d2-e711-de40c5b3e9cd, NVIDIA RTX 6000 Ada Generation, 49140 MiB, 25165 MiB, 42 %, 260.57 W
2026/09/10 03:05:25.485, GPU-c9db04c6-026b-f6d2-e711-de40c5b3e9cd, NVIDIA RTX 6000 Ada Generation, 49140 MiB, 25165 MiB, 42 %, 236.96 W
2026/09/10 03:05:25.986, GPU-c9db04c6-026b-f6d2-e711-de40c5b3e9cd, NVIDIA RTX 6000 Ada Generation, 49140 MiB, 25165 MiB, 90 %, 234.20 W
2026/09/10 03:05:26.486, GPU-c9db04c6-026b-f6d2-e711-de40c5b3e9cd, NVIDIA RTX 6000 Ada Generation, 49140 MiB, 25165 MiB, 90 %, 246.88 W
2026/09/10 03:05:26.986, GPU-c9db04c6-026b-f6d2-e711-de40c5b3e9cd, NVIDIA RTX 6000 Ada Generation, 49140 MiB, 25165 MiB, 89 %, 254.16 W
2026/09/10 03:05:27.488, GPU-c9db04c6-026b-f6d2-e711-de40c5b3e9cd, NVIDIA RTX 6000 Ada Generation, 49140 MiB, 25165 MiB, 89 %, 252.51 W
2026/09/10 03:05:27.989, GPU-c9db04c6-026b-f6d2-e711-de40c5b3e9cd, NVIDIA RTX 6000 Ada Generation, 49140 MiB, 25165 MiB, 55 %, 233.59 W
2026/09/10 03:05:28.489, GPU-c9db04c6-026b-f6d2-e711-de40c5b3e9cd, NVIDIA RTX 6000 Ada Generation, 49140 MiB, 25165 MiB, 55 %, 233.58 W
2026/09/10 03:05:28.991, GPU-c9db04c6-026b-f6d2-e711-de40c5b3e9cd, NVIDIA RTX 6000 Ada Generation, 49140 MiB, 25165 MiB, 81 %, 246.53 W
2026/09/10 03:05:29.492, GPU-c9db04c6-026b-f6d2-e711-de40c5b3e9cd, NVIDIA RTX 6000 Ada Generation, 49140 MiB, 25165 MiB, 81 %, 246.26 W
2026/09/10 03:05:29.992, GPU-c9db04c6-026b-f6d2-e711-de40c5b3e9cd, NVIDIA RTX 6000 Ada Generation, 49140 MiB, 25165 MiB, 51 %, 236.36 W
2026/09/10 03:05:30.492, GPU-c9db04c6-026b-f6d2-e711-de40c5b3e9cd, NVIDIA RTX 6000 Ada Generation, 49140 MiB, 25165 MiB, 51 %, 238.94 W
2026/09/10 03:05:30.993, GPU-c9db04c6-026b-f6d2-e711-de40c5b3e9cd, NVIDIA RTX 6000 Ada Generation, 49140 MiB, 25165 MiB, 0 %, 249.93 W
2026/09/10 03:05:31.493, GPU-c9db04c6-026b-f6d2-e711-de40c5b3e9cd, NVIDIA RTX 6000 Ada Generation, 49140 MiB, 25165 MiB, 0 %, 245.36 W
2026/09/10 03:05:31.994, GPU-c9db04c6-026b-f6d2-e711-de40c5b3e9cd, NVIDIA RTX 6000 Ada Generation, 49140 MiB, 25165 MiB, 78 %, 244.65 W
2026/09/10 03:05:32.494, GPU-c9db04c6-026b-f6d2-e711-de40c5b3e9cd, NVIDIA RTX 6000 Ada Generation, 49140 MiB, 25165 MiB, 78 %, 241.28 W
2026/09/10 03:05:32.995, GPU-c9db04c6-026b-f6d2-e711-de40c5b3e9cd, NVIDIA RTX 6000 Ada Generation, 49140 MiB, 25165 MiB, 62 %, 236.49 W
2026/09/10 03:05:33.495, GPU-c9db04c6-026b-f6d2-e711-de40c5b3e9cd, NVIDIA RTX 6000 Ada Generation, 49140 MiB, 25165 MiB, 62 %, 240.12 W
2026/09/10 03:05:33.996, GPU-c9db04c6-026b-f6d2-e711-de40c5b3e9cd, NVIDIA RTX 6000 Ada Generation, 49140 MiB, 25165 MiB, 75 %, 239.06 W
2026/09/10 03:05:34.497, GPU-c9db04c6-026b-f6d2-e711-de40c5b3e9cd, NVIDIA RTX 6000 Ada Generation, 49140 MiB, 25165 MiB, 75 %, 239.56 W
2026/09/10 03:05:34.998, GPU-c9db04c6-026b-f6d2-e711-de40c5b3e9cd, NVIDIA RTX 6000 Ada Generation, 49140 MiB, 25165 MiB, 62 %, 232.36 W
2026/09/10 03:05:35.498, GPU-c9db04c6-026b-f6d2-e711-de40c5b3e9cd, NVIDIA RTX 6000 Ada Generation, 49140 MiB, 25165 MiB, 62 %, 245.65 W
2026/09/10 03:05:35.998, GPU-c9db04c6-026b-f6d2-e711-de40c5b3e9cd, NVIDIA RTX 6000 Ada Generation, 49140 MiB, 25165 MiB, 61 %, 248.94 W
2026/09/10 03:05:36.501, GPU-c9db04c6-026b-f6d2-e711-de40c5b3e9cd, NVIDIA RTX 6000 Ada Generation, 49140 MiB, 25165 MiB, 61 %, 248.02 W
2026/09/10 03:05:37.002, GPU-c9db04c6-026b-f6d2-e711-de40c5b3e9cd, NVIDIA RTX 6000 Ada Generation, 49140 MiB, 25165 MiB, 6 %, 238.35 W
2026/09/10 03:05:37.502, GPU-c9db04c6-026b-f6d2-e711-de40c5b3e9cd, NVIDIA RTX 6000 Ada Generation, 49140 MiB, 25165 MiB, 6 %, 244.46 W
2026/09/10 03:05:38.002, GPU-c9db04c6-026b-f6d2-e711-de40c5b3e9cd, NVIDIA RTX 6000 Ada Generation, 49140 MiB, 25165 MiB, 25 %, 251.50 W
2026/09/10 03:05:38.502, GPU-c9db04c6-026b-f6d2-e711-de40c5b3e9cd, NVIDIA RTX 6000 Ada Generation, 49140 MiB, 25165 MiB, 25 %, 250.73 W
2026/09/10 03:05:39.003, GPU-c9db04c6-026b-f6d2-e711-de40c5b3e9cd, NVIDIA RTX 6000 Ada Generation, 49140 MiB, 25165 MiB, 93 %, 251.50 W
2026/09/10 03:05:39.504, GPU-c9db04c6-026b-f6d2-e711-de40c5b3e9cd, NVIDIA RTX 6000 Ada Generation, 49140 MiB, 25165 MiB, 93 %, 241.05 W
2026/09/10 03:05:40.004, GPU-c9db04c6-026b-f6d2-e711-de40c5b3e9cd, NVIDIA RTX 6000 Ada Generation, 49140 MiB, 25165 MiB, 66 %, 240.96 W
2026/09/10 03:05:40.504, GPU-c9db04c6-026b-f6d2-e711-de40c5b3e9cd, NVIDIA RTX 6000 Ada Generation, 49140 MiB, 25165 MiB, 66 %, 250.11 W
2026/09/10 03:05:41.005, GPU-c9db04c6-026b-f6d2-e711-de40c5b3e9cd, NVIDIA RTX 6000 Ada Generation, 49140 MiB, 25165 MiB, 94 %, 249.17 W
2026/09/10 03:05:41.506, GPU-c9db04c6-026b-f6d2-e711-de40c5b3e9cd, NVIDIA RTX 6000 Ada Generation, 49140 MiB, 25165 MiB, 94 %, 239.62 W
2026/09/10 03:05:42.007, GPU-c9db04c6-026b-f6d2-e711-de40c5b3e9cd, NVIDIA RTX 6000 Ada Generation, 49140 MiB, 25165 MiB, 79 %, 241.84 W
2026/09/10 03:05:42.507, GPU-c9db04c6-026b-f6d2-e711-de40c5b3e9cd, NVIDIA RTX 6000 Ada Generation, 49140 MiB, 25165 MiB, 79 %, 249.78 W
2026/09/10 03:05:43.007, GPU-c9db04c6-026b-f6d2-e711-de40c5b3e9cd, NVIDIA RTX 6000 Ada Generation, 49140 MiB, 25165 MiB, 70 %, 249.85 W
2026/09/10 03:05:43.509, GPU-c9db04c6-026b-f6d2-e711-de40c5b3e9cd, NVIDIA RTX 6000 Ada Generation, 49140 MiB, 25165 MiB, 70 %, 249.88 W
2026/09/10 03:05:44.009, GPU-c9db04c6-026b-f6d2-e711-de40c5b3e9cd, NVIDIA RTX 6000 Ada Generation, 49140 MiB, 25165 MiB, 54 %, 241.39 W
2026/09/10 03:05:44.509, GPU-c9db04c6-026b-f6d2-e711-de40c5b3e9cd, NVIDIA RTX 6000 Ada Generation, 49140 MiB, 25165 MiB, 54 %, 241.73 W
2026/09/10 03:05:45.009, GPU-c9db04c6-026b-f6d2-e711-de40c5b3e9cd, NVIDIA RTX 6000 Ada Generation, 49140 MiB, 25165 MiB, 79 %, 251.80 W
2026/09/10 03:05:45.510, GPU-c9db04c6-026b-f6d2-e711-de40c5b3e9cd, NVIDIA RTX 6000 Ada Generation, 49140 MiB, 25165 MiB, 79 %, 250.74 W
2026/09/10 03:05:46.011, GPU-c9db04c6-026b-f6d2-e711-de40c5b3e9cd, NVIDIA RTX 6000 Ada Generation, 49140 MiB, 25165 MiB, 44 %, 236.70 W
2026/09/10 03:05:46.511, GPU-c9db04c6-026b-f6d2-e711-de40c5b3e9cd, NVIDIA RTX 6000 Ada Generation, 49140 MiB, 25165 MiB, 44 %, 238.88 W
2026/09/10 03:05:47.011, GPU-c9db04c6-026b-f6d2-e711-de40c5b3e9cd, NVIDIA RTX 6000 Ada Generation, 49140 MiB, 25165 MiB, 0 %, 249.41 W
2026/09/10 03:05:47.512, GPU-c9db04c6-026b-f6d2-e711-de40c5b3e9cd, NVIDIA RTX 6000 Ada Generation, 49140 MiB, 25165 MiB, 0 %, 248.48 W
2026/09/10 03:05:48.013, GPU-c9db04c6-026b-f6d2-e711-de40c5b3e9cd, NVIDIA RTX 6000 Ada Generation, 49140 MiB, 25165 MiB, 94 %, 249.60 W
2026/09/10 03:05:48.513, GPU-c9db04c6-026b-f6d2-e711-de40c5b3e9cd, NVIDIA RTX 6000 Ada Generation, 49140 MiB, 25165 MiB, 94 %, 235.08 W
2026/09/10 03:05:49.013, GPU-c9db04c6-026b-f6d2-e711-de40c5b3e9cd, NVIDIA RTX 6000 Ada Generation, 49140 MiB, 25165 MiB, 57 %, 233.07 W
2026/09/10 03:05:49.513, GPU-c9db04c6-026b-f6d2-e711-de40c5b3e9cd, NVIDIA RTX 6000 Ada Generation, 49140 MiB, 25165 MiB, 57 %, 249.24 W
2026/09/10 03:05:50.014, GPU-c9db04c6-026b-f6d2-e711-de40c5b3e9cd, NVIDIA RTX 6000 Ada Generation, 49140 MiB, 25165 MiB, 94 %, 248.35 W
2026/09/10 03:05:50.515, GPU-c9db04c6-026b-f6d2-e711-de40c5b3e9cd, NVIDIA RTX 6000 Ada Generation, 49140 MiB, 25165 MiB, 94 %, 250.51 W
2026/09/10 03:05:51.015, GPU-c9db04c6-026b-f6d2-e711-de40c5b3e9cd, NVIDIA RTX 6000 Ada Generation, 49140 MiB, 25165 MiB, 80 %, 243.17 W
2026/09/10 03:05:51.515, GPU-c9db04c6-026b-f6d2-e711-de40c5b3e9cd, NVIDIA RTX 6000 Ada Generation, 49140 MiB, 25165 MiB, 80 %, 244.24 W
2026/09/10 03:05:52.016, GPU-c9db04c6-026b-f6d2-e711-de40c5b3e9cd, NVIDIA RTX 6000 Ada Generation, 49140 MiB, 25165 MiB, 79 %, 249.62 W
2026/09/10 03:05:52.517, GPU-c9db04c6-026b-f6d2-e711-de40c5b3e9cd, NVIDIA RTX 6000 Ada Generation, 49140 MiB, 25165 MiB, 79 %, 249.31 W
2026/09/10 03:05:53.018, GPU-c9db04c6-026b-f6d2-e711-de40c5b3e9cd, NVIDIA RTX 6000 Ada Generation, 49140 MiB, 25165 MiB, 84 %, 243.54 W
2026/09/10 03:05:53.518, GPU-c9db04c6-026b-f6d2-e711-de40c5b3e9cd, NVIDIA RTX 6000 Ada Generation, 49140 MiB, 25165 MiB, 84 %, 245.53 W
2026/09/10 03:05:54.018, GPU-c9db04c6-026b-f6d2-e711-de40c5b3e9cd, NVIDIA RTX 6000 Ada Generation, 49140 MiB, 25165 MiB, 45 %, 252.18 W
2026/09/10 03:05:54.518, GPU-c9db04c6-026b-f6d2-e711-de40c5b3e9cd, NVIDIA RTX 6000 Ada Generation, 49140 MiB, 25165 MiB, 45 %, 250.56 W
2026/09/10 03:05:55.020, GPU-c9db04c6-026b-f6d2-e711-de40c5b3e9cd, NVIDIA RTX 6000 Ada Generation, 49140 MiB, 25165 MiB, 0 %, 250.20 W
2026/09/10 03:05:55.521, GPU-c9db04c6-026b-f6d2-e711-de40c5b3e9cd, NVIDIA RTX 6000 Ada Generation, 49140 MiB, 25165 MiB, 0 %, 189.50 W
2026/09/10 03:05:56.021, GPU-c9db04c6-026b-f6d2-e711-de40c5b3e9cd, NVIDIA RTX 6000 Ada Generation, 49140 MiB, 25165 MiB, 57 %, 173.61 W
2026/09/10 03:05:56.521, GPU-c9db04c6-026b-f6d2-e711-de40c5b3e9cd, NVIDIA RTX 6000 Ada Generation, 49140 MiB, 25165 MiB, 57 %, 237.20 W
2026/09/10 03:05:57.022, GPU-c9db04c6-026b-f6d2-e711-de40c5b3e9cd, NVIDIA RTX 6000 Ada Generation, 49140 MiB, 25165 MiB, 92 %, 251.86 W
2026/09/10 03:05:57.523, GPU-c9db04c6-026b-f6d2-e711-de40c5b3e9cd, NVIDIA RTX 6000 Ada Generation, 49140 MiB, 25165 MiB, 92 %, 253.30 W
2026/09/10 03:05:58.023, GPU-c9db04c6-026b-f6d2-e711-de40c5b3e9cd, NVIDIA RTX 6000 Ada Generation, 49140 MiB, 25165 MiB, 94 %, 250.51 W
2026/09/10 03:05:58.523, GPU-c9db04c6-026b-f6d2-e711-de40c5b3e9cd, NVIDIA RTX 6000 Ada Generation, 49140 MiB, 25165 MiB, 94 %, 249.29 W
2026/09/10 03:05:59.024, GPU-c9db04c6-026b-f6d2-e711-de40c5b3e9cd, NVIDIA RTX 6000 Ada Generation, 49140 MiB, 25165 MiB, 25 %, 250.51 W
2026/09/10 03:05:59.525, GPU-c9db04c6-026b-f6d2-e711-de40c5b3e9cd, NVIDIA RTX 6000 Ada Generation, 49140 MiB, 25165 MiB, 25 %, 247.62 W
2026/09/10 03:06:00.027, GPU-c9db04c6-026b-f6d2-e711-de40c5b3e9cd, NVIDIA RTX 6000 Ada Generation, 49140 MiB, 25165 MiB, 34 %, 252.00 W
2026/09/10 03:06:00.528, GPU-c9db04c6-026b-f6d2-e711-de40c5b3e9cd, NVIDIA RTX 6000 Ada Generation, 49140 MiB, 25165 MiB, 34 %, 218.91 W
2026/09/10 03:06:01.028, GPU-c9db04c6-026b-f6d2-e711-de40c5b3e9cd, NVIDIA RTX 6000 Ada Generation, 49140 MiB, 25165 MiB, 70 %, 214.66 W
2026/09/10 03:06:01.529, GPU-c9db04c6-026b-f6d2-e711-de40c5b3e9cd, NVIDIA RTX 6000 Ada Generation, 49140 MiB, 25165 MiB, 70 %, 247.72 W
2026/09/10 03:06:02.029, GPU-c9db04c6-026b-f6d2-e711-de40c5b3e9cd, NVIDIA RTX 6000 Ada Generation, 49140 MiB, 25165 MiB, 63 %, 247.04 W
2026/09/10 03:06:02.530, GPU-c9db04c6-026b-f6d2-e711-de40c5b3e9cd, NVIDIA RTX 6000 Ada Generation, 49140 MiB, 25165 MiB, 63 %, 252.73 W
2026/09/10 03:06:03.030, GPU-c9db04c6-026b-f6d2-e711-de40c5b3e9cd, NVIDIA RTX 6000 Ada Generation, 49140 MiB, 25165 MiB, 54 %, 240.86 W
2026/09/10 03:06:03.530, GPU-c9db04c6-026b-f6d2-e711-de40c5b3e9cd, NVIDIA RTX 6000 Ada Generation, 49140 MiB, 25165 MiB, 54 %, 239.37 W
2026/09/10 03:06:04.032, GPU-c9db04c6-026b-f6d2-e711-de40c5b3e9cd, NVIDIA RTX 6000 Ada Generation, 49140 MiB, 25165 MiB, 91 %, 250.98 W
2026/09/10 03:06:04.532, GPU-c9db04c6-026b-f6d2-e711-de40c5b3e9cd, NVIDIA RTX 6000 Ada Generation, 49140 MiB, 25165 MiB, 91 %, 252.16 W
2026/09/10 03:06:05.032, GPU-c9db04c6-026b-f6d2-e711-de40c5b3e9cd, NVIDIA RTX 6000 Ada Generation, 49140 MiB, 25165 MiB, 93 %, 248.01 W
2026/09/10 03:06:05.533, GPU-c9db04c6-026b-f6d2-e711-de40c5b3e9cd, NVIDIA RTX 6000 Ada Generation, 49140 MiB, 25165 MiB, 93 %, 249.84 W
2026/09/10 03:06:06.034, GPU-c9db04c6-026b-f6d2-e711-de40c5b3e9cd, NVIDIA RTX 6000 Ada Generation, 49140 MiB, 25165 MiB, 24 %, 251.02 W
2026/09/10 03:06:06.534, GPU-c9db04c6-026b-f6d2-e711-de40c5b3e9cd, NVIDIA RTX 6000 Ada Generation, 49140 MiB, 25165 MiB, 24 %, 251.90 W
2026/09/10 03:06:07.034, GPU-c9db04c6-026b-f6d2-e711-de40c5b3e9cd, NVIDIA RTX 6000 Ada Generation, 49140 MiB, 25165 MiB, 31 %, 251.88 W
2026/09/10 03:06:07.535, GPU-c9db04c6-026b-f6d2-e711-de40c5b3e9cd, NVIDIA RTX 6000 Ada Generation, 49140 MiB, 25165 MiB, 31 %, 242.69 W
2026/09/10 03:06:08.036, GPU-c9db04c6-026b-f6d2-e711-de40c5b3e9cd, NVIDIA RTX 6000 Ada Generation, 49140 MiB, 25165 MiB, 11 %, 234.65 W
2026/09/10 03:06:08.536, GPU-c9db04c6-026b-f6d2-e711-de40c5b3e9cd, NVIDIA RTX 6000 Ada Generation, 49140 MiB, 25165 MiB, 11 %, 211.99 W
2026/09/10 03:06:09.036, GPU-c9db04c6-026b-f6d2-e711-de40c5b3e9cd, NVIDIA RTX 6000 Ada Generation, 49140 MiB, 25165 MiB, 68 %, 214.29 W
2026/09/10 03:06:09.537, GPU-c9db04c6-026b-f6d2-e711-de40c5b3e9cd, NVIDIA RTX 6000 Ada Generation, 49140 MiB, 25165 MiB, 68 %, 250.46 W
2026/09/10 03:06:10.037, GPU-c9db04c6-026b-f6d2-e711-de40c5b3e9cd, NVIDIA RTX 6000 Ada Generation, 49140 MiB, 25165 MiB, 70 %, 237.99 W
2026/09/10 03:06:10.538, GPU-c9db04c6-026b-f6d2-e711-de40c5b3e9cd, NVIDIA RTX 6000 Ada Generation, 49140 MiB, 25165 MiB, 70 %, 238.29 W
2026/09/10 03:06:11.038, GPU-c9db04c6-026b-f6d2-e711-de40c5b3e9cd, NVIDIA RTX 6000 Ada Generation, 49140 MiB, 25165 MiB, 69 %, 249.75 W
2026/09/10 03:06:11.539, GPU-c9db04c6-026b-f6d2-e711-de40c5b3e9cd, NVIDIA RTX 6000 Ada Generation, 49140 MiB, 25165 MiB, 69 %, 249.87 W
2026/09/10 03:06:12.039, GPU-c9db04c6-026b-f6d2-e711-de40c5b3e9cd, NVIDIA RTX 6000 Ada Generation, 49140 MiB, 25165 MiB, 43 %, 240.71 W
2026/09/10 03:06:12.540, GPU-c9db04c6-026b-f6d2-e711-de40c5b3e9cd, NVIDIA RTX 6000 Ada Generation, 49140 MiB, 25165 MiB, 43 %, 240.98 W
2026/09/10 03:06:13.041, GPU-c9db04c6-026b-f6d2-e711-de40c5b3e9cd, NVIDIA RTX 6000 Ada Generation, 49140 MiB, 25165 MiB, 0 %, 249.59 W
2026/09/10 03:06:13.541, GPU-c9db04c6-026b-f6d2-e711-de40c5b3e9cd, NVIDIA RTX 6000 Ada Generation, 49140 MiB, 25165 MiB, 0 %, 188.68 W
2026/09/10 03:06:14.041, GPU-c9db04c6-026b-f6d2-e711-de40c5b3e9cd, NVIDIA RTX 6000 Ada Generation, 49140 MiB, 25165 MiB, 0 %, 152.18 W
2026/09/10 03:06:14.542, GPU-c9db04c6-026b-f6d2-e711-de40c5b3e9cd, NVIDIA RTX 6000 Ada Generation, 49140 MiB, 25165 MiB, 0 %, 183.90 W
2026/09/10 03:06:15.046, GPU-c9db04c6-026b-f6d2-e711-de40c5b3e9cd, NVIDIA RTX 6000 Ada Generation, 49140 MiB, 25165 MiB, 93 %, 237.38 W
2026/09/10 03:06:15.546, GPU-c9db04c6-026b-f6d2-e711-de40c5b3e9cd, NVIDIA RTX 6000 Ada Generation, 49140 MiB, 25165 MiB, 93 %, 249.01 W
2026/09/10 03:06:16.046, GPU-c9db04c6-026b-f6d2-e711-de40c5b3e9cd, NVIDIA RTX 6000 Ada Generation, 49140 MiB, 25165 MiB, 89 %, 248.31 W
2026/09/10 03:06:16.547, GPU-c9db04c6-026b-f6d2-e711-de40c5b3e9cd, NVIDIA RTX 6000 Ada Generation, 49140 MiB, 25165 MiB, 89 %, 224.68 W
2026/09/10 03:06:17.048, GPU-c9db04c6-026b-f6d2-e711-de40c5b3e9cd, NVIDIA RTX 6000 Ada Generation, 49140 MiB, 25165 MiB, 56 %, 211.50 W
2026/09/10 03:06:17.548, GPU-c9db04c6-026b-f6d2-e711-de40c5b3e9cd, NVIDIA RTX 6000 Ada Generation, 49140 MiB, 25165 MiB, 56 %, 237.89 W
2026/09/10 03:06:18.049, GPU-c9db04c6-026b-f6d2-e711-de40c5b3e9cd, NVIDIA RTX 6000 Ada Generation, 49140 MiB, 25165 MiB, 69 %, 240.80 W
2026/09/10 03:06:18.549, GPU-c9db04c6-026b-f6d2-e711-de40c5b3e9cd, NVIDIA RTX 6000 Ada Generation, 49140 MiB, 25165 MiB, 69 %, 243.52 W
2026/09/10 03:06:19.050, GPU-c9db04c6-026b-f6d2-e711-de40c5b3e9cd, NVIDIA RTX 6000 Ada Generation, 49140 MiB, 25165 MiB, 0 %, 231.47 W
2026/09/10 03:06:19.551, GPU-c9db04c6-026b-f6d2-e711-de40c5b3e9cd, NVIDIA RTX 6000 Ada Generation, 49140 MiB, 25165 MiB, 0 %, 165.65 W
2026/09/10 03:06:20.051, GPU-c9db04c6-026b-f6d2-e711-de40c5b3e9cd, NVIDIA RTX 6000 Ada Generation, 49140 MiB, 25165 MiB, 48 %, 171.35 W
2026/09/10 03:06:20.551, GPU-c9db04c6-026b-f6d2-e711-de40c5b3e9cd, NVIDIA RTX 6000 Ada Generation, 49140 MiB, 25165 MiB, 48 %, 236.48 W
2026/09/10 03:06:21.052, GPU-c9db04c6-026b-f6d2-e711-de40c5b3e9cd, NVIDIA RTX 6000 Ada Generation, 49140 MiB, 25165 MiB, 64 %, 239.35 W
2026/09/10 03:06:21.553, GPU-c9db04c6-026b-f6d2-e711-de40c5b3e9cd, NVIDIA RTX 6000 Ada Generation, 49140 MiB, 25165 MiB, 64 %, 234.76 W
2026/09/10 03:06:22.053, GPU-c9db04c6-026b-f6d2-e711-de40c5b3e9cd, NVIDIA RTX 6000 Ada Generation, 49140 MiB, 25165 MiB, 69 %, 245.26 W
2026/09/10 03:06:22.554, GPU-c9db04c6-026b-f6d2-e711-de40c5b3e9cd, NVIDIA RTX 6000 Ada Generation, 49140 MiB, 25165 MiB, 69 %, 248.61 W
2026/09/10 03:06:23.054, GPU-c9db04c6-026b-f6d2-e711-de40c5b3e9cd, NVIDIA RTX 6000 Ada Generation, 49140 MiB, 25165 MiB, 0 %, 249.71 W
2026/09/10 03:06:23.554, GPU-c9db04c6-026b-f6d2-e711-de40c5b3e9cd, NVIDIA RTX 6000 Ada Generation, 49140 MiB, 25165 MiB, 0 %, 240.50 W
2026/09/10 03:06:24.055, GPU-c9db04c6-026b-f6d2-e711-de40c5b3e9cd, NVIDIA RTX 6000 Ada Generation, 49140 MiB, 25165 MiB, 81 %, 242.18 W
2026/09/10 03:06:24.555, GPU-c9db04c6-026b-f6d2-e711-de40c5b3e9cd, NVIDIA RTX 6000 Ada Generation, 49140 MiB, 25165 MiB, 81 %, 248.12 W
2026/09/10 03:06:25.056, GPU-c9db04c6-026b-f6d2-e711-de40c5b3e9cd, NVIDIA RTX 6000 Ada Generation, 49140 MiB, 25165 MiB, 94 %, 248.40 W
2026/09/10 03:06:25.556, GPU-c9db04c6-026b-f6d2-e711-de40c5b3e9cd, NVIDIA RTX 6000 Ada Generation, 49140 MiB, 25165 MiB, 94 %, 226.73 W
2026/09/10 03:06:26.056, GPU-c9db04c6-026b-f6d2-e711-de40c5b3e9cd, NVIDIA RTX 6000 Ada Generation, 49140 MiB, 25165 MiB, 0 %, 163.39 W
2026/09/10 03:06:26.558, GPU-c9db04c6-026b-f6d2-e711-de40c5b3e9cd, NVIDIA RTX 6000 Ada Generation, 49140 MiB, 24628 MiB, 0 %, 124.20 W
