id,db,domain,kind,rep,condition,method,budget,questions,correct,wrong,unfinished,project_correct,loss,recovered,suppressed,incorrect_suppression,covered_references,references,intended_covered,reference_equal,reference_failure,verification_failures,executions,controller_seconds,reason,trace_hash,repeated_questions,incorrect_scope_transfers
106,data/attachment/Airport/attachment_1tab_ref_aircraft_manufacturers/attachment_1tab_ref_aircraft_manufacturers.sqlite,Airport,attachment,0,generated,recovery_completion,0,0,0,0,1,0,1,0,0,0,0,2,0,0,0,4,4,0.0021765680285170674,verification_failed,7c291bb298075b26604748d337a32b1b3aace01798d8fcb5bfbd757fcc4d405e,0,0
106,data/attachment/Airport/attachment_1tab_ref_aircraft_manufacturers/attachment_1tab_ref_aircraft_manufacturers.sqlite,Airport,attachment,0,generated,recovery_completion,1,1,1,0,0,1,0,0,0,0,0,2,0,0,0,4,5,0.0053130509331822395,user_answer,3993f94f5598f0e38ec95266a9078e82429120bed673b24405c499a7c32c8160,0,0
106,data/attachment/Airport/attachment_1tab_ref_aircraft_manufacturers/attachment_1tab_ref_aircraft_manufacturers.sqlite,Airport,attachment,0,generated,recovery_completion,2,1,1,0,0,1,0,0,0,0,0,2,0,0,0,4,5,0.002634436939842999,user_answer,ef76bca7c5cf4875cda582fa8b64340cd426845baeb47ac4a36efb9db144cb97,0,0
106,data/attachment/Airport/attachment_1tab_ref_aircraft_manufacturers/attachment_1tab_ref_aircraft_manufacturers.sqlite,Airport,attachment,0,generated,recovery_depth2,0,0,0,0,1,0,1,0,0,0,0,2,0,0,0,4,4,0.0017924149287864566,verification_failed,7c291bb298075b26604748d337a32b1b3aace01798d8fcb5bfbd757fcc4d405e,0,0
106,data/attachment/Airport/attachment_1tab_ref_aircraft_manufacturers/attachment_1tab_ref_aircraft_manufacturers.sqlite,Airport,attachment,0,generated,recovery_depth2,1,1,1,0,0,1,0,0,0,0,0,2,0,0,0,4,5,0.002820013090968132,user_answer,3993f94f5598f0e38ec95266a9078e82429120bed673b24405c499a7c32c8160,0,0
106,data/attachment/Airport/attachment_1tab_ref_aircraft_manufacturers/attachment_1tab_ref_aircraft_manufacturers.sqlite,Airport,attachment,0,generated,recovery_depth2,2,1,1,0,0,1,0,0,0,0,0,2,0,0,0,4,5,0.00420792493969202,user_answer,ef76bca7c5cf4875cda582fa8b64340cd426845baeb47ac4a36efb9db144cb97,0,0
106,data/attachment/Airport/attachment_1tab_ref_aircraft_manufacturers/attachment_1tab_ref_aircraft_manufacturers.sqlite,Airport,attachment,0,generated,verification,0,0,0,0,1,0,1,0,0,0,0,2,0,0,0,4,4,0.0026337829185649753,verification_failed,7c291bb298075b26604748d337a32b1b3aace01798d8fcb5bfbd757fcc4d405e,0,0
106,data/attachment/Airport/attachment_1tab_ref_aircraft_manufacturers/attachment_1tab_ref_aircraft_manufacturers.sqlite,Airport,attachment,0,generated,verification,1,1,1,0,0,1,0,0,0,0,0,2,0,0,0,4,5,0.0023668999783694744,user_answer,3993f94f5598f0e38ec95266a9078e82429120bed673b24405c499a7c32c8160,0,0
106,data/attachment/Airport/attachment_1tab_ref_aircraft_manufacturers/attachment_1tab_ref_aircraft_manufacturers.sqlite,Airport,attachment,0,generated,verification,2,1,1,0,0,1,0,0,0,0,0,2,0,0,0,4,5,0.002335543977096677,user_answer,ef76bca7c5cf4875cda582fa8b64340cd426845baeb47ac4a36efb9db144cb97,0,0
106,data/attachment/Airport/attachment_1tab_ref_aircraft_manufacturers/attachment_1tab_ref_aircraft_manufacturers.sqlite,Airport,attachment,0,generated,full_context,0,0,0,0,1,0,1,0,0,0,0,2,0,0,0,4,4,0.0017954929498955607,verification_failed,7c291bb298075b26604748d337a32b1b3aace01798d8fcb5bfbd757fcc4d405e,0,0
106,data/attachment/Airport/attachment_1tab_ref_aircraft_manufacturers/attachment_1tab_ref_aircraft_manufacturers.sqlite,Airport,attachment,0,generated,full_context,1,1,1,0,0,1,0,0,0,0,0,2,0,0,0,4,5,0.0023825960233807564,user_answer,3993f94f5598f0e38ec95266a9078e82429120bed673b24405c499a7c32c8160,0,0
106,data/attachment/Airport/attachment_1tab_ref_aircraft_manufacturers/attachment_1tab_ref_aircraft_manufacturers.sqlite,Airport,attachment,0,generated,full_context,2,1,1,0,0,1,0,0,0,0,0,2,0,0,0,4,5,0.0024158700834959745,user_answer,ef76bca7c5cf4875cda582fa8b64340cd426845baeb47ac4a36efb9db144cb97,0,0
106,data/attachment/Airport/attachment_1tab_ref_aircraft_manufacturers/attachment_1tab_ref_aircraft_manufacturers.sqlite,Airport,attachment,0,generated,matched_checking,0,0,0,0,1,0,1,0,0,0,0,2,0,0,0,4,4,0.0022389200748875737,verification_failed,7c291bb298075b26604748d337a32b1b3aace01798d8fcb5bfbd757fcc4d405e,0,0
106,data/attachment/Airport/attachment_1tab_ref_aircraft_manufacturers/attachment_1tab_ref_aircraft_manufacturers.sqlite,Airport,attachment,0,generated,matched_checking,1,1,1,0,0,1,0,0,0,0,0,2,0,0,0,4,5,0.0024904930032789707,user_answer,3993f94f5598f0e38ec95266a9078e82429120bed673b24405c499a7c32c8160,0,0
106,data/attachment/Airport/attachment_1tab_ref_aircraft_manufacturers/attachment_1tab_ref_aircraft_manufacturers.sqlite,Airport,attachment,0,generated,matched_checking,2,1,1,0,0,1,0,0,0,0,0,2,0,0,0,4,5,0.0024309599539265037,user_answer,ef76bca7c5cf4875cda582fa8b64340cd426845baeb47ac4a36efb9db144cb97,0,0
106,data/attachment/Airport/attachment_1tab_ref_aircraft_manufacturers/attachment_1tab_ref_aircraft_manufacturers.sqlite,Airport,attachment,0,generated,no_recovery,0,0,0,0,1,0,1,0,0,0,0,2,0,0,0,4,4,0.0017900130478665233,verification_failed,7c291bb298075b26604748d337a32b1b3aace01798d8fcb5bfbd757fcc4d405e,0,0
106,data/attachment/Airport/attachment_1tab_ref_aircraft_manufacturers/attachment_1tab_ref_aircraft_manufacturers.sqlite,Airport,attachment,0,generated,no_recovery,1,1,1,0,0,1,0,0,0,0,0,2,0,0,0,4,5,0.002336686011403799,user_answer,3993f94f5598f0e38ec95266a9078e82429120bed673b24405c499a7c32c8160,0,0
106,data/attachment/Airport/attachment_1tab_ref_aircraft_manufacturers/attachment_1tab_ref_aircraft_manufacturers.sqlite,Airport,attachment,0,generated,no_recovery,2,1,1,0,0,1,0,0,0,0,0,2,0,0,0,4,5,0.002374790026806295,user_answer,ef76bca7c5cf4875cda582fa8b64340cd426845baeb47ac4a36efb9db144cb97,0,0
106,data/attachment/Airport/attachment_1tab_ref_aircraft_manufacturers/attachment_1tab_ref_aircraft_manufacturers.sqlite,Airport,attachment,0,generated,no_verification,0,0,0,0,1,0,1,0,0,0,0,2,0,0,0,4,4,0.0017851729644462466,verification_failed,7c291bb298075b26604748d337a32b1b3aace01798d8fcb5bfbd757fcc4d405e,0,0
106,data/attachment/Airport/attachment_1tab_ref_aircraft_manufacturers/attachment_1tab_ref_aircraft_manufacturers.sqlite,Airport,attachment,0,generated,no_verification,1,1,1,0,0,1,0,0,0,0,0,2,0,0,0,4,5,0.002415936905890703,user_answer,3993f94f5598f0e38ec95266a9078e82429120bed673b24405c499a7c32c8160,0,0
106,data/attachment/Airport/attachment_1tab_ref_aircraft_manufacturers/attachment_1tab_ref_aircraft_manufacturers.sqlite,Airport,attachment,0,generated,no_verification,2,1,1,0,0,1,0,0,0,0,0,2,0,0,0,4,5,0.00234693696256727,user_answer,ef76bca7c5cf4875cda582fa8b64340cd426845baeb47ac4a36efb9db144cb97,0,0
106,data/attachment/Airport/attachment_1tab_ref_aircraft_manufacturers/attachment_1tab_ref_aircraft_manufacturers.sqlite,Airport,attachment,0,generated,no_coverage_guard,0,0,0,0,1,0,1,0,0,0,0,2,0,0,0,4,4,0.0017854369943961501,verification_failed,7c291bb298075b26604748d337a32b1b3aace01798d8fcb5bfbd757fcc4d405e,0,0
106,data/attachment/Airport/attachment_1tab_ref_aircraft_manufacturers/attachment_1tab_ref_aircraft_manufacturers.sqlite,Airport,attachment,0,generated,no_coverage_guard,1,1,1,0,0,1,0,0,0,0,0,2,0,0,0,4,5,0.0023593070218339562,user_answer,3993f94f5598f0e38ec95266a9078e82429120bed673b24405c499a7c32c8160,0,0
106,data/attachment/Airport/attachment_1tab_ref_aircraft_manufacturers/attachment_1tab_ref_aircraft_manufacturers.sqlite,Airport,attachment,0,generated,no_coverage_guard,2,1,1,0,0,1,0,0,0,0,0,2,0,0,0,4,5,0.002580776927061379,user_answer,ef76bca7c5cf4875cda582fa8b64340cd426845baeb47ac4a36efb9db144cb97,0,0
106,data/attachment/Airport/attachment_1tab_ref_aircraft_manufacturers/attachment_1tab_ref_aircraft_manufacturers.sqlite,Airport,attachment,0,generated,no_sharing,0,0,0,0,1,0,1,0,0,0,0,2,0,0,0,4,4,0.0019648600136861205,verification_failed,7c291bb298075b26604748d337a32b1b3aace01798d8fcb5bfbd757fcc4d405e,0,0
106,data/attachment/Airport/attachment_1tab_ref_aircraft_manufacturers/attachment_1tab_ref_aircraft_manufacturers.sqlite,Airport,attachment,0,generated,no_sharing,1,1,1,0,0,1,0,0,0,0,0,2,0,0,0,4,5,0.002348800888285041,user_answer,3993f94f5598f0e38ec95266a9078e82429120bed673b24405c499a7c32c8160,0,0
106,data/attachment/Airport/attachment_1tab_ref_aircraft_manufacturers/attachment_1tab_ref_aircraft_manufacturers.sqlite,Airport,attachment,0,generated,no_sharing,2,1,1,0,0,1,0,0,0,0,0,2,0,0,0,4,5,0.0024155579740181565,user_answer,ef76bca7c5cf4875cda582fa8b64340cd426845baeb47ac4a36efb9db144cb97,0,0
106,data/attachment/Airport/attachment_1tab_ref_aircraft_manufacturers/attachment_1tab_ref_aircraft_manufacturers.sqlite,Airport,attachment,0,generated,all_wait,0,0,0,0,1,0,1,0,0,0,0,2,0,0,0,4,4,0.0019818850560113788,verification_failed,7c291bb298075b26604748d337a32b1b3aace01798d8fcb5bfbd757fcc4d405e,0,0
106,data/attachment/Airport/attachment_1tab_ref_aircraft_manufacturers/attachment_1tab_ref_aircraft_manufacturers.sqlite,Airport,attachment,0,generated,all_wait,1,1,1,0,0,1,0,0,0,0,0,2,0,0,0,4,5,0.002382877981290221,user_answer,3993f94f5598f0e38ec95266a9078e82429120bed673b24405c499a7c32c8160,0,0
106,data/attachment/Airport/attachment_1tab_ref_aircraft_manufacturers/attachment_1tab_ref_aircraft_manufacturers.sqlite,Airport,attachment,0,generated,all_wait,2,1,1,0,0,1,0,0,0,0,0,2,0,0,0,4,5,0.0023970019537955523,user_answer,ef76bca7c5cf4875cda582fa8b64340cd426845baeb47ac4a36efb9db144cb97,0,0
106,data/attachment/Airport/attachment_1tab_ref_aircraft_manufacturers/attachment_1tab_ref_aircraft_manufacturers.sqlite,Airport,attachment,0,reference_candidates,recovery_completion,0,0,0,0,1,0,1,0,0,0,2,2,1,0,0,0,4,0.002063145046122372,unresolved_interpretation,d13472c359e1c6f0c46604a3620d03b49417128a18cd89663b4dcd9e72bd5320,0,0
106,data/attachment/Airport/attachment_1tab_ref_aircraft_manufacturers/attachment_1tab_ref_aircraft_manufacturers.sqlite,Airport,attachment,0,reference_candidates,recovery_completion,1,1,1,0,0,1,0,0,0,0,2,2,1,0,0,0,5,0.0028074730653315783,user_answer,597c0fb3cdccc46382f7db1e71a8da950ba75e6ab79ee50278832c929c5ca650,0,0
106,data/attachment/Airport/attachment_1tab_ref_aircraft_manufacturers/attachment_1tab_ref_aircraft_manufacturers.sqlite,Airport,attachment,0,reference_candidates,recovery_completion,2,1,1,0,0,1,0,0,0,0,2,2,1,0,0,0,5,0.002789997961372137,user_answer,9eb9b96234498c33ceb65e2522e86ae105dc719e18613abcdfc894487850e35c,0,0
106,data/attachment/Airport/attachment_1tab_ref_aircraft_manufacturers/attachment_1tab_ref_aircraft_manufacturers.sqlite,Airport,attachment,0,reference_candidates,recovery_depth2,0,0,0,0,1,0,1,0,0,0,2,2,1,0,0,0,4,0.002043234999291599,unresolved_interpretation,d13472c359e1c6f0c46604a3620d03b49417128a18cd89663b4dcd9e72bd5320,0,0
106,data/attachment/Airport/attachment_1tab_ref_aircraft_manufacturers/attachment_1tab_ref_aircraft_manufacturers.sqlite,Airport,attachment,0,reference_candidates,recovery_depth2,1,1,1,0,0,1,0,0,0,0,2,2,1,0,0,0,5,0.0027088989736512303,user_answer,597c0fb3cdccc46382f7db1e71a8da950ba75e6ab79ee50278832c929c5ca650,0,0
106,data/attachment/Airport/attachment_1tab_ref_aircraft_manufacturers/attachment_1tab_ref_aircraft_manufacturers.sqlite,Airport,attachment,0,reference_candidates,recovery_depth2,2,1,1,0,0,1,0,0,0,0,2,2,1,0,0,0,5,0.002816972089931369,user_answer,9eb9b96234498c33ceb65e2522e86ae105dc719e18613abcdfc894487850e35c,0,0
106,data/attachment/Airport/attachment_1tab_ref_aircraft_manufacturers/attachment_1tab_ref_aircraft_manufacturers.sqlite,Airport,attachment,0,reference_candidates,verification,0,0,0,0,1,0,1,0,0,0,2,2,1,0,0,0,4,0.0020900449017062783,unresolved_interpretation,d13472c359e1c6f0c46604a3620d03b49417128a18cd89663b4dcd9e72bd5320,0,0
106,data/attachment/Airport/attachment_1tab_ref_aircraft_manufacturers/attachment_1tab_ref_aircraft_manufacturers.sqlite,Airport,attachment,0,reference_candidates,verification,1,1,1,0,0,1,0,0,0,0,2,2,1,0,0,0,5,0.002675313036888838,user_answer,597c0fb3cdccc46382f7db1e71a8da950ba75e6ab79ee50278832c929c5ca650,0,0
106,data/attachment/Airport/attachment_1tab_ref_aircraft_manufacturers/attachment_1tab_ref_aircraft_manufacturers.sqlite,Airport,attachment,0,reference_candidates,verification,2,1,1,0,0,1,0,0,0,0,2,2,1,0,0,0,5,0.0026023680111393332,user_answer,9eb9b96234498c33ceb65e2522e86ae105dc719e18613abcdfc894487850e35c,0,0
106,data/attachment/Airport/attachment_1tab_ref_aircraft_manufacturers/attachment_1tab_ref_aircraft_manufacturers.sqlite,Airport,attachment,0,reference_candidates,full_context,0,0,1,0,0,1,0,0,0,0,2,2,1,0,0,0,4,0.0020453379256650805,full_context_proposal,2334e5d766012b2d0c94b6313bcc71a56110ed25fb97580896738ac50f55d70f,0,0
106,data/attachment/Airport/attachment_1tab_ref_aircraft_manufacturers/attachment_1tab_ref_aircraft_manufacturers.sqlite,Airport,attachment,0,reference_candidates,full_context,1,0,1,0,0,1,0,0,0,0,2,2,1,0,0,0,4,0.0021051870426163077,full_context_proposal,5010acf47d0378eae03e94cf1db9f8ff5f1ff092e4c7db1350ac523e1306f2b7,0,0
106,data/attachment/Airport/attachment_1tab_ref_aircraft_manufacturers/attachment_1tab_ref_aircraft_manufacturers.sqlite,Airport,attachment,0,reference_candidates,full_context,2,0,1,0,0,1,0,0,0,0,2,2,1,0,0,0,4,0.002037746016867459,full_context_proposal,89e7e0d20f8f9dd7429321bb3435d2abe42b900dd1975619aa7ce75f4a121334,0,0
106,data/attachment/Airport/attachment_1tab_ref_aircraft_manufacturers/attachment_1tab_ref_aircraft_manufacturers.sqlite,Airport,attachment,0,reference_candidates,matched_checking,0,0,1,0,0,1,0,0,0,0,2,2,1,0,0,0,4,0.0020711510442197323,execution_vote,8301dfc9bd482d6859ec912f0ff8cdf5fc5bded4da0ce9a864d4f1f61263b7da,0,0
106,data/attachment/Airport/attachment_1tab_ref_aircraft_manufacturers/attachment_1tab_ref_aircraft_manufacturers.sqlite,Airport,attachment,0,reference_candidates,matched_checking,1,0,1,0,0,1,0,0,0,0,2,2,1,0,0,0,4,0.0020520429825410247,execution_vote,a6d611684cfae654811dc47b44c8d6e3603e8b0dc55e141a77b63c858cd21630,0,0
106,data/attachment/Airport/attachment_1tab_ref_aircraft_manufacturers/attachment_1tab_ref_aircraft_manufacturers.sqlite,Airport,attachment,0,reference_candidates,matched_checking,2,0,1,0,0,1,0,0,0,0,2,2,1,0,0,0,4,0.0020169579656794667,execution_vote,78cb5e321fd546ef213b4d64a28335018a87ebeb0cd61b950c4ef6d91ec35446,0,0
106,data/attachment/Airport/attachment_1tab_ref_aircraft_manufacturers/attachment_1tab_ref_aircraft_manufacturers.sqlite,Airport,attachment,0,reference_candidates,no_recovery,0,0,0,0,1,0,1,0,0,0,2,2,1,0,0,0,4,0.002096434007398784,unresolved_interpretation,d13472c359e1c6f0c46604a3620d03b49417128a18cd89663b4dcd9e72bd5320,0,0
106,data/attachment/Airport/attachment_1tab_ref_aircraft_manufacturers/attachment_1tab_ref_aircraft_manufacturers.sqlite,Airport,attachment,0,reference_candidates,no_recovery,1,1,1,0,0,1,0,0,0,0,2,2,1,0,0,0,5,0.00262165698222816,user_answer,597c0fb3cdccc46382f7db1e71a8da950ba75e6ab79ee50278832c929c5ca650,0,0
106,data/attachment/Airport/attachment_1tab_ref_aircraft_manufacturers/attachment_1tab_ref_aircraft_manufacturers.sqlite,Airport,attachment,0,reference_candidates,no_recovery,2,1,1,0,0,1,0,0,0,0,2,2,1,0,0,0,5,0.0026398319751024246,user_answer,9eb9b96234498c33ceb65e2522e86ae105dc719e18613abcdfc894487850e35c,0,0
106,data/attachment/Airport/attachment_1tab_ref_aircraft_manufacturers/attachment_1tab_ref_aircraft_manufacturers.sqlite,Airport,attachment,0,reference_candidates,no_verification,0,0,0,0,1,0,1,0,0,0,2,2,1,0,0,0,4,0.002052578958682716,unresolved_interpretation,d13472c359e1c6f0c46604a3620d03b49417128a18cd89663b4dcd9e72bd5320,0,0
106,data/attachment/Airport/attachment_1tab_ref_aircraft_manufacturers/attachment_1tab_ref_aircraft_manufacturers.sqlite,Airport,attachment,0,reference_candidates,no_verification,1,1,1,0,0,1,0,0,0,0,2,2,1,0,0,0,5,0.0026142699643969536,user_answer,597c0fb3cdccc46382f7db1e71a8da950ba75e6ab79ee50278832c929c5ca650,0,0
106,data/attachment/Airport/attachment_1tab_ref_aircraft_manufacturers/attachment_1tab_ref_aircraft_manufacturers.sqlite,Airport,attachment,0,reference_candidates,no_verification,2,1,1,0,0,1,0,0,0,0,2,2,1,0,0,0,5,0.0026009540306404233,user_answer,9eb9b96234498c33ceb65e2522e86ae105dc719e18613abcdfc894487850e35c,0,0
106,data/attachment/Airport/attachment_1tab_ref_aircraft_manufacturers/attachment_1tab_ref_aircraft_manufacturers.sqlite,Airport,attachment,0,reference_candidates,no_coverage_guard,0,0,0,0,1,0,1,0,0,0,2,2,1,0,0,0,4,0.002032108954153955,unresolved_interpretation,d13472c359e1c6f0c46604a3620d03b49417128a18cd89663b4dcd9e72bd5320,0,0
106,data/attachment/Airport/attachment_1tab_ref_aircraft_manufacturers/attachment_1tab_ref_aircraft_manufacturers.sqlite,Airport,attachment,0,reference_candidates,no_coverage_guard,1,1,1,0,0,1,0,0,0,0,2,2,1,0,0,0,5,0.0026294380659237504,user_answer,597c0fb3cdccc46382f7db1e71a8da950ba75e6ab79ee50278832c929c5ca650,0,0
106,data/attachment/Airport/attachment_1tab_ref_aircraft_manufacturers/attachment_1tab_ref_aircraft_manufacturers.sqlite,Airport,attachment,0,reference_candidates,no_coverage_guard,2,1,1,0,0,1,0,0,0,0,2,2,1,0,0,0,5,0.002644249005243182,user_answer,9eb9b96234498c33ceb65e2522e86ae105dc719e18613abcdfc894487850e35c,0,0
106,data/attachment/Airport/attachment_1tab_ref_aircraft_manufacturers/attachment_1tab_ref_aircraft_manufacturers.sqlite,Airport,attachment,0,reference_candidates,no_sharing,0,0,0,0,1,0,1,0,0,0,2,2,1,0,0,0,4,0.0020857859635725617,unresolved_interpretation,d13472c359e1c6f0c46604a3620d03b49417128a18cd89663b4dcd9e72bd5320,0,0
106,data/attachment/Airport/attachment_1tab_ref_aircraft_manufacturers/attachment_1tab_ref_aircraft_manufacturers.sqlite,Airport,attachment,0,reference_candidates,no_sharing,1,1,1,0,0,1,0,0,0,0,2,2,1,0,0,0,5,0.002618185942992568,user_answer,597c0fb3cdccc46382f7db1e71a8da950ba75e6ab79ee50278832c929c5ca650,0,0
106,data/attachment/Airport/attachment_1tab_ref_aircraft_manufacturers/attachment_1tab_ref_aircraft_manufacturers.sqlite,Airport,attachment,0,reference_candidates,no_sharing,2,1,1,0,0,1,0,0,0,0,2,2,1,0,0,0,5,0.002557232975959778,user_answer,9eb9b96234498c33ceb65e2522e86ae105dc719e18613abcdfc894487850e35c,0,0
106,data/attachment/Airport/attachment_1tab_ref_aircraft_manufacturers/attachment_1tab_ref_aircraft_manufacturers.sqlite,Airport,attachment,0,reference_candidates,all_wait,0,0,0,0,1,0,1,0,0,0,2,2,1,0,0,0,4,0.0020289960084483027,unresolved_interpretation,d13472c359e1c6f0c46604a3620d03b49417128a18cd89663b4dcd9e72bd5320,0,0
106,data/attachment/Airport/attachment_1tab_ref_aircraft_manufacturers/attachment_1tab_ref_aircraft_manufacturers.sqlite,Airport,attachment,0,reference_candidates,all_wait,1,1,1,0,0,1,0,0,0,0,2,2,1,0,0,0,5,0.002625114982947707,user_answer,597c0fb3cdccc46382f7db1e71a8da950ba75e6ab79ee50278832c929c5ca650,0,0
106,data/attachment/Airport/attachment_1tab_ref_aircraft_manufacturers/attachment_1tab_ref_aircraft_manufacturers.sqlite,Airport,attachment,0,reference_candidates,all_wait,2,1,1,0,0,1,0,0,0,0,2,2,1,0,0,0,5,0.002576272003352642,user_answer,9eb9b96234498c33ceb65e2522e86ae105dc719e18613abcdfc894487850e35c,0,0
106,data/attachment/Airport/attachment_1tab_ref_aircraft_manufacturers/attachment_1tab_ref_aircraft_manufacturers.sqlite,Airport,attachment,0,source_recovery,recovery_completion,0,0,0,0,1,0,1,0,0,0,0,2,0,0,0,6,6,0.0026632490335032344,verification_failed,a16240b435b7e36a02858d8255386d47d425b57883e22ac146789aab3c1ef1fb,0,0
106,data/attachment/Airport/attachment_1tab_ref_aircraft_manufacturers/attachment_1tab_ref_aircraft_manufacturers.sqlite,Airport,attachment,0,source_recovery,recovery_completion,1,1,1,0,0,1,0,0,0,0,0,2,0,0,0,6,7,0.0036116510163992643,user_answer,a5a2933f31da77fa6162d53ef59c9e2cc5593606abfeb1a025d59a0620af10f9,0,0
106,data/attachment/Airport/attachment_1tab_ref_aircraft_manufacturers/attachment_1tab_ref_aircraft_manufacturers.sqlite,Airport,attachment,0,source_recovery,recovery_completion,2,1,1,0,0,1,0,0,0,0,0,2,0,0,0,6,7,0.0033779990626499057,user_answer,4c98cabb7b6c8c1272a039354318e4f927d0dfd1c09ec31321f36890f0d05fc8,0,0
106,data/attachment/Airport/attachment_1tab_ref_aircraft_manufacturers/attachment_1tab_ref_aircraft_manufacturers.sqlite,Airport,attachment,0,source_recovery,recovery_depth2,0,0,0,0,1,0,1,0,0,0,0,2,0,0,0,6,6,0.0026226199697703123,verification_failed,a16240b435b7e36a02858d8255386d47d425b57883e22ac146789aab3c1ef1fb,0,0
106,data/attachment/Airport/attachment_1tab_ref_aircraft_manufacturers/attachment_1tab_ref_aircraft_manufacturers.sqlite,Airport,attachment,0,source_recovery,recovery_depth2,1,1,1,0,0,1,0,0,0,0,0,2,0,0,0,6,7,0.003475127974525094,user_answer,a5a2933f31da77fa6162d53ef59c9e2cc5593606abfeb1a025d59a0620af10f9,0,0
106,data/attachment/Airport/attachment_1tab_ref_aircraft_manufacturers/attachment_1tab_ref_aircraft_manufacturers.sqlite,Airport,attachment,0,source_recovery,recovery_depth2,2,1,1,0,0,1,0,0,0,0,0,2,0,0,0,6,7,0.00343582802452147,user_answer,4c98cabb7b6c8c1272a039354318e4f927d0dfd1c09ec31321f36890f0d05fc8,0,0
106,data/attachment/Airport/attachment_1tab_ref_aircraft_manufacturers/attachment_1tab_ref_aircraft_manufacturers.sqlite,Airport,attachment,0,source_recovery,verification,0,0,0,0,1,0,1,0,0,0,0,2,0,0,0,6,6,0.002737932954914868,verification_failed,a16240b435b7e36a02858d8255386d47d425b57883e22ac146789aab3c1ef1fb,0,0
106,data/attachment/Airport/attachment_1tab_ref_aircraft_manufacturers/attachment_1tab_ref_aircraft_manufacturers.sqlite,Airport,attachment,0,source_recovery,verification,1,1,1,0,0,1,0,0,0,0,0,2,0,0,0,6,7,0.0032287779031321406,user_answer,a5a2933f31da77fa6162d53ef59c9e2cc5593606abfeb1a025d59a0620af10f9,0,0
106,data/attachment/Airport/attachment_1tab_ref_aircraft_manufacturers/attachment_1tab_ref_aircraft_manufacturers.sqlite,Airport,attachment,0,source_recovery,verification,2,1,1,0,0,1,0,0,0,0,0,2,0,0,0,6,7,0.003214317956008017,user_answer,4c98cabb7b6c8c1272a039354318e4f927d0dfd1c09ec31321f36890f0d05fc8,0,0
106,data/attachment/Airport/attachment_1tab_ref_aircraft_manufacturers/attachment_1tab_ref_aircraft_manufacturers.sqlite,Airport,attachment,0,source_recovery,full_context,0,0,0,0,1,0,1,0,0,0,0,2,0,0,0,6,6,0.0028074420988559723,verification_failed,a16240b435b7e36a02858d8255386d47d425b57883e22ac146789aab3c1ef1fb,0,0
106,data/attachment/Airport/attachment_1tab_ref_aircraft_manufacturers/attachment_1tab_ref_aircraft_manufacturers.sqlite,Airport,attachment,0,source_recovery,full_context,1,1,1,0,0,1,0,0,0,0,0,2,0,0,0,6,7,0.0032881180522963405,user_answer,a5a2933f31da77fa6162d53ef59c9e2cc5593606abfeb1a025d59a0620af10f9,0,0
106,data/attachment/Airport/attachment_1tab_ref_aircraft_manufacturers/attachment_1tab_ref_aircraft_manufacturers.sqlite,Airport,attachment,0,source_recovery,full_context,2,1,1,0,0,1,0,0,0,0,0,2,0,0,0,6,7,0.0032130260951817036,user_answer,4c98cabb7b6c8c1272a039354318e4f927d0dfd1c09ec31321f36890f0d05fc8,0,0
106,data/attachment/Airport/attachment_1tab_ref_aircraft_manufacturers/attachment_1tab_ref_aircraft_manufacturers.sqlite,Airport,attachment,0,source_recovery,matched_checking,0,0,0,0,1,0,1,0,0,0,0,2,0,0,0,6,6,0.0026704519987106323,verification_failed,a16240b435b7e36a02858d8255386d47d425b57883e22ac146789aab3c1ef1fb,0,0
106,data/attachment/Airport/attachment_1tab_ref_aircraft_manufacturers/attachment_1tab_ref_aircraft_manufacturers.sqlite,Airport,attachment,0,source_recovery,matched_checking,1,1,1,0,0,1,0,0,0,0,0,2,0,0,0,6,7,0.0031517070019617677,user_answer,a5a2933f31da77fa6162d53ef59c9e2cc5593606abfeb1a025d59a0620af10f9,0,0
106,data/attachment/Airport/attachment_1tab_ref_aircraft_manufacturers/attachment_1tab_ref_aircraft_manufacturers.sqlite,Airport,attachment,0,source_recovery,matched_checking,2,1,1,0,0,1,0,0,0,0,0,2,0,0,0,6,7,0.003276566043496132,user_answer,4c98cabb7b6c8c1272a039354318e4f927d0dfd1c09ec31321f36890f0d05fc8,0,0
106,data/attachment/Airport/attachment_1tab_ref_aircraft_manufacturers/attachment_1tab_ref_aircraft_manufacturers.sqlite,Airport,attachment,0,source_recovery,no_recovery,0,0,0,0,1,0,1,0,0,0,0,2,0,0,0,6,6,0.0025937519967556,verification_failed,a16240b435b7e36a02858d8255386d47d425b57883e22ac146789aab3c1ef1fb,0,0
106,data/attachment/Airport/attachment_1tab_ref_aircraft_manufacturers/attachment_1tab_ref_aircraft_manufacturers.sqlite,Airport,attachment,0,source_recovery,no_recovery,1,1,1,0,0,1,0,0,0,0,0,2,0,0,0,6,7,0.003203506930731237,user_answer,a5a2933f31da77fa6162d53ef59c9e2cc5593606abfeb1a025d59a0620af10f9,0,0
106,data/attachment/Airport/attachment_1tab_ref_aircraft_manufacturers/attachment_1tab_ref_aircraft_manufacturers.sqlite,Airport,attachment,0,source_recovery,no_recovery,2,1,1,0,0,1,0,0,0,0,0,2,0,0,0,6,7,0.003228669986128807,user_answer,4c98cabb7b6c8c1272a039354318e4f927d0dfd1c09ec31321f36890f0d05fc8,0,0
106,data/attachment/Airport/attachment_1tab_ref_aircraft_manufacturers/attachment_1tab_ref_aircraft_manufacturers.sqlite,Airport,attachment,0,source_recovery,no_verification,0,0,0,0,1,0,1,0,0,0,0,2,0,0,0,6,6,0.0026676399866119027,verification_failed,a16240b435b7e36a02858d8255386d47d425b57883e22ac146789aab3c1ef1fb,0,0
106,data/attachment/Airport/attachment_1tab_ref_aircraft_manufacturers/attachment_1tab_ref_aircraft_manufacturers.sqlite,Airport,attachment,0,source_recovery,no_verification,1,1,1,0,0,1,0,0,0,0,0,2,0,0,0,6,7,0.00317655794788152,user_answer,a5a2933f31da77fa6162d53ef59c9e2cc5593606abfeb1a025d59a0620af10f9,0,0
106,data/attachment/Airport/attachment_1tab_ref_aircraft_manufacturers/attachment_1tab_ref_aircraft_manufacturers.sqlite,Airport,attachment,0,source_recovery,no_verification,2,1,1,0,0,1,0,0,0,0,0,2,0,0,0,6,7,0.003238016040995717,user_answer,4c98cabb7b6c8c1272a039354318e4f927d0dfd1c09ec31321f36890f0d05fc8,0,0
106,data/attachment/Airport/attachment_1tab_ref_aircraft_manufacturers/attachment_1tab_ref_aircraft_manufacturers.sqlite,Airport,attachment,0,source_recovery,no_coverage_guard,0,0,0,0,1,0,1,0,0,0,0,2,0,0,0,6,6,0.0026598520344123244,verification_failed,a16240b435b7e36a02858d8255386d47d425b57883e22ac146789aab3c1ef1fb,0,0
106,data/attachment/Airport/attachment_1tab_ref_aircraft_manufacturers/attachment_1tab_ref_aircraft_manufacturers.sqlite,Airport,attachment,0,source_recovery,no_coverage_guard,1,1,1,0,0,1,0,0,0,0,0,2,0,0,0,6,7,0.0032196069369092584,user_answer,a5a2933f31da77fa6162d53ef59c9e2cc5593606abfeb1a025d59a0620af10f9,0,0
106,data/attachment/Airport/attachment_1tab_ref_aircraft_manufacturers/attachment_1tab_ref_aircraft_manufacturers.sqlite,Airport,attachment,0,source_recovery,no_coverage_guard,2,1,1,0,0,1,0,0,0,0,0,2,0,0,0,6,7,0.0032961099641397595,user_answer,4c98cabb7b6c8c1272a039354318e4f927d0dfd1c09ec31321f36890f0d05fc8,0,0
106,data/attachment/Airport/attachment_1tab_ref_aircraft_manufacturers/attachment_1tab_ref_aircraft_manufacturers.sqlite,Airport,attachment,0,source_recovery,no_sharing,0,0,0,0,1,0,1,0,0,0,0,2,0,0,0,6,6,0.0026245350018143654,verification_failed,a16240b435b7e36a02858d8255386d47d425b57883e22ac146789aab3c1ef1fb,0,0
106,data/attachment/Airport/attachment_1tab_ref_aircraft_manufacturers/attachment_1tab_ref_aircraft_manufacturers.sqlite,Airport,attachment,0,source_recovery,no_sharing,1,1,1,0,0,1,0,0,0,0,0,2,0,0,0,6,7,0.0031781879952177405,user_answer,a5a2933f31da77fa6162d53ef59c9e2cc5593606abfeb1a025d59a0620af10f9,0,0
106,data/attachment/Airport/attachment_1tab_ref_aircraft_manufacturers/attachment_1tab_ref_aircraft_manufacturers.sqlite,Airport,attachment,0,source_recovery,no_sharing,2,1,1,0,0,1,0,0,0,0,0,2,0,0,0,6,7,0.003206931985914707,user_answer,4c98cabb7b6c8c1272a039354318e4f927d0dfd1c09ec31321f36890f0d05fc8,0,0
106,data/attachment/Airport/attachment_1tab_ref_aircraft_manufacturers/attachment_1tab_ref_aircraft_manufacturers.sqlite,Airport,attachment,0,source_recovery,all_wait,0,0,0,0,1,0,1,0,0,0,0,2,0,0,0,6,6,0.002590373973362148,verification_failed,a16240b435b7e36a02858d8255386d47d425b57883e22ac146789aab3c1ef1fb,0,0
106,data/attachment/Airport/attachment_1tab_ref_aircraft_manufacturers/attachment_1tab_ref_aircraft_manufacturers.sqlite,Airport,attachment,0,source_recovery,all_wait,1,1,1,0,0,1,0,0,0,0,0,2,0,0,0,6,7,0.0032481099478900433,user_answer,a5a2933f31da77fa6162d53ef59c9e2cc5593606abfeb1a025d59a0620af10f9,0,0
106,data/attachment/Airport/attachment_1tab_ref_aircraft_manufacturers/attachment_1tab_ref_aircraft_manufacturers.sqlite,Airport,attachment,0,source_recovery,all_wait,2,1,1,0,0,1,0,0,0,0,0,2,0,0,0,6,7,0.003188386093825102,user_answer,4c98cabb7b6c8c1272a039354318e4f927d0dfd1c09ec31321f36890f0d05fc8,0,0
2,data/attachment/Hospitality/attachment_1tab_val_event_space/attachment_1tab_val_event_space.sqlite,Hospitality,attachment,0,generated,recovery_completion,0,0,0,0,1,0,1,0,0,0,0,2,0,0,0,0,0,0.0001511940499767661,verification_failed,0766011d61c24ca4b4c11b6fbaa11e772885394a021e2efc9803bcdf0de800d1,0,0
2,data/attachment/Hospitality/attachment_1tab_val_event_space/attachment_1tab_val_event_space.sqlite,Hospitality,attachment,0,generated,recovery_completion,1,1,0,1,0,0,4,0,0,0,0,2,0,0,0,0,1,0.0009062340250238776,user_answer,58633f3d81d5258165cf79913141efe0050e99ba9622efae8460c9af5c298a2b,0,0
2,data/attachment/Hospitality/attachment_1tab_val_event_space/attachment_1tab_val_event_space.sqlite,Hospitality,attachment,0,generated,recovery_completion,2,1,0,1,0,0,4,0,0,0,0,2,0,0,0,0,1,0.0008928609313443303,user_answer,cfc242471a326fff4d091976f741acfae87363738399e1903e36fe48a766b180,0,0
2,data/attachment/Hospitality/attachment_1tab_val_event_space/attachment_1tab_val_event_space.sqlite,Hospitality,attachment,0,generated,recovery_depth2,0,0,0,0,1,0,1,0,0,0,0,2,0,0,0,0,0,0.00014508201275020838,verification_failed,0766011d61c24ca4b4c11b6fbaa11e772885394a021e2efc9803bcdf0de800d1,0,0
2,data/attachment/Hospitality/attachment_1tab_val_event_space/attachment_1tab_val_event_space.sqlite,Hospitality,attachment,0,generated,recovery_depth2,1,1,0,1,0,0,4,0,0,0,0,2,0,0,0,0,1,0.0011531440541148186,user_answer,58633f3d81d5258165cf79913141efe0050e99ba9622efae8460c9af5c298a2b,0,0
2,data/attachment/Hospitality/attachment_1tab_val_event_space/attachment_1tab_val_event_space.sqlite,Hospitality,attachment,0,generated,recovery_depth2,2,1,0,1,0,0,4,0,0,0,0,2,0,0,0,0,1,0.0010794210247695446,user_answer,cfc242471a326fff4d091976f741acfae87363738399e1903e36fe48a766b180,0,0
2,data/attachment/Hospitality/attachment_1tab_val_event_space/attachment_1tab_val_event_space.sqlite,Hospitality,attachment,0,generated,verification,0,0,0,0,1,0,1,0,0,0,0,2,0,0,0,0,0,0.0001639589900150895,verification_failed,0766011d61c24ca4b4c11b6fbaa11e772885394a021e2efc9803bcdf0de800d1,0,0
2,data/attachment/Hospitality/attachment_1tab_val_event_space/attachment_1tab_val_event_space.sqlite,Hospitality,attachment,0,generated,verification,1,1,0,1,0,0,4,0,0,0,0,2,0,0,0,0,1,0.0008284860523417592,user_answer,58633f3d81d5258165cf79913141efe0050e99ba9622efae8460c9af5c298a2b,0,0
2,data/attachment/Hospitality/attachment_1tab_val_event_space/attachment_1tab_val_event_space.sqlite,Hospitality,attachment,0,generated,verification,2,1,0,1,0,0,4,0,0,0,0,2,0,0,0,0,1,0.0008611679077148438,user_answer,cfc242471a326fff4d091976f741acfae87363738399e1903e36fe48a766b180,0,0
2,data/attachment/Hospitality/attachment_1tab_val_event_space/attachment_1tab_val_event_space.sqlite,Hospitality,attachment,0,generated,full_context,0,0,0,0,1,0,1,0,0,0,0,2,0,0,0,0,0,0.00015773705672472715,verification_failed,0766011d61c24ca4b4c11b6fbaa11e772885394a021e2efc9803bcdf0de800d1,0,0
2,data/attachment/Hospitality/attachment_1tab_val_event_space/attachment_1tab_val_event_space.sqlite,Hospitality,attachment,0,generated,full_context,1,1,0,1,0,0,4,0,0,0,0,2,0,0,0,0,1,0.0009114779531955719,user_answer,58633f3d81d5258165cf79913141efe0050e99ba9622efae8460c9af5c298a2b,0,0
2,data/attachment/Hospitality/attachment_1tab_val_event_space/attachment_1tab_val_event_space.sqlite,Hospitality,attachment,0,generated,full_context,2,1,0,1,0,0,4,0,0,0,0,2,0,0,0,0,1,0.0008906839648261666,user_answer,cfc242471a326fff4d091976f741acfae87363738399e1903e36fe48a766b180,0,0
2,data/attachment/Hospitality/attachment_1tab_val_event_space/attachment_1tab_val_event_space.sqlite,Hospitality,attachment,0,generated,matched_checking,0,0,0,0,1,0,1,0,0,0,0,2,0,0,0,0,0,0.00017579901032149792,verification_failed,0766011d61c24ca4b4c11b6fbaa11e772885394a021e2efc9803bcdf0de800d1,0,0
2,data/attachment/Hospitality/attachment_1tab_val_event_space/attachment_1tab_val_event_space.sqlite,Hospitality,attachment,0,generated,matched_checking,1,1,0,1,0,0,4,0,0,0,0,2,0,0,0,0,1,0.000921127968467772,user_answer,58633f3d81d5258165cf79913141efe0050e99ba9622efae8460c9af5c298a2b,0,0
2,data/attachment/Hospitality/attachment_1tab_val_event_space/attachment_1tab_val_event_space.sqlite,Hospitality,attachment,0,generated,matched_checking,2,1,0,1,0,0,4,0,0,0,0,2,0,0,0,0,1,0.000794879044406116,user_answer,cfc242471a326fff4d091976f741acfae87363738399e1903e36fe48a766b180,0,0
2,data/attachment/Hospitality/attachment_1tab_val_event_space/attachment_1tab_val_event_space.sqlite,Hospitality,attachment,0,generated,no_recovery,0,0,0,0,1,0,1,0,0,0,0,2,0,0,0,0,0,0.00013780896551907063,verification_failed,0766011d61c24ca4b4c11b6fbaa11e772885394a021e2efc9803bcdf0de800d1,0,0
2,data/attachment/Hospitality/attachment_1tab_val_event_space/attachment_1tab_val_event_space.sqlite,Hospitality,attachment,0,generated,no_recovery,1,1,0,1,0,0,4,0,0,0,0,2,0,0,0,0,1,0.0008223470067605376,user_answer,58633f3d81d5258165cf79913141efe0050e99ba9622efae8460c9af5c298a2b,0,0
2,data/attachment/Hospitality/attachment_1tab_val_event_space/attachment_1tab_val_event_space.sqlite,Hospitality,attachment,0,generated,no_recovery,2,1,0,1,0,0,4,0,0,0,0,2,0,0,0,0,1,0.0008212591055780649,user_answer,cfc242471a326fff4d091976f741acfae87363738399e1903e36fe48a766b180,0,0
2,data/attachment/Hospitality/attachment_1tab_val_event_space/attachment_1tab_val_event_space.sqlite,Hospitality,attachment,0,generated,no_verification,0,0,0,0,1,0,1,0,0,0,0,2,0,0,0,0,0,0.00014961697161197662,verification_failed,0766011d61c24ca4b4c11b6fbaa11e772885394a021e2efc9803bcdf0de800d1,0,0
2,data/attachment/Hospitality/attachment_1tab_val_event_space/attachment_1tab_val_event_space.sqlite,Hospitality,attachment,0,generated,no_verification,1,1,0,1,0,0,4,0,0,0,0,2,0,0,0,0,1,0.0007883450016379356,user_answer,58633f3d81d5258165cf79913141efe0050e99ba9622efae8460c9af5c298a2b,0,0
2,data/attachment/Hospitality/attachment_1tab_val_event_space/attachment_1tab_val_event_space.sqlite,Hospitality,attachment,0,generated,no_verification,2,1,0,1,0,0,4,0,0,0,0,2,0,0,0,0,1,0.0007998199434950948,user_answer,cfc242471a326fff4d091976f741acfae87363738399e1903e36fe48a766b180,0,0
2,data/attachment/Hospitality/attachment_1tab_val_event_space/attachment_1tab_val_event_space.sqlite,Hospitality,attachment,0,generated,no_coverage_guard,0,0,0,0,1,0,1,0,0,0,0,2,0,0,0,0,0,0.0001491350121796131,verification_failed,0766011d61c24ca4b4c11b6fbaa11e772885394a021e2efc9803bcdf0de800d1,0,0
2,data/attachment/Hospitality/attachment_1tab_val_event_space/attachment_1tab_val_event_space.sqlite,Hospitality,attachment,0,generated,no_coverage_guard,1,1,0,1,0,0,4,0,0,0,0,2,0,0,0,0,1,0.0008171719964593649,user_answer,58633f3d81d5258165cf79913141efe0050e99ba9622efae8460c9af5c298a2b,0,0
2,data/attachment/Hospitality/attachment_1tab_val_event_space/attachment_1tab_val_event_space.sqlite,Hospitality,attachment,0,generated,no_coverage_guard,2,1,0,1,0,0,4,0,0,0,0,2,0,0,0,0,1,0.0007924980018287897,user_answer,cfc242471a326fff4d091976f741acfae87363738399e1903e36fe48a766b180,0,0
2,data/attachment/Hospitality/attachment_1tab_val_event_space/attachment_1tab_val_event_space.sqlite,Hospitality,attachment,0,generated,no_sharing,0,0,0,0,1,0,1,0,0,0,0,2,0,0,0,0,0,0.00014907598961144686,verification_failed,0766011d61c24ca4b4c11b6fbaa11e772885394a021e2efc9803bcdf0de800d1,0,0
2,data/attachment/Hospitality/attachment_1tab_val_event_space/attachment_1tab_val_event_space.sqlite,Hospitality,attachment,0,generated,no_sharing,1,1,0,1,0,0,4,0,0,0,0,2,0,0,0,0,1,0.0008091609925031662,user_answer,58633f3d81d5258165cf79913141efe0050e99ba9622efae8460c9af5c298a2b,0,0
2,data/attachment/Hospitality/attachment_1tab_val_event_space/attachment_1tab_val_event_space.sqlite,Hospitality,attachment,0,generated,no_sharing,2,1,0,1,0,0,4,0,0,0,0,2,0,0,0,0,1,0.0008092300267890096,user_answer,cfc242471a326fff4d091976f741acfae87363738399e1903e36fe48a766b180,0,0
2,data/attachment/Hospitality/attachment_1tab_val_event_space/attachment_1tab_val_event_space.sqlite,Hospitality,attachment,0,generated,all_wait,0,0,0,0,1,0,1,0,0,0,0,2,0,0,0,0,0,0.00016275595407932997,verification_failed,0766011d61c24ca4b4c11b6fbaa11e772885394a021e2efc9803bcdf0de800d1,0,0
2,data/attachment/Hospitality/attachment_1tab_val_event_space/attachment_1tab_val_event_space.sqlite,Hospitality,attachment,0,generated,all_wait,1,1,0,1,0,0,4,0,0,0,0,2,0,0,0,0,1,0.0008062990382313728,user_answer,58633f3d81d5258165cf79913141efe0050e99ba9622efae8460c9af5c298a2b,0,0
2,data/attachment/Hospitality/attachment_1tab_val_event_space/attachment_1tab_val_event_space.sqlite,Hospitality,attachment,0,generated,all_wait,2,1,0,1,0,0,4,0,0,0,0,2,0,0,0,0,1,0.0007901659701019526,user_answer,cfc242471a326fff4d091976f741acfae87363738399e1903e36fe48a766b180,0,0
2,data/attachment/Hospitality/attachment_1tab_val_event_space/attachment_1tab_val_event_space.sqlite,Hospitality,attachment,0,reference_candidates,recovery_completion,0,0,0,0,1,0,1,0,0,0,2,2,1,0,0,0,4,0.0021582290064543486,unresolved_interpretation,7a0a5ecafc219653854f8668f723109ac24bf8fcc6df0924a4b2db1c315a1804,0,0
2,data/attachment/Hospitality/attachment_1tab_val_event_space/attachment_1tab_val_event_space.sqlite,Hospitality,attachment,0,reference_candidates,recovery_completion,1,1,1,0,0,1,0,0,0,0,2,2,1,0,0,0,5,0.00286538596265018,user_answer,dce75663d812ee974e4fb613469821d3d62a106e463f762fae2aaf47f6b10737,0,0
2,data/attachment/Hospitality/attachment_1tab_val_event_space/attachment_1tab_val_event_space.sqlite,Hospitality,attachment,0,reference_candidates,recovery_completion,2,1,1,0,0,1,0,0,0,0,2,2,1,0,0,0,5,0.002971795038320124,user_answer,470f299eac8f717c5e80f2492c5c009d0cf35f2abd9ab133bad1427788eb26d5,0,0
2,data/attachment/Hospitality/attachment_1tab_val_event_space/attachment_1tab_val_event_space.sqlite,Hospitality,attachment,0,reference_candidates,recovery_depth2,0,0,0,0,1,0,1,0,0,0,2,2,1,0,0,0,4,0.0021068609785288572,unresolved_interpretation,7a0a5ecafc219653854f8668f723109ac24bf8fcc6df0924a4b2db1c315a1804,0,0
2,data/attachment/Hospitality/attachment_1tab_val_event_space/attachment_1tab_val_event_space.sqlite,Hospitality,attachment,0,reference_candidates,recovery_depth2,1,1,1,0,0,1,0,0,0,0,2,2,1,0,0,0,5,0.0027947030030190945,user_answer,dce75663d812ee974e4fb613469821d3d62a106e463f762fae2aaf47f6b10737,0,0
2,data/attachment/Hospitality/attachment_1tab_val_event_space/attachment_1tab_val_event_space.sqlite,Hospitality,attachment,0,reference_candidates,recovery_depth2,2,1,1,0,0,1,0,0,0,0,2,2,1,0,0,0,5,0.0028827929636463523,user_answer,470f299eac8f717c5e80f2492c5c009d0cf35f2abd9ab133bad1427788eb26d5,0,0
2,data/attachment/Hospitality/attachment_1tab_val_event_space/attachment_1tab_val_event_space.sqlite,Hospitality,attachment,0,reference_candidates,verification,0,0,0,0,1,0,1,0,0,0,2,2,1,0,0,0,4,0.002103229984641075,unresolved_interpretation,7a0a5ecafc219653854f8668f723109ac24bf8fcc6df0924a4b2db1c315a1804,0,0
2,data/attachment/Hospitality/attachment_1tab_val_event_space/attachment_1tab_val_event_space.sqlite,Hospitality,attachment,0,reference_candidates,verification,1,1,1,0,0,1,0,0,0,0,2,2,1,0,0,0,5,0.0026747010415419936,user_answer,dce75663d812ee974e4fb613469821d3d62a106e463f762fae2aaf47f6b10737,0,0
2,data/attachment/Hospitality/attachment_1tab_val_event_space/attachment_1tab_val_event_space.sqlite,Hospitality,attachment,0,reference_candidates,verification,2,1,1,0,0,1,0,0,0,0,2,2,1,0,0,0,5,0.002683224040083587,user_answer,470f299eac8f717c5e80f2492c5c009d0cf35f2abd9ab133bad1427788eb26d5,0,0
2,data/attachment/Hospitality/attachment_1tab_val_event_space/attachment_1tab_val_event_space.sqlite,Hospitality,attachment,0,reference_candidates,full_context,0,0,1,0,0,1,0,0,0,0,2,2,1,0,0,0,4,0.002274713944643736,full_context_proposal,d30fff4ebd427432fa23e355c0e47e5b1d0edf3a524fc9efe395d531f268fa46,0,0
2,data/attachment/Hospitality/attachment_1tab_val_event_space/attachment_1tab_val_event_space.sqlite,Hospitality,attachment,0,reference_candidates,full_context,1,0,1,0,0,1,0,0,0,0,2,2,1,0,0,0,4,0.002077938988804817,full_context_proposal,1884674f2c8c5857515477c4cdc65c639d38e129ba17d07cb57064a30eacfb75,0,0
2,data/attachment/Hospitality/attachment_1tab_val_event_space/attachment_1tab_val_event_space.sqlite,Hospitality,attachment,0,reference_candidates,full_context,2,0,1,0,0,1,0,0,0,0,2,2,1,0,0,0,4,0.0021082679741084576,full_context_proposal,579a6a5188b2930780486bf607ec8c40ad03c5b231dbe730deb3005e1d0b26ac,0,0
2,data/attachment/Hospitality/attachment_1tab_val_event_space/attachment_1tab_val_event_space.sqlite,Hospitality,attachment,0,reference_candidates,matched_checking,0,0,1,0,0,1,0,0,0,0,2,2,1,0,0,0,4,0.0020940580870956182,execution_vote,f810a08872c350b0121c1b066ec7a3728fc9a363e58c520ca9e0cc52f85d2f6b,0,0
2,data/attachment/Hospitality/attachment_1tab_val_event_space/attachment_1tab_val_event_space.sqlite,Hospitality,attachment,0,reference_candidates,matched_checking,1,0,1,0,0,1,0,0,0,0,2,2,1,0,0,0,4,0.002248773002065718,execution_vote,c211409d984f2142592140ad41122a17638a373587a076eeed65c0bbb009d2f3,0,0
2,data/attachment/Hospitality/attachment_1tab_val_event_space/attachment_1tab_val_event_space.sqlite,Hospitality,attachment,0,reference_candidates,matched_checking,2,0,1,0,0,1,0,0,0,0,2,2,1,0,0,0,4,0.0022913559805601835,execution_vote,474d41858dfd2c87d589726d8862ac21ae3c08b5427691cab5a630fcb6ddf948,0,0
2,data/attachment/Hospitality/attachment_1tab_val_event_space/attachment_1tab_val_event_space.sqlite,Hospitality,attachment,0,reference_candidates,no_recovery,0,0,0,0,1,0,1,0,0,0,2,2,1,0,0,0,4,0.0021453869994729757,unresolved_interpretation,7a0a5ecafc219653854f8668f723109ac24bf8fcc6df0924a4b2db1c315a1804,0,0
2,data/attachment/Hospitality/attachment_1tab_val_event_space/attachment_1tab_val_event_space.sqlite,Hospitality,attachment,0,reference_candidates,no_recovery,1,1,1,0,0,1,0,0,0,0,2,2,1,0,0,0,5,0.0026605729945003986,user_answer,dce75663d812ee974e4fb613469821d3d62a106e463f762fae2aaf47f6b10737,0,0
2,data/attachment/Hospitality/attachment_1tab_val_event_space/attachment_1tab_val_event_space.sqlite,Hospitality,attachment,0,reference_candidates,no_recovery,2,1,1,0,0,1,0,0,0,0,2,2,1,0,0,0,5,0.0027457510586827993,user_answer,470f299eac8f717c5e80f2492c5c009d0cf35f2abd9ab133bad1427788eb26d5,0,0
2,data/attachment/Hospitality/attachment_1tab_val_event_space/attachment_1tab_val_event_space.sqlite,Hospitality,attachment,0,reference_candidates,no_verification,0,0,0,0,1,0,1,0,0,0,2,2,1,0,0,0,4,0.0020927920704707503,unresolved_interpretation,7a0a5ecafc219653854f8668f723109ac24bf8fcc6df0924a4b2db1c315a1804,0,0
2,data/attachment/Hospitality/attachment_1tab_val_event_space/attachment_1tab_val_event_space.sqlite,Hospitality,attachment,0,reference_candidates,no_verification,1,1,1,0,0,1,0,0,0,0,2,2,1,0,0,0,5,0.0026944460114464164,user_answer,dce75663d812ee974e4fb613469821d3d62a106e463f762fae2aaf47f6b10737,0,0
2,data/attachment/Hospitality/attachment_1tab_val_event_space/attachment_1tab_val_event_space.sqlite,Hospitality,attachment,0,reference_candidates,no_verification,2,1,1,0,0,1,0,0,0,0,2,2,1,0,0,0,5,0.0027310880832374096,user_answer,470f299eac8f717c5e80f2492c5c009d0cf35f2abd9ab133bad1427788eb26d5,0,0
2,data/attachment/Hospitality/attachment_1tab_val_event_space/attachment_1tab_val_event_space.sqlite,Hospitality,attachment,0,reference_candidates,no_coverage_guard,0,0,0,0,1,0,1,0,0,0,2,2,1,0,0,0,4,0.0020964409923180938,unresolved_interpretation,7a0a5ecafc219653854f8668f723109ac24bf8fcc6df0924a4b2db1c315a1804,0,0
2,data/attachment/Hospitality/attachment_1tab_val_event_space/attachment_1tab_val_event_space.sqlite,Hospitality,attachment,0,reference_candidates,no_coverage_guard,1,1,1,0,0,1,0,0,0,0,2,2,1,0,0,0,5,0.0027236519381403923,user_answer,dce75663d812ee974e4fb613469821d3d62a106e463f762fae2aaf47f6b10737,0,0
2,data/attachment/Hospitality/attachment_1tab_val_event_space/attachment_1tab_val_event_space.sqlite,Hospitality,attachment,0,reference_candidates,no_coverage_guard,2,1,1,0,0,1,0,0,0,0,2,2,1,0,0,0,5,0.0026683900505304337,user_answer,470f299eac8f717c5e80f2492c5c009d0cf35f2abd9ab133bad1427788eb26d5,0,0
2,data/attachment/Hospitality/attachment_1tab_val_event_space/attachment_1tab_val_event_space.sqlite,Hospitality,attachment,0,reference_candidates,no_sharing,0,0,0,0,1,0,1,0,0,0,2,2,1,0,0,0,4,0.0023636450059711933,unresolved_interpretation,7a0a5ecafc219653854f8668f723109ac24bf8fcc6df0924a4b2db1c315a1804,0,0
2,data/attachment/Hospitality/attachment_1tab_val_event_space/attachment_1tab_val_event_space.sqlite,Hospitality,attachment,0,reference_candidates,no_sharing,1,1,1,0,0,1,0,0,0,0,2,2,1,0,0,0,5,0.002687125001102686,user_answer,dce75663d812ee974e4fb613469821d3d62a106e463f762fae2aaf47f6b10737,0,0
2,data/attachment/Hospitality/attachment_1tab_val_event_space/attachment_1tab_val_event_space.sqlite,Hospitality,attachment,0,reference_candidates,no_sharing,2,1,1,0,0,1,0,0,0,0,2,2,1,0,0,0,5,0.002683209953829646,user_answer,470f299eac8f717c5e80f2492c5c009d0cf35f2abd9ab133bad1427788eb26d5,0,0
2,data/attachment/Hospitality/attachment_1tab_val_event_space/attachment_1tab_val_event_space.sqlite,Hospitality,attachment,0,reference_candidates,all_wait,0,0,0,0,1,0,1,0,0,0,2,2,1,0,0,0,4,0.002141559962183237,unresolved_interpretation,7a0a5ecafc219653854f8668f723109ac24bf8fcc6df0924a4b2db1c315a1804,0,0
2,data/attachment/Hospitality/attachment_1tab_val_event_space/attachment_1tab_val_event_space.sqlite,Hospitality,attachment,0,reference_candidates,all_wait,1,1,1,0,0,1,0,0,0,0,2,2,1,0,0,0,5,0.0028089549159631133,user_answer,dce75663d812ee974e4fb613469821d3d62a106e463f762fae2aaf47f6b10737,0,0
2,data/attachment/Hospitality/attachment_1tab_val_event_space/attachment_1tab_val_event_space.sqlite,Hospitality,attachment,0,reference_candidates,all_wait,2,1,1,0,0,1,0,0,0,0,2,2,1,0,0,0,5,0.0026707069482654333,user_answer,470f299eac8f717c5e80f2492c5c009d0cf35f2abd9ab133bad1427788eb26d5,0,0
2,data/attachment/Hospitality/attachment_1tab_val_event_space/attachment_1tab_val_event_space.sqlite,Hospitality,attachment,0,source_recovery,recovery_completion,0,0,0,0,1,0,1,0,0,0,0,2,0,0,0,0,0,0.00016678194515407085,verification_failed,c3640dde4e7e536c69acd34850757ead8ef23420cdd61c81407f2e521135c9c9,0,0
2,data/attachment/Hospitality/attachment_1tab_val_event_space/attachment_1tab_val_event_space.sqlite,Hospitality,attachment,0,source_recovery,recovery_completion,1,1,0,1,0,0,4,0,0,0,0,2,0,0,0,0,1,0.0009500570595264435,user_answer,6dee479633a71f92d5de8448282555018458df337c421f7988654f61ef19f226,0,0
2,data/attachment/Hospitality/attachment_1tab_val_event_space/attachment_1tab_val_event_space.sqlite,Hospitality,attachment,0,source_recovery,recovery_completion,2,1,0,1,0,0,4,0,0,0,0,2,0,0,0,0,1,0.0009792950004339218,user_answer,d711534b202066eda6d365b29f46d555d3f9f646468db18ab68597c714d49b61,0,0
2,data/attachment/Hospitality/attachment_1tab_val_event_space/attachment_1tab_val_event_space.sqlite,Hospitality,attachment,0,source_recovery,recovery_depth2,0,0,0,0,1,0,1,0,0,0,0,2,0,0,0,0,0,0.00017783499788492918,verification_failed,c3640dde4e7e536c69acd34850757ead8ef23420cdd61c81407f2e521135c9c9,0,0
2,data/attachment/Hospitality/attachment_1tab_val_event_space/attachment_1tab_val_event_space.sqlite,Hospitality,attachment,0,source_recovery,recovery_depth2,1,1,0,1,0,0,4,0,0,0,0,2,0,0,0,0,1,0.0010357389692217112,user_answer,6dee479633a71f92d5de8448282555018458df337c421f7988654f61ef19f226,0,0
2,data/attachment/Hospitality/attachment_1tab_val_event_space/attachment_1tab_val_event_space.sqlite,Hospitality,attachment,0,source_recovery,recovery_depth2,2,1,0,1,0,0,4,0,0,0,0,2,0,0,0,0,1,0.0009563120547682047,user_answer,d711534b202066eda6d365b29f46d555d3f9f646468db18ab68597c714d49b61,0,0
2,data/attachment/Hospitality/attachment_1tab_val_event_space/attachment_1tab_val_event_space.sqlite,Hospitality,attachment,0,source_recovery,verification,0,0,0,0,1,0,1,0,0,0,0,2,0,0,0,0,0,0.0001746730413287878,verification_failed,c3640dde4e7e536c69acd34850757ead8ef23420cdd61c81407f2e521135c9c9,0,0
2,data/attachment/Hospitality/attachment_1tab_val_event_space/attachment_1tab_val_event_space.sqlite,Hospitality,attachment,0,source_recovery,verification,1,1,0,1,0,0,4,0,0,0,0,2,0,0,0,0,1,0.0008673989214003086,user_answer,6dee479633a71f92d5de8448282555018458df337c421f7988654f61ef19f226,0,0
2,data/attachment/Hospitality/attachment_1tab_val_event_space/attachment_1tab_val_event_space.sqlite,Hospitality,attachment,0,source_recovery,verification,2,1,0,1,0,0,4,0,0,0,0,2,0,0,0,0,1,0.000833133002743125,user_answer,d711534b202066eda6d365b29f46d555d3f9f646468db18ab68597c714d49b61,0,0
2,data/attachment/Hospitality/attachment_1tab_val_event_space/attachment_1tab_val_event_space.sqlite,Hospitality,attachment,0,source_recovery,full_context,0,0,0,0,1,0,1,0,0,0,0,2,0,0,0,0,0,0.00017447106074541807,verification_failed,c3640dde4e7e536c69acd34850757ead8ef23420cdd61c81407f2e521135c9c9,0,0
2,data/attachment/Hospitality/attachment_1tab_val_event_space/attachment_1tab_val_event_space.sqlite,Hospitality,attachment,0,source_recovery,full_context,1,1,0,1,0,0,4,0,0,0,0,2,0,0,0,0,1,0.0008118799887597561,user_answer,6dee479633a71f92d5de8448282555018458df337c421f7988654f61ef19f226,0,0
2,data/attachment/Hospitality/attachment_1tab_val_event_space/attachment_1tab_val_event_space.sqlite,Hospitality,attachment,0,source_recovery,full_context,2,1,0,1,0,0,4,0,0,0,0,2,0,0,0,0,1,0.0007980440277606249,user_answer,d711534b202066eda6d365b29f46d555d3f9f646468db18ab68597c714d49b61,0,0
2,data/attachment/Hospitality/attachment_1tab_val_event_space/attachment_1tab_val_event_space.sqlite,Hospitality,attachment,0,source_recovery,matched_checking,0,0,0,0,1,0,1,0,0,0,0,2,0,0,0,0,0,0.00016836798749864101,verification_failed,c3640dde4e7e536c69acd34850757ead8ef23420cdd61c81407f2e521135c9c9,0,0
2,data/attachment/Hospitality/attachment_1tab_val_event_space/attachment_1tab_val_event_space.sqlite,Hospitality,attachment,0,source_recovery,matched_checking,1,1,0,1,0,0,4,0,0,0,0,2,0,0,0,0,1,0.0008105660090222955,user_answer,6dee479633a71f92d5de8448282555018458df337c421f7988654f61ef19f226,0,0
2,data/attachment/Hospitality/attachment_1tab_val_event_space/attachment_1tab_val_event_space.sqlite,Hospitality,attachment,0,source_recovery,matched_checking,2,1,0,1,0,0,4,0,0,0,0,2,0,0,0,0,1,0.000810462050139904,user_answer,d711534b202066eda6d365b29f46d555d3f9f646468db18ab68597c714d49b61,0,0
2,data/attachment/Hospitality/attachment_1tab_val_event_space/attachment_1tab_val_event_space.sqlite,Hospitality,attachment,0,source_recovery,no_recovery,0,0,0,0,1,0,1,0,0,0,0,2,0,0,0,0,0,0.0001575920032337308,verification_failed,c3640dde4e7e536c69acd34850757ead8ef23420cdd61c81407f2e521135c9c9,0,0
2,data/attachment/Hospitality/attachment_1tab_val_event_space/attachment_1tab_val_event_space.sqlite,Hospitality,attachment,0,source_recovery,no_recovery,1,1,0,1,0,0,4,0,0,0,0,2,0,0,0,0,1,0.0008316540624946356,user_answer,6dee479633a71f92d5de8448282555018458df337c421f7988654f61ef19f226,0,0
2,data/attachment/Hospitality/attachment_1tab_val_event_space/attachment_1tab_val_event_space.sqlite,Hospitality,attachment,0,source_recovery,no_recovery,2,1,0,1,0,0,4,0,0,0,0,2,0,0,0,0,1,0.0008199950680136681,user_answer,d711534b202066eda6d365b29f46d555d3f9f646468db18ab68597c714d49b61,0,0
2,data/attachment/Hospitality/attachment_1tab_val_event_space/attachment_1tab_val_event_space.sqlite,Hospitality,attachment,0,source_recovery,no_verification,0,0,0,0,1,0,1,0,0,0,0,2,0,0,0,0,0,0.00016864703502506018,verification_failed,c3640dde4e7e536c69acd34850757ead8ef23420cdd61c81407f2e521135c9c9,0,0
2,data/attachment/Hospitality/attachment_1tab_val_event_space/attachment_1tab_val_event_space.sqlite,Hospitality,attachment,0,source_recovery,no_verification,1,1,0,1,0,0,4,0,0,0,0,2,0,0,0,0,1,0.0008311470737680793,user_answer,6dee479633a71f92d5de8448282555018458df337c421f7988654f61ef19f226,0,0
2,data/attachment/Hospitality/attachment_1tab_val_event_space/attachment_1tab_val_event_space.sqlite,Hospitality,attachment,0,source_recovery,no_verification,2,1,0,1,0,0,4,0,0,0,0,2,0,0,0,0,1,0.0008421919774264097,user_answer,d711534b202066eda6d365b29f46d555d3f9f646468db18ab68597c714d49b61,0,0
2,data/attachment/Hospitality/attachment_1tab_val_event_space/attachment_1tab_val_event_space.sqlite,Hospitality,attachment,0,source_recovery,no_coverage_guard,0,0,0,0,1,0,1,0,0,0,0,2,0,0,0,0,0,0.00017038395162671804,verification_failed,c3640dde4e7e536c69acd34850757ead8ef23420cdd61c81407f2e521135c9c9,0,0
2,data/attachment/Hospitality/attachment_1tab_val_event_space/attachment_1tab_val_event_space.sqlite,Hospitality,attachment,0,source_recovery,no_coverage_guard,1,1,0,1,0,0,4,0,0,0,0,2,0,0,0,0,1,0.0008026479044929147,user_answer,6dee479633a71f92d5de8448282555018458df337c421f7988654f61ef19f226,0,0
2,data/attachment/Hospitality/attachment_1tab_val_event_space/attachment_1tab_val_event_space.sqlite,Hospitality,attachment,0,source_recovery,no_coverage_guard,2,1,0,1,0,0,4,0,0,0,0,2,0,0,0,0,1,0.0010077808983623981,user_answer,d711534b202066eda6d365b29f46d555d3f9f646468db18ab68597c714d49b61,0,0
2,data/attachment/Hospitality/attachment_1tab_val_event_space/attachment_1tab_val_event_space.sqlite,Hospitality,attachment,0,source_recovery,no_sharing,0,0,0,0,1,0,1,0,0,0,0,2,0,0,0,0,0,0.00025836401619017124,verification_failed,c3640dde4e7e536c69acd34850757ead8ef23420cdd61c81407f2e521135c9c9,0,0
2,data/attachment/Hospitality/attachment_1tab_val_event_space/attachment_1tab_val_event_space.sqlite,Hospitality,attachment,0,source_recovery,no_sharing,1,1,0,1,0,0,4,0,0,0,0,2,0,0,0,0,1,0.0008995879907160997,user_answer,6dee479633a71f92d5de8448282555018458df337c421f7988654f61ef19f226,0,0
2,data/attachment/Hospitality/attachment_1tab_val_event_space/attachment_1tab_val_event_space.sqlite,Hospitality,attachment,0,source_recovery,no_sharing,2,1,0,1,0,0,4,0,0,0,0,2,0,0,0,0,1,0.0009240609360858798,user_answer,d711534b202066eda6d365b29f46d555d3f9f646468db18ab68597c714d49b61,0,0
2,data/attachment/Hospitality/attachment_1tab_val_event_space/attachment_1tab_val_event_space.sqlite,Hospitality,attachment,0,source_recovery,all_wait,0,0,0,0,1,0,1,0,0,0,0,2,0,0,0,0,0,0.00017755001317709684,verification_failed,c3640dde4e7e536c69acd34850757ead8ef23420cdd61c81407f2e521135c9c9,0,0
2,data/attachment/Hospitality/attachment_1tab_val_event_space/attachment_1tab_val_event_space.sqlite,Hospitality,attachment,0,source_recovery,all_wait,1,1,0,1,0,0,4,0,0,0,0,2,0,0,0,0,1,0.000847039045765996,user_answer,6dee479633a71f92d5de8448282555018458df337c421f7988654f61ef19f226,0,0
2,data/attachment/Hospitality/attachment_1tab_val_event_space/attachment_1tab_val_event_space.sqlite,Hospitality,attachment,0,source_recovery,all_wait,2,1,0,1,0,0,4,0,0,0,0,2,0,0,0,0,1,0.000806235009804368,user_answer,d711534b202066eda6d365b29f46d555d3f9f646468db18ab68597c714d49b61,0,0
5,data/attachment/Hospitality/attachment_1tab_val_food_service/attachment_1tab_val_food_service.sqlite,Hospitality,attachment,0,generated,recovery_completion,0,0,0,0,1,0,1,0,0,0,0,2,0,0,0,3,4,0.0014222919708117843,verification_failed,a8d87ee76ff0ada6cf9287685c9ba3a71bea0abb990196194d1a005149cfba99,0,0
5,data/attachment/Hospitality/attachment_1tab_val_food_service/attachment_1tab_val_food_service.sqlite,Hospitality,attachment,0,generated,recovery_completion,1,1,1,0,0,1,0,0,0,0,0,2,0,0,0,3,5,0.0019489600090309978,user_answer,47cf902d153298534c9178160c4cf137a3b6525d2782bd31e34e578288192c14,0,0
5,data/attachment/Hospitality/attachment_1tab_val_food_service/attachment_1tab_val_food_service.sqlite,Hospitality,attachment,0,generated,recovery_completion,2,1,1,0,0,1,0,0,0,0,0,2,0,0,0,3,5,0.001938992994837463,user_answer,0fca5950e277d1c1408ee7d783a4c38d5526057157eb416294cae3355a439371,0,0
5,data/attachment/Hospitality/attachment_1tab_val_food_service/attachment_1tab_val_food_service.sqlite,Hospitality,attachment,0,generated,recovery_depth2,0,0,0,0,1,0,1,0,0,0,0,2,0,0,0,3,4,0.0014033180195838213,verification_failed,a8d87ee76ff0ada6cf9287685c9ba3a71bea0abb990196194d1a005149cfba99,0,0
5,data/attachment/Hospitality/attachment_1tab_val_food_service/attachment_1tab_val_food_service.sqlite,Hospitality,attachment,0,generated,recovery_depth2,1,1,1,0,0,1,0,0,0,0,0,2,0,0,0,3,5,0.001950212987139821,user_answer,47cf902d153298534c9178160c4cf137a3b6525d2782bd31e34e578288192c14,0,0
5,data/attachment/Hospitality/attachment_1tab_val_food_service/attachment_1tab_val_food_service.sqlite,Hospitality,attachment,0,generated,recovery_depth2,2,1,1,0,0,1,0,0,0,0,0,2,0,0,0,3,5,0.00195932702627033,user_answer,0fca5950e277d1c1408ee7d783a4c38d5526057157eb416294cae3355a439371,0,0
5,data/attachment/Hospitality/attachment_1tab_val_food_service/attachment_1tab_val_food_service.sqlite,Hospitality,attachment,0,generated,verification,0,0,0,0,1,0,1,0,0,0,0,2,0,0,0,3,4,0.0014228899963200092,verification_failed,a8d87ee76ff0ada6cf9287685c9ba3a71bea0abb990196194d1a005149cfba99,0,0
5,data/attachment/Hospitality/attachment_1tab_val_food_service/attachment_1tab_val_food_service.sqlite,Hospitality,attachment,0,generated,verification,1,1,1,0,0,1,0,0,0,0,0,2,0,0,0,3,5,0.0018343619303777814,user_answer,47cf902d153298534c9178160c4cf137a3b6525d2782bd31e34e578288192c14,0,0
5,data/attachment/Hospitality/attachment_1tab_val_food_service/attachment_1tab_val_food_service.sqlite,Hospitality,attachment,0,generated,verification,2,1,1,0,0,1,0,0,0,0,0,2,0,0,0,3,5,0.0018446440808475018,user_answer,0fca5950e277d1c1408ee7d783a4c38d5526057157eb416294cae3355a439371,0,0
5,data/attachment/Hospitality/attachment_1tab_val_food_service/attachment_1tab_val_food_service.sqlite,Hospitality,attachment,0,generated,full_context,0,0,0,1,0,0,4,0,0,0,0,2,0,0,0,3,4,0.0014046989381313324,full_context_proposal,a84428701c4f40324fb89aaba1dbde81c3ba189da9ca862cbb0071154a066722,0,0
5,data/attachment/Hospitality/attachment_1tab_val_food_service/attachment_1tab_val_food_service.sqlite,Hospitality,attachment,0,generated,full_context,1,0,0,1,0,0,4,0,0,0,0,2,0,0,0,3,4,0.0014383889501914382,full_context_proposal,c9a414db76f865c92b3f2b209c2254196f0b45084613c3f4d0102fcc679b0f1e,0,0
5,data/attachment/Hospitality/attachment_1tab_val_food_service/attachment_1tab_val_food_service.sqlite,Hospitality,attachment,0,generated,full_context,2,0,0,1,0,0,4,0,0,0,0,2,0,0,0,3,4,0.0014576759422197938,full_context_proposal,d5c036008f87efe72036e22777d083269ef0a04f2cd9881e338a715c16177665,0,0
5,data/attachment/Hospitality/attachment_1tab_val_food_service/attachment_1tab_val_food_service.sqlite,Hospitality,attachment,0,generated,matched_checking,0,0,0,1,0,0,4,0,0,0,0,2,0,0,0,3,4,0.0015144959324970841,execution_vote,d1f1d2a6ed448d1c2af419c3f40776f76993a8a08c1a08057cbb27422b43c035,0,0
5,data/attachment/Hospitality/attachment_1tab_val_food_service/attachment_1tab_val_food_service.sqlite,Hospitality,attachment,0,generated,matched_checking,1,0,0,1,0,0,4,0,0,0,0,2,0,0,0,3,4,0.0014086399460211396,execution_vote,48b55adc2d7c9fc3c8af2c0be89ada64573777968ba790390496a7e76a5bff14,0,0
5,data/attachment/Hospitality/attachment_1tab_val_food_service/attachment_1tab_val_food_service.sqlite,Hospitality,attachment,0,generated,matched_checking,2,0,0,1,0,0,4,0,0,0,0,2,0,0,0,3,4,0.0014121090061962605,execution_vote,8c7435d3178eff4859ca78eefe6a655f50ee83525f11c2515d54f0451e9a0bd6,0,0
5,data/attachment/Hospitality/attachment_1tab_val_food_service/attachment_1tab_val_food_service.sqlite,Hospitality,attachment,0,generated,no_recovery,0,0,0,0,1,0,1,0,0,0,0,2,0,0,0,3,4,0.0014761389466002584,verification_failed,a8d87ee76ff0ada6cf9287685c9ba3a71bea0abb990196194d1a005149cfba99,0,0
5,data/attachment/Hospitality/attachment_1tab_val_food_service/attachment_1tab_val_food_service.sqlite,Hospitality,attachment,0,generated,no_recovery,1,1,1,0,0,1,0,0,0,0,0,2,0,0,0,3,5,0.0029253590619191527,user_answer,47cf902d153298534c9178160c4cf137a3b6525d2782bd31e34e578288192c14,0,0
5,data/attachment/Hospitality/attachment_1tab_val_food_service/attachment_1tab_val_food_service.sqlite,Hospitality,attachment,0,generated,no_recovery,2,1,1,0,0,1,0,0,0,0,0,2,0,0,0,3,5,0.001862349919974804,user_answer,0fca5950e277d1c1408ee7d783a4c38d5526057157eb416294cae3355a439371,0,0
5,data/attachment/Hospitality/attachment_1tab_val_food_service/attachment_1tab_val_food_service.sqlite,Hospitality,attachment,0,generated,no_verification,0,0,0,0,1,0,1,0,0,0,0,2,0,0,0,3,4,0.00142938201315701,verification_failed,a8d87ee76ff0ada6cf9287685c9ba3a71bea0abb990196194d1a005149cfba99,0,0
5,data/attachment/Hospitality/attachment_1tab_val_food_service/attachment_1tab_val_food_service.sqlite,Hospitality,attachment,0,generated,no_verification,1,1,1,0,0,1,0,0,0,0,0,2,0,0,0,3,5,0.0018732210155576468,user_answer,47cf902d153298534c9178160c4cf137a3b6525d2782bd31e34e578288192c14,0,0
5,data/attachment/Hospitality/attachment_1tab_val_food_service/attachment_1tab_val_food_service.sqlite,Hospitality,attachment,0,generated,no_verification,2,1,1,0,0,1,0,0,0,0,0,2,0,0,0,3,5,0.0018369799945503473,user_answer,0fca5950e277d1c1408ee7d783a4c38d5526057157eb416294cae3355a439371,0,0
5,data/attachment/Hospitality/attachment_1tab_val_food_service/attachment_1tab_val_food_service.sqlite,Hospitality,attachment,0,generated,no_coverage_guard,0,0,0,0,1,0,1,0,0,0,0,2,0,0,0,3,4,0.0014221230521798134,verification_failed,a8d87ee76ff0ada6cf9287685c9ba3a71bea0abb990196194d1a005149cfba99,0,0
5,data/attachment/Hospitality/attachment_1tab_val_food_service/attachment_1tab_val_food_service.sqlite,Hospitality,attachment,0,generated,no_coverage_guard,1,1,1,0,0,1,0,0,0,0,0,2,0,0,0,3,5,0.001935690059326589,user_answer,47cf902d153298534c9178160c4cf137a3b6525d2782bd31e34e578288192c14,0,0
5,data/attachment/Hospitality/attachment_1tab_val_food_service/attachment_1tab_val_food_service.sqlite,Hospitality,attachment,0,generated,no_coverage_guard,2,1,1,0,0,1,0,0,0,0,0,2,0,0,0,3,5,0.0018783699488267303,user_answer,0fca5950e277d1c1408ee7d783a4c38d5526057157eb416294cae3355a439371,0,0
5,data/attachment/Hospitality/attachment_1tab_val_food_service/attachment_1tab_val_food_service.sqlite,Hospitality,attachment,0,generated,no_sharing,0,0,0,0,1,0,1,0,0,0,0,2,0,0,0,3,4,0.00141958799213171,verification_failed,a8d87ee76ff0ada6cf9287685c9ba3a71bea0abb990196194d1a005149cfba99,0,0
5,data/attachment/Hospitality/attachment_1tab_val_food_service/attachment_1tab_val_food_service.sqlite,Hospitality,attachment,0,generated,no_sharing,1,1,1,0,0,1,0,0,0,0,0,2,0,0,0,3,5,0.0019774079555645585,user_answer,47cf902d153298534c9178160c4cf137a3b6525d2782bd31e34e578288192c14,0,0
5,data/attachment/Hospitality/attachment_1tab_val_food_service/attachment_1tab_val_food_service.sqlite,Hospitality,attachment,0,generated,no_sharing,2,1,1,0,0,1,0,0,0,0,0,2,0,0,0,3,5,0.0019499040208756924,user_answer,0fca5950e277d1c1408ee7d783a4c38d5526057157eb416294cae3355a439371,0,0
5,data/attachment/Hospitality/attachment_1tab_val_food_service/attachment_1tab_val_food_service.sqlite,Hospitality,attachment,0,generated,all_wait,0,0,0,0,1,0,1,0,0,0,0,2,0,0,0,3,4,0.001463098917156458,verification_failed,a8d87ee76ff0ada6cf9287685c9ba3a71bea0abb990196194d1a005149cfba99,0,0
5,data/attachment/Hospitality/attachment_1tab_val_food_service/attachment_1tab_val_food_service.sqlite,Hospitality,attachment,0,generated,all_wait,1,1,1,0,0,1,0,0,0,0,0,2,0,0,0,3,5,0.0018514710245653987,user_answer,47cf902d153298534c9178160c4cf137a3b6525d2782bd31e34e578288192c14,0,0
5,data/attachment/Hospitality/attachment_1tab_val_food_service/attachment_1tab_val_food_service.sqlite,Hospitality,attachment,0,generated,all_wait,2,1,1,0,0,1,0,0,0,0,0,2,0,0,0,3,5,0.0018411059863865376,user_answer,0fca5950e277d1c1408ee7d783a4c38d5526057157eb416294cae3355a439371,0,0
5,data/attachment/Hospitality/attachment_1tab_val_food_service/attachment_1tab_val_food_service.sqlite,Hospitality,attachment,0,reference_candidates,recovery_completion,0,0,0,0,1,0,1,0,0,0,2,2,1,0,0,0,4,0.0015098549192771316,unresolved_interpretation,44110211abfcbfad2c40650eb0b5824c3c54d94be704eb4c1a58913a8c15cbb6,0,0
5,data/attachment/Hospitality/attachment_1tab_val_food_service/attachment_1tab_val_food_service.sqlite,Hospitality,attachment,0,reference_candidates,recovery_completion,1,1,1,0,0,1,0,0,0,0,2,2,1,0,0,0,5,0.002116453950293362,user_answer,9995b143f1f1835228b917268f05e41a294f459063b380ca207853a12fa5af1f,0,0
5,data/attachment/Hospitality/attachment_1tab_val_food_service/attachment_1tab_val_food_service.sqlite,Hospitality,attachment,0,reference_candidates,recovery_completion,2,1,1,0,0,1,0,0,0,0,2,2,1,0,0,0,5,0.0021053249947726727,user_answer,d1079d0faf43b084df491901db6356acd7b4a5ace4c63d1b4c51e6654942cea4,0,0
5,data/attachment/Hospitality/attachment_1tab_val_food_service/attachment_1tab_val_food_service.sqlite,Hospitality,attachment,0,reference_candidates,recovery_depth2,0,0,0,0,1,0,1,0,0,0,2,2,1,0,0,0,4,0.0015358909731730819,unresolved_interpretation,44110211abfcbfad2c40650eb0b5824c3c54d94be704eb4c1a58913a8c15cbb6,0,0
5,data/attachment/Hospitality/attachment_1tab_val_food_service/attachment_1tab_val_food_service.sqlite,Hospitality,attachment,0,reference_candidates,recovery_depth2,1,1,1,0,0,1,0,0,0,0,2,2,1,0,0,0,5,0.0020733369747176766,user_answer,9995b143f1f1835228b917268f05e41a294f459063b380ca207853a12fa5af1f,0,0
5,data/attachment/Hospitality/attachment_1tab_val_food_service/attachment_1tab_val_food_service.sqlite,Hospitality,attachment,0,reference_candidates,recovery_depth2,2,1,1,0,0,1,0,0,0,0,2,2,1,0,0,0,5,0.002213942934758961,user_answer,d1079d0faf43b084df491901db6356acd7b4a5ace4c63d1b4c51e6654942cea4,0,0
5,data/attachment/Hospitality/attachment_1tab_val_food_service/attachment_1tab_val_food_service.sqlite,Hospitality,attachment,0,reference_candidates,verification,0,0,0,0,1,0,1,0,0,0,2,2,1,0,0,0,4,0.001647740020416677,unresolved_interpretation,44110211abfcbfad2c40650eb0b5824c3c54d94be704eb4c1a58913a8c15cbb6,0,0
5,data/attachment/Hospitality/attachment_1tab_val_food_service/attachment_1tab_val_food_service.sqlite,Hospitality,attachment,0,reference_candidates,verification,1,1,1,0,0,1,0,0,0,0,2,2,1,0,0,0,5,0.0019409380620345473,user_answer,9995b143f1f1835228b917268f05e41a294f459063b380ca207853a12fa5af1f,0,0
5,data/attachment/Hospitality/attachment_1tab_val_food_service/attachment_1tab_val_food_service.sqlite,Hospitality,attachment,0,reference_candidates,verification,2,1,1,0,0,1,0,0,0,0,2,2,1,0,0,0,5,0.001943230046890676,user_answer,d1079d0faf43b084df491901db6356acd7b4a5ace4c63d1b4c51e6654942cea4,0,0
5,data/attachment/Hospitality/attachment_1tab_val_food_service/attachment_1tab_val_food_service.sqlite,Hospitality,attachment,0,reference_candidates,full_context,0,0,1,0,0,1,0,0,0,0,2,2,1,0,0,0,4,0.002018705941736698,full_context_proposal,6beafaef66a1bf243923f890a6550bbfce2248021d3dfdb326ec13ef78265faa,0,0
5,data/attachment/Hospitality/attachment_1tab_val_food_service/attachment_1tab_val_food_service.sqlite,Hospitality,attachment,0,reference_candidates,full_context,1,0,1,0,0,1,0,0,0,0,2,2,1,0,0,0,4,0.0015434649540111423,full_context_proposal,e42e5768d7f92937e8e668a8d982beeba00e61cc125a1e6a79a5d3b1d843949b,0,0
5,data/attachment/Hospitality/attachment_1tab_val_food_service/attachment_1tab_val_food_service.sqlite,Hospitality,attachment,0,reference_candidates,full_context,2,0,1,0,0,1,0,0,0,0,2,2,1,0,0,0,4,0.0015766050200909376,full_context_proposal,37bb6d522148eb51f7ce2d95c6b770ec55b7bf0bf212ea4e164a4933a583108b,0,0
5,data/attachment/Hospitality/attachment_1tab_val_food_service/attachment_1tab_val_food_service.sqlite,Hospitality,attachment,0,reference_candidates,matched_checking,0,0,1,0,0,1,0,0,0,0,2,2,1,0,0,0,4,0.0015340779209509492,execution_vote,a91d1beaf734fbd6e55483f8d28f627188f6bfd52e8a1236d5b03d7736077886,0,0
5,data/attachment/Hospitality/attachment_1tab_val_food_service/attachment_1tab_val_food_service.sqlite,Hospitality,attachment,0,reference_candidates,matched_checking,1,0,1,0,0,1,0,0,0,0,2,2,1,0,0,0,4,0.001529550994746387,execution_vote,30e9a685c3270cc5f1cf42558b46ada138b9812f62b94e4aae9db6c01254dd35,0,0
5,data/attachment/Hospitality/attachment_1tab_val_food_service/attachment_1tab_val_food_service.sqlite,Hospitality,attachment,0,reference_candidates,matched_checking,2,0,1,0,0,1,0,0,0,0,2,2,1,0,0,0,4,0.0015989710809662938,execution_vote,2c76651f0efe33268007a7324f389679ccf7184cf953d6206d0fe3ed7cc9ee4d,0,0
5,data/attachment/Hospitality/attachment_1tab_val_food_service/attachment_1tab_val_food_service.sqlite,Hospitality,attachment,0,reference_candidates,no_recovery,0,0,0,0,1,0,1,0,0,0,2,2,1,0,0,0,4,0.0015946850180625916,unresolved_interpretation,44110211abfcbfad2c40650eb0b5824c3c54d94be704eb4c1a58913a8c15cbb6,0,0
5,data/attachment/Hospitality/attachment_1tab_val_food_service/attachment_1tab_val_food_service.sqlite,Hospitality,attachment,0,reference_candidates,no_recovery,1,1,1,0,0,1,0,0,0,0,2,2,1,0,0,0,5,0.0019459989853203297,user_answer,9995b143f1f1835228b917268f05e41a294f459063b380ca207853a12fa5af1f,0,0
5,data/attachment/Hospitality/attachment_1tab_val_food_service/attachment_1tab_val_food_service.sqlite,Hospitality,attachment,0,reference_candidates,no_recovery,2,1,1,0,0,1,0,0,0,0,2,2,1,0,0,0,5,0.002004662062972784,user_answer,d1079d0faf43b084df491901db6356acd7b4a5ace4c63d1b4c51e6654942cea4,0,0
5,data/attachment/Hospitality/attachment_1tab_val_food_service/attachment_1tab_val_food_service.sqlite,Hospitality,attachment,0,reference_candidates,no_verification,0,0,0,0,1,0,1,0,0,0,2,2,1,0,0,0,4,0.0015373550122603774,unresolved_interpretation,44110211abfcbfad2c40650eb0b5824c3c54d94be704eb4c1a58913a8c15cbb6,0,0
5,data/attachment/Hospitality/attachment_1tab_val_food_service/attachment_1tab_val_food_service.sqlite,Hospitality,attachment,0,reference_candidates,no_verification,1,1,1,0,0,1,0,0,0,0,2,2,1,0,0,0,5,0.001994153019040823,user_answer,9995b143f1f1835228b917268f05e41a294f459063b380ca207853a12fa5af1f,0,0
5,data/attachment/Hospitality/attachment_1tab_val_food_service/attachment_1tab_val_food_service.sqlite,Hospitality,attachment,0,reference_candidates,no_verification,2,1,1,0,0,1,0,0,0,0,2,2,1,0,0,0,5,0.0019509789999574423,user_answer,d1079d0faf43b084df491901db6356acd7b4a5ace4c63d1b4c51e6654942cea4,0,0
5,data/attachment/Hospitality/attachment_1tab_val_food_service/attachment_1tab_val_food_service.sqlite,Hospitality,attachment,0,reference_candidates,no_coverage_guard,0,0,0,0,1,0,1,0,0,0,2,2,1,0,0,0,4,0.0015402339631691575,unresolved_interpretation,44110211abfcbfad2c40650eb0b5824c3c54d94be704eb4c1a58913a8c15cbb6,0,0
5,data/attachment/Hospitality/attachment_1tab_val_food_service/attachment_1tab_val_food_service.sqlite,Hospitality,attachment,0,reference_candidates,no_coverage_guard,1,1,1,0,0,1,0,0,0,0,2,2,1,0,0,0,5,0.0019786059856414795,user_answer,9995b143f1f1835228b917268f05e41a294f459063b380ca207853a12fa5af1f,0,0
5,data/attachment/Hospitality/attachment_1tab_val_food_service/attachment_1tab_val_food_service.sqlite,Hospitality,attachment,0,reference_candidates,no_coverage_guard,2,1,1,0,0,1,0,0,0,0,2,2,1,0,0,0,5,0.002018675906583667,user_answer,d1079d0faf43b084df491901db6356acd7b4a5ace4c63d1b4c51e6654942cea4,0,0
5,data/attachment/Hospitality/attachment_1tab_val_food_service/attachment_1tab_val_food_service.sqlite,Hospitality,attachment,0,reference_candidates,no_sharing,0,0,0,0,1,0,1,0,0,0,2,2,1,0,0,0,4,0.0015727750724181533,unresolved_interpretation,44110211abfcbfad2c40650eb0b5824c3c54d94be704eb4c1a58913a8c15cbb6,0,0
5,data/attachment/Hospitality/attachment_1tab_val_food_service/attachment_1tab_val_food_service.sqlite,Hospitality,attachment,0,reference_candidates,no_sharing,1,1,1,0,0,1,0,0,0,0,2,2,1,0,0,0,5,0.001983874011784792,user_answer,9995b143f1f1835228b917268f05e41a294f459063b380ca207853a12fa5af1f,0,0
5,data/attachment/Hospitality/attachment_1tab_val_food_service/attachment_1tab_val_food_service.sqlite,Hospitality,attachment,0,reference_candidates,no_sharing,2,1,1,0,0,1,0,0,0,0,2,2,1,0,0,0,5,0.0019566010450944304,user_answer,d1079d0faf43b084df491901db6356acd7b4a5ace4c63d1b4c51e6654942cea4,0,0
5,data/attachment/Hospitality/attachment_1tab_val_food_service/attachment_1tab_val_food_service.sqlite,Hospitality,attachment,0,reference_candidates,all_wait,0,0,0,0,1,0,1,0,0,0,2,2,1,0,0,0,4,0.0015534500125795603,unresolved_interpretation,44110211abfcbfad2c40650eb0b5824c3c54d94be704eb4c1a58913a8c15cbb6,0,0
5,data/attachment/Hospitality/attachment_1tab_val_food_service/attachment_1tab_val_food_service.sqlite,Hospitality,attachment,0,reference_candidates,all_wait,1,1,1,0,0,1,0,0,0,0,2,2,1,0,0,0,5,0.0020134829683229327,user_answer,9995b143f1f1835228b917268f05e41a294f459063b380ca207853a12fa5af1f,0,0
5,data/attachment/Hospitality/attachment_1tab_val_food_service/attachment_1tab_val_food_service.sqlite,Hospitality,attachment,0,reference_candidates,all_wait,2,1,1,0,0,1,0,0,0,0,2,2,1,0,0,0,5,0.001970442943274975,user_answer,d1079d0faf43b084df491901db6356acd7b4a5ace4c63d1b4c51e6654942cea4,0,0
5,data/attachment/Hospitality/attachment_1tab_val_food_service/attachment_1tab_val_food_service.sqlite,Hospitality,attachment,0,source_recovery,recovery_completion,0,0,0,1,0,0,4,1,0,0,0,2,0,0,0,4,6,0.0020753139397129416,source_recovery,2489a5564b935d4bd92c08028a89f8bc9e7c6f0e3092646eff02b770f7f66882,0,0
5,data/attachment/Hospitality/attachment_1tab_val_food_service/attachment_1tab_val_food_service.sqlite,Hospitality,attachment,0,source_recovery,recovery_completion,1,0,0,1,0,0,4,1,0,0,0,2,0,0,0,4,6,0.0020139950793236494,source_recovery,e0ab9854e69ceb6066de327e3d03620bef844801c0a5c8f994060b80541dfea7,0,0
5,data/attachment/Hospitality/attachment_1tab_val_food_service/attachment_1tab_val_food_service.sqlite,Hospitality,attachment,0,source_recovery,recovery_completion,2,0,0,1,0,0,4,1,0,0,0,2,0,0,0,4,6,0.0021582539193332195,source_recovery,cac00b6d8d4206d58611e6113556b624138faf41085153083b1b05544b5a90de,0,0
5,data/attachment/Hospitality/attachment_1tab_val_food_service/attachment_1tab_val_food_service.sqlite,Hospitality,attachment,0,source_recovery,recovery_depth2,0,0,0,1,0,0,4,1,0,0,0,2,0,0,0,4,6,0.0033005300210788846,source_recovery,2489a5564b935d4bd92c08028a89f8bc9e7c6f0e3092646eff02b770f7f66882,0,0
5,data/attachment/Hospitality/attachment_1tab_val_food_service/attachment_1tab_val_food_service.sqlite,Hospitality,attachment,0,source_recovery,recovery_depth2,1,0,0,1,0,0,4,1,0,0,0,2,0,0,0,4,6,0.002015070989727974,source_recovery,e0ab9854e69ceb6066de327e3d03620bef844801c0a5c8f994060b80541dfea7,0,0
5,data/attachment/Hospitality/attachment_1tab_val_food_service/attachment_1tab_val_food_service.sqlite,Hospitality,attachment,0,source_recovery,recovery_depth2,2,0,0,1,0,0,4,1,0,0,0,2,0,0,0,4,6,0.0020625609904527664,source_recovery,cac00b6d8d4206d58611e6113556b624138faf41085153083b1b05544b5a90de,0,0
5,data/attachment/Hospitality/attachment_1tab_val_food_service/attachment_1tab_val_food_service.sqlite,Hospitality,attachment,0,source_recovery,verification,0,0,0,1,0,0,4,1,0,0,0,2,0,0,0,4,6,0.0020088539458811283,source_recovery,2489a5564b935d4bd92c08028a89f8bc9e7c6f0e3092646eff02b770f7f66882,0,0
5,data/attachment/Hospitality/attachment_1tab_val_food_service/attachment_1tab_val_food_service.sqlite,Hospitality,attachment,0,source_recovery,verification,1,0,0,1,0,0,4,1,0,0,0,2,0,0,0,4,6,0.0020234929397702217,source_recovery,e0ab9854e69ceb6066de327e3d03620bef844801c0a5c8f994060b80541dfea7,0,0
5,data/attachment/Hospitality/attachment_1tab_val_food_service/attachment_1tab_val_food_service.sqlite,Hospitality,attachment,0,source_recovery,verification,2,0,0,1,0,0,4,1,0,0,0,2,0,0,0,4,6,0.002204932039603591,source_recovery,cac00b6d8d4206d58611e6113556b624138faf41085153083b1b05544b5a90de,0,0
5,data/attachment/Hospitality/attachment_1tab_val_food_service/attachment_1tab_val_food_service.sqlite,Hospitality,attachment,0,source_recovery,full_context,0,0,0,1,0,0,4,1,0,0,0,2,0,0,0,4,6,0.0020184299210086465,source_recovery,2489a5564b935d4bd92c08028a89f8bc9e7c6f0e3092646eff02b770f7f66882,0,0
5,data/attachment/Hospitality/attachment_1tab_val_food_service/attachment_1tab_val_food_service.sqlite,Hospitality,attachment,0,source_recovery,full_context,1,0,0,1,0,0,4,1,0,0,0,2,0,0,0,4,6,0.002001682063564658,source_recovery,e0ab9854e69ceb6066de327e3d03620bef844801c0a5c8f994060b80541dfea7,0,0
5,data/attachment/Hospitality/attachment_1tab_val_food_service/attachment_1tab_val_food_service.sqlite,Hospitality,attachment,0,source_recovery,full_context,2,0,0,1,0,0,4,1,0,0,0,2,0,0,0,4,6,0.0020281419856473804,source_recovery,cac00b6d8d4206d58611e6113556b624138faf41085153083b1b05544b5a90de,0,0
5,data/attachment/Hospitality/attachment_1tab_val_food_service/attachment_1tab_val_food_service.sqlite,Hospitality,attachment,0,source_recovery,matched_checking,0,0,0,1,0,0,4,1,0,0,0,2,0,0,0,4,6,0.0020038249203935266,source_recovery,2489a5564b935d4bd92c08028a89f8bc9e7c6f0e3092646eff02b770f7f66882,0,0
5,data/attachment/Hospitality/attachment_1tab_val_food_service/attachment_1tab_val_food_service.sqlite,Hospitality,attachment,0,source_recovery,matched_checking,1,0,0,1,0,0,4,1,0,0,0,2,0,0,0,4,6,0.002097013988532126,source_recovery,e0ab9854e69ceb6066de327e3d03620bef844801c0a5c8f994060b80541dfea7,0,0
5,data/attachment/Hospitality/attachment_1tab_val_food_service/attachment_1tab_val_food_service.sqlite,Hospitality,attachment,0,source_recovery,matched_checking,2,0,0,1,0,0,4,1,0,0,0,2,0,0,0,4,6,0.0020968910539522767,source_recovery,cac00b6d8d4206d58611e6113556b624138faf41085153083b1b05544b5a90de,0,0
5,data/attachment/Hospitality/attachment_1tab_val_food_service/attachment_1tab_val_food_service.sqlite,Hospitality,attachment,0,source_recovery,no_recovery,0,0,0,0,1,0,1,0,0,0,0,2,0,0,0,4,6,0.0019950000569224358,verification_failed,f462dd1289f6fbbdfa5080d1c73a3e21caa7043dab5606add255f37efb5387cc,0,0
5,data/attachment/Hospitality/attachment_1tab_val_food_service/attachment_1tab_val_food_service.sqlite,Hospitality,attachment,0,source_recovery,no_recovery,1,1,1,0,0,1,0,0,0,0,0,2,0,0,0,4,7,0.0024539160076528788,user_answer,94c088acd7ecf2c09d111819af60d4009d5dfbd8cb51811415ac73c159524e14,0,0
5,data/attachment/Hospitality/attachment_1tab_val_food_service/attachment_1tab_val_food_service.sqlite,Hospitality,attachment,0,source_recovery,no_recovery,2,1,1,0,0,1,0,0,0,0,0,2,0,0,0,4,7,0.0024507639463990927,user_answer,60afe3e53a50fd81dd244bd48c30cde9e2aa891f69e0d02164ed5b2f88533032,0,0
5,data/attachment/Hospitality/attachment_1tab_val_food_service/attachment_1tab_val_food_service.sqlite,Hospitality,attachment,0,source_recovery,no_verification,0,0,0,1,0,0,4,1,0,0,0,2,0,0,0,4,6,0.0020315719302743673,source_recovery,2489a5564b935d4bd92c08028a89f8bc9e7c6f0e3092646eff02b770f7f66882,0,0
5,data/attachment/Hospitality/attachment_1tab_val_food_service/attachment_1tab_val_food_service.sqlite,Hospitality,attachment,0,source_recovery,no_verification,1,0,0,1,0,0,4,1,0,0,0,2,0,0,0,4,6,0.0020206249319016933,source_recovery,e0ab9854e69ceb6066de327e3d03620bef844801c0a5c8f994060b80541dfea7,0,0
5,data/attachment/Hospitality/attachment_1tab_val_food_service/attachment_1tab_val_food_service.sqlite,Hospitality,attachment,0,source_recovery,no_verification,2,0,0,1,0,0,4,1,0,0,0,2,0,0,0,4,6,0.002081618062220514,source_recovery,cac00b6d8d4206d58611e6113556b624138faf41085153083b1b05544b5a90de,0,0
5,data/attachment/Hospitality/attachment_1tab_val_food_service/attachment_1tab_val_food_service.sqlite,Hospitality,attachment,0,source_recovery,no_coverage_guard,0,0,0,1,0,0,4,1,0,0,0,2,0,0,0,4,6,0.0023951390758156776,source_recovery,2489a5564b935d4bd92c08028a89f8bc9e7c6f0e3092646eff02b770f7f66882,0,0
5,data/attachment/Hospitality/attachment_1tab_val_food_service/attachment_1tab_val_food_service.sqlite,Hospitality,attachment,0,source_recovery,no_coverage_guard,1,0,0,1,0,0,4,1,0,0,0,2,0,0,0,4,6,0.0020231640664860606,source_recovery,e0ab9854e69ceb6066de327e3d03620bef844801c0a5c8f994060b80541dfea7,0,0
5,data/attachment/Hospitality/attachment_1tab_val_food_service/attachment_1tab_val_food_service.sqlite,Hospitality,attachment,0,source_recovery,no_coverage_guard,2,0,0,1,0,0,4,1,0,0,0,2,0,0,0,4,6,0.002038798062130809,source_recovery,cac00b6d8d4206d58611e6113556b624138faf41085153083b1b05544b5a90de,0,0
5,data/attachment/Hospitality/attachment_1tab_val_food_service/attachment_1tab_val_food_service.sqlite,Hospitality,attachment,0,source_recovery,no_sharing,0,0,0,1,0,0,4,1,0,0,0,2,0,0,0,4,6,0.002129156026057899,source_recovery,2489a5564b935d4bd92c08028a89f8bc9e7c6f0e3092646eff02b770f7f66882,0,0
5,data/attachment/Hospitality/attachment_1tab_val_food_service/attachment_1tab_val_food_service.sqlite,Hospitality,attachment,0,source_recovery,no_sharing,1,0,0,1,0,0,4,1,0,0,0,2,0,0,0,4,6,0.0022066670935600996,source_recovery,e0ab9854e69ceb6066de327e3d03620bef844801c0a5c8f994060b80541dfea7,0,0
5,data/attachment/Hospitality/attachment_1tab_val_food_service/attachment_1tab_val_food_service.sqlite,Hospitality,attachment,0,source_recovery,no_sharing,2,0,0,1,0,0,4,1,0,0,0,2,0,0,0,4,6,0.002213818021118641,source_recovery,cac00b6d8d4206d58611e6113556b624138faf41085153083b1b05544b5a90de,0,0
5,data/attachment/Hospitality/attachment_1tab_val_food_service/attachment_1tab_val_food_service.sqlite,Hospitality,attachment,0,source_recovery,all_wait,0,0,0,1,0,0,4,1,0,0,0,2,0,0,0,4,6,0.002049515023827553,source_recovery,2489a5564b935d4bd92c08028a89f8bc9e7c6f0e3092646eff02b770f7f66882,0,0
5,data/attachment/Hospitality/attachment_1tab_val_food_service/attachment_1tab_val_food_service.sqlite,Hospitality,attachment,0,source_recovery,all_wait,1,0,0,1,0,0,4,1,0,0,0,2,0,0,0,4,6,0.0020768060348927975,source_recovery,e0ab9854e69ceb6066de327e3d03620bef844801c0a5c8f994060b80541dfea7,0,0
5,data/attachment/Hospitality/attachment_1tab_val_food_service/attachment_1tab_val_food_service.sqlite,Hospitality,attachment,0,source_recovery,all_wait,2,0,0,1,0,0,4,1,0,0,0,2,0,0,0,4,6,0.002166174934245646,source_recovery,cac00b6d8d4206d58611e6113556b624138faf41085153083b1b05544b5a90de,0,0
123,data/scope/Job Postings/scope_hospitals_medicalroles/scope_hospitals_medicalroles.sqlite,Job Postings,scope,0,generated,recovery_completion,0,0,0,0,1,0,1,0,0,0,0,2,0,0,0,0,4,0.009869217057712376,unresolved_interpretation,bf5017f215094bdaa044b8698ad873b57ef4de5b5fed701e6edfccf69076c815,0,0
123,data/scope/Job Postings/scope_hospitals_medicalroles/scope_hospitals_medicalroles.sqlite,Job Postings,scope,0,generated,recovery_completion,1,1,1,0,0,1,0,0,0,0,0,2,0,0,0,0,5,0.002365877036936581,user_answer,fffe1357eee099dfcb6e7d7ef0cd1e2ddb7db5d62b39db4c4387eadacc9643e0,0,0
123,data/scope/Job Postings/scope_hospitals_medicalroles/scope_hospitals_medicalroles.sqlite,Job Postings,scope,0,generated,recovery_completion,2,1,1,0,0,1,0,0,0,0,0,2,0,0,0,0,5,0.002223595976829529,user_answer,a98dad5630eeab2958a98d0f67cca9418413c8cde35228143b9ae27f32bc6304,0,0
123,data/scope/Job Postings/scope_hospitals_medicalroles/scope_hospitals_medicalroles.sqlite,Job Postings,scope,0,generated,recovery_depth2,0,0,0,0,1,0,1,0,0,0,0,2,0,0,0,0,4,0.0019913979340344667,unresolved_interpretation,bf5017f215094bdaa044b8698ad873b57ef4de5b5fed701e6edfccf69076c815,0,0
123,data/scope/Job Postings/scope_hospitals_medicalroles/scope_hospitals_medicalroles.sqlite,Job Postings,scope,0,generated,recovery_depth2,1,1,1,0,0,1,0,0,0,0,0,2,0,0,0,0,5,0.0024985510390251875,user_answer,fffe1357eee099dfcb6e7d7ef0cd1e2ddb7db5d62b39db4c4387eadacc9643e0,0,0
123,data/scope/Job Postings/scope_hospitals_medicalroles/scope_hospitals_medicalroles.sqlite,Job Postings,scope,0,generated,recovery_depth2,2,1,1,0,0,1,0,0,0,0,0,2,0,0,0,0,5,0.00235813797917217,user_answer,a98dad5630eeab2958a98d0f67cca9418413c8cde35228143b9ae27f32bc6304,0,0
123,data/scope/Job Postings/scope_hospitals_medicalroles/scope_hospitals_medicalroles.sqlite,Job Postings,scope,0,generated,verification,0,0,0,0,1,0,1,0,0,0,0,2,0,0,0,0,4,0.0016643860144540668,unresolved_interpretation,bf5017f215094bdaa044b8698ad873b57ef4de5b5fed701e6edfccf69076c815,0,0
123,data/scope/Job Postings/scope_hospitals_medicalroles/scope_hospitals_medicalroles.sqlite,Job Postings,scope,0,generated,verification,1,1,1,0,0,1,0,0,0,0,0,2,0,0,0,0,5,0.0021003480069339275,user_answer,fffe1357eee099dfcb6e7d7ef0cd1e2ddb7db5d62b39db4c4387eadacc9643e0,0,0
123,data/scope/Job Postings/scope_hospitals_medicalroles/scope_hospitals_medicalroles.sqlite,Job Postings,scope,0,generated,verification,2,1,1,0,0,1,0,0,0,0,0,2,0,0,0,0,5,0.002132275956682861,user_answer,a98dad5630eeab2958a98d0f67cca9418413c8cde35228143b9ae27f32bc6304,0,0
123,data/scope/Job Postings/scope_hospitals_medicalroles/scope_hospitals_medicalroles.sqlite,Job Postings,scope,0,generated,full_context,0,0,0,1,0,0,4,0,0,0,0,2,0,0,0,0,4,0.001682937960140407,full_context_proposal,9a86685e5d8eed53bddf32b7ea17ae756535fc5a8af28a991dff5626278fb619,0,0
123,data/scope/Job Postings/scope_hospitals_medicalroles/scope_hospitals_medicalroles.sqlite,Job Postings,scope,0,generated,full_context,1,0,0,1,0,0,4,0,0,0,0,2,0,0,0,0,4,0.0016658289823681116,full_context_proposal,2bded6d43db0b143616d29827857ba283392fc8de942976fb5d6739d31ecbb91,0,0
123,data/scope/Job Postings/scope_hospitals_medicalroles/scope_hospitals_medicalroles.sqlite,Job Postings,scope,0,generated,full_context,2,0,0,1,0,0,4,0,0,0,0,2,0,0,0,0,4,0.0016521250363439322,full_context_proposal,5e923fe0715c791537fd8b78dce1066804cc1b4e41966c82f46326df2c1c3128,0,0
123,data/scope/Job Postings/scope_hospitals_medicalroles/scope_hospitals_medicalroles.sqlite,Job Postings,scope,0,generated,matched_checking,0,0,0,1,0,0,4,0,0,0,0,2,0,0,0,0,4,0.0018187209498137236,execution_vote,c8bbcead32a97cd348b21e3d422f5af8d8d36f1b6a8c435af803392507e200f8,0,0
123,data/scope/Job Postings/scope_hospitals_medicalroles/scope_hospitals_medicalroles.sqlite,Job Postings,scope,0,generated,matched_checking,1,0,0,1,0,0,4,0,0,0,0,2,0,0,0,0,4,0.0017209029756486416,execution_vote,9ce99f29ecd6c35b76ab64e9a3bf32ec6cf485fca758781574fac1060a7785c1,0,0
123,data/scope/Job Postings/scope_hospitals_medicalroles/scope_hospitals_medicalroles.sqlite,Job Postings,scope,0,generated,matched_checking,2,0,0,1,0,0,4,0,0,0,0,2,0,0,0,0,4,0.001807627035304904,execution_vote,96e15b35d40fd33fd22a1f61ba5d10938b6201460e45303674c9f90ee5c8576b,0,0
123,data/scope/Job Postings/scope_hospitals_medicalroles/scope_hospitals_medicalroles.sqlite,Job Postings,scope,0,generated,no_recovery,0,0,0,0,1,0,1,0,0,0,0,2,0,0,0,0,4,0.0016295680543407798,unresolved_interpretation,bf5017f215094bdaa044b8698ad873b57ef4de5b5fed701e6edfccf69076c815,0,0
123,data/scope/Job Postings/scope_hospitals_medicalroles/scope_hospitals_medicalroles.sqlite,Job Postings,scope,0,generated,no_recovery,1,1,1,0,0,1,0,0,0,0,0,2,0,0,0,0,5,0.0021336900535970926,user_answer,fffe1357eee099dfcb6e7d7ef0cd1e2ddb7db5d62b39db4c4387eadacc9643e0,0,0
123,data/scope/Job Postings/scope_hospitals_medicalroles/scope_hospitals_medicalroles.sqlite,Job Postings,scope,0,generated,no_recovery,2,1,1,0,0,1,0,0,0,0,0,2,0,0,0,0,5,0.002188910963013768,user_answer,a98dad5630eeab2958a98d0f67cca9418413c8cde35228143b9ae27f32bc6304,0,0
123,data/scope/Job Postings/scope_hospitals_medicalroles/scope_hospitals_medicalroles.sqlite,Job Postings,scope,0,generated,no_verification,0,0,0,0,1,0,1,0,0,0,0,2,0,0,0,0,4,0.0017662190366536379,unresolved_interpretation,bf5017f215094bdaa044b8698ad873b57ef4de5b5fed701e6edfccf69076c815,0,0
123,data/scope/Job Postings/scope_hospitals_medicalroles/scope_hospitals_medicalroles.sqlite,Job Postings,scope,0,generated,no_verification,1,1,1,0,0,1,0,0,0,0,0,2,0,0,0,0,5,0.00215725798625499,user_answer,fffe1357eee099dfcb6e7d7ef0cd1e2ddb7db5d62b39db4c4387eadacc9643e0,0,0
123,data/scope/Job Postings/scope_hospitals_medicalroles/scope_hospitals_medicalroles.sqlite,Job Postings,scope,0,generated,no_verification,2,1,1,0,0,1,0,0,0,0,0,2,0,0,0,0,5,0.002113141934387386,user_answer,a98dad5630eeab2958a98d0f67cca9418413c8cde35228143b9ae27f32bc6304,0,0
123,data/scope/Job Postings/scope_hospitals_medicalroles/scope_hospitals_medicalroles.sqlite,Job Postings,scope,0,generated,no_coverage_guard,0,0,0,0,1,0,1,0,0,0,0,2,0,0,0,0,4,0.001641380018554628,unresolved_interpretation,bf5017f215094bdaa044b8698ad873b57ef4de5b5fed701e6edfccf69076c815,0,0
123,data/scope/Job Postings/scope_hospitals_medicalroles/scope_hospitals_medicalroles.sqlite,Job Postings,scope,0,generated,no_coverage_guard,1,1,1,0,0,1,0,0,0,0,0,2,0,0,0,0,5,0.0021030729403719306,user_answer,fffe1357eee099dfcb6e7d7ef0cd1e2ddb7db5d62b39db4c4387eadacc9643e0,0,0
123,data/scope/Job Postings/scope_hospitals_medicalroles/scope_hospitals_medicalroles.sqlite,Job Postings,scope,0,generated,no_coverage_guard,2,1,1,0,0,1,0,0,0,0,0,2,0,0,0,0,5,0.002058314043097198,user_answer,a98dad5630eeab2958a98d0f67cca9418413c8cde35228143b9ae27f32bc6304,0,0
123,data/scope/Job Postings/scope_hospitals_medicalroles/scope_hospitals_medicalroles.sqlite,Job Postings,scope,0,generated,no_sharing,0,0,0,0,1,0,1,0,0,0,0,2,0,0,0,0,4,0.0016566039994359016,unresolved_interpretation,bf5017f215094bdaa044b8698ad873b57ef4de5b5fed701e6edfccf69076c815,0,0
123,data/scope/Job Postings/scope_hospitals_medicalroles/scope_hospitals_medicalroles.sqlite,Job Postings,scope,0,generated,no_sharing,1,1,1,0,0,1,0,0,0,0,0,2,0,0,0,0,5,0.00204373593442142,user_answer,fffe1357eee099dfcb6e7d7ef0cd1e2ddb7db5d62b39db4c4387eadacc9643e0,0,0
123,data/scope/Job Postings/scope_hospitals_medicalroles/scope_hospitals_medicalroles.sqlite,Job Postings,scope,0,generated,no_sharing,2,1,1,0,0,1,0,0,0,0,0,2,0,0,0,0,5,0.002088301000185311,user_answer,a98dad5630eeab2958a98d0f67cca9418413c8cde35228143b9ae27f32bc6304,0,0
123,data/scope/Job Postings/scope_hospitals_medicalroles/scope_hospitals_medicalroles.sqlite,Job Postings,scope,0,generated,all_wait,0,0,0,0,1,0,1,0,0,0,0,2,0,0,0,0,4,0.001633574953302741,unresolved_interpretation,bf5017f215094bdaa044b8698ad873b57ef4de5b5fed701e6edfccf69076c815,0,0
123,data/scope/Job Postings/scope_hospitals_medicalroles/scope_hospitals_medicalroles.sqlite,Job Postings,scope,0,generated,all_wait,1,1,1,0,0,1,0,0,0,0,0,2,0,0,0,0,5,0.0021891219075769186,user_answer,fffe1357eee099dfcb6e7d7ef0cd1e2ddb7db5d62b39db4c4387eadacc9643e0,0,0
123,data/scope/Job Postings/scope_hospitals_medicalroles/scope_hospitals_medicalroles.sqlite,Job Postings,scope,0,generated,all_wait,2,1,1,0,0,1,0,0,0,0,0,2,0,0,0,0,5,0.0021386740263551474,user_answer,a98dad5630eeab2958a98d0f67cca9418413c8cde35228143b9ae27f32bc6304,0,0
123,data/scope/Job Postings/scope_hospitals_medicalroles/scope_hospitals_medicalroles.sqlite,Job Postings,scope,0,reference_candidates,recovery_completion,0,0,0,0,1,0,1,0,0,0,2,2,1,0,0,0,4,0.001676216023042798,unresolved_interpretation,b630f2ae119f7052caff9ce7fef5d8bb4cdbd6e73005e4572be3cbb8f632ec7f,0,0
123,data/scope/Job Postings/scope_hospitals_medicalroles/scope_hospitals_medicalroles.sqlite,Job Postings,scope,0,reference_candidates,recovery_completion,1,1,1,0,0,1,0,0,0,0,2,2,1,0,0,0,5,0.0023021940141916275,user_answer,601fde252464e5fe9c667b809193f783f55b1fef2efdf1e323b16b9ec5551df4,0,0
123,data/scope/Job Postings/scope_hospitals_medicalroles/scope_hospitals_medicalroles.sqlite,Job Postings,scope,0,reference_candidates,recovery_completion,2,1,1,0,0,1,0,0,0,0,2,2,1,0,0,0,5,0.002297291997820139,user_answer,3340114d7c1241d65a47a8120adcc63da8305c641521063179ad61bc80a75ddf,0,0
123,data/scope/Job Postings/scope_hospitals_medicalroles/scope_hospitals_medicalroles.sqlite,Job Postings,scope,0,reference_candidates,recovery_depth2,0,0,0,0,1,0,1,0,0,0,2,2,1,0,0,0,4,0.0017074999632313848,unresolved_interpretation,b630f2ae119f7052caff9ce7fef5d8bb4cdbd6e73005e4572be3cbb8f632ec7f,0,0
123,data/scope/Job Postings/scope_hospitals_medicalroles/scope_hospitals_medicalroles.sqlite,Job Postings,scope,0,reference_candidates,recovery_depth2,1,1,1,0,0,1,0,0,0,0,2,2,1,0,0,0,5,0.0022983700037002563,user_answer,601fde252464e5fe9c667b809193f783f55b1fef2efdf1e323b16b9ec5551df4,0,0
123,data/scope/Job Postings/scope_hospitals_medicalroles/scope_hospitals_medicalroles.sqlite,Job Postings,scope,0,reference_candidates,recovery_depth2,2,1,1,0,0,1,0,0,0,0,2,2,1,0,0,0,5,0.002452654065564275,user_answer,3340114d7c1241d65a47a8120adcc63da8305c641521063179ad61bc80a75ddf,0,0
123,data/scope/Job Postings/scope_hospitals_medicalroles/scope_hospitals_medicalroles.sqlite,Job Postings,scope,0,reference_candidates,verification,0,0,0,0,1,0,1,0,0,0,2,2,1,0,0,0,4,0.0020748419919982553,unresolved_interpretation,b630f2ae119f7052caff9ce7fef5d8bb4cdbd6e73005e4572be3cbb8f632ec7f,0,0
123,data/scope/Job Postings/scope_hospitals_medicalroles/scope_hospitals_medicalroles.sqlite,Job Postings,scope,0,reference_candidates,verification,1,1,1,0,0,1,0,0,0,0,2,2,1,0,0,0,5,0.002447984996251762,user_answer,601fde252464e5fe9c667b809193f783f55b1fef2efdf1e323b16b9ec5551df4,0,0
123,data/scope/Job Postings/scope_hospitals_medicalroles/scope_hospitals_medicalroles.sqlite,Job Postings,scope,0,reference_candidates,verification,2,1,1,0,0,1,0,0,0,0,2,2,1,0,0,0,5,0.0021384129067882895,user_answer,3340114d7c1241d65a47a8120adcc63da8305c641521063179ad61bc80a75ddf,0,0
123,data/scope/Job Postings/scope_hospitals_medicalroles/scope_hospitals_medicalroles.sqlite,Job Postings,scope,0,reference_candidates,full_context,0,0,1,0,0,1,0,0,0,0,2,2,1,0,0,0,4,0.0017026109853759408,full_context_proposal,7d3e3e3542c3f1618f11c2b988e3872209a13edb6f0e2a0aeceaa570120e3a3c,0,0
123,data/scope/Job Postings/scope_hospitals_medicalroles/scope_hospitals_medicalroles.sqlite,Job Postings,scope,0,reference_candidates,full_context,1,0,1,0,0,1,0,0,0,0,2,2,1,0,0,0,4,0.0017089779721572995,full_context_proposal,6903eba5f58421851e1c49dda62a99c178cba63127588d144711d4946246bfdf,0,0
123,data/scope/Job Postings/scope_hospitals_medicalroles/scope_hospitals_medicalroles.sqlite,Job Postings,scope,0,reference_candidates,full_context,2,0,1,0,0,1,0,0,0,0,2,2,1,0,0,0,4,0.0017023920081555843,full_context_proposal,4d83b49015e0278378f140275dacc4dc8eceb18e2aee2a8fd558564b227d4aa7,0,0
123,data/scope/Job Postings/scope_hospitals_medicalroles/scope_hospitals_medicalroles.sqlite,Job Postings,scope,0,reference_candidates,matched_checking,0,0,1,0,0,1,0,0,0,0,2,2,1,0,0,0,4,0.0016691300552338362,execution_vote,9727380f0120cb076e9ff7a28d1ead6e6474ef3d25eda0d1cbc79be0b9a2c8cd,0,0
123,data/scope/Job Postings/scope_hospitals_medicalroles/scope_hospitals_medicalroles.sqlite,Job Postings,scope,0,reference_candidates,matched_checking,1,0,1,0,0,1,0,0,0,0,2,2,1,0,0,0,4,0.0017051269533112645,execution_vote,003daa3d0714b47a2dcde07d39db70d1267fd65d9252d895bf77b084d41d1ca8,0,0
123,data/scope/Job Postings/scope_hospitals_medicalroles/scope_hospitals_medicalroles.sqlite,Job Postings,scope,0,reference_candidates,matched_checking,2,0,1,0,0,1,0,0,0,0,2,2,1,0,0,0,4,0.001671395031735301,execution_vote,8717c73525b9d89a358a26773411c6023481df79bd5fd6557669f67033183ac8,0,0
123,data/scope/Job Postings/scope_hospitals_medicalroles/scope_hospitals_medicalroles.sqlite,Job Postings,scope,0,reference_candidates,no_recovery,0,0,0,0,1,0,1,0,0,0,2,2,1,0,0,0,4,0.0017347019165754318,unresolved_interpretation,b630f2ae119f7052caff9ce7fef5d8bb4cdbd6e73005e4572be3cbb8f632ec7f,0,0
123,data/scope/Job Postings/scope_hospitals_medicalroles/scope_hospitals_medicalroles.sqlite,Job Postings,scope,0,reference_candidates,no_recovery,1,1,1,0,0,1,0,0,0,0,2,2,1,0,0,0,5,0.0021924320608377457,user_answer,601fde252464e5fe9c667b809193f783f55b1fef2efdf1e323b16b9ec5551df4,0,0
123,data/scope/Job Postings/scope_hospitals_medicalroles/scope_hospitals_medicalroles.sqlite,Job Postings,scope,0,reference_candidates,no_recovery,2,1,1,0,0,1,0,0,0,0,2,2,1,0,0,0,5,0.0021538579603657126,user_answer,3340114d7c1241d65a47a8120adcc63da8305c641521063179ad61bc80a75ddf,0,0
123,data/scope/Job Postings/scope_hospitals_medicalroles/scope_hospitals_medicalroles.sqlite,Job Postings,scope,0,reference_candidates,no_verification,0,0,0,0,1,0,1,0,0,0,2,2,1,0,0,0,4,0.0016772999661043286,unresolved_interpretation,b630f2ae119f7052caff9ce7fef5d8bb4cdbd6e73005e4572be3cbb8f632ec7f,0,0
123,data/scope/Job Postings/scope_hospitals_medicalroles/scope_hospitals_medicalroles.sqlite,Job Postings,scope,0,reference_candidates,no_verification,1,1,1,0,0,1,0,0,0,0,2,2,1,0,0,0,5,0.003139695036225021,user_answer,601fde252464e5fe9c667b809193f783f55b1fef2efdf1e323b16b9ec5551df4,0,0
123,data/scope/Job Postings/scope_hospitals_medicalroles/scope_hospitals_medicalroles.sqlite,Job Postings,scope,0,reference_candidates,no_verification,2,1,1,0,0,1,0,0,0,0,2,2,1,0,0,0,5,0.0023190309293568134,user_answer,3340114d7c1241d65a47a8120adcc63da8305c641521063179ad61bc80a75ddf,0,0
123,data/scope/Job Postings/scope_hospitals_medicalroles/scope_hospitals_medicalroles.sqlite,Job Postings,scope,0,reference_candidates,no_coverage_guard,0,0,0,0,1,0,1,0,0,0,2,2,1,0,0,0,4,0.0016890380065888166,unresolved_interpretation,b630f2ae119f7052caff9ce7fef5d8bb4cdbd6e73005e4572be3cbb8f632ec7f,0,0
123,data/scope/Job Postings/scope_hospitals_medicalroles/scope_hospitals_medicalroles.sqlite,Job Postings,scope,0,reference_candidates,no_coverage_guard,1,1,1,0,0,1,0,0,0,0,2,2,1,0,0,0,5,0.0021501940209418535,user_answer,601fde252464e5fe9c667b809193f783f55b1fef2efdf1e323b16b9ec5551df4,0,0
123,data/scope/Job Postings/scope_hospitals_medicalroles/scope_hospitals_medicalroles.sqlite,Job Postings,scope,0,reference_candidates,no_coverage_guard,2,1,1,0,0,1,0,0,0,0,2,2,1,0,0,0,5,0.002182904980145395,user_answer,3340114d7c1241d65a47a8120adcc63da8305c641521063179ad61bc80a75ddf,0,0
123,data/scope/Job Postings/scope_hospitals_medicalroles/scope_hospitals_medicalroles.sqlite,Job Postings,scope,0,reference_candidates,no_sharing,0,0,0,0,1,0,1,0,0,0,2,2,1,0,0,0,4,0.0017660079756751657,unresolved_interpretation,b630f2ae119f7052caff9ce7fef5d8bb4cdbd6e73005e4572be3cbb8f632ec7f,0,0
123,data/scope/Job Postings/scope_hospitals_medicalroles/scope_hospitals_medicalroles.sqlite,Job Postings,scope,0,reference_candidates,no_sharing,1,1,1,0,0,1,0,0,0,0,2,2,1,0,0,0,5,0.0021315739722922444,user_answer,601fde252464e5fe9c667b809193f783f55b1fef2efdf1e323b16b9ec5551df4,0,0
123,data/scope/Job Postings/scope_hospitals_medicalroles/scope_hospitals_medicalroles.sqlite,Job Postings,scope,0,reference_candidates,no_sharing,2,1,1,0,0,1,0,0,0,0,2,2,1,0,0,0,5,0.002142842044122517,user_answer,3340114d7c1241d65a47a8120adcc63da8305c641521063179ad61bc80a75ddf,0,0
123,data/scope/Job Postings/scope_hospitals_medicalroles/scope_hospitals_medicalroles.sqlite,Job Postings,scope,0,reference_candidates,all_wait,0,0,0,0,1,0,1,0,0,0,2,2,1,0,0,0,4,0.0016767130000516772,unresolved_interpretation,b630f2ae119f7052caff9ce7fef5d8bb4cdbd6e73005e4572be3cbb8f632ec7f,0,0
123,data/scope/Job Postings/scope_hospitals_medicalroles/scope_hospitals_medicalroles.sqlite,Job Postings,scope,0,reference_candidates,all_wait,1,1,1,0,0,1,0,0,0,0,2,2,1,0,0,0,5,0.0022134550381451845,user_answer,601fde252464e5fe9c667b809193f783f55b1fef2efdf1e323b16b9ec5551df4,0,0
123,data/scope/Job Postings/scope_hospitals_medicalroles/scope_hospitals_medicalroles.sqlite,Job Postings,scope,0,reference_candidates,all_wait,2,1,1,0,0,1,0,0,0,0,2,2,1,0,0,0,5,0.002227477030828595,user_answer,3340114d7c1241d65a47a8120adcc63da8305c641521063179ad61bc80a75ddf,0,0
123,data/scope/Job Postings/scope_hospitals_medicalroles/scope_hospitals_medicalroles.sqlite,Job Postings,scope,0,source_recovery,recovery_completion,0,0,0,1,0,0,4,1,0,0,0,2,0,0,0,0,6,0.002338118036277592,source_recovery,8e662916f87ad66c09e27e8abdaf0127fcee369b9bdd724182948bfce964c9ea,0,0
123,data/scope/Job Postings/scope_hospitals_medicalroles/scope_hospitals_medicalroles.sqlite,Job Postings,scope,0,source_recovery,recovery_completion,1,0,0,1,0,0,4,1,0,0,0,2,0,0,0,0,6,0.002460950054228306,source_recovery,69bcaf3453eab9fd54affd80c5527a08d05b95d3730e1f7a3b067ea9b2f7d7e2,0,0
123,data/scope/Job Postings/scope_hospitals_medicalroles/scope_hospitals_medicalroles.sqlite,Job Postings,scope,0,source_recovery,recovery_completion,2,0,0,1,0,0,4,1,0,0,0,2,0,0,0,0,6,0.002338603022508323,source_recovery,ae6c6728cd58de6549e929ea2af1814511ba16f7d80ea713c556eb5cee948f27,0,0
123,data/scope/Job Postings/scope_hospitals_medicalroles/scope_hospitals_medicalroles.sqlite,Job Postings,scope,0,source_recovery,recovery_depth2,0,0,0,1,0,0,4,1,0,0,0,2,0,0,0,0,6,0.0023807910038158298,source_recovery,8e662916f87ad66c09e27e8abdaf0127fcee369b9bdd724182948bfce964c9ea,0,0
123,data/scope/Job Postings/scope_hospitals_medicalroles/scope_hospitals_medicalroles.sqlite,Job Postings,scope,0,source_recovery,recovery_depth2,1,0,0,1,0,0,4,1,0,0,0,2,0,0,0,0,6,0.0023227749625220895,source_recovery,69bcaf3453eab9fd54affd80c5527a08d05b95d3730e1f7a3b067ea9b2f7d7e2,0,0
123,data/scope/Job Postings/scope_hospitals_medicalroles/scope_hospitals_medicalroles.sqlite,Job Postings,scope,0,source_recovery,recovery_depth2,2,0,0,1,0,0,4,1,0,0,0,2,0,0,0,0,6,0.0023252259707078338,source_recovery,ae6c6728cd58de6549e929ea2af1814511ba16f7d80ea713c556eb5cee948f27,0,0
123,data/scope/Job Postings/scope_hospitals_medicalroles/scope_hospitals_medicalroles.sqlite,Job Postings,scope,0,source_recovery,verification,0,0,0,1,0,0,4,1,0,0,0,2,0,0,0,0,6,0.0025413050316274166,source_recovery,8e662916f87ad66c09e27e8abdaf0127fcee369b9bdd724182948bfce964c9ea,0,0
123,data/scope/Job Postings/scope_hospitals_medicalroles/scope_hospitals_medicalroles.sqlite,Job Postings,scope,0,source_recovery,verification,1,0,0,1,0,0,4,1,0,0,0,2,0,0,0,0,6,0.0023129379842430353,source_recovery,69bcaf3453eab9fd54affd80c5527a08d05b95d3730e1f7a3b067ea9b2f7d7e2,0,0
123,data/scope/Job Postings/scope_hospitals_medicalroles/scope_hospitals_medicalroles.sqlite,Job Postings,scope,0,source_recovery,verification,2,0,0,1,0,0,4,1,0,0,0,2,0,0,0,0,6,0.0023250040831044316,source_recovery,ae6c6728cd58de6549e929ea2af1814511ba16f7d80ea713c556eb5cee948f27,0,0
123,data/scope/Job Postings/scope_hospitals_medicalroles/scope_hospitals_medicalroles.sqlite,Job Postings,scope,0,source_recovery,full_context,0,0,0,1,0,0,4,1,0,0,0,2,0,0,0,0,6,0.0024790590396150947,source_recovery,8e662916f87ad66c09e27e8abdaf0127fcee369b9bdd724182948bfce964c9ea,0,0
123,data/scope/Job Postings/scope_hospitals_medicalroles/scope_hospitals_medicalroles.sqlite,Job Postings,scope,0,source_recovery,full_context,1,0,0,1,0,0,4,1,0,0,0,2,0,0,0,0,6,0.0023206049809232354,source_recovery,69bcaf3453eab9fd54affd80c5527a08d05b95d3730e1f7a3b067ea9b2f7d7e2,0,0
123,data/scope/Job Postings/scope_hospitals_medicalroles/scope_hospitals_medicalroles.sqlite,Job Postings,scope,0,source_recovery,full_context,2,0,0,1,0,0,4,1,0,0,0,2,0,0,0,0,6,0.002424642094410956,source_recovery,ae6c6728cd58de6549e929ea2af1814511ba16f7d80ea713c556eb5cee948f27,0,0
123,data/scope/Job Postings/scope_hospitals_medicalroles/scope_hospitals_medicalroles.sqlite,Job Postings,scope,0,source_recovery,matched_checking,0,0,0,1,0,0,4,1,0,0,0,2,0,0,0,0,6,0.0023628100752830505,source_recovery,8e662916f87ad66c09e27e8abdaf0127fcee369b9bdd724182948bfce964c9ea,0,0
123,data/scope/Job Postings/scope_hospitals_medicalroles/scope_hospitals_medicalroles.sqlite,Job Postings,scope,0,source_recovery,matched_checking,1,0,0,1,0,0,4,1,0,0,0,2,0,0,0,0,6,0.002328015980310738,source_recovery,69bcaf3453eab9fd54affd80c5527a08d05b95d3730e1f7a3b067ea9b2f7d7e2,0,0
123,data/scope/Job Postings/scope_hospitals_medicalroles/scope_hospitals_medicalroles.sqlite,Job Postings,scope,0,source_recovery,matched_checking,2,0,0,1,0,0,4,1,0,0,0,2,0,0,0,0,6,0.002322957036085427,source_recovery,ae6c6728cd58de6549e929ea2af1814511ba16f7d80ea713c556eb5cee948f27,0,0
123,data/scope/Job Postings/scope_hospitals_medicalroles/scope_hospitals_medicalroles.sqlite,Job Postings,scope,0,source_recovery,no_recovery,0,0,0,0,1,0,1,0,0,0,0,2,0,0,0,0,6,0.00236077094450593,unresolved_interpretation,0e3da27559042cf821f2ba1bf72ece738b9753d45125ac94c8d6b9f8a8f2d9b3,0,0
123,data/scope/Job Postings/scope_hospitals_medicalroles/scope_hospitals_medicalroles.sqlite,Job Postings,scope,0,source_recovery,no_recovery,1,1,1,0,0,1,0,0,0,0,0,2,0,0,0,0,7,0.002776107983663678,user_answer,6eef6e814a814cd3bd12bde95479111ab0f52a38ccc13f1fb955cd97d2f53bfd,0,0
123,data/scope/Job Postings/scope_hospitals_medicalroles/scope_hospitals_medicalroles.sqlite,Job Postings,scope,0,source_recovery,no_recovery,2,1,1,0,0,1,0,0,0,0,0,2,0,0,0,0,7,0.0029171740170568228,user_answer,30ce6bc2c9bd9768f7bd5dbac3cbf81247f7e03d8816648e7e00cb69df75802c,0,0
123,data/scope/Job Postings/scope_hospitals_medicalroles/scope_hospitals_medicalroles.sqlite,Job Postings,scope,0,source_recovery,no_verification,0,0,0,1,0,0,4,1,0,0,0,2,0,0,0,0,6,0.0023912189062684774,source_recovery,8e662916f87ad66c09e27e8abdaf0127fcee369b9bdd724182948bfce964c9ea,0,0
123,data/scope/Job Postings/scope_hospitals_medicalroles/scope_hospitals_medicalroles.sqlite,Job Postings,scope,0,source_recovery,no_verification,1,0,0,1,0,0,4,1,0,0,0,2,0,0,0,0,6,0.002349416958168149,source_recovery,69bcaf3453eab9fd54affd80c5527a08d05b95d3730e1f7a3b067ea9b2f7d7e2,0,0
123,data/scope/Job Postings/scope_hospitals_medicalroles/scope_hospitals_medicalroles.sqlite,Job Postings,scope,0,source_recovery,no_verification,2,0,0,1,0,0,4,1,0,0,0,2,0,0,0,0,6,0.002323235967196524,source_recovery,ae6c6728cd58de6549e929ea2af1814511ba16f7d80ea713c556eb5cee948f27,0,0
123,data/scope/Job Postings/scope_hospitals_medicalroles/scope_hospitals_medicalroles.sqlite,Job Postings,scope,0,source_recovery,no_coverage_guard,0,0,0,1,0,0,4,1,0,0,0,2,0,0,0,0,6,0.002360436017625034,source_recovery,8e662916f87ad66c09e27e8abdaf0127fcee369b9bdd724182948bfce964c9ea,0,0
123,data/scope/Job Postings/scope_hospitals_medicalroles/scope_hospitals_medicalroles.sqlite,Job Postings,scope,0,source_recovery,no_coverage_guard,1,0,0,1,0,0,4,1,0,0,0,2,0,0,0,0,6,0.0023908219300210476,source_recovery,69bcaf3453eab9fd54affd80c5527a08d05b95d3730e1f7a3b067ea9b2f7d7e2,0,0
123,data/scope/Job Postings/scope_hospitals_medicalroles/scope_hospitals_medicalroles.sqlite,Job Postings,scope,0,source_recovery,no_coverage_guard,2,0,0,1,0,0,4,1,0,0,0,2,0,0,0,0,6,0.0023188430350273848,source_recovery,ae6c6728cd58de6549e929ea2af1814511ba16f7d80ea713c556eb5cee948f27,0,0
123,data/scope/Job Postings/scope_hospitals_medicalroles/scope_hospitals_medicalroles.sqlite,Job Postings,scope,0,source_recovery,no_sharing,0,0,0,1,0,0,4,1,0,0,0,2,0,0,0,0,6,0.00238271604757756,source_recovery,8e662916f87ad66c09e27e8abdaf0127fcee369b9bdd724182948bfce964c9ea,0,0
123,data/scope/Job Postings/scope_hospitals_medicalroles/scope_hospitals_medicalroles.sqlite,Job Postings,scope,0,source_recovery,no_sharing,1,0,0,1,0,0,4,1,0,0,0,2,0,0,0,0,6,0.0023648160276934505,source_recovery,69bcaf3453eab9fd54affd80c5527a08d05b95d3730e1f7a3b067ea9b2f7d7e2,0,0
123,data/scope/Job Postings/scope_hospitals_medicalroles/scope_hospitals_medicalroles.sqlite,Job Postings,scope,0,source_recovery,no_sharing,2,0,0,1,0,0,4,1,0,0,0,2,0,0,0,0,6,0.0023242559982463717,source_recovery,ae6c6728cd58de6549e929ea2af1814511ba16f7d80ea713c556eb5cee948f27,0,0
123,data/scope/Job Postings/scope_hospitals_medicalroles/scope_hospitals_medicalroles.sqlite,Job Postings,scope,0,source_recovery,all_wait,0,0,0,1,0,0,4,1,0,0,0,2,0,0,0,0,6,0.0024344889679923654,source_recovery,8e662916f87ad66c09e27e8abdaf0127fcee369b9bdd724182948bfce964c9ea,0,0
123,data/scope/Job Postings/scope_hospitals_medicalroles/scope_hospitals_medicalroles.sqlite,Job Postings,scope,0,source_recovery,all_wait,1,0,0,1,0,0,4,1,0,0,0,2,0,0,0,0,6,0.0024326900020241737,source_recovery,69bcaf3453eab9fd54affd80c5527a08d05b95d3730e1f7a3b067ea9b2f7d7e2,0,0
123,data/scope/Job Postings/scope_hospitals_medicalroles/scope_hospitals_medicalroles.sqlite,Job Postings,scope,0,source_recovery,all_wait,2,0,0,1,0,0,4,1,0,0,0,2,0,0,0,0,6,0.002329917042516172,source_recovery,ae6c6728cd58de6549e929ea2af1814511ba16f7d80ea713c556eb5cee948f27,0,0
109,data/scope/Job Postings/scope_it_support_specialists_systems/scope_it_support_specialists_systems.sqlite,Job Postings,scope,0,generated,recovery_completion,0,0,0,0,1,0,1,0,0,0,1,2,0,0,0,0,4,0.0018150799442082644,unresolved_interpretation,4e51cb203fd4df554cd53ce52afbf67ac8e9507b060464fc7c49ebb52e83ce06,0,0
109,data/scope/Job Postings/scope_it_support_specialists_systems/scope_it_support_specialists_systems.sqlite,Job Postings,scope,0,generated,recovery_completion,1,1,1,0,0,1,0,0,0,0,1,2,0,0,0,0,5,0.0024635009467601776,user_answer,25273e5f3c4093f4b70956038aa7fd7264882e035367a00edf37e5e0d3da982b,0,0
109,data/scope/Job Postings/scope_it_support_specialists_systems/scope_it_support_specialists_systems.sqlite,Job Postings,scope,0,generated,recovery_completion,2,1,1,0,0,1,0,0,0,0,1,2,0,0,0,0,5,0.002380570978857577,user_answer,f439d9cb76f991565238b8154cf1ab6d48b69170c735248eba3456bd268efffc,0,0
109,data/scope/Job Postings/scope_it_support_specialists_systems/scope_it_support_specialists_systems.sqlite,Job Postings,scope,0,generated,recovery_depth2,0,0,0,0,1,0,1,0,0,0,1,2,0,0,0,0,4,0.001804462051950395,unresolved_interpretation,4e51cb203fd4df554cd53ce52afbf67ac8e9507b060464fc7c49ebb52e83ce06,0,0
109,data/scope/Job Postings/scope_it_support_specialists_systems/scope_it_support_specialists_systems.sqlite,Job Postings,scope,0,generated,recovery_depth2,1,1,1,0,0,1,0,0,0,0,1,2,0,0,0,0,5,0.002403607009910047,user_answer,25273e5f3c4093f4b70956038aa7fd7264882e035367a00edf37e5e0d3da982b,0,0
109,data/scope/Job Postings/scope_it_support_specialists_systems/scope_it_support_specialists_systems.sqlite,Job Postings,scope,0,generated,recovery_depth2,2,1,1,0,0,1,0,0,0,0,1,2,0,0,0,0,5,0.002428215928375721,user_answer,f439d9cb76f991565238b8154cf1ab6d48b69170c735248eba3456bd268efffc,0,0
109,data/scope/Job Postings/scope_it_support_specialists_systems/scope_it_support_specialists_systems.sqlite,Job Postings,scope,0,generated,verification,0,0,0,0,1,0,1,0,0,0,1,2,0,0,0,0,4,0.0018564729252830148,unresolved_interpretation,4e51cb203fd4df554cd53ce52afbf67ac8e9507b060464fc7c49ebb52e83ce06,0,0
109,data/scope/Job Postings/scope_it_support_specialists_systems/scope_it_support_specialists_systems.sqlite,Job Postings,scope,0,generated,verification,1,1,1,0,0,1,0,0,0,0,1,2,0,0,0,0,5,0.002261994988657534,user_answer,25273e5f3c4093f4b70956038aa7fd7264882e035367a00edf37e5e0d3da982b,0,0
109,data/scope/Job Postings/scope_it_support_specialists_systems/scope_it_support_specialists_systems.sqlite,Job Postings,scope,0,generated,verification,2,1,1,0,0,1,0,0,0,0,1,2,0,0,0,0,5,0.00228017196059227,user_answer,f439d9cb76f991565238b8154cf1ab6d48b69170c735248eba3456bd268efffc,0,0
109,data/scope/Job Postings/scope_it_support_specialists_systems/scope_it_support_specialists_systems.sqlite,Job Postings,scope,0,generated,full_context,0,0,0,1,0,0,4,0,0,0,1,2,0,0,0,0,4,0.001794695039279759,full_context_proposal,0e1c43255e34e47a50a8e4578591adef7274a6db51cf700112fea380177b5ad3,0,0
109,data/scope/Job Postings/scope_it_support_specialists_systems/scope_it_support_specialists_systems.sqlite,Job Postings,scope,0,generated,full_context,1,0,0,1,0,0,4,0,0,0,1,2,0,0,0,0,4,0.0018096499843522906,full_context_proposal,e43ab952724a8f35c8bef69162d144942fffbac55af198c2f66b9db9e9f8d4a5,0,0
109,data/scope/Job Postings/scope_it_support_specialists_systems/scope_it_support_specialists_systems.sqlite,Job Postings,scope,0,generated,full_context,2,0,0,1,0,0,4,0,0,0,1,2,0,0,0,0,4,0.0018030779901891947,full_context_proposal,cee14dd39ca6a2d3c1c128f57951b4cb5f29db1723440f7780e20944ea9e5b4b,0,0
109,data/scope/Job Postings/scope_it_support_specialists_systems/scope_it_support_specialists_systems.sqlite,Job Postings,scope,0,generated,matched_checking,0,0,0,1,0,0,4,0,0,0,1,2,0,0,0,0,4,0.0018390580080449581,execution_vote,f2713847c7ac6c89814d67dcf565ea1c125c7c9d37c68268bacb6ec5c6eaabc5,0,0
109,data/scope/Job Postings/scope_it_support_specialists_systems/scope_it_support_specialists_systems.sqlite,Job Postings,scope,0,generated,matched_checking,1,0,0,1,0,0,4,0,0,0,1,2,0,0,0,0,4,0.0018373269122093916,execution_vote,a77d89ab7eb473806f3432216d4c7fe36fa689da37d8f33add23acb3629d07db,0,0
109,data/scope/Job Postings/scope_it_support_specialists_systems/scope_it_support_specialists_systems.sqlite,Job Postings,scope,0,generated,matched_checking,2,0,0,1,0,0,4,0,0,0,1,2,0,0,0,0,4,0.0018520400626584888,execution_vote,3dae6fa83b540abac0f759002cdec6f01274f3eb64fc39aa038f0c8012ac5aca,0,0
109,data/scope/Job Postings/scope_it_support_specialists_systems/scope_it_support_specialists_systems.sqlite,Job Postings,scope,0,generated,no_recovery,0,0,0,0,1,0,1,0,0,0,1,2,0,0,0,0,4,0.0018026769394055009,unresolved_interpretation,4e51cb203fd4df554cd53ce52afbf67ac8e9507b060464fc7c49ebb52e83ce06,0,0
109,data/scope/Job Postings/scope_it_support_specialists_systems/scope_it_support_specialists_systems.sqlite,Job Postings,scope,0,generated,no_recovery,1,1,1,0,0,1,0,0,0,0,1,2,0,0,0,0,5,0.0022697598906233907,user_answer,25273e5f3c4093f4b70956038aa7fd7264882e035367a00edf37e5e0d3da982b,0,0
109,data/scope/Job Postings/scope_it_support_specialists_systems/scope_it_support_specialists_systems.sqlite,Job Postings,scope,0,generated,no_recovery,2,1,1,0,0,1,0,0,0,0,1,2,0,0,0,0,5,0.0022502089850604534,user_answer,f439d9cb76f991565238b8154cf1ab6d48b69170c735248eba3456bd268efffc,0,0
109,data/scope/Job Postings/scope_it_support_specialists_systems/scope_it_support_specialists_systems.sqlite,Job Postings,scope,0,generated,no_verification,0,0,0,0,1,0,1,0,0,0,1,2,0,0,0,0,4,0.0018147159134969115,unresolved_interpretation,4e51cb203fd4df554cd53ce52afbf67ac8e9507b060464fc7c49ebb52e83ce06,0,0
109,data/scope/Job Postings/scope_it_support_specialists_systems/scope_it_support_specialists_systems.sqlite,Job Postings,scope,0,generated,no_verification,1,1,1,0,0,1,0,0,0,0,1,2,0,0,0,0,5,0.0022633130429312587,user_answer,25273e5f3c4093f4b70956038aa7fd7264882e035367a00edf37e5e0d3da982b,0,0
109,data/scope/Job Postings/scope_it_support_specialists_systems/scope_it_support_specialists_systems.sqlite,Job Postings,scope,0,generated,no_verification,2,1,1,0,0,1,0,0,0,0,1,2,0,0,0,0,5,0.0026354489382356405,user_answer,f439d9cb76f991565238b8154cf1ab6d48b69170c735248eba3456bd268efffc,0,0
109,data/scope/Job Postings/scope_it_support_specialists_systems/scope_it_support_specialists_systems.sqlite,Job Postings,scope,0,generated,no_coverage_guard,0,0,0,0,1,0,1,0,0,0,1,2,0,0,0,0,4,0.0018548459047451615,unresolved_interpretation,4e51cb203fd4df554cd53ce52afbf67ac8e9507b060464fc7c49ebb52e83ce06,0,0
109,data/scope/Job Postings/scope_it_support_specialists_systems/scope_it_support_specialists_systems.sqlite,Job Postings,scope,0,generated,no_coverage_guard,1,1,1,0,0,1,0,0,0,0,1,2,0,0,0,0,5,0.0023444590624421835,user_answer,25273e5f3c4093f4b70956038aa7fd7264882e035367a00edf37e5e0d3da982b,0,0
109,data/scope/Job Postings/scope_it_support_specialists_systems/scope_it_support_specialists_systems.sqlite,Job Postings,scope,0,generated,no_coverage_guard,2,1,1,0,0,1,0,0,0,0,1,2,0,0,0,0,5,0.0022944840602576733,user_answer,f439d9cb76f991565238b8154cf1ab6d48b69170c735248eba3456bd268efffc,0,0
109,data/scope/Job Postings/scope_it_support_specialists_systems/scope_it_support_specialists_systems.sqlite,Job Postings,scope,0,generated,no_sharing,0,0,0,0,1,0,1,0,0,0,1,2,0,0,0,0,4,0.0019173959735780954,unresolved_interpretation,4e51cb203fd4df554cd53ce52afbf67ac8e9507b060464fc7c49ebb52e83ce06,0,0
109,data/scope/Job Postings/scope_it_support_specialists_systems/scope_it_support_specialists_systems.sqlite,Job Postings,scope,0,generated,no_sharing,1,1,1,0,0,1,0,0,0,0,1,2,0,0,0,0,5,0.002354143070988357,user_answer,25273e5f3c4093f4b70956038aa7fd7264882e035367a00edf37e5e0d3da982b,0,0
109,data/scope/Job Postings/scope_it_support_specialists_systems/scope_it_support_specialists_systems.sqlite,Job Postings,scope,0,generated,no_sharing,2,1,1,0,0,1,0,0,0,0,1,2,0,0,0,0,5,0.0022358170244842768,user_answer,f439d9cb76f991565238b8154cf1ab6d48b69170c735248eba3456bd268efffc,0,0
109,data/scope/Job Postings/scope_it_support_specialists_systems/scope_it_support_specialists_systems.sqlite,Job Postings,scope,0,generated,all_wait,0,0,0,0,1,0,1,0,0,0,1,2,0,0,0,0,4,0.001777239958755672,unresolved_interpretation,4e51cb203fd4df554cd53ce52afbf67ac8e9507b060464fc7c49ebb52e83ce06,0,0
109,data/scope/Job Postings/scope_it_support_specialists_systems/scope_it_support_specialists_systems.sqlite,Job Postings,scope,0,generated,all_wait,1,1,1,0,0,1,0,0,0,0,1,2,0,0,0,0,5,0.002284634974785149,user_answer,25273e5f3c4093f4b70956038aa7fd7264882e035367a00edf37e5e0d3da982b,0,0
109,data/scope/Job Postings/scope_it_support_specialists_systems/scope_it_support_specialists_systems.sqlite,Job Postings,scope,0,generated,all_wait,2,1,1,0,0,1,0,0,0,0,1,2,0,0,0,0,5,0.002277393010444939,user_answer,f439d9cb76f991565238b8154cf1ab6d48b69170c735248eba3456bd268efffc,0,0
109,data/scope/Job Postings/scope_it_support_specialists_systems/scope_it_support_specialists_systems.sqlite,Job Postings,scope,0,reference_candidates,recovery_completion,0,0,0,0,1,0,1,0,0,0,2,2,1,0,0,0,4,0.002036050078459084,unresolved_interpretation,9aa80093575d0b81da3e98010986845667923bf33f4dc6f4775f31ef6a8eb9d1,0,0
109,data/scope/Job Postings/scope_it_support_specialists_systems/scope_it_support_specialists_systems.sqlite,Job Postings,scope,0,reference_candidates,recovery_completion,1,1,1,0,0,1,0,0,0,0,2,2,1,0,0,0,5,0.002445676946081221,user_answer,f035cbc8cb2332b7751dd0c2f12c73ab86321f7ce3793ac54e74c336f9e81fcb,0,0
109,data/scope/Job Postings/scope_it_support_specialists_systems/scope_it_support_specialists_systems.sqlite,Job Postings,scope,0,reference_candidates,recovery_completion,2,1,1,0,0,1,0,0,0,0,2,2,1,0,0,0,5,0.0023526169825345278,user_answer,de3fff9a29a8bb907e1bd2b3f157764a052b69a0f698f497b7e2ad1be3d15b90,0,0
109,data/scope/Job Postings/scope_it_support_specialists_systems/scope_it_support_specialists_systems.sqlite,Job Postings,scope,0,reference_candidates,recovery_depth2,0,0,0,0,1,0,1,0,0,0,2,2,1,0,0,0,4,0.0017458400689065456,unresolved_interpretation,9aa80093575d0b81da3e98010986845667923bf33f4dc6f4775f31ef6a8eb9d1,0,0
109,data/scope/Job Postings/scope_it_support_specialists_systems/scope_it_support_specialists_systems.sqlite,Job Postings,scope,0,reference_candidates,recovery_depth2,1,1,1,0,0,1,0,0,0,0,2,2,1,0,0,0,5,0.0025108190020546317,user_answer,f035cbc8cb2332b7751dd0c2f12c73ab86321f7ce3793ac54e74c336f9e81fcb,0,0
109,data/scope/Job Postings/scope_it_support_specialists_systems/scope_it_support_specialists_systems.sqlite,Job Postings,scope,0,reference_candidates,recovery_depth2,2,1,1,0,0,1,0,0,0,0,2,2,1,0,0,0,5,0.0024029529886320233,user_answer,de3fff9a29a8bb907e1bd2b3f157764a052b69a0f698f497b7e2ad1be3d15b90,0,0
109,data/scope/Job Postings/scope_it_support_specialists_systems/scope_it_support_specialists_systems.sqlite,Job Postings,scope,0,reference_candidates,verification,0,0,0,0,1,0,1,0,0,0,2,2,1,0,0,0,4,0.0018252379959449172,unresolved_interpretation,9aa80093575d0b81da3e98010986845667923bf33f4dc6f4775f31ef6a8eb9d1,0,0
109,data/scope/Job Postings/scope_it_support_specialists_systems/scope_it_support_specialists_systems.sqlite,Job Postings,scope,0,reference_candidates,verification,1,1,1,0,0,1,0,0,0,0,2,2,1,0,0,0,5,0.0026174720842391253,user_answer,f035cbc8cb2332b7751dd0c2f12c73ab86321f7ce3793ac54e74c336f9e81fcb,0,0
109,data/scope/Job Postings/scope_it_support_specialists_systems/scope_it_support_specialists_systems.sqlite,Job Postings,scope,0,reference_candidates,verification,2,1,1,0,0,1,0,0,0,0,2,2,1,0,0,0,5,0.0024358819937333465,user_answer,de3fff9a29a8bb907e1bd2b3f157764a052b69a0f698f497b7e2ad1be3d15b90,0,0
109,data/scope/Job Postings/scope_it_support_specialists_systems/scope_it_support_specialists_systems.sqlite,Job Postings,scope,0,reference_candidates,full_context,0,0,1,0,0,1,0,0,0,0,2,2,1,0,0,0,4,0.0018092329846695065,full_context_proposal,5184e132791ba567f1570c5c47225fef7b1ff4a4566b6015c801f9a2f8365c75,0,0
109,data/scope/Job Postings/scope_it_support_specialists_systems/scope_it_support_specialists_systems.sqlite,Job Postings,scope,0,reference_candidates,full_context,1,0,1,0,0,1,0,0,0,0,2,2,1,0,0,0,4,0.001757133984938264,full_context_proposal,cd9d098cc36eb13e2c030cdaa16c6f99cf9c465da484a672d782c7009fe65834,0,0
109,data/scope/Job Postings/scope_it_support_specialists_systems/scope_it_support_specialists_systems.sqlite,Job Postings,scope,0,reference_candidates,full_context,2,0,1,0,0,1,0,0,0,0,2,2,1,0,0,0,4,0.0017519320826977491,full_context_proposal,b02c94a062fc0be00ce1b94976ac5d57568872cc8f21196adc17747308200b31,0,0
109,data/scope/Job Postings/scope_it_support_specialists_systems/scope_it_support_specialists_systems.sqlite,Job Postings,scope,0,reference_candidates,matched_checking,0,0,1,0,0,1,0,0,0,0,2,2,1,0,0,0,4,0.00175492896232754,execution_vote,dc4330b4fd4886f42fdfdc5d2f3b6ead2da5734cebd1f6cd8920f8d341f53ef7,0,0
109,data/scope/Job Postings/scope_it_support_specialists_systems/scope_it_support_specialists_systems.sqlite,Job Postings,scope,0,reference_candidates,matched_checking,1,0,1,0,0,1,0,0,0,0,2,2,1,0,0,0,4,0.0017950880574062467,execution_vote,d7e79bebbd2c0f9cafd4321343d66f791f3c6def7c24f792889686aa9b735aab,0,0
109,data/scope/Job Postings/scope_it_support_specialists_systems/scope_it_support_specialists_systems.sqlite,Job Postings,scope,0,reference_candidates,matched_checking,2,0,1,0,0,1,0,0,0,0,2,2,1,0,0,0,4,0.0019259699620306492,execution_vote,2b68b4d9459278f6cd0714fd8a3499741783c95c864f056a49787291373d6897,0,0
109,data/scope/Job Postings/scope_it_support_specialists_systems/scope_it_support_specialists_systems.sqlite,Job Postings,scope,0,reference_candidates,no_recovery,0,0,0,0,1,0,1,0,0,0,2,2,1,0,0,0,4,0.0017454240005463362,unresolved_interpretation,9aa80093575d0b81da3e98010986845667923bf33f4dc6f4775f31ef6a8eb9d1,0,0
109,data/scope/Job Postings/scope_it_support_specialists_systems/scope_it_support_specialists_systems.sqlite,Job Postings,scope,0,reference_candidates,no_recovery,1,1,1,0,0,1,0,0,0,0,2,2,1,0,0,0,5,0.002222976996563375,user_answer,f035cbc8cb2332b7751dd0c2f12c73ab86321f7ce3793ac54e74c336f9e81fcb,0,0
109,data/scope/Job Postings/scope_it_support_specialists_systems/scope_it_support_specialists_systems.sqlite,Job Postings,scope,0,reference_candidates,no_recovery,2,1,1,0,0,1,0,0,0,0,2,2,1,0,0,0,5,0.0022701690904796124,user_answer,de3fff9a29a8bb907e1bd2b3f157764a052b69a0f698f497b7e2ad1be3d15b90,0,0
109,data/scope/Job Postings/scope_it_support_specialists_systems/scope_it_support_specialists_systems.sqlite,Job Postings,scope,0,reference_candidates,no_verification,0,0,0,0,1,0,1,0,0,0,2,2,1,0,0,0,4,0.0019023671047762036,unresolved_interpretation,9aa80093575d0b81da3e98010986845667923bf33f4dc6f4775f31ef6a8eb9d1,0,0
109,data/scope/Job Postings/scope_it_support_specialists_systems/scope_it_support_specialists_systems.sqlite,Job Postings,scope,0,reference_candidates,no_verification,1,1,1,0,0,1,0,0,0,0,2,2,1,0,0,0,5,0.0023253370309248567,user_answer,f035cbc8cb2332b7751dd0c2f12c73ab86321f7ce3793ac54e74c336f9e81fcb,0,0
109,data/scope/Job Postings/scope_it_support_specialists_systems/scope_it_support_specialists_systems.sqlite,Job Postings,scope,0,reference_candidates,no_verification,2,1,1,0,0,1,0,0,0,0,2,2,1,0,0,0,5,0.0022716749226674438,user_answer,de3fff9a29a8bb907e1bd2b3f157764a052b69a0f698f497b7e2ad1be3d15b90,0,0
109,data/scope/Job Postings/scope_it_support_specialists_systems/scope_it_support_specialists_systems.sqlite,Job Postings,scope,0,reference_candidates,no_coverage_guard,0,0,0,0,1,0,1,0,0,0,2,2,1,0,0,0,4,0.001771420007571578,unresolved_interpretation,9aa80093575d0b81da3e98010986845667923bf33f4dc6f4775f31ef6a8eb9d1,0,0
109,data/scope/Job Postings/scope_it_support_specialists_systems/scope_it_support_specialists_systems.sqlite,Job Postings,scope,0,reference_candidates,no_coverage_guard,1,1,1,0,0,1,0,0,0,0,2,2,1,0,0,0,5,0.0022541480138897896,user_answer,f035cbc8cb2332b7751dd0c2f12c73ab86321f7ce3793ac54e74c336f9e81fcb,0,0
109,data/scope/Job Postings/scope_it_support_specialists_systems/scope_it_support_specialists_systems.sqlite,Job Postings,scope,0,reference_candidates,no_coverage_guard,2,1,1,0,0,1,0,0,0,0,2,2,1,0,0,0,5,0.002284686081111431,user_answer,de3fff9a29a8bb907e1bd2b3f157764a052b69a0f698f497b7e2ad1be3d15b90,0,0
109,data/scope/Job Postings/scope_it_support_specialists_systems/scope_it_support_specialists_systems.sqlite,Job Postings,scope,0,reference_candidates,no_sharing,0,0,0,0,1,0,1,0,0,0,2,2,1,0,0,0,4,0.0017660550074651837,unresolved_interpretation,9aa80093575d0b81da3e98010986845667923bf33f4dc6f4775f31ef6a8eb9d1,0,0
109,data/scope/Job Postings/scope_it_support_specialists_systems/scope_it_support_specialists_systems.sqlite,Job Postings,scope,0,reference_candidates,no_sharing,1,1,1,0,0,1,0,0,0,0,2,2,1,0,0,0,5,0.002342958003282547,user_answer,f035cbc8cb2332b7751dd0c2f12c73ab86321f7ce3793ac54e74c336f9e81fcb,0,0
109,data/scope/Job Postings/scope_it_support_specialists_systems/scope_it_support_specialists_systems.sqlite,Job Postings,scope,0,reference_candidates,no_sharing,2,1,1,0,0,1,0,0,0,0,2,2,1,0,0,0,5,0.0022355219116434455,user_answer,de3fff9a29a8bb907e1bd2b3f157764a052b69a0f698f497b7e2ad1be3d15b90,0,0
109,data/scope/Job Postings/scope_it_support_specialists_systems/scope_it_support_specialists_systems.sqlite,Job Postings,scope,0,reference_candidates,all_wait,0,0,0,0,1,0,1,0,0,0,2,2,1,0,0,0,4,0.0017516230000182986,unresolved_interpretation,9aa80093575d0b81da3e98010986845667923bf33f4dc6f4775f31ef6a8eb9d1,0,0
109,data/scope/Job Postings/scope_it_support_specialists_systems/scope_it_support_specialists_systems.sqlite,Job Postings,scope,0,reference_candidates,all_wait,1,1,1,0,0,1,0,0,0,0,2,2,1,0,0,0,5,0.002232472994364798,user_answer,f035cbc8cb2332b7751dd0c2f12c73ab86321f7ce3793ac54e74c336f9e81fcb,0,0
109,data/scope/Job Postings/scope_it_support_specialists_systems/scope_it_support_specialists_systems.sqlite,Job Postings,scope,0,reference_candidates,all_wait,2,1,1,0,0,1,0,0,0,0,2,2,1,0,0,0,5,0.002345738001167774,user_answer,de3fff9a29a8bb907e1bd2b3f157764a052b69a0f698f497b7e2ad1be3d15b90,0,0
109,data/scope/Job Postings/scope_it_support_specialists_systems/scope_it_support_specialists_systems.sqlite,Job Postings,scope,0,source_recovery,recovery_completion,0,0,1,0,0,1,0,1,0,0,1,2,1,0,0,0,6,0.002546560950577259,source_recovery,641d9e822db6ba68f9f7780f9ca0452d02de1ba4c2749245cabe4d295f8707d0,0,0
109,data/scope/Job Postings/scope_it_support_specialists_systems/scope_it_support_specialists_systems.sqlite,Job Postings,scope,0,source_recovery,recovery_completion,1,0,1,0,0,1,0,1,0,0,1,2,1,0,0,0,6,0.002529049990698695,source_recovery,81ab971e833a48451b393c5acf71453775bb8983c46bcfb30a949812b8b66de5,0,0
109,data/scope/Job Postings/scope_it_support_specialists_systems/scope_it_support_specialists_systems.sqlite,Job Postings,scope,0,source_recovery,recovery_completion,2,0,1,0,0,1,0,1,0,0,1,2,1,0,0,0,6,0.0026287740329280496,source_recovery,3fbeac6656d319cca7cd5c8a703162850152e10314f1938d492389324795729f,0,0
109,data/scope/Job Postings/scope_it_support_specialists_systems/scope_it_support_specialists_systems.sqlite,Job Postings,scope,0,source_recovery,recovery_depth2,0,0,1,0,0,1,0,1,0,0,1,2,1,0,0,0,6,0.002587512950412929,source_recovery,641d9e822db6ba68f9f7780f9ca0452d02de1ba4c2749245cabe4d295f8707d0,0,0
109,data/scope/Job Postings/scope_it_support_specialists_systems/scope_it_support_specialists_systems.sqlite,Job Postings,scope,0,source_recovery,recovery_depth2,1,0,1,0,0,1,0,1,0,0,1,2,1,0,0,0,6,0.0025002940092235804,source_recovery,81ab971e833a48451b393c5acf71453775bb8983c46bcfb30a949812b8b66de5,0,0
109,data/scope/Job Postings/scope_it_support_specialists_systems/scope_it_support_specialists_systems.sqlite,Job Postings,scope,0,source_recovery,recovery_depth2,2,0,1,0,0,1,0,1,0,0,1,2,1,0,0,0,6,0.0024784168926998973,source_recovery,3fbeac6656d319cca7cd5c8a703162850152e10314f1938d492389324795729f,0,0
109,data/scope/Job Postings/scope_it_support_specialists_systems/scope_it_support_specialists_systems.sqlite,Job Postings,scope,0,source_recovery,verification,0,0,1,0,0,1,0,1,0,0,1,2,1,0,0,0,6,0.0024991079699248075,source_recovery,641d9e822db6ba68f9f7780f9ca0452d02de1ba4c2749245cabe4d295f8707d0,0,0
109,data/scope/Job Postings/scope_it_support_specialists_systems/scope_it_support_specialists_systems.sqlite,Job Postings,scope,0,source_recovery,verification,1,0,1,0,0,1,0,1,0,0,1,2,1,0,0,0,6,0.0026140640256926417,source_recovery,81ab971e833a48451b393c5acf71453775bb8983c46bcfb30a949812b8b66de5,0,0
109,data/scope/Job Postings/scope_it_support_specialists_systems/scope_it_support_specialists_systems.sqlite,Job Postings,scope,0,source_recovery,verification,2,0,1,0,0,1,0,1,0,0,1,2,1,0,0,0,6,0.003992815967649221,source_recovery,3fbeac6656d319cca7cd5c8a703162850152e10314f1938d492389324795729f,0,0
109,data/scope/Job Postings/scope_it_support_specialists_systems/scope_it_support_specialists_systems.sqlite,Job Postings,scope,0,source_recovery,full_context,0,0,1,0,0,1,0,1,0,0,1,2,1,0,0,0,6,0.002633486990816891,source_recovery,641d9e822db6ba68f9f7780f9ca0452d02de1ba4c2749245cabe4d295f8707d0,0,0
109,data/scope/Job Postings/scope_it_support_specialists_systems/scope_it_support_specialists_systems.sqlite,Job Postings,scope,0,source_recovery,full_context,1,0,1,0,0,1,0,1,0,0,1,2,1,0,0,0,6,0.002722583943977952,source_recovery,81ab971e833a48451b393c5acf71453775bb8983c46bcfb30a949812b8b66de5,0,0
109,data/scope/Job Postings/scope_it_support_specialists_systems/scope_it_support_specialists_systems.sqlite,Job Postings,scope,0,source_recovery,full_context,2,0,1,0,0,1,0,1,0,0,1,2,1,0,0,0,6,0.002493437030352652,source_recovery,3fbeac6656d319cca7cd5c8a703162850152e10314f1938d492389324795729f,0,0
109,data/scope/Job Postings/scope_it_support_specialists_systems/scope_it_support_specialists_systems.sqlite,Job Postings,scope,0,source_recovery,matched_checking,0,0,1,0,0,1,0,1,0,0,1,2,1,0,0,0,6,0.0025248019956052303,source_recovery,641d9e822db6ba68f9f7780f9ca0452d02de1ba4c2749245cabe4d295f8707d0,0,0
109,data/scope/Job Postings/scope_it_support_specialists_systems/scope_it_support_specialists_systems.sqlite,Job Postings,scope,0,source_recovery,matched_checking,1,0,1,0,0,1,0,1,0,0,1,2,1,0,0,0,6,0.0028387740021571517,source_recovery,81ab971e833a48451b393c5acf71453775bb8983c46bcfb30a949812b8b66de5,0,0
109,data/scope/Job Postings/scope_it_support_specialists_systems/scope_it_support_specialists_systems.sqlite,Job Postings,scope,0,source_recovery,matched_checking,2,0,1,0,0,1,0,1,0,0,1,2,1,0,0,0,6,0.00273321196436882,source_recovery,3fbeac6656d319cca7cd5c8a703162850152e10314f1938d492389324795729f,0,0
109,data/scope/Job Postings/scope_it_support_specialists_systems/scope_it_support_specialists_systems.sqlite,Job Postings,scope,0,source_recovery,no_recovery,0,0,1,0,0,1,0,0,1,0,1,2,1,0,0,0,6,0.00310741295106709,outcome_agreement,145d85ee7089001769573f9cec1ca8208604ebd93af845a848dee9e0e954f437,0,0
109,data/scope/Job Postings/scope_it_support_specialists_systems/scope_it_support_specialists_systems.sqlite,Job Postings,scope,0,source_recovery,no_recovery,1,0,1,0,0,1,0,0,1,0,1,2,1,0,0,0,6,0.002497126115486026,outcome_agreement,8ca260762df1d73333afdafef374e5065a0855e5d23c831db8a46a6b528c066a,0,0
109,data/scope/Job Postings/scope_it_support_specialists_systems/scope_it_support_specialists_systems.sqlite,Job Postings,scope,0,source_recovery,no_recovery,2,0,1,0,0,1,0,0,1,0,1,2,1,0,0,0,6,0.0024973020190373063,outcome_agreement,e4448270deb4338fa262cd5a84a681ef4a0264ce60f1ba17dfcc23f517df70f3,0,0
109,data/scope/Job Postings/scope_it_support_specialists_systems/scope_it_support_specialists_systems.sqlite,Job Postings,scope,0,source_recovery,no_verification,0,0,1,0,0,1,0,1,0,0,1,2,1,0,0,0,6,0.0025523339863866568,source_recovery,641d9e822db6ba68f9f7780f9ca0452d02de1ba4c2749245cabe4d295f8707d0,0,0
109,data/scope/Job Postings/scope_it_support_specialists_systems/scope_it_support_specialists_systems.sqlite,Job Postings,scope,0,source_recovery,no_verification,1,0,1,0,0,1,0,1,0,0,1,2,1,0,0,0,6,0.002554484992288053,source_recovery,81ab971e833a48451b393c5acf71453775bb8983c46bcfb30a949812b8b66de5,0,0
109,data/scope/Job Postings/scope_it_support_specialists_systems/scope_it_support_specialists_systems.sqlite,Job Postings,scope,0,source_recovery,no_verification,2,0,1,0,0,1,0,1,0,0,1,2,1,0,0,0,6,0.002528583980165422,source_recovery,3fbeac6656d319cca7cd5c8a703162850152e10314f1938d492389324795729f,0,0
109,data/scope/Job Postings/scope_it_support_specialists_systems/scope_it_support_specialists_systems.sqlite,Job Postings,scope,0,source_recovery,no_coverage_guard,0,0,1,0,0,1,0,1,0,0,1,2,1,0,0,0,6,0.0025918440660461783,source_recovery,641d9e822db6ba68f9f7780f9ca0452d02de1ba4c2749245cabe4d295f8707d0,0,0
109,data/scope/Job Postings/scope_it_support_specialists_systems/scope_it_support_specialists_systems.sqlite,Job Postings,scope,0,source_recovery,no_coverage_guard,1,0,1,0,0,1,0,1,0,0,1,2,1,0,0,0,6,0.003828048938885331,source_recovery,81ab971e833a48451b393c5acf71453775bb8983c46bcfb30a949812b8b66de5,0,0
109,data/scope/Job Postings/scope_it_support_specialists_systems/scope_it_support_specialists_systems.sqlite,Job Postings,scope,0,source_recovery,no_coverage_guard,2,0,1,0,0,1,0,1,0,0,1,2,1,0,0,0,6,0.003916218993254006,source_recovery,3fbeac6656d319cca7cd5c8a703162850152e10314f1938d492389324795729f,0,0
109,data/scope/Job Postings/scope_it_support_specialists_systems/scope_it_support_specialists_systems.sqlite,Job Postings,scope,0,source_recovery,no_sharing,0,0,1,0,0,1,0,1,0,0,1,2,1,0,0,0,6,0.003924189950339496,source_recovery,641d9e822db6ba68f9f7780f9ca0452d02de1ba4c2749245cabe4d295f8707d0,0,0
109,data/scope/Job Postings/scope_it_support_specialists_systems/scope_it_support_specialists_systems.sqlite,Job Postings,scope,0,source_recovery,no_sharing,1,0,1,0,0,1,0,1,0,0,1,2,1,0,0,0,6,0.004139147000387311,source_recovery,81ab971e833a48451b393c5acf71453775bb8983c46bcfb30a949812b8b66de5,0,0
109,data/scope/Job Postings/scope_it_support_specialists_systems/scope_it_support_specialists_systems.sqlite,Job Postings,scope,0,source_recovery,no_sharing,2,0,1,0,0,1,0,1,0,0,1,2,1,0,0,0,6,0.004073656047694385,source_recovery,3fbeac6656d319cca7cd5c8a703162850152e10314f1938d492389324795729f,0,0
109,data/scope/Job Postings/scope_it_support_specialists_systems/scope_it_support_specialists_systems.sqlite,Job Postings,scope,0,source_recovery,all_wait,0,0,1,0,0,1,0,1,0,0,1,2,1,0,0,0,6,0.0024808100424706936,source_recovery,641d9e822db6ba68f9f7780f9ca0452d02de1ba4c2749245cabe4d295f8707d0,0,0
109,data/scope/Job Postings/scope_it_support_specialists_systems/scope_it_support_specialists_systems.sqlite,Job Postings,scope,0,source_recovery,all_wait,1,0,1,0,0,1,0,1,0,0,1,2,1,0,0,0,6,0.0025735090021044016,source_recovery,81ab971e833a48451b393c5acf71453775bb8983c46bcfb30a949812b8b66de5,0,0
109,data/scope/Job Postings/scope_it_support_specialists_systems/scope_it_support_specialists_systems.sqlite,Job Postings,scope,0,source_recovery,all_wait,2,0,1,0,0,1,0,1,0,0,1,2,1,0,0,0,6,0.002542641945183277,source_recovery,3fbeac6656d319cca7cd5c8a703162850152e10314f1938d492389324795729f,0,0
115,data/scope/Job Postings/scope_internships_responsibilities/scope_internships_responsibilities.sqlite,Job Postings,scope,0,generated,recovery_completion,0,0,0,0,1,0,1,0,0,0,1,2,0,0,0,0,4,0.0025723720900714397,unresolved_interpretation,6a5a609ea8e355d122c55311b8f3959422f8a1460cd45fedbaf90a707c01a174,0,0
115,data/scope/Job Postings/scope_internships_responsibilities/scope_internships_responsibilities.sqlite,Job Postings,scope,0,generated,recovery_completion,1,1,0,0,1,0,1,0,0,0,1,2,0,0,0,0,6,0.004016343969851732,answer_execution_failed,a4c7348fb0a3579cec408eec7fefe00dd1fc3abfc46f519f041986be3312241a,0,0
115,data/scope/Job Postings/scope_internships_responsibilities/scope_internships_responsibilities.sqlite,Job Postings,scope,0,generated,recovery_completion,2,1,0,0,1,0,1,0,0,0,1,2,0,0,0,0,6,0.0037746099987998605,answer_execution_failed,63aa9c15ab26c3416641cd1535d3cb4de14a96538dddc69a3b868a617d7de26c,0,0
115,data/scope/Job Postings/scope_internships_responsibilities/scope_internships_responsibilities.sqlite,Job Postings,scope,0,generated,recovery_depth2,0,0,0,0,1,0,1,0,0,0,1,2,0,0,0,0,4,0.002529056975618005,unresolved_interpretation,6a5a609ea8e355d122c55311b8f3959422f8a1460cd45fedbaf90a707c01a174,0,0
115,data/scope/Job Postings/scope_internships_responsibilities/scope_internships_responsibilities.sqlite,Job Postings,scope,0,generated,recovery_depth2,1,1,0,0,1,0,1,0,0,0,1,2,0,0,0,0,6,0.003862378071062267,answer_execution_failed,a4c7348fb0a3579cec408eec7fefe00dd1fc3abfc46f519f041986be3312241a,0,0
115,data/scope/Job Postings/scope_internships_responsibilities/scope_internships_responsibilities.sqlite,Job Postings,scope,0,generated,recovery_depth2,2,1,0,0,1,0,1,0,0,0,1,2,0,0,0,0,6,0.0038546579889953136,answer_execution_failed,63aa9c15ab26c3416641cd1535d3cb4de14a96538dddc69a3b868a617d7de26c,0,0
115,data/scope/Job Postings/scope_internships_responsibilities/scope_internships_responsibilities.sqlite,Job Postings,scope,0,generated,verification,0,0,0,0,1,0,1,0,0,0,1,2,0,0,0,0,4,0.0025515080196782947,unresolved_interpretation,6a5a609ea8e355d122c55311b8f3959422f8a1460cd45fedbaf90a707c01a174,0,0
115,data/scope/Job Postings/scope_internships_responsibilities/scope_internships_responsibilities.sqlite,Job Postings,scope,0,generated,verification,1,1,0,0,1,0,1,0,0,0,1,2,0,0,0,0,6,0.003640413051471114,answer_execution_failed,a4c7348fb0a3579cec408eec7fefe00dd1fc3abfc46f519f041986be3312241a,0,0
115,data/scope/Job Postings/scope_internships_responsibilities/scope_internships_responsibilities.sqlite,Job Postings,scope,0,generated,verification,2,1,0,0,1,0,1,0,0,0,1,2,0,0,0,0,6,0.003997742081992328,answer_execution_failed,63aa9c15ab26c3416641cd1535d3cb4de14a96538dddc69a3b868a617d7de26c,0,0
115,data/scope/Job Postings/scope_internships_responsibilities/scope_internships_responsibilities.sqlite,Job Postings,scope,0,generated,full_context,0,0,0,1,0,0,4,0,0,0,1,2,0,0,0,0,4,0.002756602014414966,full_context_proposal,4103c914a6d3d533f817809e021ae73c5365dd77e2f60b1190b4bd19b4c96b16,0,0
115,data/scope/Job Postings/scope_internships_responsibilities/scope_internships_responsibilities.sqlite,Job Postings,scope,0,generated,full_context,1,0,0,1,0,0,4,0,0,0,1,2,0,0,0,0,4,0.002655365038663149,full_context_proposal,5f408d7c01b4b4501984b4da9d057a40eb35e0b95c6bf71130182e47de24b364,0,0
115,data/scope/Job Postings/scope_internships_responsibilities/scope_internships_responsibilities.sqlite,Job Postings,scope,0,generated,full_context,2,0,0,1,0,0,4,0,0,0,1,2,0,0,0,0,4,0.0025088510010391474,full_context_proposal,94081aa56ec81c5bb6b2962dde58cebfe644c82a6a25e14395474cff05a87fc7,0,0
115,data/scope/Job Postings/scope_internships_responsibilities/scope_internships_responsibilities.sqlite,Job Postings,scope,0,generated,matched_checking,0,0,0,1,0,0,4,0,0,0,1,2,0,0,0,0,4,0.002694712020456791,execution_vote,485269c22122061161bff1976dfb627c5a291adc74fa618e285c96737284c051,0,0
115,data/scope/Job Postings/scope_internships_responsibilities/scope_internships_responsibilities.sqlite,Job Postings,scope,0,generated,matched_checking,1,0,0,1,0,0,4,0,0,0,1,2,0,0,0,0,4,0.00250941701233387,execution_vote,3a36f405c0a3519121e6009a619f1c9a8e1ea32edf2e423d0e92851bd6407d59,0,0
115,data/scope/Job Postings/scope_internships_responsibilities/scope_internships_responsibilities.sqlite,Job Postings,scope,0,generated,matched_checking,2,0,0,1,0,0,4,0,0,0,1,2,0,0,0,0,4,0.002584369038231671,execution_vote,c82ab3992b8f151b72e28b4d83cfda7788bc7bc8239184ba8f2cefe7f902e9b0,0,0
115,data/scope/Job Postings/scope_internships_responsibilities/scope_internships_responsibilities.sqlite,Job Postings,scope,0,generated,no_recovery,0,0,0,0,1,0,1,0,0,0,1,2,0,0,0,0,4,0.0024916150141507387,unresolved_interpretation,6a5a609ea8e355d122c55311b8f3959422f8a1460cd45fedbaf90a707c01a174,0,0
115,data/scope/Job Postings/scope_internships_responsibilities/scope_internships_responsibilities.sqlite,Job Postings,scope,0,generated,no_recovery,1,1,0,0,1,0,1,0,0,0,1,2,0,0,0,0,6,0.0036940359277650714,answer_execution_failed,a4c7348fb0a3579cec408eec7fefe00dd1fc3abfc46f519f041986be3312241a,0,0
115,data/scope/Job Postings/scope_internships_responsibilities/scope_internships_responsibilities.sqlite,Job Postings,scope,0,generated,no_recovery,2,1,0,0,1,0,1,0,0,0,1,2,0,0,0,0,6,0.0037971349665895104,answer_execution_failed,63aa9c15ab26c3416641cd1535d3cb4de14a96538dddc69a3b868a617d7de26c,0,0
115,data/scope/Job Postings/scope_internships_responsibilities/scope_internships_responsibilities.sqlite,Job Postings,scope,0,generated,no_verification,0,0,0,0,1,0,1,0,0,0,1,2,0,0,0,0,4,0.0025107470573857427,unresolved_interpretation,6a5a609ea8e355d122c55311b8f3959422f8a1460cd45fedbaf90a707c01a174,0,0
115,data/scope/Job Postings/scope_internships_responsibilities/scope_internships_responsibilities.sqlite,Job Postings,scope,0,generated,no_verification,1,1,0,0,1,0,1,0,0,0,1,2,0,0,0,0,6,0.0037773200310766697,answer_execution_failed,a4c7348fb0a3579cec408eec7fefe00dd1fc3abfc46f519f041986be3312241a,0,0
115,data/scope/Job Postings/scope_internships_responsibilities/scope_internships_responsibilities.sqlite,Job Postings,scope,0,generated,no_verification,2,1,0,0,1,0,1,0,0,0,1,2,0,0,0,0,6,0.0036818600492551923,answer_execution_failed,63aa9c15ab26c3416641cd1535d3cb4de14a96538dddc69a3b868a617d7de26c,0,0
115,data/scope/Job Postings/scope_internships_responsibilities/scope_internships_responsibilities.sqlite,Job Postings,scope,0,generated,no_coverage_guard,0,0,0,0,1,0,1,0,0,0,1,2,0,0,0,0,4,0.0026718350127339363,unresolved_interpretation,6a5a609ea8e355d122c55311b8f3959422f8a1460cd45fedbaf90a707c01a174,0,0
115,data/scope/Job Postings/scope_internships_responsibilities/scope_internships_responsibilities.sqlite,Job Postings,scope,0,generated,no_coverage_guard,1,1,0,0,1,0,1,0,0,0,1,2,0,0,0,0,6,0.0036801568930968642,answer_execution_failed,a4c7348fb0a3579cec408eec7fefe00dd1fc3abfc46f519f041986be3312241a,0,0
115,data/scope/Job Postings/scope_internships_responsibilities/scope_internships_responsibilities.sqlite,Job Postings,scope,0,generated,no_coverage_guard,2,1,0,0,1,0,1,0,0,0,1,2,0,0,0,0,6,0.003697147942148149,answer_execution_failed,63aa9c15ab26c3416641cd1535d3cb4de14a96538dddc69a3b868a617d7de26c,0,0
115,data/scope/Job Postings/scope_internships_responsibilities/scope_internships_responsibilities.sqlite,Job Postings,scope,0,generated,no_sharing,0,0,0,0,1,0,1,0,0,0,1,2,0,0,0,0,4,0.0026044249534606934,unresolved_interpretation,6a5a609ea8e355d122c55311b8f3959422f8a1460cd45fedbaf90a707c01a174,0,0
115,data/scope/Job Postings/scope_internships_responsibilities/scope_internships_responsibilities.sqlite,Job Postings,scope,0,generated,no_sharing,1,1,0,0,1,0,1,0,0,0,1,2,0,0,0,0,5,0.0031923550413921475,unresolved_interpretation,11eb5e6e6d58c90842da48d9615eec111afb2345b68a432a1af5753af1bbf83d,0,0
115,data/scope/Job Postings/scope_internships_responsibilities/scope_internships_responsibilities.sqlite,Job Postings,scope,0,generated,no_sharing,2,1,0,0,1,0,1,0,0,0,1,2,0,0,0,0,5,0.0033312280429527164,unresolved_interpretation,250d64d5657431976947a8942e7a6652aa8480566bc730c8908e828498cd1218,0,0
115,data/scope/Job Postings/scope_internships_responsibilities/scope_internships_responsibilities.sqlite,Job Postings,scope,0,generated,all_wait,0,0,0,0,1,0,1,0,0,0,1,2,0,0,0,0,4,0.002514108084142208,unresolved_interpretation,6a5a609ea8e355d122c55311b8f3959422f8a1460cd45fedbaf90a707c01a174,0,0
115,data/scope/Job Postings/scope_internships_responsibilities/scope_internships_responsibilities.sqlite,Job Postings,scope,0,generated,all_wait,1,1,0,0,1,0,1,0,0,0,1,2,0,0,0,0,6,0.003768314956687391,answer_execution_failed,a4c7348fb0a3579cec408eec7fefe00dd1fc3abfc46f519f041986be3312241a,0,0
115,data/scope/Job Postings/scope_internships_responsibilities/scope_internships_responsibilities.sqlite,Job Postings,scope,0,generated,all_wait,2,1,0,0,1,0,1,0,0,0,1,2,0,0,0,0,6,0.003650809987448156,answer_execution_failed,63aa9c15ab26c3416641cd1535d3cb4de14a96538dddc69a3b868a617d7de26c,0,0
115,data/scope/Job Postings/scope_internships_responsibilities/scope_internships_responsibilities.sqlite,Job Postings,scope,0,reference_candidates,recovery_completion,0,0,0,0,1,0,1,0,0,0,2,2,1,0,0,0,4,0.002474009059369564,unresolved_interpretation,9f59f045d064d4a5e848f5e79f481b5849ba338599e52aa889b6500aed0e4d62,0,0
115,data/scope/Job Postings/scope_internships_responsibilities/scope_internships_responsibilities.sqlite,Job Postings,scope,0,reference_candidates,recovery_completion,1,1,1,0,0,1,0,0,0,0,2,2,1,0,0,0,5,0.0033228109823539853,user_answer,b3ef91f4283762d20c095409431bfa0db76a572e669409270cea6f21c665fd1c,0,0
115,data/scope/Job Postings/scope_internships_responsibilities/scope_internships_responsibilities.sqlite,Job Postings,scope,0,reference_candidates,recovery_completion,2,1,1,0,0,1,0,0,0,0,2,2,1,0,0,0,5,0.0033464180305600166,user_answer,ebb05ff673ae6958d5d2fa699954503da2b07d3e06f0446137c5e6f3b905f65c,0,0
115,data/scope/Job Postings/scope_internships_responsibilities/scope_internships_responsibilities.sqlite,Job Postings,scope,0,reference_candidates,recovery_depth2,0,0,0,0,1,0,1,0,0,0,2,2,1,0,0,0,4,0.0025223989505320787,unresolved_interpretation,9f59f045d064d4a5e848f5e79f481b5849ba338599e52aa889b6500aed0e4d62,0,0
115,data/scope/Job Postings/scope_internships_responsibilities/scope_internships_responsibilities.sqlite,Job Postings,scope,0,reference_candidates,recovery_depth2,1,1,1,0,0,1,0,0,0,0,2,2,1,0,0,0,5,0.0033043300500139594,user_answer,b3ef91f4283762d20c095409431bfa0db76a572e669409270cea6f21c665fd1c,0,0
115,data/scope/Job Postings/scope_internships_responsibilities/scope_internships_responsibilities.sqlite,Job Postings,scope,0,reference_candidates,recovery_depth2,2,1,1,0,0,1,0,0,0,0,2,2,1,0,0,0,5,0.003270914079621434,user_answer,ebb05ff673ae6958d5d2fa699954503da2b07d3e06f0446137c5e6f3b905f65c,0,0
115,data/scope/Job Postings/scope_internships_responsibilities/scope_internships_responsibilities.sqlite,Job Postings,scope,0,reference_candidates,verification,0,0,0,0,1,0,1,0,0,0,2,2,1,0,0,0,4,0.0024955898988991976,unresolved_interpretation,9f59f045d064d4a5e848f5e79f481b5849ba338599e52aa889b6500aed0e4d62,0,0
115,data/scope/Job Postings/scope_internships_responsibilities/scope_internships_responsibilities.sqlite,Job Postings,scope,0,reference_candidates,verification,1,1,1,0,0,1,0,0,0,0,2,2,1,0,0,0,5,0.0032559729879722,user_answer,b3ef91f4283762d20c095409431bfa0db76a572e669409270cea6f21c665fd1c,0,0
115,data/scope/Job Postings/scope_internships_responsibilities/scope_internships_responsibilities.sqlite,Job Postings,scope,0,reference_candidates,verification,2,1,1,0,0,1,0,0,0,0,2,2,1,0,0,0,5,0.00350685091689229,user_answer,ebb05ff673ae6958d5d2fa699954503da2b07d3e06f0446137c5e6f3b905f65c,0,0
115,data/scope/Job Postings/scope_internships_responsibilities/scope_internships_responsibilities.sqlite,Job Postings,scope,0,reference_candidates,full_context,0,0,1,0,0,1,0,0,0,0,2,2,1,0,0,0,4,0.0025801450246945024,full_context_proposal,cdf53c2d8e5217008257f698a1db7fc440c5a9d8ebc110ba1a0a4e174c1346f8,0,0
115,data/scope/Job Postings/scope_internships_responsibilities/scope_internships_responsibilities.sqlite,Job Postings,scope,0,reference_candidates,full_context,1,0,1,0,0,1,0,0,0,0,2,2,1,0,0,0,4,0.0025107449619099498,full_context_proposal,6dce2fe72ea3d6d6b6d1f6ff30eb27398c9ce92de031f4b8a970dbd68e58cd42,0,0
115,data/scope/Job Postings/scope_internships_responsibilities/scope_internships_responsibilities.sqlite,Job Postings,scope,0,reference_candidates,full_context,2,0,1,0,0,1,0,0,0,0,2,2,1,0,0,0,4,0.0026174169033765793,full_context_proposal,860c545232dfee38075c8d7cb3f6da5aabeb1ec80aa3bf155ec3e5bc3e5d860f,0,0
115,data/scope/Job Postings/scope_internships_responsibilities/scope_internships_responsibilities.sqlite,Job Postings,scope,0,reference_candidates,matched_checking,0,0,1,0,0,1,0,0,0,0,2,2,1,0,0,0,4,0.002554066013544798,execution_vote,d8d0faf43b78ae0a2508910f88068aaa67fb15359061da2f4c7bdd8ace28787a,0,0
115,data/scope/Job Postings/scope_internships_responsibilities/scope_internships_responsibilities.sqlite,Job Postings,scope,0,reference_candidates,matched_checking,1,0,1,0,0,1,0,0,0,0,2,2,1,0,0,0,4,0.0024940830189734697,execution_vote,e7a00a3eab94e7a2af4059682e6dcfe408bd1ad1fd557ec03e2323cda8388ec5,0,0
115,data/scope/Job Postings/scope_internships_responsibilities/scope_internships_responsibilities.sqlite,Job Postings,scope,0,reference_candidates,matched_checking,2,0,1,0,0,1,0,0,0,0,2,2,1,0,0,0,4,0.0025617940118536353,execution_vote,8b3df9d578bf91641077521cd5a3b494dd246de8fd5384493abb40e3a2f7b33d,0,0
115,data/scope/Job Postings/scope_internships_responsibilities/scope_internships_responsibilities.sqlite,Job Postings,scope,0,reference_candidates,no_recovery,0,0,0,0,1,0,1,0,0,0,2,2,1,0,0,0,4,0.0025580619694665074,unresolved_interpretation,9f59f045d064d4a5e848f5e79f481b5849ba338599e52aa889b6500aed0e4d62,0,0
115,data/scope/Job Postings/scope_internships_responsibilities/scope_internships_responsibilities.sqlite,Job Postings,scope,0,reference_candidates,no_recovery,1,1,1,0,0,1,0,0,0,0,2,2,1,0,0,0,5,0.003242713981308043,user_answer,b3ef91f4283762d20c095409431bfa0db76a572e669409270cea6f21c665fd1c,0,0
115,data/scope/Job Postings/scope_internships_responsibilities/scope_internships_responsibilities.sqlite,Job Postings,scope,0,reference_candidates,no_recovery,2,1,1,0,0,1,0,0,0,0,2,2,1,0,0,0,5,0.0033107911003753543,user_answer,ebb05ff673ae6958d5d2fa699954503da2b07d3e06f0446137c5e6f3b905f65c,0,0
115,data/scope/Job Postings/scope_internships_responsibilities/scope_internships_responsibilities.sqlite,Job Postings,scope,0,reference_candidates,no_verification,0,0,0,0,1,0,1,0,0,0,2,2,1,0,0,0,4,0.0025094880256801844,unresolved_interpretation,9f59f045d064d4a5e848f5e79f481b5849ba338599e52aa889b6500aed0e4d62,0,0
115,data/scope/Job Postings/scope_internships_responsibilities/scope_internships_responsibilities.sqlite,Job Postings,scope,0,reference_candidates,no_verification,1,1,1,0,0,1,0,0,0,0,2,2,1,0,0,0,5,0.00522575294598937,user_answer,b3ef91f4283762d20c095409431bfa0db76a572e669409270cea6f21c665fd1c,0,0
115,data/scope/Job Postings/scope_internships_responsibilities/scope_internships_responsibilities.sqlite,Job Postings,scope,0,reference_candidates,no_verification,2,1,1,0,0,1,0,0,0,0,2,2,1,0,0,0,5,0.0051898210076615214,user_answer,ebb05ff673ae6958d5d2fa699954503da2b07d3e06f0446137c5e6f3b905f65c,0,0
115,data/scope/Job Postings/scope_internships_responsibilities/scope_internships_responsibilities.sqlite,Job Postings,scope,0,reference_candidates,no_coverage_guard,0,0,0,0,1,0,1,0,0,0,2,2,1,0,0,0,4,0.002507041092030704,unresolved_interpretation,9f59f045d064d4a5e848f5e79f481b5849ba338599e52aa889b6500aed0e4d62,0,0
115,data/scope/Job Postings/scope_internships_responsibilities/scope_internships_responsibilities.sqlite,Job Postings,scope,0,reference_candidates,no_coverage_guard,1,1,1,0,0,1,0,0,0,0,2,2,1,0,0,0,5,0.0035839619813486934,user_answer,b3ef91f4283762d20c095409431bfa0db76a572e669409270cea6f21c665fd1c,0,0
115,data/scope/Job Postings/scope_internships_responsibilities/scope_internships_responsibilities.sqlite,Job Postings,scope,0,reference_candidates,no_coverage_guard,2,1,1,0,0,1,0,0,0,0,2,2,1,0,0,0,5,0.0031712650088593364,user_answer,ebb05ff673ae6958d5d2fa699954503da2b07d3e06f0446137c5e6f3b905f65c,0,0
115,data/scope/Job Postings/scope_internships_responsibilities/scope_internships_responsibilities.sqlite,Job Postings,scope,0,reference_candidates,no_sharing,0,0,0,0,1,0,1,0,0,0,2,2,1,0,0,0,4,0.0025470859836786985,unresolved_interpretation,9f59f045d064d4a5e848f5e79f481b5849ba338599e52aa889b6500aed0e4d62,0,0
115,data/scope/Job Postings/scope_internships_responsibilities/scope_internships_responsibilities.sqlite,Job Postings,scope,0,reference_candidates,no_sharing,1,1,1,0,0,1,0,0,0,0,2,2,1,0,0,0,5,0.003182084998115897,user_answer,b3ef91f4283762d20c095409431bfa0db76a572e669409270cea6f21c665fd1c,0,0
115,data/scope/Job Postings/scope_internships_responsibilities/scope_internships_responsibilities.sqlite,Job Postings,scope,0,reference_candidates,no_sharing,2,1,1,0,0,1,0,0,0,0,2,2,1,0,0,0,5,0.0032188149634748697,user_answer,ebb05ff673ae6958d5d2fa699954503da2b07d3e06f0446137c5e6f3b905f65c,0,0
115,data/scope/Job Postings/scope_internships_responsibilities/scope_internships_responsibilities.sqlite,Job Postings,scope,0,reference_candidates,all_wait,0,0,0,0,1,0,1,0,0,0,2,2,1,0,0,0,4,0.002575100981630385,unresolved_interpretation,9f59f045d064d4a5e848f5e79f481b5849ba338599e52aa889b6500aed0e4d62,0,0
115,data/scope/Job Postings/scope_internships_responsibilities/scope_internships_responsibilities.sqlite,Job Postings,scope,0,reference_candidates,all_wait,1,1,1,0,0,1,0,0,0,0,2,2,1,0,0,0,5,0.0032110860338434577,user_answer,b3ef91f4283762d20c095409431bfa0db76a572e669409270cea6f21c665fd1c,0,0
115,data/scope/Job Postings/scope_internships_responsibilities/scope_internships_responsibilities.sqlite,Job Postings,scope,0,reference_candidates,all_wait,2,1,1,0,0,1,0,0,0,0,2,2,1,0,0,0,5,0.004068130976520479,user_answer,ebb05ff673ae6958d5d2fa699954503da2b07d3e06f0446137c5e6f3b905f65c,0,0
115,data/scope/Job Postings/scope_internships_responsibilities/scope_internships_responsibilities.sqlite,Job Postings,scope,0,source_recovery,recovery_completion,0,0,0,1,0,0,4,1,0,0,2,2,1,0,0,0,6,0.0037882369942963123,source_recovery,9a832de0d49cd9aeb1b853812a01a216079b20b17878d5cb8fffcdae01839960,0,0
115,data/scope/Job Postings/scope_internships_responsibilities/scope_internships_responsibilities.sqlite,Job Postings,scope,0,source_recovery,recovery_completion,1,0,0,1,0,0,4,1,0,0,2,2,1,0,0,0,6,0.003635721979662776,source_recovery,bb15c39da5317de22c55867d4f359be16dd2b8aed93188311efb11b80ce1c794,0,0
115,data/scope/Job Postings/scope_internships_responsibilities/scope_internships_responsibilities.sqlite,Job Postings,scope,0,source_recovery,recovery_completion,2,0,0,1,0,0,4,1,0,0,2,2,1,0,0,0,6,0.0036364769330248237,source_recovery,d3746c489f759815de37dff935515e30aa4db540c017d32c464c553caab81a52,0,0
115,data/scope/Job Postings/scope_internships_responsibilities/scope_internships_responsibilities.sqlite,Job Postings,scope,0,source_recovery,recovery_depth2,0,0,0,1,0,0,4,1,0,0,2,2,1,0,0,0,6,0.004368772963061929,source_recovery,9a832de0d49cd9aeb1b853812a01a216079b20b17878d5cb8fffcdae01839960,0,0
115,data/scope/Job Postings/scope_internships_responsibilities/scope_internships_responsibilities.sqlite,Job Postings,scope,0,source_recovery,recovery_depth2,1,0,0,1,0,0,4,1,0,0,2,2,1,0,0,0,6,0.0036410699831321836,source_recovery,bb15c39da5317de22c55867d4f359be16dd2b8aed93188311efb11b80ce1c794,0,0
115,data/scope/Job Postings/scope_internships_responsibilities/scope_internships_responsibilities.sqlite,Job Postings,scope,0,source_recovery,recovery_depth2,2,0,0,1,0,0,4,1,0,0,2,2,1,0,0,0,6,0.00399059196934104,source_recovery,d3746c489f759815de37dff935515e30aa4db540c017d32c464c553caab81a52,0,0
115,data/scope/Job Postings/scope_internships_responsibilities/scope_internships_responsibilities.sqlite,Job Postings,scope,0,source_recovery,verification,0,0,0,1,0,0,4,1,0,0,2,2,1,0,0,0,6,0.003836996969766915,source_recovery,9a832de0d49cd9aeb1b853812a01a216079b20b17878d5cb8fffcdae01839960,0,0
115,data/scope/Job Postings/scope_internships_responsibilities/scope_internships_responsibilities.sqlite,Job Postings,scope,0,source_recovery,verification,1,0,0,1,0,0,4,1,0,0,2,2,1,0,0,0,6,0.003616628935560584,source_recovery,bb15c39da5317de22c55867d4f359be16dd2b8aed93188311efb11b80ce1c794,0,0
115,data/scope/Job Postings/scope_internships_responsibilities/scope_internships_responsibilities.sqlite,Job Postings,scope,0,source_recovery,verification,2,0,0,1,0,0,4,1,0,0,2,2,1,0,0,0,6,0.003822064958512783,source_recovery,d3746c489f759815de37dff935515e30aa4db540c017d32c464c553caab81a52,0,0
115,data/scope/Job Postings/scope_internships_responsibilities/scope_internships_responsibilities.sqlite,Job Postings,scope,0,source_recovery,full_context,0,0,0,1,0,0,4,1,0,0,2,2,1,0,0,0,6,0.003628286998718977,source_recovery,9a832de0d49cd9aeb1b853812a01a216079b20b17878d5cb8fffcdae01839960,0,0
115,data/scope/Job Postings/scope_internships_responsibilities/scope_internships_responsibilities.sqlite,Job Postings,scope,0,source_recovery,full_context,1,0,0,1,0,0,4,1,0,0,2,2,1,0,0,0,6,0.0036881970008835196,source_recovery,bb15c39da5317de22c55867d4f359be16dd2b8aed93188311efb11b80ce1c794,0,0
115,data/scope/Job Postings/scope_internships_responsibilities/scope_internships_responsibilities.sqlite,Job Postings,scope,0,source_recovery,full_context,2,0,0,1,0,0,4,1,0,0,2,2,1,0,0,0,6,0.0036473680520430207,source_recovery,d3746c489f759815de37dff935515e30aa4db540c017d32c464c553caab81a52,0,0
115,data/scope/Job Postings/scope_internships_responsibilities/scope_internships_responsibilities.sqlite,Job Postings,scope,0,source_recovery,matched_checking,0,0,0,1,0,0,4,1,0,0,2,2,1,0,0,0,6,0.0036760929506272078,source_recovery,9a832de0d49cd9aeb1b853812a01a216079b20b17878d5cb8fffcdae01839960,0,0
115,data/scope/Job Postings/scope_internships_responsibilities/scope_internships_responsibilities.sqlite,Job Postings,scope,0,source_recovery,matched_checking,1,0,0,1,0,0,4,1,0,0,2,2,1,0,0,0,6,0.003691034042276442,source_recovery,bb15c39da5317de22c55867d4f359be16dd2b8aed93188311efb11b80ce1c794,0,0
115,data/scope/Job Postings/scope_internships_responsibilities/scope_internships_responsibilities.sqlite,Job Postings,scope,0,source_recovery,matched_checking,2,0,0,1,0,0,4,1,0,0,2,2,1,0,0,0,6,0.003714633989147842,source_recovery,d3746c489f759815de37dff935515e30aa4db540c017d32c464c553caab81a52,0,0
115,data/scope/Job Postings/scope_internships_responsibilities/scope_internships_responsibilities.sqlite,Job Postings,scope,0,source_recovery,no_recovery,0,0,0,0,1,0,1,0,0,0,2,2,1,0,0,0,6,0.0036052489886060357,unresolved_interpretation,8d138ea96221259c2b5eb52788bd10f5d63ea28ead351beb17f1b22b979fe6f4,0,0
115,data/scope/Job Postings/scope_internships_responsibilities/scope_internships_responsibilities.sqlite,Job Postings,scope,0,source_recovery,no_recovery,1,1,0,0,1,0,1,0,0,0,2,2,1,0,0,0,8,0.004770666942931712,answer_execution_failed,31ce509941240d81c96561ddfda497ab1993ee7a85d3457d7f7bbefefcec8d0d,0,0
115,data/scope/Job Postings/scope_internships_responsibilities/scope_internships_responsibilities.sqlite,Job Postings,scope,0,source_recovery,no_recovery,2,1,0,0,1,0,1,0,0,0,2,2,1,0,0,0,8,0.005242082988843322,answer_execution_failed,734d9c114571ac2ee69cb92b127d574b2d26cd50c847ba527ecdd726712e29cc,0,0
115,data/scope/Job Postings/scope_internships_responsibilities/scope_internships_responsibilities.sqlite,Job Postings,scope,0,source_recovery,no_verification,0,0,0,1,0,0,4,1,0,0,2,2,1,0,0,0,6,0.003795010969042778,source_recovery,9a832de0d49cd9aeb1b853812a01a216079b20b17878d5cb8fffcdae01839960,0,0
115,data/scope/Job Postings/scope_internships_responsibilities/scope_internships_responsibilities.sqlite,Job Postings,scope,0,source_recovery,no_verification,1,0,0,1,0,0,4,1,0,0,2,2,1,0,0,0,6,0.0039038630202412605,source_recovery,bb15c39da5317de22c55867d4f359be16dd2b8aed93188311efb11b80ce1c794,0,0
115,data/scope/Job Postings/scope_internships_responsibilities/scope_internships_responsibilities.sqlite,Job Postings,scope,0,source_recovery,no_verification,2,0,0,1,0,0,4,1,0,0,2,2,1,0,0,0,6,0.003631650935858488,source_recovery,d3746c489f759815de37dff935515e30aa4db540c017d32c464c553caab81a52,0,0
115,data/scope/Job Postings/scope_internships_responsibilities/scope_internships_responsibilities.sqlite,Job Postings,scope,0,source_recovery,no_coverage_guard,0,0,0,1,0,0,4,1,0,0,2,2,1,0,0,0,6,0.003925065044313669,source_recovery,9a832de0d49cd9aeb1b853812a01a216079b20b17878d5cb8fffcdae01839960,0,0
115,data/scope/Job Postings/scope_internships_responsibilities/scope_internships_responsibilities.sqlite,Job Postings,scope,0,source_recovery,no_coverage_guard,1,0,0,1,0,0,4,1,0,0,2,2,1,0,0,0,6,0.003628402017056942,source_recovery,bb15c39da5317de22c55867d4f359be16dd2b8aed93188311efb11b80ce1c794,0,0
115,data/scope/Job Postings/scope_internships_responsibilities/scope_internships_responsibilities.sqlite,Job Postings,scope,0,source_recovery,no_coverage_guard,2,0,0,1,0,0,4,1,0,0,2,2,1,0,0,0,6,0.0036456009838730097,source_recovery,d3746c489f759815de37dff935515e30aa4db540c017d32c464c553caab81a52,0,0
115,data/scope/Job Postings/scope_internships_responsibilities/scope_internships_responsibilities.sqlite,Job Postings,scope,0,source_recovery,no_sharing,0,0,0,1,0,0,4,1,0,0,2,2,1,0,0,0,6,0.003783897031098604,source_recovery,9a832de0d49cd9aeb1b853812a01a216079b20b17878d5cb8fffcdae01839960,0,0
115,data/scope/Job Postings/scope_internships_responsibilities/scope_internships_responsibilities.sqlite,Job Postings,scope,0,source_recovery,no_sharing,1,0,0,1,0,0,4,1,0,0,2,2,1,0,0,0,6,0.0036461829440668225,source_recovery,bb15c39da5317de22c55867d4f359be16dd2b8aed93188311efb11b80ce1c794,0,0
115,data/scope/Job Postings/scope_internships_responsibilities/scope_internships_responsibilities.sqlite,Job Postings,scope,0,source_recovery,no_sharing,2,0,0,1,0,0,4,1,0,0,2,2,1,0,0,0,6,0.003682355978526175,source_recovery,d3746c489f759815de37dff935515e30aa4db540c017d32c464c553caab81a52,0,0
115,data/scope/Job Postings/scope_internships_responsibilities/scope_internships_responsibilities.sqlite,Job Postings,scope,0,source_recovery,all_wait,0,0,0,1,0,0,4,1,0,0,2,2,1,0,0,0,6,0.0036878979299217463,source_recovery,9a832de0d49cd9aeb1b853812a01a216079b20b17878d5cb8fffcdae01839960,0,0
115,data/scope/Job Postings/scope_internships_responsibilities/scope_internships_responsibilities.sqlite,Job Postings,scope,0,source_recovery,all_wait,1,0,0,1,0,0,4,1,0,0,2,2,1,0,0,0,6,0.004191034007817507,source_recovery,bb15c39da5317de22c55867d4f359be16dd2b8aed93188311efb11b80ce1c794,0,0
115,data/scope/Job Postings/scope_internships_responsibilities/scope_internships_responsibilities.sqlite,Job Postings,scope,0,source_recovery,all_wait,2,0,0,1,0,0,4,1,0,0,2,2,1,0,0,0,6,0.0037026279605925083,source_recovery,d3746c489f759815de37dff935515e30aa4db540c017d32c464c553caab81a52,0,0
266,data/vague/Job Postings/vague_2cols_experience/vague_2cols_experience.sqlite,Job Postings,vague,0,generated,recovery_completion,0,0,0,0,1,0,1,0,0,0,1,3,0,0,0,0,4,0.0014407929265871644,unresolved_interpretation,28ca0966fb992008fd9252af11f3a2a066e105eb13ce8763e352764a6ad0a8f8,0,0
266,data/vague/Job Postings/vague_2cols_experience/vague_2cols_experience.sqlite,Job Postings,vague,0,generated,recovery_completion,1,1,1,0,0,1,0,0,0,0,1,3,0,0,0,0,5,0.002612867043353617,user_answer,998c79fffd1597b02fa1e1784870d3c5a31d923bddd0d916a0033ebf82506e1d,0,0
266,data/vague/Job Postings/vague_2cols_experience/vague_2cols_experience.sqlite,Job Postings,vague,0,generated,recovery_completion,2,1,1,0,0,1,0,0,0,0,1,3,0,0,0,0,5,0.0020272969268262386,user_answer,f9e0984b86dfba53cc88ac6d39c72c09ed48525b22ec198d849832797f468e9c,0,0
266,data/vague/Job Postings/vague_2cols_experience/vague_2cols_experience.sqlite,Job Postings,vague,0,generated,recovery_depth2,0,0,0,0,1,0,1,0,0,0,1,3,0,0,0,0,4,0.001495111035183072,unresolved_interpretation,28ca0966fb992008fd9252af11f3a2a066e105eb13ce8763e352764a6ad0a8f8,0,0
266,data/vague/Job Postings/vague_2cols_experience/vague_2cols_experience.sqlite,Job Postings,vague,0,generated,recovery_depth2,1,1,1,0,0,1,0,0,0,0,1,3,0,0,0,0,5,0.0019779460271820426,user_answer,998c79fffd1597b02fa1e1784870d3c5a31d923bddd0d916a0033ebf82506e1d,0,0
266,data/vague/Job Postings/vague_2cols_experience/vague_2cols_experience.sqlite,Job Postings,vague,0,generated,recovery_depth2,2,1,1,0,0,1,0,0,0,0,1,3,0,0,0,0,5,0.002021264052018523,user_answer,f9e0984b86dfba53cc88ac6d39c72c09ed48525b22ec198d849832797f468e9c,0,0
266,data/vague/Job Postings/vague_2cols_experience/vague_2cols_experience.sqlite,Job Postings,vague,0,generated,verification,0,0,0,0,1,0,1,0,0,0,1,3,0,0,0,0,4,0.0015215229941532016,unresolved_interpretation,28ca0966fb992008fd9252af11f3a2a066e105eb13ce8763e352764a6ad0a8f8,0,0
266,data/vague/Job Postings/vague_2cols_experience/vague_2cols_experience.sqlite,Job Postings,vague,0,generated,verification,1,1,1,0,0,1,0,0,0,0,1,3,0,0,0,0,5,0.0018403950380161405,user_answer,998c79fffd1597b02fa1e1784870d3c5a31d923bddd0d916a0033ebf82506e1d,0,0
266,data/vague/Job Postings/vague_2cols_experience/vague_2cols_experience.sqlite,Job Postings,vague,0,generated,verification,2,1,1,0,0,1,0,0,0,0,1,3,0,0,0,0,5,0.001830901950597763,user_answer,f9e0984b86dfba53cc88ac6d39c72c09ed48525b22ec198d849832797f468e9c,0,0
266,data/vague/Job Postings/vague_2cols_experience/vague_2cols_experience.sqlite,Job Postings,vague,0,generated,full_context,0,0,0,1,0,0,4,0,0,0,1,3,0,0,0,0,4,0.0018643710063770413,full_context_proposal,b5cbd3fa63dd528172a75462ae8726e3cd96462dac5b7b6565c8e5697d226d72,0,0
266,data/vague/Job Postings/vague_2cols_experience/vague_2cols_experience.sqlite,Job Postings,vague,0,generated,full_context,1,0,0,1,0,0,4,0,0,0,1,3,0,0,0,0,4,0.0018054189858958125,full_context_proposal,a66826a5864ed23c05770e19b0bedc8ca512180f1549cef17126e1e71c637baa,0,0
266,data/vague/Job Postings/vague_2cols_experience/vague_2cols_experience.sqlite,Job Postings,vague,0,generated,full_context,2,0,0,1,0,0,4,0,0,0,1,3,0,0,0,0,4,0.0014582109870389104,full_context_proposal,4eb7d5ab65ff0aee13b1011454963659d2aa50ef2b06a1ab3e9a415648980695,0,0
266,data/vague/Job Postings/vague_2cols_experience/vague_2cols_experience.sqlite,Job Postings,vague,0,generated,matched_checking,0,0,0,1,0,0,4,0,0,0,1,3,0,0,0,0,4,0.0014218289870768785,execution_vote,858ace227ec0ed327340e46f3a3b138311db366ddb24c98f269bde66b1dbe56c,0,0
266,data/vague/Job Postings/vague_2cols_experience/vague_2cols_experience.sqlite,Job Postings,vague,0,generated,matched_checking,1,0,0,1,0,0,4,0,0,0,1,3,0,0,0,0,4,0.0014227279461920261,execution_vote,9770083eb6212a4952b16e9c3d12c1d7bdada39a50d6764e6771e358373a19df,0,0
266,data/vague/Job Postings/vague_2cols_experience/vague_2cols_experience.sqlite,Job Postings,vague,0,generated,matched_checking,2,0,0,1,0,0,4,0,0,0,1,3,0,0,0,0,4,0.001524962019175291,execution_vote,aa2123aac955a2a01cb69b945fd8c0e9c2317fad4c13e9268eb4462fb6c3dd15,0,0
266,data/vague/Job Postings/vague_2cols_experience/vague_2cols_experience.sqlite,Job Postings,vague,0,generated,no_recovery,0,0,0,0,1,0,1,0,0,0,1,3,0,0,0,0,4,0.0014595309039577842,unresolved_interpretation,28ca0966fb992008fd9252af11f3a2a066e105eb13ce8763e352764a6ad0a8f8,0,0
266,data/vague/Job Postings/vague_2cols_experience/vague_2cols_experience.sqlite,Job Postings,vague,0,generated,no_recovery,1,1,1,0,0,1,0,0,0,0,1,3,0,0,0,0,5,0.0019152709282934666,user_answer,998c79fffd1597b02fa1e1784870d3c5a31d923bddd0d916a0033ebf82506e1d,0,0
266,data/vague/Job Postings/vague_2cols_experience/vague_2cols_experience.sqlite,Job Postings,vague,0,generated,no_recovery,2,1,1,0,0,1,0,0,0,0,1,3,0,0,0,0,5,0.0018132270779460669,user_answer,f9e0984b86dfba53cc88ac6d39c72c09ed48525b22ec198d849832797f468e9c,0,0
266,data/vague/Job Postings/vague_2cols_experience/vague_2cols_experience.sqlite,Job Postings,vague,0,generated,no_verification,0,0,0,0,1,0,1,0,0,0,1,3,0,0,0,0,4,0.0014194329269230366,unresolved_interpretation,28ca0966fb992008fd9252af11f3a2a066e105eb13ce8763e352764a6ad0a8f8,0,0
266,data/vague/Job Postings/vague_2cols_experience/vague_2cols_experience.sqlite,Job Postings,vague,0,generated,no_verification,1,1,1,0,0,1,0,0,0,0,1,3,0,0,0,0,5,0.0018515459960326552,user_answer,998c79fffd1597b02fa1e1784870d3c5a31d923bddd0d916a0033ebf82506e1d,0,0
266,data/vague/Job Postings/vague_2cols_experience/vague_2cols_experience.sqlite,Job Postings,vague,0,generated,no_verification,2,1,1,0,0,1,0,0,0,0,1,3,0,0,0,0,5,0.001861986005678773,user_answer,f9e0984b86dfba53cc88ac6d39c72c09ed48525b22ec198d849832797f468e9c,0,0
266,data/vague/Job Postings/vague_2cols_experience/vague_2cols_experience.sqlite,Job Postings,vague,0,generated,no_coverage_guard,0,0,0,0,1,0,1,0,0,0,1,3,0,0,0,0,4,0.0014295729342848063,unresolved_interpretation,28ca0966fb992008fd9252af11f3a2a066e105eb13ce8763e352764a6ad0a8f8,0,0
266,data/vague/Job Postings/vague_2cols_experience/vague_2cols_experience.sqlite,Job Postings,vague,0,generated,no_coverage_guard,1,1,1,0,0,1,0,0,0,0,1,3,0,0,0,0,5,0.0018872859654948115,user_answer,998c79fffd1597b02fa1e1784870d3c5a31d923bddd0d916a0033ebf82506e1d,0,0
266,data/vague/Job Postings/vague_2cols_experience/vague_2cols_experience.sqlite,Job Postings,vague,0,generated,no_coverage_guard,2,1,1,0,0,1,0,0,0,0,1,3,0,0,0,0,5,0.0018238399643450975,user_answer,f9e0984b86dfba53cc88ac6d39c72c09ed48525b22ec198d849832797f468e9c,0,0
266,data/vague/Job Postings/vague_2cols_experience/vague_2cols_experience.sqlite,Job Postings,vague,0,generated,no_sharing,0,0,0,0,1,0,1,0,0,0,1,3,0,0,0,0,4,0.0014188499189913273,unresolved_interpretation,28ca0966fb992008fd9252af11f3a2a066e105eb13ce8763e352764a6ad0a8f8,0,0
266,data/vague/Job Postings/vague_2cols_experience/vague_2cols_experience.sqlite,Job Postings,vague,0,generated,no_sharing,1,1,1,0,0,1,0,0,0,0,1,3,0,0,0,0,5,0.0018365579890087247,user_answer,998c79fffd1597b02fa1e1784870d3c5a31d923bddd0d916a0033ebf82506e1d,0,0
266,data/vague/Job Postings/vague_2cols_experience/vague_2cols_experience.sqlite,Job Postings,vague,0,generated,no_sharing,2,1,1,0,0,1,0,0,0,0,1,3,0,0,0,0,5,0.001830569002777338,user_answer,f9e0984b86dfba53cc88ac6d39c72c09ed48525b22ec198d849832797f468e9c,0,0
266,data/vague/Job Postings/vague_2cols_experience/vague_2cols_experience.sqlite,Job Postings,vague,0,generated,all_wait,0,0,0,0,1,0,1,0,0,0,1,3,0,0,0,0,4,0.0014757940080016851,unresolved_interpretation,28ca0966fb992008fd9252af11f3a2a066e105eb13ce8763e352764a6ad0a8f8,0,0
266,data/vague/Job Postings/vague_2cols_experience/vague_2cols_experience.sqlite,Job Postings,vague,0,generated,all_wait,1,1,1,0,0,1,0,0,0,0,1,3,0,0,0,0,5,0.0018307310529053211,user_answer,998c79fffd1597b02fa1e1784870d3c5a31d923bddd0d916a0033ebf82506e1d,0,0
266,data/vague/Job Postings/vague_2cols_experience/vague_2cols_experience.sqlite,Job Postings,vague,0,generated,all_wait,2,1,1,0,0,1,0,0,0,0,1,3,0,0,0,0,5,0.0018511459929868579,user_answer,f9e0984b86dfba53cc88ac6d39c72c09ed48525b22ec198d849832797f468e9c,0,0
266,data/vague/Job Postings/vague_2cols_experience/vague_2cols_experience.sqlite,Job Postings,vague,0,reference_candidates,recovery_completion,0,0,0,0,1,0,1,0,0,0,3,3,1,0,0,0,6,0.001986515009775758,unresolved_interpretation,7dd5f567deba589c424b8b03db1f5761841c043a91f10a77249d1c77e2cc50f9,0,0
266,data/vague/Job Postings/vague_2cols_experience/vague_2cols_experience.sqlite,Job Postings,vague,0,reference_candidates,recovery_completion,1,1,1,0,0,1,0,0,0,0,3,3,1,0,0,0,7,0.0026221269508823752,user_answer,c7c943eca6dc7882dc321e626a74642d43ca087b775fb1366ccdbd41449f3046,0,0
266,data/vague/Job Postings/vague_2cols_experience/vague_2cols_experience.sqlite,Job Postings,vague,0,reference_candidates,recovery_completion,2,1,1,0,0,1,0,0,0,0,3,3,1,0,0,0,7,0.002538408967666328,user_answer,ad91b78f3c85590843d9a7d83587774014a5fbe461342837c70e189ab7d10fe8,0,0
266,data/vague/Job Postings/vague_2cols_experience/vague_2cols_experience.sqlite,Job Postings,vague,0,reference_candidates,recovery_depth2,0,0,0,0,1,0,1,0,0,0,3,3,1,0,0,0,6,0.0020427469862625003,unresolved_interpretation,7dd5f567deba589c424b8b03db1f5761841c043a91f10a77249d1c77e2cc50f9,0,0
266,data/vague/Job Postings/vague_2cols_experience/vague_2cols_experience.sqlite,Job Postings,vague,0,reference_candidates,recovery_depth2,1,1,1,0,0,1,0,0,0,0,3,3,1,0,0,0,7,0.0025931879645213485,user_answer,c7c943eca6dc7882dc321e626a74642d43ca087b775fb1366ccdbd41449f3046,0,0
266,data/vague/Job Postings/vague_2cols_experience/vague_2cols_experience.sqlite,Job Postings,vague,0,reference_candidates,recovery_depth2,2,1,1,0,0,1,0,0,0,0,3,3,1,0,0,0,7,0.002625106950290501,user_answer,ad91b78f3c85590843d9a7d83587774014a5fbe461342837c70e189ab7d10fe8,0,0
266,data/vague/Job Postings/vague_2cols_experience/vague_2cols_experience.sqlite,Job Postings,vague,0,reference_candidates,verification,0,0,0,0,1,0,1,0,0,0,3,3,1,0,0,0,6,0.0020047000143676996,unresolved_interpretation,7dd5f567deba589c424b8b03db1f5761841c043a91f10a77249d1c77e2cc50f9,0,0
266,data/vague/Job Postings/vague_2cols_experience/vague_2cols_experience.sqlite,Job Postings,vague,0,reference_candidates,verification,1,1,1,0,0,1,0,0,0,0,3,3,1,0,0,0,7,0.0023929330054670572,user_answer,c7c943eca6dc7882dc321e626a74642d43ca087b775fb1366ccdbd41449f3046,0,0
266,data/vague/Job Postings/vague_2cols_experience/vague_2cols_experience.sqlite,Job Postings,vague,0,reference_candidates,verification,2,1,1,0,0,1,0,0,0,0,3,3,1,0,0,0,7,0.002478388021700084,user_answer,ad91b78f3c85590843d9a7d83587774014a5fbe461342837c70e189ab7d10fe8,0,0
266,data/vague/Job Postings/vague_2cols_experience/vague_2cols_experience.sqlite,Job Postings,vague,0,reference_candidates,full_context,0,0,1,0,0,1,0,0,0,0,3,3,1,0,0,0,6,0.0019842180190607905,full_context_proposal,be345eea3ded6364cabf280f687b9e05b0c1701f05fc928a1ab21461af5bae45,0,0
266,data/vague/Job Postings/vague_2cols_experience/vague_2cols_experience.sqlite,Job Postings,vague,0,reference_candidates,full_context,1,0,1,0,0,1,0,0,0,0,3,3,1,0,0,0,6,0.0019814639817923307,full_context_proposal,1d03be3f912cfb7bbf3af45e70ffeacae61d4b4319905f60beb92f42d4a59021,0,0
266,data/vague/Job Postings/vague_2cols_experience/vague_2cols_experience.sqlite,Job Postings,vague,0,reference_candidates,full_context,2,0,1,0,0,1,0,0,0,0,3,3,1,0,0,0,6,0.002018827013671398,full_context_proposal,d28b24d2782382933bc53844f03eb15631c23047dc9d72a41bf1e3f8d76368f5,0,0
266,data/vague/Job Postings/vague_2cols_experience/vague_2cols_experience.sqlite,Job Postings,vague,0,reference_candidates,matched_checking,0,0,1,0,0,1,0,0,0,0,3,3,1,0,0,0,6,0.0020498110679909587,execution_vote,23fb4a961c53b2b31d97810cf840b87c8dbe26f3444dfd629e6a309484ee5848,0,0
266,data/vague/Job Postings/vague_2cols_experience/vague_2cols_experience.sqlite,Job Postings,vague,0,reference_candidates,matched_checking,1,0,1,0,0,1,0,0,0,0,3,3,1,0,0,0,6,0.0019996250048279762,execution_vote,898c1cc98295357d787a6d948dc0d7ed6477395bcc0f4530771041ba46ebe560,0,0
266,data/vague/Job Postings/vague_2cols_experience/vague_2cols_experience.sqlite,Job Postings,vague,0,reference_candidates,matched_checking,2,0,1,0,0,1,0,0,0,0,3,3,1,0,0,0,6,0.0019953070441260934,execution_vote,b6ca7b8a07c7f27ccffb7d7c180f8d496266fd21fbe6272db07ab3739d26d262,0,0
266,data/vague/Job Postings/vague_2cols_experience/vague_2cols_experience.sqlite,Job Postings,vague,0,reference_candidates,no_recovery,0,0,0,0,1,0,1,0,0,0,3,3,1,0,0,0,6,0.0022270160261541605,unresolved_interpretation,7dd5f567deba589c424b8b03db1f5761841c043a91f10a77249d1c77e2cc50f9,0,0
266,data/vague/Job Postings/vague_2cols_experience/vague_2cols_experience.sqlite,Job Postings,vague,0,reference_candidates,no_recovery,1,1,1,0,0,1,0,0,0,0,3,3,1,0,0,0,7,0.0025566869881004095,user_answer,c7c943eca6dc7882dc321e626a74642d43ca087b775fb1366ccdbd41449f3046,0,0
266,data/vague/Job Postings/vague_2cols_experience/vague_2cols_experience.sqlite,Job Postings,vague,0,reference_candidates,no_recovery,2,1,1,0,0,1,0,0,0,0,3,3,1,0,0,0,7,0.002461064956150949,user_answer,ad91b78f3c85590843d9a7d83587774014a5fbe461342837c70e189ab7d10fe8,0,0
266,data/vague/Job Postings/vague_2cols_experience/vague_2cols_experience.sqlite,Job Postings,vague,0,reference_candidates,no_verification,0,0,0,0,1,0,1,0,0,0,3,3,1,0,0,0,6,0.00201156095135957,unresolved_interpretation,7dd5f567deba589c424b8b03db1f5761841c043a91f10a77249d1c77e2cc50f9,0,0
266,data/vague/Job Postings/vague_2cols_experience/vague_2cols_experience.sqlite,Job Postings,vague,0,reference_candidates,no_verification,1,1,1,0,0,1,0,0,0,0,3,3,1,0,0,0,7,0.002416771021671593,user_answer,c7c943eca6dc7882dc321e626a74642d43ca087b775fb1366ccdbd41449f3046,0,0
266,data/vague/Job Postings/vague_2cols_experience/vague_2cols_experience.sqlite,Job Postings,vague,0,reference_candidates,no_verification,2,1,1,0,0,1,0,0,0,0,3,3,1,0,0,0,7,0.0024298540083691478,user_answer,ad91b78f3c85590843d9a7d83587774014a5fbe461342837c70e189ab7d10fe8,0,0
266,data/vague/Job Postings/vague_2cols_experience/vague_2cols_experience.sqlite,Job Postings,vague,0,reference_candidates,no_coverage_guard,0,0,0,0,1,0,1,0,0,0,3,3,1,0,0,0,6,0.0020308340899646282,unresolved_interpretation,7dd5f567deba589c424b8b03db1f5761841c043a91f10a77249d1c77e2cc50f9,0,0
266,data/vague/Job Postings/vague_2cols_experience/vague_2cols_experience.sqlite,Job Postings,vague,0,reference_candidates,no_coverage_guard,1,1,1,0,0,1,0,0,0,0,3,3,1,0,0,0,7,0.0025415989803150296,user_answer,c7c943eca6dc7882dc321e626a74642d43ca087b775fb1366ccdbd41449f3046,0,0
266,data/vague/Job Postings/vague_2cols_experience/vague_2cols_experience.sqlite,Job Postings,vague,0,reference_candidates,no_coverage_guard,2,1,1,0,0,1,0,0,0,0,3,3,1,0,0,0,7,0.0024728430435061455,user_answer,ad91b78f3c85590843d9a7d83587774014a5fbe461342837c70e189ab7d10fe8,0,0
266,data/vague/Job Postings/vague_2cols_experience/vague_2cols_experience.sqlite,Job Postings,vague,0,reference_candidates,no_sharing,0,0,0,0,1,0,1,0,0,0,3,3,1,0,0,0,6,0.002034319913946092,unresolved_interpretation,7dd5f567deba589c424b8b03db1f5761841c043a91f10a77249d1c77e2cc50f9,0,0
266,data/vague/Job Postings/vague_2cols_experience/vague_2cols_experience.sqlite,Job Postings,vague,0,reference_candidates,no_sharing,1,1,1,0,0,1,0,0,0,0,3,3,1,0,0,0,7,0.0025767049519345164,user_answer,c7c943eca6dc7882dc321e626a74642d43ca087b775fb1366ccdbd41449f3046,0,0
266,data/vague/Job Postings/vague_2cols_experience/vague_2cols_experience.sqlite,Job Postings,vague,0,reference_candidates,no_sharing,2,1,1,0,0,1,0,0,0,0,3,3,1,0,0,0,7,0.0024789220187813044,user_answer,ad91b78f3c85590843d9a7d83587774014a5fbe461342837c70e189ab7d10fe8,0,0
266,data/vague/Job Postings/vague_2cols_experience/vague_2cols_experience.sqlite,Job Postings,vague,0,reference_candidates,all_wait,0,0,0,0,1,0,1,0,0,0,3,3,1,0,0,0,6,0.002061228035017848,unresolved_interpretation,7dd5f567deba589c424b8b03db1f5761841c043a91f10a77249d1c77e2cc50f9,0,0
266,data/vague/Job Postings/vague_2cols_experience/vague_2cols_experience.sqlite,Job Postings,vague,0,reference_candidates,all_wait,1,1,1,0,0,1,0,0,0,0,3,3,1,0,0,0,7,0.002420182921923697,user_answer,c7c943eca6dc7882dc321e626a74642d43ca087b775fb1366ccdbd41449f3046,0,0
266,data/vague/Job Postings/vague_2cols_experience/vague_2cols_experience.sqlite,Job Postings,vague,0,reference_candidates,all_wait,2,1,1,0,0,1,0,0,0,0,3,3,1,0,0,0,7,0.0024598679738119245,user_answer,ad91b78f3c85590843d9a7d83587774014a5fbe461342837c70e189ab7d10fe8,0,0
266,data/vague/Job Postings/vague_2cols_experience/vague_2cols_experience.sqlite,Job Postings,vague,0,source_recovery,recovery_completion,0,0,1,0,0,1,0,1,0,0,2,3,1,0,0,0,6,0.002042467938736081,source_recovery,8354530c858a01e6e1e96c30b01cc9c5c132214df0f2f5d9209918646f68f1ea,0,0
266,data/vague/Job Postings/vague_2cols_experience/vague_2cols_experience.sqlite,Job Postings,vague,0,source_recovery,recovery_completion,1,0,1,0,0,1,0,1,0,0,2,3,1,0,0,0,6,0.0020764300134032965,source_recovery,40923954cea9965b27fabb2ba1943c77a238fa79b0d3a4bb65d5fae086ac2a9c,0,0
266,data/vague/Job Postings/vague_2cols_experience/vague_2cols_experience.sqlite,Job Postings,vague,0,source_recovery,recovery_completion,2,0,1,0,0,1,0,1,0,0,2,3,1,0,0,0,6,0.002091340022161603,source_recovery,dc7d5fc4d082b577da6090dcbe141b223439906666797d7f6a56424c1633adcd,0,0
266,data/vague/Job Postings/vague_2cols_experience/vague_2cols_experience.sqlite,Job Postings,vague,0,source_recovery,recovery_depth2,0,0,1,0,0,1,0,1,0,0,2,3,1,0,0,0,6,0.0020322060445323586,source_recovery,8354530c858a01e6e1e96c30b01cc9c5c132214df0f2f5d9209918646f68f1ea,0,0
266,data/vague/Job Postings/vague_2cols_experience/vague_2cols_experience.sqlite,Job Postings,vague,0,source_recovery,recovery_depth2,1,0,1,0,0,1,0,1,0,0,2,3,1,0,0,0,6,0.0021253859158605337,source_recovery,40923954cea9965b27fabb2ba1943c77a238fa79b0d3a4bb65d5fae086ac2a9c,0,0
266,data/vague/Job Postings/vague_2cols_experience/vague_2cols_experience.sqlite,Job Postings,vague,0,source_recovery,recovery_depth2,2,0,1,0,0,1,0,1,0,0,2,3,1,0,0,0,6,0.002171634929254651,source_recovery,dc7d5fc4d082b577da6090dcbe141b223439906666797d7f6a56424c1633adcd,0,0
266,data/vague/Job Postings/vague_2cols_experience/vague_2cols_experience.sqlite,Job Postings,vague,0,source_recovery,verification,0,0,1,0,0,1,0,1,0,0,2,3,1,0,0,0,6,0.0021020349813625216,source_recovery,8354530c858a01e6e1e96c30b01cc9c5c132214df0f2f5d9209918646f68f1ea,0,0
266,data/vague/Job Postings/vague_2cols_experience/vague_2cols_experience.sqlite,Job Postings,vague,0,source_recovery,verification,1,0,1,0,0,1,0,1,0,0,2,3,1,0,0,0,6,0.0020611919462680817,source_recovery,40923954cea9965b27fabb2ba1943c77a238fa79b0d3a4bb65d5fae086ac2a9c,0,0
266,data/vague/Job Postings/vague_2cols_experience/vague_2cols_experience.sqlite,Job Postings,vague,0,source_recovery,verification,2,0,1,0,0,1,0,1,0,0,2,3,1,0,0,0,6,0.0020712000550702214,source_recovery,dc7d5fc4d082b577da6090dcbe141b223439906666797d7f6a56424c1633adcd,0,0
266,data/vague/Job Postings/vague_2cols_experience/vague_2cols_experience.sqlite,Job Postings,vague,0,source_recovery,full_context,0,0,1,0,0,1,0,1,0,0,2,3,1,0,0,0,6,0.0023062670370563865,source_recovery,8354530c858a01e6e1e96c30b01cc9c5c132214df0f2f5d9209918646f68f1ea,0,0
266,data/vague/Job Postings/vague_2cols_experience/vague_2cols_experience.sqlite,Job Postings,vague,0,source_recovery,full_context,1,0,1,0,0,1,0,1,0,0,2,3,1,0,0,0,6,0.0020330019760876894,source_recovery,40923954cea9965b27fabb2ba1943c77a238fa79b0d3a4bb65d5fae086ac2a9c,0,0
266,data/vague/Job Postings/vague_2cols_experience/vague_2cols_experience.sqlite,Job Postings,vague,0,source_recovery,full_context,2,0,1,0,0,1,0,1,0,0,2,3,1,0,0,0,6,0.002075031050480902,source_recovery,dc7d5fc4d082b577da6090dcbe141b223439906666797d7f6a56424c1633adcd,0,0
266,data/vague/Job Postings/vague_2cols_experience/vague_2cols_experience.sqlite,Job Postings,vague,0,source_recovery,matched_checking,0,0,1,0,0,1,0,1,0,0,2,3,1,0,0,0,6,0.0020383050432428718,source_recovery,8354530c858a01e6e1e96c30b01cc9c5c132214df0f2f5d9209918646f68f1ea,0,0
266,data/vague/Job Postings/vague_2cols_experience/vague_2cols_experience.sqlite,Job Postings,vague,0,source_recovery,matched_checking,1,0,1,0,0,1,0,1,0,0,2,3,1,0,0,0,6,0.002031909069046378,source_recovery,40923954cea9965b27fabb2ba1943c77a238fa79b0d3a4bb65d5fae086ac2a9c,0,0
266,data/vague/Job Postings/vague_2cols_experience/vague_2cols_experience.sqlite,Job Postings,vague,0,source_recovery,matched_checking,2,0,1,0,0,1,0,1,0,0,2,3,1,0,0,0,6,0.002065104083158076,source_recovery,dc7d5fc4d082b577da6090dcbe141b223439906666797d7f6a56424c1633adcd,0,0
266,data/vague/Job Postings/vague_2cols_experience/vague_2cols_experience.sqlite,Job Postings,vague,0,source_recovery,no_recovery,0,0,0,0,1,0,1,0,0,0,2,3,1,0,0,0,6,0.0020574310328811407,unresolved_interpretation,3e3a5488f9e44a42641e6785d156687ba30d369f04d70aec4b5033268a31ddcf,0,0
266,data/vague/Job Postings/vague_2cols_experience/vague_2cols_experience.sqlite,Job Postings,vague,0,source_recovery,no_recovery,1,1,1,0,0,1,0,0,0,0,2,3,1,0,0,0,7,0.0024361469550058246,user_answer,e732c9a03536b90b23cf3a7961ca16ff51848e42a6f9ba0312f9bafbe7eda9e0,0,0
266,data/vague/Job Postings/vague_2cols_experience/vague_2cols_experience.sqlite,Job Postings,vague,0,source_recovery,no_recovery,2,1,1,0,0,1,0,0,0,0,2,3,1,0,0,0,7,0.0024568369844928384,user_answer,762b800916dfa5f304dc78ed07d908ac33e0f98b1679798333c273e0f5b69bbc,0,0
266,data/vague/Job Postings/vague_2cols_experience/vague_2cols_experience.sqlite,Job Postings,vague,0,source_recovery,no_verification,0,0,1,0,0,1,0,1,0,0,2,3,1,0,0,0,6,0.0020240109879523516,source_recovery,8354530c858a01e6e1e96c30b01cc9c5c132214df0f2f5d9209918646f68f1ea,0,0
266,data/vague/Job Postings/vague_2cols_experience/vague_2cols_experience.sqlite,Job Postings,vague,0,source_recovery,no_verification,1,0,1,0,0,1,0,1,0,0,2,3,1,0,0,0,6,0.002019037026911974,source_recovery,40923954cea9965b27fabb2ba1943c77a238fa79b0d3a4bb65d5fae086ac2a9c,0,0
266,data/vague/Job Postings/vague_2cols_experience/vague_2cols_experience.sqlite,Job Postings,vague,0,source_recovery,no_verification,2,0,1,0,0,1,0,1,0,0,2,3,1,0,0,0,6,0.002097025979310274,source_recovery,dc7d5fc4d082b577da6090dcbe141b223439906666797d7f6a56424c1633adcd,0,0
266,data/vague/Job Postings/vague_2cols_experience/vague_2cols_experience.sqlite,Job Postings,vague,0,source_recovery,no_coverage_guard,0,0,1,0,0,1,0,1,0,0,2,3,1,0,0,0,6,0.002034735050983727,source_recovery,8354530c858a01e6e1e96c30b01cc9c5c132214df0f2f5d9209918646f68f1ea,0,0
266,data/vague/Job Postings/vague_2cols_experience/vague_2cols_experience.sqlite,Job Postings,vague,0,source_recovery,no_coverage_guard,1,0,1,0,0,1,0,1,0,0,2,3,1,0,0,0,6,0.0020576579263433814,source_recovery,40923954cea9965b27fabb2ba1943c77a238fa79b0d3a4bb65d5fae086ac2a9c,0,0
266,data/vague/Job Postings/vague_2cols_experience/vague_2cols_experience.sqlite,Job Postings,vague,0,source_recovery,no_coverage_guard,2,0,1,0,0,1,0,1,0,0,2,3,1,0,0,0,6,0.002094806986860931,source_recovery,dc7d5fc4d082b577da6090dcbe141b223439906666797d7f6a56424c1633adcd,0,0
266,data/vague/Job Postings/vague_2cols_experience/vague_2cols_experience.sqlite,Job Postings,vague,0,source_recovery,no_sharing,0,0,1,0,0,1,0,1,0,0,2,3,1,0,0,0,6,0.0021422969875857234,source_recovery,8354530c858a01e6e1e96c30b01cc9c5c132214df0f2f5d9209918646f68f1ea,0,0
266,data/vague/Job Postings/vague_2cols_experience/vague_2cols_experience.sqlite,Job Postings,vague,0,source_recovery,no_sharing,1,0,1,0,0,1,0,1,0,0,2,3,1,0,0,0,6,0.002061723032966256,source_recovery,40923954cea9965b27fabb2ba1943c77a238fa79b0d3a4bb65d5fae086ac2a9c,0,0
266,data/vague/Job Postings/vague_2cols_experience/vague_2cols_experience.sqlite,Job Postings,vague,0,source_recovery,no_sharing,2,0,1,0,0,1,0,1,0,0,2,3,1,0,0,0,6,0.0021504389587789774,source_recovery,dc7d5fc4d082b577da6090dcbe141b223439906666797d7f6a56424c1633adcd,0,0
266,data/vague/Job Postings/vague_2cols_experience/vague_2cols_experience.sqlite,Job Postings,vague,0,source_recovery,all_wait,0,0,1,0,0,1,0,1,0,0,2,3,1,0,0,0,6,0.002037119003944099,source_recovery,8354530c858a01e6e1e96c30b01cc9c5c132214df0f2f5d9209918646f68f1ea,0,0
266,data/vague/Job Postings/vague_2cols_experience/vague_2cols_experience.sqlite,Job Postings,vague,0,source_recovery,all_wait,1,0,1,0,0,1,0,1,0,0,2,3,1,0,0,0,6,0.002059701015241444,source_recovery,40923954cea9965b27fabb2ba1943c77a238fa79b0d3a4bb65d5fae086ac2a9c,0,0
266,data/vague/Job Postings/vague_2cols_experience/vague_2cols_experience.sqlite,Job Postings,vague,0,source_recovery,all_wait,2,0,1,0,0,1,0,1,0,0,2,3,1,0,0,0,6,0.0020669259829446673,source_recovery,dc7d5fc4d082b577da6090dcbe141b223439906666797d7f6a56424c1633adcd,0,0
262,data/vague/Job Postings/vague_2cols_compensation/vague_2cols_compensation.sqlite,Job Postings,vague,0,generated,recovery_completion,0,0,0,0,1,0,1,0,0,0,3,3,1,0,0,0,4,0.0015790390316396952,unresolved_interpretation,07d0190efa8f16de9f1bee6abca30a87b5cdb5397bd2d3578e0d79bc49201ed6,0,0
262,data/vague/Job Postings/vague_2cols_compensation/vague_2cols_compensation.sqlite,Job Postings,vague,0,generated,recovery_completion,1,1,1,0,0,1,0,0,0,0,3,3,1,0,0,0,5,0.002141006989404559,user_answer,fbdb403e4630d22875676ef569c1dedca4d9f6ee9332b05fd0623fe65e695383,0,0
262,data/vague/Job Postings/vague_2cols_compensation/vague_2cols_compensation.sqlite,Job Postings,vague,0,generated,recovery_completion,2,1,1,0,0,1,0,0,0,0,3,3,1,0,0,0,5,0.0022208370501175523,user_answer,146c18a0a9dd5a0554b7202c25a62c13c0204547b50c4ab48399feec0758391a,0,0
262,data/vague/Job Postings/vague_2cols_compensation/vague_2cols_compensation.sqlite,Job Postings,vague,0,generated,recovery_depth2,0,0,0,0,1,0,1,0,0,0,3,3,1,0,0,0,4,0.0015667378902435303,unresolved_interpretation,07d0190efa8f16de9f1bee6abca30a87b5cdb5397bd2d3578e0d79bc49201ed6,0,0
262,data/vague/Job Postings/vague_2cols_compensation/vague_2cols_compensation.sqlite,Job Postings,vague,0,generated,recovery_depth2,1,1,1,0,0,1,0,0,0,0,3,3,1,0,0,0,5,0.002138471929356456,user_answer,fbdb403e4630d22875676ef569c1dedca4d9f6ee9332b05fd0623fe65e695383,0,0
262,data/vague/Job Postings/vague_2cols_compensation/vague_2cols_compensation.sqlite,Job Postings,vague,0,generated,recovery_depth2,2,1,1,0,0,1,0,0,0,0,3,3,1,0,0,0,5,0.0025090149138122797,user_answer,146c18a0a9dd5a0554b7202c25a62c13c0204547b50c4ab48399feec0758391a,0,0
262,data/vague/Job Postings/vague_2cols_compensation/vague_2cols_compensation.sqlite,Job Postings,vague,0,generated,verification,0,0,0,0,1,0,1,0,0,0,3,3,1,0,0,0,4,0.001679997076280415,unresolved_interpretation,07d0190efa8f16de9f1bee6abca30a87b5cdb5397bd2d3578e0d79bc49201ed6,0,0
262,data/vague/Job Postings/vague_2cols_compensation/vague_2cols_compensation.sqlite,Job Postings,vague,0,generated,verification,1,1,1,0,0,1,0,0,0,0,3,3,1,0,0,0,5,0.002111356006935239,user_answer,fbdb403e4630d22875676ef569c1dedca4d9f6ee9332b05fd0623fe65e695383,0,0
262,data/vague/Job Postings/vague_2cols_compensation/vague_2cols_compensation.sqlite,Job Postings,vague,0,generated,verification,2,1,1,0,0,1,0,0,0,0,3,3,1,0,0,0,5,0.002008995972573757,user_answer,146c18a0a9dd5a0554b7202c25a62c13c0204547b50c4ab48399feec0758391a,0,0
262,data/vague/Job Postings/vague_2cols_compensation/vague_2cols_compensation.sqlite,Job Postings,vague,0,generated,full_context,0,0,1,0,0,1,0,0,0,0,3,3,1,0,0,0,4,0.0015785390278324485,full_context_proposal,63b94924eb2fbb850f9ca0b9fd0023e7afed01e1f09c8968c1d02c0add3bdd8e,0,0
262,data/vague/Job Postings/vague_2cols_compensation/vague_2cols_compensation.sqlite,Job Postings,vague,0,generated,full_context,1,0,1,0,0,1,0,0,0,0,3,3,1,0,0,0,4,0.0016754160169512033,full_context_proposal,8e0715506b741bef374f2f28ea73c68139b90cecc58b50f498dc62e0e1c64af0,0,0
262,data/vague/Job Postings/vague_2cols_compensation/vague_2cols_compensation.sqlite,Job Postings,vague,0,generated,full_context,2,0,1,0,0,1,0,0,0,0,3,3,1,0,0,0,4,0.0020598999690264463,full_context_proposal,c2227d99d61d70c36e6fd8dacdf7f9c76f90ddc0f030da002699e47b33a4fe88,0,0
262,data/vague/Job Postings/vague_2cols_compensation/vague_2cols_compensation.sqlite,Job Postings,vague,0,generated,matched_checking,0,0,1,0,0,1,0,0,0,0,3,3,1,0,0,0,4,0.0015615989686921239,execution_vote,2c6a945050aff1db8afe9531317d7ec2af6d30ce7ea456579f3cfd5b63b717e4,0,0
262,data/vague/Job Postings/vague_2cols_compensation/vague_2cols_compensation.sqlite,Job Postings,vague,0,generated,matched_checking,1,0,1,0,0,1,0,0,0,0,3,3,1,0,0,0,4,0.0016601879615336657,execution_vote,7df3d13ec32621ae9c6b5e5cbd2d8b18154093433e22a18721c38173910b1ea6,0,0
262,data/vague/Job Postings/vague_2cols_compensation/vague_2cols_compensation.sqlite,Job Postings,vague,0,generated,matched_checking,2,0,1,0,0,1,0,0,0,0,3,3,1,0,0,0,4,0.0015723820542916656,execution_vote,3f46551b67f16c187139ce4ab4ddfe5cc1766691e50bee4ec2491ad99c3dd82e,0,0
262,data/vague/Job Postings/vague_2cols_compensation/vague_2cols_compensation.sqlite,Job Postings,vague,0,generated,no_recovery,0,0,0,0,1,0,1,0,0,0,3,3,1,0,0,0,4,0.0015960970195010304,unresolved_interpretation,07d0190efa8f16de9f1bee6abca30a87b5cdb5397bd2d3578e0d79bc49201ed6,0,0
262,data/vague/Job Postings/vague_2cols_compensation/vague_2cols_compensation.sqlite,Job Postings,vague,0,generated,no_recovery,1,1,1,0,0,1,0,0,0,0,3,3,1,0,0,0,5,0.0020184990717098117,user_answer,fbdb403e4630d22875676ef569c1dedca4d9f6ee9332b05fd0623fe65e695383,0,0
262,data/vague/Job Postings/vague_2cols_compensation/vague_2cols_compensation.sqlite,Job Postings,vague,0,generated,no_recovery,2,1,1,0,0,1,0,0,0,0,3,3,1,0,0,0,5,0.0022565850522369146,user_answer,146c18a0a9dd5a0554b7202c25a62c13c0204547b50c4ab48399feec0758391a,0,0
262,data/vague/Job Postings/vague_2cols_compensation/vague_2cols_compensation.sqlite,Job Postings,vague,0,generated,no_verification,0,0,0,0,1,0,1,0,0,0,3,3,1,0,0,0,4,0.0015576370060443878,unresolved_interpretation,07d0190efa8f16de9f1bee6abca30a87b5cdb5397bd2d3578e0d79bc49201ed6,0,0
262,data/vague/Job Postings/vague_2cols_compensation/vague_2cols_compensation.sqlite,Job Postings,vague,0,generated,no_verification,1,1,1,0,0,1,0,0,0,0,3,3,1,0,0,0,5,0.002114700968377292,user_answer,fbdb403e4630d22875676ef569c1dedca4d9f6ee9332b05fd0623fe65e695383,0,0
262,data/vague/Job Postings/vague_2cols_compensation/vague_2cols_compensation.sqlite,Job Postings,vague,0,generated,no_verification,2,1,1,0,0,1,0,0,0,0,3,3,1,0,0,0,5,0.0019978350028395653,user_answer,146c18a0a9dd5a0554b7202c25a62c13c0204547b50c4ab48399feec0758391a,0,0
262,data/vague/Job Postings/vague_2cols_compensation/vague_2cols_compensation.sqlite,Job Postings,vague,0,generated,no_coverage_guard,0,0,0,0,1,0,1,0,0,0,3,3,1,0,0,0,4,0.001575250062160194,unresolved_interpretation,07d0190efa8f16de9f1bee6abca30a87b5cdb5397bd2d3578e0d79bc49201ed6,0,0
262,data/vague/Job Postings/vague_2cols_compensation/vague_2cols_compensation.sqlite,Job Postings,vague,0,generated,no_coverage_guard,1,1,1,0,0,1,0,0,0,0,3,3,1,0,0,0,5,0.002169487066566944,user_answer,fbdb403e4630d22875676ef569c1dedca4d9f6ee9332b05fd0623fe65e695383,0,0
262,data/vague/Job Postings/vague_2cols_compensation/vague_2cols_compensation.sqlite,Job Postings,vague,0,generated,no_coverage_guard,2,1,1,0,0,1,0,0,0,0,3,3,1,0,0,0,5,0.0020188059424981475,user_answer,146c18a0a9dd5a0554b7202c25a62c13c0204547b50c4ab48399feec0758391a,0,0
262,data/vague/Job Postings/vague_2cols_compensation/vague_2cols_compensation.sqlite,Job Postings,vague,0,generated,no_sharing,0,0,0,0,1,0,1,0,0,0,3,3,1,0,0,0,4,0.0016468060202896595,unresolved_interpretation,07d0190efa8f16de9f1bee6abca30a87b5cdb5397bd2d3578e0d79bc49201ed6,0,0
262,data/vague/Job Postings/vague_2cols_compensation/vague_2cols_compensation.sqlite,Job Postings,vague,0,generated,no_sharing,1,1,1,0,0,1,0,0,0,0,3,3,1,0,0,0,5,0.0020122979767620564,user_answer,fbdb403e4630d22875676ef569c1dedca4d9f6ee9332b05fd0623fe65e695383,0,0
262,data/vague/Job Postings/vague_2cols_compensation/vague_2cols_compensation.sqlite,Job Postings,vague,0,generated,no_sharing,2,1,1,0,0,1,0,0,0,0,3,3,1,0,0,0,5,0.002052307012490928,user_answer,146c18a0a9dd5a0554b7202c25a62c13c0204547b50c4ab48399feec0758391a,0,0
262,data/vague/Job Postings/vague_2cols_compensation/vague_2cols_compensation.sqlite,Job Postings,vague,0,generated,all_wait,0,0,0,0,1,0,1,0,0,0,3,3,1,0,0,0,4,0.0016467870445922017,unresolved_interpretation,07d0190efa8f16de9f1bee6abca30a87b5cdb5397bd2d3578e0d79bc49201ed6,0,0
262,data/vague/Job Postings/vague_2cols_compensation/vague_2cols_compensation.sqlite,Job Postings,vague,0,generated,all_wait,1,1,1,0,0,1,0,0,0,0,3,3,1,0,0,0,5,0.0020085679134353995,user_answer,fbdb403e4630d22875676ef569c1dedca4d9f6ee9332b05fd0623fe65e695383,0,0
262,data/vague/Job Postings/vague_2cols_compensation/vague_2cols_compensation.sqlite,Job Postings,vague,0,generated,all_wait,2,1,1,0,0,1,0,0,0,0,3,3,1,0,0,0,5,0.0019881660118699074,user_answer,146c18a0a9dd5a0554b7202c25a62c13c0204547b50c4ab48399feec0758391a,0,0
262,data/vague/Job Postings/vague_2cols_compensation/vague_2cols_compensation.sqlite,Job Postings,vague,0,reference_candidates,recovery_completion,0,0,0,0,1,0,1,0,0,0,3,3,1,0,0,0,6,0.002269179094582796,unresolved_interpretation,1bc987cbb25c414bd7d193a8e62ab987efacecef217535851cba31f9a97bcd02,0,0
262,data/vague/Job Postings/vague_2cols_compensation/vague_2cols_compensation.sqlite,Job Postings,vague,0,reference_candidates,recovery_completion,1,1,1,0,0,1,0,0,0,0,3,3,1,0,0,0,7,0.00309550401289016,user_answer,5cd331fae5a76e7eae8140221b79f7a12b5141bd50720993e330c65a48222004,0,0
262,data/vague/Job Postings/vague_2cols_compensation/vague_2cols_compensation.sqlite,Job Postings,vague,0,reference_candidates,recovery_completion,2,1,1,0,0,1,0,0,0,0,3,3,1,0,0,0,7,0.0029602820286527276,user_answer,19147728205ea8742b84477b16a723bd1d931c56ad047289e6be9b0c2e180013,0,0
262,data/vague/Job Postings/vague_2cols_compensation/vague_2cols_compensation.sqlite,Job Postings,vague,0,reference_candidates,recovery_depth2,0,0,0,0,1,0,1,0,0,0,3,3,1,0,0,0,6,0.0022642340045422316,unresolved_interpretation,1bc987cbb25c414bd7d193a8e62ab987efacecef217535851cba31f9a97bcd02,0,0
262,data/vague/Job Postings/vague_2cols_compensation/vague_2cols_compensation.sqlite,Job Postings,vague,0,reference_candidates,recovery_depth2,1,1,1,0,0,1,0,0,0,0,3,3,1,0,0,0,7,0.0028731439961120486,user_answer,5cd331fae5a76e7eae8140221b79f7a12b5141bd50720993e330c65a48222004,0,0
262,data/vague/Job Postings/vague_2cols_compensation/vague_2cols_compensation.sqlite,Job Postings,vague,0,reference_candidates,recovery_depth2,2,1,1,0,0,1,0,0,0,0,3,3,1,0,0,0,7,0.0033958919811993837,user_answer,19147728205ea8742b84477b16a723bd1d931c56ad047289e6be9b0c2e180013,0,0
262,data/vague/Job Postings/vague_2cols_compensation/vague_2cols_compensation.sqlite,Job Postings,vague,0,reference_candidates,verification,0,0,0,0,1,0,1,0,0,0,3,3,1,0,0,0,6,0.0023161889985203743,unresolved_interpretation,1bc987cbb25c414bd7d193a8e62ab987efacecef217535851cba31f9a97bcd02,0,0
262,data/vague/Job Postings/vague_2cols_compensation/vague_2cols_compensation.sqlite,Job Postings,vague,0,reference_candidates,verification,1,1,1,0,0,1,0,0,0,0,3,3,1,0,0,0,7,0.0027703980449587107,user_answer,5cd331fae5a76e7eae8140221b79f7a12b5141bd50720993e330c65a48222004,0,0
262,data/vague/Job Postings/vague_2cols_compensation/vague_2cols_compensation.sqlite,Job Postings,vague,0,reference_candidates,verification,2,1,1,0,0,1,0,0,0,0,3,3,1,0,0,0,7,0.0026914080372080207,user_answer,19147728205ea8742b84477b16a723bd1d931c56ad047289e6be9b0c2e180013,0,0
262,data/vague/Job Postings/vague_2cols_compensation/vague_2cols_compensation.sqlite,Job Postings,vague,0,reference_candidates,full_context,0,0,1,0,0,1,0,0,0,0,3,3,1,0,0,0,6,0.002305599977262318,full_context_proposal,2a37aa9bf691d3c036a6dd84702e0bdf563b71d03f6111581bb5bbd0970a8469,0,0
262,data/vague/Job Postings/vague_2cols_compensation/vague_2cols_compensation.sqlite,Job Postings,vague,0,reference_candidates,full_context,1,0,1,0,0,1,0,0,0,0,3,3,1,0,0,0,6,0.002263456000946462,full_context_proposal,fa819b0b599c3f87c0c692b1dd70a5f21e50f0998ffb00056e2601e4c3b9d214,0,0
262,data/vague/Job Postings/vague_2cols_compensation/vague_2cols_compensation.sqlite,Job Postings,vague,0,reference_candidates,full_context,2,0,1,0,0,1,0,0,0,0,3,3,1,0,0,0,6,0.002369321999140084,full_context_proposal,9977ab7ac28dd5d89c1a45b61407e30411757950edc5a0dded175a572df2408a,0,0
262,data/vague/Job Postings/vague_2cols_compensation/vague_2cols_compensation.sqlite,Job Postings,vague,0,reference_candidates,matched_checking,0,0,1,0,0,1,0,0,0,0,3,3,1,0,0,0,6,0.002334066084586084,execution_vote,d7489b009dd60261447e1f02aa7bc379b259f0dc1e09db34d865b9fa5403c252,0,0
262,data/vague/Job Postings/vague_2cols_compensation/vague_2cols_compensation.sqlite,Job Postings,vague,0,reference_candidates,matched_checking,1,0,1,0,0,1,0,0,0,0,3,3,1,0,0,0,6,0.0022603749530389905,execution_vote,311c6f8c63e7c30492082fc977d8e4d67f59d7fa2deafb00fce5e906f24e2a69,0,0
262,data/vague/Job Postings/vague_2cols_compensation/vague_2cols_compensation.sqlite,Job Postings,vague,0,reference_candidates,matched_checking,2,0,1,0,0,1,0,0,0,0,3,3,1,0,0,0,6,0.0023667000932618976,execution_vote,f1a0758e4feffe288230dc3296d3d58e8d2ce1825654daa6accfedabb7fbef8d,0,0
262,data/vague/Job Postings/vague_2cols_compensation/vague_2cols_compensation.sqlite,Job Postings,vague,0,reference_candidates,no_recovery,0,0,0,0,1,0,1,0,0,0,3,3,1,0,0,0,6,0.0024934280663728714,unresolved_interpretation,1bc987cbb25c414bd7d193a8e62ab987efacecef217535851cba31f9a97bcd02,0,0
262,data/vague/Job Postings/vague_2cols_compensation/vague_2cols_compensation.sqlite,Job Postings,vague,0,reference_candidates,no_recovery,1,1,1,0,0,1,0,0,0,0,3,3,1,0,0,0,7,0.0027039999840781093,user_answer,5cd331fae5a76e7eae8140221b79f7a12b5141bd50720993e330c65a48222004,0,0
262,data/vague/Job Postings/vague_2cols_compensation/vague_2cols_compensation.sqlite,Job Postings,vague,0,reference_candidates,no_recovery,2,1,1,0,0,1,0,0,0,0,3,3,1,0,0,0,7,0.0027717590564861894,user_answer,19147728205ea8742b84477b16a723bd1d931c56ad047289e6be9b0c2e180013,0,0
262,data/vague/Job Postings/vague_2cols_compensation/vague_2cols_compensation.sqlite,Job Postings,vague,0,reference_candidates,no_verification,0,0,0,0,1,0,1,0,0,0,3,3,1,0,0,0,6,0.0022582169622182846,unresolved_interpretation,1bc987cbb25c414bd7d193a8e62ab987efacecef217535851cba31f9a97bcd02,0,0
262,data/vague/Job Postings/vague_2cols_compensation/vague_2cols_compensation.sqlite,Job Postings,vague,0,reference_candidates,no_verification,1,1,1,0,0,1,0,0,0,0,3,3,1,0,0,0,7,0.002721493015997112,user_answer,5cd331fae5a76e7eae8140221b79f7a12b5141bd50720993e330c65a48222004,0,0
262,data/vague/Job Postings/vague_2cols_compensation/vague_2cols_compensation.sqlite,Job Postings,vague,0,reference_candidates,no_verification,2,1,1,0,0,1,0,0,0,0,3,3,1,0,0,0,7,0.0027750919107347727,user_answer,19147728205ea8742b84477b16a723bd1d931c56ad047289e6be9b0c2e180013,0,0
262,data/vague/Job Postings/vague_2cols_compensation/vague_2cols_compensation.sqlite,Job Postings,vague,0,reference_candidates,no_coverage_guard,0,0,0,0,1,0,1,0,0,0,3,3,1,0,0,0,6,0.0022688880562782288,unresolved_interpretation,1bc987cbb25c414bd7d193a8e62ab987efacecef217535851cba31f9a97bcd02,0,0
262,data/vague/Job Postings/vague_2cols_compensation/vague_2cols_compensation.sqlite,Job Postings,vague,0,reference_candidates,no_coverage_guard,1,1,1,0,0,1,0,0,0,0,3,3,1,0,0,0,7,0.002719951909966767,user_answer,5cd331fae5a76e7eae8140221b79f7a12b5141bd50720993e330c65a48222004,0,0
262,data/vague/Job Postings/vague_2cols_compensation/vague_2cols_compensation.sqlite,Job Postings,vague,0,reference_candidates,no_coverage_guard,2,1,1,0,0,1,0,0,0,0,3,3,1,0,0,0,7,0.00269823195412755,user_answer,19147728205ea8742b84477b16a723bd1d931c56ad047289e6be9b0c2e180013,0,0
262,data/vague/Job Postings/vague_2cols_compensation/vague_2cols_compensation.sqlite,Job Postings,vague,0,reference_candidates,no_sharing,0,0,0,0,1,0,1,0,0,0,3,3,1,0,0,0,6,0.002287245006300509,unresolved_interpretation,1bc987cbb25c414bd7d193a8e62ab987efacecef217535851cba31f9a97bcd02,0,0
262,data/vague/Job Postings/vague_2cols_compensation/vague_2cols_compensation.sqlite,Job Postings,vague,0,reference_candidates,no_sharing,1,1,1,0,0,1,0,0,0,0,3,3,1,0,0,0,7,0.002748257014900446,user_answer,5cd331fae5a76e7eae8140221b79f7a12b5141bd50720993e330c65a48222004,0,0
262,data/vague/Job Postings/vague_2cols_compensation/vague_2cols_compensation.sqlite,Job Postings,vague,0,reference_candidates,no_sharing,2,1,1,0,0,1,0,0,0,0,3,3,1,0,0,0,7,0.0026847190456464887,user_answer,19147728205ea8742b84477b16a723bd1d931c56ad047289e6be9b0c2e180013,0,0
262,data/vague/Job Postings/vague_2cols_compensation/vague_2cols_compensation.sqlite,Job Postings,vague,0,reference_candidates,all_wait,0,0,0,0,1,0,1,0,0,0,3,3,1,0,0,0,6,0.0023071409668773413,unresolved_interpretation,1bc987cbb25c414bd7d193a8e62ab987efacecef217535851cba31f9a97bcd02,0,0
262,data/vague/Job Postings/vague_2cols_compensation/vague_2cols_compensation.sqlite,Job Postings,vague,0,reference_candidates,all_wait,1,1,1,0,0,1,0,0,0,0,3,3,1,0,0,0,7,0.0027492590015754104,user_answer,5cd331fae5a76e7eae8140221b79f7a12b5141bd50720993e330c65a48222004,0,0
262,data/vague/Job Postings/vague_2cols_compensation/vague_2cols_compensation.sqlite,Job Postings,vague,0,reference_candidates,all_wait,2,1,1,0,0,1,0,0,0,0,3,3,1,0,0,0,7,0.0026858729543164372,user_answer,19147728205ea8742b84477b16a723bd1d931c56ad047289e6be9b0c2e180013,0,0
262,data/vague/Job Postings/vague_2cols_compensation/vague_2cols_compensation.sqlite,Job Postings,vague,0,source_recovery,recovery_completion,0,0,1,0,0,1,0,1,0,0,3,3,1,0,0,0,6,0.0022609069710597396,source_recovery,8b02af6c3cc1efbe30381c4d61a9026de8f0d22a8ad0071d05a181afb4ad3406,0,0
262,data/vague/Job Postings/vague_2cols_compensation/vague_2cols_compensation.sqlite,Job Postings,vague,0,source_recovery,recovery_completion,1,0,1,0,0,1,0,1,0,0,3,3,1,0,0,0,6,0.0022930899867787957,source_recovery,4621dceea7b1f880743b833fcd21155ceec9f6042b802722117b558eabcab188,0,0
262,data/vague/Job Postings/vague_2cols_compensation/vague_2cols_compensation.sqlite,Job Postings,vague,0,source_recovery,recovery_completion,2,0,1,0,0,1,0,1,0,0,3,3,1,0,0,0,6,0.0022531570866703987,source_recovery,3bb519b5e21d662d75d3eb9fe8b7cdf0cae6d188ec9c65ec4997ddcb55d6f9f0,0,0
262,data/vague/Job Postings/vague_2cols_compensation/vague_2cols_compensation.sqlite,Job Postings,vague,0,source_recovery,recovery_depth2,0,0,1,0,0,1,0,1,0,0,3,3,1,0,0,0,6,0.002388488035649061,source_recovery,8b02af6c3cc1efbe30381c4d61a9026de8f0d22a8ad0071d05a181afb4ad3406,0,0
262,data/vague/Job Postings/vague_2cols_compensation/vague_2cols_compensation.sqlite,Job Postings,vague,0,source_recovery,recovery_depth2,1,0,1,0,0,1,0,1,0,0,3,3,1,0,0,0,6,0.002227401011623442,source_recovery,4621dceea7b1f880743b833fcd21155ceec9f6042b802722117b558eabcab188,0,0
262,data/vague/Job Postings/vague_2cols_compensation/vague_2cols_compensation.sqlite,Job Postings,vague,0,source_recovery,recovery_depth2,2,0,1,0,0,1,0,1,0,0,3,3,1,0,0,0,6,0.0022452380508184433,source_recovery,3bb519b5e21d662d75d3eb9fe8b7cdf0cae6d188ec9c65ec4997ddcb55d6f9f0,0,0
262,data/vague/Job Postings/vague_2cols_compensation/vague_2cols_compensation.sqlite,Job Postings,vague,0,source_recovery,verification,0,0,1,0,0,1,0,1,0,0,3,3,1,0,0,0,6,0.0022575940238311887,source_recovery,8b02af6c3cc1efbe30381c4d61a9026de8f0d22a8ad0071d05a181afb4ad3406,0,0
262,data/vague/Job Postings/vague_2cols_compensation/vague_2cols_compensation.sqlite,Job Postings,vague,0,source_recovery,verification,1,0,1,0,0,1,0,1,0,0,3,3,1,0,0,0,6,0.002276973915286362,source_recovery,4621dceea7b1f880743b833fcd21155ceec9f6042b802722117b558eabcab188,0,0
262,data/vague/Job Postings/vague_2cols_compensation/vague_2cols_compensation.sqlite,Job Postings,vague,0,source_recovery,verification,2,0,1,0,0,1,0,1,0,0,3,3,1,0,0,0,6,0.0023042489774525166,source_recovery,3bb519b5e21d662d75d3eb9fe8b7cdf0cae6d188ec9c65ec4997ddcb55d6f9f0,0,0
262,data/vague/Job Postings/vague_2cols_compensation/vague_2cols_compensation.sqlite,Job Postings,vague,0,source_recovery,full_context,0,0,1,0,0,1,0,1,0,0,3,3,1,0,0,0,6,0.0023116680094972253,source_recovery,8b02af6c3cc1efbe30381c4d61a9026de8f0d22a8ad0071d05a181afb4ad3406,0,0
262,data/vague/Job Postings/vague_2cols_compensation/vague_2cols_compensation.sqlite,Job Postings,vague,0,source_recovery,full_context,1,0,1,0,0,1,0,1,0,0,3,3,1,0,0,0,6,0.002563160960562527,source_recovery,4621dceea7b1f880743b833fcd21155ceec9f6042b802722117b558eabcab188,0,0
262,data/vague/Job Postings/vague_2cols_compensation/vague_2cols_compensation.sqlite,Job Postings,vague,0,source_recovery,full_context,2,0,1,0,0,1,0,1,0,0,3,3,1,0,0,0,6,0.00236443302128464,source_recovery,3bb519b5e21d662d75d3eb9fe8b7cdf0cae6d188ec9c65ec4997ddcb55d6f9f0,0,0
262,data/vague/Job Postings/vague_2cols_compensation/vague_2cols_compensation.sqlite,Job Postings,vague,0,source_recovery,matched_checking,0,0,1,0,0,1,0,1,0,0,3,3,1,0,0,0,6,0.002308764960616827,source_recovery,8b02af6c3cc1efbe30381c4d61a9026de8f0d22a8ad0071d05a181afb4ad3406,0,0
262,data/vague/Job Postings/vague_2cols_compensation/vague_2cols_compensation.sqlite,Job Postings,vague,0,source_recovery,matched_checking,1,0,1,0,0,1,0,1,0,0,3,3,1,0,0,0,6,0.0022556830663233995,source_recovery,4621dceea7b1f880743b833fcd21155ceec9f6042b802722117b558eabcab188,0,0
262,data/vague/Job Postings/vague_2cols_compensation/vague_2cols_compensation.sqlite,Job Postings,vague,0,source_recovery,matched_checking,2,0,1,0,0,1,0,1,0,0,3,3,1,0,0,0,6,0.0023317260202020407,source_recovery,3bb519b5e21d662d75d3eb9fe8b7cdf0cae6d188ec9c65ec4997ddcb55d6f9f0,0,0
262,data/vague/Job Postings/vague_2cols_compensation/vague_2cols_compensation.sqlite,Job Postings,vague,0,source_recovery,no_recovery,0,0,0,0,1,0,1,0,0,0,3,3,1,0,0,0,6,0.0022490150295197964,unresolved_interpretation,2fed4a5f77132e5b0ec87bdb5d650ba7f824e22fdaa50dd3cab7acdac4a4f2c6,0,0
262,data/vague/Job Postings/vague_2cols_compensation/vague_2cols_compensation.sqlite,Job Postings,vague,0,source_recovery,no_recovery,1,1,1,0,0,1,0,0,0,0,3,3,1,0,0,0,7,0.0027210389962419868,user_answer,9e0488f8184f8df998d23722ed59daf9f6120a4a55931399d628871c0c604eeb,0,0
262,data/vague/Job Postings/vague_2cols_compensation/vague_2cols_compensation.sqlite,Job Postings,vague,0,source_recovery,no_recovery,2,1,1,0,0,1,0,0,0,0,3,3,1,0,0,0,7,0.0027055550599470735,user_answer,1868e3c1b93307d7fe91c99e8e01bf98811ab74696a09bdc13be85ececcb2a09,0,0
262,data/vague/Job Postings/vague_2cols_compensation/vague_2cols_compensation.sqlite,Job Postings,vague,0,source_recovery,no_verification,0,0,1,0,0,1,0,1,0,0,3,3,1,0,0,0,6,0.002236403990536928,source_recovery,8b02af6c3cc1efbe30381c4d61a9026de8f0d22a8ad0071d05a181afb4ad3406,0,0
262,data/vague/Job Postings/vague_2cols_compensation/vague_2cols_compensation.sqlite,Job Postings,vague,0,source_recovery,no_verification,1,0,1,0,0,1,0,1,0,0,3,3,1,0,0,0,6,0.002359656966291368,source_recovery,4621dceea7b1f880743b833fcd21155ceec9f6042b802722117b558eabcab188,0,0
262,data/vague/Job Postings/vague_2cols_compensation/vague_2cols_compensation.sqlite,Job Postings,vague,0,source_recovery,no_verification,2,0,1,0,0,1,0,1,0,0,3,3,1,0,0,0,6,0.002321964013390243,source_recovery,3bb519b5e21d662d75d3eb9fe8b7cdf0cae6d188ec9c65ec4997ddcb55d6f9f0,0,0
262,data/vague/Job Postings/vague_2cols_compensation/vague_2cols_compensation.sqlite,Job Postings,vague,0,source_recovery,no_coverage_guard,0,0,1,0,0,1,0,1,0,0,3,3,1,0,0,0,6,0.002244842005893588,source_recovery,8b02af6c3cc1efbe30381c4d61a9026de8f0d22a8ad0071d05a181afb4ad3406,0,0
262,data/vague/Job Postings/vague_2cols_compensation/vague_2cols_compensation.sqlite,Job Postings,vague,0,source_recovery,no_coverage_guard,1,0,1,0,0,1,0,1,0,0,3,3,1,0,0,0,6,0.0023290259996429086,source_recovery,4621dceea7b1f880743b833fcd21155ceec9f6042b802722117b558eabcab188,0,0
262,data/vague/Job Postings/vague_2cols_compensation/vague_2cols_compensation.sqlite,Job Postings,vague,0,source_recovery,no_coverage_guard,2,0,1,0,0,1,0,1,0,0,3,3,1,0,0,0,6,0.0022619430674239993,source_recovery,3bb519b5e21d662d75d3eb9fe8b7cdf0cae6d188ec9c65ec4997ddcb55d6f9f0,0,0
262,data/vague/Job Postings/vague_2cols_compensation/vague_2cols_compensation.sqlite,Job Postings,vague,0,source_recovery,no_sharing,0,0,1,0,0,1,0,1,0,0,3,3,1,0,0,0,6,0.002398584969341755,source_recovery,8b02af6c3cc1efbe30381c4d61a9026de8f0d22a8ad0071d05a181afb4ad3406,0,0
262,data/vague/Job Postings/vague_2cols_compensation/vague_2cols_compensation.sqlite,Job Postings,vague,0,source_recovery,no_sharing,1,0,1,0,0,1,0,1,0,0,3,3,1,0,0,0,6,0.002255253028124571,source_recovery,4621dceea7b1f880743b833fcd21155ceec9f6042b802722117b558eabcab188,0,0
262,data/vague/Job Postings/vague_2cols_compensation/vague_2cols_compensation.sqlite,Job Postings,vague,0,source_recovery,no_sharing,2,0,1,0,0,1,0,1,0,0,3,3,1,0,0,0,6,0.002243852009996772,source_recovery,3bb519b5e21d662d75d3eb9fe8b7cdf0cae6d188ec9c65ec4997ddcb55d6f9f0,0,0
262,data/vague/Job Postings/vague_2cols_compensation/vague_2cols_compensation.sqlite,Job Postings,vague,0,source_recovery,all_wait,0,0,1,0,0,1,0,1,0,0,3,3,1,0,0,0,6,0.0022923729848116636,source_recovery,8b02af6c3cc1efbe30381c4d61a9026de8f0d22a8ad0071d05a181afb4ad3406,0,0
262,data/vague/Job Postings/vague_2cols_compensation/vague_2cols_compensation.sqlite,Job Postings,vague,0,source_recovery,all_wait,1,0,1,0,0,1,0,1,0,0,3,3,1,0,0,0,6,0.0023328979732468724,source_recovery,4621dceea7b1f880743b833fcd21155ceec9f6042b802722117b558eabcab188,0,0
262,data/vague/Job Postings/vague_2cols_compensation/vague_2cols_compensation.sqlite,Job Postings,vague,0,source_recovery,all_wait,2,0,1,0,0,1,0,1,0,0,3,3,1,0,0,0,6,0.002245369949378073,source_recovery,3bb519b5e21d662d75d3eb9fe8b7cdf0cae6d188ec9c65ec4997ddcb55d6f9f0,0,0
279,data/vague/Housing Market/vague_2cols_location/vague_2cols_location.sqlite,Housing Market,vague,0,generated,recovery_completion,0,0,0,0,1,0,1,0,0,0,2,3,1,0,0,0,4,0.002119772951118648,unresolved_interpretation,5879645207e59f03f6d6665e49b3d0660214fa60fac19d415cc686c8f6d192bc,0,0
279,data/vague/Housing Market/vague_2cols_location/vague_2cols_location.sqlite,Housing Market,vague,0,generated,recovery_completion,1,1,1,0,0,1,0,0,0,0,2,3,1,0,0,0,5,0.0026480238884687424,user_answer,9bef7a923828398c3c614623b635e98f12980f6ba3f5b3f78409de75fac5875f,0,0
279,data/vague/Housing Market/vague_2cols_location/vague_2cols_location.sqlite,Housing Market,vague,0,generated,recovery_completion,2,1,1,0,0,1,0,0,0,0,2,3,1,0,0,0,5,0.002632028074003756,user_answer,64e1941faeed3261ae01e82daef9c0c051971d355719aa11d279c2bc94d43093,0,0
279,data/vague/Housing Market/vague_2cols_location/vague_2cols_location.sqlite,Housing Market,vague,0,generated,recovery_depth2,0,0,0,0,1,0,1,0,0,0,2,3,1,0,0,0,4,0.0019577350467443466,unresolved_interpretation,5879645207e59f03f6d6665e49b3d0660214fa60fac19d415cc686c8f6d192bc,0,0
279,data/vague/Housing Market/vague_2cols_location/vague_2cols_location.sqlite,Housing Market,vague,0,generated,recovery_depth2,1,1,1,0,0,1,0,0,0,0,2,3,1,0,0,0,5,0.0026481800014153123,user_answer,9bef7a923828398c3c614623b635e98f12980f6ba3f5b3f78409de75fac5875f,0,0
279,data/vague/Housing Market/vague_2cols_location/vague_2cols_location.sqlite,Housing Market,vague,0,generated,recovery_depth2,2,1,1,0,0,1,0,0,0,0,2,3,1,0,0,0,5,0.002920268103480339,user_answer,64e1941faeed3261ae01e82daef9c0c051971d355719aa11d279c2bc94d43093,0,0
279,data/vague/Housing Market/vague_2cols_location/vague_2cols_location.sqlite,Housing Market,vague,0,generated,verification,0,0,0,0,1,0,1,0,0,0,2,3,1,0,0,0,4,0.002019069972448051,unresolved_interpretation,5879645207e59f03f6d6665e49b3d0660214fa60fac19d415cc686c8f6d192bc,0,0
279,data/vague/Housing Market/vague_2cols_location/vague_2cols_location.sqlite,Housing Market,vague,0,generated,verification,1,1,1,0,0,1,0,0,0,0,2,3,1,0,0,0,5,0.002490165992639959,user_answer,9bef7a923828398c3c614623b635e98f12980f6ba3f5b3f78409de75fac5875f,0,0
279,data/vague/Housing Market/vague_2cols_location/vague_2cols_location.sqlite,Housing Market,vague,0,generated,verification,2,1,1,0,0,1,0,0,0,0,2,3,1,0,0,0,5,0.002513818093575537,user_answer,64e1941faeed3261ae01e82daef9c0c051971d355719aa11d279c2bc94d43093,0,0
279,data/vague/Housing Market/vague_2cols_location/vague_2cols_location.sqlite,Housing Market,vague,0,generated,full_context,0,0,1,0,0,1,0,0,0,0,2,3,1,0,0,0,4,0.0019950539572164416,full_context_proposal,8dac7feea54c01dd22f283691ee37a7cc936f48b0c0440e3cfe101522cd9bb5b,0,0
279,data/vague/Housing Market/vague_2cols_location/vague_2cols_location.sqlite,Housing Market,vague,0,generated,full_context,1,0,1,0,0,1,0,0,0,0,2,3,1,0,0,0,4,0.001964066061191261,full_context_proposal,43b7c9b144ce13574f569955ccd5a546c6007aadc0b6cf328daff47b2aef7507,0,0
279,data/vague/Housing Market/vague_2cols_location/vague_2cols_location.sqlite,Housing Market,vague,0,generated,full_context,2,0,1,0,0,1,0,0,0,0,2,3,1,0,0,0,4,0.0019688279135152698,full_context_proposal,5a5c9b597263bdc70c1f09126f6993e9778b9703648714b3fd3dd07c269368a0,0,0
279,data/vague/Housing Market/vague_2cols_location/vague_2cols_location.sqlite,Housing Market,vague,0,generated,matched_checking,0,0,0,1,0,0,4,0,0,0,2,3,1,0,0,0,4,0.0019832070684060454,execution_vote,7f5727d9328cce4a3f0ee5cc822a9783b54ff5015df68ed0493db2b60d7e728f,0,0
279,data/vague/Housing Market/vague_2cols_location/vague_2cols_location.sqlite,Housing Market,vague,0,generated,matched_checking,1,0,0,1,0,0,4,0,0,0,2,3,1,0,0,0,4,0.0020240209996700287,execution_vote,b9ce413a01577d7f905a6612c4258f153f2d3968b1842e34834fa869fcc965aa,0,0
279,data/vague/Housing Market/vague_2cols_location/vague_2cols_location.sqlite,Housing Market,vague,0,generated,matched_checking,2,0,0,1,0,0,4,0,0,0,2,3,1,0,0,0,4,0.001987438998185098,execution_vote,75066383c91d9d038c2dc563bf9b2dccf40f592cab343fc1ac7d48efbc0c593e,0,0
279,data/vague/Housing Market/vague_2cols_location/vague_2cols_location.sqlite,Housing Market,vague,0,generated,no_recovery,0,0,0,0,1,0,1,0,0,0,2,3,1,0,0,0,4,0.002078567980788648,unresolved_interpretation,5879645207e59f03f6d6665e49b3d0660214fa60fac19d415cc686c8f6d192bc,0,0
279,data/vague/Housing Market/vague_2cols_location/vague_2cols_location.sqlite,Housing Market,vague,0,generated,no_recovery,1,1,1,0,0,1,0,0,0,0,2,3,1,0,0,0,5,0.002546409028582275,user_answer,9bef7a923828398c3c614623b635e98f12980f6ba3f5b3f78409de75fac5875f,0,0
279,data/vague/Housing Market/vague_2cols_location/vague_2cols_location.sqlite,Housing Market,vague,0,generated,no_recovery,2,1,1,0,0,1,0,0,0,0,2,3,1,0,0,0,5,0.0026085020508617163,user_answer,64e1941faeed3261ae01e82daef9c0c051971d355719aa11d279c2bc94d43093,0,0
279,data/vague/Housing Market/vague_2cols_location/vague_2cols_location.sqlite,Housing Market,vague,0,generated,no_verification,0,0,0,0,1,0,1,0,0,0,2,3,1,0,0,0,4,0.001970615005120635,unresolved_interpretation,5879645207e59f03f6d6665e49b3d0660214fa60fac19d415cc686c8f6d192bc,0,0
279,data/vague/Housing Market/vague_2cols_location/vague_2cols_location.sqlite,Housing Market,vague,0,generated,no_verification,1,1,1,0,0,1,0,0,0,0,2,3,1,0,0,0,5,0.002683648024685681,user_answer,9bef7a923828398c3c614623b635e98f12980f6ba3f5b3f78409de75fac5875f,0,0
279,data/vague/Housing Market/vague_2cols_location/vague_2cols_location.sqlite,Housing Market,vague,0,generated,no_verification,2,1,1,0,0,1,0,0,0,0,2,3,1,0,0,0,5,0.003020301926881075,user_answer,64e1941faeed3261ae01e82daef9c0c051971d355719aa11d279c2bc94d43093,0,0
279,data/vague/Housing Market/vague_2cols_location/vague_2cols_location.sqlite,Housing Market,vague,0,generated,no_coverage_guard,0,0,0,0,1,0,1,0,0,0,2,3,1,0,0,0,4,0.0019719148986041546,unresolved_interpretation,5879645207e59f03f6d6665e49b3d0660214fa60fac19d415cc686c8f6d192bc,0,0
279,data/vague/Housing Market/vague_2cols_location/vague_2cols_location.sqlite,Housing Market,vague,0,generated,no_coverage_guard,1,1,1,0,0,1,0,0,0,0,2,3,1,0,0,0,5,0.0025868460070341825,user_answer,9bef7a923828398c3c614623b635e98f12980f6ba3f5b3f78409de75fac5875f,0,0
279,data/vague/Housing Market/vague_2cols_location/vague_2cols_location.sqlite,Housing Market,vague,0,generated,no_coverage_guard,2,1,1,0,0,1,0,0,0,0,2,3,1,0,0,0,5,0.002670314977876842,user_answer,64e1941faeed3261ae01e82daef9c0c051971d355719aa11d279c2bc94d43093,0,0
279,data/vague/Housing Market/vague_2cols_location/vague_2cols_location.sqlite,Housing Market,vague,0,generated,no_sharing,0,0,0,0,1,0,1,0,0,0,2,3,1,0,0,0,4,0.002193580032326281,unresolved_interpretation,5879645207e59f03f6d6665e49b3d0660214fa60fac19d415cc686c8f6d192bc,0,0
279,data/vague/Housing Market/vague_2cols_location/vague_2cols_location.sqlite,Housing Market,vague,0,generated,no_sharing,1,1,1,0,0,1,0,0,0,0,2,3,1,0,0,0,5,0.002702567959204316,user_answer,9bef7a923828398c3c614623b635e98f12980f6ba3f5b3f78409de75fac5875f,0,0
279,data/vague/Housing Market/vague_2cols_location/vague_2cols_location.sqlite,Housing Market,vague,0,generated,no_sharing,2,1,1,0,0,1,0,0,0,0,2,3,1,0,0,0,5,0.002550381002947688,user_answer,64e1941faeed3261ae01e82daef9c0c051971d355719aa11d279c2bc94d43093,0,0
279,data/vague/Housing Market/vague_2cols_location/vague_2cols_location.sqlite,Housing Market,vague,0,generated,all_wait,0,0,0,0,1,0,1,0,0,0,2,3,1,0,0,0,4,0.0019702600548043847,unresolved_interpretation,5879645207e59f03f6d6665e49b3d0660214fa60fac19d415cc686c8f6d192bc,0,0
279,data/vague/Housing Market/vague_2cols_location/vague_2cols_location.sqlite,Housing Market,vague,0,generated,all_wait,1,1,1,0,0,1,0,0,0,0,2,3,1,0,0,0,5,0.0025869790697470307,user_answer,9bef7a923828398c3c614623b635e98f12980f6ba3f5b3f78409de75fac5875f,0,0
279,data/vague/Housing Market/vague_2cols_location/vague_2cols_location.sqlite,Housing Market,vague,0,generated,all_wait,2,1,1,0,0,1,0,0,0,0,2,3,1,0,0,0,5,0.0025270950281992555,user_answer,64e1941faeed3261ae01e82daef9c0c051971d355719aa11d279c2bc94d43093,0,0
279,data/vague/Housing Market/vague_2cols_location/vague_2cols_location.sqlite,Housing Market,vague,0,reference_candidates,recovery_completion,0,0,0,0,1,0,1,0,0,0,3,3,1,0,0,0,6,0.0028391950763761997,unresolved_interpretation,b665019d149a4babd818bed4548289957604d08d2188edfe64ee1d3964ccdc99,0,0
279,data/vague/Housing Market/vague_2cols_location/vague_2cols_location.sqlite,Housing Market,vague,0,reference_candidates,recovery_completion,1,1,1,0,0,1,0,0,0,0,3,3,1,0,0,0,7,0.0037364769959822297,user_answer,59fbe7902aff203399e42bef197856887efd8dfbc5819e4a7620384e8694cc12,0,0
279,data/vague/Housing Market/vague_2cols_location/vague_2cols_location.sqlite,Housing Market,vague,0,reference_candidates,recovery_completion,2,1,1,0,0,1,0,0,0,0,3,3,1,0,0,0,7,0.0035829469561576843,user_answer,300eceee35a00a82de52942a0ad77aa55cc308ade7ce75e629881ddbb53ba03c,0,0
279,data/vague/Housing Market/vague_2cols_location/vague_2cols_location.sqlite,Housing Market,vague,0,reference_candidates,recovery_depth2,0,0,0,0,1,0,1,0,0,0,3,3,1,0,0,0,6,0.0028148420387879014,unresolved_interpretation,b665019d149a4babd818bed4548289957604d08d2188edfe64ee1d3964ccdc99,0,0
279,data/vague/Housing Market/vague_2cols_location/vague_2cols_location.sqlite,Housing Market,vague,0,reference_candidates,recovery_depth2,1,1,1,0,0,1,0,0,0,0,3,3,1,0,0,0,7,0.003853832953609526,user_answer,59fbe7902aff203399e42bef197856887efd8dfbc5819e4a7620384e8694cc12,0,0
279,data/vague/Housing Market/vague_2cols_location/vague_2cols_location.sqlite,Housing Market,vague,0,reference_candidates,recovery_depth2,2,1,1,0,0,1,0,0,0,0,3,3,1,0,0,0,7,0.0036466990131884813,user_answer,300eceee35a00a82de52942a0ad77aa55cc308ade7ce75e629881ddbb53ba03c,0,0
279,data/vague/Housing Market/vague_2cols_location/vague_2cols_location.sqlite,Housing Market,vague,0,reference_candidates,verification,0,0,0,0,1,0,1,0,0,0,3,3,1,0,0,0,6,0.0028875169809907675,unresolved_interpretation,b665019d149a4babd818bed4548289957604d08d2188edfe64ee1d3964ccdc99,0,0
279,data/vague/Housing Market/vague_2cols_location/vague_2cols_location.sqlite,Housing Market,vague,0,reference_candidates,verification,1,1,1,0,0,1,0,0,0,0,3,3,1,0,0,0,7,0.003497800906188786,user_answer,59fbe7902aff203399e42bef197856887efd8dfbc5819e4a7620384e8694cc12,0,0
279,data/vague/Housing Market/vague_2cols_location/vague_2cols_location.sqlite,Housing Market,vague,0,reference_candidates,verification,2,1,1,0,0,1,0,0,0,0,3,3,1,0,0,0,7,0.0033918480621650815,user_answer,300eceee35a00a82de52942a0ad77aa55cc308ade7ce75e629881ddbb53ba03c,0,0
279,data/vague/Housing Market/vague_2cols_location/vague_2cols_location.sqlite,Housing Market,vague,0,reference_candidates,full_context,0,0,1,0,0,1,0,0,0,0,3,3,1,0,0,0,6,0.0028505019145086408,full_context_proposal,66fc38d423718cdbec6d40cf00a68816cccce875dc9ae00b2d7e65224a32e471,0,0
279,data/vague/Housing Market/vague_2cols_location/vague_2cols_location.sqlite,Housing Market,vague,0,reference_candidates,full_context,1,0,1,0,0,1,0,0,0,0,3,3,1,0,0,0,6,0.00284056703094393,full_context_proposal,1f2f2538f279cce96a1678f6ed3741370f3d27be43d8251e8eb2ca5d6ac58732,0,0
279,data/vague/Housing Market/vague_2cols_location/vague_2cols_location.sqlite,Housing Market,vague,0,reference_candidates,full_context,2,0,1,0,0,1,0,0,0,0,3,3,1,0,0,0,6,0.002870518947020173,full_context_proposal,6db553aee162b09bd29c5c6db89d1ae41802d99b8ae0c9d9816b6e84168e8dc9,0,0
279,data/vague/Housing Market/vague_2cols_location/vague_2cols_location.sqlite,Housing Market,vague,0,reference_candidates,matched_checking,0,0,1,0,0,1,0,0,0,0,3,3,1,0,0,0,6,0.002862414112314582,execution_vote,4ade320ba97764ec67cf056258b43b90cc69042d865feb23176fd1ce73a0287b,0,0
279,data/vague/Housing Market/vague_2cols_location/vague_2cols_location.sqlite,Housing Market,vague,0,reference_candidates,matched_checking,1,0,1,0,0,1,0,0,0,0,3,3,1,0,0,0,6,0.0028316070092841983,execution_vote,aad487384b37eb3a898cfef79f4e4b215f3641906d8699ea2eb7ef2253948bdb,0,0
279,data/vague/Housing Market/vague_2cols_location/vague_2cols_location.sqlite,Housing Market,vague,0,reference_candidates,matched_checking,2,0,1,0,0,1,0,0,0,0,3,3,1,0,0,0,6,0.0028200619854032993,execution_vote,d7597b043c6c775621e7c1c06f2e37b43caee655cf84e8a5aadd9b0d97948048,0,0
279,data/vague/Housing Market/vague_2cols_location/vague_2cols_location.sqlite,Housing Market,vague,0,reference_candidates,no_recovery,0,0,0,0,1,0,1,0,0,0,3,3,1,0,0,0,6,0.0029303610790520906,unresolved_interpretation,b665019d149a4babd818bed4548289957604d08d2188edfe64ee1d3964ccdc99,0,0
279,data/vague/Housing Market/vague_2cols_location/vague_2cols_location.sqlite,Housing Market,vague,0,reference_candidates,no_recovery,1,1,1,0,0,1,0,0,0,0,3,3,1,0,0,0,7,0.0034962169593200088,user_answer,59fbe7902aff203399e42bef197856887efd8dfbc5819e4a7620384e8694cc12,0,0
279,data/vague/Housing Market/vague_2cols_location/vague_2cols_location.sqlite,Housing Market,vague,0,reference_candidates,no_recovery,2,1,1,0,0,1,0,0,0,0,3,3,1,0,0,0,7,0.0034029290545731783,user_answer,300eceee35a00a82de52942a0ad77aa55cc308ade7ce75e629881ddbb53ba03c,0,0
279,data/vague/Housing Market/vague_2cols_location/vague_2cols_location.sqlite,Housing Market,vague,0,reference_candidates,no_verification,0,0,0,0,1,0,1,0,0,0,3,3,1,0,0,0,6,0.002868001931346953,unresolved_interpretation,b665019d149a4babd818bed4548289957604d08d2188edfe64ee1d3964ccdc99,0,0
279,data/vague/Housing Market/vague_2cols_location/vague_2cols_location.sqlite,Housing Market,vague,0,reference_candidates,no_verification,1,1,1,0,0,1,0,0,0,0,3,3,1,0,0,0,7,0.003504006890580058,user_answer,59fbe7902aff203399e42bef197856887efd8dfbc5819e4a7620384e8694cc12,0,0
279,data/vague/Housing Market/vague_2cols_location/vague_2cols_location.sqlite,Housing Market,vague,0,reference_candidates,no_verification,2,1,1,0,0,1,0,0,0,0,3,3,1,0,0,0,7,0.00340200902428478,user_answer,300eceee35a00a82de52942a0ad77aa55cc308ade7ce75e629881ddbb53ba03c,0,0
279,data/vague/Housing Market/vague_2cols_location/vague_2cols_location.sqlite,Housing Market,vague,0,reference_candidates,no_coverage_guard,0,0,0,0,1,0,1,0,0,0,3,3,1,0,0,0,6,0.002907100017182529,unresolved_interpretation,b665019d149a4babd818bed4548289957604d08d2188edfe64ee1d3964ccdc99,0,0
279,data/vague/Housing Market/vague_2cols_location/vague_2cols_location.sqlite,Housing Market,vague,0,reference_candidates,no_coverage_guard,1,1,1,0,0,1,0,0,0,0,3,3,1,0,0,0,7,0.0033721899380907416,user_answer,59fbe7902aff203399e42bef197856887efd8dfbc5819e4a7620384e8694cc12,0,0
279,data/vague/Housing Market/vague_2cols_location/vague_2cols_location.sqlite,Housing Market,vague,0,reference_candidates,no_coverage_guard,2,1,1,0,0,1,0,0,0,0,3,3,1,0,0,0,7,0.003561859019100666,user_answer,300eceee35a00a82de52942a0ad77aa55cc308ade7ce75e629881ddbb53ba03c,0,0
279,data/vague/Housing Market/vague_2cols_location/vague_2cols_location.sqlite,Housing Market,vague,0,reference_candidates,no_sharing,0,0,0,0,1,0,1,0,0,0,3,3,1,0,0,0,6,0.0029010159196332097,unresolved_interpretation,b665019d149a4babd818bed4548289957604d08d2188edfe64ee1d3964ccdc99,0,0
279,data/vague/Housing Market/vague_2cols_location/vague_2cols_location.sqlite,Housing Market,vague,0,reference_candidates,no_sharing,1,1,1,0,0,1,0,0,0,0,3,3,1,0,0,0,7,0.0033830199390649796,user_answer,59fbe7902aff203399e42bef197856887efd8dfbc5819e4a7620384e8694cc12,0,0
279,data/vague/Housing Market/vague_2cols_location/vague_2cols_location.sqlite,Housing Market,vague,0,reference_candidates,no_sharing,2,1,1,0,0,1,0,0,0,0,3,3,1,0,0,0,7,0.003935897024348378,user_answer,300eceee35a00a82de52942a0ad77aa55cc308ade7ce75e629881ddbb53ba03c,0,0
279,data/vague/Housing Market/vague_2cols_location/vague_2cols_location.sqlite,Housing Market,vague,0,reference_candidates,all_wait,0,0,0,0,1,0,1,0,0,0,3,3,1,0,0,0,6,0.0028850360540673137,unresolved_interpretation,b665019d149a4babd818bed4548289957604d08d2188edfe64ee1d3964ccdc99,0,0
279,data/vague/Housing Market/vague_2cols_location/vague_2cols_location.sqlite,Housing Market,vague,0,reference_candidates,all_wait,1,1,1,0,0,1,0,0,0,0,3,3,1,0,0,0,7,0.003375477041117847,user_answer,59fbe7902aff203399e42bef197856887efd8dfbc5819e4a7620384e8694cc12,0,0
279,data/vague/Housing Market/vague_2cols_location/vague_2cols_location.sqlite,Housing Market,vague,0,reference_candidates,all_wait,2,1,1,0,0,1,0,0,0,0,3,3,1,0,0,0,7,0.003458057064563036,user_answer,300eceee35a00a82de52942a0ad77aa55cc308ade7ce75e629881ddbb53ba03c,0,0
279,data/vague/Housing Market/vague_2cols_location/vague_2cols_location.sqlite,Housing Market,vague,0,source_recovery,recovery_completion,0,0,1,0,0,1,0,1,0,0,1,3,1,0,0,0,2,0.0010870409896597266,source_recovery,4b118af556e68177193279948a8917a8b7c8bbb738b9ccd7a84ffd624bd4ae0c,0,0
279,data/vague/Housing Market/vague_2cols_location/vague_2cols_location.sqlite,Housing Market,vague,0,source_recovery,recovery_completion,1,0,1,0,0,1,0,1,0,0,1,3,1,0,0,0,2,0.0010983910178765655,source_recovery,1bb7f26914c920d80e6ae1c1854cf9323b165e361cff41c921e784071af34d01,0,0
279,data/vague/Housing Market/vague_2cols_location/vague_2cols_location.sqlite,Housing Market,vague,0,source_recovery,recovery_completion,2,0,1,0,0,1,0,1,0,0,1,3,1,0,0,0,2,0.0010629430180415511,source_recovery,a94c61ca58b36c76fb12c536967b30bdf5a2c3892af2dcc4d224354988b98adf,0,0
279,data/vague/Housing Market/vague_2cols_location/vague_2cols_location.sqlite,Housing Market,vague,0,source_recovery,recovery_depth2,0,0,1,0,0,1,0,1,0,0,1,3,1,0,0,0,2,0.0010588939767330885,source_recovery,4b118af556e68177193279948a8917a8b7c8bbb738b9ccd7a84ffd624bd4ae0c,0,0
279,data/vague/Housing Market/vague_2cols_location/vague_2cols_location.sqlite,Housing Market,vague,0,source_recovery,recovery_depth2,1,0,1,0,0,1,0,1,0,0,1,3,1,0,0,0,2,0.0010760030709207058,source_recovery,1bb7f26914c920d80e6ae1c1854cf9323b165e361cff41c921e784071af34d01,0,0
279,data/vague/Housing Market/vague_2cols_location/vague_2cols_location.sqlite,Housing Market,vague,0,source_recovery,recovery_depth2,2,0,1,0,0,1,0,1,0,0,1,3,1,0,0,0,2,0.0010723279556259513,source_recovery,a94c61ca58b36c76fb12c536967b30bdf5a2c3892af2dcc4d224354988b98adf,0,0
279,data/vague/Housing Market/vague_2cols_location/vague_2cols_location.sqlite,Housing Market,vague,0,source_recovery,verification,0,0,1,0,0,1,0,1,0,0,1,3,1,0,0,0,2,0.001063197967596352,source_recovery,4b118af556e68177193279948a8917a8b7c8bbb738b9ccd7a84ffd624bd4ae0c,0,0
279,data/vague/Housing Market/vague_2cols_location/vague_2cols_location.sqlite,Housing Market,vague,0,source_recovery,verification,1,0,1,0,0,1,0,1,0,0,1,3,1,0,0,0,2,0.0011021869722753763,source_recovery,1bb7f26914c920d80e6ae1c1854cf9323b165e361cff41c921e784071af34d01,0,0
279,data/vague/Housing Market/vague_2cols_location/vague_2cols_location.sqlite,Housing Market,vague,0,source_recovery,verification,2,0,1,0,0,1,0,1,0,0,1,3,1,0,0,0,2,0.0011005760170519352,source_recovery,a94c61ca58b36c76fb12c536967b30bdf5a2c3892af2dcc4d224354988b98adf,0,0
279,data/vague/Housing Market/vague_2cols_location/vague_2cols_location.sqlite,Housing Market,vague,0,source_recovery,full_context,0,0,1,0,0,1,0,1,0,0,1,3,1,0,0,0,2,0.001065705087967217,source_recovery,4b118af556e68177193279948a8917a8b7c8bbb738b9ccd7a84ffd624bd4ae0c,0,0
279,data/vague/Housing Market/vague_2cols_location/vague_2cols_location.sqlite,Housing Market,vague,0,source_recovery,full_context,1,0,1,0,0,1,0,1,0,0,1,3,1,0,0,0,2,0.001062448020093143,source_recovery,1bb7f26914c920d80e6ae1c1854cf9323b165e361cff41c921e784071af34d01,0,0
279,data/vague/Housing Market/vague_2cols_location/vague_2cols_location.sqlite,Housing Market,vague,0,source_recovery,full_context,2,0,1,0,0,1,0,1,0,0,1,3,1,0,0,0,2,0.0010541370138525963,source_recovery,a94c61ca58b36c76fb12c536967b30bdf5a2c3892af2dcc4d224354988b98adf,0,0
279,data/vague/Housing Market/vague_2cols_location/vague_2cols_location.sqlite,Housing Market,vague,0,source_recovery,matched_checking,0,0,1,0,0,1,0,1,0,0,1,3,1,0,0,0,2,0.0010789460502564907,source_recovery,4b118af556e68177193279948a8917a8b7c8bbb738b9ccd7a84ffd624bd4ae0c,0,0
279,data/vague/Housing Market/vague_2cols_location/vague_2cols_location.sqlite,Housing Market,vague,0,source_recovery,matched_checking,1,0,1,0,0,1,0,1,0,0,1,3,1,0,0,0,2,0.0010656289523467422,source_recovery,1bb7f26914c920d80e6ae1c1854cf9323b165e361cff41c921e784071af34d01,0,0
279,data/vague/Housing Market/vague_2cols_location/vague_2cols_location.sqlite,Housing Market,vague,0,source_recovery,matched_checking,2,0,1,0,0,1,0,1,0,0,1,3,1,0,0,0,2,0.001065992983058095,source_recovery,a94c61ca58b36c76fb12c536967b30bdf5a2c3892af2dcc4d224354988b98adf,0,0
279,data/vague/Housing Market/vague_2cols_location/vague_2cols_location.sqlite,Housing Market,vague,0,source_recovery,no_recovery,0,0,0,0,1,0,1,0,0,0,1,3,1,0,0,0,2,0.001051977975293994,unresolved_interpretation,81c50b022fe7f5ea6069085be8f225829202968df0433efab5966987dd6ee2b1,0,0
279,data/vague/Housing Market/vague_2cols_location/vague_2cols_location.sqlite,Housing Market,vague,0,source_recovery,no_recovery,1,1,1,0,0,1,0,0,0,0,1,3,1,0,0,0,3,0.0015786329749971628,user_answer,06f76b8c6bf28bcba7b3a7e39528d2eb2a2f7ad089fe3c6780af6e90a6123323,0,0
279,data/vague/Housing Market/vague_2cols_location/vague_2cols_location.sqlite,Housing Market,vague,0,source_recovery,no_recovery,2,1,1,0,0,1,0,0,0,0,1,3,1,0,0,0,3,0.0016387919895350933,user_answer,d6237ace479b5961d62f613db208b9c108d8f734f678057934e4f5339cfd248c,0,0
279,data/vague/Housing Market/vague_2cols_location/vague_2cols_location.sqlite,Housing Market,vague,0,source_recovery,no_verification,0,0,1,0,0,1,0,1,0,0,1,3,1,0,0,0,2,0.0010599630186334252,source_recovery,4b118af556e68177193279948a8917a8b7c8bbb738b9ccd7a84ffd624bd4ae0c,0,0
279,data/vague/Housing Market/vague_2cols_location/vague_2cols_location.sqlite,Housing Market,vague,0,source_recovery,no_verification,1,0,1,0,0,1,0,1,0,0,1,3,1,0,0,0,2,0.0010601860703900456,source_recovery,1bb7f26914c920d80e6ae1c1854cf9323b165e361cff41c921e784071af34d01,0,0
279,data/vague/Housing Market/vague_2cols_location/vague_2cols_location.sqlite,Housing Market,vague,0,source_recovery,no_verification,2,0,1,0,0,1,0,1,0,0,1,3,1,0,0,0,2,0.0010590549791231751,source_recovery,a94c61ca58b36c76fb12c536967b30bdf5a2c3892af2dcc4d224354988b98adf,0,0
279,data/vague/Housing Market/vague_2cols_location/vague_2cols_location.sqlite,Housing Market,vague,0,source_recovery,no_coverage_guard,0,0,1,0,0,1,0,1,0,0,1,3,1,0,0,0,2,0.0010585039854049683,source_recovery,4b118af556e68177193279948a8917a8b7c8bbb738b9ccd7a84ffd624bd4ae0c,0,0
279,data/vague/Housing Market/vague_2cols_location/vague_2cols_location.sqlite,Housing Market,vague,0,source_recovery,no_coverage_guard,1,0,1,0,0,1,0,1,0,0,1,3,1,0,0,0,2,0.0010642620036378503,source_recovery,1bb7f26914c920d80e6ae1c1854cf9323b165e361cff41c921e784071af34d01,0,0
279,data/vague/Housing Market/vague_2cols_location/vague_2cols_location.sqlite,Housing Market,vague,0,source_recovery,no_coverage_guard,2,0,1,0,0,1,0,1,0,0,1,3,1,0,0,0,2,0.0010699550621211529,source_recovery,a94c61ca58b36c76fb12c536967b30bdf5a2c3892af2dcc4d224354988b98adf,0,0
279,data/vague/Housing Market/vague_2cols_location/vague_2cols_location.sqlite,Housing Market,vague,0,source_recovery,no_sharing,0,0,1,0,0,1,0,1,0,0,1,3,1,0,0,0,2,0.0010789720108732581,source_recovery,4b118af556e68177193279948a8917a8b7c8bbb738b9ccd7a84ffd624bd4ae0c,0,0
279,data/vague/Housing Market/vague_2cols_location/vague_2cols_location.sqlite,Housing Market,vague,0,source_recovery,no_sharing,1,0,1,0,0,1,0,1,0,0,1,3,1,0,0,0,2,0.0010953770251944661,source_recovery,1bb7f26914c920d80e6ae1c1854cf9323b165e361cff41c921e784071af34d01,0,0
279,data/vague/Housing Market/vague_2cols_location/vague_2cols_location.sqlite,Housing Market,vague,0,source_recovery,no_sharing,2,0,1,0,0,1,0,1,0,0,1,3,1,0,0,0,2,0.0010811500251293182,source_recovery,a94c61ca58b36c76fb12c536967b30bdf5a2c3892af2dcc4d224354988b98adf,0,0
279,data/vague/Housing Market/vague_2cols_location/vague_2cols_location.sqlite,Housing Market,vague,0,source_recovery,all_wait,0,0,1,0,0,1,0,1,0,0,1,3,1,0,0,0,2,0.001218290999531746,source_recovery,4b118af556e68177193279948a8917a8b7c8bbb738b9ccd7a84ffd624bd4ae0c,0,0
279,data/vague/Housing Market/vague_2cols_location/vague_2cols_location.sqlite,Housing Market,vague,0,source_recovery,all_wait,1,0,1,0,0,1,0,1,0,0,1,3,1,0,0,0,2,0.001206684042699635,source_recovery,1bb7f26914c920d80e6ae1c1854cf9323b165e361cff41c921e784071af34d01,0,0
279,data/vague/Housing Market/vague_2cols_location/vague_2cols_location.sqlite,Housing Market,vague,0,source_recovery,all_wait,2,0,1,0,0,1,0,1,0,0,1,3,1,0,0,0,2,0.0011020060628652573,source_recovery,a94c61ca58b36c76fb12c536967b30bdf5a2c3892af2dcc4d224354988b98adf,0,0
