agents,closure_penalty,execution_index,horizon,jobs,loss_upper_bound,phase,planned_calls,policy,review_ticks,risk,run_id,scenario_hash,seed,workload,tick,pending_count,eligible_count,selected,planning_seconds,ordered_subsets_evaluated,choice_frozen_greedy,choice_frozen_delay,choice_frozen_edf,choice_pooled_greedy,choice_pooled_delay,choice_pooled_edf,choice_analytical_greedy,choice_analytical_delay,choice_analytical_edf
3,0,0,12,6,48,objective_development,12,delay,1,frozen,objective_development/competition/412/a3/s1/frozen/delay/lambda0,c7ee5b55d3fd1ba5400052265dd28b8dfef2ac3819d5bcdd7ee0c700617d1797,412,competition,0,3,3,a0j0,9.786896407604218e-05,16,a0j0,a0j0,a1j0,a0j0,a0j0,a1j0,a0j0,a0j0,a1j0
3,0,0,12,6,48,objective_development,12,delay,1,frozen,objective_development/competition/412/a3/s1/frozen/delay/lambda0,c7ee5b55d3fd1ba5400052265dd28b8dfef2ac3819d5bcdd7ee0c700617d1797,412,competition,1,2,2,a1j0,3.285333514213562e-05,5,a2j0,a1j0,a1j0,a2j0,a1j0,a1j0,a2j0,a1j0,a1j0
3,0,0,12,6,48,objective_development,12,delay,1,frozen,objective_development/competition/412/a3/s1/frozen/delay/lambda0,c7ee5b55d3fd1ba5400052265dd28b8dfef2ac3819d5bcdd7ee0c700617d1797,412,competition,2,1,1,a2j0,1.782737672328949e-05,2,a2j0,a2j0,a2j0,a2j0,a2j0,a2j0,a2j0,a2j0,a2j0
3,0,0,12,6,48,objective_development,12,delay,1,frozen,objective_development/competition/412/a3/s1/frozen/delay/lambda0,c7ee5b55d3fd1ba5400052265dd28b8dfef2ac3819d5bcdd7ee0c700617d1797,412,competition,3,0,0,,9.339302778244019e-06,1,,,,,,,,,
3,0,0,12,6,48,objective_development,12,delay,1,frozen,objective_development/competition/412/a3/s1/frozen/delay/lambda0,c7ee5b55d3fd1ba5400052265dd28b8dfef2ac3819d5bcdd7ee0c700617d1797,412,competition,4,0,0,,5.790963768959045e-06,1,,,,,,,,,
3,0,0,12,6,48,objective_development,12,delay,1,frozen,objective_development/competition/412/a3/s1/frozen/delay/lambda0,c7ee5b55d3fd1ba5400052265dd28b8dfef2ac3819d5bcdd7ee0c700617d1797,412,competition,5,0,0,,5.299225449562073e-06,1,,,,,,,,,
3,0,0,12,6,48,objective_development,12,delay,1,frozen,objective_development/competition/412/a3/s1/frozen/delay/lambda0,c7ee5b55d3fd1ba5400052265dd28b8dfef2ac3819d5bcdd7ee0c700617d1797,412,competition,6,3,3,a0j1,7.078982889652252e-05,16,a0j1,a0j1,a0j1,a0j1,a0j1,a0j1,a0j1,a0j1,a0j1
3,0,0,12,6,48,objective_development,12,delay,1,frozen,objective_development/competition/412/a3/s1/frozen/delay/lambda0,c7ee5b55d3fd1ba5400052265dd28b8dfef2ac3819d5bcdd7ee0c700617d1797,412,competition,7,2,2,a1j1,5.5870041251182556e-05,5,a2j1,a1j1,a2j1,a2j1,a1j1,a2j1,a2j1,a1j1,a2j1
3,0,0,12,6,48,objective_development,12,delay,1,frozen,objective_development/competition/412/a3/s1/frozen/delay/lambda0,c7ee5b55d3fd1ba5400052265dd28b8dfef2ac3819d5bcdd7ee0c700617d1797,412,competition,8,1,1,a2j1,1.7391517758369446e-05,2,a2j1,a2j1,a2j1,a2j1,a2j1,a2j1,a2j1,a2j1,a2j1
3,0,0,12,6,48,objective_development,12,delay,1,frozen,objective_development/competition/412/a3/s1/frozen/delay/lambda0,c7ee5b55d3fd1ba5400052265dd28b8dfef2ac3819d5bcdd7ee0c700617d1797,412,competition,9,0,0,,8.732080459594727e-06,1,,,,,,,,,
3,0,0,12,6,48,objective_development,12,delay,1,frozen,objective_development/competition/412/a3/s1/frozen/delay/lambda0,c7ee5b55d3fd1ba5400052265dd28b8dfef2ac3819d5bcdd7ee0c700617d1797,412,competition,10,0,0,,4.0978193283081055e-06,1,,,,,,,,,
3,0,0,12,6,48,objective_development,12,delay,1,frozen,objective_development/competition/412/a3/s1/frozen/delay/lambda0,c7ee5b55d3fd1ba5400052265dd28b8dfef2ac3819d5bcdd7ee0c700617d1797,412,competition,11,0,0,,3.339722752571106e-06,1,,,,,,,,,
3,4,1,12,6,48,objective_development,12,delay,1,frozen,objective_development/competition/412/a3/s1/frozen/delay/lambda4,c7ee5b55d3fd1ba5400052265dd28b8dfef2ac3819d5bcdd7ee0c700617d1797,412,competition,0,3,3,a0j0,6.798841059207916e-05,16,a0j0,a0j0,a1j0,a0j0,a0j0,a1j0,a0j0,a0j0,a1j0
3,4,1,12,6,48,objective_development,12,delay,1,frozen,objective_development/competition/412/a3/s1/frozen/delay/lambda4,c7ee5b55d3fd1ba5400052265dd28b8dfef2ac3819d5bcdd7ee0c700617d1797,412,competition,1,2,2,a1j0,2.1170824766159058e-05,5,a2j0,a1j0,a1j0,a2j0,a1j0,a1j0,a2j0,a1j0,a1j0
3,4,1,12,6,48,objective_development,12,delay,1,frozen,objective_development/competition/412/a3/s1/frozen/delay/lambda4,c7ee5b55d3fd1ba5400052265dd28b8dfef2ac3819d5bcdd7ee0c700617d1797,412,competition,2,1,1,a2j0,1.2550503015518188e-05,2,a2j0,a2j0,a2j0,a2j0,a2j0,a2j0,a2j0,a2j0,a2j0
3,4,1,12,6,48,objective_development,12,delay,1,frozen,objective_development/competition/412/a3/s1/frozen/delay/lambda4,c7ee5b55d3fd1ba5400052265dd28b8dfef2ac3819d5bcdd7ee0c700617d1797,412,competition,3,0,0,,4.040077328681946e-06,1,,,,,,,,,
3,4,1,12,6,48,objective_development,12,delay,1,frozen,objective_development/competition/412/a3/s1/frozen/delay/lambda4,c7ee5b55d3fd1ba5400052265dd28b8dfef2ac3819d5bcdd7ee0c700617d1797,412,competition,4,0,0,,8.469447493553162e-06,1,,,,,,,,,
3,4,1,12,6,48,objective_development,12,delay,1,frozen,objective_development/competition/412/a3/s1/frozen/delay/lambda4,c7ee5b55d3fd1ba5400052265dd28b8dfef2ac3819d5bcdd7ee0c700617d1797,412,competition,5,0,0,,7.269904017448425e-06,1,,,,,,,,,
3,4,1,12,6,48,objective_development,12,delay,1,frozen,objective_development/competition/412/a3/s1/frozen/delay/lambda4,c7ee5b55d3fd1ba5400052265dd28b8dfef2ac3819d5bcdd7ee0c700617d1797,412,competition,6,3,3,a0j1,5.7598575949668884e-05,16,a0j1,a0j1,a0j1,a0j1,a0j1,a0j1,a0j1,a0j1,a0j1
3,4,1,12,6,48,objective_development,12,delay,1,frozen,objective_development/competition/412/a3/s1/frozen/delay/lambda4,c7ee5b55d3fd1ba5400052265dd28b8dfef2ac3819d5bcdd7ee0c700617d1797,412,competition,7,2,2,a1j1,3.900937736034393e-05,5,a2j1,a1j1,a2j1,a2j1,a1j1,a2j1,a2j1,a1j1,a2j1
3,4,1,12,6,48,objective_development,12,delay,1,frozen,objective_development/competition/412/a3/s1/frozen/delay/lambda4,c7ee5b55d3fd1ba5400052265dd28b8dfef2ac3819d5bcdd7ee0c700617d1797,412,competition,8,1,1,a2j1,1.698918640613556e-05,2,a2j1,a2j1,a2j1,a2j1,a2j1,a2j1,a2j1,a2j1,a2j1
3,4,1,12,6,48,objective_development,12,delay,1,frozen,objective_development/competition/412/a3/s1/frozen/delay/lambda4,c7ee5b55d3fd1ba5400052265dd28b8dfef2ac3819d5bcdd7ee0c700617d1797,412,competition,9,0,0,,5.11854887008667e-06,1,,,,,,,,,
3,4,1,12,6,48,objective_development,12,delay,1,frozen,objective_development/competition/412/a3/s1/frozen/delay/lambda4,c7ee5b55d3fd1ba5400052265dd28b8dfef2ac3819d5bcdd7ee0c700617d1797,412,competition,10,0,0,,6.759539246559143e-06,1,,,,,,,,,
3,4,1,12,6,48,objective_development,12,delay,1,frozen,objective_development/competition/412/a3/s1/frozen/delay/lambda4,c7ee5b55d3fd1ba5400052265dd28b8dfef2ac3819d5bcdd7ee0c700617d1797,412,competition,11,0,0,,3.850087523460388e-06,1,,,,,,,,,
3,8,2,12,6,48,objective_development,12,delay,1,frozen,objective_development/competition/412/a3/s1/frozen/delay/lambda8,c7ee5b55d3fd1ba5400052265dd28b8dfef2ac3819d5bcdd7ee0c700617d1797,412,competition,0,3,3,a0j0,5.377829074859619e-05,16,a0j0,a0j0,a1j0,a0j0,a0j0,a1j0,a0j0,a0j0,a1j0
3,8,2,12,6,48,objective_development,12,delay,1,frozen,objective_development/competition/412/a3/s1/frozen/delay/lambda8,c7ee5b55d3fd1ba5400052265dd28b8dfef2ac3819d5bcdd7ee0c700617d1797,412,competition,1,2,2,a1j0,3.822892904281616e-05,5,a2j0,a1j0,a1j0,a2j0,a1j0,a1j0,a2j0,a1j0,a1j0
3,8,2,12,6,48,objective_development,12,delay,1,frozen,objective_development/competition/412/a3/s1/frozen/delay/lambda8,c7ee5b55d3fd1ba5400052265dd28b8dfef2ac3819d5bcdd7ee0c700617d1797,412,competition,2,1,1,a2j0,1.6048550605773926e-05,2,a2j0,a2j0,a2j0,a2j0,a2j0,a2j0,a2j0,a2j0,a2j0
3,8,2,12,6,48,objective_development,12,delay,1,frozen,objective_development/competition/412/a3/s1/frozen/delay/lambda8,c7ee5b55d3fd1ba5400052265dd28b8dfef2ac3819d5bcdd7ee0c700617d1797,412,competition,3,0,0,,5.628913640975952e-06,1,,,,,,,,,
3,8,2,12,6,48,objective_development,12,delay,1,frozen,objective_development/competition/412/a3/s1/frozen/delay/lambda8,c7ee5b55d3fd1ba5400052265dd28b8dfef2ac3819d5bcdd7ee0c700617d1797,412,competition,4,0,0,,4.909932613372803e-06,1,,,,,,,,,
3,8,2,12,6,48,objective_development,12,delay,1,frozen,objective_development/competition/412/a3/s1/frozen/delay/lambda8,c7ee5b55d3fd1ba5400052265dd28b8dfef2ac3819d5bcdd7ee0c700617d1797,412,competition,5,0,0,,7.059425115585327e-06,1,,,,,,,,,
3,8,2,12,6,48,objective_development,12,delay,1,frozen,objective_development/competition/412/a3/s1/frozen/delay/lambda8,c7ee5b55d3fd1ba5400052265dd28b8dfef2ac3819d5bcdd7ee0c700617d1797,412,competition,6,3,3,a0j1,4.449300467967987e-05,16,a0j1,a0j1,a0j1,a0j1,a0j1,a0j1,a0j1,a0j1,a0j1
3,8,2,12,6,48,objective_development,12,delay,1,frozen,objective_development/competition/412/a3/s1/frozen/delay/lambda8,c7ee5b55d3fd1ba5400052265dd28b8dfef2ac3819d5bcdd7ee0c700617d1797,412,competition,7,2,2,a1j1,1.9567087292671204e-05,5,a2j1,a1j1,a2j1,a2j1,a1j1,a2j1,a2j1,a1j1,a2j1
3,8,2,12,6,48,objective_development,12,delay,1,frozen,objective_development/competition/412/a3/s1/frozen/delay/lambda8,c7ee5b55d3fd1ba5400052265dd28b8dfef2ac3819d5bcdd7ee0c700617d1797,412,competition,8,1,1,a2j1,1.2909993529319763e-05,2,a2j1,a2j1,a2j1,a2j1,a2j1,a2j1,a2j1,a2j1,a2j1
3,8,2,12,6,48,objective_development,12,delay,1,frozen,objective_development/competition/412/a3/s1/frozen/delay/lambda8,c7ee5b55d3fd1ba5400052265dd28b8dfef2ac3819d5bcdd7ee0c700617d1797,412,competition,9,0,0,,4.587695002555847e-06,1,,,,,,,,,
3,8,2,12,6,48,objective_development,12,delay,1,frozen,objective_development/competition/412/a3/s1/frozen/delay/lambda8,c7ee5b55d3fd1ba5400052265dd28b8dfef2ac3819d5bcdd7ee0c700617d1797,412,competition,10,0,0,,3.6600977182388306e-06,1,,,,,,,,,
3,8,2,12,6,48,objective_development,12,delay,1,frozen,objective_development/competition/412/a3/s1/frozen/delay/lambda8,c7ee5b55d3fd1ba5400052265dd28b8dfef2ac3819d5bcdd7ee0c700617d1797,412,competition,11,0,0,,8.871778845787048e-06,1,,,,,,,,,
3,0,3,12,6,48,objective_development,12,delay,2,frozen,objective_development/competition/412/a3/s2/frozen/delay/lambda0,c7ee5b55d3fd1ba5400052265dd28b8dfef2ac3819d5bcdd7ee0c700617d1797,412,competition,0,3,3,a0j0,4.607066512107849e-05,16,a0j0,a0j0,a1j0,a0j0,a0j0,a1j0,a0j0,a0j0,a1j0
3,0,3,12,6,48,objective_development,12,delay,2,frozen,objective_development/competition/412/a3/s2/frozen/delay/lambda0,c7ee5b55d3fd1ba5400052265dd28b8dfef2ac3819d5bcdd7ee0c700617d1797,412,competition,2,1,1,a2j0,1.409091055393219e-05,2,a2j0,a2j0,a2j0,a2j0,a2j0,a2j0,a2j0,a2j0,a2j0
3,0,3,12,6,48,objective_development,12,delay,2,frozen,objective_development/competition/412/a3/s2/frozen/delay/lambda0,c7ee5b55d3fd1ba5400052265dd28b8dfef2ac3819d5bcdd7ee0c700617d1797,412,competition,4,0,0,,6.528571248054504e-06,1,,,,,,,,,
3,0,3,12,6,48,objective_development,12,delay,2,frozen,objective_development/competition/412/a3/s2/frozen/delay/lambda0,c7ee5b55d3fd1ba5400052265dd28b8dfef2ac3819d5bcdd7ee0c700617d1797,412,competition,5,0,0,,3.25031578540802e-06,1,,,,,,,,,
3,0,3,12,6,48,objective_development,12,delay,2,frozen,objective_development/competition/412/a3/s2/frozen/delay/lambda0,c7ee5b55d3fd1ba5400052265dd28b8dfef2ac3819d5bcdd7ee0c700617d1797,412,competition,6,3,3,a0j1,5.022995173931122e-05,16,a0j1,a0j1,a0j1,a0j1,a0j1,a0j1,a0j1,a0j1,a0j1
3,0,3,12,6,48,objective_development,12,delay,2,frozen,objective_development/competition/412/a3/s2/frozen/delay/lambda0,c7ee5b55d3fd1ba5400052265dd28b8dfef2ac3819d5bcdd7ee0c700617d1797,412,competition,8,2,2,a2j1,2.2999942302703857e-05,5,a2j1,a2j1,a2j1,a2j1,a2j1,a2j1,a2j1,a2j1,a2j1
3,0,3,12,6,48,objective_development,12,delay,2,frozen,objective_development/competition/412/a3/s2/frozen/delay/lambda0,c7ee5b55d3fd1ba5400052265dd28b8dfef2ac3819d5bcdd7ee0c700617d1797,412,competition,10,1,0,,6.839632987976074e-06,1,,,,,,,,,
3,0,3,12,6,48,objective_development,12,delay,2,frozen,objective_development/competition/412/a3/s2/frozen/delay/lambda0,c7ee5b55d3fd1ba5400052265dd28b8dfef2ac3819d5bcdd7ee0c700617d1797,412,competition,11,0,0,,8.191913366317749e-06,1,,,,,,,,,
3,4,4,12,6,48,objective_development,12,delay,2,frozen,objective_development/competition/412/a3/s2/frozen/delay/lambda4,c7ee5b55d3fd1ba5400052265dd28b8dfef2ac3819d5bcdd7ee0c700617d1797,412,competition,0,3,3,a0j0,6.66305422782898e-05,16,a0j0,a0j0,a1j0,a0j0,a0j0,a1j0,a0j0,a0j0,a1j0
3,4,4,12,6,48,objective_development,12,delay,2,frozen,objective_development/competition/412/a3/s2/frozen/delay/lambda4,c7ee5b55d3fd1ba5400052265dd28b8dfef2ac3819d5bcdd7ee0c700617d1797,412,competition,2,1,1,a2j0,2.096034586429596e-05,2,a2j0,a2j0,a2j0,a2j0,a2j0,a2j0,a2j0,a2j0,a2j0
3,4,4,12,6,48,objective_development,12,delay,2,frozen,objective_development/competition/412/a3/s2/frozen/delay/lambda4,c7ee5b55d3fd1ba5400052265dd28b8dfef2ac3819d5bcdd7ee0c700617d1797,412,competition,4,0,0,,8.411705493927002e-06,1,,,,,,,,,
3,4,4,12,6,48,objective_development,12,delay,2,frozen,objective_development/competition/412/a3/s2/frozen/delay/lambda4,c7ee5b55d3fd1ba5400052265dd28b8dfef2ac3819d5bcdd7ee0c700617d1797,412,competition,5,0,0,,4.079192876815796e-06,1,,,,,,,,,
3,4,4,12,6,48,objective_development,12,delay,2,frozen,objective_development/competition/412/a3/s2/frozen/delay/lambda4,c7ee5b55d3fd1ba5400052265dd28b8dfef2ac3819d5bcdd7ee0c700617d1797,412,competition,6,3,3,a0j1,4.2028725147247314e-05,16,a0j1,a0j1,a0j1,a0j1,a0j1,a0j1,a0j1,a0j1,a0j1
3,4,4,12,6,48,objective_development,12,delay,2,frozen,objective_development/competition/412/a3/s2/frozen/delay/lambda4,c7ee5b55d3fd1ba5400052265dd28b8dfef2ac3819d5bcdd7ee0c700617d1797,412,competition,8,2,2,a2j1,3.636069595813751e-05,5,a2j1,a2j1,a2j1,a2j1,a2j1,a2j1,a2j1,a2j1,a2j1
3,4,4,12,6,48,objective_development,12,delay,2,frozen,objective_development/competition/412/a3/s2/frozen/delay/lambda4,c7ee5b55d3fd1ba5400052265dd28b8dfef2ac3819d5bcdd7ee0c700617d1797,412,competition,10,1,0,,8.672475814819336e-06,1,,,,,,,,,
3,4,4,12,6,48,objective_development,12,delay,2,frozen,objective_development/competition/412/a3/s2/frozen/delay/lambda4,c7ee5b55d3fd1ba5400052265dd28b8dfef2ac3819d5bcdd7ee0c700617d1797,412,competition,11,0,0,,5.271285772323608e-06,1,,,,,,,,,
3,8,5,12,6,48,objective_development,12,delay,2,frozen,objective_development/competition/412/a3/s2/frozen/delay/lambda8,c7ee5b55d3fd1ba5400052265dd28b8dfef2ac3819d5bcdd7ee0c700617d1797,412,competition,0,3,3,a0j0,0.0001698378473520279,16,a0j0,a0j0,a1j0,a0j0,a0j0,a1j0,a0j0,a0j0,a1j0
3,8,5,12,6,48,objective_development,12,delay,2,frozen,objective_development/competition/412/a3/s2/frozen/delay/lambda8,c7ee5b55d3fd1ba5400052265dd28b8dfef2ac3819d5bcdd7ee0c700617d1797,412,competition,2,1,1,a2j0,1.6650184988975525e-05,2,a2j0,a2j0,a2j0,a2j0,a2j0,a2j0,a2j0,a2j0,a2j0
3,8,5,12,6,48,objective_development,12,delay,2,frozen,objective_development/competition/412/a3/s2/frozen/delay/lambda8,c7ee5b55d3fd1ba5400052265dd28b8dfef2ac3819d5bcdd7ee0c700617d1797,412,competition,4,0,0,,5.2694231271743774e-06,1,,,,,,,,,
3,8,5,12,6,48,objective_development,12,delay,2,frozen,objective_development/competition/412/a3/s2/frozen/delay/lambda8,c7ee5b55d3fd1ba5400052265dd28b8dfef2ac3819d5bcdd7ee0c700617d1797,412,competition,5,0,0,,9.441748261451721e-06,1,,,,,,,,,
3,8,5,12,6,48,objective_development,12,delay,2,frozen,objective_development/competition/412/a3/s2/frozen/delay/lambda8,c7ee5b55d3fd1ba5400052265dd28b8dfef2ac3819d5bcdd7ee0c700617d1797,412,competition,6,3,3,a0j1,4.347972571849823e-05,16,a0j1,a0j1,a0j1,a0j1,a0j1,a0j1,a0j1,a0j1,a0j1
3,8,5,12,6,48,objective_development,12,delay,2,frozen,objective_development/competition/412/a3/s2/frozen/delay/lambda8,c7ee5b55d3fd1ba5400052265dd28b8dfef2ac3819d5bcdd7ee0c700617d1797,412,competition,8,2,2,a2j1,3.7940219044685364e-05,5,a2j1,a2j1,a2j1,a2j1,a2j1,a2j1,a2j1,a2j1,a2j1
3,8,5,12,6,48,objective_development,12,delay,2,frozen,objective_development/competition/412/a3/s2/frozen/delay/lambda8,c7ee5b55d3fd1ba5400052265dd28b8dfef2ac3819d5bcdd7ee0c700617d1797,412,competition,10,1,0,,6.468966603279114e-06,1,,,,,,,,,
3,8,5,12,6,48,objective_development,12,delay,2,frozen,objective_development/competition/412/a3/s2/frozen/delay/lambda8,c7ee5b55d3fd1ba5400052265dd28b8dfef2ac3819d5bcdd7ee0c700617d1797,412,competition,11,0,0,,3.939494490623474e-06,1,,,,,,,,,
6,0,6,24,18,210,objective_development,36,delay,1,frozen,objective_development/larger/412/a6/s1/frozen/delay/lambda0,b1cc9d538ab4be3713eef556528d6ba1cc4b990867e701479041e8815f9e1c8f,412,larger,0,3,3,a3j0,9.423866868019104e-05,16,a0j0,a3j0,a0j0,a0j0,a0j0,a0j0,a3j0,a3j0,a0j0
6,0,6,24,18,210,objective_development,36,delay,1,frozen,objective_development/larger/412/a6/s1/frozen/delay/lambda0,b1cc9d538ab4be3713eef556528d6ba1cc4b990867e701479041e8815f9e1c8f,412,larger,1,5,4,a0j0,0.00012311898171901703,65,a1j0,a0j0,a0j0,a1j0,a0j0,a0j0,a1j0,a0j0,a0j0
6,0,6,24,18,210,objective_development,36,delay,1,frozen,objective_development/larger/412/a6/s1/frozen/delay/lambda0,b1cc9d538ab4be3713eef556528d6ba1cc4b990867e701479041e8815f9e1c8f,412,larger,2,3,3,a1j0,4.4751912355422974e-05,16,a1j0,a1j0,a1j0,a1j0,a1j0,a1j0,a1j0,a1j0,a1j0
6,0,6,24,18,210,objective_development,36,delay,1,frozen,objective_development/larger/412/a6/s1/frozen/delay/lambda0,b1cc9d538ab4be3713eef556528d6ba1cc4b990867e701479041e8815f9e1c8f,412,larger,3,2,2,a5j0,2.000853419303894e-05,5,a2j0,a5j0,a5j0,a2j0,a5j0,a5j0,a2j0,a5j0,a5j0
6,0,6,24,18,210,objective_development,36,delay,1,frozen,objective_development/larger/412/a6/s1/frozen/delay/lambda0,b1cc9d538ab4be3713eef556528d6ba1cc4b990867e701479041e8815f9e1c8f,412,larger,4,1,1,a2j0,1.5290454030036926e-05,2,a2j0,a2j0,a2j0,a2j0,a2j0,a2j0,a2j0,a2j0,a2j0
6,0,6,24,18,210,objective_development,36,delay,1,frozen,objective_development/larger/412/a6/s1/frozen/delay/lambda0,b1cc9d538ab4be3713eef556528d6ba1cc4b990867e701479041e8815f9e1c8f,412,larger,5,0,0,,4.759058356285095e-06,1,,,,,,,,,
6,0,6,24,18,210,objective_development,36,delay,1,frozen,objective_development/larger/412/a6/s1/frozen/delay/lambda0,b1cc9d538ab4be3713eef556528d6ba1cc4b990867e701479041e8815f9e1c8f,412,larger,6,0,0,,4.133209586143494e-06,1,,,,,,,,,
6,0,6,24,18,210,objective_development,36,delay,1,frozen,objective_development/larger/412/a6/s1/frozen/delay/lambda0,b1cc9d538ab4be3713eef556528d6ba1cc4b990867e701479041e8815f9e1c8f,412,larger,7,0,0,,4.4014304876327515e-06,1,,,,,,,,,
6,0,6,24,18,210,objective_development,36,delay,1,frozen,objective_development/larger/412/a6/s1/frozen/delay/lambda0,b1cc9d538ab4be3713eef556528d6ba1cc4b990867e701479041e8815f9e1c8f,412,larger,8,4,3,a2j1,6.776861846446991e-05,16,a0j1,a2j1,a2j1,a0j1,a2j1,a2j1,a0j1,a0j1,a2j1
6,0,6,24,18,210,objective_development,36,delay,1,frozen,objective_development/larger/412/a6/s1/frozen/delay/lambda0,b1cc9d538ab4be3713eef556528d6ba1cc4b990867e701479041e8815f9e1c8f,412,larger,9,5,4,a0j1,0.00011901929974555969,65,a0j1,a0j1,a3j1,a0j1,a0j1,a3j1,a0j1,a0j1,a3j1
6,0,6,24,18,210,objective_development,36,delay,1,frozen,objective_development/larger/412/a6/s1/frozen/delay/lambda0,b1cc9d538ab4be3713eef556528d6ba1cc4b990867e701479041e8815f9e1c8f,412,larger,10,2,2,a5j1,2.687983214855194e-05,5,a1j1,a5j1,a5j1,a1j1,a5j1,a5j1,a1j1,a5j1,a5j1
6,0,6,24,18,210,objective_development,36,delay,1,frozen,objective_development/larger/412/a6/s1/frozen/delay/lambda0,b1cc9d538ab4be3713eef556528d6ba1cc4b990867e701479041e8815f9e1c8f,412,larger,11,1,1,a1j1,1.5310943126678467e-05,2,a1j1,a1j1,a1j1,a1j1,a1j1,a1j1,a1j1,a1j1,a1j1
6,0,6,24,18,210,objective_development,36,delay,1,frozen,objective_development/larger/412/a6/s1/frozen/delay/lambda0,b1cc9d538ab4be3713eef556528d6ba1cc4b990867e701479041e8815f9e1c8f,412,larger,12,0,0,,4.63239848613739e-06,1,,,,,,,,,
6,0,6,24,18,210,objective_development,36,delay,1,frozen,objective_development/larger/412/a6/s1/frozen/delay/lambda0,b1cc9d538ab4be3713eef556528d6ba1cc4b990867e701479041e8815f9e1c8f,412,larger,13,0,0,,7.2196125984191895e-06,1,,,,,,,,,
6,0,6,24,18,210,objective_development,36,delay,1,frozen,objective_development/larger/412/a6/s1/frozen/delay/lambda0,b1cc9d538ab4be3713eef556528d6ba1cc4b990867e701479041e8815f9e1c8f,412,larger,14,0,0,,3.7904828786849976e-06,1,,,,,,,,,
6,0,6,24,18,210,objective_development,36,delay,1,frozen,objective_development/larger/412/a6/s1/frozen/delay/lambda0,b1cc9d538ab4be3713eef556528d6ba1cc4b990867e701479041e8815f9e1c8f,412,larger,15,0,0,,3.0510127544403076e-06,1,,,,,,,,,
6,0,6,24,18,210,objective_development,36,delay,1,frozen,objective_development/larger/412/a6/s1/frozen/delay/lambda0,b1cc9d538ab4be3713eef556528d6ba1cc4b990867e701479041e8815f9e1c8f,412,larger,16,2,2,a0j2,3.0260533094406128e-05,5,a0j2,a0j2,a3j2,a0j2,a0j2,a3j2,a0j2,a0j2,a3j2
6,0,6,24,18,210,objective_development,36,delay,1,frozen,objective_development/larger/412/a6/s1/frozen/delay/lambda0,b1cc9d538ab4be3713eef556528d6ba1cc4b990867e701479041e8815f9e1c8f,412,larger,17,5,5,a2j2,0.0006079245358705521,326,a2j2,a2j2,a3j2,a2j2,a2j2,a3j2,a2j2,a2j2,a3j2
6,0,6,24,18,210,objective_development,36,delay,1,frozen,objective_development/larger/412/a6/s1/frozen/delay/lambda0,b1cc9d538ab4be3713eef556528d6ba1cc4b990867e701479041e8815f9e1c8f,412,larger,18,3,3,a1j2,4.5379623770713806e-05,16,a1j2,a1j2,a1j2,a1j2,a1j2,a1j2,a1j2,a1j2,a1j2
6,0,6,24,18,210,objective_development,36,delay,1,frozen,objective_development/larger/412/a6/s1/frozen/delay/lambda0,b1cc9d538ab4be3713eef556528d6ba1cc4b990867e701479041e8815f9e1c8f,412,larger,19,2,2,a4j2,1.96993350982666e-05,5,a5j2,a4j2,a4j2,a5j2,a4j2,a4j2,a5j2,a4j2,a4j2
6,0,6,24,18,210,objective_development,36,delay,1,frozen,objective_development/larger/412/a6/s1/frozen/delay/lambda0,b1cc9d538ab4be3713eef556528d6ba1cc4b990867e701479041e8815f9e1c8f,412,larger,20,1,1,a5j2,1.1252239346504211e-05,2,a5j2,a5j2,a5j2,a5j2,a5j2,a5j2,a5j2,a5j2,a5j2
6,0,6,24,18,210,objective_development,36,delay,1,frozen,objective_development/larger/412/a6/s1/frozen/delay/lambda0,b1cc9d538ab4be3713eef556528d6ba1cc4b990867e701479041e8815f9e1c8f,412,larger,21,0,0,,7.679685950279236e-06,1,,,,,,,,,
6,0,6,24,18,210,objective_development,36,delay,1,frozen,objective_development/larger/412/a6/s1/frozen/delay/lambda0,b1cc9d538ab4be3713eef556528d6ba1cc4b990867e701479041e8815f9e1c8f,412,larger,22,0,0,,3.7401914596557617e-06,1,,,,,,,,,
6,0,6,24,18,210,objective_development,36,delay,1,frozen,objective_development/larger/412/a6/s1/frozen/delay/lambda0,b1cc9d538ab4be3713eef556528d6ba1cc4b990867e701479041e8815f9e1c8f,412,larger,23,0,0,,2.769753336906433e-06,1,,,,,,,,,
6,4,7,24,18,210,objective_development,36,delay,1,frozen,objective_development/larger/412/a6/s1/frozen/delay/lambda4,b1cc9d538ab4be3713eef556528d6ba1cc4b990867e701479041e8815f9e1c8f,412,larger,0,3,3,a0j0,4.4541433453559875e-05,16,a0j0,a0j0,a0j0,a0j0,a0j0,a0j0,a3j0,a3j0,a0j0
6,4,7,24,18,210,objective_development,36,delay,1,frozen,objective_development/larger/412/a6/s1/frozen/delay/lambda4,b1cc9d538ab4be3713eef556528d6ba1cc4b990867e701479041e8815f9e1c8f,412,larger,1,5,5,a1j0,0.001026000827550888,326,a1j0,a1j0,a4j0,a1j0,a1j0,a4j0,a3j0,a1j0,a4j0
6,4,7,24,18,210,objective_development,36,delay,1,frozen,objective_development/larger/412/a6/s1/frozen/delay/lambda4,b1cc9d538ab4be3713eef556528d6ba1cc4b990867e701479041e8815f9e1c8f,412,larger,2,3,3,a5j0,6.921961903572083e-05,16,a2j0,a5j0,a3j0,a2j0,a5j0,a3j0,a3j0,a3j0,a3j0
6,4,7,24,18,210,objective_development,36,delay,1,frozen,objective_development/larger/412/a6/s1/frozen/delay/lambda4,b1cc9d538ab4be3713eef556528d6ba1cc4b990867e701479041e8815f9e1c8f,412,larger,3,2,2,a3j0,2.8450042009353638e-05,5,a2j0,a3j0,a3j0,a2j0,a3j0,a3j0,a3j0,a3j0,a3j0
6,4,7,24,18,210,objective_development,36,delay,1,frozen,objective_development/larger/412/a6/s1/frozen/delay/lambda4,b1cc9d538ab4be3713eef556528d6ba1cc4b990867e701479041e8815f9e1c8f,412,larger,4,1,1,a2j0,2.0626932382583618e-05,2,a2j0,a2j0,a2j0,a2j0,a2j0,a2j0,a2j0,a2j0,a2j0
6,4,7,24,18,210,objective_development,36,delay,1,frozen,objective_development/larger/412/a6/s1/frozen/delay/lambda4,b1cc9d538ab4be3713eef556528d6ba1cc4b990867e701479041e8815f9e1c8f,412,larger,5,0,0,,4.330649971961975e-06,1,,,,,,,,,
6,4,7,24,18,210,objective_development,36,delay,1,frozen,objective_development/larger/412/a6/s1/frozen/delay/lambda4,b1cc9d538ab4be3713eef556528d6ba1cc4b990867e701479041e8815f9e1c8f,412,larger,6,0,0,,4.319474101066589e-06,1,,,,,,,,,
6,4,7,24,18,210,objective_development,36,delay,1,frozen,objective_development/larger/412/a6/s1/frozen/delay/lambda4,b1cc9d538ab4be3713eef556528d6ba1cc4b990867e701479041e8815f9e1c8f,412,larger,7,0,0,,3.5297125577926636e-06,1,,,,,,,,,
6,4,7,24,18,210,objective_development,36,delay,1,frozen,objective_development/larger/412/a6/s1/frozen/delay/lambda4,b1cc9d538ab4be3713eef556528d6ba1cc4b990867e701479041e8815f9e1c8f,412,larger,8,4,4,a2j1,0.0002668853849172592,65,a0j1,a2j1,a2j1,a0j1,a2j1,a2j1,a0j1,a0j1,a2j1
6,4,7,24,18,210,objective_development,36,delay,1,frozen,objective_development/larger/412/a6/s1/frozen/delay/lambda4,b1cc9d538ab4be3713eef556528d6ba1cc4b990867e701479041e8815f9e1c8f,412,larger,9,5,5,a3j1,0.0010582581162452698,326,a0j1,a3j1,a3j1,a0j1,a3j1,a3j1,a0j1,a0j1,a3j1
6,4,7,24,18,210,objective_development,36,delay,1,frozen,objective_development/larger/412/a6/s1/frozen/delay/lambda4,b1cc9d538ab4be3713eef556528d6ba1cc4b990867e701479041e8815f9e1c8f,412,larger,10,3,3,a5j1,4.772096872329712e-05,16,a0j1,a5j1,a5j1,a0j1,a5j1,a5j1,a0j1,a5j1,a5j1
6,4,7,24,18,210,objective_development,36,delay,1,frozen,objective_development/larger/412/a6/s1/frozen/delay/lambda4,b1cc9d538ab4be3713eef556528d6ba1cc4b990867e701479041e8815f9e1c8f,412,larger,11,2,2,a0j1,1.909025013446808e-05,5,a1j1,a0j1,a0j1,a1j1,a0j1,a0j1,a1j1,a0j1,a0j1
6,4,7,24,18,210,objective_development,36,delay,1,frozen,objective_development/larger/412/a6/s1/frozen/delay/lambda4,b1cc9d538ab4be3713eef556528d6ba1cc4b990867e701479041e8815f9e1c8f,412,larger,12,1,1,a1j1,1.1000782251358032e-05,2,a1j1,a1j1,a1j1,a1j1,a1j1,a1j1,a1j1,a1j1,a1j1
6,4,7,24,18,210,objective_development,36,delay,1,frozen,objective_development/larger/412/a6/s1/frozen/delay/lambda4,b1cc9d538ab4be3713eef556528d6ba1cc4b990867e701479041e8815f9e1c8f,412,larger,13,0,0,,4.019588232040405e-06,1,,,,,,,,,
6,4,7,24,18,210,objective_development,36,delay,1,frozen,objective_development/larger/412/a6/s1/frozen/delay/lambda4,b1cc9d538ab4be3713eef556528d6ba1cc4b990867e701479041e8815f9e1c8f,412,larger,14,0,0,,2.3208558559417725e-06,1,,,,,,,,,
6,4,7,24,18,210,objective_development,36,delay,1,frozen,objective_development/larger/412/a6/s1/frozen/delay/lambda4,b1cc9d538ab4be3713eef556528d6ba1cc4b990867e701479041e8815f9e1c8f,412,larger,15,0,0,,2.259388566017151e-06,1,,,,,,,,,
6,4,7,24,18,210,objective_development,36,delay,1,frozen,objective_development/larger/412/a6/s1/frozen/delay/lambda4,b1cc9d538ab4be3713eef556528d6ba1cc4b990867e701479041e8815f9e1c8f,412,larger,16,2,2,a0j2,3.5511329770088196e-05,5,a0j2,a0j2,a3j2,a0j2,a0j2,a3j2,a0j2,a0j2,a3j2
6,4,7,24,18,210,objective_development,36,delay,1,frozen,objective_development/larger/412/a6/s1/frozen/delay/lambda4,b1cc9d538ab4be3713eef556528d6ba1cc4b990867e701479041e8815f9e1c8f,412,larger,17,5,5,a3j2,0.001094689592719078,326,a2j2,a3j2,a3j2,a2j2,a3j2,a3j2,a2j2,a3j2,a3j2
6,4,7,24,18,210,objective_development,36,delay,1,frozen,objective_development/larger/412/a6/s1/frozen/delay/lambda4,b1cc9d538ab4be3713eef556528d6ba1cc4b990867e701479041e8815f9e1c8f,412,larger,18,4,4,a1j2,0.00019929558038711548,65,a2j2,a1j2,a1j2,a2j2,a1j2,a1j2,a2j2,a1j2,a1j2
6,4,7,24,18,210,objective_development,36,delay,1,frozen,objective_development/larger/412/a6/s1/frozen/delay/lambda4,b1cc9d538ab4be3713eef556528d6ba1cc4b990867e701479041e8815f9e1c8f,412,larger,19,3,3,a2j2,7.221661508083344e-05,16,a2j2,a2j2,a4j2,a2j2,a2j2,a4j2,a2j2,a2j2,a4j2
6,4,7,24,18,210,objective_development,36,delay,1,frozen,objective_development/larger/412/a6/s1/frozen/delay/lambda4,b1cc9d538ab4be3713eef556528d6ba1cc4b990867e701479041e8815f9e1c8f,412,larger,20,2,2,a4j2,2.787075936794281e-05,5,a5j2,a4j2,a4j2,a5j2,a4j2,a4j2,a5j2,a4j2,a4j2
6,4,7,24,18,210,objective_development,36,delay,1,frozen,objective_development/larger/412/a6/s1/frozen/delay/lambda4,b1cc9d538ab4be3713eef556528d6ba1cc4b990867e701479041e8815f9e1c8f,412,larger,21,1,1,a5j2,1.6080215573310852e-05,2,a5j2,a5j2,a5j2,a5j2,a5j2,a5j2,a5j2,a5j2,a5j2
6,4,7,24,18,210,objective_development,36,delay,1,frozen,objective_development/larger/412/a6/s1/frozen/delay/lambda4,b1cc9d538ab4be3713eef556528d6ba1cc4b990867e701479041e8815f9e1c8f,412,larger,22,0,0,,5.459412932395935e-06,1,,,,,,,,,
6,4,7,24,18,210,objective_development,36,delay,1,frozen,objective_development/larger/412/a6/s1/frozen/delay/lambda4,b1cc9d538ab4be3713eef556528d6ba1cc4b990867e701479041e8815f9e1c8f,412,larger,23,0,0,,5.679205060005188e-06,1,,,,,,,,,
6,8,8,24,18,210,objective_development,36,delay,1,frozen,objective_development/larger/412/a6/s1/frozen/delay/lambda8,b1cc9d538ab4be3713eef556528d6ba1cc4b990867e701479041e8815f9e1c8f,412,larger,0,3,3,a0j0,4.2811036109924316e-05,16,a0j0,a0j0,a0j0,a0j0,a0j0,a0j0,a3j0,a3j0,a0j0
6,8,8,24,18,210,objective_development,36,delay,1,frozen,objective_development/larger/412/a6/s1/frozen/delay/lambda8,b1cc9d538ab4be3713eef556528d6ba1cc4b990867e701479041e8815f9e1c8f,412,larger,1,5,5,a1j0,0.0006138328462839127,326,a1j0,a1j0,a4j0,a1j0,a1j0,a4j0,a3j0,a1j0,a4j0
6,8,8,24,18,210,objective_development,36,delay,1,frozen,objective_development/larger/412/a6/s1/frozen/delay/lambda8,b1cc9d538ab4be3713eef556528d6ba1cc4b990867e701479041e8815f9e1c8f,412,larger,2,3,3,a5j0,6.355717778205872e-05,16,a3j0,a5j0,a3j0,a2j0,a5j0,a3j0,a3j0,a3j0,a3j0
6,8,8,24,18,210,objective_development,36,delay,1,frozen,objective_development/larger/412/a6/s1/frozen/delay/lambda8,b1cc9d538ab4be3713eef556528d6ba1cc4b990867e701479041e8815f9e1c8f,412,larger,3,2,2,a3j0,3.1420961022377014e-05,5,a2j0,a3j0,a3j0,a2j0,a3j0,a3j0,a3j0,a3j0,a3j0
6,8,8,24,18,210,objective_development,36,delay,1,frozen,objective_development/larger/412/a6/s1/frozen/delay/lambda8,b1cc9d538ab4be3713eef556528d6ba1cc4b990867e701479041e8815f9e1c8f,412,larger,4,1,1,a2j0,2.0520761609077454e-05,2,a2j0,a2j0,a2j0,a2j0,a2j0,a2j0,a2j0,a2j0,a2j0
6,8,8,24,18,210,objective_development,36,delay,1,frozen,objective_development/larger/412/a6/s1/frozen/delay/lambda8,b1cc9d538ab4be3713eef556528d6ba1cc4b990867e701479041e8815f9e1c8f,412,larger,5,0,0,,7.569789886474609e-06,1,,,,,,,,,
6,8,8,24,18,210,objective_development,36,delay,1,frozen,objective_development/larger/412/a6/s1/frozen/delay/lambda8,b1cc9d538ab4be3713eef556528d6ba1cc4b990867e701479041e8815f9e1c8f,412,larger,6,0,0,,4.978850483894348e-06,1,,,,,,,,,
6,8,8,24,18,210,objective_development,36,delay,1,frozen,objective_development/larger/412/a6/s1/frozen/delay/lambda8,b1cc9d538ab4be3713eef556528d6ba1cc4b990867e701479041e8815f9e1c8f,412,larger,7,0,0,,5.748122930526733e-06,1,,,,,,,,,
6,8,8,24,18,210,objective_development,36,delay,1,frozen,objective_development/larger/412/a6/s1/frozen/delay/lambda8,b1cc9d538ab4be3713eef556528d6ba1cc4b990867e701479041e8815f9e1c8f,412,larger,8,4,4,a2j1,0.00011922791600227356,65,a0j1,a2j1,a2j1,a0j1,a2j1,a2j1,a0j1,a2j1,a2j1
6,8,8,24,18,210,objective_development,36,delay,1,frozen,objective_development/larger/412/a6/s1/frozen/delay/lambda8,b1cc9d538ab4be3713eef556528d6ba1cc4b990867e701479041e8815f9e1c8f,412,larger,9,5,5,a3j1,0.0007050745189189911,326,a0j1,a3j1,a3j1,a0j1,a3j1,a3j1,a0j1,a0j1,a3j1
6,8,8,24,18,210,objective_development,36,delay,1,frozen,objective_development/larger/412/a6/s1/frozen/delay/lambda8,b1cc9d538ab4be3713eef556528d6ba1cc4b990867e701479041e8815f9e1c8f,412,larger,10,3,3,a5j1,6.614997982978821e-05,16,a0j1,a5j1,a5j1,a0j1,a5j1,a5j1,a0j1,a5j1,a5j1
6,8,8,24,18,210,objective_development,36,delay,1,frozen,objective_development/larger/412/a6/s1/frozen/delay/lambda8,b1cc9d538ab4be3713eef556528d6ba1cc4b990867e701479041e8815f9e1c8f,412,larger,11,2,2,a0j1,2.1791085600852966e-05,5,a1j1,a0j1,a0j1,a1j1,a0j1,a0j1,a1j1,a0j1,a0j1
6,8,8,24,18,210,objective_development,36,delay,1,frozen,objective_development/larger/412/a6/s1/frozen/delay/lambda8,b1cc9d538ab4be3713eef556528d6ba1cc4b990867e701479041e8815f9e1c8f,412,larger,12,1,1,a1j1,1.5230849385261536e-05,2,a1j1,a1j1,a1j1,a1j1,a1j1,a1j1,a1j1,a1j1,a1j1
6,8,8,24,18,210,objective_development,36,delay,1,frozen,objective_development/larger/412/a6/s1/frozen/delay/lambda8,b1cc9d538ab4be3713eef556528d6ba1cc4b990867e701479041e8815f9e1c8f,412,larger,13,0,0,,9.318813681602478e-06,1,,,,,,,,,
6,8,8,24,18,210,objective_development,36,delay,1,frozen,objective_development/larger/412/a6/s1/frozen/delay/lambda8,b1cc9d538ab4be3713eef556528d6ba1cc4b990867e701479041e8815f9e1c8f,412,larger,14,0,0,,3.419816493988037e-06,1,,,,,,,,,
6,8,8,24,18,210,objective_development,36,delay,1,frozen,objective_development/larger/412/a6/s1/frozen/delay/lambda8,b1cc9d538ab4be3713eef556528d6ba1cc4b990867e701479041e8815f9e1c8f,412,larger,15,0,0,,3.159046173095703e-06,1,,,,,,,,,
6,8,8,24,18,210,objective_development,36,delay,1,frozen,objective_development/larger/412/a6/s1/frozen/delay/lambda8,b1cc9d538ab4be3713eef556528d6ba1cc4b990867e701479041e8815f9e1c8f,412,larger,16,2,2,a0j2,3.485195338726044e-05,5,a0j2,a0j2,a3j2,a0j2,a0j2,a3j2,a0j2,a0j2,a3j2
6,8,8,24,18,210,objective_development,36,delay,1,frozen,objective_development/larger/412/a6/s1/frozen/delay/lambda8,b1cc9d538ab4be3713eef556528d6ba1cc4b990867e701479041e8815f9e1c8f,412,larger,17,5,5,a3j2,0.001086018979549408,326,a2j2,a3j2,a3j2,a2j2,a3j2,a3j2,a2j2,a3j2,a3j2
6,8,8,24,18,210,objective_development,36,delay,1,frozen,objective_development/larger/412/a6/s1/frozen/delay/lambda8,b1cc9d538ab4be3713eef556528d6ba1cc4b990867e701479041e8815f9e1c8f,412,larger,18,4,4,a1j2,0.0002195797860622406,65,a2j2,a1j2,a1j2,a2j2,a1j2,a1j2,a2j2,a1j2,a1j2
6,8,8,24,18,210,objective_development,36,delay,1,frozen,objective_development/larger/412/a6/s1/frozen/delay/lambda8,b1cc9d538ab4be3713eef556528d6ba1cc4b990867e701479041e8815f9e1c8f,412,larger,19,3,3,a2j2,5.7581812143325806e-05,16,a2j2,a2j2,a4j2,a2j2,a2j2,a4j2,a5j2,a2j2,a4j2
6,8,8,24,18,210,objective_development,36,delay,1,frozen,objective_development/larger/412/a6/s1/frozen/delay/lambda8,b1cc9d538ab4be3713eef556528d6ba1cc4b990867e701479041e8815f9e1c8f,412,larger,20,2,2,a4j2,2.5879591703414917e-05,5,a5j2,a4j2,a4j2,a5j2,a4j2,a4j2,a5j2,a4j2,a4j2
6,8,8,24,18,210,objective_development,36,delay,1,frozen,objective_development/larger/412/a6/s1/frozen/delay/lambda8,b1cc9d538ab4be3713eef556528d6ba1cc4b990867e701479041e8815f9e1c8f,412,larger,21,1,1,a5j2,1.6028061509132385e-05,2,a5j2,a5j2,a5j2,a5j2,a5j2,a5j2,a5j2,a5j2,a5j2
6,8,8,24,18,210,objective_development,36,delay,1,frozen,objective_development/larger/412/a6/s1/frozen/delay/lambda8,b1cc9d538ab4be3713eef556528d6ba1cc4b990867e701479041e8815f9e1c8f,412,larger,22,0,0,,6.070360541343689e-06,1,,,,,,,,,
6,8,8,24,18,210,objective_development,36,delay,1,frozen,objective_development/larger/412/a6/s1/frozen/delay/lambda8,b1cc9d538ab4be3713eef556528d6ba1cc4b990867e701479041e8815f9e1c8f,412,larger,23,0,0,,4.392117261886597e-06,1,,,,,,,,,
6,0,9,24,18,210,objective_development,36,delay,2,frozen,objective_development/larger/412/a6/s2/frozen/delay/lambda0,b1cc9d538ab4be3713eef556528d6ba1cc4b990867e701479041e8815f9e1c8f,412,larger,0,3,2,a0j0,2.3679807782173157e-05,5,a0j0,a0j0,a0j0,a0j0,a0j0,a0j0,a3j0,a0j0,a0j0
6,0,9,24,18,210,objective_development,36,delay,2,frozen,objective_development/larger/412/a6/s2/frozen/delay/lambda0,b1cc9d538ab4be3713eef556528d6ba1cc4b990867e701479041e8815f9e1c8f,412,larger,2,4,4,a1j0,0.0002074986696243286,65,a1j0,a1j0,a3j0,a1j0,a1j0,a3j0,a1j0,a1j0,a3j0
6,0,9,24,18,210,objective_development,36,delay,2,frozen,objective_development/larger/412/a6/s2/frozen/delay/lambda0,b1cc9d538ab4be3713eef556528d6ba1cc4b990867e701479041e8815f9e1c8f,412,larger,4,2,1,a2j0,1.4239922165870667e-05,2,a2j0,a2j0,a2j0,a2j0,a2j0,a2j0,a2j0,a2j0,a2j0
6,0,9,24,18,210,objective_development,36,delay,2,frozen,objective_development/larger/412/a6/s2/frozen/delay/lambda0,b1cc9d538ab4be3713eef556528d6ba1cc4b990867e701479041e8815f9e1c8f,412,larger,6,0,0,,7.95908272266388e-06,1,,,,,,,,,
6,0,9,24,18,210,objective_development,36,delay,2,frozen,objective_development/larger/412/a6/s2/frozen/delay/lambda0,b1cc9d538ab4be3713eef556528d6ba1cc4b990867e701479041e8815f9e1c8f,412,larger,7,0,0,,3.1795352697372437e-06,1,,,,,,,,,
6,0,9,24,18,210,objective_development,36,delay,2,frozen,objective_development/larger/412/a6/s2/frozen/delay/lambda0,b1cc9d538ab4be3713eef556528d6ba1cc4b990867e701479041e8815f9e1c8f,412,larger,8,4,3,a0j1,4.205293953418732e-05,16,a0j1,a0j1,a2j1,a0j1,a0j1,a2j1,a0j1,a0j1,a2j1
6,0,9,24,18,210,objective_development,36,delay,2,frozen,objective_development/larger/412/a6/s2/frozen/delay/lambda0,b1cc9d538ab4be3713eef556528d6ba1cc4b990867e701479041e8815f9e1c8f,412,larger,10,2,1,a1j1,1.7639249563217163e-05,2,a1j1,a1j1,a1j1,a1j1,a1j1,a1j1,a1j1,a1j1,a1j1
6,0,9,24,18,210,objective_development,36,delay,2,frozen,objective_development/larger/412/a6/s2/frozen/delay/lambda0,b1cc9d538ab4be3713eef556528d6ba1cc4b990867e701479041e8815f9e1c8f,412,larger,12,0,0,,5.06080687046051e-06,1,,,,,,,,,
6,0,9,24,18,210,objective_development,36,delay,2,frozen,objective_development/larger/412/a6/s2/frozen/delay/lambda0,b1cc9d538ab4be3713eef556528d6ba1cc4b990867e701479041e8815f9e1c8f,412,larger,13,0,0,,5.280598998069763e-06,1,,,,,,,,,
6,0,9,24,18,210,objective_development,36,delay,2,frozen,objective_development/larger/412/a6/s2/frozen/delay/lambda0,b1cc9d538ab4be3713eef556528d6ba1cc4b990867e701479041e8815f9e1c8f,412,larger,14,0,0,,6.468966603279114e-06,1,,,,,,,,,
6,0,9,24,18,210,objective_development,36,delay,2,frozen,objective_development/larger/412/a6/s2/frozen/delay/lambda0,b1cc9d538ab4be3713eef556528d6ba1cc4b990867e701479041e8815f9e1c8f,412,larger,15,0,0,,4.699453711509705e-06,1,,,,,,,,,
6,0,9,24,18,210,objective_development,36,delay,2,frozen,objective_development/larger/412/a6/s2/frozen/delay/lambda0,b1cc9d538ab4be3713eef556528d6ba1cc4b990867e701479041e8815f9e1c8f,412,larger,16,2,2,a3j2,2.520717680454254e-05,5,a0j2,a3j2,a3j2,a0j2,a3j2,a3j2,a0j2,a0j2,a3j2
6,0,9,24,18,210,objective_development,36,delay,2,frozen,objective_development/larger/412/a6/s2/frozen/delay/lambda0,b1cc9d538ab4be3713eef556528d6ba1cc4b990867e701479041e8815f9e1c8f,412,larger,18,5,4,a0j2,0.00020681694149971008,65,a0j2,a0j2,a4j2,a0j2,a0j2,a4j2,a0j2,a0j2,a4j2
6,0,9,24,18,210,objective_development,36,delay,2,frozen,objective_development/larger/412/a6/s2/frozen/delay/lambda0,b1cc9d538ab4be3713eef556528d6ba1cc4b990867e701479041e8815f9e1c8f,412,larger,20,3,2,a2j2,2.741999924182892e-05,5,a2j2,a2j2,a2j2,a2j2,a2j2,a2j2,a5j2,a5j2,a2j2
6,0,9,24,18,210,objective_development,36,delay,2,frozen,objective_development/larger/412/a6/s2/frozen/delay/lambda0,b1cc9d538ab4be3713eef556528d6ba1cc4b990867e701479041e8815f9e1c8f,412,larger,22,1,0,,7.059425115585327e-06,1,,,,,,,,,
6,0,9,24,18,210,objective_development,36,delay,2,frozen,objective_development/larger/412/a6/s2/frozen/delay/lambda0,b1cc9d538ab4be3713eef556528d6ba1cc4b990867e701479041e8815f9e1c8f,412,larger,23,0,0,,9.130686521530151e-06,1,,,,,,,,,
6,4,10,24,18,210,objective_development,36,delay,2,frozen,objective_development/larger/412/a6/s2/frozen/delay/lambda4,b1cc9d538ab4be3713eef556528d6ba1cc4b990867e701479041e8815f9e1c8f,412,larger,0,3,3,a0j0,4.4560059905052185e-05,16,a0j0,a0j0,a0j0,a0j0,a0j0,a0j0,a3j0,a0j0,a0j0
6,4,10,24,18,210,objective_development,36,delay,2,frozen,objective_development/larger/412/a6/s2/frozen/delay/lambda4,b1cc9d538ab4be3713eef556528d6ba1cc4b990867e701479041e8815f9e1c8f,412,larger,2,4,4,a1j0,0.0001973174512386322,65,a1j0,a1j0,a3j0,a1j0,a1j0,a3j0,a3j0,a3j0,a3j0
6,4,10,24,18,210,objective_development,36,delay,2,frozen,objective_development/larger/412/a6/s2/frozen/delay/lambda4,b1cc9d538ab4be3713eef556528d6ba1cc4b990867e701479041e8815f9e1c8f,412,larger,4,2,1,a2j0,2.0910054445266724e-05,2,a2j0,a2j0,a2j0,a2j0,a2j0,a2j0,a2j0,a2j0,a2j0
6,4,10,24,18,210,objective_development,36,delay,2,frozen,objective_development/larger/412/a6/s2/frozen/delay/lambda4,b1cc9d538ab4be3713eef556528d6ba1cc4b990867e701479041e8815f9e1c8f,412,larger,6,0,0,,8.352100849151611e-06,1,,,,,,,,,
6,4,10,24,18,210,objective_development,36,delay,2,frozen,objective_development/larger/412/a6/s2/frozen/delay/lambda4,b1cc9d538ab4be3713eef556528d6ba1cc4b990867e701479041e8815f9e1c8f,412,larger,7,0,0,,6.891787052154541e-06,1,,,,,,,,,
6,4,10,24,18,210,objective_development,36,delay,2,frozen,objective_development/larger/412/a6/s2/frozen/delay/lambda4,b1cc9d538ab4be3713eef556528d6ba1cc4b990867e701479041e8815f9e1c8f,412,larger,8,4,4,a2j1,0.00011635944247245789,65,a0j1,a2j1,a2j1,a0j1,a2j1,a2j1,a0j1,a0j1,a2j1
6,4,10,24,18,210,objective_development,36,delay,2,frozen,objective_development/larger/412/a6/s2/frozen/delay/lambda4,b1cc9d538ab4be3713eef556528d6ba1cc4b990867e701479041e8815f9e1c8f,412,larger,10,3,2,a1j1,3.5006552934646606e-05,5,a1j1,a1j1,a0j1,a1j1,a1j1,a0j1,a1j1,a1j1,a0j1
6,4,10,24,18,210,objective_development,36,delay,2,frozen,objective_development/larger/412/a6/s2/frozen/delay/lambda4,b1cc9d538ab4be3713eef556528d6ba1cc4b990867e701479041e8815f9e1c8f,412,larger,12,0,0,,9.959563612937927e-06,1,,,,,,,,,
6,4,10,24,18,210,objective_development,36,delay,2,frozen,objective_development/larger/412/a6/s2/frozen/delay/lambda4,b1cc9d538ab4be3713eef556528d6ba1cc4b990867e701479041e8815f9e1c8f,412,larger,13,0,0,,7.010996341705322e-06,1,,,,,,,,,
6,4,10,24,18,210,objective_development,36,delay,2,frozen,objective_development/larger/412/a6/s2/frozen/delay/lambda4,b1cc9d538ab4be3713eef556528d6ba1cc4b990867e701479041e8815f9e1c8f,412,larger,14,0,0,,2.6300549507141113e-06,1,,,,,,,,,
6,4,10,24,18,210,objective_development,36,delay,2,frozen,objective_development/larger/412/a6/s2/frozen/delay/lambda4,b1cc9d538ab4be3713eef556528d6ba1cc4b990867e701479041e8815f9e1c8f,412,larger,15,0,0,,2.6114284992218018e-06,1,,,,,,,,,
6,4,10,24,18,210,objective_development,36,delay,2,frozen,objective_development/larger/412/a6/s2/frozen/delay/lambda4,b1cc9d538ab4be3713eef556528d6ba1cc4b990867e701479041e8815f9e1c8f,412,larger,16,2,2,a3j2,3.539957106113434e-05,5,a0j2,a3j2,a3j2,a0j2,a3j2,a3j2,a0j2,a0j2,a3j2
6,4,10,24,18,210,objective_development,36,delay,2,frozen,objective_development/larger/412/a6/s2/frozen/delay/lambda4,b1cc9d538ab4be3713eef556528d6ba1cc4b990867e701479041e8815f9e1c8f,412,larger,18,5,4,a0j2,0.00012850016355514526,65,a0j2,a0j2,a4j2,a0j2,a0j2,a4j2,a0j2,a0j2,a4j2
6,4,10,24,18,210,objective_development,36,delay,2,frozen,objective_development/larger/412/a6/s2/frozen/delay/lambda4,b1cc9d538ab4be3713eef556528d6ba1cc4b990867e701479041e8815f9e1c8f,412,larger,20,3,2,a2j2,2.3769214749336243e-05,5,a2j2,a2j2,a2j2,a2j2,a2j2,a2j2,a5j2,a5j2,a2j2
6,4,10,24,18,210,objective_development,36,delay,2,frozen,objective_development/larger/412/a6/s2/frozen/delay/lambda4,b1cc9d538ab4be3713eef556528d6ba1cc4b990867e701479041e8815f9e1c8f,412,larger,22,1,0,,8.950009942054749e-06,1,,,,,,,,,
6,4,10,24,18,210,objective_development,36,delay,2,frozen,objective_development/larger/412/a6/s2/frozen/delay/lambda4,b1cc9d538ab4be3713eef556528d6ba1cc4b990867e701479041e8815f9e1c8f,412,larger,23,0,0,,4.019588232040405e-06,1,,,,,,,,,
6,8,11,24,18,210,objective_development,36,delay,2,frozen,objective_development/larger/412/a6/s2/frozen/delay/lambda8,b1cc9d538ab4be3713eef556528d6ba1cc4b990867e701479041e8815f9e1c8f,412,larger,0,3,3,a0j0,4.6020373702049255e-05,16,a0j0,a0j0,a0j0,a0j0,a0j0,a0j0,a3j0,a0j0,a0j0
6,8,11,24,18,210,objective_development,36,delay,2,frozen,objective_development/larger/412/a6/s2/frozen/delay/lambda8,b1cc9d538ab4be3713eef556528d6ba1cc4b990867e701479041e8815f9e1c8f,412,larger,2,4,4,a1j0,0.00019821710884571075,65,a1j0,a1j0,a3j0,a1j0,a1j0,a3j0,a3j0,a3j0,a3j0
6,8,11,24,18,210,objective_development,36,delay,2,frozen,objective_development/larger/412/a6/s2/frozen/delay/lambda8,b1cc9d538ab4be3713eef556528d6ba1cc4b990867e701479041e8815f9e1c8f,412,larger,4,2,1,a2j0,1.9339844584465027e-05,2,a2j0,a2j0,a2j0,a2j0,a2j0,a2j0,a2j0,a2j0,a2j0
6,8,11,24,18,210,objective_development,36,delay,2,frozen,objective_development/larger/412/a6/s2/frozen/delay/lambda8,b1cc9d538ab4be3713eef556528d6ba1cc4b990867e701479041e8815f9e1c8f,412,larger,6,0,0,,8.011236786842346e-06,1,,,,,,,,,
6,8,11,24,18,210,objective_development,36,delay,2,frozen,objective_development/larger/412/a6/s2/frozen/delay/lambda8,b1cc9d538ab4be3713eef556528d6ba1cc4b990867e701479041e8815f9e1c8f,412,larger,7,0,0,,4.328787326812744e-06,1,,,,,,,,,
6,8,11,24,18,210,objective_development,36,delay,2,frozen,objective_development/larger/412/a6/s2/frozen/delay/lambda8,b1cc9d538ab4be3713eef556528d6ba1cc4b990867e701479041e8815f9e1c8f,412,larger,8,4,4,a2j1,0.00016452744603157043,65,a0j1,a2j1,a2j1,a0j1,a2j1,a2j1,a0j1,a2j1,a2j1
6,8,11,24,18,210,objective_development,36,delay,2,frozen,objective_development/larger/412/a6/s2/frozen/delay/lambda8,b1cc9d538ab4be3713eef556528d6ba1cc4b990867e701479041e8815f9e1c8f,412,larger,10,3,2,a1j1,2.6868656277656555e-05,5,a1j1,a1j1,a0j1,a1j1,a1j1,a0j1,a1j1,a1j1,a0j1
6,8,11,24,18,210,objective_development,36,delay,2,frozen,objective_development/larger/412/a6/s2/frozen/delay/lambda8,b1cc9d538ab4be3713eef556528d6ba1cc4b990867e701479041e8815f9e1c8f,412,larger,12,0,0,,7.651746273040771e-06,1,,,,,,,,,
6,8,11,24,18,210,objective_development,36,delay,2,frozen,objective_development/larger/412/a6/s2/frozen/delay/lambda8,b1cc9d538ab4be3713eef556528d6ba1cc4b990867e701479041e8815f9e1c8f,412,larger,13,0,0,,9.039416909217834e-06,1,,,,,,,,,
6,8,11,24,18,210,objective_development,36,delay,2,frozen,objective_development/larger/412/a6/s2/frozen/delay/lambda8,b1cc9d538ab4be3713eef556528d6ba1cc4b990867e701479041e8815f9e1c8f,412,larger,14,0,0,,4.978850483894348e-06,1,,,,,,,,,
6,8,11,24,18,210,objective_development,36,delay,2,frozen,objective_development/larger/412/a6/s2/frozen/delay/lambda8,b1cc9d538ab4be3713eef556528d6ba1cc4b990867e701479041e8815f9e1c8f,412,larger,15,0,0,,4.6603381633758545e-06,1,,,,,,,,,
6,8,11,24,18,210,objective_development,36,delay,2,frozen,objective_development/larger/412/a6/s2/frozen/delay/lambda8,b1cc9d538ab4be3713eef556528d6ba1cc4b990867e701479041e8815f9e1c8f,412,larger,16,2,2,a3j2,2.5052577257156372e-05,5,a0j2,a3j2,a3j2,a0j2,a3j2,a3j2,a0j2,a0j2,a3j2
6,8,11,24,18,210,objective_development,36,delay,2,frozen,objective_development/larger/412/a6/s2/frozen/delay/lambda8,b1cc9d538ab4be3713eef556528d6ba1cc4b990867e701479041e8815f9e1c8f,412,larger,18,5,4,a0j2,0.00012375786900520325,65,a0j2,a0j2,a4j2,a0j2,a0j2,a4j2,a0j2,a0j2,a4j2
6,8,11,24,18,210,objective_development,36,delay,2,frozen,objective_development/larger/412/a6/s2/frozen/delay/lambda8,b1cc9d538ab4be3713eef556528d6ba1cc4b990867e701479041e8815f9e1c8f,412,larger,20,3,2,a2j2,2.937205135822296e-05,5,a2j2,a2j2,a2j2,a2j2,a2j2,a2j2,a5j2,a5j2,a2j2
6,8,11,24,18,210,objective_development,36,delay,2,frozen,objective_development/larger/412/a6/s2/frozen/delay/lambda8,b1cc9d538ab4be3713eef556528d6ba1cc4b990867e701479041e8815f9e1c8f,412,larger,22,1,0,,7.96094536781311e-06,1,,,,,,,,,
6,8,11,24,18,210,objective_development,36,delay,2,frozen,objective_development/larger/412/a6/s2/frozen/delay/lambda8,b1cc9d538ab4be3713eef556528d6ba1cc4b990867e701479041e8815f9e1c8f,412,larger,23,0,0,,4.991888999938965e-06,1,,,,,,,,,
6,4,12,24,18,212,objective_development,36,delay,2,frozen,objective_development/larger/413/a6/s2/frozen/delay/lambda4,1e4b18e0e15621ba6cf6be21070fc60045f531732faf400f01f981d3f6df4b36,413,larger,0,3,3,a2j0,6.643123924732208e-05,16,a2j0,a2j0,a2j0,a2j0,a2j0,a2j0,a4j0,a2j0,a2j0
6,4,12,24,18,212,objective_development,36,delay,2,frozen,objective_development/larger/413/a6/s2/frozen/delay/lambda4,1e4b18e0e15621ba6cf6be21070fc60045f531732faf400f01f981d3f6df4b36,413,larger,2,5,4,a3j0,0.00019823946058750153,65,a1j0,a3j0,a4j0,a1j0,a3j0,a4j0,a1j0,a4j0,a4j0
6,4,12,24,18,212,objective_development,36,delay,2,frozen,objective_development/larger/413/a6/s2/frozen/delay/lambda4,1e4b18e0e15621ba6cf6be21070fc60045f531732faf400f01f981d3f6df4b36,413,larger,4,2,2,a1j0,2.6749446988105774e-05,5,a1j0,a1j0,a5j0,a1j0,a1j0,a5j0,a1j0,a1j0,a5j0
6,4,12,24,18,212,objective_development,36,delay,2,frozen,objective_development/larger/413/a6/s2/frozen/delay/lambda4,1e4b18e0e15621ba6cf6be21070fc60045f531732faf400f01f981d3f6df4b36,413,larger,6,0,0,,8.171424269676208e-06,1,,,,,,,,,
6,4,12,24,18,212,objective_development,36,delay,2,frozen,objective_development/larger/413/a6/s2/frozen/delay/lambda4,1e4b18e0e15621ba6cf6be21070fc60045f531732faf400f01f981d3f6df4b36,413,larger,7,0,0,,4.539266228675842e-06,1,,,,,,,,,
6,4,12,24,18,212,objective_development,36,delay,2,frozen,objective_development/larger/413/a6/s2/frozen/delay/lambda4,1e4b18e0e15621ba6cf6be21070fc60045f531732faf400f01f981d3f6df4b36,413,larger,8,4,4,a0j1,0.00020266883075237274,65,a0j1,a0j1,a4j1,a0j1,a3j1,a4j1,a0j1,a0j1,a4j1
6,4,12,24,18,212,objective_development,36,delay,2,frozen,objective_development/larger/413/a6/s2/frozen/delay/lambda4,1e4b18e0e15621ba6cf6be21070fc60045f531732faf400f01f981d3f6df4b36,413,larger,10,4,4,a5j1,0.0002177078276872635,65,a2j1,a5j1,a1j1,a2j1,a5j1,a1j1,a2j1,a2j1,a1j1
6,4,12,24,18,212,objective_development,36,delay,2,frozen,objective_development/larger/413/a6/s2/frozen/delay/lambda4,1e4b18e0e15621ba6cf6be21070fc60045f531732faf400f01f981d3f6df4b36,413,larger,12,3,2,a2j1,2.8759241104125977e-05,5,a2j1,a2j1,a2j1,a2j1,a2j1,a2j1,a2j1,a2j1,a2j1
6,4,12,24,18,212,objective_development,36,delay,2,frozen,objective_development/larger/413/a6/s2/frozen/delay/lambda4,1e4b18e0e15621ba6cf6be21070fc60045f531732faf400f01f981d3f6df4b36,413,larger,14,0,0,,9.020790457725525e-06,1,,,,,,,,,
6,4,12,24,18,212,objective_development,36,delay,2,frozen,objective_development/larger/413/a6/s2/frozen/delay/lambda4,1e4b18e0e15621ba6cf6be21070fc60045f531732faf400f01f981d3f6df4b36,413,larger,15,0,0,,4.500150680541992e-06,1,,,,,,,,,
6,4,12,24,18,212,objective_development,36,delay,2,frozen,objective_development/larger/413/a6/s2/frozen/delay/lambda4,1e4b18e0e15621ba6cf6be21070fc60045f531732faf400f01f981d3f6df4b36,413,larger,16,2,2,a1j2,2.4611130356788635e-05,5,a1j2,a1j2,a1j2,a1j2,a1j2,a1j2,a2j2,a1j2,a1j2
6,4,12,24,18,212,objective_development,36,delay,2,frozen,objective_development/larger/413/a6/s2/frozen/delay/lambda4,1e4b18e0e15621ba6cf6be21070fc60045f531732faf400f01f981d3f6df4b36,413,larger,18,5,4,a3j2,0.00012267939746379852,65,a3j2,a3j2,a5j2,a3j2,a3j2,a5j2,a3j2,a3j2,a5j2
6,4,12,24,18,212,objective_development,36,delay,2,frozen,objective_development/larger/413/a6/s2/frozen/delay/lambda4,1e4b18e0e15621ba6cf6be21070fc60045f531732faf400f01f981d3f6df4b36,413,larger,20,3,2,a2j2,2.8187409043312073e-05,5,a2j2,a2j2,a2j2,a2j2,a2j2,a2j2,a2j2,a2j2,a2j2
6,4,12,24,18,212,objective_development,36,delay,2,frozen,objective_development/larger/413/a6/s2/frozen/delay/lambda4,1e4b18e0e15621ba6cf6be21070fc60045f531732faf400f01f981d3f6df4b36,413,larger,22,1,0,,1.0272487998008728e-05,1,,,,,,,,,
6,4,12,24,18,212,objective_development,36,delay,2,frozen,objective_development/larger/413/a6/s2/frozen/delay/lambda4,1e4b18e0e15621ba6cf6be21070fc60045f531732faf400f01f981d3f6df4b36,413,larger,23,0,0,,3.470107913017273e-06,1,,,,,,,,,
6,8,13,24,18,212,objective_development,36,delay,2,frozen,objective_development/larger/413/a6/s2/frozen/delay/lambda8,1e4b18e0e15621ba6cf6be21070fc60045f531732faf400f01f981d3f6df4b36,413,larger,0,3,3,a2j0,4.225969314575195e-05,16,a2j0,a2j0,a2j0,a2j0,a2j0,a2j0,a4j0,a2j0,a2j0
6,8,13,24,18,212,objective_development,36,delay,2,frozen,objective_development/larger/413/a6/s2/frozen/delay/lambda8,1e4b18e0e15621ba6cf6be21070fc60045f531732faf400f01f981d3f6df4b36,413,larger,2,5,4,a3j0,0.0002018474042415619,65,a1j0,a3j0,a4j0,a1j0,a3j0,a4j0,a4j0,a4j0,a4j0
6,8,13,24,18,212,objective_development,36,delay,2,frozen,objective_development/larger/413/a6/s2/frozen/delay/lambda8,1e4b18e0e15621ba6cf6be21070fc60045f531732faf400f01f981d3f6df4b36,413,larger,4,2,2,a1j0,3.347732126712799e-05,5,a1j0,a1j0,a5j0,a1j0,a1j0,a5j0,a1j0,a1j0,a5j0
6,8,13,24,18,212,objective_development,36,delay,2,frozen,objective_development/larger/413/a6/s2/frozen/delay/lambda8,1e4b18e0e15621ba6cf6be21070fc60045f531732faf400f01f981d3f6df4b36,413,larger,6,0,0,,8.380040526390076e-06,1,,,,,,,,,
6,8,13,24,18,212,objective_development,36,delay,2,frozen,objective_development/larger/413/a6/s2/frozen/delay/lambda8,1e4b18e0e15621ba6cf6be21070fc60045f531732faf400f01f981d3f6df4b36,413,larger,7,0,0,,5.388632416725159e-06,1,,,,,,,,,
6,8,13,24,18,212,objective_development,36,delay,2,frozen,objective_development/larger/413/a6/s2/frozen/delay/lambda8,1e4b18e0e15621ba6cf6be21070fc60045f531732faf400f01f981d3f6df4b36,413,larger,8,4,4,a2j1,0.0001219082623720169,65,a0j1,a2j1,a4j1,a0j1,a0j1,a4j1,a0j1,a0j1,a4j1
6,8,13,24,18,212,objective_development,36,delay,2,frozen,objective_development/larger/413/a6/s2/frozen/delay/lambda8,1e4b18e0e15621ba6cf6be21070fc60045f531732faf400f01f981d3f6df4b36,413,larger,10,4,4,a5j1,0.00012055598199367523,65,a0j1,a5j1,a1j1,a0j1,a5j1,a1j1,a0j1,a0j1,a1j1
6,8,13,24,18,212,objective_development,36,delay,2,frozen,objective_development/larger/413/a6/s2/frozen/delay/lambda8,1e4b18e0e15621ba6cf6be21070fc60045f531732faf400f01f981d3f6df4b36,413,larger,12,3,2,a0j1,2.2688880562782288e-05,5,a0j1,a0j1,a0j1,a0j1,a0j1,a0j1,a0j1,a0j1,a0j1
6,8,13,24,18,212,objective_development,36,delay,2,frozen,objective_development/larger/413/a6/s2/frozen/delay/lambda8,1e4b18e0e15621ba6cf6be21070fc60045f531732faf400f01f981d3f6df4b36,413,larger,14,0,0,,9.171664714813232e-06,1,,,,,,,,,
6,8,13,24,18,212,objective_development,36,delay,2,frozen,objective_development/larger/413/a6/s2/frozen/delay/lambda8,1e4b18e0e15621ba6cf6be21070fc60045f531732faf400f01f981d3f6df4b36,413,larger,15,0,0,,4.680827260017395e-06,1,,,,,,,,,
6,8,13,24,18,212,objective_development,36,delay,2,frozen,objective_development/larger/413/a6/s2/frozen/delay/lambda8,1e4b18e0e15621ba6cf6be21070fc60045f531732faf400f01f981d3f6df4b36,413,larger,16,2,2,a1j2,2.6009976863861084e-05,5,a1j2,a1j2,a1j2,a1j2,a1j2,a1j2,a2j2,a1j2,a1j2
6,8,13,24,18,212,objective_development,36,delay,2,frozen,objective_development/larger/413/a6/s2/frozen/delay/lambda8,1e4b18e0e15621ba6cf6be21070fc60045f531732faf400f01f981d3f6df4b36,413,larger,18,5,4,a3j2,0.00018538907170295715,65,a3j2,a3j2,a5j2,a3j2,a3j2,a5j2,a3j2,a3j2,a5j2
6,8,13,24,18,212,objective_development,36,delay,2,frozen,objective_development/larger/413/a6/s2/frozen/delay/lambda8,1e4b18e0e15621ba6cf6be21070fc60045f531732faf400f01f981d3f6df4b36,413,larger,20,3,2,a2j2,4.0549784898757935e-05,5,a2j2,a2j2,a2j2,a2j2,a2j2,a2j2,a2j2,a2j2,a2j2
6,8,13,24,18,212,objective_development,36,delay,2,frozen,objective_development/larger/413/a6/s2/frozen/delay/lambda8,1e4b18e0e15621ba6cf6be21070fc60045f531732faf400f01f981d3f6df4b36,413,larger,22,1,0,,1.122988760471344e-05,1,,,,,,,,,
6,8,13,24,18,212,objective_development,36,delay,2,frozen,objective_development/larger/413/a6/s2/frozen/delay/lambda8,1e4b18e0e15621ba6cf6be21070fc60045f531732faf400f01f981d3f6df4b36,413,larger,23,0,0,,5.388632416725159e-06,1,,,,,,,,,
6,0,14,24,18,212,objective_development,36,delay,2,frozen,objective_development/larger/413/a6/s2/frozen/delay/lambda0,1e4b18e0e15621ba6cf6be21070fc60045f531732faf400f01f981d3f6df4b36,413,larger,0,3,3,a2j0,8.334964513778687e-05,16,a2j0,a2j0,a2j0,a2j0,a2j0,a2j0,a2j0,a2j0,a2j0
6,0,14,24,18,212,objective_development,36,delay,2,frozen,objective_development/larger/413/a6/s2/frozen/delay/lambda0,1e4b18e0e15621ba6cf6be21070fc60045f531732faf400f01f981d3f6df4b36,413,larger,2,5,4,a3j0,0.00020971894264221191,65,a1j0,a3j0,a4j0,a1j0,a3j0,a4j0,a1j0,a4j0,a4j0
6,0,14,24,18,212,objective_development,36,delay,2,frozen,objective_development/larger/413/a6/s2/frozen/delay/lambda0,1e4b18e0e15621ba6cf6be21070fc60045f531732faf400f01f981d3f6df4b36,413,larger,4,2,1,a1j0,2.1127983927726746e-05,2,a1j0,a1j0,a1j0,a1j0,a1j0,a1j0,a1j0,a1j0,a1j0
6,0,14,24,18,212,objective_development,36,delay,2,frozen,objective_development/larger/413/a6/s2/frozen/delay/lambda0,1e4b18e0e15621ba6cf6be21070fc60045f531732faf400f01f981d3f6df4b36,413,larger,6,0,0,,3.8139522075653076e-05,1,,,,,,,,,
6,0,14,24,18,212,objective_development,36,delay,2,frozen,objective_development/larger/413/a6/s2/frozen/delay/lambda0,1e4b18e0e15621ba6cf6be21070fc60045f531732faf400f01f981d3f6df4b36,413,larger,7,0,0,,3.4123659133911133e-06,1,,,,,,,,,
6,0,14,24,18,212,objective_development,36,delay,2,frozen,objective_development/larger/413/a6/s2/frozen/delay/lambda0,1e4b18e0e15621ba6cf6be21070fc60045f531732faf400f01f981d3f6df4b36,413,larger,8,4,3,a0j1,7.274746894836426e-05,16,a0j1,a0j1,a0j1,a0j1,a0j1,a0j1,a0j1,a0j1,a0j1
6,0,14,24,18,212,objective_development,36,delay,2,frozen,objective_development/larger/413/a6/s2/frozen/delay/lambda0,1e4b18e0e15621ba6cf6be21070fc60045f531732faf400f01f981d3f6df4b36,413,larger,10,4,3,a5j1,8.088722825050354e-05,16,a2j1,a5j1,a5j1,a2j1,a5j1,a5j1,a2j1,a2j1,a5j1
6,0,14,24,18,212,objective_development,36,delay,2,frozen,objective_development/larger/413/a6/s2/frozen/delay/lambda0,1e4b18e0e15621ba6cf6be21070fc60045f531732faf400f01f981d3f6df4b36,413,larger,12,3,2,a2j1,3.8759782910346985e-05,5,a2j1,a2j1,a2j1,a2j1,a2j1,a2j1,a2j1,a2j1,a2j1
6,0,14,24,18,212,objective_development,36,delay,2,frozen,objective_development/larger/413/a6/s2/frozen/delay/lambda0,1e4b18e0e15621ba6cf6be21070fc60045f531732faf400f01f981d3f6df4b36,413,larger,14,0,0,,8.439645171165466e-06,1,,,,,,,,,
6,0,14,24,18,212,objective_development,36,delay,2,frozen,objective_development/larger/413/a6/s2/frozen/delay/lambda0,1e4b18e0e15621ba6cf6be21070fc60045f531732faf400f01f981d3f6df4b36,413,larger,15,0,0,,3.980472683906555e-06,1,,,,,,,,,
6,0,14,24,18,212,objective_development,36,delay,2,frozen,objective_development/larger/413/a6/s2/frozen/delay/lambda0,1e4b18e0e15621ba6cf6be21070fc60045f531732faf400f01f981d3f6df4b36,413,larger,16,2,2,a1j2,3.771856427192688e-05,5,a1j2,a1j2,a1j2,a1j2,a1j2,a1j2,a2j2,a1j2,a1j2
6,0,14,24,18,212,objective_development,36,delay,2,frozen,objective_development/larger/413/a6/s2/frozen/delay/lambda0,1e4b18e0e15621ba6cf6be21070fc60045f531732faf400f01f981d3f6df4b36,413,larger,18,5,4,a3j2,0.00020124763250350952,65,a3j2,a3j2,a5j2,a3j2,a3j2,a5j2,a3j2,a3j2,a5j2
6,0,14,24,18,212,objective_development,36,delay,2,frozen,objective_development/larger/413/a6/s2/frozen/delay/lambda0,1e4b18e0e15621ba6cf6be21070fc60045f531732faf400f01f981d3f6df4b36,413,larger,20,3,2,a2j2,5.064718425273895e-05,5,a2j2,a2j2,a2j2,a2j2,a2j2,a2j2,a2j2,a2j2,a2j2
6,0,14,24,18,212,objective_development,36,delay,2,frozen,objective_development/larger/413/a6/s2/frozen/delay/lambda0,1e4b18e0e15621ba6cf6be21070fc60045f531732faf400f01f981d3f6df4b36,413,larger,22,1,0,,9.42125916481018e-06,1,,,,,,,,,
6,0,14,24,18,212,objective_development,36,delay,2,frozen,objective_development/larger/413/a6/s2/frozen/delay/lambda0,1e4b18e0e15621ba6cf6be21070fc60045f531732faf400f01f981d3f6df4b36,413,larger,23,0,0,,5.7872384786605835e-06,1,,,,,,,,,
6,4,15,24,18,212,objective_development,36,delay,1,frozen,objective_development/larger/413/a6/s1/frozen/delay/lambda4,1e4b18e0e15621ba6cf6be21070fc60045f531732faf400f01f981d3f6df4b36,413,larger,0,3,3,a2j0,4.382990300655365e-05,16,a2j0,a2j0,a2j0,a2j0,a2j0,a2j0,a4j0,a2j0,a2j0
6,4,15,24,18,212,objective_development,36,delay,1,frozen,objective_development/larger/413/a6/s1/frozen/delay/lambda4,1e4b18e0e15621ba6cf6be21070fc60045f531732faf400f01f981d3f6df4b36,413,larger,1,5,5,a1j0,0.001112956553697586,326,a1j0,a1j0,a0j0,a1j0,a1j0,a0j0,a1j0,a1j0,a0j0
6,4,15,24,18,212,objective_development,36,delay,1,frozen,objective_development/larger/413/a6/s1/frozen/delay/lambda4,1e4b18e0e15621ba6cf6be21070fc60045f531732faf400f01f981d3f6df4b36,413,larger,2,4,4,a0j0,0.00019630789756774902,65,a0j0,a0j0,a0j0,a0j0,a0j0,a0j0,a4j0,a0j0,a0j0
6,4,15,24,18,212,objective_development,36,delay,1,frozen,objective_development/larger/413/a6/s1/frozen/delay/lambda4,1e4b18e0e15621ba6cf6be21070fc60045f531732faf400f01f981d3f6df4b36,413,larger,3,3,3,a4j0,7.037073373794556e-05,16,a3j0,a4j0,a4j0,a3j0,a4j0,a4j0,a4j0,a4j0,a4j0
6,4,15,24,18,212,objective_development,36,delay,1,frozen,objective_development/larger/413/a6/s1/frozen/delay/lambda4,1e4b18e0e15621ba6cf6be21070fc60045f531732faf400f01f981d3f6df4b36,413,larger,4,2,2,a3j0,3.068707883358002e-05,5,a3j0,a3j0,a3j0,a3j0,a3j0,a3j0,a3j0,a3j0,a3j0
6,4,15,24,18,212,objective_development,36,delay,1,frozen,objective_development/larger/413/a6/s1/frozen/delay/lambda4,1e4b18e0e15621ba6cf6be21070fc60045f531732faf400f01f981d3f6df4b36,413,larger,5,1,1,a5j0,1.806020736694336e-05,2,a5j0,a5j0,a5j0,a5j0,a5j0,a5j0,a5j0,a5j0,a5j0
6,4,15,24,18,212,objective_development,36,delay,1,frozen,objective_development/larger/413/a6/s1/frozen/delay/lambda4,1e4b18e0e15621ba6cf6be21070fc60045f531732faf400f01f981d3f6df4b36,413,larger,6,0,0,,8.812174201011658e-06,1,,,,,,,,,
6,4,15,24,18,212,objective_development,36,delay,1,frozen,objective_development/larger/413/a6/s1/frozen/delay/lambda4,1e4b18e0e15621ba6cf6be21070fc60045f531732faf400f01f981d3f6df4b36,413,larger,7,0,0,,5.140900611877441e-06,1,,,,,,,,,
6,4,15,24,18,212,objective_development,36,delay,1,frozen,objective_development/larger/413/a6/s1/frozen/delay/lambda4,1e4b18e0e15621ba6cf6be21070fc60045f531732faf400f01f981d3f6df4b36,413,larger,8,4,4,a0j1,0.00020942836999893188,65,a0j1,a0j1,a4j1,a0j1,a0j1,a4j1,a0j1,a0j1,a4j1
6,4,15,24,18,212,objective_development,36,delay,1,frozen,objective_development/larger/413/a6/s1/frozen/delay/lambda4,1e4b18e0e15621ba6cf6be21070fc60045f531732faf400f01f981d3f6df4b36,413,larger,9,5,5,a2j1,0.001232348382472992,326,a2j1,a2j1,a4j1,a2j1,a2j1,a4j1,a2j1,a2j1,a4j1
6,4,15,24,18,212,objective_development,36,delay,1,frozen,objective_development/larger/413/a6/s1/frozen/delay/lambda4,1e4b18e0e15621ba6cf6be21070fc60045f531732faf400f01f981d3f6df4b36,413,larger,10,3,3,a3j1,5.0708651542663574e-05,16,a5j1,a3j1,a1j1,a5j1,a3j1,a1j1,a3j1,a3j1,a1j1
6,4,15,24,18,212,objective_development,36,delay,1,frozen,objective_development/larger/413/a6/s1/frozen/delay/lambda4,1e4b18e0e15621ba6cf6be21070fc60045f531732faf400f01f981d3f6df4b36,413,larger,11,2,2,a1j1,2.2059306502342224e-05,5,a5j1,a1j1,a1j1,a5j1,a1j1,a1j1,a5j1,a1j1,a1j1
6,4,15,24,18,212,objective_development,36,delay,1,frozen,objective_development/larger/413/a6/s1/frozen/delay/lambda4,1e4b18e0e15621ba6cf6be21070fc60045f531732faf400f01f981d3f6df4b36,413,larger,12,1,1,a5j1,1.1799857020378113e-05,2,a5j1,a5j1,a5j1,a5j1,a5j1,a5j1,a5j1,a5j1,a5j1
6,4,15,24,18,212,objective_development,36,delay,1,frozen,objective_development/larger/413/a6/s1/frozen/delay/lambda4,1e4b18e0e15621ba6cf6be21070fc60045f531732faf400f01f981d3f6df4b36,413,larger,13,0,0,,5.189329385757446e-06,1,,,,,,,,,
6,4,15,24,18,212,objective_development,36,delay,1,frozen,objective_development/larger/413/a6/s1/frozen/delay/lambda4,1e4b18e0e15621ba6cf6be21070fc60045f531732faf400f01f981d3f6df4b36,413,larger,14,0,0,,4.680827260017395e-06,1,,,,,,,,,
6,4,15,24,18,212,objective_development,36,delay,1,frozen,objective_development/larger/413/a6/s1/frozen/delay/lambda4,1e4b18e0e15621ba6cf6be21070fc60045f531732faf400f01f981d3f6df4b36,413,larger,15,0,0,,3.0603259801864624e-06,1,,,,,,,,,
6,4,15,24,18,212,objective_development,36,delay,1,frozen,objective_development/larger/413/a6/s1/frozen/delay/lambda4,1e4b18e0e15621ba6cf6be21070fc60045f531732faf400f01f981d3f6df4b36,413,larger,16,2,2,a1j2,2.4441629648208618e-05,5,a1j2,a1j2,a1j2,a1j2,a1j2,a1j2,a2j2,a2j2,a1j2
6,4,15,24,18,212,objective_development,36,delay,1,frozen,objective_development/larger/413/a6/s1/frozen/delay/lambda4,1e4b18e0e15621ba6cf6be21070fc60045f531732faf400f01f981d3f6df4b36,413,larger,17,5,5,a3j2,0.0006280839443206787,326,a3j2,a3j2,a0j2,a3j2,a3j2,a0j2,a3j2,a3j2,a0j2
6,4,15,24,18,212,objective_development,36,delay,1,frozen,objective_development/larger/413/a6/s1/frozen/delay/lambda4,1e4b18e0e15621ba6cf6be21070fc60045f531732faf400f01f981d3f6df4b36,413,larger,18,4,4,a0j2,0.0001336708664894104,65,a2j2,a0j2,a0j2,a2j2,a0j2,a0j2,a2j2,a0j2,a0j2
6,4,15,24,18,212,objective_development,36,delay,1,frozen,objective_development/larger/413/a6/s1/frozen/delay/lambda4,1e4b18e0e15621ba6cf6be21070fc60045f531732faf400f01f981d3f6df4b36,413,larger,19,3,3,a5j2,7.382035255432129e-05,16,a2j2,a5j2,a5j2,a2j2,a5j2,a5j2,a2j2,a5j2,a5j2
6,4,15,24,18,212,objective_development,36,delay,1,frozen,objective_development/larger/413/a6/s1/frozen/delay/lambda4,1e4b18e0e15621ba6cf6be21070fc60045f531732faf400f01f981d3f6df4b36,413,larger,20,2,2,a2j2,3.192014992237091e-05,5,a2j2,a2j2,a2j2,a2j2,a2j2,a2j2,a2j2,a2j2,a2j2
6,4,15,24,18,212,objective_development,36,delay,1,frozen,objective_development/larger/413/a6/s1/frozen/delay/lambda4,1e4b18e0e15621ba6cf6be21070fc60045f531732faf400f01f981d3f6df4b36,413,larger,21,1,1,a4j2,1.266971230506897e-05,2,a4j2,a4j2,a4j2,a4j2,a4j2,a4j2,a4j2,a4j2,a4j2
6,4,15,24,18,212,objective_development,36,delay,1,frozen,objective_development/larger/413/a6/s1/frozen/delay/lambda4,1e4b18e0e15621ba6cf6be21070fc60045f531732faf400f01f981d3f6df4b36,413,larger,22,0,0,,6.9588422775268555e-06,1,,,,,,,,,
6,4,15,24,18,212,objective_development,36,delay,1,frozen,objective_development/larger/413/a6/s1/frozen/delay/lambda4,1e4b18e0e15621ba6cf6be21070fc60045f531732faf400f01f981d3f6df4b36,413,larger,23,0,0,,3.298744559288025e-06,1,,,,,,,,,
6,8,16,24,18,212,objective_development,36,delay,1,frozen,objective_development/larger/413/a6/s1/frozen/delay/lambda8,1e4b18e0e15621ba6cf6be21070fc60045f531732faf400f01f981d3f6df4b36,413,larger,0,3,3,a2j0,4.519149661064148e-05,16,a2j0,a2j0,a2j0,a2j0,a2j0,a2j0,a4j0,a2j0,a2j0
6,8,16,24,18,212,objective_development,36,delay,1,frozen,objective_development/larger/413/a6/s1/frozen/delay/lambda8,1e4b18e0e15621ba6cf6be21070fc60045f531732faf400f01f981d3f6df4b36,413,larger,1,5,5,a1j0,0.0005968641489744186,326,a1j0,a1j0,a0j0,a1j0,a1j0,a0j0,a4j0,a1j0,a0j0
6,8,16,24,18,212,objective_development,36,delay,1,frozen,objective_development/larger/413/a6/s1/frozen/delay/lambda8,1e4b18e0e15621ba6cf6be21070fc60045f531732faf400f01f981d3f6df4b36,413,larger,2,4,4,a0j0,0.00013607554137706757,65,a0j0,a0j0,a0j0,a0j0,a0j0,a0j0,a4j0,a0j0,a0j0
6,8,16,24,18,212,objective_development,36,delay,1,frozen,objective_development/larger/413/a6/s1/frozen/delay/lambda8,1e4b18e0e15621ba6cf6be21070fc60045f531732faf400f01f981d3f6df4b36,413,larger,3,3,3,a4j0,6.298720836639404e-05,16,a3j0,a4j0,a4j0,a3j0,a4j0,a4j0,a4j0,a4j0,a4j0
6,8,16,24,18,212,objective_development,36,delay,1,frozen,objective_development/larger/413/a6/s1/frozen/delay/lambda8,1e4b18e0e15621ba6cf6be21070fc60045f531732faf400f01f981d3f6df4b36,413,larger,4,2,2,a3j0,2.2960826754570007e-05,5,a3j0,a3j0,a3j0,a3j0,a3j0,a3j0,a3j0,a3j0,a3j0
6,8,16,24,18,212,objective_development,36,delay,1,frozen,objective_development/larger/413/a6/s1/frozen/delay/lambda8,1e4b18e0e15621ba6cf6be21070fc60045f531732faf400f01f981d3f6df4b36,413,larger,5,1,1,a5j0,1.811981201171875e-05,2,a5j0,a5j0,a5j0,a5j0,a5j0,a5j0,a5j0,a5j0,a5j0
6,8,16,24,18,212,objective_development,36,delay,1,frozen,objective_development/larger/413/a6/s1/frozen/delay/lambda8,1e4b18e0e15621ba6cf6be21070fc60045f531732faf400f01f981d3f6df4b36,413,larger,6,0,0,,4.110857844352722e-06,1,,,,,,,,,
6,8,16,24,18,212,objective_development,36,delay,1,frozen,objective_development/larger/413/a6/s1/frozen/delay/lambda8,1e4b18e0e15621ba6cf6be21070fc60045f531732faf400f01f981d3f6df4b36,413,larger,7,0,0,,4.060566425323486e-06,1,,,,,,,,,
6,8,16,24,18,212,objective_development,36,delay,1,frozen,objective_development/larger/413/a6/s1/frozen/delay/lambda8,1e4b18e0e15621ba6cf6be21070fc60045f531732faf400f01f981d3f6df4b36,413,larger,8,4,4,a0j1,0.0001446697860956192,65,a0j1,a0j1,a4j1,a0j1,a0j1,a4j1,a0j1,a0j1,a4j1
6,8,16,24,18,212,objective_development,36,delay,1,frozen,objective_development/larger/413/a6/s1/frozen/delay/lambda8,1e4b18e0e15621ba6cf6be21070fc60045f531732faf400f01f981d3f6df4b36,413,larger,9,5,5,a4j1,0.0009069312363862991,326,a2j1,a4j1,a4j1,a2j1,a4j1,a4j1,a2j1,a4j1,a4j1
6,8,16,24,18,212,objective_development,36,delay,1,frozen,objective_development/larger/413/a6/s1/frozen/delay/lambda8,1e4b18e0e15621ba6cf6be21070fc60045f531732faf400f01f981d3f6df4b36,413,larger,10,4,4,a2j1,0.00017537921667099,65,a2j1,a2j1,a1j1,a2j1,a2j1,a1j1,a2j1,a2j1,a1j1
6,8,16,24,18,212,objective_development,36,delay,1,frozen,objective_development/larger/413/a6/s1/frozen/delay/lambda8,1e4b18e0e15621ba6cf6be21070fc60045f531732faf400f01f981d3f6df4b36,413,larger,11,3,3,a1j1,6.0828402638435364e-05,16,a5j1,a1j1,a1j1,a5j1,a1j1,a1j1,a3j1,a1j1,a1j1
6,8,16,24,18,212,objective_development,36,delay,1,frozen,objective_development/larger/413/a6/s1/frozen/delay/lambda8,1e4b18e0e15621ba6cf6be21070fc60045f531732faf400f01f981d3f6df4b36,413,larger,12,2,2,a5j1,4.013068974018097e-05,5,a5j1,a5j1,a5j1,a5j1,a5j1,a5j1,a3j1,a5j1,a5j1
6,8,16,24,18,212,objective_development,36,delay,1,frozen,objective_development/larger/413/a6/s1/frozen/delay/lambda8,1e4b18e0e15621ba6cf6be21070fc60045f531732faf400f01f981d3f6df4b36,413,larger,13,1,1,a3j1,2.2999942302703857e-05,2,a3j1,a3j1,a3j1,a3j1,a3j1,a3j1,a3j1,a3j1,a3j1
6,8,16,24,18,212,objective_development,36,delay,1,frozen,objective_development/larger/413/a6/s1/frozen/delay/lambda8,1e4b18e0e15621ba6cf6be21070fc60045f531732faf400f01f981d3f6df4b36,413,larger,14,0,0,,7.452443242073059e-06,1,,,,,,,,,
6,8,16,24,18,212,objective_development,36,delay,1,frozen,objective_development/larger/413/a6/s1/frozen/delay/lambda8,1e4b18e0e15621ba6cf6be21070fc60045f531732faf400f01f981d3f6df4b36,413,larger,15,0,0,,4.6193599700927734e-06,1,,,,,,,,,
6,8,16,24,18,212,objective_development,36,delay,1,frozen,objective_development/larger/413/a6/s1/frozen/delay/lambda8,1e4b18e0e15621ba6cf6be21070fc60045f531732faf400f01f981d3f6df4b36,413,larger,16,2,2,a1j2,3.5610049962997437e-05,5,a1j2,a1j2,a1j2,a1j2,a1j2,a1j2,a2j2,a2j2,a1j2
6,8,16,24,18,212,objective_development,36,delay,1,frozen,objective_development/larger/413/a6/s1/frozen/delay/lambda8,1e4b18e0e15621ba6cf6be21070fc60045f531732faf400f01f981d3f6df4b36,413,larger,17,5,5,a3j2,0.0006180815398693085,326,a3j2,a3j2,a0j2,a3j2,a3j2,a0j2,a3j2,a3j2,a0j2
6,8,16,24,18,212,objective_development,36,delay,1,frozen,objective_development/larger/413/a6/s1/frozen/delay/lambda8,1e4b18e0e15621ba6cf6be21070fc60045f531732faf400f01f981d3f6df4b36,413,larger,18,4,4,a0j2,0.0001187007874250412,65,a2j2,a0j2,a0j2,a2j2,a0j2,a0j2,a2j2,a0j2,a0j2
6,8,16,24,18,212,objective_development,36,delay,1,frozen,objective_development/larger/413/a6/s1/frozen/delay/lambda8,1e4b18e0e15621ba6cf6be21070fc60045f531732faf400f01f981d3f6df4b36,413,larger,19,3,3,a5j2,4.560127854347229e-05,16,a2j2,a5j2,a5j2,a2j2,a5j2,a5j2,a2j2,a5j2,a5j2
6,8,16,24,18,212,objective_development,36,delay,1,frozen,objective_development/larger/413/a6/s1/frozen/delay/lambda8,1e4b18e0e15621ba6cf6be21070fc60045f531732faf400f01f981d3f6df4b36,413,larger,20,2,2,a2j2,1.807883381843567e-05,5,a2j2,a2j2,a2j2,a2j2,a2j2,a2j2,a2j2,a2j2,a2j2
6,8,16,24,18,212,objective_development,36,delay,1,frozen,objective_development/larger/413/a6/s1/frozen/delay/lambda8,1e4b18e0e15621ba6cf6be21070fc60045f531732faf400f01f981d3f6df4b36,413,larger,21,1,1,a4j2,2.0120292901992798e-05,2,a4j2,a4j2,a4j2,a4j2,a4j2,a4j2,a4j2,a4j2,a4j2
6,8,16,24,18,212,objective_development,36,delay,1,frozen,objective_development/larger/413/a6/s1/frozen/delay/lambda8,1e4b18e0e15621ba6cf6be21070fc60045f531732faf400f01f981d3f6df4b36,413,larger,22,0,0,,4.932284355163574e-06,1,,,,,,,,,
6,8,16,24,18,212,objective_development,36,delay,1,frozen,objective_development/larger/413/a6/s1/frozen/delay/lambda8,1e4b18e0e15621ba6cf6be21070fc60045f531732faf400f01f981d3f6df4b36,413,larger,23,0,0,,3.8929283618927e-06,1,,,,,,,,,
6,0,17,24,18,212,objective_development,36,delay,1,frozen,objective_development/larger/413/a6/s1/frozen/delay/lambda0,1e4b18e0e15621ba6cf6be21070fc60045f531732faf400f01f981d3f6df4b36,413,larger,0,3,3,a2j0,4.6698376536369324e-05,16,a2j0,a2j0,a2j0,a2j0,a2j0,a2j0,a2j0,a2j0,a2j0
6,0,17,24,18,212,objective_development,36,delay,1,frozen,objective_development/larger/413/a6/s1/frozen/delay/lambda0,1e4b18e0e15621ba6cf6be21070fc60045f531732faf400f01f981d3f6df4b36,413,larger,1,5,5,a1j0,0.001047799363732338,326,a1j0,a1j0,a0j0,a1j0,a1j0,a0j0,a1j0,a1j0,a0j0
6,0,17,24,18,212,objective_development,36,delay,1,frozen,objective_development/larger/413/a6/s1/frozen/delay/lambda0,1e4b18e0e15621ba6cf6be21070fc60045f531732faf400f01f981d3f6df4b36,413,larger,2,4,4,a0j0,0.00011515989899635315,65,a0j0,a0j0,a0j0,a0j0,a0j0,a0j0,a4j0,a0j0,a0j0
6,0,17,24,18,212,objective_development,36,delay,1,frozen,objective_development/larger/413/a6/s1/frozen/delay/lambda0,1e4b18e0e15621ba6cf6be21070fc60045f531732faf400f01f981d3f6df4b36,413,larger,3,3,3,a4j0,4.4560059905052185e-05,16,a3j0,a4j0,a4j0,a3j0,a4j0,a4j0,a4j0,a4j0,a4j0
6,0,17,24,18,212,objective_development,36,delay,1,frozen,objective_development/larger/413/a6/s1/frozen/delay/lambda0,1e4b18e0e15621ba6cf6be21070fc60045f531732faf400f01f981d3f6df4b36,413,larger,4,2,2,a3j0,2.8211623430252075e-05,5,a3j0,a3j0,a3j0,a3j0,a3j0,a3j0,a3j0,a3j0,a3j0
6,0,17,24,18,212,objective_development,36,delay,1,frozen,objective_development/larger/413/a6/s1/frozen/delay/lambda0,1e4b18e0e15621ba6cf6be21070fc60045f531732faf400f01f981d3f6df4b36,413,larger,5,1,0,,7.359310984611511e-06,1,,,,,,,,,
6,0,17,24,18,212,objective_development,36,delay,1,frozen,objective_development/larger/413/a6/s1/frozen/delay/lambda0,1e4b18e0e15621ba6cf6be21070fc60045f531732faf400f01f981d3f6df4b36,413,larger,6,0,0,,7.251277565956116e-06,1,,,,,,,,,
6,0,17,24,18,212,objective_development,36,delay,1,frozen,objective_development/larger/413/a6/s1/frozen/delay/lambda0,1e4b18e0e15621ba6cf6be21070fc60045f531732faf400f01f981d3f6df4b36,413,larger,7,0,0,,3.8798898458480835e-06,1,,,,,,,,,
6,0,17,24,18,212,objective_development,36,delay,1,frozen,objective_development/larger/413/a6/s1/frozen/delay/lambda0,1e4b18e0e15621ba6cf6be21070fc60045f531732faf400f01f981d3f6df4b36,413,larger,8,4,3,a0j1,0.00010544061660766602,16,a0j1,a0j1,a0j1,a0j1,a0j1,a0j1,a0j1,a0j1,a0j1
6,0,17,24,18,212,objective_development,36,delay,1,frozen,objective_development/larger/413/a6/s1/frozen/delay/lambda0,1e4b18e0e15621ba6cf6be21070fc60045f531732faf400f01f981d3f6df4b36,413,larger,9,5,3,a2j1,8.277036249637604e-05,16,a2j1,a2j1,a5j1,a2j1,a2j1,a5j1,a2j1,a2j1,a5j1
6,0,17,24,18,212,objective_development,36,delay,1,frozen,objective_development/larger/413/a6/s1/frozen/delay/lambda0,1e4b18e0e15621ba6cf6be21070fc60045f531732faf400f01f981d3f6df4b36,413,larger,10,3,2,a3j1,3.099068999290466e-05,5,a5j1,a3j1,a5j1,a5j1,a3j1,a5j1,a3j1,a3j1,a5j1
6,0,17,24,18,212,objective_development,36,delay,1,frozen,objective_development/larger/413/a6/s1/frozen/delay/lambda0,1e4b18e0e15621ba6cf6be21070fc60045f531732faf400f01f981d3f6df4b36,413,larger,11,2,1,a5j1,2.057105302810669e-05,2,a5j1,a5j1,a5j1,a5j1,a5j1,a5j1,a5j1,a5j1,a5j1
6,0,17,24,18,212,objective_development,36,delay,1,frozen,objective_development/larger/413/a6/s1/frozen/delay/lambda0,1e4b18e0e15621ba6cf6be21070fc60045f531732faf400f01f981d3f6df4b36,413,larger,12,1,0,,8.380040526390076e-06,1,,,,,,,,,
6,0,17,24,18,212,objective_development,36,delay,1,frozen,objective_development/larger/413/a6/s1/frozen/delay/lambda0,1e4b18e0e15621ba6cf6be21070fc60045f531732faf400f01f981d3f6df4b36,413,larger,13,0,0,,8.098781108856201e-06,1,,,,,,,,,
6,0,17,24,18,212,objective_development,36,delay,1,frozen,objective_development/larger/413/a6/s1/frozen/delay/lambda0,1e4b18e0e15621ba6cf6be21070fc60045f531732faf400f01f981d3f6df4b36,413,larger,14,0,0,,8.247792720794678e-06,1,,,,,,,,,
6,0,17,24,18,212,objective_development,36,delay,1,frozen,objective_development/larger/413/a6/s1/frozen/delay/lambda0,1e4b18e0e15621ba6cf6be21070fc60045f531732faf400f01f981d3f6df4b36,413,larger,15,0,0,,3.259629011154175e-06,1,,,,,,,,,
6,0,17,24,18,212,objective_development,36,delay,1,frozen,objective_development/larger/413/a6/s1/frozen/delay/lambda0,1e4b18e0e15621ba6cf6be21070fc60045f531732faf400f01f981d3f6df4b36,413,larger,16,2,2,a1j2,3.589130938053131e-05,5,a1j2,a1j2,a1j2,a1j2,a1j2,a1j2,a2j2,a2j2,a1j2
6,0,17,24,18,212,objective_development,36,delay,1,frozen,objective_development/larger/413/a6/s1/frozen/delay/lambda0,1e4b18e0e15621ba6cf6be21070fc60045f531732faf400f01f981d3f6df4b36,413,larger,17,5,5,a3j2,0.001552412286400795,326,a3j2,a3j2,a0j2,a3j2,a3j2,a0j2,a3j2,a3j2,a0j2
6,0,17,24,18,212,objective_development,36,delay,1,frozen,objective_development/larger/413/a6/s1/frozen/delay/lambda0,1e4b18e0e15621ba6cf6be21070fc60045f531732faf400f01f981d3f6df4b36,413,larger,18,4,4,a5j2,0.00011606886982917786,65,a2j2,a5j2,a0j2,a2j2,a5j2,a0j2,a2j2,a5j2,a0j2
6,0,17,24,18,212,objective_development,36,delay,1,frozen,objective_development/larger/413/a6/s1/frozen/delay/lambda0,1e4b18e0e15621ba6cf6be21070fc60045f531732faf400f01f981d3f6df4b36,413,larger,19,2,2,a2j2,2.861209213733673e-05,5,a2j2,a2j2,a2j2,a2j2,a2j2,a2j2,a2j2,a2j2,a2j2
6,0,17,24,18,212,objective_development,36,delay,1,frozen,objective_development/larger/413/a6/s1/frozen/delay/lambda0,1e4b18e0e15621ba6cf6be21070fc60045f531732faf400f01f981d3f6df4b36,413,larger,20,1,1,a4j2,1.3548880815505981e-05,2,a4j2,a4j2,a4j2,a4j2,a4j2,a4j2,a4j2,a4j2,a4j2
6,0,17,24,18,212,objective_development,36,delay,1,frozen,objective_development/larger/413/a6/s1/frozen/delay/lambda0,1e4b18e0e15621ba6cf6be21070fc60045f531732faf400f01f981d3f6df4b36,413,larger,21,0,0,,4.850327968597412e-06,1,,,,,,,,,
6,0,17,24,18,212,objective_development,36,delay,1,frozen,objective_development/larger/413/a6/s1/frozen/delay/lambda0,1e4b18e0e15621ba6cf6be21070fc60045f531732faf400f01f981d3f6df4b36,413,larger,22,0,0,,4.112720489501953e-06,1,,,,,,,,,
6,0,17,24,18,212,objective_development,36,delay,1,frozen,objective_development/larger/413/a6/s1/frozen/delay/lambda0,1e4b18e0e15621ba6cf6be21070fc60045f531732faf400f01f981d3f6df4b36,413,larger,23,0,0,,4.600733518600464e-06,1,,,,,,,,,
3,4,18,12,6,48,objective_development,12,delay,2,frozen,objective_development/competition/413/a3/s2/frozen/delay/lambda4,339fd58aecab6f7f74bd21cbc0cdf0a84fe365f0bc0ad5ce987e7c98710434e2,413,competition,0,3,3,a1j0,5.823001265525818e-05,16,a2j0,a1j0,a1j0,a2j0,a1j0,a1j0,a2j0,a1j0,a1j0
3,4,18,12,6,48,objective_development,12,delay,2,frozen,objective_development/competition/413/a3/s2/frozen/delay/lambda4,339fd58aecab6f7f74bd21cbc0cdf0a84fe365f0bc0ad5ce987e7c98710434e2,413,competition,2,2,2,a2j0,2.4966895580291748e-05,5,a2j0,a2j0,a2j0,a2j0,a2j0,a2j0,a2j0,a2j0,a2j0
3,4,18,12,6,48,objective_development,12,delay,2,frozen,objective_development/competition/413/a3/s2/frozen/delay/lambda4,339fd58aecab6f7f74bd21cbc0cdf0a84fe365f0bc0ad5ce987e7c98710434e2,413,competition,4,1,0,,1.594051718711853e-05,1,,,,,,,,,
3,4,18,12,6,48,objective_development,12,delay,2,frozen,objective_development/competition/413/a3/s2/frozen/delay/lambda4,339fd58aecab6f7f74bd21cbc0cdf0a84fe365f0bc0ad5ce987e7c98710434e2,413,competition,5,0,0,,7.5511634349823e-06,1,,,,,,,,,
3,4,18,12,6,48,objective_development,12,delay,2,frozen,objective_development/competition/413/a3/s2/frozen/delay/lambda4,339fd58aecab6f7f74bd21cbc0cdf0a84fe365f0bc0ad5ce987e7c98710434e2,413,competition,6,3,3,a1j1,0.00011292845010757446,16,a1j1,a1j1,a1j1,a1j1,a1j1,a1j1,a1j1,a1j1,a1j1
3,4,18,12,6,48,objective_development,12,delay,2,frozen,objective_development/competition/413/a3/s2/frozen/delay/lambda4,339fd58aecab6f7f74bd21cbc0cdf0a84fe365f0bc0ad5ce987e7c98710434e2,413,competition,8,2,2,a0j1,2.815946936607361e-05,5,a0j1,a0j1,a2j1,a0j1,a0j1,a2j1,a2j1,a2j1,a2j1
3,4,18,12,6,48,objective_development,12,delay,2,frozen,objective_development/competition/413/a3/s2/frozen/delay/lambda4,339fd58aecab6f7f74bd21cbc0cdf0a84fe365f0bc0ad5ce987e7c98710434e2,413,competition,10,0,0,,5.509704351425171e-06,1,,,,,,,,,
3,4,18,12,6,48,objective_development,12,delay,2,frozen,objective_development/competition/413/a3/s2/frozen/delay/lambda4,339fd58aecab6f7f74bd21cbc0cdf0a84fe365f0bc0ad5ce987e7c98710434e2,413,competition,11,0,0,,4.449859261512756e-06,1,,,,,,,,,
3,8,19,12,6,48,objective_development,12,delay,2,frozen,objective_development/competition/413/a3/s2/frozen/delay/lambda8,339fd58aecab6f7f74bd21cbc0cdf0a84fe365f0bc0ad5ce987e7c98710434e2,413,competition,0,3,3,a1j0,5.377084016799927e-05,16,a2j0,a1j0,a1j0,a2j0,a1j0,a1j0,a2j0,a1j0,a1j0
3,8,19,12,6,48,objective_development,12,delay,2,frozen,objective_development/competition/413/a3/s2/frozen/delay/lambda8,339fd58aecab6f7f74bd21cbc0cdf0a84fe365f0bc0ad5ce987e7c98710434e2,413,competition,2,2,2,a2j0,2.75392085313797e-05,5,a2j0,a2j0,a2j0,a2j0,a2j0,a2j0,a2j0,a2j0,a2j0
3,8,19,12,6,48,objective_development,12,delay,2,frozen,objective_development/competition/413/a3/s2/frozen/delay/lambda8,339fd58aecab6f7f74bd21cbc0cdf0a84fe365f0bc0ad5ce987e7c98710434e2,413,competition,4,1,0,,9.860843420028687e-06,1,,,,,,,,,
3,8,19,12,6,48,objective_development,12,delay,2,frozen,objective_development/competition/413/a3/s2/frozen/delay/lambda8,339fd58aecab6f7f74bd21cbc0cdf0a84fe365f0bc0ad5ce987e7c98710434e2,413,competition,5,0,0,,3.978610038757324e-06,1,,,,,,,,,
3,8,19,12,6,48,objective_development,12,delay,2,frozen,objective_development/competition/413/a3/s2/frozen/delay/lambda8,339fd58aecab6f7f74bd21cbc0cdf0a84fe365f0bc0ad5ce987e7c98710434e2,413,competition,6,3,3,a1j1,6.340071558952332e-05,16,a1j1,a1j1,a1j1,a1j1,a1j1,a1j1,a1j1,a1j1,a1j1
3,8,19,12,6,48,objective_development,12,delay,2,frozen,objective_development/competition/413/a3/s2/frozen/delay/lambda8,339fd58aecab6f7f74bd21cbc0cdf0a84fe365f0bc0ad5ce987e7c98710434e2,413,competition,8,2,2,a0j1,3.637000918388367e-05,5,a0j1,a0j1,a2j1,a0j1,a0j1,a2j1,a2j1,a2j1,a2j1
3,8,19,12,6,48,objective_development,12,delay,2,frozen,objective_development/competition/413/a3/s2/frozen/delay/lambda8,339fd58aecab6f7f74bd21cbc0cdf0a84fe365f0bc0ad5ce987e7c98710434e2,413,competition,10,0,0,,6.3478946685791016e-06,1,,,,,,,,,
3,8,19,12,6,48,objective_development,12,delay,2,frozen,objective_development/competition/413/a3/s2/frozen/delay/lambda8,339fd58aecab6f7f74bd21cbc0cdf0a84fe365f0bc0ad5ce987e7c98710434e2,413,competition,11,0,0,,1.0911375284194946e-05,1,,,,,,,,,
3,0,20,12,6,48,objective_development,12,delay,2,frozen,objective_development/competition/413/a3/s2/frozen/delay/lambda0,339fd58aecab6f7f74bd21cbc0cdf0a84fe365f0bc0ad5ce987e7c98710434e2,413,competition,0,3,3,a1j0,4.076026380062103e-05,16,a2j0,a1j0,a1j0,a2j0,a1j0,a1j0,a2j0,a1j0,a1j0
3,0,20,12,6,48,objective_development,12,delay,2,frozen,objective_development/competition/413/a3/s2/frozen/delay/lambda0,339fd58aecab6f7f74bd21cbc0cdf0a84fe365f0bc0ad5ce987e7c98710434e2,413,competition,2,2,2,a2j0,2.2159889340400696e-05,5,a2j0,a2j0,a2j0,a2j0,a2j0,a2j0,a2j0,a2j0,a2j0
3,0,20,12,6,48,objective_development,12,delay,2,frozen,objective_development/competition/413/a3/s2/frozen/delay/lambda0,339fd58aecab6f7f74bd21cbc0cdf0a84fe365f0bc0ad5ce987e7c98710434e2,413,competition,4,1,0,,9.389594197273254e-06,1,,,,,,,,,
3,0,20,12,6,48,objective_development,12,delay,2,frozen,objective_development/competition/413/a3/s2/frozen/delay/lambda0,339fd58aecab6f7f74bd21cbc0cdf0a84fe365f0bc0ad5ce987e7c98710434e2,413,competition,5,0,0,,6.12996518611908e-06,1,,,,,,,,,
3,0,20,12,6,48,objective_development,12,delay,2,frozen,objective_development/competition/413/a3/s2/frozen/delay/lambda0,339fd58aecab6f7f74bd21cbc0cdf0a84fe365f0bc0ad5ce987e7c98710434e2,413,competition,6,3,3,a1j1,6.93202018737793e-05,16,a1j1,a1j1,a1j1,a1j1,a1j1,a1j1,a1j1,a1j1,a1j1
3,0,20,12,6,48,objective_development,12,delay,2,frozen,objective_development/competition/413/a3/s2/frozen/delay/lambda0,339fd58aecab6f7f74bd21cbc0cdf0a84fe365f0bc0ad5ce987e7c98710434e2,413,competition,8,2,2,a0j1,2.4840235710144043e-05,5,a0j1,a0j1,a2j1,a0j1,a0j1,a2j1,a0j1,a0j1,a2j1
3,0,20,12,6,48,objective_development,12,delay,2,frozen,objective_development/competition/413/a3/s2/frozen/delay/lambda0,339fd58aecab6f7f74bd21cbc0cdf0a84fe365f0bc0ad5ce987e7c98710434e2,413,competition,10,0,0,,9.12882387638092e-06,1,,,,,,,,,
3,0,20,12,6,48,objective_development,12,delay,2,frozen,objective_development/competition/413/a3/s2/frozen/delay/lambda0,339fd58aecab6f7f74bd21cbc0cdf0a84fe365f0bc0ad5ce987e7c98710434e2,413,competition,11,0,0,,4.753470420837402e-06,1,,,,,,,,,
3,4,21,12,6,48,objective_development,12,delay,1,frozen,objective_development/competition/413/a3/s1/frozen/delay/lambda4,339fd58aecab6f7f74bd21cbc0cdf0a84fe365f0bc0ad5ce987e7c98710434e2,413,competition,0,3,3,a0j0,4.700012505054474e-05,16,a2j0,a0j0,a1j0,a2j0,a0j0,a1j0,a2j0,a0j0,a1j0
3,4,21,12,6,48,objective_development,12,delay,1,frozen,objective_development/competition/413/a3/s1/frozen/delay/lambda4,339fd58aecab6f7f74bd21cbc0cdf0a84fe365f0bc0ad5ce987e7c98710434e2,413,competition,1,2,2,a1j0,2.172030508518219e-05,5,a2j0,a1j0,a1j0,a2j0,a1j0,a1j0,a2j0,a1j0,a1j0
3,4,21,12,6,48,objective_development,12,delay,1,frozen,objective_development/competition/413/a3/s1/frozen/delay/lambda4,339fd58aecab6f7f74bd21cbc0cdf0a84fe365f0bc0ad5ce987e7c98710434e2,413,competition,2,1,1,a2j0,1.3109296560287476e-05,2,a2j0,a2j0,a2j0,a2j0,a2j0,a2j0,a2j0,a2j0,a2j0
3,4,21,12,6,48,objective_development,12,delay,1,frozen,objective_development/competition/413/a3/s1/frozen/delay/lambda4,339fd58aecab6f7f74bd21cbc0cdf0a84fe365f0bc0ad5ce987e7c98710434e2,413,competition,3,0,0,,4.060566425323486e-06,1,,,,,,,,,
3,4,21,12,6,48,objective_development,12,delay,1,frozen,objective_development/competition/413/a3/s1/frozen/delay/lambda4,339fd58aecab6f7f74bd21cbc0cdf0a84fe365f0bc0ad5ce987e7c98710434e2,413,competition,4,0,0,,4.131346940994263e-06,1,,,,,,,,,
3,4,21,12,6,48,objective_development,12,delay,1,frozen,objective_development/competition/413/a3/s1/frozen/delay/lambda4,339fd58aecab6f7f74bd21cbc0cdf0a84fe365f0bc0ad5ce987e7c98710434e2,413,competition,5,0,0,,1.0881572961807251e-05,1,,,,,,,,,
3,4,21,12,6,48,objective_development,12,delay,1,frozen,objective_development/competition/413/a3/s1/frozen/delay/lambda4,339fd58aecab6f7f74bd21cbc0cdf0a84fe365f0bc0ad5ce987e7c98710434e2,413,competition,6,3,3,a0j1,4.589930176734924e-05,16,a1j1,a0j1,a1j1,a1j1,a0j1,a1j1,a1j1,a0j1,a1j1
3,4,21,12,6,48,objective_development,12,delay,1,frozen,objective_development/competition/413/a3/s1/frozen/delay/lambda4,339fd58aecab6f7f74bd21cbc0cdf0a84fe365f0bc0ad5ce987e7c98710434e2,413,competition,7,2,2,a1j1,3.5781413316726685e-05,5,a1j1,a1j1,a1j1,a1j1,a1j1,a1j1,a1j1,a1j1,a1j1
3,4,21,12,6,48,objective_development,12,delay,1,frozen,objective_development/competition/413/a3/s1/frozen/delay/lambda4,339fd58aecab6f7f74bd21cbc0cdf0a84fe365f0bc0ad5ce987e7c98710434e2,413,competition,8,1,1,a2j1,1.2733042240142822e-05,2,a2j1,a2j1,a2j1,a2j1,a2j1,a2j1,a2j1,a2j1,a2j1
3,4,21,12,6,48,objective_development,12,delay,1,frozen,objective_development/competition/413/a3/s1/frozen/delay/lambda4,339fd58aecab6f7f74bd21cbc0cdf0a84fe365f0bc0ad5ce987e7c98710434e2,413,competition,9,0,0,,4.988163709640503e-06,1,,,,,,,,,
3,4,21,12,6,48,objective_development,12,delay,1,frozen,objective_development/competition/413/a3/s1/frozen/delay/lambda4,339fd58aecab6f7f74bd21cbc0cdf0a84fe365f0bc0ad5ce987e7c98710434e2,413,competition,10,0,0,,7.4803829193115234e-06,1,,,,,,,,,
3,4,21,12,6,48,objective_development,12,delay,1,frozen,objective_development/competition/413/a3/s1/frozen/delay/lambda4,339fd58aecab6f7f74bd21cbc0cdf0a84fe365f0bc0ad5ce987e7c98710434e2,413,competition,11,0,0,,4.159286618232727e-06,1,,,,,,,,,
3,8,22,12,6,48,objective_development,12,delay,1,frozen,objective_development/competition/413/a3/s1/frozen/delay/lambda8,339fd58aecab6f7f74bd21cbc0cdf0a84fe365f0bc0ad5ce987e7c98710434e2,413,competition,0,3,3,a0j0,4.563853144645691e-05,16,a2j0,a0j0,a1j0,a2j0,a0j0,a1j0,a2j0,a0j0,a1j0
3,8,22,12,6,48,objective_development,12,delay,1,frozen,objective_development/competition/413/a3/s1/frozen/delay/lambda8,339fd58aecab6f7f74bd21cbc0cdf0a84fe365f0bc0ad5ce987e7c98710434e2,413,competition,1,2,2,a1j0,1.926720142364502e-05,5,a2j0,a1j0,a1j0,a2j0,a1j0,a1j0,a2j0,a1j0,a1j0
3,8,22,12,6,48,objective_development,12,delay,1,frozen,objective_development/competition/413/a3/s1/frozen/delay/lambda8,339fd58aecab6f7f74bd21cbc0cdf0a84fe365f0bc0ad5ce987e7c98710434e2,413,competition,2,1,1,a2j0,2.028048038482666e-05,2,a2j0,a2j0,a2j0,a2j0,a2j0,a2j0,a2j0,a2j0,a2j0
3,8,22,12,6,48,objective_development,12,delay,1,frozen,objective_development/competition/413/a3/s1/frozen/delay/lambda8,339fd58aecab6f7f74bd21cbc0cdf0a84fe365f0bc0ad5ce987e7c98710434e2,413,competition,3,0,0,,5.388632416725159e-06,1,,,,,,,,,
3,8,22,12,6,48,objective_development,12,delay,1,frozen,objective_development/competition/413/a3/s1/frozen/delay/lambda8,339fd58aecab6f7f74bd21cbc0cdf0a84fe365f0bc0ad5ce987e7c98710434e2,413,competition,4,0,0,,3.3695250749588013e-06,1,,,,,,,,,
3,8,22,12,6,48,objective_development,12,delay,1,frozen,objective_development/competition/413/a3/s1/frozen/delay/lambda8,339fd58aecab6f7f74bd21cbc0cdf0a84fe365f0bc0ad5ce987e7c98710434e2,413,competition,5,0,0,,3.4999102354049683e-06,1,,,,,,,,,
3,8,22,12,6,48,objective_development,12,delay,1,frozen,objective_development/competition/413/a3/s1/frozen/delay/lambda8,339fd58aecab6f7f74bd21cbc0cdf0a84fe365f0bc0ad5ce987e7c98710434e2,413,competition,6,3,3,a0j1,6.985850632190704e-05,16,a1j1,a0j1,a1j1,a1j1,a0j1,a1j1,a1j1,a0j1,a1j1
3,8,22,12,6,48,objective_development,12,delay,1,frozen,objective_development/competition/413/a3/s1/frozen/delay/lambda8,339fd58aecab6f7f74bd21cbc0cdf0a84fe365f0bc0ad5ce987e7c98710434e2,413,competition,7,2,2,a1j1,3.906711935997009e-05,5,a1j1,a1j1,a1j1,a1j1,a1j1,a1j1,a1j1,a1j1,a1j1
3,8,22,12,6,48,objective_development,12,delay,1,frozen,objective_development/competition/413/a3/s1/frozen/delay/lambda8,339fd58aecab6f7f74bd21cbc0cdf0a84fe365f0bc0ad5ce987e7c98710434e2,413,competition,8,1,1,a2j1,2.0429491996765137e-05,2,a2j1,a2j1,a2j1,a2j1,a2j1,a2j1,a2j1,a2j1,a2j1
3,8,22,12,6,48,objective_development,12,delay,1,frozen,objective_development/competition/413/a3/s1/frozen/delay/lambda8,339fd58aecab6f7f74bd21cbc0cdf0a84fe365f0bc0ad5ce987e7c98710434e2,413,competition,9,0,0,,6.670132279396057e-06,1,,,,,,,,,
3,8,22,12,6,48,objective_development,12,delay,1,frozen,objective_development/competition/413/a3/s1/frozen/delay/lambda8,339fd58aecab6f7f74bd21cbc0cdf0a84fe365f0bc0ad5ce987e7c98710434e2,413,competition,10,0,0,,5.470588803291321e-06,1,,,,,,,,,
3,8,22,12,6,48,objective_development,12,delay,1,frozen,objective_development/competition/413/a3/s1/frozen/delay/lambda8,339fd58aecab6f7f74bd21cbc0cdf0a84fe365f0bc0ad5ce987e7c98710434e2,413,competition,11,0,0,,4.980713129043579e-06,1,,,,,,,,,
3,0,23,12,6,48,objective_development,12,delay,1,frozen,objective_development/competition/413/a3/s1/frozen/delay/lambda0,339fd58aecab6f7f74bd21cbc0cdf0a84fe365f0bc0ad5ce987e7c98710434e2,413,competition,0,3,3,a0j0,6.50603324174881e-05,16,a2j0,a0j0,a1j0,a2j0,a0j0,a1j0,a2j0,a0j0,a1j0
3,0,23,12,6,48,objective_development,12,delay,1,frozen,objective_development/competition/413/a3/s1/frozen/delay/lambda0,339fd58aecab6f7f74bd21cbc0cdf0a84fe365f0bc0ad5ce987e7c98710434e2,413,competition,1,2,2,a1j0,2.709217369556427e-05,5,a2j0,a1j0,a1j0,a2j0,a1j0,a1j0,a2j0,a1j0,a1j0
3,0,23,12,6,48,objective_development,12,delay,1,frozen,objective_development/competition/413/a3/s1/frozen/delay/lambda0,339fd58aecab6f7f74bd21cbc0cdf0a84fe365f0bc0ad5ce987e7c98710434e2,413,competition,2,1,1,a2j0,3.528781235218048e-05,2,a2j0,a2j0,a2j0,a2j0,a2j0,a2j0,a2j0,a2j0,a2j0
3,0,23,12,6,48,objective_development,12,delay,1,frozen,objective_development/competition/413/a3/s1/frozen/delay/lambda0,339fd58aecab6f7f74bd21cbc0cdf0a84fe365f0bc0ad5ce987e7c98710434e2,413,competition,3,0,0,,5.559995770454407e-06,1,,,,,,,,,
3,0,23,12,6,48,objective_development,12,delay,1,frozen,objective_development/competition/413/a3/s1/frozen/delay/lambda0,339fd58aecab6f7f74bd21cbc0cdf0a84fe365f0bc0ad5ce987e7c98710434e2,413,competition,4,0,0,,1.5540048480033875e-05,1,,,,,,,,,
3,0,23,12,6,48,objective_development,12,delay,1,frozen,objective_development/competition/413/a3/s1/frozen/delay/lambda0,339fd58aecab6f7f74bd21cbc0cdf0a84fe365f0bc0ad5ce987e7c98710434e2,413,competition,5,0,0,,4.628673195838928e-06,1,,,,,,,,,
3,0,23,12,6,48,objective_development,12,delay,1,frozen,objective_development/competition/413/a3/s1/frozen/delay/lambda0,339fd58aecab6f7f74bd21cbc0cdf0a84fe365f0bc0ad5ce987e7c98710434e2,413,competition,6,3,3,a0j1,5.8731064200401306e-05,16,a1j1,a0j1,a1j1,a1j1,a0j1,a1j1,a1j1,a0j1,a1j1
3,0,23,12,6,48,objective_development,12,delay,1,frozen,objective_development/competition/413/a3/s1/frozen/delay/lambda0,339fd58aecab6f7f74bd21cbc0cdf0a84fe365f0bc0ad5ce987e7c98710434e2,413,competition,7,2,2,a1j1,3.1849369406700134e-05,5,a1j1,a1j1,a1j1,a1j1,a1j1,a1j1,a1j1,a1j1,a1j1
3,0,23,12,6,48,objective_development,12,delay,1,frozen,objective_development/competition/413/a3/s1/frozen/delay/lambda0,339fd58aecab6f7f74bd21cbc0cdf0a84fe365f0bc0ad5ce987e7c98710434e2,413,competition,8,1,1,a2j1,2.717040479183197e-05,2,a2j1,a2j1,a2j1,a2j1,a2j1,a2j1,a2j1,a2j1,a2j1
3,0,23,12,6,48,objective_development,12,delay,1,frozen,objective_development/competition/413/a3/s1/frozen/delay/lambda0,339fd58aecab6f7f74bd21cbc0cdf0a84fe365f0bc0ad5ce987e7c98710434e2,413,competition,9,0,0,,6.51925802230835e-06,1,,,,,,,,,
3,0,23,12,6,48,objective_development,12,delay,1,frozen,objective_development/competition/413/a3/s1/frozen/delay/lambda0,339fd58aecab6f7f74bd21cbc0cdf0a84fe365f0bc0ad5ce987e7c98710434e2,413,competition,10,0,0,,6.580725312232971e-06,1,,,,,,,,,
3,0,23,12,6,48,objective_development,12,delay,1,frozen,objective_development/competition/413/a3/s1/frozen/delay/lambda0,339fd58aecab6f7f74bd21cbc0cdf0a84fe365f0bc0ad5ce987e7c98710434e2,413,competition,11,0,0,,3.419816493988037e-06,1,,,,,,,,,
3,8,24,12,6,48,objective_development,12,delay,1,frozen,objective_development/competition/414/a3/s1/frozen/delay/lambda8,bc8e9598ad7816415d771b85baaa711078a822468522f5b64184d98124d07177,414,competition,0,3,3,a0j0,6.037019193172455e-05,16,a1j0,a0j0,a1j0,a1j0,a0j0,a1j0,a0j0,a0j0,a1j0
3,8,24,12,6,48,objective_development,12,delay,1,frozen,objective_development/competition/414/a3/s1/frozen/delay/lambda8,bc8e9598ad7816415d771b85baaa711078a822468522f5b64184d98124d07177,414,competition,1,2,2,a1j0,2.3601576685905457e-05,5,a1j0,a1j0,a1j0,a1j0,a1j0,a1j0,a2j0,a1j0,a1j0
3,8,24,12,6,48,objective_development,12,delay,1,frozen,objective_development/competition/414/a3/s1/frozen/delay/lambda8,bc8e9598ad7816415d771b85baaa711078a822468522f5b64184d98124d07177,414,competition,2,1,1,a2j0,1.5679746866226196e-05,2,a2j0,a2j0,a2j0,a2j0,a2j0,a2j0,a2j0,a2j0,a2j0
3,8,24,12,6,48,objective_development,12,delay,1,frozen,objective_development/competition/414/a3/s1/frozen/delay/lambda8,bc8e9598ad7816415d771b85baaa711078a822468522f5b64184d98124d07177,414,competition,3,0,0,,3.4011900424957275e-06,1,,,,,,,,,
3,8,24,12,6,48,objective_development,12,delay,1,frozen,objective_development/competition/414/a3/s1/frozen/delay/lambda8,bc8e9598ad7816415d771b85baaa711078a822468522f5b64184d98124d07177,414,competition,4,0,0,,5.081295967102051e-06,1,,,,,,,,,
3,8,24,12,6,48,objective_development,12,delay,1,frozen,objective_development/competition/414/a3/s1/frozen/delay/lambda8,bc8e9598ad7816415d771b85baaa711078a822468522f5b64184d98124d07177,414,competition,5,0,0,,7.800757884979248e-06,1,,,,,,,,,
3,8,24,12,6,48,objective_development,12,delay,1,frozen,objective_development/competition/414/a3/s1/frozen/delay/lambda8,bc8e9598ad7816415d771b85baaa711078a822468522f5b64184d98124d07177,414,competition,6,3,3,a0j1,6.700865924358368e-05,16,a0j1,a0j1,a0j1,a0j1,a0j1,a0j1,a2j1,a0j1,a0j1
3,8,24,12,6,48,objective_development,12,delay,1,frozen,objective_development/competition/414/a3/s1/frozen/delay/lambda8,bc8e9598ad7816415d771b85baaa711078a822468522f5b64184d98124d07177,414,competition,7,2,2,a1j1,3.739073872566223e-05,5,a1j1,a1j1,a1j1,a1j1,a1j1,a1j1,a2j1,a1j1,a1j1
3,8,24,12,6,48,objective_development,12,delay,1,frozen,objective_development/competition/414/a3/s1/frozen/delay/lambda8,bc8e9598ad7816415d771b85baaa711078a822468522f5b64184d98124d07177,414,competition,8,1,1,a2j1,2.5238841772079468e-05,2,a2j1,a2j1,a2j1,a2j1,a2j1,a2j1,a2j1,a2j1,a2j1
3,8,24,12,6,48,objective_development,12,delay,1,frozen,objective_development/competition/414/a3/s1/frozen/delay/lambda8,bc8e9598ad7816415d771b85baaa711078a822468522f5b64184d98124d07177,414,competition,9,0,0,,9.210780262947083e-06,1,,,,,,,,,
3,8,24,12,6,48,objective_development,12,delay,1,frozen,objective_development/competition/414/a3/s1/frozen/delay/lambda8,bc8e9598ad7816415d771b85baaa711078a822468522f5b64184d98124d07177,414,competition,10,0,0,,5.420297384262085e-06,1,,,,,,,,,
3,8,24,12,6,48,objective_development,12,delay,1,frozen,objective_development/competition/414/a3/s1/frozen/delay/lambda8,bc8e9598ad7816415d771b85baaa711078a822468522f5b64184d98124d07177,414,competition,11,0,0,,5.77978789806366e-06,1,,,,,,,,,
3,0,25,12,6,48,objective_development,12,delay,1,frozen,objective_development/competition/414/a3/s1/frozen/delay/lambda0,bc8e9598ad7816415d771b85baaa711078a822468522f5b64184d98124d07177,414,competition,0,3,3,a0j0,4.580058157444e-05,16,a1j0,a0j0,a1j0,a1j0,a0j0,a1j0,a0j0,a0j0,a1j0
3,0,25,12,6,48,objective_development,12,delay,1,frozen,objective_development/competition/414/a3/s1/frozen/delay/lambda0,bc8e9598ad7816415d771b85baaa711078a822468522f5b64184d98124d07177,414,competition,1,2,2,a1j0,2.0081177353858948e-05,5,a1j0,a1j0,a1j0,a1j0,a1j0,a1j0,a2j0,a1j0,a1j0
3,0,25,12,6,48,objective_development,12,delay,1,frozen,objective_development/competition/414/a3/s1/frozen/delay/lambda0,bc8e9598ad7816415d771b85baaa711078a822468522f5b64184d98124d07177,414,competition,2,1,1,a2j0,1.845136284828186e-05,2,a2j0,a2j0,a2j0,a2j0,a2j0,a2j0,a2j0,a2j0,a2j0
3,0,25,12,6,48,objective_development,12,delay,1,frozen,objective_development/competition/414/a3/s1/frozen/delay/lambda0,bc8e9598ad7816415d771b85baaa711078a822468522f5b64184d98124d07177,414,competition,3,0,0,,8.471310138702393e-06,1,,,,,,,,,
3,0,25,12,6,48,objective_development,12,delay,1,frozen,objective_development/competition/414/a3/s1/frozen/delay/lambda0,bc8e9598ad7816415d771b85baaa711078a822468522f5b64184d98124d07177,414,competition,4,0,0,,5.230307579040527e-06,1,,,,,,,,,
3,0,25,12,6,48,objective_development,12,delay,1,frozen,objective_development/competition/414/a3/s1/frozen/delay/lambda0,bc8e9598ad7816415d771b85baaa711078a822468522f5b64184d98124d07177,414,competition,5,0,0,,3.959983587265015e-06,1,,,,,,,,,
3,0,25,12,6,48,objective_development,12,delay,1,frozen,objective_development/competition/414/a3/s1/frozen/delay/lambda0,bc8e9598ad7816415d771b85baaa711078a822468522f5b64184d98124d07177,414,competition,6,3,3,a0j1,4.469975829124451e-05,16,a0j1,a0j1,a0j1,a0j1,a0j1,a0j1,a0j1,a0j1,a0j1
3,0,25,12,6,48,objective_development,12,delay,1,frozen,objective_development/competition/414/a3/s1/frozen/delay/lambda0,bc8e9598ad7816415d771b85baaa711078a822468522f5b64184d98124d07177,414,competition,7,2,2,a1j1,2.0371749997138977e-05,5,a1j1,a1j1,a1j1,a1j1,a1j1,a1j1,a2j1,a1j1,a1j1
3,0,25,12,6,48,objective_development,12,delay,1,frozen,objective_development/competition/414/a3/s1/frozen/delay/lambda0,bc8e9598ad7816415d771b85baaa711078a822468522f5b64184d98124d07177,414,competition,8,1,1,a2j1,1.225993037223816e-05,2,a2j1,a2j1,a2j1,a2j1,a2j1,a2j1,a2j1,a2j1,a2j1
3,0,25,12,6,48,objective_development,12,delay,1,frozen,objective_development/competition/414/a3/s1/frozen/delay/lambda0,bc8e9598ad7816415d771b85baaa711078a822468522f5b64184d98124d07177,414,competition,9,0,0,,7.970258593559265e-06,1,,,,,,,,,
3,0,25,12,6,48,objective_development,12,delay,1,frozen,objective_development/competition/414/a3/s1/frozen/delay/lambda0,bc8e9598ad7816415d771b85baaa711078a822468522f5b64184d98124d07177,414,competition,10,0,0,,4.719942808151245e-06,1,,,,,,,,,
3,0,25,12,6,48,objective_development,12,delay,1,frozen,objective_development/competition/414/a3/s1/frozen/delay/lambda0,bc8e9598ad7816415d771b85baaa711078a822468522f5b64184d98124d07177,414,competition,11,0,0,,2.54996120929718e-06,1,,,,,,,,,
3,4,26,12,6,48,objective_development,12,delay,1,frozen,objective_development/competition/414/a3/s1/frozen/delay/lambda4,bc8e9598ad7816415d771b85baaa711078a822468522f5b64184d98124d07177,414,competition,0,3,3,a0j0,7.443875074386597e-05,16,a1j0,a0j0,a1j0,a1j0,a0j0,a1j0,a0j0,a0j0,a1j0
3,4,26,12,6,48,objective_development,12,delay,1,frozen,objective_development/competition/414/a3/s1/frozen/delay/lambda4,bc8e9598ad7816415d771b85baaa711078a822468522f5b64184d98124d07177,414,competition,1,2,2,a1j0,2.758018672466278e-05,5,a1j0,a1j0,a1j0,a1j0,a1j0,a1j0,a2j0,a1j0,a1j0
3,4,26,12,6,48,objective_development,12,delay,1,frozen,objective_development/competition/414/a3/s1/frozen/delay/lambda4,bc8e9598ad7816415d771b85baaa711078a822468522f5b64184d98124d07177,414,competition,2,1,1,a2j0,1.3628974556922913e-05,2,a2j0,a2j0,a2j0,a2j0,a2j0,a2j0,a2j0,a2j0,a2j0
3,4,26,12,6,48,objective_development,12,delay,1,frozen,objective_development/competition/414/a3/s1/frozen/delay/lambda4,bc8e9598ad7816415d771b85baaa711078a822468522f5b64184d98124d07177,414,competition,3,0,0,,5.4407864809036255e-06,1,,,,,,,,,
3,4,26,12,6,48,objective_development,12,delay,1,frozen,objective_development/competition/414/a3/s1/frozen/delay/lambda4,bc8e9598ad7816415d771b85baaa711078a822468522f5b64184d98124d07177,414,competition,4,0,0,,7.729977369308472e-06,1,,,,,,,,,
3,4,26,12,6,48,objective_development,12,delay,1,frozen,objective_development/competition/414/a3/s1/frozen/delay/lambda4,bc8e9598ad7816415d771b85baaa711078a822468522f5b64184d98124d07177,414,competition,5,0,0,,6.690621376037598e-06,1,,,,,,,,,
3,4,26,12,6,48,objective_development,12,delay,1,frozen,objective_development/competition/414/a3/s1/frozen/delay/lambda4,bc8e9598ad7816415d771b85baaa711078a822468522f5b64184d98124d07177,414,competition,6,3,3,a0j1,6.983056664466858e-05,16,a0j1,a0j1,a0j1,a0j1,a0j1,a0j1,a2j1,a0j1,a0j1
3,4,26,12,6,48,objective_development,12,delay,1,frozen,objective_development/competition/414/a3/s1/frozen/delay/lambda4,bc8e9598ad7816415d771b85baaa711078a822468522f5b64184d98124d07177,414,competition,7,2,2,a1j1,3.102794289588928e-05,5,a1j1,a1j1,a1j1,a1j1,a1j1,a1j1,a2j1,a1j1,a1j1
3,4,26,12,6,48,objective_development,12,delay,1,frozen,objective_development/competition/414/a3/s1/frozen/delay/lambda4,bc8e9598ad7816415d771b85baaa711078a822468522f5b64184d98124d07177,414,competition,8,1,1,a2j1,1.6419216990470886e-05,2,a2j1,a2j1,a2j1,a2j1,a2j1,a2j1,a2j1,a2j1,a2j1
3,4,26,12,6,48,objective_development,12,delay,1,frozen,objective_development/competition/414/a3/s1/frozen/delay/lambda4,bc8e9598ad7816415d771b85baaa711078a822468522f5b64184d98124d07177,414,competition,9,0,0,,6.787478923797607e-06,1,,,,,,,,,
3,4,26,12,6,48,objective_development,12,delay,1,frozen,objective_development/competition/414/a3/s1/frozen/delay/lambda4,bc8e9598ad7816415d771b85baaa711078a822468522f5b64184d98124d07177,414,competition,10,0,0,,3.779307007789612e-06,1,,,,,,,,,
3,4,26,12,6,48,objective_development,12,delay,1,frozen,objective_development/competition/414/a3/s1/frozen/delay/lambda4,bc8e9598ad7816415d771b85baaa711078a822468522f5b64184d98124d07177,414,competition,11,0,0,,2.8312206268310547e-06,1,,,,,,,,,
3,8,27,12,6,48,objective_development,12,delay,2,frozen,objective_development/competition/414/a3/s2/frozen/delay/lambda8,bc8e9598ad7816415d771b85baaa711078a822468522f5b64184d98124d07177,414,competition,0,3,3,a1j0,6.83516263961792e-05,16,a1j0,a1j0,a1j0,a1j0,a1j0,a1j0,a0j0,a0j0,a1j0
3,8,27,12,6,48,objective_development,12,delay,2,frozen,objective_development/competition/414/a3/s2/frozen/delay/lambda8,bc8e9598ad7816415d771b85baaa711078a822468522f5b64184d98124d07177,414,competition,2,2,2,a2j0,2.9848888516426086e-05,5,a2j0,a2j0,a0j0,a2j0,a2j0,a0j0,a0j0,a0j0,a0j0
3,8,27,12,6,48,objective_development,12,delay,2,frozen,objective_development/competition/414/a3/s2/frozen/delay/lambda8,bc8e9598ad7816415d771b85baaa711078a822468522f5b64184d98124d07177,414,competition,4,0,0,,8.139759302139282e-06,1,,,,,,,,,
3,8,27,12,6,48,objective_development,12,delay,2,frozen,objective_development/competition/414/a3/s2/frozen/delay/lambda8,bc8e9598ad7816415d771b85baaa711078a822468522f5b64184d98124d07177,414,competition,5,0,0,,5.330890417098999e-06,1,,,,,,,,,
3,8,27,12,6,48,objective_development,12,delay,2,frozen,objective_development/competition/414/a3/s2/frozen/delay/lambda8,bc8e9598ad7816415d771b85baaa711078a822468522f5b64184d98124d07177,414,competition,6,3,3,a0j1,6.254017353057861e-05,16,a0j1,a0j1,a0j1,a0j1,a0j1,a0j1,a2j1,a0j1,a0j1
3,8,27,12,6,48,objective_development,12,delay,2,frozen,objective_development/competition/414/a3/s2/frozen/delay/lambda8,bc8e9598ad7816415d771b85baaa711078a822468522f5b64184d98124d07177,414,competition,8,2,2,a1j1,3.0977651476860046e-05,5,a1j1,a1j1,a1j1,a1j1,a1j1,a1j1,a2j1,a2j1,a1j1
3,8,27,12,6,48,objective_development,12,delay,2,frozen,objective_development/competition/414/a3/s2/frozen/delay/lambda8,bc8e9598ad7816415d771b85baaa711078a822468522f5b64184d98124d07177,414,competition,10,1,0,,8.638948202133179e-06,1,,,,,,,,,
3,8,27,12,6,48,objective_development,12,delay,2,frozen,objective_development/competition/414/a3/s2/frozen/delay/lambda8,bc8e9598ad7816415d771b85baaa711078a822468522f5b64184d98124d07177,414,competition,11,0,0,,5.930662155151367e-06,1,,,,,,,,,
3,0,28,12,6,48,objective_development,12,delay,2,frozen,objective_development/competition/414/a3/s2/frozen/delay/lambda0,bc8e9598ad7816415d771b85baaa711078a822468522f5b64184d98124d07177,414,competition,0,3,3,a1j0,4.256144165992737e-05,16,a1j0,a1j0,a1j0,a1j0,a1j0,a1j0,a0j0,a0j0,a1j0
3,0,28,12,6,48,objective_development,12,delay,2,frozen,objective_development/competition/414/a3/s2/frozen/delay/lambda0,bc8e9598ad7816415d771b85baaa711078a822468522f5b64184d98124d07177,414,competition,2,2,2,a2j0,1.9067898392677307e-05,5,a2j0,a2j0,a0j0,a2j0,a2j0,a0j0,a0j0,a0j0,a0j0
3,0,28,12,6,48,objective_development,12,delay,2,frozen,objective_development/competition/414/a3/s2/frozen/delay/lambda0,bc8e9598ad7816415d771b85baaa711078a822468522f5b64184d98124d07177,414,competition,4,0,0,,7.990747690200806e-06,1,,,,,,,,,
3,0,28,12,6,48,objective_development,12,delay,2,frozen,objective_development/competition/414/a3/s2/frozen/delay/lambda0,bc8e9598ad7816415d771b85baaa711078a822468522f5b64184d98124d07177,414,competition,5,0,0,,2.8405338525772095e-06,1,,,,,,,,,
3,0,28,12,6,48,objective_development,12,delay,2,frozen,objective_development/competition/414/a3/s2/frozen/delay/lambda0,bc8e9598ad7816415d771b85baaa711078a822468522f5b64184d98124d07177,414,competition,6,3,3,a0j1,5.146116018295288e-05,16,a0j1,a0j1,a0j1,a0j1,a0j1,a0j1,a0j1,a0j1,a0j1
3,0,28,12,6,48,objective_development,12,delay,2,frozen,objective_development/competition/414/a3/s2/frozen/delay/lambda0,bc8e9598ad7816415d771b85baaa711078a822468522f5b64184d98124d07177,414,competition,8,2,2,a1j1,2.3579224944114685e-05,5,a1j1,a1j1,a1j1,a1j1,a1j1,a1j1,a2j1,a2j1,a1j1
3,0,28,12,6,48,objective_development,12,delay,2,frozen,objective_development/competition/414/a3/s2/frozen/delay/lambda0,bc8e9598ad7816415d771b85baaa711078a822468522f5b64184d98124d07177,414,competition,10,1,0,,7.269904017448425e-06,1,,,,,,,,,
3,0,28,12,6,48,objective_development,12,delay,2,frozen,objective_development/competition/414/a3/s2/frozen/delay/lambda0,bc8e9598ad7816415d771b85baaa711078a822468522f5b64184d98124d07177,414,competition,11,0,0,,8.398666977882385e-06,1,,,,,,,,,
3,4,29,12,6,48,objective_development,12,delay,2,frozen,objective_development/competition/414/a3/s2/frozen/delay/lambda4,bc8e9598ad7816415d771b85baaa711078a822468522f5b64184d98124d07177,414,competition,0,3,3,a1j0,4.4599175453186035e-05,16,a1j0,a1j0,a1j0,a1j0,a1j0,a1j0,a0j0,a0j0,a1j0
3,4,29,12,6,48,objective_development,12,delay,2,frozen,objective_development/competition/414/a3/s2/frozen/delay/lambda4,bc8e9598ad7816415d771b85baaa711078a822468522f5b64184d98124d07177,414,competition,2,2,2,a2j0,2.282857894897461e-05,5,a2j0,a2j0,a0j0,a2j0,a2j0,a0j0,a0j0,a0j0,a0j0
3,4,29,12,6,48,objective_development,12,delay,2,frozen,objective_development/competition/414/a3/s2/frozen/delay/lambda4,bc8e9598ad7816415d771b85baaa711078a822468522f5b64184d98124d07177,414,competition,4,0,0,,7.6107680797576904e-06,1,,,,,,,,,
3,4,29,12,6,48,objective_development,12,delay,2,frozen,objective_development/competition/414/a3/s2/frozen/delay/lambda4,bc8e9598ad7816415d771b85baaa711078a822468522f5b64184d98124d07177,414,competition,5,0,0,,3.512948751449585e-06,1,,,,,,,,,
3,4,29,12,6,48,objective_development,12,delay,2,frozen,objective_development/competition/414/a3/s2/frozen/delay/lambda4,bc8e9598ad7816415d771b85baaa711078a822468522f5b64184d98124d07177,414,competition,6,3,3,a0j1,6.578676402568817e-05,16,a0j1,a0j1,a0j1,a0j1,a0j1,a0j1,a2j1,a0j1,a0j1
3,4,29,12,6,48,objective_development,12,delay,2,frozen,objective_development/competition/414/a3/s2/frozen/delay/lambda4,bc8e9598ad7816415d771b85baaa711078a822468522f5b64184d98124d07177,414,competition,8,2,2,a1j1,3.208033740520477e-05,5,a1j1,a1j1,a1j1,a1j1,a1j1,a1j1,a2j1,a2j1,a1j1
3,4,29,12,6,48,objective_development,12,delay,2,frozen,objective_development/competition/414/a3/s2/frozen/delay/lambda4,bc8e9598ad7816415d771b85baaa711078a822468522f5b64184d98124d07177,414,competition,10,1,0,,9.279698133468628e-06,1,,,,,,,,,
3,4,29,12,6,48,objective_development,12,delay,2,frozen,objective_development/competition/414/a3/s2/frozen/delay/lambda4,bc8e9598ad7816415d771b85baaa711078a822468522f5b64184d98124d07177,414,competition,11,0,0,,5.0496309995651245e-06,1,,,,,,,,,
6,8,30,24,18,174,objective_development,36,delay,1,frozen,objective_development/larger/414/a6/s1/frozen/delay/lambda8,d1f27bb0738dc479a13d85d7e195a757085a21dd9227e02324df54c5dd843c62,414,larger,0,4,4,a0j0,0.00012519769370555878,65,a0j0,a0j0,a0j0,a0j0,a0j0,a0j0,a0j0,a0j0,a0j0
6,8,30,24,18,174,objective_development,36,delay,1,frozen,objective_development/larger/414/a6/s1/frozen/delay/lambda8,d1f27bb0738dc479a13d85d7e195a757085a21dd9227e02324df54c5dd843c62,414,larger,1,5,5,a1j0,0.0007437244057655334,326,a1j0,a1j0,a2j0,a1j0,a1j0,a2j0,a1j0,a1j0,a2j0
6,8,30,24,18,174,objective_development,36,delay,1,frozen,objective_development/larger/414/a6/s1/frozen/delay/lambda8,d1f27bb0738dc479a13d85d7e195a757085a21dd9227e02324df54c5dd843c62,414,larger,2,4,4,a2j0,0.00011437945067882538,65,a4j0,a2j0,a2j0,a4j0,a2j0,a2j0,a5j0,a2j0,a2j0
6,8,30,24,18,174,objective_development,36,delay,1,frozen,objective_development/larger/414/a6/s1/frozen/delay/lambda8,d1f27bb0738dc479a13d85d7e195a757085a21dd9227e02324df54c5dd843c62,414,larger,3,3,3,a5j0,4.83393669128418e-05,16,a4j0,a5j0,a3j0,a4j0,a5j0,a3j0,a5j0,a5j0,a3j0
6,8,30,24,18,174,objective_development,36,delay,1,frozen,objective_development/larger/414/a6/s1/frozen/delay/lambda8,d1f27bb0738dc479a13d85d7e195a757085a21dd9227e02324df54c5dd843c62,414,larger,4,1,1,a4j0,1.5107914805412292e-05,2,a4j0,a4j0,a4j0,a4j0,a4j0,a4j0,a4j0,a4j0,a4j0
6,8,30,24,18,174,objective_development,36,delay,1,frozen,objective_development/larger/414/a6/s1/frozen/delay/lambda8,d1f27bb0738dc479a13d85d7e195a757085a21dd9227e02324df54c5dd843c62,414,larger,5,0,0,,7.860362529754639e-06,1,,,,,,,,,
6,8,30,24,18,174,objective_development,36,delay,1,frozen,objective_development/larger/414/a6/s1/frozen/delay/lambda8,d1f27bb0738dc479a13d85d7e195a757085a21dd9227e02324df54c5dd843c62,414,larger,6,0,0,,7.798895239830017e-06,1,,,,,,,,,
6,8,30,24,18,174,objective_development,36,delay,1,frozen,objective_development/larger/414/a6/s1/frozen/delay/lambda8,d1f27bb0738dc479a13d85d7e195a757085a21dd9227e02324df54c5dd843c62,414,larger,7,0,0,,3.4999102354049683e-06,1,,,,,,,,,
6,8,30,24,18,174,objective_development,36,delay,1,frozen,objective_development/larger/414/a6/s1/frozen/delay/lambda8,d1f27bb0738dc479a13d85d7e195a757085a21dd9227e02324df54c5dd843c62,414,larger,8,3,3,a2j1,4.4848769903182983e-05,16,a0j1,a2j1,a0j1,a0j1,a2j1,a0j1,a0j1,a2j1,a0j1
6,8,30,24,18,174,objective_development,36,delay,1,frozen,objective_development/larger/414/a6/s1/frozen/delay/lambda8,d1f27bb0738dc479a13d85d7e195a757085a21dd9227e02324df54c5dd843c62,414,larger,9,5,5,a0j1,0.0006093531847000122,326,a0j1,a0j1,a0j1,a0j1,a0j1,a0j1,a0j1,a0j1,a0j1
6,8,30,24,18,174,objective_development,36,delay,1,frozen,objective_development/larger/414/a6/s1/frozen/delay/lambda8,d1f27bb0738dc479a13d85d7e195a757085a21dd9227e02324df54c5dd843c62,414,larger,10,4,4,a4j1,0.00014089606702327728,65,a3j1,a4j1,a1j1,a3j1,a4j1,a1j1,a3j1,a4j1,a1j1
6,8,30,24,18,174,objective_development,36,delay,1,frozen,objective_development/larger/414/a6/s1/frozen/delay/lambda8,d1f27bb0738dc479a13d85d7e195a757085a21dd9227e02324df54c5dd843c62,414,larger,11,3,3,a1j1,5.437806248664856e-05,16,a3j1,a1j1,a1j1,a3j1,a1j1,a1j1,a3j1,a1j1,a1j1
6,8,30,24,18,174,objective_development,36,delay,1,frozen,objective_development/larger/414/a6/s1/frozen/delay/lambda8,d1f27bb0738dc479a13d85d7e195a757085a21dd9227e02324df54c5dd843c62,414,larger,12,2,2,a3j1,1.917034387588501e-05,5,a3j1,a3j1,a3j1,a3j1,a3j1,a3j1,a3j1,a3j1,a3j1
6,8,30,24,18,174,objective_development,36,delay,1,frozen,objective_development/larger/414/a6/s1/frozen/delay/lambda8,d1f27bb0738dc479a13d85d7e195a757085a21dd9227e02324df54c5dd843c62,414,larger,13,1,1,a5j1,2.0567327737808228e-05,2,a5j1,a5j1,a5j1,a5j1,a5j1,a5j1,a5j1,a5j1,a5j1
6,8,30,24,18,174,objective_development,36,delay,1,frozen,objective_development/larger/414/a6/s1/frozen/delay/lambda8,d1f27bb0738dc479a13d85d7e195a757085a21dd9227e02324df54c5dd843c62,414,larger,14,0,0,,8.111819624900818e-06,1,,,,,,,,,
6,8,30,24,18,174,objective_development,36,delay,1,frozen,objective_development/larger/414/a6/s1/frozen/delay/lambda8,d1f27bb0738dc479a13d85d7e195a757085a21dd9227e02324df54c5dd843c62,414,larger,15,0,0,,4.591420292854309e-06,1,,,,,,,,,
6,8,30,24,18,174,objective_development,36,delay,1,frozen,objective_development/larger/414/a6/s1/frozen/delay/lambda8,d1f27bb0738dc479a13d85d7e195a757085a21dd9227e02324df54c5dd843c62,414,larger,16,5,5,a0j2,0.0006203744560480118,326,a0j2,a0j2,a2j2,a0j2,a0j2,a2j2,a0j2,a0j2,a2j2
6,8,30,24,18,174,objective_development,36,delay,1,frozen,objective_development/larger/414/a6/s1/frozen/delay/lambda8,d1f27bb0738dc479a13d85d7e195a757085a21dd9227e02324df54c5dd843c62,414,larger,17,5,5,a2j2,0.0006469357758760452,326,a1j2,a2j2,a2j2,a1j2,a2j2,a2j2,a1j2,a2j2,a2j2
6,8,30,24,18,174,objective_development,36,delay,1,frozen,objective_development/larger/414/a6/s1/frozen/delay/lambda8,d1f27bb0738dc479a13d85d7e195a757085a21dd9227e02324df54c5dd843c62,414,larger,18,4,4,a1j2,0.0001259278506040573,65,a1j2,a1j2,a4j2,a1j2,a1j2,a4j2,a1j2,a1j2,a4j2
6,8,30,24,18,174,objective_development,36,delay,1,frozen,objective_development/larger/414/a6/s1/frozen/delay/lambda8,d1f27bb0738dc479a13d85d7e195a757085a21dd9227e02324df54c5dd843c62,414,larger,19,3,3,a3j2,4.773959517478943e-05,16,a3j2,a3j2,a4j2,a3j2,a3j2,a4j2,a4j2,a3j2,a4j2
6,8,30,24,18,174,objective_development,36,delay,1,frozen,objective_development/larger/414/a6/s1/frozen/delay/lambda8,d1f27bb0738dc479a13d85d7e195a757085a21dd9227e02324df54c5dd843c62,414,larger,20,2,2,a4j2,2.0639970898628235e-05,5,a4j2,a4j2,a4j2,a4j2,a4j2,a4j2,a4j2,a4j2,a4j2
6,8,30,24,18,174,objective_development,36,delay,1,frozen,objective_development/larger/414/a6/s1/frozen/delay/lambda8,d1f27bb0738dc479a13d85d7e195a757085a21dd9227e02324df54c5dd843c62,414,larger,21,1,1,a5j2,1.9218772649765015e-05,2,a5j2,a5j2,a5j2,a5j2,a5j2,a5j2,a5j2,a5j2,a5j2
6,8,30,24,18,174,objective_development,36,delay,1,frozen,objective_development/larger/414/a6/s1/frozen/delay/lambda8,d1f27bb0738dc479a13d85d7e195a757085a21dd9227e02324df54c5dd843c62,414,larger,22,0,0,,7.426366209983826e-06,1,,,,,,,,,
6,8,30,24,18,174,objective_development,36,delay,1,frozen,objective_development/larger/414/a6/s1/frozen/delay/lambda8,d1f27bb0738dc479a13d85d7e195a757085a21dd9227e02324df54c5dd843c62,414,larger,23,0,0,,2.991408109664917e-06,1,,,,,,,,,
6,0,31,24,18,174,objective_development,36,delay,1,frozen,objective_development/larger/414/a6/s1/frozen/delay/lambda0,d1f27bb0738dc479a13d85d7e195a757085a21dd9227e02324df54c5dd843c62,414,larger,0,4,4,a0j0,0.0001278407871723175,65,a0j0,a0j0,a0j0,a0j0,a0j0,a0j0,a5j0,a0j0,a0j0
6,0,31,24,18,174,objective_development,36,delay,1,frozen,objective_development/larger/414/a6/s1/frozen/delay/lambda0,d1f27bb0738dc479a13d85d7e195a757085a21dd9227e02324df54c5dd843c62,414,larger,1,5,5,a1j0,0.001198766753077507,326,a1j0,a1j0,a2j0,a1j0,a1j0,a2j0,a1j0,a1j0,a2j0
6,0,31,24,18,174,objective_development,36,delay,1,frozen,objective_development/larger/414/a6/s1/frozen/delay/lambda0,d1f27bb0738dc479a13d85d7e195a757085a21dd9227e02324df54c5dd843c62,414,larger,2,4,4,a2j0,0.00019508786499500275,65,a4j0,a2j0,a2j0,a4j0,a2j0,a2j0,a5j0,a2j0,a2j0
6,0,31,24,18,174,objective_development,36,delay,1,frozen,objective_development/larger/414/a6/s1/frozen/delay/lambda0,d1f27bb0738dc479a13d85d7e195a757085a21dd9227e02324df54c5dd843c62,414,larger,3,3,2,a5j0,2.0470470190048218e-05,5,a4j0,a5j0,a5j0,a4j0,a5j0,a5j0,a5j0,a5j0,a5j0
6,0,31,24,18,174,objective_development,36,delay,1,frozen,objective_development/larger/414/a6/s1/frozen/delay/lambda0,d1f27bb0738dc479a13d85d7e195a757085a21dd9227e02324df54c5dd843c62,414,larger,4,1,1,a4j0,2.6887282729148865e-05,2,a4j0,a4j0,a4j0,a4j0,a4j0,a4j0,a4j0,a4j0,a4j0
6,0,31,24,18,174,objective_development,36,delay,1,frozen,objective_development/larger/414/a6/s1/frozen/delay/lambda0,d1f27bb0738dc479a13d85d7e195a757085a21dd9227e02324df54c5dd843c62,414,larger,5,0,0,,6.53974711894989e-06,1,,,,,,,,,
6,0,31,24,18,174,objective_development,36,delay,1,frozen,objective_development/larger/414/a6/s1/frozen/delay/lambda0,d1f27bb0738dc479a13d85d7e195a757085a21dd9227e02324df54c5dd843c62,414,larger,6,0,0,,4.559755325317383e-06,1,,,,,,,,,
6,0,31,24,18,174,objective_development,36,delay,1,frozen,objective_development/larger/414/a6/s1/frozen/delay/lambda0,d1f27bb0738dc479a13d85d7e195a757085a21dd9227e02324df54c5dd843c62,414,larger,7,0,0,,4.3995678424835205e-06,1,,,,,,,,,
6,0,31,24,18,174,objective_development,36,delay,1,frozen,objective_development/larger/414/a6/s1/frozen/delay/lambda0,d1f27bb0738dc479a13d85d7e195a757085a21dd9227e02324df54c5dd843c62,414,larger,8,3,3,a2j1,6.172992289066315e-05,16,a0j1,a2j1,a0j1,a0j1,a2j1,a0j1,a0j1,a2j1,a0j1
6,0,31,24,18,174,objective_development,36,delay,1,frozen,objective_development/larger/414/a6/s1/frozen/delay/lambda0,d1f27bb0738dc479a13d85d7e195a757085a21dd9227e02324df54c5dd843c62,414,larger,9,5,4,a0j1,0.00013484060764312744,65,a0j1,a0j1,a0j1,a0j1,a0j1,a0j1,a0j1,a0j1,a0j1
6,0,31,24,18,174,objective_development,36,delay,1,frozen,objective_development/larger/414/a6/s1/frozen/delay/lambda0,d1f27bb0738dc479a13d85d7e195a757085a21dd9227e02324df54c5dd843c62,414,larger,10,4,3,a4j1,6.000883877277374e-05,16,a3j1,a4j1,a3j1,a3j1,a4j1,a3j1,a3j1,a4j1,a3j1
6,0,31,24,18,174,objective_development,36,delay,1,frozen,objective_development/larger/414/a6/s1/frozen/delay/lambda0,d1f27bb0738dc479a13d85d7e195a757085a21dd9227e02324df54c5dd843c62,414,larger,11,3,2,a3j1,2.9338523745536804e-05,5,a3j1,a3j1,a3j1,a3j1,a3j1,a3j1,a3j1,a3j1,a3j1
6,0,31,24,18,174,objective_development,36,delay,1,frozen,objective_development/larger/414/a6/s1/frozen/delay/lambda0,d1f27bb0738dc479a13d85d7e195a757085a21dd9227e02324df54c5dd843c62,414,larger,12,2,1,a5j1,1.2999400496482849e-05,2,a5j1,a5j1,a5j1,a5j1,a5j1,a5j1,a5j1,a5j1,a5j1
6,0,31,24,18,174,objective_development,36,delay,1,frozen,objective_development/larger/414/a6/s1/frozen/delay/lambda0,d1f27bb0738dc479a13d85d7e195a757085a21dd9227e02324df54c5dd843c62,414,larger,13,0,0,,9.529292583465576e-06,1,,,,,,,,,
6,0,31,24,18,174,objective_development,36,delay,1,frozen,objective_development/larger/414/a6/s1/frozen/delay/lambda0,d1f27bb0738dc479a13d85d7e195a757085a21dd9227e02324df54c5dd843c62,414,larger,14,0,0,,4.770234227180481e-06,1,,,,,,,,,
6,0,31,24,18,174,objective_development,36,delay,1,frozen,objective_development/larger/414/a6/s1/frozen/delay/lambda0,d1f27bb0738dc479a13d85d7e195a757085a21dd9227e02324df54c5dd843c62,414,larger,15,0,0,,4.351139068603516e-06,1,,,,,,,,,
6,0,31,24,18,174,objective_development,36,delay,1,frozen,objective_development/larger/414/a6/s1/frozen/delay/lambda0,d1f27bb0738dc479a13d85d7e195a757085a21dd9227e02324df54c5dd843c62,414,larger,16,5,4,a0j2,0.00021549873054027557,65,a0j2,a0j2,a2j2,a0j2,a0j2,a2j2,a0j2,a0j2,a2j2
6,0,31,24,18,174,objective_development,36,delay,1,frozen,objective_development/larger/414/a6/s1/frozen/delay/lambda0,d1f27bb0738dc479a13d85d7e195a757085a21dd9227e02324df54c5dd843c62,414,larger,17,5,3,a1j2,7.033906877040863e-05,16,a1j2,a1j2,a4j2,a1j2,a1j2,a4j2,a1j2,a1j2,a4j2
6,0,31,24,18,174,objective_development,36,delay,1,frozen,objective_development/larger/414/a6/s1/frozen/delay/lambda0,d1f27bb0738dc479a13d85d7e195a757085a21dd9227e02324df54c5dd843c62,414,larger,18,3,2,a3j2,3.388896584510803e-05,5,a3j2,a3j2,a4j2,a3j2,a3j2,a4j2,a4j2,a3j2,a4j2
6,0,31,24,18,174,objective_development,36,delay,1,frozen,objective_development/larger/414/a6/s1/frozen/delay/lambda0,d1f27bb0738dc479a13d85d7e195a757085a21dd9227e02324df54c5dd843c62,414,larger,19,2,1,a4j2,2.2299587726593018e-05,2,a4j2,a4j2,a4j2,a4j2,a4j2,a4j2,a4j2,a4j2,a4j2
6,0,31,24,18,174,objective_development,36,delay,1,frozen,objective_development/larger/414/a6/s1/frozen/delay/lambda0,d1f27bb0738dc479a13d85d7e195a757085a21dd9227e02324df54c5dd843c62,414,larger,20,1,0,,1.0639429092407227e-05,1,,,,,,,,,
6,0,31,24,18,174,objective_development,36,delay,1,frozen,objective_development/larger/414/a6/s1/frozen/delay/lambda0,d1f27bb0738dc479a13d85d7e195a757085a21dd9227e02324df54c5dd843c62,414,larger,21,1,0,,9.229406714439392e-06,1,,,,,,,,,
6,0,31,24,18,174,objective_development,36,delay,1,frozen,objective_development/larger/414/a6/s1/frozen/delay/lambda0,d1f27bb0738dc479a13d85d7e195a757085a21dd9227e02324df54c5dd843c62,414,larger,22,0,0,,5.992129445075989e-06,1,,,,,,,,,
6,0,31,24,18,174,objective_development,36,delay,1,frozen,objective_development/larger/414/a6/s1/frozen/delay/lambda0,d1f27bb0738dc479a13d85d7e195a757085a21dd9227e02324df54c5dd843c62,414,larger,23,0,0,,4.259869456291199e-06,1,,,,,,,,,
6,4,32,24,18,174,objective_development,36,delay,1,frozen,objective_development/larger/414/a6/s1/frozen/delay/lambda4,d1f27bb0738dc479a13d85d7e195a757085a21dd9227e02324df54c5dd843c62,414,larger,0,4,4,a0j0,0.00013584643602371216,65,a0j0,a0j0,a0j0,a0j0,a0j0,a0j0,a5j0,a0j0,a0j0
6,4,32,24,18,174,objective_development,36,delay,1,frozen,objective_development/larger/414/a6/s1/frozen/delay/lambda4,d1f27bb0738dc479a13d85d7e195a757085a21dd9227e02324df54c5dd843c62,414,larger,1,5,5,a1j0,0.0007169321179389954,326,a1j0,a1j0,a2j0,a1j0,a1j0,a2j0,a5j0,a1j0,a2j0
6,4,32,24,18,174,objective_development,36,delay,1,frozen,objective_development/larger/414/a6/s1/frozen/delay/lambda4,d1f27bb0738dc479a13d85d7e195a757085a21dd9227e02324df54c5dd843c62,414,larger,2,4,4,a2j0,0.00013411790132522583,65,a4j0,a2j0,a2j0,a4j0,a2j0,a2j0,a5j0,a2j0,a2j0
6,4,32,24,18,174,objective_development,36,delay,1,frozen,objective_development/larger/414/a6/s1/frozen/delay/lambda4,d1f27bb0738dc479a13d85d7e195a757085a21dd9227e02324df54c5dd843c62,414,larger,3,3,3,a5j0,4.172883927822113e-05,16,a4j0,a5j0,a3j0,a4j0,a5j0,a3j0,a5j0,a5j0,a3j0
6,4,32,24,18,174,objective_development,36,delay,1,frozen,objective_development/larger/414/a6/s1/frozen/delay/lambda4,d1f27bb0738dc479a13d85d7e195a757085a21dd9227e02324df54c5dd843c62,414,larger,4,1,1,a4j0,1.556798815727234e-05,2,a4j0,a4j0,a4j0,a4j0,a4j0,a4j0,a4j0,a4j0,a4j0
6,4,32,24,18,174,objective_development,36,delay,1,frozen,objective_development/larger/414/a6/s1/frozen/delay/lambda4,d1f27bb0738dc479a13d85d7e195a757085a21dd9227e02324df54c5dd843c62,414,larger,5,0,0,,4.628673195838928e-06,1,,,,,,,,,
6,4,32,24,18,174,objective_development,36,delay,1,frozen,objective_development/larger/414/a6/s1/frozen/delay/lambda4,d1f27bb0738dc479a13d85d7e195a757085a21dd9227e02324df54c5dd843c62,414,larger,6,0,0,,3.4086406230926514e-06,1,,,,,,,,,
6,4,32,24,18,174,objective_development,36,delay,1,frozen,objective_development/larger/414/a6/s1/frozen/delay/lambda4,d1f27bb0738dc479a13d85d7e195a757085a21dd9227e02324df54c5dd843c62,414,larger,7,0,0,,3.2279640436172485e-06,1,,,,,,,,,
6,4,32,24,18,174,objective_development,36,delay,1,frozen,objective_development/larger/414/a6/s1/frozen/delay/lambda4,d1f27bb0738dc479a13d85d7e195a757085a21dd9227e02324df54c5dd843c62,414,larger,8,3,3,a2j1,4.042871296405792e-05,16,a0j1,a2j1,a0j1,a0j1,a2j1,a0j1,a0j1,a2j1,a0j1
6,4,32,24,18,174,objective_development,36,delay,1,frozen,objective_development/larger/414/a6/s1/frozen/delay/lambda4,d1f27bb0738dc479a13d85d7e195a757085a21dd9227e02324df54c5dd843c62,414,larger,9,5,5,a0j1,0.0006114915013313293,326,a0j1,a0j1,a0j1,a0j1,a0j1,a0j1,a0j1,a0j1,a0j1
6,4,32,24,18,174,objective_development,36,delay,1,frozen,objective_development/larger/414/a6/s1/frozen/delay/lambda4,d1f27bb0738dc479a13d85d7e195a757085a21dd9227e02324df54c5dd843c62,414,larger,10,4,4,a4j1,0.00012626685202121735,65,a3j1,a4j1,a1j1,a3j1,a4j1,a1j1,a3j1,a4j1,a1j1
6,4,32,24,18,174,objective_development,36,delay,1,frozen,objective_development/larger/414/a6/s1/frozen/delay/lambda4,d1f27bb0738dc479a13d85d7e195a757085a21dd9227e02324df54c5dd843c62,414,larger,11,3,3,a1j1,4.2110681533813477e-05,16,a3j1,a1j1,a1j1,a3j1,a1j1,a1j1,a3j1,a1j1,a1j1
6,4,32,24,18,174,objective_development,36,delay,1,frozen,objective_development/larger/414/a6/s1/frozen/delay/lambda4,d1f27bb0738dc479a13d85d7e195a757085a21dd9227e02324df54c5dd843c62,414,larger,12,2,2,a3j1,3.200024366378784e-05,5,a3j1,a3j1,a3j1,a3j1,a3j1,a3j1,a3j1,a3j1,a3j1
6,4,32,24,18,174,objective_development,36,delay,1,frozen,objective_development/larger/414/a6/s1/frozen/delay/lambda4,d1f27bb0738dc479a13d85d7e195a757085a21dd9227e02324df54c5dd843c62,414,larger,13,1,1,a5j1,2.0518898963928223e-05,2,a5j1,a5j1,a5j1,a5j1,a5j1,a5j1,a5j1,a5j1,a5j1
6,4,32,24,18,174,objective_development,36,delay,1,frozen,objective_development/larger/414/a6/s1/frozen/delay/lambda4,d1f27bb0738dc479a13d85d7e195a757085a21dd9227e02324df54c5dd843c62,414,larger,14,0,0,,4.259869456291199e-06,1,,,,,,,,,
6,4,32,24,18,174,objective_development,36,delay,1,frozen,objective_development/larger/414/a6/s1/frozen/delay/lambda4,d1f27bb0738dc479a13d85d7e195a757085a21dd9227e02324df54c5dd843c62,414,larger,15,0,0,,8.83638858795166e-06,1,,,,,,,,,
6,4,32,24,18,174,objective_development,36,delay,1,frozen,objective_development/larger/414/a6/s1/frozen/delay/lambda4,d1f27bb0738dc479a13d85d7e195a757085a21dd9227e02324df54c5dd843c62,414,larger,16,5,5,a1j2,0.0006302930414676666,326,a1j2,a1j2,a2j2,a0j2,a0j2,a2j2,a0j2,a0j2,a2j2
6,4,32,24,18,174,objective_development,36,delay,1,frozen,objective_development/larger/414/a6/s1/frozen/delay/lambda4,d1f27bb0738dc479a13d85d7e195a757085a21dd9227e02324df54c5dd843c62,414,larger,17,5,5,a2j2,0.0010927580296993256,326,a0j2,a2j2,a2j2,a0j2,a2j2,a2j2,a0j2,a2j2,a2j2
6,4,32,24,18,174,objective_development,36,delay,1,frozen,objective_development/larger/414/a6/s1/frozen/delay/lambda4,d1f27bb0738dc479a13d85d7e195a757085a21dd9227e02324df54c5dd843c62,414,larger,18,4,4,a0j2,0.00012836791574954987,65,a0j2,a0j2,a4j2,a0j2,a0j2,a4j2,a0j2,a0j2,a4j2
6,4,32,24,18,174,objective_development,36,delay,1,frozen,objective_development/larger/414/a6/s1/frozen/delay/lambda4,d1f27bb0738dc479a13d85d7e195a757085a21dd9227e02324df54c5dd843c62,414,larger,19,3,3,a3j2,3.993138670921326e-05,16,a3j2,a3j2,a4j2,a3j2,a3j2,a4j2,a4j2,a3j2,a4j2
6,4,32,24,18,174,objective_development,36,delay,1,frozen,objective_development/larger/414/a6/s1/frozen/delay/lambda4,d1f27bb0738dc479a13d85d7e195a757085a21dd9227e02324df54c5dd843c62,414,larger,20,2,2,a4j2,2.1051615476608276e-05,5,a4j2,a4j2,a4j2,a4j2,a4j2,a4j2,a4j2,a4j2,a4j2
6,4,32,24,18,174,objective_development,36,delay,1,frozen,objective_development/larger/414/a6/s1/frozen/delay/lambda4,d1f27bb0738dc479a13d85d7e195a757085a21dd9227e02324df54c5dd843c62,414,larger,21,1,1,a5j2,2.1159648895263672e-05,2,a5j2,a5j2,a5j2,a5j2,a5j2,a5j2,a5j2,a5j2,a5j2
6,4,32,24,18,174,objective_development,36,delay,1,frozen,objective_development/larger/414/a6/s1/frozen/delay/lambda4,d1f27bb0738dc479a13d85d7e195a757085a21dd9227e02324df54c5dd843c62,414,larger,22,0,0,,1.0909512639045715e-05,1,,,,,,,,,
6,4,32,24,18,174,objective_development,36,delay,1,frozen,objective_development/larger/414/a6/s1/frozen/delay/lambda4,d1f27bb0738dc479a13d85d7e195a757085a21dd9227e02324df54c5dd843c62,414,larger,23,0,0,,5.649402737617493e-06,1,,,,,,,,,
6,8,33,24,18,174,objective_development,36,delay,2,frozen,objective_development/larger/414/a6/s2/frozen/delay/lambda8,d1f27bb0738dc479a13d85d7e195a757085a21dd9227e02324df54c5dd843c62,414,larger,0,4,4,a0j0,0.00011735036969184875,65,a0j0,a0j0,a0j0,a0j0,a0j0,a0j0,a5j0,a0j0,a0j0
6,8,33,24,18,174,objective_development,36,delay,2,frozen,objective_development/larger/414/a6/s2/frozen/delay/lambda8,d1f27bb0738dc479a13d85d7e195a757085a21dd9227e02324df54c5dd843c62,414,larger,2,5,5,a4j0,0.0005310568958520889,326,a4j0,a4j0,a2j0,a4j0,a4j0,a2j0,a5j0,a5j0,a2j0
6,8,33,24,18,174,objective_development,36,delay,2,frozen,objective_development/larger/414/a6/s2/frozen/delay/lambda8,d1f27bb0738dc479a13d85d7e195a757085a21dd9227e02324df54c5dd843c62,414,larger,4,1,0,,9.272247552871704e-06,1,,,,,,,,,
6,8,33,24,18,174,objective_development,36,delay,2,frozen,objective_development/larger/414/a6/s2/frozen/delay/lambda8,d1f27bb0738dc479a13d85d7e195a757085a21dd9227e02324df54c5dd843c62,414,larger,5,0,0,,4.168599843978882e-06,1,,,,,,,,,
6,8,33,24,18,174,objective_development,36,delay,2,frozen,objective_development/larger/414/a6/s2/frozen/delay/lambda8,d1f27bb0738dc479a13d85d7e195a757085a21dd9227e02324df54c5dd843c62,414,larger,6,0,0,,8.979812264442444e-06,1,,,,,,,,,
6,8,33,24,18,174,objective_development,36,delay,2,frozen,objective_development/larger/414/a6/s2/frozen/delay/lambda8,d1f27bb0738dc479a13d85d7e195a757085a21dd9227e02324df54c5dd843c62,414,larger,7,0,0,,3.248453140258789e-06,1,,,,,,,,,
6,8,33,24,18,174,objective_development,36,delay,2,frozen,objective_development/larger/414/a6/s2/frozen/delay/lambda8,d1f27bb0738dc479a13d85d7e195a757085a21dd9227e02324df54c5dd843c62,414,larger,8,3,3,a0j1,4.102848470211029e-05,16,a0j1,a0j1,a0j1,a0j1,a0j1,a0j1,a0j1,a0j1,a0j1
6,8,33,24,18,174,objective_development,36,delay,2,frozen,objective_development/larger/414/a6/s2/frozen/delay/lambda8,d1f27bb0738dc479a13d85d7e195a757085a21dd9227e02324df54c5dd843c62,414,larger,10,5,5,a3j1,0.0005895234644412994,326,a3j1,a3j1,a2j1,a3j1,a3j1,a2j1,a2j1,a2j1,a2j1
6,8,33,24,18,174,objective_development,36,delay,2,frozen,objective_development/larger/414/a6/s2/frozen/delay/lambda8,d1f27bb0738dc479a13d85d7e195a757085a21dd9227e02324df54c5dd843c62,414,larger,12,3,2,a5j1,2.9049813747406006e-05,5,a5j1,a5j1,a4j1,a5j1,a5j1,a4j1,a5j1,a5j1,a4j1
6,8,33,24,18,174,objective_development,36,delay,2,frozen,objective_development/larger/414/a6/s2/frozen/delay/lambda8,d1f27bb0738dc479a13d85d7e195a757085a21dd9227e02324df54c5dd843c62,414,larger,14,0,0,,6.1336904764175415e-06,1,,,,,,,,,
6,8,33,24,18,174,objective_development,36,delay,2,frozen,objective_development/larger/414/a6/s2/frozen/delay/lambda8,d1f27bb0738dc479a13d85d7e195a757085a21dd9227e02324df54c5dd843c62,414,larger,15,0,0,,7.059425115585327e-06,1,,,,,,,,,
6,8,33,24,18,174,objective_development,36,delay,2,frozen,objective_development/larger/414/a6/s2/frozen/delay/lambda8,d1f27bb0738dc479a13d85d7e195a757085a21dd9227e02324df54c5dd843c62,414,larger,16,5,5,a0j2,0.0005797743797302246,326,a0j2,a0j2,a2j2,a0j2,a0j2,a2j2,a0j2,a0j2,a2j2
6,8,33,24,18,174,objective_development,36,delay,2,frozen,objective_development/larger/414/a6/s2/frozen/delay/lambda8,d1f27bb0738dc479a13d85d7e195a757085a21dd9227e02324df54c5dd843c62,414,larger,18,4,4,a1j2,0.00012291781604290009,65,a1j2,a1j2,a4j2,a1j2,a1j2,a4j2,a4j2,a4j2,a4j2
6,8,33,24,18,174,objective_development,36,delay,2,frozen,objective_development/larger/414/a6/s2/frozen/delay/lambda8,d1f27bb0738dc479a13d85d7e195a757085a21dd9227e02324df54c5dd843c62,414,larger,20,3,2,a3j2,3.832019865512848e-05,5,a3j2,a3j2,a3j2,a3j2,a3j2,a3j2,a3j2,a3j2,a3j2
6,8,33,24,18,174,objective_development,36,delay,2,frozen,objective_development/larger/414/a6/s2/frozen/delay/lambda8,d1f27bb0738dc479a13d85d7e195a757085a21dd9227e02324df54c5dd843c62,414,larger,22,0,0,,7.981434464454651e-06,1,,,,,,,,,
6,8,33,24,18,174,objective_development,36,delay,2,frozen,objective_development/larger/414/a6/s2/frozen/delay/lambda8,d1f27bb0738dc479a13d85d7e195a757085a21dd9227e02324df54c5dd843c62,414,larger,23,0,0,,2.941116690635681e-06,1,,,,,,,,,
6,0,34,24,18,174,objective_development,36,delay,2,frozen,objective_development/larger/414/a6/s2/frozen/delay/lambda0,d1f27bb0738dc479a13d85d7e195a757085a21dd9227e02324df54c5dd843c62,414,larger,0,4,4,a0j0,0.00011834874749183655,65,a0j0,a0j0,a0j0,a0j0,a0j0,a0j0,a5j0,a0j0,a0j0
6,0,34,24,18,174,objective_development,36,delay,2,frozen,objective_development/larger/414/a6/s2/frozen/delay/lambda0,d1f27bb0738dc479a13d85d7e195a757085a21dd9227e02324df54c5dd843c62,414,larger,2,5,4,a4j0,0.0001132078468799591,65,a4j0,a4j0,a2j0,a4j0,a4j0,a2j0,a1j0,a1j0,a2j0
6,0,34,24,18,174,objective_development,36,delay,2,frozen,objective_development/larger/414/a6/s2/frozen/delay/lambda0,d1f27bb0738dc479a13d85d7e195a757085a21dd9227e02324df54c5dd843c62,414,larger,4,1,0,,8.609145879745483e-06,1,,,,,,,,,
6,0,34,24,18,174,objective_development,36,delay,2,frozen,objective_development/larger/414/a6/s2/frozen/delay/lambda0,d1f27bb0738dc479a13d85d7e195a757085a21dd9227e02324df54c5dd843c62,414,larger,5,0,0,,9.179115295410156e-06,1,,,,,,,,,
6,0,34,24,18,174,objective_development,36,delay,2,frozen,objective_development/larger/414/a6/s2/frozen/delay/lambda0,d1f27bb0738dc479a13d85d7e195a757085a21dd9227e02324df54c5dd843c62,414,larger,6,0,0,,7.249414920806885e-06,1,,,,,,,,,
6,0,34,24,18,174,objective_development,36,delay,2,frozen,objective_development/larger/414/a6/s2/frozen/delay/lambda0,d1f27bb0738dc479a13d85d7e195a757085a21dd9227e02324df54c5dd843c62,414,larger,7,0,0,,2.941116690635681e-06,1,,,,,,,,,
6,0,34,24,18,174,objective_development,36,delay,2,frozen,objective_development/larger/414/a6/s2/frozen/delay/lambda0,d1f27bb0738dc479a13d85d7e195a757085a21dd9227e02324df54c5dd843c62,414,larger,8,3,3,a0j1,4.3628737330436707e-05,16,a0j1,a0j1,a0j1,a0j1,a0j1,a0j1,a0j1,a0j1,a0j1
6,0,34,24,18,174,objective_development,36,delay,2,frozen,objective_development/larger/414/a6/s2/frozen/delay/lambda0,d1f27bb0738dc479a13d85d7e195a757085a21dd9227e02324df54c5dd843c62,414,larger,10,5,4,a3j1,0.0001234486699104309,65,a3j1,a3j1,a2j1,a3j1,a3j1,a2j1,a2j1,a2j1,a2j1
6,0,34,24,18,174,objective_development,36,delay,2,frozen,objective_development/larger/414/a6/s2/frozen/delay/lambda0,d1f27bb0738dc479a13d85d7e195a757085a21dd9227e02324df54c5dd843c62,414,larger,12,3,2,a5j1,3.7200748920440674e-05,5,a5j1,a5j1,a4j1,a5j1,a5j1,a4j1,a5j1,a5j1,a4j1
6,0,34,24,18,174,objective_development,36,delay,2,frozen,objective_development/larger/414/a6/s2/frozen/delay/lambda0,d1f27bb0738dc479a13d85d7e195a757085a21dd9227e02324df54c5dd843c62,414,larger,14,0,0,,8.380040526390076e-06,1,,,,,,,,,
6,0,34,24,18,174,objective_development,36,delay,2,frozen,objective_development/larger/414/a6/s2/frozen/delay/lambda0,d1f27bb0738dc479a13d85d7e195a757085a21dd9227e02324df54c5dd843c62,414,larger,15,0,0,,5.33275306224823e-06,1,,,,,,,,,
6,0,34,24,18,174,objective_development,36,delay,2,frozen,objective_development/larger/414/a6/s2/frozen/delay/lambda0,d1f27bb0738dc479a13d85d7e195a757085a21dd9227e02324df54c5dd843c62,414,larger,16,5,3,a0j2,4.456937313079834e-05,16,a0j2,a0j2,a0j2,a0j2,a0j2,a0j2,a0j2,a0j2,a0j2
6,0,34,24,18,174,objective_development,36,delay,2,frozen,objective_development/larger/414/a6/s2/frozen/delay/lambda0,d1f27bb0738dc479a13d85d7e195a757085a21dd9227e02324df54c5dd843c62,414,larger,18,4,3,a1j2,4.8628076910972595e-05,16,a1j2,a1j2,a4j2,a1j2,a1j2,a4j2,a4j2,a4j2,a4j2
6,0,34,24,18,174,objective_development,36,delay,2,frozen,objective_development/larger/414/a6/s2/frozen/delay/lambda0,d1f27bb0738dc479a13d85d7e195a757085a21dd9227e02324df54c5dd843c62,414,larger,20,3,1,a3j2,2.2761523723602295e-05,2,a3j2,a3j2,a3j2,a3j2,a3j2,a3j2,a3j2,a3j2,a3j2
6,0,34,24,18,174,objective_development,36,delay,2,frozen,objective_development/larger/414/a6/s2/frozen/delay/lambda0,d1f27bb0738dc479a13d85d7e195a757085a21dd9227e02324df54c5dd843c62,414,larger,22,0,0,,9.348616003990173e-06,1,,,,,,,,,
6,0,34,24,18,174,objective_development,36,delay,2,frozen,objective_development/larger/414/a6/s2/frozen/delay/lambda0,d1f27bb0738dc479a13d85d7e195a757085a21dd9227e02324df54c5dd843c62,414,larger,23,0,0,,9.492039680480957e-06,1,,,,,,,,,
6,4,35,24,18,174,objective_development,36,delay,2,frozen,objective_development/larger/414/a6/s2/frozen/delay/lambda4,d1f27bb0738dc479a13d85d7e195a757085a21dd9227e02324df54c5dd843c62,414,larger,0,4,4,a0j0,0.00011901929974555969,65,a0j0,a0j0,a0j0,a0j0,a0j0,a0j0,a5j0,a0j0,a0j0
6,4,35,24,18,174,objective_development,36,delay,2,frozen,objective_development/larger/414/a6/s2/frozen/delay/lambda4,d1f27bb0738dc479a13d85d7e195a757085a21dd9227e02324df54c5dd843c62,414,larger,2,5,5,a4j0,0.0009498409926891327,326,a4j0,a4j0,a2j0,a4j0,a4j0,a2j0,a5j0,a5j0,a2j0
6,4,35,24,18,174,objective_development,36,delay,2,frozen,objective_development/larger/414/a6/s2/frozen/delay/lambda4,d1f27bb0738dc479a13d85d7e195a757085a21dd9227e02324df54c5dd843c62,414,larger,4,1,0,,9.819865226745605e-06,1,,,,,,,,,
6,4,35,24,18,174,objective_development,36,delay,2,frozen,objective_development/larger/414/a6/s2/frozen/delay/lambda4,d1f27bb0738dc479a13d85d7e195a757085a21dd9227e02324df54c5dd843c62,414,larger,5,0,0,,6.211921572685242e-06,1,,,,,,,,,
6,4,35,24,18,174,objective_development,36,delay,2,frozen,objective_development/larger/414/a6/s2/frozen/delay/lambda4,d1f27bb0738dc479a13d85d7e195a757085a21dd9227e02324df54c5dd843c62,414,larger,6,0,0,,4.4014304876327515e-06,1,,,,,,,,,
6,4,35,24,18,174,objective_development,36,delay,2,frozen,objective_development/larger/414/a6/s2/frozen/delay/lambda4,d1f27bb0738dc479a13d85d7e195a757085a21dd9227e02324df54c5dd843c62,414,larger,7,0,0,,4.459172487258911e-06,1,,,,,,,,,
6,4,35,24,18,174,objective_development,36,delay,2,frozen,objective_development/larger/414/a6/s2/frozen/delay/lambda4,d1f27bb0738dc479a13d85d7e195a757085a21dd9227e02324df54c5dd843c62,414,larger,8,3,3,a0j1,6.609968841075897e-05,16,a0j1,a0j1,a0j1,a0j1,a0j1,a0j1,a0j1,a0j1,a0j1
6,4,35,24,18,174,objective_development,36,delay,2,frozen,objective_development/larger/414/a6/s2/frozen/delay/lambda4,d1f27bb0738dc479a13d85d7e195a757085a21dd9227e02324df54c5dd843c62,414,larger,10,5,5,a3j1,0.0006651226431131363,326,a3j1,a3j1,a2j1,a3j1,a3j1,a2j1,a2j1,a2j1,a2j1
6,4,35,24,18,174,objective_development,36,delay,2,frozen,objective_development/larger/414/a6/s2/frozen/delay/lambda4,d1f27bb0738dc479a13d85d7e195a757085a21dd9227e02324df54c5dd843c62,414,larger,12,3,2,a5j1,2.8969720005989075e-05,5,a5j1,a5j1,a4j1,a5j1,a5j1,a4j1,a5j1,a5j1,a4j1
6,4,35,24,18,174,objective_development,36,delay,2,frozen,objective_development/larger/414/a6/s2/frozen/delay/lambda4,d1f27bb0738dc479a13d85d7e195a757085a21dd9227e02324df54c5dd843c62,414,larger,14,0,0,,6.690621376037598e-06,1,,,,,,,,,
6,4,35,24,18,174,objective_development,36,delay,2,frozen,objective_development/larger/414/a6/s2/frozen/delay/lambda4,d1f27bb0738dc479a13d85d7e195a757085a21dd9227e02324df54c5dd843c62,414,larger,15,0,0,,7.538124918937683e-06,1,,,,,,,,,
6,4,35,24,18,174,objective_development,36,delay,2,frozen,objective_development/larger/414/a6/s2/frozen/delay/lambda4,d1f27bb0738dc479a13d85d7e195a757085a21dd9227e02324df54c5dd843c62,414,larger,16,5,5,a0j2,0.000604553148150444,326,a0j2,a0j2,a2j2,a0j2,a3j2,a2j2,a0j2,a0j2,a2j2
6,4,35,24,18,174,objective_development,36,delay,2,frozen,objective_development/larger/414/a6/s2/frozen/delay/lambda4,d1f27bb0738dc479a13d85d7e195a757085a21dd9227e02324df54c5dd843c62,414,larger,18,4,4,a1j2,0.000123538076877594,65,a1j2,a1j2,a4j2,a1j2,a1j2,a4j2,a4j2,a4j2,a4j2
6,4,35,24,18,174,objective_development,36,delay,2,frozen,objective_development/larger/414/a6/s2/frozen/delay/lambda4,d1f27bb0738dc479a13d85d7e195a757085a21dd9227e02324df54c5dd843c62,414,larger,20,3,2,a3j2,2.3048371076583862e-05,5,a3j2,a3j2,a3j2,a3j2,a3j2,a3j2,a3j2,a3j2,a3j2
6,4,35,24,18,174,objective_development,36,delay,2,frozen,objective_development/larger/414/a6/s2/frozen/delay/lambda4,d1f27bb0738dc479a13d85d7e195a757085a21dd9227e02324df54c5dd843c62,414,larger,22,0,0,,8.530914783477783e-06,1,,,,,,,,,
6,4,35,24,18,174,objective_development,36,delay,2,frozen,objective_development/larger/414/a6/s2/frozen/delay/lambda4,d1f27bb0738dc479a13d85d7e195a757085a21dd9227e02324df54c5dd843c62,414,larger,23,0,0,,4.669651389122009e-06,1,,,,,,,,,
6,0,36,24,18,190,objective_development,36,delay,2,frozen,objective_development/larger/415/a6/s2/frozen/delay/lambda0,e4a07cf697ff1b64ef09c77c6e1b782648685e69f925968e912feb4b11ef53a8,415,larger,0,3,3,a2j0,6.953999400138855e-05,16,a2j0,a2j0,a4j0,a2j0,a2j0,a4j0,a3j0,a2j0,a4j0
6,0,36,24,18,190,objective_development,36,delay,2,frozen,objective_development/larger/415/a6/s2/frozen/delay/lambda0,e4a07cf697ff1b64ef09c77c6e1b782648685e69f925968e912feb4b11ef53a8,415,larger,2,5,5,a0j0,0.0009465515613555908,326,a3j0,a0j0,a4j0,a3j0,a0j0,a4j0,a3j0,a1j0,a4j0
6,0,36,24,18,190,objective_development,36,delay,2,frozen,objective_development/larger/415/a6/s2/frozen/delay/lambda0,e4a07cf697ff1b64ef09c77c6e1b782648685e69f925968e912feb4b11ef53a8,415,larger,4,3,1,a3j0,3.693997859954834e-05,2,a3j0,a3j0,a3j0,a3j0,a3j0,a3j0,a3j0,a3j0,a3j0
6,0,36,24,18,190,objective_development,36,delay,2,frozen,objective_development/larger/415/a6/s2/frozen/delay/lambda0,e4a07cf697ff1b64ef09c77c6e1b782648685e69f925968e912feb4b11ef53a8,415,larger,6,0,0,,9.121373295783997e-06,1,,,,,,,,,
6,0,36,24,18,190,objective_development,36,delay,2,frozen,objective_development/larger/415/a6/s2/frozen/delay/lambda0,e4a07cf697ff1b64ef09c77c6e1b782648685e69f925968e912feb4b11ef53a8,415,larger,7,0,0,,4.500150680541992e-06,1,,,,,,,,,
6,0,36,24,18,190,objective_development,36,delay,2,frozen,objective_development/larger/415/a6/s2/frozen/delay/lambda0,e4a07cf697ff1b64ef09c77c6e1b782648685e69f925968e912feb4b11ef53a8,415,larger,8,2,1,a5j1,2.4652108550071716e-05,2,a5j1,a5j1,a5j1,a5j1,a5j1,a5j1,a5j1,a5j1,a5j1
6,0,36,24,18,190,objective_development,36,delay,2,frozen,objective_development/larger/415/a6/s2/frozen/delay/lambda0,e4a07cf697ff1b64ef09c77c6e1b782648685e69f925968e912feb4b11ef53a8,415,larger,10,4,2,a3j1,3.788992762565613e-05,5,a3j1,a3j1,a3j1,a3j1,a3j1,a3j1,a3j1,a3j1,a3j1
6,0,36,24,18,190,objective_development,36,delay,2,frozen,objective_development/larger/415/a6/s2/frozen/delay/lambda0,e4a07cf697ff1b64ef09c77c6e1b782648685e69f925968e912feb4b11ef53a8,415,larger,12,1,1,a4j1,2.1500512957572937e-05,2,a4j1,a4j1,a4j1,a4j1,a4j1,a4j1,a4j1,a4j1,a4j1
6,0,36,24,18,190,objective_development,36,delay,2,frozen,objective_development/larger/415/a6/s2/frozen/delay/lambda0,e4a07cf697ff1b64ef09c77c6e1b782648685e69f925968e912feb4b11ef53a8,415,larger,14,0,0,,6.9607049226760864e-06,1,,,,,,,,,
6,0,36,24,18,190,objective_development,36,delay,2,frozen,objective_development/larger/415/a6/s2/frozen/delay/lambda0,e4a07cf697ff1b64ef09c77c6e1b782648685e69f925968e912feb4b11ef53a8,415,larger,15,0,0,,5.219131708145142e-06,1,,,,,,,,,
6,0,36,24,18,190,objective_development,36,delay,2,frozen,objective_development/larger/415/a6/s2/frozen/delay/lambda0,e4a07cf697ff1b64ef09c77c6e1b782648685e69f925968e912feb4b11ef53a8,415,larger,16,3,2,a1j2,2.5309622287750244e-05,5,a5j2,a1j2,a1j2,a5j2,a1j2,a1j2,a5j2,a1j2,a1j2
6,0,36,24,18,190,objective_development,36,delay,2,frozen,objective_development/larger/415/a6/s2/frozen/delay/lambda0,e4a07cf697ff1b64ef09c77c6e1b782648685e69f925968e912feb4b11ef53a8,415,larger,18,4,2,a5j2,3.797747194766998e-05,5,a3j2,a5j2,a5j2,a3j2,a5j2,a5j2,a3j2,a5j2,a5j2
6,0,36,24,18,190,objective_development,36,delay,2,frozen,objective_development/larger/415/a6/s2/frozen/delay/lambda0,e4a07cf697ff1b64ef09c77c6e1b782648685e69f925968e912feb4b11ef53a8,415,larger,20,1,1,a3j2,1.7840415239334106e-05,2,a3j2,a3j2,a3j2,a3j2,a3j2,a3j2,a3j2,a3j2,a3j2
6,0,36,24,18,190,objective_development,36,delay,2,frozen,objective_development/larger/415/a6/s2/frozen/delay/lambda0,e4a07cf697ff1b64ef09c77c6e1b782648685e69f925968e912feb4b11ef53a8,415,larger,22,0,0,,4.887580871582031e-06,1,,,,,,,,,
6,0,36,24,18,190,objective_development,36,delay,2,frozen,objective_development/larger/415/a6/s2/frozen/delay/lambda0,e4a07cf697ff1b64ef09c77c6e1b782648685e69f925968e912feb4b11ef53a8,415,larger,23,0,0,,3.2689422369003296e-06,1,,,,,,,,,
6,4,37,24,18,190,objective_development,36,delay,2,frozen,objective_development/larger/415/a6/s2/frozen/delay/lambda4,e4a07cf697ff1b64ef09c77c6e1b782648685e69f925968e912feb4b11ef53a8,415,larger,0,3,3,a2j0,4.538893699645996e-05,16,a3j0,a2j0,a4j0,a2j0,a2j0,a4j0,a3j0,a2j0,a4j0
6,4,37,24,18,190,objective_development,36,delay,2,frozen,objective_development/larger/415/a6/s2/frozen/delay/lambda4,e4a07cf697ff1b64ef09c77c6e1b782648685e69f925968e912feb4b11ef53a8,415,larger,2,5,5,a0j0,0.0005794744938611984,326,a3j0,a0j0,a4j0,a3j0,a0j0,a4j0,a3j0,a1j0,a4j0
6,4,37,24,18,190,objective_development,36,delay,2,frozen,objective_development/larger/415/a6/s2/frozen/delay/lambda4,e4a07cf697ff1b64ef09c77c6e1b782648685e69f925968e912feb4b11ef53a8,415,larger,4,3,1,a3j0,2.6920810341835022e-05,2,a3j0,a3j0,a3j0,a3j0,a3j0,a3j0,a3j0,a3j0,a3j0
6,4,37,24,18,190,objective_development,36,delay,2,frozen,objective_development/larger/415/a6/s2/frozen/delay/lambda4,e4a07cf697ff1b64ef09c77c6e1b782648685e69f925968e912feb4b11ef53a8,415,larger,6,0,0,,7.780268788337708e-06,1,,,,,,,,,
6,4,37,24,18,190,objective_development,36,delay,2,frozen,objective_development/larger/415/a6/s2/frozen/delay/lambda4,e4a07cf697ff1b64ef09c77c6e1b782648685e69f925968e912feb4b11ef53a8,415,larger,7,0,0,,2.93925404548645e-06,1,,,,,,,,,
6,4,37,24,18,190,objective_development,36,delay,2,frozen,objective_development/larger/415/a6/s2/frozen/delay/lambda4,e4a07cf697ff1b64ef09c77c6e1b782648685e69f925968e912feb4b11ef53a8,415,larger,8,2,2,a5j1,2.4789944291114807e-05,5,a5j1,a5j1,a1j1,a5j1,a5j1,a1j1,a5j1,a5j1,a1j1
6,4,37,24,18,190,objective_development,36,delay,2,frozen,objective_development/larger/415/a6/s2/frozen/delay/lambda4,e4a07cf697ff1b64ef09c77c6e1b782648685e69f925968e912feb4b11ef53a8,415,larger,10,4,2,a3j1,2.782978117465973e-05,5,a3j1,a3j1,a3j1,a3j1,a3j1,a3j1,a3j1,a3j1,a3j1
6,4,37,24,18,190,objective_development,36,delay,2,frozen,objective_development/larger/415/a6/s2/frozen/delay/lambda4,e4a07cf697ff1b64ef09c77c6e1b782648685e69f925968e912feb4b11ef53a8,415,larger,12,1,1,a4j1,1.8980354070663452e-05,2,a4j1,a4j1,a4j1,a4j1,a4j1,a4j1,a4j1,a4j1,a4j1
6,4,37,24,18,190,objective_development,36,delay,2,frozen,objective_development/larger/415/a6/s2/frozen/delay/lambda4,e4a07cf697ff1b64ef09c77c6e1b782648685e69f925968e912feb4b11ef53a8,415,larger,14,0,0,,7.230788469314575e-06,1,,,,,,,,,
6,4,37,24,18,190,objective_development,36,delay,2,frozen,objective_development/larger/415/a6/s2/frozen/delay/lambda4,e4a07cf697ff1b64ef09c77c6e1b782648685e69f925968e912feb4b11ef53a8,415,larger,15,0,0,,4.2691826820373535e-06,1,,,,,,,,,
6,4,37,24,18,190,objective_development,36,delay,2,frozen,objective_development/larger/415/a6/s2/frozen/delay/lambda4,e4a07cf697ff1b64ef09c77c6e1b782648685e69f925968e912feb4b11ef53a8,415,larger,16,3,3,a1j2,6.645917892456055e-05,16,a5j2,a1j2,a0j2,a5j2,a1j2,a0j2,a5j2,a1j2,a0j2
6,4,37,24,18,190,objective_development,36,delay,2,frozen,objective_development/larger/415/a6/s2/frozen/delay/lambda4,e4a07cf697ff1b64ef09c77c6e1b782648685e69f925968e912feb4b11ef53a8,415,larger,18,4,2,a5j2,4.029273986816406e-05,5,a3j2,a5j2,a5j2,a3j2,a5j2,a5j2,a3j2,a5j2,a5j2
6,4,37,24,18,190,objective_development,36,delay,2,frozen,objective_development/larger/415/a6/s2/frozen/delay/lambda4,e4a07cf697ff1b64ef09c77c6e1b782648685e69f925968e912feb4b11ef53a8,415,larger,20,1,1,a3j2,1.9397586584091187e-05,2,a3j2,a3j2,a3j2,a3j2,a3j2,a3j2,a3j2,a3j2,a3j2
6,4,37,24,18,190,objective_development,36,delay,2,frozen,objective_development/larger/415/a6/s2/frozen/delay/lambda4,e4a07cf697ff1b64ef09c77c6e1b782648685e69f925968e912feb4b11ef53a8,415,larger,22,0,0,,7.96094536781311e-06,1,,,,,,,,,
6,4,37,24,18,190,objective_development,36,delay,2,frozen,objective_development/larger/415/a6/s2/frozen/delay/lambda4,e4a07cf697ff1b64ef09c77c6e1b782648685e69f925968e912feb4b11ef53a8,415,larger,23,0,0,,4.5299530029296875e-06,1,,,,,,,,,
6,8,38,24,18,190,objective_development,36,delay,2,frozen,objective_development/larger/415/a6/s2/frozen/delay/lambda8,e4a07cf697ff1b64ef09c77c6e1b782648685e69f925968e912feb4b11ef53a8,415,larger,0,3,3,a2j0,7.624737918376923e-05,16,a3j0,a2j0,a4j0,a2j0,a2j0,a4j0,a3j0,a2j0,a4j0
6,8,38,24,18,190,objective_development,36,delay,2,frozen,objective_development/larger/415/a6/s2/frozen/delay/lambda8,e4a07cf697ff1b64ef09c77c6e1b782648685e69f925968e912feb4b11ef53a8,415,larger,2,5,5,a0j0,0.0009499117732048035,326,a3j0,a0j0,a4j0,a3j0,a0j0,a4j0,a3j0,a1j0,a4j0
6,8,38,24,18,190,objective_development,36,delay,2,frozen,objective_development/larger/415/a6/s2/frozen/delay/lambda8,e4a07cf697ff1b64ef09c77c6e1b782648685e69f925968e912feb4b11ef53a8,415,larger,4,3,1,a3j0,2.1981075406074524e-05,2,a3j0,a3j0,a3j0,a3j0,a3j0,a3j0,a3j0,a3j0,a3j0
6,8,38,24,18,190,objective_development,36,delay,2,frozen,objective_development/larger/415/a6/s2/frozen/delay/lambda8,e4a07cf697ff1b64ef09c77c6e1b782648685e69f925968e912feb4b11ef53a8,415,larger,6,0,0,,9.927898645401001e-06,1,,,,,,,,,
6,8,38,24,18,190,objective_development,36,delay,2,frozen,objective_development/larger/415/a6/s2/frozen/delay/lambda8,e4a07cf697ff1b64ef09c77c6e1b782648685e69f925968e912feb4b11ef53a8,415,larger,7,0,0,,4.090368747711182e-06,1,,,,,,,,,
6,8,38,24,18,190,objective_development,36,delay,2,frozen,objective_development/larger/415/a6/s2/frozen/delay/lambda8,e4a07cf697ff1b64ef09c77c6e1b782648685e69f925968e912feb4b11ef53a8,415,larger,8,2,2,a1j1,2.4452805519104004e-05,5,a5j1,a1j1,a1j1,a5j1,a1j1,a1j1,a5j1,a5j1,a1j1
6,8,38,24,18,190,objective_development,36,delay,2,frozen,objective_development/larger/415/a6/s2/frozen/delay/lambda8,e4a07cf697ff1b64ef09c77c6e1b782648685e69f925968e912feb4b11ef53a8,415,larger,10,5,3,a3j1,6.162934005260468e-05,16,a3j1,a3j1,a5j1,a3j1,a3j1,a5j1,a5j1,a5j1,a5j1
6,8,38,24,18,190,objective_development,36,delay,2,frozen,objective_development/larger/415/a6/s2/frozen/delay/lambda8,e4a07cf697ff1b64ef09c77c6e1b782648685e69f925968e912feb4b11ef53a8,415,larger,12,1,1,a4j1,2.03009694814682e-05,2,a4j1,a4j1,a4j1,a4j1,a4j1,a4j1,a4j1,a4j1,a4j1
6,8,38,24,18,190,objective_development,36,delay,2,frozen,objective_development/larger/415/a6/s2/frozen/delay/lambda8,e4a07cf697ff1b64ef09c77c6e1b782648685e69f925968e912feb4b11ef53a8,415,larger,14,0,0,,5.330890417098999e-06,1,,,,,,,,,
6,8,38,24,18,190,objective_development,36,delay,2,frozen,objective_development/larger/415/a6/s2/frozen/delay/lambda8,e4a07cf697ff1b64ef09c77c6e1b782648685e69f925968e912feb4b11ef53a8,415,larger,15,0,0,,6.927177309989929e-06,1,,,,,,,,,
6,8,38,24,18,190,objective_development,36,delay,2,frozen,objective_development/larger/415/a6/s2/frozen/delay/lambda8,e4a07cf697ff1b64ef09c77c6e1b782648685e69f925968e912feb4b11ef53a8,415,larger,16,3,3,a1j2,4.234910011291504e-05,16,a5j2,a1j2,a0j2,a5j2,a1j2,a0j2,a1j2,a1j2,a0j2
6,8,38,24,18,190,objective_development,36,delay,2,frozen,objective_development/larger/415/a6/s2/frozen/delay/lambda8,e4a07cf697ff1b64ef09c77c6e1b782648685e69f925968e912feb4b11ef53a8,415,larger,18,4,2,a5j2,2.8489157557487488e-05,5,a3j2,a5j2,a5j2,a3j2,a5j2,a5j2,a3j2,a5j2,a5j2
6,8,38,24,18,190,objective_development,36,delay,2,frozen,objective_development/larger/415/a6/s2/frozen/delay/lambda8,e4a07cf697ff1b64ef09c77c6e1b782648685e69f925968e912feb4b11ef53a8,415,larger,20,1,1,a3j2,1.665949821472168e-05,2,a3j2,a3j2,a3j2,a3j2,a3j2,a3j2,a3j2,a3j2,a3j2
6,8,38,24,18,190,objective_development,36,delay,2,frozen,objective_development/larger/415/a6/s2/frozen/delay/lambda8,e4a07cf697ff1b64ef09c77c6e1b782648685e69f925968e912feb4b11ef53a8,415,larger,22,0,0,,9.091570973396301e-06,1,,,,,,,,,
6,8,38,24,18,190,objective_development,36,delay,2,frozen,objective_development/larger/415/a6/s2/frozen/delay/lambda8,e4a07cf697ff1b64ef09c77c6e1b782648685e69f925968e912feb4b11ef53a8,415,larger,23,0,0,,5.8282166719436646e-06,1,,,,,,,,,
6,0,39,24,18,190,objective_development,36,delay,1,frozen,objective_development/larger/415/a6/s1/frozen/delay/lambda0,e4a07cf697ff1b64ef09c77c6e1b782648685e69f925968e912feb4b11ef53a8,415,larger,0,3,3,a2j0,7.05476850271225e-05,16,a2j0,a2j0,a4j0,a2j0,a2j0,a4j0,a3j0,a2j0,a4j0
6,0,39,24,18,190,objective_development,36,delay,1,frozen,objective_development/larger/415/a6/s1/frozen/delay/lambda0,e4a07cf697ff1b64ef09c77c6e1b782648685e69f925968e912feb4b11ef53a8,415,larger,1,5,5,a4j0,0.0006053205579519272,326,a3j0,a4j0,a4j0,a3j0,a4j0,a4j0,a3j0,a4j0,a4j0
6,0,39,24,18,190,objective_development,36,delay,1,frozen,objective_development/larger/415/a6/s1/frozen/delay/lambda0,e4a07cf697ff1b64ef09c77c6e1b782648685e69f925968e912feb4b11ef53a8,415,larger,2,4,4,a0j0,0.00011979788541793823,65,a3j0,a0j0,a0j0,a3j0,a0j0,a0j0,a3j0,a0j0,a0j0
6,0,39,24,18,190,objective_development,36,delay,1,frozen,objective_development/larger/415/a6/s1/frozen/delay/lambda0,e4a07cf697ff1b64ef09c77c6e1b782648685e69f925968e912feb4b11ef53a8,415,larger,3,3,3,a1j0,3.707967698574066e-05,16,a3j0,a1j0,a1j0,a3j0,a1j0,a1j0,a3j0,a1j0,a1j0
6,0,39,24,18,190,objective_development,36,delay,1,frozen,objective_development/larger/415/a6/s1/frozen/delay/lambda0,e4a07cf697ff1b64ef09c77c6e1b782648685e69f925968e912feb4b11ef53a8,415,larger,4,2,2,a5j0,2.8539448976516724e-05,5,a3j0,a5j0,a5j0,a3j0,a5j0,a5j0,a3j0,a5j0,a5j0
6,0,39,24,18,190,objective_development,36,delay,1,frozen,objective_development/larger/415/a6/s1/frozen/delay/lambda0,e4a07cf697ff1b64ef09c77c6e1b782648685e69f925968e912feb4b11ef53a8,415,larger,5,1,1,a3j0,2.7921050786972046e-05,2,a3j0,a3j0,a3j0,a3j0,a3j0,a3j0,a3j0,a3j0,a3j0
6,0,39,24,18,190,objective_development,36,delay,1,frozen,objective_development/larger/415/a6/s1/frozen/delay/lambda0,e4a07cf697ff1b64ef09c77c6e1b782648685e69f925968e912feb4b11ef53a8,415,larger,6,0,0,,6.660819053649902e-06,1,,,,,,,,,
6,0,39,24,18,190,objective_development,36,delay,1,frozen,objective_development/larger/415/a6/s1/frozen/delay/lambda0,e4a07cf697ff1b64ef09c77c6e1b782648685e69f925968e912feb4b11ef53a8,415,larger,7,0,0,,3.840774297714233e-06,1,,,,,,,,,
6,0,39,24,18,190,objective_development,36,delay,1,frozen,objective_development/larger/415/a6/s1/frozen/delay/lambda0,e4a07cf697ff1b64ef09c77c6e1b782648685e69f925968e912feb4b11ef53a8,415,larger,8,2,2,a5j1,2.5549903512001038e-05,5,a5j1,a5j1,a1j1,a5j1,a1j1,a1j1,a5j1,a5j1,a1j1
6,0,39,24,18,190,objective_development,36,delay,1,frozen,objective_development/larger/415/a6/s1/frozen/delay/lambda0,e4a07cf697ff1b64ef09c77c6e1b782648685e69f925968e912feb4b11ef53a8,415,larger,9,5,3,a0j1,8.070841431617737e-05,16,a3j1,a0j1,a0j1,a3j1,a0j1,a0j1,a3j1,a0j1,a0j1
6,0,39,24,18,190,objective_development,36,delay,1,frozen,objective_development/larger/415/a6/s1/frozen/delay/lambda0,e4a07cf697ff1b64ef09c77c6e1b782648685e69f925968e912feb4b11ef53a8,415,larger,10,3,2,a3j1,3.0212104320526123e-05,5,a3j1,a3j1,a3j1,a3j1,a3j1,a3j1,a3j1,a3j1,a3j1
6,0,39,24,18,190,objective_development,36,delay,1,frozen,objective_development/larger/415/a6/s1/frozen/delay/lambda0,e4a07cf697ff1b64ef09c77c6e1b782648685e69f925968e912feb4b11ef53a8,415,larger,11,1,1,a4j1,1.6480684280395508e-05,2,a4j1,a4j1,a4j1,a4j1,a4j1,a4j1,a4j1,a4j1,a4j1
6,0,39,24,18,190,objective_development,36,delay,1,frozen,objective_development/larger/415/a6/s1/frozen/delay/lambda0,e4a07cf697ff1b64ef09c77c6e1b782648685e69f925968e912feb4b11ef53a8,415,larger,12,0,0,,7.867813110351562e-06,1,,,,,,,,,
6,0,39,24,18,190,objective_development,36,delay,1,frozen,objective_development/larger/415/a6/s1/frozen/delay/lambda0,e4a07cf697ff1b64ef09c77c6e1b782648685e69f925968e912feb4b11ef53a8,415,larger,13,0,0,,3.978610038757324e-06,1,,,,,,,,,
6,0,39,24,18,190,objective_development,36,delay,1,frozen,objective_development/larger/415/a6/s1/frozen/delay/lambda0,e4a07cf697ff1b64ef09c77c6e1b782648685e69f925968e912feb4b11ef53a8,415,larger,14,0,0,,3.071501851081848e-06,1,,,,,,,,,
6,0,39,24,18,190,objective_development,36,delay,1,frozen,objective_development/larger/415/a6/s1/frozen/delay/lambda0,e4a07cf697ff1b64ef09c77c6e1b782648685e69f925968e912feb4b11ef53a8,415,larger,15,0,0,,4.839152097702026e-06,1,,,,,,,,,
6,0,39,24,18,190,objective_development,36,delay,1,frozen,objective_development/larger/415/a6/s1/frozen/delay/lambda0,e4a07cf697ff1b64ef09c77c6e1b782648685e69f925968e912feb4b11ef53a8,415,larger,16,3,2,a1j2,2.5559216737747192e-05,5,a5j2,a1j2,a1j2,a5j2,a1j2,a1j2,a1j2,a1j2,a1j2
6,0,39,24,18,190,objective_development,36,delay,1,frozen,objective_development/larger/415/a6/s1/frozen/delay/lambda0,e4a07cf697ff1b64ef09c77c6e1b782648685e69f925968e912feb4b11ef53a8,415,larger,17,5,4,a3j2,0.00020886771380901337,65,a3j2,a3j2,a2j2,a3j2,a3j2,a2j2,a3j2,a3j2,a2j2
6,0,39,24,18,190,objective_development,36,delay,1,frozen,objective_development/larger/415/a6/s1/frozen/delay/lambda0,e4a07cf697ff1b64ef09c77c6e1b782648685e69f925968e912feb4b11ef53a8,415,larger,18,3,3,a4j2,6.23892992734909e-05,16,a5j2,a4j2,a2j2,a5j2,a4j2,a2j2,a2j2,a2j2,a2j2
6,0,39,24,18,190,objective_development,36,delay,1,frozen,objective_development/larger/415/a6/s1/frozen/delay/lambda0,e4a07cf697ff1b64ef09c77c6e1b782648685e69f925968e912feb4b11ef53a8,415,larger,19,1,1,a5j2,1.877918839454651e-05,2,a5j2,a5j2,a5j2,a5j2,a5j2,a5j2,a5j2,a5j2,a5j2
6,0,39,24,18,190,objective_development,36,delay,1,frozen,objective_development/larger/415/a6/s1/frozen/delay/lambda0,e4a07cf697ff1b64ef09c77c6e1b782648685e69f925968e912feb4b11ef53a8,415,larger,20,0,0,,7.409602403640747e-06,1,,,,,,,,,
6,0,39,24,18,190,objective_development,36,delay,1,frozen,objective_development/larger/415/a6/s1/frozen/delay/lambda0,e4a07cf697ff1b64ef09c77c6e1b782648685e69f925968e912feb4b11ef53a8,415,larger,21,0,0,,4.308298230171204e-06,1,,,,,,,,,
6,0,39,24,18,190,objective_development,36,delay,1,frozen,objective_development/larger/415/a6/s1/frozen/delay/lambda0,e4a07cf697ff1b64ef09c77c6e1b782648685e69f925968e912feb4b11ef53a8,415,larger,22,0,0,,4.192814230918884e-06,1,,,,,,,,,
6,0,39,24,18,190,objective_development,36,delay,1,frozen,objective_development/larger/415/a6/s1/frozen/delay/lambda0,e4a07cf697ff1b64ef09c77c6e1b782648685e69f925968e912feb4b11ef53a8,415,larger,23,0,0,,4.081055521965027e-06,1,,,,,,,,,
6,4,40,24,18,190,objective_development,36,delay,1,frozen,objective_development/larger/415/a6/s1/frozen/delay/lambda4,e4a07cf697ff1b64ef09c77c6e1b782648685e69f925968e912feb4b11ef53a8,415,larger,0,3,3,a2j0,5.3960829973220825e-05,16,a2j0,a2j0,a4j0,a2j0,a2j0,a4j0,a3j0,a2j0,a4j0
6,4,40,24,18,190,objective_development,36,delay,1,frozen,objective_development/larger/415/a6/s1/frozen/delay/lambda4,e4a07cf697ff1b64ef09c77c6e1b782648685e69f925968e912feb4b11ef53a8,415,larger,1,5,5,a4j0,0.001366967335343361,326,a3j0,a4j0,a4j0,a3j0,a4j0,a4j0,a3j0,a4j0,a4j0
6,4,40,24,18,190,objective_development,36,delay,1,frozen,objective_development/larger/415/a6/s1/frozen/delay/lambda4,e4a07cf697ff1b64ef09c77c6e1b782648685e69f925968e912feb4b11ef53a8,415,larger,2,4,4,a0j0,0.0001930762082338333,65,a3j0,a0j0,a0j0,a3j0,a0j0,a0j0,a3j0,a0j0,a0j0
6,4,40,24,18,190,objective_development,36,delay,1,frozen,objective_development/larger/415/a6/s1/frozen/delay/lambda4,e4a07cf697ff1b64ef09c77c6e1b782648685e69f925968e912feb4b11ef53a8,415,larger,3,3,3,a1j0,5.5499374866485596e-05,16,a3j0,a1j0,a1j0,a3j0,a1j0,a1j0,a3j0,a1j0,a1j0
6,4,40,24,18,190,objective_development,36,delay,1,frozen,objective_development/larger/415/a6/s1/frozen/delay/lambda4,e4a07cf697ff1b64ef09c77c6e1b782648685e69f925968e912feb4b11ef53a8,415,larger,4,2,2,a5j0,2.9360875487327576e-05,5,a3j0,a5j0,a5j0,a3j0,a5j0,a5j0,a3j0,a5j0,a5j0
6,4,40,24,18,190,objective_development,36,delay,1,frozen,objective_development/larger/415/a6/s1/frozen/delay/lambda4,e4a07cf697ff1b64ef09c77c6e1b782648685e69f925968e912feb4b11ef53a8,415,larger,5,1,1,a3j0,1.58064067363739e-05,2,a3j0,a3j0,a3j0,a3j0,a3j0,a3j0,a3j0,a3j0,a3j0
6,4,40,24,18,190,objective_development,36,delay,1,frozen,objective_development/larger/415/a6/s1/frozen/delay/lambda4,e4a07cf697ff1b64ef09c77c6e1b782648685e69f925968e912feb4b11ef53a8,415,larger,6,0,0,,7.871538400650024e-06,1,,,,,,,,,
6,4,40,24,18,190,objective_development,36,delay,1,frozen,objective_development/larger/415/a6/s1/frozen/delay/lambda4,e4a07cf697ff1b64ef09c77c6e1b782648685e69f925968e912feb4b11ef53a8,415,larger,7,0,0,,3.039836883544922e-06,1,,,,,,,,,
6,4,40,24,18,190,objective_development,36,delay,1,frozen,objective_development/larger/415/a6/s1/frozen/delay/lambda4,e4a07cf697ff1b64ef09c77c6e1b782648685e69f925968e912feb4b11ef53a8,415,larger,8,2,2,a5j1,3.3600255846977234e-05,5,a5j1,a5j1,a1j1,a5j1,a1j1,a1j1,a5j1,a1j1,a1j1
6,4,40,24,18,190,objective_development,36,delay,1,frozen,objective_development/larger/415/a6/s1/frozen/delay/lambda4,e4a07cf697ff1b64ef09c77c6e1b782648685e69f925968e912feb4b11ef53a8,415,larger,9,5,5,a0j1,0.0005941241979598999,326,a3j1,a0j1,a1j1,a3j1,a0j1,a1j1,a3j1,a0j1,a1j1
6,4,40,24,18,190,objective_development,36,delay,1,frozen,objective_development/larger/415/a6/s1/frozen/delay/lambda4,e4a07cf697ff1b64ef09c77c6e1b782648685e69f925968e912feb4b11ef53a8,415,larger,10,3,3,a2j1,5.5339187383651733e-05,16,a3j1,a2j1,a2j1,a3j1,a2j1,a2j1,a3j1,a2j1,a2j1
6,4,40,24,18,190,objective_development,36,delay,1,frozen,objective_development/larger/415/a6/s1/frozen/delay/lambda4,e4a07cf697ff1b64ef09c77c6e1b782648685e69f925968e912feb4b11ef53a8,415,larger,11,2,2,a3j1,2.0207837224006653e-05,5,a3j1,a3j1,a3j1,a3j1,a3j1,a3j1,a3j1,a3j1,a3j1
6,4,40,24,18,190,objective_development,36,delay,1,frozen,objective_development/larger/415/a6/s1/frozen/delay/lambda4,e4a07cf697ff1b64ef09c77c6e1b782648685e69f925968e912feb4b11ef53a8,415,larger,12,1,1,a4j1,2.183951437473297e-05,2,a4j1,a4j1,a4j1,a4j1,a4j1,a4j1,a4j1,a4j1,a4j1
6,4,40,24,18,190,objective_development,36,delay,1,frozen,objective_development/larger/415/a6/s1/frozen/delay/lambda4,e4a07cf697ff1b64ef09c77c6e1b782648685e69f925968e912feb4b11ef53a8,415,larger,13,0,0,,4.332512617111206e-06,1,,,,,,,,,
6,4,40,24,18,190,objective_development,36,delay,1,frozen,objective_development/larger/415/a6/s1/frozen/delay/lambda4,e4a07cf697ff1b64ef09c77c6e1b782648685e69f925968e912feb4b11ef53a8,415,larger,14,0,0,,4.328787326812744e-06,1,,,,,,,,,
6,4,40,24,18,190,objective_development,36,delay,1,frozen,objective_development/larger/415/a6/s1/frozen/delay/lambda4,e4a07cf697ff1b64ef09c77c6e1b782648685e69f925968e912feb4b11ef53a8,415,larger,15,0,0,,3.6191195249557495e-06,1,,,,,,,,,
6,4,40,24,18,190,objective_development,36,delay,1,frozen,objective_development/larger/415/a6/s1/frozen/delay/lambda4,e4a07cf697ff1b64ef09c77c6e1b782648685e69f925968e912feb4b11ef53a8,415,larger,16,3,3,a1j2,4.297122359275818e-05,16,a5j2,a1j2,a0j2,a5j2,a1j2,a0j2,a1j2,a1j2,a0j2
6,4,40,24,18,190,objective_development,36,delay,1,frozen,objective_development/larger/415/a6/s1/frozen/delay/lambda4,e4a07cf697ff1b64ef09c77c6e1b782648685e69f925968e912feb4b11ef53a8,415,larger,17,5,5,a3j2,0.0005787629634141922,326,a3j2,a3j2,a0j2,a3j2,a3j2,a0j2,a3j2,a4j2,a0j2
6,4,40,24,18,190,objective_development,36,delay,1,frozen,objective_development/larger/415/a6/s1/frozen/delay/lambda4,e4a07cf697ff1b64ef09c77c6e1b782648685e69f925968e912feb4b11ef53a8,415,larger,18,3,3,a4j2,7.125921547412872e-05,16,a5j2,a4j2,a2j2,a5j2,a4j2,a2j2,a5j2,a2j2,a2j2
6,4,40,24,18,190,objective_development,36,delay,1,frozen,objective_development/larger/415/a6/s1/frozen/delay/lambda4,e4a07cf697ff1b64ef09c77c6e1b782648685e69f925968e912feb4b11ef53a8,415,larger,19,1,1,a5j2,6.044842302799225e-05,2,a5j2,a5j2,a5j2,a5j2,a5j2,a5j2,a5j2,a5j2,a5j2
6,4,40,24,18,190,objective_development,36,delay,1,frozen,objective_development/larger/415/a6/s1/frozen/delay/lambda4,e4a07cf697ff1b64ef09c77c6e1b782648685e69f925968e912feb4b11ef53a8,415,larger,20,0,0,,8.920207619667053e-06,1,,,,,,,,,
6,4,40,24,18,190,objective_development,36,delay,1,frozen,objective_development/larger/415/a6/s1/frozen/delay/lambda4,e4a07cf697ff1b64ef09c77c6e1b782648685e69f925968e912feb4b11ef53a8,415,larger,21,0,0,,6.640329957008362e-06,1,,,,,,,,,
6,4,40,24,18,190,objective_development,36,delay,1,frozen,objective_development/larger/415/a6/s1/frozen/delay/lambda4,e4a07cf697ff1b64ef09c77c6e1b782648685e69f925968e912feb4b11ef53a8,415,larger,22,0,0,,7.759779691696167e-06,1,,,,,,,,,
6,4,40,24,18,190,objective_development,36,delay,1,frozen,objective_development/larger/415/a6/s1/frozen/delay/lambda4,e4a07cf697ff1b64ef09c77c6e1b782648685e69f925968e912feb4b11ef53a8,415,larger,23,0,0,,4.3995678424835205e-06,1,,,,,,,,,
6,8,41,24,18,190,objective_development,36,delay,1,frozen,objective_development/larger/415/a6/s1/frozen/delay/lambda8,e4a07cf697ff1b64ef09c77c6e1b782648685e69f925968e912feb4b11ef53a8,415,larger,0,3,3,a2j0,4.252791404724121e-05,16,a3j0,a2j0,a4j0,a2j0,a2j0,a4j0,a3j0,a2j0,a4j0
6,8,41,24,18,190,objective_development,36,delay,1,frozen,objective_development/larger/415/a6/s1/frozen/delay/lambda8,e4a07cf697ff1b64ef09c77c6e1b782648685e69f925968e912feb4b11ef53a8,415,larger,1,5,5,a4j0,0.0006188955157995224,326,a3j0,a4j0,a4j0,a3j0,a4j0,a4j0,a3j0,a4j0,a4j0
6,8,41,24,18,190,objective_development,36,delay,1,frozen,objective_development/larger/415/a6/s1/frozen/delay/lambda8,e4a07cf697ff1b64ef09c77c6e1b782648685e69f925968e912feb4b11ef53a8,415,larger,2,4,4,a0j0,0.00021171942353248596,65,a3j0,a0j0,a0j0,a3j0,a0j0,a0j0,a3j0,a0j0,a0j0
6,8,41,24,18,190,objective_development,36,delay,1,frozen,objective_development/larger/415/a6/s1/frozen/delay/lambda8,e4a07cf697ff1b64ef09c77c6e1b782648685e69f925968e912feb4b11ef53a8,415,larger,3,3,3,a1j0,6.1027705669403076e-05,16,a3j0,a1j0,a1j0,a3j0,a1j0,a1j0,a3j0,a1j0,a1j0
6,8,41,24,18,190,objective_development,36,delay,1,frozen,objective_development/larger/415/a6/s1/frozen/delay/lambda8,e4a07cf697ff1b64ef09c77c6e1b782648685e69f925968e912feb4b11ef53a8,415,larger,4,2,2,a5j0,4.155002534389496e-05,5,a3j0,a5j0,a5j0,a3j0,a5j0,a5j0,a3j0,a5j0,a5j0
6,8,41,24,18,190,objective_development,36,delay,1,frozen,objective_development/larger/415/a6/s1/frozen/delay/lambda8,e4a07cf697ff1b64ef09c77c6e1b782648685e69f925968e912feb4b11ef53a8,415,larger,5,1,1,a3j0,2.1919608116149902e-05,2,a3j0,a3j0,a3j0,a3j0,a3j0,a3j0,a3j0,a3j0,a3j0
6,8,41,24,18,190,objective_development,36,delay,1,frozen,objective_development/larger/415/a6/s1/frozen/delay/lambda8,e4a07cf697ff1b64ef09c77c6e1b782648685e69f925968e912feb4b11ef53a8,415,larger,6,0,0,,7.169321179389954e-06,1,,,,,,,,,
6,8,41,24,18,190,objective_development,36,delay,1,frozen,objective_development/larger/415/a6/s1/frozen/delay/lambda8,e4a07cf697ff1b64ef09c77c6e1b782648685e69f925968e912feb4b11ef53a8,415,larger,7,0,0,,4.392117261886597e-06,1,,,,,,,,,
6,8,41,24,18,190,objective_development,36,delay,1,frozen,objective_development/larger/415/a6/s1/frozen/delay/lambda8,e4a07cf697ff1b64ef09c77c6e1b782648685e69f925968e912feb4b11ef53a8,415,larger,8,2,2,a5j1,2.216920256614685e-05,5,a5j1,a5j1,a1j1,a5j1,a1j1,a1j1,a5j1,a1j1,a1j1
6,8,41,24,18,190,objective_development,36,delay,1,frozen,objective_development/larger/415/a6/s1/frozen/delay/lambda8,e4a07cf697ff1b64ef09c77c6e1b782648685e69f925968e912feb4b11ef53a8,415,larger,9,5,5,a0j1,0.0006027612835168839,326,a3j1,a0j1,a1j1,a3j1,a0j1,a1j1,a3j1,a0j1,a1j1
6,8,41,24,18,190,objective_development,36,delay,1,frozen,objective_development/larger/415/a6/s1/frozen/delay/lambda8,e4a07cf697ff1b64ef09c77c6e1b782648685e69f925968e912feb4b11ef53a8,415,larger,10,3,3,a2j1,3.785081207752228e-05,16,a3j1,a2j1,a2j1,a3j1,a2j1,a2j1,a3j1,a2j1,a2j1
6,8,41,24,18,190,objective_development,36,delay,1,frozen,objective_development/larger/415/a6/s1/frozen/delay/lambda8,e4a07cf697ff1b64ef09c77c6e1b782648685e69f925968e912feb4b11ef53a8,415,larger,11,2,2,a3j1,1.9159168004989624e-05,5,a3j1,a3j1,a3j1,a3j1,a3j1,a3j1,a3j1,a3j1,a3j1
6,8,41,24,18,190,objective_development,36,delay,1,frozen,objective_development/larger/415/a6/s1/frozen/delay/lambda8,e4a07cf697ff1b64ef09c77c6e1b782648685e69f925968e912feb4b11ef53a8,415,larger,12,1,1,a4j1,2.088025212287903e-05,2,a4j1,a4j1,a4j1,a4j1,a4j1,a4j1,a4j1,a4j1,a4j1
6,8,41,24,18,190,objective_development,36,delay,1,frozen,objective_development/larger/415/a6/s1/frozen/delay/lambda8,e4a07cf697ff1b64ef09c77c6e1b782648685e69f925968e912feb4b11ef53a8,415,larger,13,0,0,,6.120651960372925e-06,1,,,,,,,,,
6,8,41,24,18,190,objective_development,36,delay,1,frozen,objective_development/larger/415/a6/s1/frozen/delay/lambda8,e4a07cf697ff1b64ef09c77c6e1b782648685e69f925968e912feb4b11ef53a8,415,larger,14,0,0,,3.1404197216033936e-06,1,,,,,,,,,
6,8,41,24,18,190,objective_development,36,delay,1,frozen,objective_development/larger/415/a6/s1/frozen/delay/lambda8,e4a07cf697ff1b64ef09c77c6e1b782648685e69f925968e912feb4b11ef53a8,415,larger,15,0,0,,4.218891263008118e-06,1,,,,,,,,,
6,8,41,24,18,190,objective_development,36,delay,1,frozen,objective_development/larger/415/a6/s1/frozen/delay/lambda8,e4a07cf697ff1b64ef09c77c6e1b782648685e69f925968e912feb4b11ef53a8,415,larger,16,3,3,a1j2,4.256889224052429e-05,16,a5j2,a1j2,a0j2,a5j2,a1j2,a0j2,a1j2,a1j2,a0j2
6,8,41,24,18,190,objective_development,36,delay,1,frozen,objective_development/larger/415/a6/s1/frozen/delay/lambda8,e4a07cf697ff1b64ef09c77c6e1b782648685e69f925968e912feb4b11ef53a8,415,larger,17,5,5,a4j2,0.0005768630653619766,326,a3j2,a4j2,a0j2,a3j2,a4j2,a0j2,a3j2,a4j2,a0j2
6,8,41,24,18,190,objective_development,36,delay,1,frozen,objective_development/larger/415/a6/s1/frozen/delay/lambda8,e4a07cf697ff1b64ef09c77c6e1b782648685e69f925968e912feb4b11ef53a8,415,larger,18,3,3,a2j2,4.83877956867218e-05,16,a3j2,a2j2,a2j2,a3j2,a2j2,a2j2,a3j2,a2j2,a2j2
6,8,41,24,18,190,objective_development,36,delay,1,frozen,objective_development/larger/415/a6/s1/frozen/delay/lambda8,e4a07cf697ff1b64ef09c77c6e1b782648685e69f925968e912feb4b11ef53a8,415,larger,19,2,2,a5j2,3.047846257686615e-05,5,a3j2,a5j2,a5j2,a3j2,a5j2,a5j2,a3j2,a5j2,a5j2
6,8,41,24,18,190,objective_development,36,delay,1,frozen,objective_development/larger/415/a6/s1/frozen/delay/lambda8,e4a07cf697ff1b64ef09c77c6e1b782648685e69f925968e912feb4b11ef53a8,415,larger,20,1,1,a3j2,1.9220635294914246e-05,2,a3j2,a3j2,a3j2,a3j2,a3j2,a3j2,a3j2,a3j2,a3j2
6,8,41,24,18,190,objective_development,36,delay,1,frozen,objective_development/larger/415/a6/s1/frozen/delay/lambda8,e4a07cf697ff1b64ef09c77c6e1b782648685e69f925968e912feb4b11ef53a8,415,larger,21,0,0,,5.3998082876205444e-06,1,,,,,,,,,
6,8,41,24,18,190,objective_development,36,delay,1,frozen,objective_development/larger/415/a6/s1/frozen/delay/lambda8,e4a07cf697ff1b64ef09c77c6e1b782648685e69f925968e912feb4b11ef53a8,415,larger,22,0,0,,7.750466465950012e-06,1,,,,,,,,,
6,8,41,24,18,190,objective_development,36,delay,1,frozen,objective_development/larger/415/a6/s1/frozen/delay/lambda8,e4a07cf697ff1b64ef09c77c6e1b782648685e69f925968e912feb4b11ef53a8,415,larger,23,0,0,,8.7004154920578e-06,1,,,,,,,,,
3,0,42,12,6,48,objective_development,12,delay,2,frozen,objective_development/competition/415/a3/s2/frozen/delay/lambda0,6b42cbddfcbf36a65c184d99624f0017580e480c25dae807dbd39c49bb52b168,415,competition,0,3,3,a1j0,6.764009594917297e-05,16,a0j0,a1j0,a1j0,a0j0,a1j0,a1j0,a0j0,a1j0,a1j0
3,0,42,12,6,48,objective_development,12,delay,2,frozen,objective_development/competition/415/a3/s2/frozen/delay/lambda0,6b42cbddfcbf36a65c184d99624f0017580e480c25dae807dbd39c49bb52b168,415,competition,2,2,2,a0j0,4.029087722301483e-05,5,a0j0,a0j0,a2j0,a0j0,a0j0,a2j0,a0j0,a0j0,a2j0
3,0,42,12,6,48,objective_development,12,delay,2,frozen,objective_development/competition/415/a3/s2/frozen/delay/lambda0,6b42cbddfcbf36a65c184d99624f0017580e480c25dae807dbd39c49bb52b168,415,competition,4,0,0,,6.951391696929932e-06,1,,,,,,,,,
3,0,42,12,6,48,objective_development,12,delay,2,frozen,objective_development/competition/415/a3/s2/frozen/delay/lambda0,6b42cbddfcbf36a65c184d99624f0017580e480c25dae807dbd39c49bb52b168,415,competition,5,0,0,,4.3995678424835205e-06,1,,,,,,,,,
3,0,42,12,6,48,objective_development,12,delay,2,frozen,objective_development/competition/415/a3/s2/frozen/delay/lambda0,6b42cbddfcbf36a65c184d99624f0017580e480c25dae807dbd39c49bb52b168,415,competition,6,3,3,a1j1,6.894022226333618e-05,16,a2j1,a1j1,a0j1,a2j1,a1j1,a0j1,a1j1,a1j1,a0j1
3,0,42,12,6,48,objective_development,12,delay,2,frozen,objective_development/competition/415/a3/s2/frozen/delay/lambda0,6b42cbddfcbf36a65c184d99624f0017580e480c25dae807dbd39c49bb52b168,415,competition,8,1,1,a2j1,2.0800158381462097e-05,2,a2j1,a2j1,a2j1,a2j1,a2j1,a2j1,a2j1,a2j1,a2j1
3,0,42,12,6,48,objective_development,12,delay,2,frozen,objective_development/competition/415/a3/s2/frozen/delay/lambda0,6b42cbddfcbf36a65c184d99624f0017580e480c25dae807dbd39c49bb52b168,415,competition,10,0,0,,9.911134839057922e-06,1,,,,,,,,,
3,0,42,12,6,48,objective_development,12,delay,2,frozen,objective_development/competition/415/a3/s2/frozen/delay/lambda0,6b42cbddfcbf36a65c184d99624f0017580e480c25dae807dbd39c49bb52b168,415,competition,11,0,0,,5.04031777381897e-06,1,,,,,,,,,
3,4,43,12,6,48,objective_development,12,delay,2,frozen,objective_development/competition/415/a3/s2/frozen/delay/lambda4,6b42cbddfcbf36a65c184d99624f0017580e480c25dae807dbd39c49bb52b168,415,competition,0,3,3,a1j0,6.775930523872375e-05,16,a0j0,a1j0,a1j0,a0j0,a1j0,a1j0,a0j0,a1j0,a1j0
3,4,43,12,6,48,objective_development,12,delay,2,frozen,objective_development/competition/415/a3/s2/frozen/delay/lambda4,6b42cbddfcbf36a65c184d99624f0017580e480c25dae807dbd39c49bb52b168,415,competition,2,2,2,a0j0,3.997050225734711e-05,5,a0j0,a0j0,a2j0,a0j0,a0j0,a2j0,a0j0,a0j0,a2j0
3,4,43,12,6,48,objective_development,12,delay,2,frozen,objective_development/competition/415/a3/s2/frozen/delay/lambda4,6b42cbddfcbf36a65c184d99624f0017580e480c25dae807dbd39c49bb52b168,415,competition,4,0,0,,8.540228009223938e-06,1,,,,,,,,,
3,4,43,12,6,48,objective_development,12,delay,2,frozen,objective_development/competition/415/a3/s2/frozen/delay/lambda4,6b42cbddfcbf36a65c184d99624f0017580e480c25dae807dbd39c49bb52b168,415,competition,5,0,0,,4.412606358528137e-06,1,,,,,,,,,
3,4,43,12,6,48,objective_development,12,delay,2,frozen,objective_development/competition/415/a3/s2/frozen/delay/lambda4,6b42cbddfcbf36a65c184d99624f0017580e480c25dae807dbd39c49bb52b168,415,competition,6,3,3,a1j1,4.485994577407837e-05,16,a2j1,a1j1,a0j1,a2j1,a1j1,a0j1,a1j1,a1j1,a0j1
3,4,43,12,6,48,objective_development,12,delay,2,frozen,objective_development/competition/415/a3/s2/frozen/delay/lambda4,6b42cbddfcbf36a65c184d99624f0017580e480c25dae807dbd39c49bb52b168,415,competition,8,1,1,a2j1,1.1680647730827332e-05,2,a2j1,a2j1,a2j1,a2j1,a2j1,a2j1,a2j1,a2j1,a2j1
3,4,43,12,6,48,objective_development,12,delay,2,frozen,objective_development/competition/415/a3/s2/frozen/delay/lambda4,6b42cbddfcbf36a65c184d99624f0017580e480c25dae807dbd39c49bb52b168,415,competition,10,0,0,,1.1069700121879578e-05,1,,,,,,,,,
3,4,43,12,6,48,objective_development,12,delay,2,frozen,objective_development/competition/415/a3/s2/frozen/delay/lambda4,6b42cbddfcbf36a65c184d99624f0017580e480c25dae807dbd39c49bb52b168,415,competition,11,0,0,,4.71062958240509e-06,1,,,,,,,,,
3,8,44,12,6,48,objective_development,12,delay,2,frozen,objective_development/competition/415/a3/s2/frozen/delay/lambda8,6b42cbddfcbf36a65c184d99624f0017580e480c25dae807dbd39c49bb52b168,415,competition,0,3,3,a1j0,6.951205432415009e-05,16,a0j0,a1j0,a1j0,a0j0,a1j0,a1j0,a0j0,a1j0,a1j0
3,8,44,12,6,48,objective_development,12,delay,2,frozen,objective_development/competition/415/a3/s2/frozen/delay/lambda8,6b42cbddfcbf36a65c184d99624f0017580e480c25dae807dbd39c49bb52b168,415,competition,2,2,2,a0j0,2.969987690448761e-05,5,a0j0,a0j0,a2j0,a0j0,a0j0,a2j0,a0j0,a0j0,a2j0
3,8,44,12,6,48,objective_development,12,delay,2,frozen,objective_development/competition/415/a3/s2/frozen/delay/lambda8,6b42cbddfcbf36a65c184d99624f0017580e480c25dae807dbd39c49bb52b168,415,competition,4,0,0,,7.510185241699219e-06,1,,,,,,,,,
3,8,44,12,6,48,objective_development,12,delay,2,frozen,objective_development/competition/415/a3/s2/frozen/delay/lambda8,6b42cbddfcbf36a65c184d99624f0017580e480c25dae807dbd39c49bb52b168,415,competition,5,0,0,,4.367902874946594e-06,1,,,,,,,,,
3,8,44,12,6,48,objective_development,12,delay,2,frozen,objective_development/competition/415/a3/s2/frozen/delay/lambda8,6b42cbddfcbf36a65c184d99624f0017580e480c25dae807dbd39c49bb52b168,415,competition,6,3,3,a1j1,4.8529356718063354e-05,16,a2j1,a1j1,a0j1,a2j1,a1j1,a0j1,a1j1,a1j1,a0j1
3,8,44,12,6,48,objective_development,12,delay,2,frozen,objective_development/competition/415/a3/s2/frozen/delay/lambda8,6b42cbddfcbf36a65c184d99624f0017580e480c25dae807dbd39c49bb52b168,415,competition,8,1,1,a2j1,1.7940998077392578e-05,2,a2j1,a2j1,a2j1,a2j1,a2j1,a2j1,a2j1,a2j1,a2j1
3,8,44,12,6,48,objective_development,12,delay,2,frozen,objective_development/competition/415/a3/s2/frozen/delay/lambda8,6b42cbddfcbf36a65c184d99624f0017580e480c25dae807dbd39c49bb52b168,415,competition,10,0,0,,6.878748536109924e-06,1,,,,,,,,,
3,8,44,12,6,48,objective_development,12,delay,2,frozen,objective_development/competition/415/a3/s2/frozen/delay/lambda8,6b42cbddfcbf36a65c184d99624f0017580e480c25dae807dbd39c49bb52b168,415,competition,11,0,0,,2.4646520614624023e-05,1,,,,,,,,,
3,0,45,12,6,48,objective_development,12,delay,1,frozen,objective_development/competition/415/a3/s1/frozen/delay/lambda0,6b42cbddfcbf36a65c184d99624f0017580e480c25dae807dbd39c49bb52b168,415,competition,0,3,3,a0j0,9.843148291110992e-05,16,a0j0,a0j0,a1j0,a0j0,a0j0,a1j0,a0j0,a0j0,a1j0
3,0,45,12,6,48,objective_development,12,delay,1,frozen,objective_development/competition/415/a3/s1/frozen/delay/lambda0,6b42cbddfcbf36a65c184d99624f0017580e480c25dae807dbd39c49bb52b168,415,competition,1,2,2,a1j0,4.032067954540253e-05,5,a1j0,a1j0,a1j0,a1j0,a1j0,a1j0,a1j0,a1j0,a1j0
3,0,45,12,6,48,objective_development,12,delay,1,frozen,objective_development/competition/415/a3/s1/frozen/delay/lambda0,6b42cbddfcbf36a65c184d99624f0017580e480c25dae807dbd39c49bb52b168,415,competition,2,1,1,a2j0,1.6121193766593933e-05,2,a2j0,a2j0,a2j0,a2j0,a2j0,a2j0,a2j0,a2j0,a2j0
3,0,45,12,6,48,objective_development,12,delay,1,frozen,objective_development/competition/415/a3/s1/frozen/delay/lambda0,6b42cbddfcbf36a65c184d99624f0017580e480c25dae807dbd39c49bb52b168,415,competition,3,0,0,,5.271285772323608e-06,1,,,,,,,,,
3,0,45,12,6,48,objective_development,12,delay,1,frozen,objective_development/competition/415/a3/s1/frozen/delay/lambda0,6b42cbddfcbf36a65c184d99624f0017580e480c25dae807dbd39c49bb52b168,415,competition,4,0,0,,9.46037471294403e-06,1,,,,,,,,,
3,0,45,12,6,48,objective_development,12,delay,1,frozen,objective_development/competition/415/a3/s1/frozen/delay/lambda0,6b42cbddfcbf36a65c184d99624f0017580e480c25dae807dbd39c49bb52b168,415,competition,5,0,0,,5.2675604820251465e-06,1,,,,,,,,,
3,0,45,12,6,48,objective_development,12,delay,1,frozen,objective_development/competition/415/a3/s1/frozen/delay/lambda0,6b42cbddfcbf36a65c184d99624f0017580e480c25dae807dbd39c49bb52b168,415,competition,6,3,3,a0j1,6.88210129737854e-05,16,a2j1,a0j1,a0j1,a2j1,a0j1,a0j1,a1j1,a0j1,a0j1
3,0,45,12,6,48,objective_development,12,delay,1,frozen,objective_development/competition/415/a3/s1/frozen/delay/lambda0,6b42cbddfcbf36a65c184d99624f0017580e480c25dae807dbd39c49bb52b168,415,competition,7,2,2,a1j1,3.08305025100708e-05,5,a2j1,a1j1,a1j1,a2j1,a1j1,a1j1,a1j1,a1j1,a1j1
3,0,45,12,6,48,objective_development,12,delay,1,frozen,objective_development/competition/415/a3/s1/frozen/delay/lambda0,6b42cbddfcbf36a65c184d99624f0017580e480c25dae807dbd39c49bb52b168,415,competition,8,1,1,a2j1,1.7970800399780273e-05,2,a2j1,a2j1,a2j1,a2j1,a2j1,a2j1,a2j1,a2j1,a2j1
3,0,45,12,6,48,objective_development,12,delay,1,frozen,objective_development/competition/415/a3/s1/frozen/delay/lambda0,6b42cbddfcbf36a65c184d99624f0017580e480c25dae807dbd39c49bb52b168,415,competition,9,0,0,,4.347413778305054e-06,1,,,,,,,,,
3,0,45,12,6,48,objective_development,12,delay,1,frozen,objective_development/competition/415/a3/s1/frozen/delay/lambda0,6b42cbddfcbf36a65c184d99624f0017580e480c25dae807dbd39c49bb52b168,415,competition,10,0,0,,3.3695250749588013e-06,1,,,,,,,,,
3,0,45,12,6,48,objective_development,12,delay,1,frozen,objective_development/competition/415/a3/s1/frozen/delay/lambda0,6b42cbddfcbf36a65c184d99624f0017580e480c25dae807dbd39c49bb52b168,415,competition,11,0,0,,6.53974711894989e-06,1,,,,,,,,,
3,4,46,12,6,48,objective_development,12,delay,1,frozen,objective_development/competition/415/a3/s1/frozen/delay/lambda4,6b42cbddfcbf36a65c184d99624f0017580e480c25dae807dbd39c49bb52b168,415,competition,0,3,3,a0j0,7.11679458618164e-05,16,a0j0,a0j0,a1j0,a0j0,a0j0,a1j0,a0j0,a0j0,a1j0
3,4,46,12,6,48,objective_development,12,delay,1,frozen,objective_development/competition/415/a3/s1/frozen/delay/lambda4,6b42cbddfcbf36a65c184d99624f0017580e480c25dae807dbd39c49bb52b168,415,competition,1,2,2,a1j0,3.943778574466705e-05,5,a1j0,a1j0,a1j0,a1j0,a1j0,a1j0,a1j0,a1j0,a1j0
3,4,46,12,6,48,objective_development,12,delay,1,frozen,objective_development/competition/415/a3/s1/frozen/delay/lambda4,6b42cbddfcbf36a65c184d99624f0017580e480c25dae807dbd39c49bb52b168,415,competition,2,1,1,a2j0,1.7520040273666382e-05,2,a2j0,a2j0,a2j0,a2j0,a2j0,a2j0,a2j0,a2j0,a2j0
3,4,46,12,6,48,objective_development,12,delay,1,frozen,objective_development/competition/415/a3/s1/frozen/delay/lambda4,6b42cbddfcbf36a65c184d99624f0017580e480c25dae807dbd39c49bb52b168,415,competition,3,0,0,,5.640089511871338e-06,1,,,,,,,,,
3,4,46,12,6,48,objective_development,12,delay,1,frozen,objective_development/competition/415/a3/s1/frozen/delay/lambda4,6b42cbddfcbf36a65c184d99624f0017580e480c25dae807dbd39c49bb52b168,415,competition,4,0,0,,4.770234227180481e-06,1,,,,,,,,,
3,4,46,12,6,48,objective_development,12,delay,1,frozen,objective_development/competition/415/a3/s1/frozen/delay/lambda4,6b42cbddfcbf36a65c184d99624f0017580e480c25dae807dbd39c49bb52b168,415,competition,5,0,0,,4.049390554428101e-06,1,,,,,,,,,
3,4,46,12,6,48,objective_development,12,delay,1,frozen,objective_development/competition/415/a3/s1/frozen/delay/lambda4,6b42cbddfcbf36a65c184d99624f0017580e480c25dae807dbd39c49bb52b168,415,competition,6,3,3,a0j1,7.157027721405029e-05,16,a2j1,a0j1,a0j1,a2j1,a0j1,a0j1,a1j1,a0j1,a0j1
3,4,46,12,6,48,objective_development,12,delay,1,frozen,objective_development/competition/415/a3/s1/frozen/delay/lambda4,6b42cbddfcbf36a65c184d99624f0017580e480c25dae807dbd39c49bb52b168,415,competition,7,2,2,a1j1,3.95309180021286e-05,5,a2j1,a1j1,a1j1,a2j1,a1j1,a1j1,a1j1,a1j1,a1j1
3,4,46,12,6,48,objective_development,12,delay,1,frozen,objective_development/competition/415/a3/s1/frozen/delay/lambda4,6b42cbddfcbf36a65c184d99624f0017580e480c25dae807dbd39c49bb52b168,415,competition,8,1,1,a2j1,1.8728896975517273e-05,2,a2j1,a2j1,a2j1,a2j1,a2j1,a2j1,a2j1,a2j1,a2j1
3,4,46,12,6,48,objective_development,12,delay,1,frozen,objective_development/competition/415/a3/s1/frozen/delay/lambda4,6b42cbddfcbf36a65c184d99624f0017580e480c25dae807dbd39c49bb52b168,415,competition,9,0,0,,9.581446647644043e-06,1,,,,,,,,,
3,4,46,12,6,48,objective_development,12,delay,1,frozen,objective_development/competition/415/a3/s1/frozen/delay/lambda4,6b42cbddfcbf36a65c184d99624f0017580e480c25dae807dbd39c49bb52b168,415,competition,10,0,0,,5.088746547698975e-06,1,,,,,,,,,
3,4,46,12,6,48,objective_development,12,delay,1,frozen,objective_development/competition/415/a3/s1/frozen/delay/lambda4,6b42cbddfcbf36a65c184d99624f0017580e480c25dae807dbd39c49bb52b168,415,competition,11,0,0,,5.191192030906677e-06,1,,,,,,,,,
3,8,47,12,6,48,objective_development,12,delay,1,frozen,objective_development/competition/415/a3/s1/frozen/delay/lambda8,6b42cbddfcbf36a65c184d99624f0017580e480c25dae807dbd39c49bb52b168,415,competition,0,3,3,a0j0,7.141940295696259e-05,16,a0j0,a0j0,a1j0,a0j0,a0j0,a1j0,a0j0,a0j0,a1j0
3,8,47,12,6,48,objective_development,12,delay,1,frozen,objective_development/competition/415/a3/s1/frozen/delay/lambda8,6b42cbddfcbf36a65c184d99624f0017580e480c25dae807dbd39c49bb52b168,415,competition,1,2,2,a1j0,2.8001144528388977e-05,5,a1j0,a1j0,a1j0,a1j0,a1j0,a1j0,a1j0,a1j0,a1j0
3,8,47,12,6,48,objective_development,12,delay,1,frozen,objective_development/competition/415/a3/s1/frozen/delay/lambda8,6b42cbddfcbf36a65c184d99624f0017580e480c25dae807dbd39c49bb52b168,415,competition,2,1,1,a2j0,1.667998731136322e-05,2,a2j0,a2j0,a2j0,a2j0,a2j0,a2j0,a2j0,a2j0,a2j0
3,8,47,12,6,48,objective_development,12,delay,1,frozen,objective_development/competition/415/a3/s1/frozen/delay/lambda8,6b42cbddfcbf36a65c184d99624f0017580e480c25dae807dbd39c49bb52b168,415,competition,3,0,0,,8.691102266311646e-06,1,,,,,,,,,
3,8,47,12,6,48,objective_development,12,delay,1,frozen,objective_development/competition/415/a3/s1/frozen/delay/lambda8,6b42cbddfcbf36a65c184d99624f0017580e480c25dae807dbd39c49bb52b168,415,competition,4,0,0,,4.2282044887542725e-06,1,,,,,,,,,
3,8,47,12,6,48,objective_development,12,delay,1,frozen,objective_development/competition/415/a3/s1/frozen/delay/lambda8,6b42cbddfcbf36a65c184d99624f0017580e480c25dae807dbd39c49bb52b168,415,competition,5,0,0,,7.1302056312561035e-06,1,,,,,,,,,
3,8,47,12,6,48,objective_development,12,delay,1,frozen,objective_development/competition/415/a3/s1/frozen/delay/lambda8,6b42cbddfcbf36a65c184d99624f0017580e480c25dae807dbd39c49bb52b168,415,competition,6,3,3,a0j1,6.212107837200165e-05,16,a2j1,a0j1,a0j1,a2j1,a0j1,a0j1,a1j1,a0j1,a0j1
3,8,47,12,6,48,objective_development,12,delay,1,frozen,objective_development/competition/415/a3/s1/frozen/delay/lambda8,6b42cbddfcbf36a65c184d99624f0017580e480c25dae807dbd39c49bb52b168,415,competition,7,2,2,a1j1,2.450123429298401e-05,5,a2j1,a1j1,a1j1,a2j1,a1j1,a1j1,a1j1,a1j1,a1j1
3,8,47,12,6,48,objective_development,12,delay,1,frozen,objective_development/competition/415/a3/s1/frozen/delay/lambda8,6b42cbddfcbf36a65c184d99624f0017580e480c25dae807dbd39c49bb52b168,415,competition,8,1,1,a2j1,1.1570751667022705e-05,2,a2j1,a2j1,a2j1,a2j1,a2j1,a2j1,a2j1,a2j1,a2j1
3,8,47,12,6,48,objective_development,12,delay,1,frozen,objective_development/competition/415/a3/s1/frozen/delay/lambda8,6b42cbddfcbf36a65c184d99624f0017580e480c25dae807dbd39c49bb52b168,415,competition,9,0,0,,7.180497050285339e-06,1,,,,,,,,,
3,8,47,12,6,48,objective_development,12,delay,1,frozen,objective_development/competition/415/a3/s1/frozen/delay/lambda8,6b42cbddfcbf36a65c184d99624f0017580e480c25dae807dbd39c49bb52b168,415,competition,10,0,0,,3.807246685028076e-06,1,,,,,,,,,
3,8,47,12,6,48,objective_development,12,delay,1,frozen,objective_development/competition/415/a3/s1/frozen/delay/lambda8,6b42cbddfcbf36a65c184d99624f0017580e480c25dae807dbd39c49bb52b168,415,competition,11,0,0,,3.3210963010787964e-06,1,,,,,,,,,
