agents,closure_penalty,execution_index,horizon,jobs,loss_upper_bound,phase,planned_calls,policy,review_ticks,risk,run_id,scenario_hash,seed,workload,job_id,agent_id,agreement,initial_error,primary,secondary,primary_request_hash,secondary_request_hash,observation_hash,p_frozen,brier_frozen,p_pooled,brier_pooled,p_analytical,brier_analytical
3,0,0,12,6,48,objective_development,12,delay,1,frozen,objective_development/competition/412/a3/s1/frozen/delay/lambda0,c7ee5b55d3fd1ba5400052265dd28b8dfef2ac3819d5bcdd7ee0c700617d1797,412,competition,a0j0,0,True,1,replace_filter,replace_filter,c006e30d4056ab2b8cbb8524f819ddf68be96883d862e790a54320d741433931,db4e67624aaa007d2342023c436f4609a11503d33d57dc2b90fd552064a2521e,07a9cb6c29fd55f449d590016e64f5dbb526e9a14d71af06b93a0ab9755bf5e8,0.14606741573033707,0.729200858477465,0.1836734693877551,0.6663890045814245,0.2727272727272727,0.5289256198347108
3,0,0,12,6,48,objective_development,12,delay,1,frozen,objective_development/competition/412/a3/s1/frozen/delay/lambda0,c7ee5b55d3fd1ba5400052265dd28b8dfef2ac3819d5bcdd7ee0c700617d1797,412,competition,a1j0,1,True,0,reset_sensor,reset_sensor,fef2cf580f356486e3f756c76c33fe8ca7d0acb947f20ab7e462f0bf8125bb59,668ef3daa130dbc963092a6dff025f511e34dcf2dcb6115a33da1e5bc44be02a,21796e1077fa3d40978e1f94a481aafece8df2c7d61d09dde298876d7435f2ea,0.14606741573033707,0.021335689938139123,0.1836734693877551,0.03373594335693461,0.14285714285714285,0.02040816326530612
3,0,0,12,6,48,objective_development,12,delay,1,frozen,objective_development/competition/412/a3/s1/frozen/delay/lambda0,c7ee5b55d3fd1ba5400052265dd28b8dfef2ac3819d5bcdd7ee0c700617d1797,412,competition,a2j0,2,True,0,reset_sensor,reset_sensor,83adb78dbcd3d787355453d3cb638fcf44ef8723a775791c4365e4d77953b93d,2b05b3ada7d16c1656bbcc1495dc6331feefc76a621124a5854043b968a1d97f,33384c47a7124098467e29d2bb5d7d27e6c4039129627947a234214a6f88e344,0.14606741573033707,0.021335689938139123,0.1836734693877551,0.03373594335693461,0.14285714285714285,0.02040816326530612
3,0,0,12,6,48,objective_development,12,delay,1,frozen,objective_development/competition/412/a3/s1/frozen/delay/lambda0,c7ee5b55d3fd1ba5400052265dd28b8dfef2ac3819d5bcdd7ee0c700617d1797,412,competition,a0j1,0,True,0,replace_filter,replace_filter,6f886fd306e58b2cc3df0bcbd56a49066dcfb03359f64b724cb979c284fd8de3,776cca091647178c962d3d6d88bf50466e1fd5fb7d169214a6165a786a4ea6d3,c44ade12f328636ceb4308f7bc42e2c3124fbe1bd1b3a6cc49d389032544d882,0.14606741573033707,0.021335689938139123,0.1836734693877551,0.03373594335693461,0.2727272727272727,0.07438016528925619
3,0,0,12,6,48,objective_development,12,delay,1,frozen,objective_development/competition/412/a3/s1/frozen/delay/lambda0,c7ee5b55d3fd1ba5400052265dd28b8dfef2ac3819d5bcdd7ee0c700617d1797,412,competition,a1j1,1,True,1,reset_sensor,reset_sensor,0df8dc6763713f0ebfddd94bccc7e2c90df44ad1ac6c3173670e009d4641e5ad,345852dba5337fbfd85a148601dad57670c0545c06a362afa44628b3d10d2c4d,5d4f6f5d7e9b65e19dc01fb76353a9ff5ce7e21fa16df3e4e554c5c72cd8b567,0.14606741573033707,0.729200858477465,0.1836734693877551,0.6663890045814245,0.14285714285714285,0.7346938775510206
3,0,0,12,6,48,objective_development,12,delay,1,frozen,objective_development/competition/412/a3/s1/frozen/delay/lambda0,c7ee5b55d3fd1ba5400052265dd28b8dfef2ac3819d5bcdd7ee0c700617d1797,412,competition,a2j1,2,True,0,replace_filter,replace_filter,679d51a6ea1b12544486f1109ab3d8d3b7527d165ab20cf58eae9f33a0915d44,5ddde4864d6f4a106a16937ee47ea2f199aa38c744cc990fd45d5d38712c77b7,e9a4765fcd29b3bbec210974f1e90764f6cecb80dea30cbc9300c2700c3a389a,0.14606741573033707,0.021335689938139123,0.1836734693877551,0.03373594335693461,0.2727272727272727,0.07438016528925619
3,4,1,12,6,48,objective_development,12,delay,1,frozen,objective_development/competition/412/a3/s1/frozen/delay/lambda4,c7ee5b55d3fd1ba5400052265dd28b8dfef2ac3819d5bcdd7ee0c700617d1797,412,competition,a0j0,0,True,1,replace_filter,replace_filter,c006e30d4056ab2b8cbb8524f819ddf68be96883d862e790a54320d741433931,db4e67624aaa007d2342023c436f4609a11503d33d57dc2b90fd552064a2521e,07a9cb6c29fd55f449d590016e64f5dbb526e9a14d71af06b93a0ab9755bf5e8,0.14606741573033707,0.729200858477465,0.1836734693877551,0.6663890045814245,0.2727272727272727,0.5289256198347108
3,4,1,12,6,48,objective_development,12,delay,1,frozen,objective_development/competition/412/a3/s1/frozen/delay/lambda4,c7ee5b55d3fd1ba5400052265dd28b8dfef2ac3819d5bcdd7ee0c700617d1797,412,competition,a1j0,1,True,0,reset_sensor,reset_sensor,fef2cf580f356486e3f756c76c33fe8ca7d0acb947f20ab7e462f0bf8125bb59,668ef3daa130dbc963092a6dff025f511e34dcf2dcb6115a33da1e5bc44be02a,21796e1077fa3d40978e1f94a481aafece8df2c7d61d09dde298876d7435f2ea,0.14606741573033707,0.021335689938139123,0.1836734693877551,0.03373594335693461,0.14285714285714285,0.02040816326530612
3,4,1,12,6,48,objective_development,12,delay,1,frozen,objective_development/competition/412/a3/s1/frozen/delay/lambda4,c7ee5b55d3fd1ba5400052265dd28b8dfef2ac3819d5bcdd7ee0c700617d1797,412,competition,a2j0,2,True,0,reset_sensor,reset_sensor,83adb78dbcd3d787355453d3cb638fcf44ef8723a775791c4365e4d77953b93d,2b05b3ada7d16c1656bbcc1495dc6331feefc76a621124a5854043b968a1d97f,33384c47a7124098467e29d2bb5d7d27e6c4039129627947a234214a6f88e344,0.14606741573033707,0.021335689938139123,0.1836734693877551,0.03373594335693461,0.14285714285714285,0.02040816326530612
3,4,1,12,6,48,objective_development,12,delay,1,frozen,objective_development/competition/412/a3/s1/frozen/delay/lambda4,c7ee5b55d3fd1ba5400052265dd28b8dfef2ac3819d5bcdd7ee0c700617d1797,412,competition,a0j1,0,True,0,replace_filter,replace_filter,6f886fd306e58b2cc3df0bcbd56a49066dcfb03359f64b724cb979c284fd8de3,776cca091647178c962d3d6d88bf50466e1fd5fb7d169214a6165a786a4ea6d3,c44ade12f328636ceb4308f7bc42e2c3124fbe1bd1b3a6cc49d389032544d882,0.14606741573033707,0.021335689938139123,0.1836734693877551,0.03373594335693461,0.2727272727272727,0.07438016528925619
3,4,1,12,6,48,objective_development,12,delay,1,frozen,objective_development/competition/412/a3/s1/frozen/delay/lambda4,c7ee5b55d3fd1ba5400052265dd28b8dfef2ac3819d5bcdd7ee0c700617d1797,412,competition,a1j1,1,True,1,reset_sensor,reset_sensor,0df8dc6763713f0ebfddd94bccc7e2c90df44ad1ac6c3173670e009d4641e5ad,345852dba5337fbfd85a148601dad57670c0545c06a362afa44628b3d10d2c4d,5d4f6f5d7e9b65e19dc01fb76353a9ff5ce7e21fa16df3e4e554c5c72cd8b567,0.14606741573033707,0.729200858477465,0.1836734693877551,0.6663890045814245,0.14285714285714285,0.7346938775510206
3,4,1,12,6,48,objective_development,12,delay,1,frozen,objective_development/competition/412/a3/s1/frozen/delay/lambda4,c7ee5b55d3fd1ba5400052265dd28b8dfef2ac3819d5bcdd7ee0c700617d1797,412,competition,a2j1,2,True,0,replace_filter,replace_filter,679d51a6ea1b12544486f1109ab3d8d3b7527d165ab20cf58eae9f33a0915d44,5ddde4864d6f4a106a16937ee47ea2f199aa38c744cc990fd45d5d38712c77b7,e9a4765fcd29b3bbec210974f1e90764f6cecb80dea30cbc9300c2700c3a389a,0.14606741573033707,0.021335689938139123,0.1836734693877551,0.03373594335693461,0.2727272727272727,0.07438016528925619
3,8,2,12,6,48,objective_development,12,delay,1,frozen,objective_development/competition/412/a3/s1/frozen/delay/lambda8,c7ee5b55d3fd1ba5400052265dd28b8dfef2ac3819d5bcdd7ee0c700617d1797,412,competition,a0j0,0,True,1,replace_filter,replace_filter,c006e30d4056ab2b8cbb8524f819ddf68be96883d862e790a54320d741433931,db4e67624aaa007d2342023c436f4609a11503d33d57dc2b90fd552064a2521e,07a9cb6c29fd55f449d590016e64f5dbb526e9a14d71af06b93a0ab9755bf5e8,0.14606741573033707,0.729200858477465,0.1836734693877551,0.6663890045814245,0.2727272727272727,0.5289256198347108
3,8,2,12,6,48,objective_development,12,delay,1,frozen,objective_development/competition/412/a3/s1/frozen/delay/lambda8,c7ee5b55d3fd1ba5400052265dd28b8dfef2ac3819d5bcdd7ee0c700617d1797,412,competition,a1j0,1,True,0,reset_sensor,reset_sensor,fef2cf580f356486e3f756c76c33fe8ca7d0acb947f20ab7e462f0bf8125bb59,668ef3daa130dbc963092a6dff025f511e34dcf2dcb6115a33da1e5bc44be02a,21796e1077fa3d40978e1f94a481aafece8df2c7d61d09dde298876d7435f2ea,0.14606741573033707,0.021335689938139123,0.1836734693877551,0.03373594335693461,0.14285714285714285,0.02040816326530612
3,8,2,12,6,48,objective_development,12,delay,1,frozen,objective_development/competition/412/a3/s1/frozen/delay/lambda8,c7ee5b55d3fd1ba5400052265dd28b8dfef2ac3819d5bcdd7ee0c700617d1797,412,competition,a2j0,2,True,0,reset_sensor,reset_sensor,83adb78dbcd3d787355453d3cb638fcf44ef8723a775791c4365e4d77953b93d,2b05b3ada7d16c1656bbcc1495dc6331feefc76a621124a5854043b968a1d97f,33384c47a7124098467e29d2bb5d7d27e6c4039129627947a234214a6f88e344,0.14606741573033707,0.021335689938139123,0.1836734693877551,0.03373594335693461,0.14285714285714285,0.02040816326530612
3,8,2,12,6,48,objective_development,12,delay,1,frozen,objective_development/competition/412/a3/s1/frozen/delay/lambda8,c7ee5b55d3fd1ba5400052265dd28b8dfef2ac3819d5bcdd7ee0c700617d1797,412,competition,a0j1,0,True,0,replace_filter,replace_filter,6f886fd306e58b2cc3df0bcbd56a49066dcfb03359f64b724cb979c284fd8de3,776cca091647178c962d3d6d88bf50466e1fd5fb7d169214a6165a786a4ea6d3,c44ade12f328636ceb4308f7bc42e2c3124fbe1bd1b3a6cc49d389032544d882,0.14606741573033707,0.021335689938139123,0.1836734693877551,0.03373594335693461,0.2727272727272727,0.07438016528925619
3,8,2,12,6,48,objective_development,12,delay,1,frozen,objective_development/competition/412/a3/s1/frozen/delay/lambda8,c7ee5b55d3fd1ba5400052265dd28b8dfef2ac3819d5bcdd7ee0c700617d1797,412,competition,a1j1,1,True,1,reset_sensor,reset_sensor,0df8dc6763713f0ebfddd94bccc7e2c90df44ad1ac6c3173670e009d4641e5ad,345852dba5337fbfd85a148601dad57670c0545c06a362afa44628b3d10d2c4d,5d4f6f5d7e9b65e19dc01fb76353a9ff5ce7e21fa16df3e4e554c5c72cd8b567,0.14606741573033707,0.729200858477465,0.1836734693877551,0.6663890045814245,0.14285714285714285,0.7346938775510206
3,8,2,12,6,48,objective_development,12,delay,1,frozen,objective_development/competition/412/a3/s1/frozen/delay/lambda8,c7ee5b55d3fd1ba5400052265dd28b8dfef2ac3819d5bcdd7ee0c700617d1797,412,competition,a2j1,2,True,0,replace_filter,replace_filter,679d51a6ea1b12544486f1109ab3d8d3b7527d165ab20cf58eae9f33a0915d44,5ddde4864d6f4a106a16937ee47ea2f199aa38c744cc990fd45d5d38712c77b7,e9a4765fcd29b3bbec210974f1e90764f6cecb80dea30cbc9300c2700c3a389a,0.14606741573033707,0.021335689938139123,0.1836734693877551,0.03373594335693461,0.2727272727272727,0.07438016528925619
3,0,3,12,6,48,objective_development,12,delay,2,frozen,objective_development/competition/412/a3/s2/frozen/delay/lambda0,c7ee5b55d3fd1ba5400052265dd28b8dfef2ac3819d5bcdd7ee0c700617d1797,412,competition,a0j0,0,True,1,replace_filter,replace_filter,c006e30d4056ab2b8cbb8524f819ddf68be96883d862e790a54320d741433931,db4e67624aaa007d2342023c436f4609a11503d33d57dc2b90fd552064a2521e,07a9cb6c29fd55f449d590016e64f5dbb526e9a14d71af06b93a0ab9755bf5e8,0.14606741573033707,0.729200858477465,0.1836734693877551,0.6663890045814245,0.2727272727272727,0.5289256198347108
3,0,3,12,6,48,objective_development,12,delay,2,frozen,objective_development/competition/412/a3/s2/frozen/delay/lambda0,c7ee5b55d3fd1ba5400052265dd28b8dfef2ac3819d5bcdd7ee0c700617d1797,412,competition,a1j0,1,True,0,reset_sensor,reset_sensor,fef2cf580f356486e3f756c76c33fe8ca7d0acb947f20ab7e462f0bf8125bb59,668ef3daa130dbc963092a6dff025f511e34dcf2dcb6115a33da1e5bc44be02a,21796e1077fa3d40978e1f94a481aafece8df2c7d61d09dde298876d7435f2ea,0.14606741573033707,0.021335689938139123,0.1836734693877551,0.03373594335693461,0.14285714285714285,0.02040816326530612
3,0,3,12,6,48,objective_development,12,delay,2,frozen,objective_development/competition/412/a3/s2/frozen/delay/lambda0,c7ee5b55d3fd1ba5400052265dd28b8dfef2ac3819d5bcdd7ee0c700617d1797,412,competition,a2j0,2,True,0,reset_sensor,reset_sensor,83adb78dbcd3d787355453d3cb638fcf44ef8723a775791c4365e4d77953b93d,2b05b3ada7d16c1656bbcc1495dc6331feefc76a621124a5854043b968a1d97f,33384c47a7124098467e29d2bb5d7d27e6c4039129627947a234214a6f88e344,0.14606741573033707,0.021335689938139123,0.1836734693877551,0.03373594335693461,0.14285714285714285,0.02040816326530612
3,0,3,12,6,48,objective_development,12,delay,2,frozen,objective_development/competition/412/a3/s2/frozen/delay/lambda0,c7ee5b55d3fd1ba5400052265dd28b8dfef2ac3819d5bcdd7ee0c700617d1797,412,competition,a0j1,0,True,0,replace_filter,replace_filter,30603fff462ff7feb8aa9fc9cced0ac08d76f9bd1139e0344d1584d3f7e04a25,9b5850383c9bf3c5ff5f4d894a4ce8986228a5abb39ac77fb272fdbb3becc260,e91d894229c51707c842e4f460e1a60366da3d82f0dc68dfa7095d088b38dc76,0.14606741573033707,0.021335689938139123,0.1836734693877551,0.03373594335693461,0.2727272727272727,0.07438016528925619
3,0,3,12,6,48,objective_development,12,delay,2,frozen,objective_development/competition/412/a3/s2/frozen/delay/lambda0,c7ee5b55d3fd1ba5400052265dd28b8dfef2ac3819d5bcdd7ee0c700617d1797,412,competition,a1j1,1,True,1,reset_sensor,reset_sensor,bd7f13fd0ea7ab7a6efd43cc94d88a4cc73cf63bac6bb50146fa86137d154e6f,8c0e57e6c600c9988849ba6358890419481f561ca07ceb56960365b18c49e01d,a4bd873eaaa90a6c3431cabbc6a3b58669b913879ea05f0eff26e7c2126d720e,0.14606741573033707,0.729200858477465,0.1836734693877551,0.6663890045814245,0.14285714285714285,0.7346938775510206
3,0,3,12,6,48,objective_development,12,delay,2,frozen,objective_development/competition/412/a3/s2/frozen/delay/lambda0,c7ee5b55d3fd1ba5400052265dd28b8dfef2ac3819d5bcdd7ee0c700617d1797,412,competition,a2j1,2,True,0,replace_filter,replace_filter,1d19d141ec95f602fb234d201bdb1a339fa8cff74b23296d9140af859103dd60,81e6ee919974894ad95c286f6200c493fc39835bb5176b56aa7b9b46691a8407,0e6574a746a7091d7eb2b89493138e5a76368d415b5a5c22da95f6e9411d0255,0.14606741573033707,0.021335689938139123,0.1836734693877551,0.03373594335693461,0.2727272727272727,0.07438016528925619
3,4,4,12,6,48,objective_development,12,delay,2,frozen,objective_development/competition/412/a3/s2/frozen/delay/lambda4,c7ee5b55d3fd1ba5400052265dd28b8dfef2ac3819d5bcdd7ee0c700617d1797,412,competition,a0j0,0,True,1,replace_filter,replace_filter,c006e30d4056ab2b8cbb8524f819ddf68be96883d862e790a54320d741433931,db4e67624aaa007d2342023c436f4609a11503d33d57dc2b90fd552064a2521e,07a9cb6c29fd55f449d590016e64f5dbb526e9a14d71af06b93a0ab9755bf5e8,0.14606741573033707,0.729200858477465,0.1836734693877551,0.6663890045814245,0.2727272727272727,0.5289256198347108
3,4,4,12,6,48,objective_development,12,delay,2,frozen,objective_development/competition/412/a3/s2/frozen/delay/lambda4,c7ee5b55d3fd1ba5400052265dd28b8dfef2ac3819d5bcdd7ee0c700617d1797,412,competition,a1j0,1,True,0,reset_sensor,reset_sensor,fef2cf580f356486e3f756c76c33fe8ca7d0acb947f20ab7e462f0bf8125bb59,668ef3daa130dbc963092a6dff025f511e34dcf2dcb6115a33da1e5bc44be02a,21796e1077fa3d40978e1f94a481aafece8df2c7d61d09dde298876d7435f2ea,0.14606741573033707,0.021335689938139123,0.1836734693877551,0.03373594335693461,0.14285714285714285,0.02040816326530612
3,4,4,12,6,48,objective_development,12,delay,2,frozen,objective_development/competition/412/a3/s2/frozen/delay/lambda4,c7ee5b55d3fd1ba5400052265dd28b8dfef2ac3819d5bcdd7ee0c700617d1797,412,competition,a2j0,2,True,0,reset_sensor,reset_sensor,83adb78dbcd3d787355453d3cb638fcf44ef8723a775791c4365e4d77953b93d,2b05b3ada7d16c1656bbcc1495dc6331feefc76a621124a5854043b968a1d97f,33384c47a7124098467e29d2bb5d7d27e6c4039129627947a234214a6f88e344,0.14606741573033707,0.021335689938139123,0.1836734693877551,0.03373594335693461,0.14285714285714285,0.02040816326530612
3,4,4,12,6,48,objective_development,12,delay,2,frozen,objective_development/competition/412/a3/s2/frozen/delay/lambda4,c7ee5b55d3fd1ba5400052265dd28b8dfef2ac3819d5bcdd7ee0c700617d1797,412,competition,a0j1,0,False,1,reset_sensor,replace_filter,30603fff462ff7feb8aa9fc9cced0ac08d76f9bd1139e0344d1584d3f7e04a25,9b5850383c9bf3c5ff5f4d894a4ce8986228a5abb39ac77fb272fdbb3becc260,e91d894229c51707c842e4f460e1a60366da3d82f0dc68dfa7095d088b38dc76,0.1836734693877551,0.6663890045814245,0.1836734693877551,0.6663890045814245,0.7272727272727273,0.07438016528925619
3,4,4,12,6,48,objective_development,12,delay,2,frozen,objective_development/competition/412/a3/s2/frozen/delay/lambda4,c7ee5b55d3fd1ba5400052265dd28b8dfef2ac3819d5bcdd7ee0c700617d1797,412,competition,a1j1,1,True,1,reset_sensor,reset_sensor,bd7f13fd0ea7ab7a6efd43cc94d88a4cc73cf63bac6bb50146fa86137d154e6f,8c0e57e6c600c9988849ba6358890419481f561ca07ceb56960365b18c49e01d,a4bd873eaaa90a6c3431cabbc6a3b58669b913879ea05f0eff26e7c2126d720e,0.14606741573033707,0.729200858477465,0.1836734693877551,0.6663890045814245,0.14285714285714285,0.7346938775510206
3,4,4,12,6,48,objective_development,12,delay,2,frozen,objective_development/competition/412/a3/s2/frozen/delay/lambda4,c7ee5b55d3fd1ba5400052265dd28b8dfef2ac3819d5bcdd7ee0c700617d1797,412,competition,a2j1,2,True,0,replace_filter,replace_filter,1d19d141ec95f602fb234d201bdb1a339fa8cff74b23296d9140af859103dd60,81e6ee919974894ad95c286f6200c493fc39835bb5176b56aa7b9b46691a8407,0e6574a746a7091d7eb2b89493138e5a76368d415b5a5c22da95f6e9411d0255,0.14606741573033707,0.021335689938139123,0.1836734693877551,0.03373594335693461,0.2727272727272727,0.07438016528925619
3,8,5,12,6,48,objective_development,12,delay,2,frozen,objective_development/competition/412/a3/s2/frozen/delay/lambda8,c7ee5b55d3fd1ba5400052265dd28b8dfef2ac3819d5bcdd7ee0c700617d1797,412,competition,a0j0,0,True,1,replace_filter,replace_filter,c006e30d4056ab2b8cbb8524f819ddf68be96883d862e790a54320d741433931,db4e67624aaa007d2342023c436f4609a11503d33d57dc2b90fd552064a2521e,07a9cb6c29fd55f449d590016e64f5dbb526e9a14d71af06b93a0ab9755bf5e8,0.14606741573033707,0.729200858477465,0.1836734693877551,0.6663890045814245,0.2727272727272727,0.5289256198347108
3,8,5,12,6,48,objective_development,12,delay,2,frozen,objective_development/competition/412/a3/s2/frozen/delay/lambda8,c7ee5b55d3fd1ba5400052265dd28b8dfef2ac3819d5bcdd7ee0c700617d1797,412,competition,a1j0,1,True,0,reset_sensor,reset_sensor,fef2cf580f356486e3f756c76c33fe8ca7d0acb947f20ab7e462f0bf8125bb59,668ef3daa130dbc963092a6dff025f511e34dcf2dcb6115a33da1e5bc44be02a,21796e1077fa3d40978e1f94a481aafece8df2c7d61d09dde298876d7435f2ea,0.14606741573033707,0.021335689938139123,0.1836734693877551,0.03373594335693461,0.14285714285714285,0.02040816326530612
3,8,5,12,6,48,objective_development,12,delay,2,frozen,objective_development/competition/412/a3/s2/frozen/delay/lambda8,c7ee5b55d3fd1ba5400052265dd28b8dfef2ac3819d5bcdd7ee0c700617d1797,412,competition,a2j0,2,True,0,reset_sensor,reset_sensor,83adb78dbcd3d787355453d3cb638fcf44ef8723a775791c4365e4d77953b93d,2b05b3ada7d16c1656bbcc1495dc6331feefc76a621124a5854043b968a1d97f,33384c47a7124098467e29d2bb5d7d27e6c4039129627947a234214a6f88e344,0.14606741573033707,0.021335689938139123,0.1836734693877551,0.03373594335693461,0.14285714285714285,0.02040816326530612
3,8,5,12,6,48,objective_development,12,delay,2,frozen,objective_development/competition/412/a3/s2/frozen/delay/lambda8,c7ee5b55d3fd1ba5400052265dd28b8dfef2ac3819d5bcdd7ee0c700617d1797,412,competition,a0j1,0,False,1,reset_sensor,replace_filter,30603fff462ff7feb8aa9fc9cced0ac08d76f9bd1139e0344d1584d3f7e04a25,9b5850383c9bf3c5ff5f4d894a4ce8986228a5abb39ac77fb272fdbb3becc260,e91d894229c51707c842e4f460e1a60366da3d82f0dc68dfa7095d088b38dc76,0.1836734693877551,0.6663890045814245,0.1836734693877551,0.6663890045814245,0.7272727272727273,0.07438016528925619
3,8,5,12,6,48,objective_development,12,delay,2,frozen,objective_development/competition/412/a3/s2/frozen/delay/lambda8,c7ee5b55d3fd1ba5400052265dd28b8dfef2ac3819d5bcdd7ee0c700617d1797,412,competition,a1j1,1,True,1,reset_sensor,reset_sensor,bd7f13fd0ea7ab7a6efd43cc94d88a4cc73cf63bac6bb50146fa86137d154e6f,8c0e57e6c600c9988849ba6358890419481f561ca07ceb56960365b18c49e01d,a4bd873eaaa90a6c3431cabbc6a3b58669b913879ea05f0eff26e7c2126d720e,0.14606741573033707,0.729200858477465,0.1836734693877551,0.6663890045814245,0.14285714285714285,0.7346938775510206
3,8,5,12,6,48,objective_development,12,delay,2,frozen,objective_development/competition/412/a3/s2/frozen/delay/lambda8,c7ee5b55d3fd1ba5400052265dd28b8dfef2ac3819d5bcdd7ee0c700617d1797,412,competition,a2j1,2,True,0,replace_filter,replace_filter,1d19d141ec95f602fb234d201bdb1a339fa8cff74b23296d9140af859103dd60,81e6ee919974894ad95c286f6200c493fc39835bb5176b56aa7b9b46691a8407,0e6574a746a7091d7eb2b89493138e5a76368d415b5a5c22da95f6e9411d0255,0.14606741573033707,0.021335689938139123,0.1836734693877551,0.03373594335693461,0.2727272727272727,0.07438016528925619
6,0,6,24,18,210,objective_development,36,delay,1,frozen,objective_development/larger/412/a6/s1/frozen/delay/lambda0,b1cc9d538ab4be3713eef556528d6ba1cc4b990867e701479041e8815f9e1c8f,412,larger,a0j0,0,True,0,reset_sensor,reset_sensor,6fc8e1c6547c427c0e91d029c451ac31c28afb7ef50b81a07973cdb7f4496a4d,7f084103c462c58a71d27c9c4e1d48d38714a904f48e0a8400dcc841e60e21e6,37c149a8340ac0f43907d755ab69cbc9fd3a9ff4e54f5844cb49907b132c73b4,0.14606741573033707,0.021335689938139123,0.1836734693877551,0.03373594335693461,0.14285714285714285,0.02040816326530612
6,0,6,24,18,210,objective_development,36,delay,1,frozen,objective_development/larger/412/a6/s1/frozen/delay/lambda0,b1cc9d538ab4be3713eef556528d6ba1cc4b990867e701479041e8815f9e1c8f,412,larger,a3j0,3,False,0,replace_filter,reset_sensor,8735caedb4a4ca4f5848c36c0a91083c097863a539c92bc6d766672cb837961a,7d00fc4c935ce53f67f061a46da3ddd8a019e2f9cad5d92e60bd5dfee4c723b6,d0207f26de8a45e185c1e39bca1b7fe5ead8c56ea419d2a842bfe01298ad5557,0.1836734693877551,0.03373594335693461,0.1836734693877551,0.03373594335693461,0.7272727272727273,0.5289256198347108
6,0,6,24,18,210,objective_development,36,delay,1,frozen,objective_development/larger/412/a6/s1/frozen/delay/lambda0,b1cc9d538ab4be3713eef556528d6ba1cc4b990867e701479041e8815f9e1c8f,412,larger,a4j0,4,True,0,replace_filter,replace_filter,0f6f76ddda96422d1b0a0e741300b0f03cbef23973531daf02d2f140387ab5ce,6523c3261df3dff62f846d9d0769c4d846c1389e5e0c85063a8d41b90ffc534c,45fbc52b66be6b5d950ea5874ac75e658c1c6ce37fce1be7b53b4ceab980816b,0.14606741573033707,0.021335689938139123,0.1836734693877551,0.03373594335693461,0.14285714285714285,0.02040816326530612
6,0,6,24,18,210,objective_development,36,delay,1,frozen,objective_development/larger/412/a6/s1/frozen/delay/lambda0,b1cc9d538ab4be3713eef556528d6ba1cc4b990867e701479041e8815f9e1c8f,412,larger,a1j0,1,True,1,replace_filter,replace_filter,2d0715249822dadffc79c10923bec174234a08ffdba34b585d726cf3598c502a,7487fcbe5d13024adeffaf60c0e7d83fd9f22de7d8da9cfb9754ddc8ab5ea5dd,e4e4e1c109c8ae61ca0029b46cfd0e17d886f5f304f9804ab514a6c68a96b8aa,0.14606741573033707,0.729200858477465,0.1836734693877551,0.6663890045814245,0.2727272727272727,0.5289256198347108
6,0,6,24,18,210,objective_development,36,delay,1,frozen,objective_development/larger/412/a6/s1/frozen/delay/lambda0,b1cc9d538ab4be3713eef556528d6ba1cc4b990867e701479041e8815f9e1c8f,412,larger,a2j0,2,True,0,reset_sensor,reset_sensor,f5c9aa290a8c20eddc2435404bb731e37425e252a7fd30dcb46442afcb26c8e9,fe2d8da24568b23c114de37897e22b975242bcbdeebf3900877b99e6f2a8bf72,bfec76b6ea5521526adfdcea53752b5f32d13b9e8cf0b1481d48a67f5a8791fa,0.14606741573033707,0.021335689938139123,0.1836734693877551,0.03373594335693461,0.14285714285714285,0.02040816326530612
6,0,6,24,18,210,objective_development,36,delay,1,frozen,objective_development/larger/412/a6/s1/frozen/delay/lambda0,b1cc9d538ab4be3713eef556528d6ba1cc4b990867e701479041e8815f9e1c8f,412,larger,a5j0,5,True,0,reset_sensor,reset_sensor,483b22ab8ced91586a74ff48e1fd7af412d38071e1fa878eb1279aec893727de,8b5bac0733a037031c98d16b5f180f841ddd182bec4ab81ccd77cd6e80398784,3432b20dffb1d41d26871c340a2d64707e12ce345229dabcbf0ab8eb07185185,0.14606741573033707,0.021335689938139123,0.1836734693877551,0.03373594335693461,0.14285714285714285,0.02040816326530612
6,0,6,24,18,210,objective_development,36,delay,1,frozen,objective_development/larger/412/a6/s1/frozen/delay/lambda0,b1cc9d538ab4be3713eef556528d6ba1cc4b990867e701479041e8815f9e1c8f,412,larger,a0j1,0,True,0,replace_filter,replace_filter,2b525bd667455a6dfe52a04e1cf3dfb3bba8221473d8b7d014d98f93bdb4ada2,c0c4e649e9145af9c661e8af929f6310f7878b5f70e34b634396b694114cba63,281a6c84910870e3311701ab0dcbcc040a829e1c392778d83f017e8d1e42bc73,0.14606741573033707,0.021335689938139123,0.1836734693877551,0.03373594335693461,0.2727272727272727,0.07438016528925619
6,0,6,24,18,210,objective_development,36,delay,1,frozen,objective_development/larger/412/a6/s1/frozen/delay/lambda0,b1cc9d538ab4be3713eef556528d6ba1cc4b990867e701479041e8815f9e1c8f,412,larger,a2j1,2,True,0,replace_filter,replace_filter,61a49baff59195f41e109052fcdab219f9a992be92bebc3ebf69677374f40cd7,934bda45e42b2f113df3ff85ed0f2b638913d567255abf8a420ce183a822f2aa,2703c7fe9fb344faa1af980b638b8d735b6e0044635582e32f752025c5a08ca3,0.14606741573033707,0.021335689938139123,0.1836734693877551,0.03373594335693461,0.14285714285714285,0.02040816326530612
6,0,6,24,18,210,objective_development,36,delay,1,frozen,objective_development/larger/412/a6/s1/frozen/delay/lambda0,b1cc9d538ab4be3713eef556528d6ba1cc4b990867e701479041e8815f9e1c8f,412,larger,a3j1,3,True,0,reset_sensor,reset_sensor,0ceaf28189d2304dfe912f66d3519437b171ba626f3693933b3b18b8406cd632,f1bdacb3d359c196e7aca9f58fb688da37e7dfb42a53c68dae73b6fabc0acdac,081b90f6b39033a83550cdc1b082c94b148abbeacdb3ffd82bb38173e382ad8f,0.14606741573033707,0.021335689938139123,0.1836734693877551,0.03373594335693461,0.14285714285714285,0.02040816326530612
6,0,6,24,18,210,objective_development,36,delay,1,frozen,objective_development/larger/412/a6/s1/frozen/delay/lambda0,b1cc9d538ab4be3713eef556528d6ba1cc4b990867e701479041e8815f9e1c8f,412,larger,a4j1,4,True,0,reset_sensor,reset_sensor,450d6177d81140118494dccc1581a3efb0dc2e6c2b2fa443e6803492f2e2f6e0,cc48b20c1384c57b532fdae8c709a3ba96d090d8132c221ee82bbee59804945d,4c850293833998773d9151249ca90fcb0d3a537988216ef1ed7dddd5a72efe3f,0.14606741573033707,0.021335689938139123,0.1836734693877551,0.03373594335693461,0.14285714285714285,0.02040816326530612
6,0,6,24,18,210,objective_development,36,delay,1,frozen,objective_development/larger/412/a6/s1/frozen/delay/lambda0,b1cc9d538ab4be3713eef556528d6ba1cc4b990867e701479041e8815f9e1c8f,412,larger,a1j1,1,True,0,reset_sensor,reset_sensor,6c0f513fa7c005ddcd16a5842080ff21a4c020ea377fdf61e5a0c5ddf8c06fe0,788161e396352180a86c92bfa1142a1eeace7853ab6f01ecab2fb1a2dfeb3b1c,903684e5f3d2524fd64ae7812f3ad4dbccaef72646430311434a55d29310c0c9,0.14606741573033707,0.021335689938139123,0.1836734693877551,0.03373594335693461,0.2727272727272727,0.07438016528925619
6,0,6,24,18,210,objective_development,36,delay,1,frozen,objective_development/larger/412/a6/s1/frozen/delay/lambda0,b1cc9d538ab4be3713eef556528d6ba1cc4b990867e701479041e8815f9e1c8f,412,larger,a5j1,5,True,0,replace_filter,replace_filter,376dff1623d8c923b01d803ac4e84ccea89648c2dd9e2f9bb94c54e12de4a767,9d8accace811fab496e917c0ce7f25fafbc722f9557b60df035458c729c416a5,970bed6584cf8329281ca1570b60f7869a19345ff8437c2e4d61cb1b012b1215,0.14606741573033707,0.021335689938139123,0.1836734693877551,0.03373594335693461,0.14285714285714285,0.02040816326530612
6,0,6,24,18,210,objective_development,36,delay,1,frozen,objective_development/larger/412/a6/s1/frozen/delay/lambda0,b1cc9d538ab4be3713eef556528d6ba1cc4b990867e701479041e8815f9e1c8f,412,larger,a0j2,0,True,0,replace_filter,replace_filter,dc2be6534f0cb17be697d4deb6aa4de7a65e59cef5c16331ec6a8dcb71bc02c2,0f7c9655c500f52c0c29db89c2bdf38ac402e8ce9fef3f4744386c8b43e5561f,e8eb6f7f4a61573ac7362259ee6de5940aab265cc71d4b9b2d53299062fdeb46,0.14606741573033707,0.021335689938139123,0.1836734693877551,0.03373594335693461,0.7272727272727273,0.5289256198347108
6,0,6,24,18,210,objective_development,36,delay,1,frozen,objective_development/larger/412/a6/s1/frozen/delay/lambda0,b1cc9d538ab4be3713eef556528d6ba1cc4b990867e701479041e8815f9e1c8f,412,larger,a3j2,3,True,0,reset_sensor,reset_sensor,137bec5fbf9a6a7d810224cbd414c03c801b2666b97acd58c050a73e692d7b37,487bb89b0ecc828b29cf1dc9abf91f4317b60da298ca670d29fc9afaaa0b33d2,c73e06298334612ccf99cd26c8d4db9fe53af736037e77c0bdd705b8fc3eae45,0.14606741573033707,0.021335689938139123,0.1836734693877551,0.03373594335693461,0.14285714285714285,0.02040816326530612
6,0,6,24,18,210,objective_development,36,delay,1,frozen,objective_development/larger/412/a6/s1/frozen/delay/lambda0,b1cc9d538ab4be3713eef556528d6ba1cc4b990867e701479041e8815f9e1c8f,412,larger,a1j2,1,True,0,replace_filter,replace_filter,56510d292ccdb5229bf910d1728e07bd122b41a29e59221f6566ef1e0bad160c,ee2fe0d0f89ca94cca229821587f5dc56f09da8b08e44e05f0c0c876db51482a,d974d771a9984618a2c974c1466b07a79a755adba67a6dd424351001f6bdc796,0.14606741573033707,0.021335689938139123,0.1836734693877551,0.03373594335693461,0.14285714285714285,0.02040816326530612
6,0,6,24,18,210,objective_development,36,delay,1,frozen,objective_development/larger/412/a6/s1/frozen/delay/lambda0,b1cc9d538ab4be3713eef556528d6ba1cc4b990867e701479041e8815f9e1c8f,412,larger,a2j2,2,True,0,reset_sensor,reset_sensor,1190dfa051e32b383fe00559bda5253283464275db7cc351d14aaa9e5b8e628e,4e612f104871859fdda0359a54e6b7432918218556d63ac5aedf9faad45fc643,c7a1dfa8afcd989a03789b53bba70331d40b452dadf5a4392e89f20b189b3443,0.14606741573033707,0.021335689938139123,0.1836734693877551,0.03373594335693461,0.14285714285714285,0.02040816326530612
6,0,6,24,18,210,objective_development,36,delay,1,frozen,objective_development/larger/412/a6/s1/frozen/delay/lambda0,b1cc9d538ab4be3713eef556528d6ba1cc4b990867e701479041e8815f9e1c8f,412,larger,a4j2,4,True,0,replace_filter,replace_filter,412fb9730e4b9227b3ec1ae94032c5f6fe4c8cca86f913bf129b07dd288ffc9a,42b5bb80053239f2d19e16a3463e2f6233c65909e7bd8cbbb6f8bdf6d0c12b48,cf06ca52cde3a3059b5f1947c20afb1069abe089ec111ca7c7558006b3e2988a,0.14606741573033707,0.021335689938139123,0.1836734693877551,0.03373594335693461,0.14285714285714285,0.02040816326530612
6,0,6,24,18,210,objective_development,36,delay,1,frozen,objective_development/larger/412/a6/s1/frozen/delay/lambda0,b1cc9d538ab4be3713eef556528d6ba1cc4b990867e701479041e8815f9e1c8f,412,larger,a5j2,5,True,0,replace_filter,replace_filter,0bf9cc71b47049ddbe712eb99f5724f3ed1a8c75fa60d2c0c1d61220c2571ec0,7030d7205a7a4e5a3030ed1fae315b38d53f36278ffd3a4ab63fc0deda53dd12,81d2db3aab6ba06b4d0e89148e9fda4e7e2da59561eb07e5a55a4506add7c967,0.14606741573033707,0.021335689938139123,0.1836734693877551,0.03373594335693461,0.2727272727272727,0.07438016528925619
6,4,7,24,18,210,objective_development,36,delay,1,frozen,objective_development/larger/412/a6/s1/frozen/delay/lambda4,b1cc9d538ab4be3713eef556528d6ba1cc4b990867e701479041e8815f9e1c8f,412,larger,a0j0,0,True,0,reset_sensor,reset_sensor,6fc8e1c6547c427c0e91d029c451ac31c28afb7ef50b81a07973cdb7f4496a4d,7f084103c462c58a71d27c9c4e1d48d38714a904f48e0a8400dcc841e60e21e6,37c149a8340ac0f43907d755ab69cbc9fd3a9ff4e54f5844cb49907b132c73b4,0.14606741573033707,0.021335689938139123,0.1836734693877551,0.03373594335693461,0.14285714285714285,0.02040816326530612
6,4,7,24,18,210,objective_development,36,delay,1,frozen,objective_development/larger/412/a6/s1/frozen/delay/lambda4,b1cc9d538ab4be3713eef556528d6ba1cc4b990867e701479041e8815f9e1c8f,412,larger,a3j0,3,False,0,replace_filter,reset_sensor,8735caedb4a4ca4f5848c36c0a91083c097863a539c92bc6d766672cb837961a,7d00fc4c935ce53f67f061a46da3ddd8a019e2f9cad5d92e60bd5dfee4c723b6,d0207f26de8a45e185c1e39bca1b7fe5ead8c56ea419d2a842bfe01298ad5557,0.1836734693877551,0.03373594335693461,0.1836734693877551,0.03373594335693461,0.7272727272727273,0.5289256198347108
6,4,7,24,18,210,objective_development,36,delay,1,frozen,objective_development/larger/412/a6/s1/frozen/delay/lambda4,b1cc9d538ab4be3713eef556528d6ba1cc4b990867e701479041e8815f9e1c8f,412,larger,a4j0,4,True,0,replace_filter,replace_filter,0f6f76ddda96422d1b0a0e741300b0f03cbef23973531daf02d2f140387ab5ce,6523c3261df3dff62f846d9d0769c4d846c1389e5e0c85063a8d41b90ffc534c,45fbc52b66be6b5d950ea5874ac75e658c1c6ce37fce1be7b53b4ceab980816b,0.14606741573033707,0.021335689938139123,0.1836734693877551,0.03373594335693461,0.14285714285714285,0.02040816326530612
6,4,7,24,18,210,objective_development,36,delay,1,frozen,objective_development/larger/412/a6/s1/frozen/delay/lambda4,b1cc9d538ab4be3713eef556528d6ba1cc4b990867e701479041e8815f9e1c8f,412,larger,a1j0,1,True,1,replace_filter,replace_filter,2d0715249822dadffc79c10923bec174234a08ffdba34b585d726cf3598c502a,7487fcbe5d13024adeffaf60c0e7d83fd9f22de7d8da9cfb9754ddc8ab5ea5dd,e4e4e1c109c8ae61ca0029b46cfd0e17d886f5f304f9804ab514a6c68a96b8aa,0.14606741573033707,0.729200858477465,0.1836734693877551,0.6663890045814245,0.2727272727272727,0.5289256198347108
6,4,7,24,18,210,objective_development,36,delay,1,frozen,objective_development/larger/412/a6/s1/frozen/delay/lambda4,b1cc9d538ab4be3713eef556528d6ba1cc4b990867e701479041e8815f9e1c8f,412,larger,a2j0,2,True,0,reset_sensor,reset_sensor,f5c9aa290a8c20eddc2435404bb731e37425e252a7fd30dcb46442afcb26c8e9,fe2d8da24568b23c114de37897e22b975242bcbdeebf3900877b99e6f2a8bf72,bfec76b6ea5521526adfdcea53752b5f32d13b9e8cf0b1481d48a67f5a8791fa,0.14606741573033707,0.021335689938139123,0.1836734693877551,0.03373594335693461,0.14285714285714285,0.02040816326530612
6,4,7,24,18,210,objective_development,36,delay,1,frozen,objective_development/larger/412/a6/s1/frozen/delay/lambda4,b1cc9d538ab4be3713eef556528d6ba1cc4b990867e701479041e8815f9e1c8f,412,larger,a5j0,5,True,0,reset_sensor,reset_sensor,483b22ab8ced91586a74ff48e1fd7af412d38071e1fa878eb1279aec893727de,8b5bac0733a037031c98d16b5f180f841ddd182bec4ab81ccd77cd6e80398784,3432b20dffb1d41d26871c340a2d64707e12ce345229dabcbf0ab8eb07185185,0.14606741573033707,0.021335689938139123,0.1836734693877551,0.03373594335693461,0.14285714285714285,0.02040816326530612
6,4,7,24,18,210,objective_development,36,delay,1,frozen,objective_development/larger/412/a6/s1/frozen/delay/lambda4,b1cc9d538ab4be3713eef556528d6ba1cc4b990867e701479041e8815f9e1c8f,412,larger,a0j1,0,True,0,replace_filter,replace_filter,eaa5317f983dd8e2d4cfb841d9fb6af34c41454035b29a8e69ad2de3489561ed,33f1dbc64fe245df76da59da57dfaefed2eea84663bd97afd436b456b76b96ee,791766e1124c0e5300641a20db730f9b3a72184e8d35a6a1b53eec830d8f455f,0.14606741573033707,0.021335689938139123,0.1836734693877551,0.03373594335693461,0.2727272727272727,0.07438016528925619
6,4,7,24,18,210,objective_development,36,delay,1,frozen,objective_development/larger/412/a6/s1/frozen/delay/lambda4,b1cc9d538ab4be3713eef556528d6ba1cc4b990867e701479041e8815f9e1c8f,412,larger,a2j1,2,True,0,replace_filter,replace_filter,61a49baff59195f41e109052fcdab219f9a992be92bebc3ebf69677374f40cd7,934bda45e42b2f113df3ff85ed0f2b638913d567255abf8a420ce183a822f2aa,2703c7fe9fb344faa1af980b638b8d735b6e0044635582e32f752025c5a08ca3,0.14606741573033707,0.021335689938139123,0.1836734693877551,0.03373594335693461,0.14285714285714285,0.02040816326530612
6,4,7,24,18,210,objective_development,36,delay,1,frozen,objective_development/larger/412/a6/s1/frozen/delay/lambda4,b1cc9d538ab4be3713eef556528d6ba1cc4b990867e701479041e8815f9e1c8f,412,larger,a3j1,3,True,0,reset_sensor,reset_sensor,ed282e6de56e981dacde8618b142a6a1f9fbcc398849ab90d5cc0c883c00b539,d69087fcea6dbe152dac6ade945a57a238da1a5e3ac6260273d98db117ecfb67,781cfb3d392db9e2f6429bfc4c0d51f7935095ca65e9b6431ee289f7c97b7cbb,0.14606741573033707,0.021335689938139123,0.1836734693877551,0.03373594335693461,0.14285714285714285,0.02040816326530612
6,4,7,24,18,210,objective_development,36,delay,1,frozen,objective_development/larger/412/a6/s1/frozen/delay/lambda4,b1cc9d538ab4be3713eef556528d6ba1cc4b990867e701479041e8815f9e1c8f,412,larger,a4j1,4,True,0,reset_sensor,reset_sensor,450d6177d81140118494dccc1581a3efb0dc2e6c2b2fa443e6803492f2e2f6e0,cc48b20c1384c57b532fdae8c709a3ba96d090d8132c221ee82bbee59804945d,4c850293833998773d9151249ca90fcb0d3a537988216ef1ed7dddd5a72efe3f,0.14606741573033707,0.021335689938139123,0.1836734693877551,0.03373594335693461,0.14285714285714285,0.02040816326530612
6,4,7,24,18,210,objective_development,36,delay,1,frozen,objective_development/larger/412/a6/s1/frozen/delay/lambda4,b1cc9d538ab4be3713eef556528d6ba1cc4b990867e701479041e8815f9e1c8f,412,larger,a1j1,1,True,0,reset_sensor,reset_sensor,5de1946d736583a4533c8797a230dc2ce902f446d398439b0f3d1e88ad4a5d3a,4984f10026420752ce642bceef65d8aafacde7a9e0ebb8047cee83a6d546e439,03151bff3f8748240dbc399d383b25fc0e11f1b504cc6162a8c5fedb64fb1fd5,0.14606741573033707,0.021335689938139123,0.1836734693877551,0.03373594335693461,0.2727272727272727,0.07438016528925619
6,4,7,24,18,210,objective_development,36,delay,1,frozen,objective_development/larger/412/a6/s1/frozen/delay/lambda4,b1cc9d538ab4be3713eef556528d6ba1cc4b990867e701479041e8815f9e1c8f,412,larger,a5j1,5,True,0,replace_filter,replace_filter,06be4e00e551f947a2c085ade0d66205287393f2f94022ce8fa4b7a533e27e2f,aa78748bfa5761e26c689e08c17c759bdf8f4611d926d21ae3f55c9a9f072d78,13c926e886f42320de832935b8f7c6852be10b844db42ecf8a992c8b7cd6f31a,0.14606741573033707,0.021335689938139123,0.1836734693877551,0.03373594335693461,0.14285714285714285,0.02040816326530612
6,4,7,24,18,210,objective_development,36,delay,1,frozen,objective_development/larger/412/a6/s1/frozen/delay/lambda4,b1cc9d538ab4be3713eef556528d6ba1cc4b990867e701479041e8815f9e1c8f,412,larger,a0j2,0,True,0,replace_filter,replace_filter,454932da4b3cc0f431b9762af23283d15f9f54647472112e328b21dda60f0f4c,0c5e23ccd66d7e159383c38156cd4f287f421931e6d7482e103d22fe7df4d6e7,da5e50db3b249d9f3cca242da7b79a1dee0443f5b0950804dde130a53b6b8fb7,0.14606741573033707,0.021335689938139123,0.1836734693877551,0.03373594335693461,0.7272727272727273,0.5289256198347108
6,4,7,24,18,210,objective_development,36,delay,1,frozen,objective_development/larger/412/a6/s1/frozen/delay/lambda4,b1cc9d538ab4be3713eef556528d6ba1cc4b990867e701479041e8815f9e1c8f,412,larger,a3j2,3,True,0,reset_sensor,reset_sensor,f364371d52a78f20ca6835b114e2be6e65fe107518d1febdcfeb75b3f3481556,5cb2d684b39d4fb62597908cbb1cf84864f5d3d6b07b7f201b636dc655ac1627,e352dca8a5a4563d886adcbf7230ece15c10c7c812ba60fb04f6d1b7546fcca4,0.14606741573033707,0.021335689938139123,0.1836734693877551,0.03373594335693461,0.14285714285714285,0.02040816326530612
6,4,7,24,18,210,objective_development,36,delay,1,frozen,objective_development/larger/412/a6/s1/frozen/delay/lambda4,b1cc9d538ab4be3713eef556528d6ba1cc4b990867e701479041e8815f9e1c8f,412,larger,a1j2,1,True,0,replace_filter,replace_filter,6a9dcf4086de937a7cea634614a4816a2efaf0b5f2f7e815abc4c60d6dadf5c6,eb0c7c281ad3cc9c9954d04e27de2756452f31ee56032bc8a6584cf9e845783d,732a2778ccbb88f90da71125b04aff6093b3e9f9fd88397555ded5a2a3bd0259,0.14606741573033707,0.021335689938139123,0.1836734693877551,0.03373594335693461,0.14285714285714285,0.02040816326530612
6,4,7,24,18,210,objective_development,36,delay,1,frozen,objective_development/larger/412/a6/s1/frozen/delay/lambda4,b1cc9d538ab4be3713eef556528d6ba1cc4b990867e701479041e8815f9e1c8f,412,larger,a2j2,2,True,0,reset_sensor,reset_sensor,1190dfa051e32b383fe00559bda5253283464275db7cc351d14aaa9e5b8e628e,4e612f104871859fdda0359a54e6b7432918218556d63ac5aedf9faad45fc643,c7a1dfa8afcd989a03789b53bba70331d40b452dadf5a4392e89f20b189b3443,0.14606741573033707,0.021335689938139123,0.1836734693877551,0.03373594335693461,0.14285714285714285,0.02040816326530612
6,4,7,24,18,210,objective_development,36,delay,1,frozen,objective_development/larger/412/a6/s1/frozen/delay/lambda4,b1cc9d538ab4be3713eef556528d6ba1cc4b990867e701479041e8815f9e1c8f,412,larger,a4j2,4,True,0,replace_filter,replace_filter,412fb9730e4b9227b3ec1ae94032c5f6fe4c8cca86f913bf129b07dd288ffc9a,42b5bb80053239f2d19e16a3463e2f6233c65909e7bd8cbbb6f8bdf6d0c12b48,cf06ca52cde3a3059b5f1947c20afb1069abe089ec111ca7c7558006b3e2988a,0.14606741573033707,0.021335689938139123,0.1836734693877551,0.03373594335693461,0.14285714285714285,0.02040816326530612
6,4,7,24,18,210,objective_development,36,delay,1,frozen,objective_development/larger/412/a6/s1/frozen/delay/lambda4,b1cc9d538ab4be3713eef556528d6ba1cc4b990867e701479041e8815f9e1c8f,412,larger,a5j2,5,True,0,replace_filter,replace_filter,4ef1e3ab8f859716f26dc2b15f628739f1b444741fe8858ee755ef59d494c1ba,7f621cc4b8ab846d39242815a4f1cdcd3e3b2dc5dbedca20a25351b58e8bc506,82044a3c9125b34c09cceef075655cfe243988845e3463c190b4a3f12ee50f2b,0.14606741573033707,0.021335689938139123,0.1836734693877551,0.03373594335693461,0.2727272727272727,0.07438016528925619
6,8,8,24,18,210,objective_development,36,delay,1,frozen,objective_development/larger/412/a6/s1/frozen/delay/lambda8,b1cc9d538ab4be3713eef556528d6ba1cc4b990867e701479041e8815f9e1c8f,412,larger,a0j0,0,True,0,reset_sensor,reset_sensor,6fc8e1c6547c427c0e91d029c451ac31c28afb7ef50b81a07973cdb7f4496a4d,7f084103c462c58a71d27c9c4e1d48d38714a904f48e0a8400dcc841e60e21e6,37c149a8340ac0f43907d755ab69cbc9fd3a9ff4e54f5844cb49907b132c73b4,0.14606741573033707,0.021335689938139123,0.1836734693877551,0.03373594335693461,0.14285714285714285,0.02040816326530612
6,8,8,24,18,210,objective_development,36,delay,1,frozen,objective_development/larger/412/a6/s1/frozen/delay/lambda8,b1cc9d538ab4be3713eef556528d6ba1cc4b990867e701479041e8815f9e1c8f,412,larger,a3j0,3,False,0,replace_filter,reset_sensor,8735caedb4a4ca4f5848c36c0a91083c097863a539c92bc6d766672cb837961a,7d00fc4c935ce53f67f061a46da3ddd8a019e2f9cad5d92e60bd5dfee4c723b6,d0207f26de8a45e185c1e39bca1b7fe5ead8c56ea419d2a842bfe01298ad5557,0.1836734693877551,0.03373594335693461,0.1836734693877551,0.03373594335693461,0.7272727272727273,0.5289256198347108
6,8,8,24,18,210,objective_development,36,delay,1,frozen,objective_development/larger/412/a6/s1/frozen/delay/lambda8,b1cc9d538ab4be3713eef556528d6ba1cc4b990867e701479041e8815f9e1c8f,412,larger,a4j0,4,True,0,replace_filter,replace_filter,0f6f76ddda96422d1b0a0e741300b0f03cbef23973531daf02d2f140387ab5ce,6523c3261df3dff62f846d9d0769c4d846c1389e5e0c85063a8d41b90ffc534c,45fbc52b66be6b5d950ea5874ac75e658c1c6ce37fce1be7b53b4ceab980816b,0.14606741573033707,0.021335689938139123,0.1836734693877551,0.03373594335693461,0.14285714285714285,0.02040816326530612
6,8,8,24,18,210,objective_development,36,delay,1,frozen,objective_development/larger/412/a6/s1/frozen/delay/lambda8,b1cc9d538ab4be3713eef556528d6ba1cc4b990867e701479041e8815f9e1c8f,412,larger,a1j0,1,True,1,replace_filter,replace_filter,2d0715249822dadffc79c10923bec174234a08ffdba34b585d726cf3598c502a,7487fcbe5d13024adeffaf60c0e7d83fd9f22de7d8da9cfb9754ddc8ab5ea5dd,e4e4e1c109c8ae61ca0029b46cfd0e17d886f5f304f9804ab514a6c68a96b8aa,0.14606741573033707,0.729200858477465,0.1836734693877551,0.6663890045814245,0.2727272727272727,0.5289256198347108
6,8,8,24,18,210,objective_development,36,delay,1,frozen,objective_development/larger/412/a6/s1/frozen/delay/lambda8,b1cc9d538ab4be3713eef556528d6ba1cc4b990867e701479041e8815f9e1c8f,412,larger,a2j0,2,True,0,reset_sensor,reset_sensor,f5c9aa290a8c20eddc2435404bb731e37425e252a7fd30dcb46442afcb26c8e9,fe2d8da24568b23c114de37897e22b975242bcbdeebf3900877b99e6f2a8bf72,bfec76b6ea5521526adfdcea53752b5f32d13b9e8cf0b1481d48a67f5a8791fa,0.14606741573033707,0.021335689938139123,0.1836734693877551,0.03373594335693461,0.14285714285714285,0.02040816326530612
6,8,8,24,18,210,objective_development,36,delay,1,frozen,objective_development/larger/412/a6/s1/frozen/delay/lambda8,b1cc9d538ab4be3713eef556528d6ba1cc4b990867e701479041e8815f9e1c8f,412,larger,a5j0,5,True,0,reset_sensor,reset_sensor,483b22ab8ced91586a74ff48e1fd7af412d38071e1fa878eb1279aec893727de,8b5bac0733a037031c98d16b5f180f841ddd182bec4ab81ccd77cd6e80398784,3432b20dffb1d41d26871c340a2d64707e12ce345229dabcbf0ab8eb07185185,0.14606741573033707,0.021335689938139123,0.1836734693877551,0.03373594335693461,0.14285714285714285,0.02040816326530612
6,8,8,24,18,210,objective_development,36,delay,1,frozen,objective_development/larger/412/a6/s1/frozen/delay/lambda8,b1cc9d538ab4be3713eef556528d6ba1cc4b990867e701479041e8815f9e1c8f,412,larger,a0j1,0,True,0,replace_filter,replace_filter,eaa5317f983dd8e2d4cfb841d9fb6af34c41454035b29a8e69ad2de3489561ed,33f1dbc64fe245df76da59da57dfaefed2eea84663bd97afd436b456b76b96ee,791766e1124c0e5300641a20db730f9b3a72184e8d35a6a1b53eec830d8f455f,0.14606741573033707,0.021335689938139123,0.1836734693877551,0.03373594335693461,0.2727272727272727,0.07438016528925619
6,8,8,24,18,210,objective_development,36,delay,1,frozen,objective_development/larger/412/a6/s1/frozen/delay/lambda8,b1cc9d538ab4be3713eef556528d6ba1cc4b990867e701479041e8815f9e1c8f,412,larger,a2j1,2,True,0,replace_filter,replace_filter,61a49baff59195f41e109052fcdab219f9a992be92bebc3ebf69677374f40cd7,934bda45e42b2f113df3ff85ed0f2b638913d567255abf8a420ce183a822f2aa,2703c7fe9fb344faa1af980b638b8d735b6e0044635582e32f752025c5a08ca3,0.14606741573033707,0.021335689938139123,0.1836734693877551,0.03373594335693461,0.14285714285714285,0.02040816326530612
6,8,8,24,18,210,objective_development,36,delay,1,frozen,objective_development/larger/412/a6/s1/frozen/delay/lambda8,b1cc9d538ab4be3713eef556528d6ba1cc4b990867e701479041e8815f9e1c8f,412,larger,a3j1,3,True,0,reset_sensor,reset_sensor,ed282e6de56e981dacde8618b142a6a1f9fbcc398849ab90d5cc0c883c00b539,d69087fcea6dbe152dac6ade945a57a238da1a5e3ac6260273d98db117ecfb67,781cfb3d392db9e2f6429bfc4c0d51f7935095ca65e9b6431ee289f7c97b7cbb,0.14606741573033707,0.021335689938139123,0.1836734693877551,0.03373594335693461,0.14285714285714285,0.02040816326530612
6,8,8,24,18,210,objective_development,36,delay,1,frozen,objective_development/larger/412/a6/s1/frozen/delay/lambda8,b1cc9d538ab4be3713eef556528d6ba1cc4b990867e701479041e8815f9e1c8f,412,larger,a4j1,4,True,0,reset_sensor,reset_sensor,450d6177d81140118494dccc1581a3efb0dc2e6c2b2fa443e6803492f2e2f6e0,cc48b20c1384c57b532fdae8c709a3ba96d090d8132c221ee82bbee59804945d,4c850293833998773d9151249ca90fcb0d3a537988216ef1ed7dddd5a72efe3f,0.14606741573033707,0.021335689938139123,0.1836734693877551,0.03373594335693461,0.14285714285714285,0.02040816326530612
6,8,8,24,18,210,objective_development,36,delay,1,frozen,objective_development/larger/412/a6/s1/frozen/delay/lambda8,b1cc9d538ab4be3713eef556528d6ba1cc4b990867e701479041e8815f9e1c8f,412,larger,a1j1,1,True,0,reset_sensor,reset_sensor,5de1946d736583a4533c8797a230dc2ce902f446d398439b0f3d1e88ad4a5d3a,4984f10026420752ce642bceef65d8aafacde7a9e0ebb8047cee83a6d546e439,03151bff3f8748240dbc399d383b25fc0e11f1b504cc6162a8c5fedb64fb1fd5,0.14606741573033707,0.021335689938139123,0.1836734693877551,0.03373594335693461,0.2727272727272727,0.07438016528925619
6,8,8,24,18,210,objective_development,36,delay,1,frozen,objective_development/larger/412/a6/s1/frozen/delay/lambda8,b1cc9d538ab4be3713eef556528d6ba1cc4b990867e701479041e8815f9e1c8f,412,larger,a5j1,5,True,0,replace_filter,replace_filter,06be4e00e551f947a2c085ade0d66205287393f2f94022ce8fa4b7a533e27e2f,aa78748bfa5761e26c689e08c17c759bdf8f4611d926d21ae3f55c9a9f072d78,13c926e886f42320de832935b8f7c6852be10b844db42ecf8a992c8b7cd6f31a,0.14606741573033707,0.021335689938139123,0.1836734693877551,0.03373594335693461,0.14285714285714285,0.02040816326530612
6,8,8,24,18,210,objective_development,36,delay,1,frozen,objective_development/larger/412/a6/s1/frozen/delay/lambda8,b1cc9d538ab4be3713eef556528d6ba1cc4b990867e701479041e8815f9e1c8f,412,larger,a0j2,0,True,0,replace_filter,replace_filter,454932da4b3cc0f431b9762af23283d15f9f54647472112e328b21dda60f0f4c,0c5e23ccd66d7e159383c38156cd4f287f421931e6d7482e103d22fe7df4d6e7,da5e50db3b249d9f3cca242da7b79a1dee0443f5b0950804dde130a53b6b8fb7,0.14606741573033707,0.021335689938139123,0.1836734693877551,0.03373594335693461,0.7272727272727273,0.5289256198347108
6,8,8,24,18,210,objective_development,36,delay,1,frozen,objective_development/larger/412/a6/s1/frozen/delay/lambda8,b1cc9d538ab4be3713eef556528d6ba1cc4b990867e701479041e8815f9e1c8f,412,larger,a3j2,3,True,0,reset_sensor,reset_sensor,f364371d52a78f20ca6835b114e2be6e65fe107518d1febdcfeb75b3f3481556,5cb2d684b39d4fb62597908cbb1cf84864f5d3d6b07b7f201b636dc655ac1627,e352dca8a5a4563d886adcbf7230ece15c10c7c812ba60fb04f6d1b7546fcca4,0.14606741573033707,0.021335689938139123,0.1836734693877551,0.03373594335693461,0.14285714285714285,0.02040816326530612
6,8,8,24,18,210,objective_development,36,delay,1,frozen,objective_development/larger/412/a6/s1/frozen/delay/lambda8,b1cc9d538ab4be3713eef556528d6ba1cc4b990867e701479041e8815f9e1c8f,412,larger,a1j2,1,True,0,replace_filter,replace_filter,6a9dcf4086de937a7cea634614a4816a2efaf0b5f2f7e815abc4c60d6dadf5c6,eb0c7c281ad3cc9c9954d04e27de2756452f31ee56032bc8a6584cf9e845783d,732a2778ccbb88f90da71125b04aff6093b3e9f9fd88397555ded5a2a3bd0259,0.14606741573033707,0.021335689938139123,0.1836734693877551,0.03373594335693461,0.14285714285714285,0.02040816326530612
6,8,8,24,18,210,objective_development,36,delay,1,frozen,objective_development/larger/412/a6/s1/frozen/delay/lambda8,b1cc9d538ab4be3713eef556528d6ba1cc4b990867e701479041e8815f9e1c8f,412,larger,a2j2,2,True,0,reset_sensor,reset_sensor,1190dfa051e32b383fe00559bda5253283464275db7cc351d14aaa9e5b8e628e,4e612f104871859fdda0359a54e6b7432918218556d63ac5aedf9faad45fc643,c7a1dfa8afcd989a03789b53bba70331d40b452dadf5a4392e89f20b189b3443,0.14606741573033707,0.021335689938139123,0.1836734693877551,0.03373594335693461,0.14285714285714285,0.02040816326530612
6,8,8,24,18,210,objective_development,36,delay,1,frozen,objective_development/larger/412/a6/s1/frozen/delay/lambda8,b1cc9d538ab4be3713eef556528d6ba1cc4b990867e701479041e8815f9e1c8f,412,larger,a4j2,4,True,0,replace_filter,replace_filter,412fb9730e4b9227b3ec1ae94032c5f6fe4c8cca86f913bf129b07dd288ffc9a,42b5bb80053239f2d19e16a3463e2f6233c65909e7bd8cbbb6f8bdf6d0c12b48,cf06ca52cde3a3059b5f1947c20afb1069abe089ec111ca7c7558006b3e2988a,0.14606741573033707,0.021335689938139123,0.1836734693877551,0.03373594335693461,0.14285714285714285,0.02040816326530612
6,8,8,24,18,210,objective_development,36,delay,1,frozen,objective_development/larger/412/a6/s1/frozen/delay/lambda8,b1cc9d538ab4be3713eef556528d6ba1cc4b990867e701479041e8815f9e1c8f,412,larger,a5j2,5,True,0,replace_filter,replace_filter,4ef1e3ab8f859716f26dc2b15f628739f1b444741fe8858ee755ef59d494c1ba,7f621cc4b8ab846d39242815a4f1cdcd3e3b2dc5dbedca20a25351b58e8bc506,82044a3c9125b34c09cceef075655cfe243988845e3463c190b4a3f12ee50f2b,0.14606741573033707,0.021335689938139123,0.1836734693877551,0.03373594335693461,0.2727272727272727,0.07438016528925619
6,0,9,24,18,210,objective_development,36,delay,2,frozen,objective_development/larger/412/a6/s2/frozen/delay/lambda0,b1cc9d538ab4be3713eef556528d6ba1cc4b990867e701479041e8815f9e1c8f,412,larger,a0j0,0,True,0,reset_sensor,reset_sensor,6fc8e1c6547c427c0e91d029c451ac31c28afb7ef50b81a07973cdb7f4496a4d,7f084103c462c58a71d27c9c4e1d48d38714a904f48e0a8400dcc841e60e21e6,37c149a8340ac0f43907d755ab69cbc9fd3a9ff4e54f5844cb49907b132c73b4,0.14606741573033707,0.021335689938139123,0.1836734693877551,0.03373594335693461,0.14285714285714285,0.02040816326530612
6,0,9,24,18,210,objective_development,36,delay,2,frozen,objective_development/larger/412/a6/s2/frozen/delay/lambda0,b1cc9d538ab4be3713eef556528d6ba1cc4b990867e701479041e8815f9e1c8f,412,larger,a3j0,3,False,0,replace_filter,reset_sensor,8735caedb4a4ca4f5848c36c0a91083c097863a539c92bc6d766672cb837961a,7d00fc4c935ce53f67f061a46da3ddd8a019e2f9cad5d92e60bd5dfee4c723b6,d0207f26de8a45e185c1e39bca1b7fe5ead8c56ea419d2a842bfe01298ad5557,0.1836734693877551,0.03373594335693461,0.1836734693877551,0.03373594335693461,0.7272727272727273,0.5289256198347108
6,0,9,24,18,210,objective_development,36,delay,2,frozen,objective_development/larger/412/a6/s2/frozen/delay/lambda0,b1cc9d538ab4be3713eef556528d6ba1cc4b990867e701479041e8815f9e1c8f,412,larger,a4j0,4,True,0,replace_filter,replace_filter,0f6f76ddda96422d1b0a0e741300b0f03cbef23973531daf02d2f140387ab5ce,6523c3261df3dff62f846d9d0769c4d846c1389e5e0c85063a8d41b90ffc534c,45fbc52b66be6b5d950ea5874ac75e658c1c6ce37fce1be7b53b4ceab980816b,0.14606741573033707,0.021335689938139123,0.1836734693877551,0.03373594335693461,0.14285714285714285,0.02040816326530612
6,0,9,24,18,210,objective_development,36,delay,2,frozen,objective_development/larger/412/a6/s2/frozen/delay/lambda0,b1cc9d538ab4be3713eef556528d6ba1cc4b990867e701479041e8815f9e1c8f,412,larger,a1j0,1,True,1,replace_filter,replace_filter,2d0715249822dadffc79c10923bec174234a08ffdba34b585d726cf3598c502a,7487fcbe5d13024adeffaf60c0e7d83fd9f22de7d8da9cfb9754ddc8ab5ea5dd,e4e4e1c109c8ae61ca0029b46cfd0e17d886f5f304f9804ab514a6c68a96b8aa,0.14606741573033707,0.729200858477465,0.1836734693877551,0.6663890045814245,0.2727272727272727,0.5289256198347108
6,0,9,24,18,210,objective_development,36,delay,2,frozen,objective_development/larger/412/a6/s2/frozen/delay/lambda0,b1cc9d538ab4be3713eef556528d6ba1cc4b990867e701479041e8815f9e1c8f,412,larger,a2j0,2,True,0,reset_sensor,reset_sensor,f5c9aa290a8c20eddc2435404bb731e37425e252a7fd30dcb46442afcb26c8e9,fe2d8da24568b23c114de37897e22b975242bcbdeebf3900877b99e6f2a8bf72,bfec76b6ea5521526adfdcea53752b5f32d13b9e8cf0b1481d48a67f5a8791fa,0.14606741573033707,0.021335689938139123,0.1836734693877551,0.03373594335693461,0.14285714285714285,0.02040816326530612
6,0,9,24,18,210,objective_development,36,delay,2,frozen,objective_development/larger/412/a6/s2/frozen/delay/lambda0,b1cc9d538ab4be3713eef556528d6ba1cc4b990867e701479041e8815f9e1c8f,412,larger,a5j0,5,True,0,reset_sensor,reset_sensor,483b22ab8ced91586a74ff48e1fd7af412d38071e1fa878eb1279aec893727de,8b5bac0733a037031c98d16b5f180f841ddd182bec4ab81ccd77cd6e80398784,3432b20dffb1d41d26871c340a2d64707e12ce345229dabcbf0ab8eb07185185,0.14606741573033707,0.021335689938139123,0.1836734693877551,0.03373594335693461,0.14285714285714285,0.02040816326530612
6,0,9,24,18,210,objective_development,36,delay,2,frozen,objective_development/larger/412/a6/s2/frozen/delay/lambda0,b1cc9d538ab4be3713eef556528d6ba1cc4b990867e701479041e8815f9e1c8f,412,larger,a0j1,0,True,0,replace_filter,replace_filter,2b525bd667455a6dfe52a04e1cf3dfb3bba8221473d8b7d014d98f93bdb4ada2,c0c4e649e9145af9c661e8af929f6310f7878b5f70e34b634396b694114cba63,281a6c84910870e3311701ab0dcbcc040a829e1c392778d83f017e8d1e42bc73,0.14606741573033707,0.021335689938139123,0.1836734693877551,0.03373594335693461,0.2727272727272727,0.07438016528925619
6,0,9,24,18,210,objective_development,36,delay,2,frozen,objective_development/larger/412/a6/s2/frozen/delay/lambda0,b1cc9d538ab4be3713eef556528d6ba1cc4b990867e701479041e8815f9e1c8f,412,larger,a2j1,2,True,0,replace_filter,replace_filter,e438079f7390ceebf319f31d82d0f4b42064d3e75442d97999d265891130a0d4,faf0c36d50d88251e6ac2d45f5e965a4e20ab390fec5b3599fff5c0a25805378,9165915cbf6e86bb95b1baaf1570b2028087d9f14d20902600e9f24a5c38d7bc,0.14606741573033707,0.021335689938139123,0.1836734693877551,0.03373594335693461,0.14285714285714285,0.02040816326530612
6,0,9,24,18,210,objective_development,36,delay,2,frozen,objective_development/larger/412/a6/s2/frozen/delay/lambda0,b1cc9d538ab4be3713eef556528d6ba1cc4b990867e701479041e8815f9e1c8f,412,larger,a3j1,3,True,0,reset_sensor,reset_sensor,0efad490efdac3844957a862013c1fd7653d581c78f05835e4df1a087c7efd6f,7c24c4d0469d8772981460d08d0d32cb26fd4741b31788031e5ffc125aee8548,1e502a77da615ffa422c70139e8de967afba5b1c51f3f4920d3d9a8084102809,0.14606741573033707,0.021335689938139123,0.1836734693877551,0.03373594335693461,0.14285714285714285,0.02040816326530612
6,0,9,24,18,210,objective_development,36,delay,2,frozen,objective_development/larger/412/a6/s2/frozen/delay/lambda0,b1cc9d538ab4be3713eef556528d6ba1cc4b990867e701479041e8815f9e1c8f,412,larger,a4j1,4,True,0,reset_sensor,reset_sensor,450d6177d81140118494dccc1581a3efb0dc2e6c2b2fa443e6803492f2e2f6e0,cc48b20c1384c57b532fdae8c709a3ba96d090d8132c221ee82bbee59804945d,4c850293833998773d9151249ca90fcb0d3a537988216ef1ed7dddd5a72efe3f,0.14606741573033707,0.021335689938139123,0.1836734693877551,0.03373594335693461,0.14285714285714285,0.02040816326530612
6,0,9,24,18,210,objective_development,36,delay,2,frozen,objective_development/larger/412/a6/s2/frozen/delay/lambda0,b1cc9d538ab4be3713eef556528d6ba1cc4b990867e701479041e8815f9e1c8f,412,larger,a1j1,1,True,0,reset_sensor,reset_sensor,d77306ea40c944478fa3ad6001d48b53fab1c1d105d379131456e1eb0f28a48b,791e60aa4a647828cd1d276351dc1ccf588799da4b8870ec60386674f5861c63,7e119101cc2d5e539e79221a17f841aab815c0a9b1435a48a8435a58270768a8,0.14606741573033707,0.021335689938139123,0.1836734693877551,0.03373594335693461,0.2727272727272727,0.07438016528925619
6,0,9,24,18,210,objective_development,36,delay,2,frozen,objective_development/larger/412/a6/s2/frozen/delay/lambda0,b1cc9d538ab4be3713eef556528d6ba1cc4b990867e701479041e8815f9e1c8f,412,larger,a5j1,5,True,0,replace_filter,replace_filter,9c03f56e9362907b5c83838f35da0ae8bffa78efd3dc74a470cc60b6ab452042,17754e1036dca3ea9608553f365b7a40cf05376c2d8c9934678b3249803f2f7e,c125281d34efb8f6fb8ea8e7d01e4dfe38c4c227ffa089c813b69c1183260f13,0.14606741573033707,0.021335689938139123,0.1836734693877551,0.03373594335693461,0.14285714285714285,0.02040816326530612
6,0,9,24,18,210,objective_development,36,delay,2,frozen,objective_development/larger/412/a6/s2/frozen/delay/lambda0,b1cc9d538ab4be3713eef556528d6ba1cc4b990867e701479041e8815f9e1c8f,412,larger,a0j2,0,True,0,replace_filter,replace_filter,dc2be6534f0cb17be697d4deb6aa4de7a65e59cef5c16331ec6a8dcb71bc02c2,0f7c9655c500f52c0c29db89c2bdf38ac402e8ce9fef3f4744386c8b43e5561f,e8eb6f7f4a61573ac7362259ee6de5940aab265cc71d4b9b2d53299062fdeb46,0.14606741573033707,0.021335689938139123,0.1836734693877551,0.03373594335693461,0.7272727272727273,0.5289256198347108
6,0,9,24,18,210,objective_development,36,delay,2,frozen,objective_development/larger/412/a6/s2/frozen/delay/lambda0,b1cc9d538ab4be3713eef556528d6ba1cc4b990867e701479041e8815f9e1c8f,412,larger,a3j2,3,True,0,reset_sensor,reset_sensor,39a9f98d4bc20fd9c3f54d61482807b54008383c5937a62b1db75905442e94a0,9739fae5f2cb346150332c536db374fe0cf746ddc5e0738478f3ebda18883f6b,30636d06cec09807a11805f648e8ef36d51c9ca873bcaf8c41f88dfec17294c2,0.14606741573033707,0.021335689938139123,0.1836734693877551,0.03373594335693461,0.14285714285714285,0.02040816326530612
6,0,9,24,18,210,objective_development,36,delay,2,frozen,objective_development/larger/412/a6/s2/frozen/delay/lambda0,b1cc9d538ab4be3713eef556528d6ba1cc4b990867e701479041e8815f9e1c8f,412,larger,a1j2,1,True,0,replace_filter,replace_filter,02b4611035be57b1cea2bd1ba9a595d7fb15f19722cf0b24a3056586bbba7e4e,7fafeb6f1e849ace23d306adcbb4c348fb9f959073b8644362c21246687baba3,4a18167904a9409773cc34a738fac5180f5d71ed74f87405aabcc224e67c95f8,0.14606741573033707,0.021335689938139123,0.1836734693877551,0.03373594335693461,0.14285714285714285,0.02040816326530612
6,0,9,24,18,210,objective_development,36,delay,2,frozen,objective_development/larger/412/a6/s2/frozen/delay/lambda0,b1cc9d538ab4be3713eef556528d6ba1cc4b990867e701479041e8815f9e1c8f,412,larger,a2j2,2,True,0,reset_sensor,reset_sensor,77a2e26065b222494c8c8527caf04a3b545aa5bc021909290a476153bd17beed,543db0436504cb25b5c00896ef53469395be19198eea097413aa226266305a9a,59f6eac52313f1b145761ce8e6829707a45f150e9db544de38d2fec3cbe0d682,0.14606741573033707,0.021335689938139123,0.1836734693877551,0.03373594335693461,0.14285714285714285,0.02040816326530612
6,0,9,24,18,210,objective_development,36,delay,2,frozen,objective_development/larger/412/a6/s2/frozen/delay/lambda0,b1cc9d538ab4be3713eef556528d6ba1cc4b990867e701479041e8815f9e1c8f,412,larger,a4j2,4,True,0,replace_filter,replace_filter,412fb9730e4b9227b3ec1ae94032c5f6fe4c8cca86f913bf129b07dd288ffc9a,42b5bb80053239f2d19e16a3463e2f6233c65909e7bd8cbbb6f8bdf6d0c12b48,cf06ca52cde3a3059b5f1947c20afb1069abe089ec111ca7c7558006b3e2988a,0.14606741573033707,0.021335689938139123,0.1836734693877551,0.03373594335693461,0.14285714285714285,0.02040816326530612
6,0,9,24,18,210,objective_development,36,delay,2,frozen,objective_development/larger/412/a6/s2/frozen/delay/lambda0,b1cc9d538ab4be3713eef556528d6ba1cc4b990867e701479041e8815f9e1c8f,412,larger,a5j2,5,True,0,replace_filter,replace_filter,d6e80b917be041df91efb3bbc1b1b6e20f8c54d9bf07be414a21d402b0ec1318,ae5718dceba9c9bb74a86983c61d635f78c6e5a2a32bd59655f9c58e6a3938da,ce59ec0ce89f0d81e6d4716b9da0f39724f9d41b64aad3726307bc3145991483,0.14606741573033707,0.021335689938139123,0.1836734693877551,0.03373594335693461,0.2727272727272727,0.07438016528925619
6,4,10,24,18,210,objective_development,36,delay,2,frozen,objective_development/larger/412/a6/s2/frozen/delay/lambda4,b1cc9d538ab4be3713eef556528d6ba1cc4b990867e701479041e8815f9e1c8f,412,larger,a0j0,0,True,0,reset_sensor,reset_sensor,6fc8e1c6547c427c0e91d029c451ac31c28afb7ef50b81a07973cdb7f4496a4d,7f084103c462c58a71d27c9c4e1d48d38714a904f48e0a8400dcc841e60e21e6,37c149a8340ac0f43907d755ab69cbc9fd3a9ff4e54f5844cb49907b132c73b4,0.14606741573033707,0.021335689938139123,0.1836734693877551,0.03373594335693461,0.14285714285714285,0.02040816326530612
6,4,10,24,18,210,objective_development,36,delay,2,frozen,objective_development/larger/412/a6/s2/frozen/delay/lambda4,b1cc9d538ab4be3713eef556528d6ba1cc4b990867e701479041e8815f9e1c8f,412,larger,a3j0,3,False,0,replace_filter,reset_sensor,8735caedb4a4ca4f5848c36c0a91083c097863a539c92bc6d766672cb837961a,7d00fc4c935ce53f67f061a46da3ddd8a019e2f9cad5d92e60bd5dfee4c723b6,d0207f26de8a45e185c1e39bca1b7fe5ead8c56ea419d2a842bfe01298ad5557,0.1836734693877551,0.03373594335693461,0.1836734693877551,0.03373594335693461,0.7272727272727273,0.5289256198347108
6,4,10,24,18,210,objective_development,36,delay,2,frozen,objective_development/larger/412/a6/s2/frozen/delay/lambda4,b1cc9d538ab4be3713eef556528d6ba1cc4b990867e701479041e8815f9e1c8f,412,larger,a4j0,4,True,0,replace_filter,replace_filter,0f6f76ddda96422d1b0a0e741300b0f03cbef23973531daf02d2f140387ab5ce,6523c3261df3dff62f846d9d0769c4d846c1389e5e0c85063a8d41b90ffc534c,45fbc52b66be6b5d950ea5874ac75e658c1c6ce37fce1be7b53b4ceab980816b,0.14606741573033707,0.021335689938139123,0.1836734693877551,0.03373594335693461,0.14285714285714285,0.02040816326530612
6,4,10,24,18,210,objective_development,36,delay,2,frozen,objective_development/larger/412/a6/s2/frozen/delay/lambda4,b1cc9d538ab4be3713eef556528d6ba1cc4b990867e701479041e8815f9e1c8f,412,larger,a1j0,1,True,1,replace_filter,replace_filter,2d0715249822dadffc79c10923bec174234a08ffdba34b585d726cf3598c502a,7487fcbe5d13024adeffaf60c0e7d83fd9f22de7d8da9cfb9754ddc8ab5ea5dd,e4e4e1c109c8ae61ca0029b46cfd0e17d886f5f304f9804ab514a6c68a96b8aa,0.14606741573033707,0.729200858477465,0.1836734693877551,0.6663890045814245,0.2727272727272727,0.5289256198347108
6,4,10,24,18,210,objective_development,36,delay,2,frozen,objective_development/larger/412/a6/s2/frozen/delay/lambda4,b1cc9d538ab4be3713eef556528d6ba1cc4b990867e701479041e8815f9e1c8f,412,larger,a2j0,2,True,0,reset_sensor,reset_sensor,f5c9aa290a8c20eddc2435404bb731e37425e252a7fd30dcb46442afcb26c8e9,fe2d8da24568b23c114de37897e22b975242bcbdeebf3900877b99e6f2a8bf72,bfec76b6ea5521526adfdcea53752b5f32d13b9e8cf0b1481d48a67f5a8791fa,0.14606741573033707,0.021335689938139123,0.1836734693877551,0.03373594335693461,0.14285714285714285,0.02040816326530612
6,4,10,24,18,210,objective_development,36,delay,2,frozen,objective_development/larger/412/a6/s2/frozen/delay/lambda4,b1cc9d538ab4be3713eef556528d6ba1cc4b990867e701479041e8815f9e1c8f,412,larger,a5j0,5,True,0,reset_sensor,reset_sensor,483b22ab8ced91586a74ff48e1fd7af412d38071e1fa878eb1279aec893727de,8b5bac0733a037031c98d16b5f180f841ddd182bec4ab81ccd77cd6e80398784,3432b20dffb1d41d26871c340a2d64707e12ce345229dabcbf0ab8eb07185185,0.14606741573033707,0.021335689938139123,0.1836734693877551,0.03373594335693461,0.14285714285714285,0.02040816326530612
6,4,10,24,18,210,objective_development,36,delay,2,frozen,objective_development/larger/412/a6/s2/frozen/delay/lambda4,b1cc9d538ab4be3713eef556528d6ba1cc4b990867e701479041e8815f9e1c8f,412,larger,a0j1,0,True,0,replace_filter,replace_filter,2b525bd667455a6dfe52a04e1cf3dfb3bba8221473d8b7d014d98f93bdb4ada2,c0c4e649e9145af9c661e8af929f6310f7878b5f70e34b634396b694114cba63,281a6c84910870e3311701ab0dcbcc040a829e1c392778d83f017e8d1e42bc73,0.14606741573033707,0.021335689938139123,0.1836734693877551,0.03373594335693461,0.2727272727272727,0.07438016528925619
6,4,10,24,18,210,objective_development,36,delay,2,frozen,objective_development/larger/412/a6/s2/frozen/delay/lambda4,b1cc9d538ab4be3713eef556528d6ba1cc4b990867e701479041e8815f9e1c8f,412,larger,a2j1,2,True,0,replace_filter,replace_filter,e438079f7390ceebf319f31d82d0f4b42064d3e75442d97999d265891130a0d4,faf0c36d50d88251e6ac2d45f5e965a4e20ab390fec5b3599fff5c0a25805378,9165915cbf6e86bb95b1baaf1570b2028087d9f14d20902600e9f24a5c38d7bc,0.14606741573033707,0.021335689938139123,0.1836734693877551,0.03373594335693461,0.14285714285714285,0.02040816326530612
6,4,10,24,18,210,objective_development,36,delay,2,frozen,objective_development/larger/412/a6/s2/frozen/delay/lambda4,b1cc9d538ab4be3713eef556528d6ba1cc4b990867e701479041e8815f9e1c8f,412,larger,a3j1,3,True,0,reset_sensor,reset_sensor,0efad490efdac3844957a862013c1fd7653d581c78f05835e4df1a087c7efd6f,7c24c4d0469d8772981460d08d0d32cb26fd4741b31788031e5ffc125aee8548,1e502a77da615ffa422c70139e8de967afba5b1c51f3f4920d3d9a8084102809,0.14606741573033707,0.021335689938139123,0.1836734693877551,0.03373594335693461,0.14285714285714285,0.02040816326530612
6,4,10,24,18,210,objective_development,36,delay,2,frozen,objective_development/larger/412/a6/s2/frozen/delay/lambda4,b1cc9d538ab4be3713eef556528d6ba1cc4b990867e701479041e8815f9e1c8f,412,larger,a4j1,4,True,0,reset_sensor,reset_sensor,450d6177d81140118494dccc1581a3efb0dc2e6c2b2fa443e6803492f2e2f6e0,cc48b20c1384c57b532fdae8c709a3ba96d090d8132c221ee82bbee59804945d,4c850293833998773d9151249ca90fcb0d3a537988216ef1ed7dddd5a72efe3f,0.14606741573033707,0.021335689938139123,0.1836734693877551,0.03373594335693461,0.14285714285714285,0.02040816326530612
6,4,10,24,18,210,objective_development,36,delay,2,frozen,objective_development/larger/412/a6/s2/frozen/delay/lambda4,b1cc9d538ab4be3713eef556528d6ba1cc4b990867e701479041e8815f9e1c8f,412,larger,a1j1,1,True,0,reset_sensor,reset_sensor,d77306ea40c944478fa3ad6001d48b53fab1c1d105d379131456e1eb0f28a48b,791e60aa4a647828cd1d276351dc1ccf588799da4b8870ec60386674f5861c63,7e119101cc2d5e539e79221a17f841aab815c0a9b1435a48a8435a58270768a8,0.14606741573033707,0.021335689938139123,0.1836734693877551,0.03373594335693461,0.2727272727272727,0.07438016528925619
6,4,10,24,18,210,objective_development,36,delay,2,frozen,objective_development/larger/412/a6/s2/frozen/delay/lambda4,b1cc9d538ab4be3713eef556528d6ba1cc4b990867e701479041e8815f9e1c8f,412,larger,a5j1,5,True,0,replace_filter,replace_filter,9c03f56e9362907b5c83838f35da0ae8bffa78efd3dc74a470cc60b6ab452042,17754e1036dca3ea9608553f365b7a40cf05376c2d8c9934678b3249803f2f7e,c125281d34efb8f6fb8ea8e7d01e4dfe38c4c227ffa089c813b69c1183260f13,0.14606741573033707,0.021335689938139123,0.1836734693877551,0.03373594335693461,0.14285714285714285,0.02040816326530612
6,4,10,24,18,210,objective_development,36,delay,2,frozen,objective_development/larger/412/a6/s2/frozen/delay/lambda4,b1cc9d538ab4be3713eef556528d6ba1cc4b990867e701479041e8815f9e1c8f,412,larger,a0j2,0,True,0,replace_filter,replace_filter,5ca6f7eaac5a914ccff705422061d8eabcaa2b894561f550f3577a32601772df,91849e8aa97b40457d02df5dce6860097b1080c49636e322fbeb71a7fab5140f,8112f415e2e63430d2de1c2c912677b5e34db8ffe9d4ac9091109210b0ac38f7,0.14606741573033707,0.021335689938139123,0.1836734693877551,0.03373594335693461,0.7272727272727273,0.5289256198347108
6,4,10,24,18,210,objective_development,36,delay,2,frozen,objective_development/larger/412/a6/s2/frozen/delay/lambda4,b1cc9d538ab4be3713eef556528d6ba1cc4b990867e701479041e8815f9e1c8f,412,larger,a3j2,3,True,0,reset_sensor,reset_sensor,39a9f98d4bc20fd9c3f54d61482807b54008383c5937a62b1db75905442e94a0,9739fae5f2cb346150332c536db374fe0cf746ddc5e0738478f3ebda18883f6b,30636d06cec09807a11805f648e8ef36d51c9ca873bcaf8c41f88dfec17294c2,0.14606741573033707,0.021335689938139123,0.1836734693877551,0.03373594335693461,0.14285714285714285,0.02040816326530612
6,4,10,24,18,210,objective_development,36,delay,2,frozen,objective_development/larger/412/a6/s2/frozen/delay/lambda4,b1cc9d538ab4be3713eef556528d6ba1cc4b990867e701479041e8815f9e1c8f,412,larger,a1j2,1,True,0,replace_filter,replace_filter,02b4611035be57b1cea2bd1ba9a595d7fb15f19722cf0b24a3056586bbba7e4e,7fafeb6f1e849ace23d306adcbb4c348fb9f959073b8644362c21246687baba3,4a18167904a9409773cc34a738fac5180f5d71ed74f87405aabcc224e67c95f8,0.14606741573033707,0.021335689938139123,0.1836734693877551,0.03373594335693461,0.14285714285714285,0.02040816326530612
6,4,10,24,18,210,objective_development,36,delay,2,frozen,objective_development/larger/412/a6/s2/frozen/delay/lambda4,b1cc9d538ab4be3713eef556528d6ba1cc4b990867e701479041e8815f9e1c8f,412,larger,a2j2,2,True,0,reset_sensor,reset_sensor,65858e439ce4d1fb0543c582c4d328e4609524313e33645ab09ab71115dc65e5,9d35a17f205f5f7c4d961eea135d5c8f9413ad9130dc98d383bbac1dbc939244,523a40d7007d2ccebd829a697d9bc5c153dc830988bf467d7b89ee6eb48bd975,0.14606741573033707,0.021335689938139123,0.1836734693877551,0.03373594335693461,0.14285714285714285,0.02040816326530612
6,4,10,24,18,210,objective_development,36,delay,2,frozen,objective_development/larger/412/a6/s2/frozen/delay/lambda4,b1cc9d538ab4be3713eef556528d6ba1cc4b990867e701479041e8815f9e1c8f,412,larger,a4j2,4,True,0,replace_filter,replace_filter,412fb9730e4b9227b3ec1ae94032c5f6fe4c8cca86f913bf129b07dd288ffc9a,42b5bb80053239f2d19e16a3463e2f6233c65909e7bd8cbbb6f8bdf6d0c12b48,cf06ca52cde3a3059b5f1947c20afb1069abe089ec111ca7c7558006b3e2988a,0.14606741573033707,0.021335689938139123,0.1836734693877551,0.03373594335693461,0.14285714285714285,0.02040816326530612
6,4,10,24,18,210,objective_development,36,delay,2,frozen,objective_development/larger/412/a6/s2/frozen/delay/lambda4,b1cc9d538ab4be3713eef556528d6ba1cc4b990867e701479041e8815f9e1c8f,412,larger,a5j2,5,True,0,replace_filter,replace_filter,d6e80b917be041df91efb3bbc1b1b6e20f8c54d9bf07be414a21d402b0ec1318,ae5718dceba9c9bb74a86983c61d635f78c6e5a2a32bd59655f9c58e6a3938da,ce59ec0ce89f0d81e6d4716b9da0f39724f9d41b64aad3726307bc3145991483,0.14606741573033707,0.021335689938139123,0.1836734693877551,0.03373594335693461,0.2727272727272727,0.07438016528925619
6,8,11,24,18,210,objective_development,36,delay,2,frozen,objective_development/larger/412/a6/s2/frozen/delay/lambda8,b1cc9d538ab4be3713eef556528d6ba1cc4b990867e701479041e8815f9e1c8f,412,larger,a0j0,0,True,0,reset_sensor,reset_sensor,6fc8e1c6547c427c0e91d029c451ac31c28afb7ef50b81a07973cdb7f4496a4d,7f084103c462c58a71d27c9c4e1d48d38714a904f48e0a8400dcc841e60e21e6,37c149a8340ac0f43907d755ab69cbc9fd3a9ff4e54f5844cb49907b132c73b4,0.14606741573033707,0.021335689938139123,0.1836734693877551,0.03373594335693461,0.14285714285714285,0.02040816326530612
6,8,11,24,18,210,objective_development,36,delay,2,frozen,objective_development/larger/412/a6/s2/frozen/delay/lambda8,b1cc9d538ab4be3713eef556528d6ba1cc4b990867e701479041e8815f9e1c8f,412,larger,a3j0,3,False,0,replace_filter,reset_sensor,8735caedb4a4ca4f5848c36c0a91083c097863a539c92bc6d766672cb837961a,7d00fc4c935ce53f67f061a46da3ddd8a019e2f9cad5d92e60bd5dfee4c723b6,d0207f26de8a45e185c1e39bca1b7fe5ead8c56ea419d2a842bfe01298ad5557,0.1836734693877551,0.03373594335693461,0.1836734693877551,0.03373594335693461,0.7272727272727273,0.5289256198347108
6,8,11,24,18,210,objective_development,36,delay,2,frozen,objective_development/larger/412/a6/s2/frozen/delay/lambda8,b1cc9d538ab4be3713eef556528d6ba1cc4b990867e701479041e8815f9e1c8f,412,larger,a4j0,4,True,0,replace_filter,replace_filter,0f6f76ddda96422d1b0a0e741300b0f03cbef23973531daf02d2f140387ab5ce,6523c3261df3dff62f846d9d0769c4d846c1389e5e0c85063a8d41b90ffc534c,45fbc52b66be6b5d950ea5874ac75e658c1c6ce37fce1be7b53b4ceab980816b,0.14606741573033707,0.021335689938139123,0.1836734693877551,0.03373594335693461,0.14285714285714285,0.02040816326530612
6,8,11,24,18,210,objective_development,36,delay,2,frozen,objective_development/larger/412/a6/s2/frozen/delay/lambda8,b1cc9d538ab4be3713eef556528d6ba1cc4b990867e701479041e8815f9e1c8f,412,larger,a1j0,1,True,1,replace_filter,replace_filter,2d0715249822dadffc79c10923bec174234a08ffdba34b585d726cf3598c502a,7487fcbe5d13024adeffaf60c0e7d83fd9f22de7d8da9cfb9754ddc8ab5ea5dd,e4e4e1c109c8ae61ca0029b46cfd0e17d886f5f304f9804ab514a6c68a96b8aa,0.14606741573033707,0.729200858477465,0.1836734693877551,0.6663890045814245,0.2727272727272727,0.5289256198347108
6,8,11,24,18,210,objective_development,36,delay,2,frozen,objective_development/larger/412/a6/s2/frozen/delay/lambda8,b1cc9d538ab4be3713eef556528d6ba1cc4b990867e701479041e8815f9e1c8f,412,larger,a2j0,2,True,0,reset_sensor,reset_sensor,f5c9aa290a8c20eddc2435404bb731e37425e252a7fd30dcb46442afcb26c8e9,fe2d8da24568b23c114de37897e22b975242bcbdeebf3900877b99e6f2a8bf72,bfec76b6ea5521526adfdcea53752b5f32d13b9e8cf0b1481d48a67f5a8791fa,0.14606741573033707,0.021335689938139123,0.1836734693877551,0.03373594335693461,0.14285714285714285,0.02040816326530612
6,8,11,24,18,210,objective_development,36,delay,2,frozen,objective_development/larger/412/a6/s2/frozen/delay/lambda8,b1cc9d538ab4be3713eef556528d6ba1cc4b990867e701479041e8815f9e1c8f,412,larger,a5j0,5,True,0,reset_sensor,reset_sensor,483b22ab8ced91586a74ff48e1fd7af412d38071e1fa878eb1279aec893727de,8b5bac0733a037031c98d16b5f180f841ddd182bec4ab81ccd77cd6e80398784,3432b20dffb1d41d26871c340a2d64707e12ce345229dabcbf0ab8eb07185185,0.14606741573033707,0.021335689938139123,0.1836734693877551,0.03373594335693461,0.14285714285714285,0.02040816326530612
6,8,11,24,18,210,objective_development,36,delay,2,frozen,objective_development/larger/412/a6/s2/frozen/delay/lambda8,b1cc9d538ab4be3713eef556528d6ba1cc4b990867e701479041e8815f9e1c8f,412,larger,a0j1,0,True,0,replace_filter,replace_filter,2b525bd667455a6dfe52a04e1cf3dfb3bba8221473d8b7d014d98f93bdb4ada2,c0c4e649e9145af9c661e8af929f6310f7878b5f70e34b634396b694114cba63,281a6c84910870e3311701ab0dcbcc040a829e1c392778d83f017e8d1e42bc73,0.14606741573033707,0.021335689938139123,0.1836734693877551,0.03373594335693461,0.2727272727272727,0.07438016528925619
6,8,11,24,18,210,objective_development,36,delay,2,frozen,objective_development/larger/412/a6/s2/frozen/delay/lambda8,b1cc9d538ab4be3713eef556528d6ba1cc4b990867e701479041e8815f9e1c8f,412,larger,a2j1,2,True,0,replace_filter,replace_filter,e438079f7390ceebf319f31d82d0f4b42064d3e75442d97999d265891130a0d4,faf0c36d50d88251e6ac2d45f5e965a4e20ab390fec5b3599fff5c0a25805378,9165915cbf6e86bb95b1baaf1570b2028087d9f14d20902600e9f24a5c38d7bc,0.14606741573033707,0.021335689938139123,0.1836734693877551,0.03373594335693461,0.14285714285714285,0.02040816326530612
6,8,11,24,18,210,objective_development,36,delay,2,frozen,objective_development/larger/412/a6/s2/frozen/delay/lambda8,b1cc9d538ab4be3713eef556528d6ba1cc4b990867e701479041e8815f9e1c8f,412,larger,a3j1,3,True,0,reset_sensor,reset_sensor,0efad490efdac3844957a862013c1fd7653d581c78f05835e4df1a087c7efd6f,7c24c4d0469d8772981460d08d0d32cb26fd4741b31788031e5ffc125aee8548,1e502a77da615ffa422c70139e8de967afba5b1c51f3f4920d3d9a8084102809,0.14606741573033707,0.021335689938139123,0.1836734693877551,0.03373594335693461,0.14285714285714285,0.02040816326530612
6,8,11,24,18,210,objective_development,36,delay,2,frozen,objective_development/larger/412/a6/s2/frozen/delay/lambda8,b1cc9d538ab4be3713eef556528d6ba1cc4b990867e701479041e8815f9e1c8f,412,larger,a4j1,4,True,0,reset_sensor,reset_sensor,450d6177d81140118494dccc1581a3efb0dc2e6c2b2fa443e6803492f2e2f6e0,cc48b20c1384c57b532fdae8c709a3ba96d090d8132c221ee82bbee59804945d,4c850293833998773d9151249ca90fcb0d3a537988216ef1ed7dddd5a72efe3f,0.14606741573033707,0.021335689938139123,0.1836734693877551,0.03373594335693461,0.14285714285714285,0.02040816326530612
6,8,11,24,18,210,objective_development,36,delay,2,frozen,objective_development/larger/412/a6/s2/frozen/delay/lambda8,b1cc9d538ab4be3713eef556528d6ba1cc4b990867e701479041e8815f9e1c8f,412,larger,a1j1,1,True,0,reset_sensor,reset_sensor,d77306ea40c944478fa3ad6001d48b53fab1c1d105d379131456e1eb0f28a48b,791e60aa4a647828cd1d276351dc1ccf588799da4b8870ec60386674f5861c63,7e119101cc2d5e539e79221a17f841aab815c0a9b1435a48a8435a58270768a8,0.14606741573033707,0.021335689938139123,0.1836734693877551,0.03373594335693461,0.2727272727272727,0.07438016528925619
6,8,11,24,18,210,objective_development,36,delay,2,frozen,objective_development/larger/412/a6/s2/frozen/delay/lambda8,b1cc9d538ab4be3713eef556528d6ba1cc4b990867e701479041e8815f9e1c8f,412,larger,a5j1,5,True,0,replace_filter,replace_filter,9c03f56e9362907b5c83838f35da0ae8bffa78efd3dc74a470cc60b6ab452042,17754e1036dca3ea9608553f365b7a40cf05376c2d8c9934678b3249803f2f7e,c125281d34efb8f6fb8ea8e7d01e4dfe38c4c227ffa089c813b69c1183260f13,0.14606741573033707,0.021335689938139123,0.1836734693877551,0.03373594335693461,0.14285714285714285,0.02040816326530612
6,8,11,24,18,210,objective_development,36,delay,2,frozen,objective_development/larger/412/a6/s2/frozen/delay/lambda8,b1cc9d538ab4be3713eef556528d6ba1cc4b990867e701479041e8815f9e1c8f,412,larger,a0j2,0,True,0,replace_filter,replace_filter,5ca6f7eaac5a914ccff705422061d8eabcaa2b894561f550f3577a32601772df,91849e8aa97b40457d02df5dce6860097b1080c49636e322fbeb71a7fab5140f,8112f415e2e63430d2de1c2c912677b5e34db8ffe9d4ac9091109210b0ac38f7,0.14606741573033707,0.021335689938139123,0.1836734693877551,0.03373594335693461,0.7272727272727273,0.5289256198347108
6,8,11,24,18,210,objective_development,36,delay,2,frozen,objective_development/larger/412/a6/s2/frozen/delay/lambda8,b1cc9d538ab4be3713eef556528d6ba1cc4b990867e701479041e8815f9e1c8f,412,larger,a3j2,3,True,0,reset_sensor,reset_sensor,39a9f98d4bc20fd9c3f54d61482807b54008383c5937a62b1db75905442e94a0,9739fae5f2cb346150332c536db374fe0cf746ddc5e0738478f3ebda18883f6b,30636d06cec09807a11805f648e8ef36d51c9ca873bcaf8c41f88dfec17294c2,0.14606741573033707,0.021335689938139123,0.1836734693877551,0.03373594335693461,0.14285714285714285,0.02040816326530612
6,8,11,24,18,210,objective_development,36,delay,2,frozen,objective_development/larger/412/a6/s2/frozen/delay/lambda8,b1cc9d538ab4be3713eef556528d6ba1cc4b990867e701479041e8815f9e1c8f,412,larger,a1j2,1,True,0,replace_filter,replace_filter,02b4611035be57b1cea2bd1ba9a595d7fb15f19722cf0b24a3056586bbba7e4e,7fafeb6f1e849ace23d306adcbb4c348fb9f959073b8644362c21246687baba3,4a18167904a9409773cc34a738fac5180f5d71ed74f87405aabcc224e67c95f8,0.14606741573033707,0.021335689938139123,0.1836734693877551,0.03373594335693461,0.14285714285714285,0.02040816326530612
6,8,11,24,18,210,objective_development,36,delay,2,frozen,objective_development/larger/412/a6/s2/frozen/delay/lambda8,b1cc9d538ab4be3713eef556528d6ba1cc4b990867e701479041e8815f9e1c8f,412,larger,a2j2,2,True,0,reset_sensor,reset_sensor,65858e439ce4d1fb0543c582c4d328e4609524313e33645ab09ab71115dc65e5,9d35a17f205f5f7c4d961eea135d5c8f9413ad9130dc98d383bbac1dbc939244,523a40d7007d2ccebd829a697d9bc5c153dc830988bf467d7b89ee6eb48bd975,0.14606741573033707,0.021335689938139123,0.1836734693877551,0.03373594335693461,0.14285714285714285,0.02040816326530612
6,8,11,24,18,210,objective_development,36,delay,2,frozen,objective_development/larger/412/a6/s2/frozen/delay/lambda8,b1cc9d538ab4be3713eef556528d6ba1cc4b990867e701479041e8815f9e1c8f,412,larger,a4j2,4,True,0,replace_filter,replace_filter,412fb9730e4b9227b3ec1ae94032c5f6fe4c8cca86f913bf129b07dd288ffc9a,42b5bb80053239f2d19e16a3463e2f6233c65909e7bd8cbbb6f8bdf6d0c12b48,cf06ca52cde3a3059b5f1947c20afb1069abe089ec111ca7c7558006b3e2988a,0.14606741573033707,0.021335689938139123,0.1836734693877551,0.03373594335693461,0.14285714285714285,0.02040816326530612
6,8,11,24,18,210,objective_development,36,delay,2,frozen,objective_development/larger/412/a6/s2/frozen/delay/lambda8,b1cc9d538ab4be3713eef556528d6ba1cc4b990867e701479041e8815f9e1c8f,412,larger,a5j2,5,True,0,replace_filter,replace_filter,d6e80b917be041df91efb3bbc1b1b6e20f8c54d9bf07be414a21d402b0ec1318,ae5718dceba9c9bb74a86983c61d635f78c6e5a2a32bd59655f9c58e6a3938da,ce59ec0ce89f0d81e6d4716b9da0f39724f9d41b64aad3726307bc3145991483,0.14606741573033707,0.021335689938139123,0.1836734693877551,0.03373594335693461,0.2727272727272727,0.07438016528925619
6,4,12,24,18,212,objective_development,36,delay,2,frozen,objective_development/larger/413/a6/s2/frozen/delay/lambda4,1e4b18e0e15621ba6cf6be21070fc60045f531732faf400f01f981d3f6df4b36,413,larger,a2j0,2,True,1,replace_filter,replace_filter,bdc09e962875eb54d6663d585c3631f34ec32f36ad87b1a5b79ebe561efbf52a,6f30ba5799e1ff85ccd5c6387495f52f79aba0335e9398ef244f173cc1695ad2,f9942f7c183dd4ff6e25f45359a8931edb3a315a26054fc78c793589534c4f5c,0.14606741573033707,0.729200858477465,0.1836734693877551,0.6663890045814245,0.2727272727272727,0.5289256198347108
6,4,12,24,18,212,objective_development,36,delay,2,frozen,objective_development/larger/413/a6/s2/frozen/delay/lambda4,1e4b18e0e15621ba6cf6be21070fc60045f531732faf400f01f981d3f6df4b36,413,larger,a4j0,4,True,1,replace_filter,replace_filter,5fadb2e4c3b8a0b2fe65a4e0b94424a99db85c7cc31b3cece8cb5622fe66be49,a19603c7d194fd78bac19f3a52ac09a9de1abef285d4ab484c8417175924051c,ed2280dee9aa68b5ae0c034ee1effdbb6c0047ef36266a45676d9403e15af07e,0.14606741573033707,0.729200858477465,0.1836734693877551,0.6663890045814245,0.7272727272727273,0.07438016528925619
6,4,12,24,18,212,objective_development,36,delay,2,frozen,objective_development/larger/413/a6/s2/frozen/delay/lambda4,1e4b18e0e15621ba6cf6be21070fc60045f531732faf400f01f981d3f6df4b36,413,larger,a5j0,5,True,0,replace_filter,replace_filter,ae5bc0e952fe834a4b802e018aa9285b4362fae57b086a5b2c0987d28e5eb28e,77e4f542493b0a9474c14412dd93acd89e1fda74612edef843ecdabe101611c7,0a3f10f4db335c55691d7a06429da110d2254f6f233b5bcda1611d7d1df6fd43,0.14606741573033707,0.021335689938139123,0.1836734693877551,0.03373594335693461,0.14285714285714285,0.02040816326530612
6,4,12,24,18,212,objective_development,36,delay,2,frozen,objective_development/larger/413/a6/s2/frozen/delay/lambda4,1e4b18e0e15621ba6cf6be21070fc60045f531732faf400f01f981d3f6df4b36,413,larger,a0j0,0,True,0,replace_filter,replace_filter,11ef16a17ef850eb50124a100cc3e5063b192e58b7d34d0ec6611f12f4fa4cf9,d566a6103eeb4190de0203e7c4a1c9c2d504dd697f5b96a1110135a56db5e5cf,e593a6f1de045e3b8cf7bfa213fc805d9a8cbb4e87263fe96a88a0bb2436070d,0.14606741573033707,0.021335689938139123,0.1836734693877551,0.03373594335693461,0.14285714285714285,0.02040816326530612
6,4,12,24,18,212,objective_development,36,delay,2,frozen,objective_development/larger/413/a6/s2/frozen/delay/lambda4,1e4b18e0e15621ba6cf6be21070fc60045f531732faf400f01f981d3f6df4b36,413,larger,a1j0,1,True,1,replace_filter,replace_filter,4c0f61e3628f3ea109e7369fdc36522d3ed8d4ca8fc90ba37b5ddfe67af4c959,a9c986673e37725e3c7942bd1745c4aa59055a40f393061e66e58b280307d8a4,a692111bc5cb328bcd57f1287f28b9d3e3e16186dd3c7592d183ec6e09437a9f,0.14606741573033707,0.729200858477465,0.1836734693877551,0.6663890045814245,0.2727272727272727,0.5289256198347108
6,4,12,24,18,212,objective_development,36,delay,2,frozen,objective_development/larger/413/a6/s2/frozen/delay/lambda4,1e4b18e0e15621ba6cf6be21070fc60045f531732faf400f01f981d3f6df4b36,413,larger,a3j0,3,True,0,reset_sensor,reset_sensor,0af37f232df721b4a121f3bcdef6ecaffa5411b3ecf1f0ff263d27b6c8bad397,34f045bf7e2188767391f5544d52358028f17c4ac019e54db94aab1488abddaf,2330969efe68cc34bee987488452a81e73af3c6128f96c52e95b135e0d4ce08c,0.14606741573033707,0.021335689938139123,0.1836734693877551,0.03373594335693461,0.14285714285714285,0.02040816326530612
6,4,12,24,18,212,objective_development,36,delay,2,frozen,objective_development/larger/413/a6/s2/frozen/delay/lambda4,1e4b18e0e15621ba6cf6be21070fc60045f531732faf400f01f981d3f6df4b36,413,larger,a0j1,0,True,0,replace_filter,replace_filter,20f2391dcbb769952f2e78e7a683ef7c2aea739405854b8da75623cf708863ad,7a7635c13ee4e0a636b528c3afd33d018ebf2734fc2a5713964b6d2e60595e9d,27d2f2152cee043fe39db8b3b1fefe98d2aafac7feb98a5a55e840633004f6a2,0.14606741573033707,0.021335689938139123,0.1836734693877551,0.03373594335693461,0.2727272727272727,0.07438016528925619
6,4,12,24,18,212,objective_development,36,delay,2,frozen,objective_development/larger/413/a6/s2/frozen/delay/lambda4,1e4b18e0e15621ba6cf6be21070fc60045f531732faf400f01f981d3f6df4b36,413,larger,a2j1,2,True,1,replace_filter,replace_filter,fb25cc10f7d84399b3009e1da20feebdb4ce8caab68ac96a5609856fec0febd5,217c13091dbaeb9d1cb81dccbbc211f5de3735c307dc9ef322c85f76ac0fdae4,804bc0a326d901bf4584b90f45d55bbd0f4fe83ccc98d4869781c8f856e0221f,0.14606741573033707,0.729200858477465,0.1836734693877551,0.6663890045814245,0.2727272727272727,0.5289256198347108
6,4,12,24,18,212,objective_development,36,delay,2,frozen,objective_development/larger/413/a6/s2/frozen/delay/lambda4,1e4b18e0e15621ba6cf6be21070fc60045f531732faf400f01f981d3f6df4b36,413,larger,a3j1,3,True,1,replace_filter,replace_filter,d75f816dd27afce22a850c9fb4c3f41cb31628358e50be682d1d838fec43ecab,1f4d2fb5588881539ebd1ef97464a5cad3d9b7e8c207597026ae9de2abb45cca,ec05e784f4f12d74892a78ea7ccf93cbda98072b79ec21fee771911e9a57677e,0.14606741573033707,0.729200858477465,0.1836734693877551,0.6663890045814245,0.2727272727272727,0.5289256198347108
6,4,12,24,18,212,objective_development,36,delay,2,frozen,objective_development/larger/413/a6/s2/frozen/delay/lambda4,1e4b18e0e15621ba6cf6be21070fc60045f531732faf400f01f981d3f6df4b36,413,larger,a4j1,4,True,0,reset_sensor,reset_sensor,e058fefbbb6f3fb24dcf125cefa293e33f83aebd31ce4bcc4a5416e1f123d471,5d6b510dc84e68c6abb2a3da585635802818817e3d75dcc8437f83644aa4af1b,4c850293833998773d9151249ca90fcb0d3a537988216ef1ed7dddd5a72efe3f,0.14606741573033707,0.021335689938139123,0.1836734693877551,0.03373594335693461,0.14285714285714285,0.02040816326530612
6,4,12,24,18,212,objective_development,36,delay,2,frozen,objective_development/larger/413/a6/s2/frozen/delay/lambda4,1e4b18e0e15621ba6cf6be21070fc60045f531732faf400f01f981d3f6df4b36,413,larger,a1j1,1,False,0,replace_filter,reset_sensor,1f3d9e2f2e335001c60b33e73ffec349d7c9a60ffb71e3e690bcd038acf67446,3e6d9c57f27a74730d99ff429472e12efd7418d4a2edfdb87ebe297a0418689e,1f4031714a3a72ae17402b5b5461e00b4cc4b755012bc17a1a5d0f3f4441396a,0.1836734693877551,0.03373594335693461,0.1836734693877551,0.03373594335693461,0.14285714285714285,0.02040816326530612
6,4,12,24,18,212,objective_development,36,delay,2,frozen,objective_development/larger/413/a6/s2/frozen/delay/lambda4,1e4b18e0e15621ba6cf6be21070fc60045f531732faf400f01f981d3f6df4b36,413,larger,a5j1,5,True,0,replace_filter,replace_filter,250fa039e5fed4dfe7fcfa735c149a8907d27ce5c20252c56f6dd18a9c3a96fd,eccd75beec1d6b7a42d1bfcfa9572cde4564236363aad28aa76db4913f6d6108,ed8bcdb39f6bd8d68a2cc98baf2b9da3b464359ff78a5779f78db5ecd972e320,0.14606741573033707,0.021335689938139123,0.1836734693877551,0.03373594335693461,0.14285714285714285,0.02040816326530612
6,4,12,24,18,212,objective_development,36,delay,2,frozen,objective_development/larger/413/a6/s2/frozen/delay/lambda4,1e4b18e0e15621ba6cf6be21070fc60045f531732faf400f01f981d3f6df4b36,413,larger,a1j2,1,True,1,replace_filter,replace_filter,80bf1bbe60da68ec17eddcc8306d78121c1bac92006581bead205771bc59bea1,80453e681b562364685e7336f47da9a3213d1290577cdd50c1c94f44d5cc485f,10d1b8fc2a5e8ef4ecdd294405e9cdaa0175aac8ca201b4620deec3452bc0194,0.14606741573033707,0.729200858477465,0.1836734693877551,0.6663890045814245,0.14285714285714285,0.7346938775510206
6,4,12,24,18,212,objective_development,36,delay,2,frozen,objective_development/larger/413/a6/s2/frozen/delay/lambda4,1e4b18e0e15621ba6cf6be21070fc60045f531732faf400f01f981d3f6df4b36,413,larger,a2j2,2,True,0,replace_filter,replace_filter,d2eff4e2565ce59d8aba739e306aa3d6cda2beb9155d7abc20ac6104a1926e18,31080b4d5a8189a4d8385ac51fec1e2310310ac3b7f2be272bfe1bdf8145c537,5408d43ac44264348bd3cf909dd90ef55305953f4f2b26bf8334316cb5e31969,0.14606741573033707,0.021335689938139123,0.1836734693877551,0.03373594335693461,0.2727272727272727,0.07438016528925619
6,4,12,24,18,212,objective_development,36,delay,2,frozen,objective_development/larger/413/a6/s2/frozen/delay/lambda4,1e4b18e0e15621ba6cf6be21070fc60045f531732faf400f01f981d3f6df4b36,413,larger,a0j2,0,True,0,reset_sensor,reset_sensor,372742408e8a8bc1fc9ea707156a3b6eb5ffc9f3a4e26457e0963d1876d38e32,78ffd7d564717b839c86258a301962da700ba1561db2da246ef1dd97ca4b5a6a,067f1bedf1d3fd575e52230ce8bf9b19856af2b54e36a984d8c66a91a5964de0,0.14606741573033707,0.021335689938139123,0.1836734693877551,0.03373594335693461,0.14285714285714285,0.02040816326530612
6,4,12,24,18,212,objective_development,36,delay,2,frozen,objective_development/larger/413/a6/s2/frozen/delay/lambda4,1e4b18e0e15621ba6cf6be21070fc60045f531732faf400f01f981d3f6df4b36,413,larger,a3j2,3,True,0,replace_filter,replace_filter,a94624d4aff7897ea72a52a532731fe6180b3da17e0810c0df1c64c2e28ea940,fcf1e4f7da7237e5b046c88af850cb15588996be91ea0601842a031c9c8cd2e7,d5c7cde2bddbafe80be50d0d2b348fed51eb80aa35aa5953a477eb5864a3d9a3,0.14606741573033707,0.021335689938139123,0.1836734693877551,0.03373594335693461,0.2727272727272727,0.07438016528925619
6,4,12,24,18,212,objective_development,36,delay,2,frozen,objective_development/larger/413/a6/s2/frozen/delay/lambda4,1e4b18e0e15621ba6cf6be21070fc60045f531732faf400f01f981d3f6df4b36,413,larger,a4j2,4,True,0,reset_sensor,reset_sensor,90f7acf6c2390602fae49417146b52a843fc17a10777cbc92b02e83cb645b0f6,8f83cc9873348d064ca2a7763c7cce16bfa6f5c1a697a903f1837e73bdbd173f,dac09d06c37991b7d67ee2c4f71936e2ac2d28cb1148222b35314703248d541d,0.14606741573033707,0.021335689938139123,0.1836734693877551,0.03373594335693461,0.14285714285714285,0.02040816326530612
6,4,12,24,18,212,objective_development,36,delay,2,frozen,objective_development/larger/413/a6/s2/frozen/delay/lambda4,1e4b18e0e15621ba6cf6be21070fc60045f531732faf400f01f981d3f6df4b36,413,larger,a5j2,5,True,0,reset_sensor,reset_sensor,23b6dada7c9c050744bc411e1f2e9d6f733160576b4c85beee0552a455b7fe44,29890b90c65963674be7b9c2cbea6d782e53e87453d814b7142cf7f81cc8925b,991fb0361c08f2c5f75861f2f29e6bd86378fe71c2df683d1616f95200383674,0.14606741573033707,0.021335689938139123,0.1836734693877551,0.03373594335693461,0.14285714285714285,0.02040816326530612
6,8,13,24,18,212,objective_development,36,delay,2,frozen,objective_development/larger/413/a6/s2/frozen/delay/lambda8,1e4b18e0e15621ba6cf6be21070fc60045f531732faf400f01f981d3f6df4b36,413,larger,a2j0,2,True,1,replace_filter,replace_filter,bdc09e962875eb54d6663d585c3631f34ec32f36ad87b1a5b79ebe561efbf52a,6f30ba5799e1ff85ccd5c6387495f52f79aba0335e9398ef244f173cc1695ad2,f9942f7c183dd4ff6e25f45359a8931edb3a315a26054fc78c793589534c4f5c,0.14606741573033707,0.729200858477465,0.1836734693877551,0.6663890045814245,0.2727272727272727,0.5289256198347108
6,8,13,24,18,212,objective_development,36,delay,2,frozen,objective_development/larger/413/a6/s2/frozen/delay/lambda8,1e4b18e0e15621ba6cf6be21070fc60045f531732faf400f01f981d3f6df4b36,413,larger,a4j0,4,True,1,replace_filter,replace_filter,5fadb2e4c3b8a0b2fe65a4e0b94424a99db85c7cc31b3cece8cb5622fe66be49,a19603c7d194fd78bac19f3a52ac09a9de1abef285d4ab484c8417175924051c,ed2280dee9aa68b5ae0c034ee1effdbb6c0047ef36266a45676d9403e15af07e,0.14606741573033707,0.729200858477465,0.1836734693877551,0.6663890045814245,0.7272727272727273,0.07438016528925619
6,8,13,24,18,212,objective_development,36,delay,2,frozen,objective_development/larger/413/a6/s2/frozen/delay/lambda8,1e4b18e0e15621ba6cf6be21070fc60045f531732faf400f01f981d3f6df4b36,413,larger,a5j0,5,True,0,replace_filter,replace_filter,ae5bc0e952fe834a4b802e018aa9285b4362fae57b086a5b2c0987d28e5eb28e,77e4f542493b0a9474c14412dd93acd89e1fda74612edef843ecdabe101611c7,0a3f10f4db335c55691d7a06429da110d2254f6f233b5bcda1611d7d1df6fd43,0.14606741573033707,0.021335689938139123,0.1836734693877551,0.03373594335693461,0.14285714285714285,0.02040816326530612
6,8,13,24,18,212,objective_development,36,delay,2,frozen,objective_development/larger/413/a6/s2/frozen/delay/lambda8,1e4b18e0e15621ba6cf6be21070fc60045f531732faf400f01f981d3f6df4b36,413,larger,a0j0,0,True,0,replace_filter,replace_filter,11ef16a17ef850eb50124a100cc3e5063b192e58b7d34d0ec6611f12f4fa4cf9,d566a6103eeb4190de0203e7c4a1c9c2d504dd697f5b96a1110135a56db5e5cf,e593a6f1de045e3b8cf7bfa213fc805d9a8cbb4e87263fe96a88a0bb2436070d,0.14606741573033707,0.021335689938139123,0.1836734693877551,0.03373594335693461,0.14285714285714285,0.02040816326530612
6,8,13,24,18,212,objective_development,36,delay,2,frozen,objective_development/larger/413/a6/s2/frozen/delay/lambda8,1e4b18e0e15621ba6cf6be21070fc60045f531732faf400f01f981d3f6df4b36,413,larger,a1j0,1,True,1,replace_filter,replace_filter,4c0f61e3628f3ea109e7369fdc36522d3ed8d4ca8fc90ba37b5ddfe67af4c959,a9c986673e37725e3c7942bd1745c4aa59055a40f393061e66e58b280307d8a4,a692111bc5cb328bcd57f1287f28b9d3e3e16186dd3c7592d183ec6e09437a9f,0.14606741573033707,0.729200858477465,0.1836734693877551,0.6663890045814245,0.2727272727272727,0.5289256198347108
6,8,13,24,18,212,objective_development,36,delay,2,frozen,objective_development/larger/413/a6/s2/frozen/delay/lambda8,1e4b18e0e15621ba6cf6be21070fc60045f531732faf400f01f981d3f6df4b36,413,larger,a3j0,3,True,0,reset_sensor,reset_sensor,0af37f232df721b4a121f3bcdef6ecaffa5411b3ecf1f0ff263d27b6c8bad397,34f045bf7e2188767391f5544d52358028f17c4ac019e54db94aab1488abddaf,2330969efe68cc34bee987488452a81e73af3c6128f96c52e95b135e0d4ce08c,0.14606741573033707,0.021335689938139123,0.1836734693877551,0.03373594335693461,0.14285714285714285,0.02040816326530612
6,8,13,24,18,212,objective_development,36,delay,2,frozen,objective_development/larger/413/a6/s2/frozen/delay/lambda8,1e4b18e0e15621ba6cf6be21070fc60045f531732faf400f01f981d3f6df4b36,413,larger,a0j1,0,True,0,replace_filter,replace_filter,20f2391dcbb769952f2e78e7a683ef7c2aea739405854b8da75623cf708863ad,7a7635c13ee4e0a636b528c3afd33d018ebf2734fc2a5713964b6d2e60595e9d,27d2f2152cee043fe39db8b3b1fefe98d2aafac7feb98a5a55e840633004f6a2,0.14606741573033707,0.021335689938139123,0.1836734693877551,0.03373594335693461,0.2727272727272727,0.07438016528925619
6,8,13,24,18,212,objective_development,36,delay,2,frozen,objective_development/larger/413/a6/s2/frozen/delay/lambda8,1e4b18e0e15621ba6cf6be21070fc60045f531732faf400f01f981d3f6df4b36,413,larger,a2j1,2,True,1,replace_filter,replace_filter,fb25cc10f7d84399b3009e1da20feebdb4ce8caab68ac96a5609856fec0febd5,217c13091dbaeb9d1cb81dccbbc211f5de3735c307dc9ef322c85f76ac0fdae4,804bc0a326d901bf4584b90f45d55bbd0f4fe83ccc98d4869781c8f856e0221f,0.14606741573033707,0.729200858477465,0.1836734693877551,0.6663890045814245,0.2727272727272727,0.5289256198347108
6,8,13,24,18,212,objective_development,36,delay,2,frozen,objective_development/larger/413/a6/s2/frozen/delay/lambda8,1e4b18e0e15621ba6cf6be21070fc60045f531732faf400f01f981d3f6df4b36,413,larger,a3j1,3,True,1,replace_filter,replace_filter,d75f816dd27afce22a850c9fb4c3f41cb31628358e50be682d1d838fec43ecab,1f4d2fb5588881539ebd1ef97464a5cad3d9b7e8c207597026ae9de2abb45cca,ec05e784f4f12d74892a78ea7ccf93cbda98072b79ec21fee771911e9a57677e,0.14606741573033707,0.729200858477465,0.1836734693877551,0.6663890045814245,0.2727272727272727,0.5289256198347108
6,8,13,24,18,212,objective_development,36,delay,2,frozen,objective_development/larger/413/a6/s2/frozen/delay/lambda8,1e4b18e0e15621ba6cf6be21070fc60045f531732faf400f01f981d3f6df4b36,413,larger,a4j1,4,True,0,reset_sensor,reset_sensor,e058fefbbb6f3fb24dcf125cefa293e33f83aebd31ce4bcc4a5416e1f123d471,5d6b510dc84e68c6abb2a3da585635802818817e3d75dcc8437f83644aa4af1b,4c850293833998773d9151249ca90fcb0d3a537988216ef1ed7dddd5a72efe3f,0.14606741573033707,0.021335689938139123,0.1836734693877551,0.03373594335693461,0.14285714285714285,0.02040816326530612
6,8,13,24,18,212,objective_development,36,delay,2,frozen,objective_development/larger/413/a6/s2/frozen/delay/lambda8,1e4b18e0e15621ba6cf6be21070fc60045f531732faf400f01f981d3f6df4b36,413,larger,a1j1,1,False,0,replace_filter,reset_sensor,1f3d9e2f2e335001c60b33e73ffec349d7c9a60ffb71e3e690bcd038acf67446,3e6d9c57f27a74730d99ff429472e12efd7418d4a2edfdb87ebe297a0418689e,1f4031714a3a72ae17402b5b5461e00b4cc4b755012bc17a1a5d0f3f4441396a,0.1836734693877551,0.03373594335693461,0.1836734693877551,0.03373594335693461,0.14285714285714285,0.02040816326530612
6,8,13,24,18,212,objective_development,36,delay,2,frozen,objective_development/larger/413/a6/s2/frozen/delay/lambda8,1e4b18e0e15621ba6cf6be21070fc60045f531732faf400f01f981d3f6df4b36,413,larger,a5j1,5,True,0,replace_filter,replace_filter,250fa039e5fed4dfe7fcfa735c149a8907d27ce5c20252c56f6dd18a9c3a96fd,eccd75beec1d6b7a42d1bfcfa9572cde4564236363aad28aa76db4913f6d6108,ed8bcdb39f6bd8d68a2cc98baf2b9da3b464359ff78a5779f78db5ecd972e320,0.14606741573033707,0.021335689938139123,0.1836734693877551,0.03373594335693461,0.14285714285714285,0.02040816326530612
6,8,13,24,18,212,objective_development,36,delay,2,frozen,objective_development/larger/413/a6/s2/frozen/delay/lambda8,1e4b18e0e15621ba6cf6be21070fc60045f531732faf400f01f981d3f6df4b36,413,larger,a1j2,1,True,1,replace_filter,replace_filter,80bf1bbe60da68ec17eddcc8306d78121c1bac92006581bead205771bc59bea1,80453e681b562364685e7336f47da9a3213d1290577cdd50c1c94f44d5cc485f,10d1b8fc2a5e8ef4ecdd294405e9cdaa0175aac8ca201b4620deec3452bc0194,0.14606741573033707,0.729200858477465,0.1836734693877551,0.6663890045814245,0.14285714285714285,0.7346938775510206
6,8,13,24,18,212,objective_development,36,delay,2,frozen,objective_development/larger/413/a6/s2/frozen/delay/lambda8,1e4b18e0e15621ba6cf6be21070fc60045f531732faf400f01f981d3f6df4b36,413,larger,a2j2,2,True,0,replace_filter,replace_filter,5af390534b3e779ec9ef2747a1879d02f032362d74d5e0a6312c28bd375ae68b,cd2cf23a4cc5ef6a27f6a38263ad9d79e37e24998002c72d2260bedfe6980412,1852e502c6988d05d95cbea84eb20a85888cc5293f7bed7f696eae9df79309bd,0.14606741573033707,0.021335689938139123,0.1836734693877551,0.03373594335693461,0.2727272727272727,0.07438016528925619
6,8,13,24,18,212,objective_development,36,delay,2,frozen,objective_development/larger/413/a6/s2/frozen/delay/lambda8,1e4b18e0e15621ba6cf6be21070fc60045f531732faf400f01f981d3f6df4b36,413,larger,a0j2,0,True,0,reset_sensor,reset_sensor,1bfc65e07fd6283e64f67c58aa897114fc5049ed4f89aa86ac83fb5bac9bb04e,c2773ea7cdc06872dcb390ea5c9eb6606c7392dc237591111877990acddeccd1,551f73d384b814bec032b68c2dd15e54bf0fb496479ba1f2f64d8c37d5567362,0.14606741573033707,0.021335689938139123,0.1836734693877551,0.03373594335693461,0.14285714285714285,0.02040816326530612
6,8,13,24,18,212,objective_development,36,delay,2,frozen,objective_development/larger/413/a6/s2/frozen/delay/lambda8,1e4b18e0e15621ba6cf6be21070fc60045f531732faf400f01f981d3f6df4b36,413,larger,a3j2,3,True,0,replace_filter,replace_filter,a94624d4aff7897ea72a52a532731fe6180b3da17e0810c0df1c64c2e28ea940,fcf1e4f7da7237e5b046c88af850cb15588996be91ea0601842a031c9c8cd2e7,d5c7cde2bddbafe80be50d0d2b348fed51eb80aa35aa5953a477eb5864a3d9a3,0.14606741573033707,0.021335689938139123,0.1836734693877551,0.03373594335693461,0.2727272727272727,0.07438016528925619
6,8,13,24,18,212,objective_development,36,delay,2,frozen,objective_development/larger/413/a6/s2/frozen/delay/lambda8,1e4b18e0e15621ba6cf6be21070fc60045f531732faf400f01f981d3f6df4b36,413,larger,a4j2,4,True,0,reset_sensor,reset_sensor,90f7acf6c2390602fae49417146b52a843fc17a10777cbc92b02e83cb645b0f6,8f83cc9873348d064ca2a7763c7cce16bfa6f5c1a697a903f1837e73bdbd173f,dac09d06c37991b7d67ee2c4f71936e2ac2d28cb1148222b35314703248d541d,0.14606741573033707,0.021335689938139123,0.1836734693877551,0.03373594335693461,0.14285714285714285,0.02040816326530612
6,8,13,24,18,212,objective_development,36,delay,2,frozen,objective_development/larger/413/a6/s2/frozen/delay/lambda8,1e4b18e0e15621ba6cf6be21070fc60045f531732faf400f01f981d3f6df4b36,413,larger,a5j2,5,True,0,reset_sensor,reset_sensor,23b6dada7c9c050744bc411e1f2e9d6f733160576b4c85beee0552a455b7fe44,29890b90c65963674be7b9c2cbea6d782e53e87453d814b7142cf7f81cc8925b,991fb0361c08f2c5f75861f2f29e6bd86378fe71c2df683d1616f95200383674,0.14606741573033707,0.021335689938139123,0.1836734693877551,0.03373594335693461,0.14285714285714285,0.02040816326530612
6,0,14,24,18,212,objective_development,36,delay,2,frozen,objective_development/larger/413/a6/s2/frozen/delay/lambda0,1e4b18e0e15621ba6cf6be21070fc60045f531732faf400f01f981d3f6df4b36,413,larger,a2j0,2,True,1,replace_filter,replace_filter,bdc09e962875eb54d6663d585c3631f34ec32f36ad87b1a5b79ebe561efbf52a,6f30ba5799e1ff85ccd5c6387495f52f79aba0335e9398ef244f173cc1695ad2,f9942f7c183dd4ff6e25f45359a8931edb3a315a26054fc78c793589534c4f5c,0.14606741573033707,0.729200858477465,0.1836734693877551,0.6663890045814245,0.2727272727272727,0.5289256198347108
6,0,14,24,18,212,objective_development,36,delay,2,frozen,objective_development/larger/413/a6/s2/frozen/delay/lambda0,1e4b18e0e15621ba6cf6be21070fc60045f531732faf400f01f981d3f6df4b36,413,larger,a4j0,4,True,1,replace_filter,replace_filter,5fadb2e4c3b8a0b2fe65a4e0b94424a99db85c7cc31b3cece8cb5622fe66be49,a19603c7d194fd78bac19f3a52ac09a9de1abef285d4ab484c8417175924051c,ed2280dee9aa68b5ae0c034ee1effdbb6c0047ef36266a45676d9403e15af07e,0.14606741573033707,0.729200858477465,0.1836734693877551,0.6663890045814245,0.7272727272727273,0.07438016528925619
6,0,14,24,18,212,objective_development,36,delay,2,frozen,objective_development/larger/413/a6/s2/frozen/delay/lambda0,1e4b18e0e15621ba6cf6be21070fc60045f531732faf400f01f981d3f6df4b36,413,larger,a5j0,5,True,0,replace_filter,replace_filter,ae5bc0e952fe834a4b802e018aa9285b4362fae57b086a5b2c0987d28e5eb28e,77e4f542493b0a9474c14412dd93acd89e1fda74612edef843ecdabe101611c7,0a3f10f4db335c55691d7a06429da110d2254f6f233b5bcda1611d7d1df6fd43,0.14606741573033707,0.021335689938139123,0.1836734693877551,0.03373594335693461,0.14285714285714285,0.02040816326530612
6,0,14,24,18,212,objective_development,36,delay,2,frozen,objective_development/larger/413/a6/s2/frozen/delay/lambda0,1e4b18e0e15621ba6cf6be21070fc60045f531732faf400f01f981d3f6df4b36,413,larger,a0j0,0,True,0,replace_filter,replace_filter,11ef16a17ef850eb50124a100cc3e5063b192e58b7d34d0ec6611f12f4fa4cf9,d566a6103eeb4190de0203e7c4a1c9c2d504dd697f5b96a1110135a56db5e5cf,e593a6f1de045e3b8cf7bfa213fc805d9a8cbb4e87263fe96a88a0bb2436070d,0.14606741573033707,0.021335689938139123,0.1836734693877551,0.03373594335693461,0.14285714285714285,0.02040816326530612
6,0,14,24,18,212,objective_development,36,delay,2,frozen,objective_development/larger/413/a6/s2/frozen/delay/lambda0,1e4b18e0e15621ba6cf6be21070fc60045f531732faf400f01f981d3f6df4b36,413,larger,a1j0,1,True,1,replace_filter,replace_filter,4c0f61e3628f3ea109e7369fdc36522d3ed8d4ca8fc90ba37b5ddfe67af4c959,a9c986673e37725e3c7942bd1745c4aa59055a40f393061e66e58b280307d8a4,a692111bc5cb328bcd57f1287f28b9d3e3e16186dd3c7592d183ec6e09437a9f,0.14606741573033707,0.729200858477465,0.1836734693877551,0.6663890045814245,0.2727272727272727,0.5289256198347108
6,0,14,24,18,212,objective_development,36,delay,2,frozen,objective_development/larger/413/a6/s2/frozen/delay/lambda0,1e4b18e0e15621ba6cf6be21070fc60045f531732faf400f01f981d3f6df4b36,413,larger,a3j0,3,True,0,reset_sensor,reset_sensor,0af37f232df721b4a121f3bcdef6ecaffa5411b3ecf1f0ff263d27b6c8bad397,34f045bf7e2188767391f5544d52358028f17c4ac019e54db94aab1488abddaf,2330969efe68cc34bee987488452a81e73af3c6128f96c52e95b135e0d4ce08c,0.14606741573033707,0.021335689938139123,0.1836734693877551,0.03373594335693461,0.14285714285714285,0.02040816326530612
6,0,14,24,18,212,objective_development,36,delay,2,frozen,objective_development/larger/413/a6/s2/frozen/delay/lambda0,1e4b18e0e15621ba6cf6be21070fc60045f531732faf400f01f981d3f6df4b36,413,larger,a0j1,0,True,0,replace_filter,replace_filter,20f2391dcbb769952f2e78e7a683ef7c2aea739405854b8da75623cf708863ad,7a7635c13ee4e0a636b528c3afd33d018ebf2734fc2a5713964b6d2e60595e9d,27d2f2152cee043fe39db8b3b1fefe98d2aafac7feb98a5a55e840633004f6a2,0.14606741573033707,0.021335689938139123,0.1836734693877551,0.03373594335693461,0.2727272727272727,0.07438016528925619
6,0,14,24,18,212,objective_development,36,delay,2,frozen,objective_development/larger/413/a6/s2/frozen/delay/lambda0,1e4b18e0e15621ba6cf6be21070fc60045f531732faf400f01f981d3f6df4b36,413,larger,a2j1,2,True,1,replace_filter,replace_filter,fb25cc10f7d84399b3009e1da20feebdb4ce8caab68ac96a5609856fec0febd5,217c13091dbaeb9d1cb81dccbbc211f5de3735c307dc9ef322c85f76ac0fdae4,804bc0a326d901bf4584b90f45d55bbd0f4fe83ccc98d4869781c8f856e0221f,0.14606741573033707,0.729200858477465,0.1836734693877551,0.6663890045814245,0.2727272727272727,0.5289256198347108
6,0,14,24,18,212,objective_development,36,delay,2,frozen,objective_development/larger/413/a6/s2/frozen/delay/lambda0,1e4b18e0e15621ba6cf6be21070fc60045f531732faf400f01f981d3f6df4b36,413,larger,a3j1,3,True,1,replace_filter,replace_filter,d75f816dd27afce22a850c9fb4c3f41cb31628358e50be682d1d838fec43ecab,1f4d2fb5588881539ebd1ef97464a5cad3d9b7e8c207597026ae9de2abb45cca,ec05e784f4f12d74892a78ea7ccf93cbda98072b79ec21fee771911e9a57677e,0.14606741573033707,0.729200858477465,0.1836734693877551,0.6663890045814245,0.2727272727272727,0.5289256198347108
6,0,14,24,18,212,objective_development,36,delay,2,frozen,objective_development/larger/413/a6/s2/frozen/delay/lambda0,1e4b18e0e15621ba6cf6be21070fc60045f531732faf400f01f981d3f6df4b36,413,larger,a4j1,4,True,0,reset_sensor,reset_sensor,e058fefbbb6f3fb24dcf125cefa293e33f83aebd31ce4bcc4a5416e1f123d471,5d6b510dc84e68c6abb2a3da585635802818817e3d75dcc8437f83644aa4af1b,4c850293833998773d9151249ca90fcb0d3a537988216ef1ed7dddd5a72efe3f,0.14606741573033707,0.021335689938139123,0.1836734693877551,0.03373594335693461,0.14285714285714285,0.02040816326530612
6,0,14,24,18,212,objective_development,36,delay,2,frozen,objective_development/larger/413/a6/s2/frozen/delay/lambda0,1e4b18e0e15621ba6cf6be21070fc60045f531732faf400f01f981d3f6df4b36,413,larger,a1j1,1,False,0,replace_filter,reset_sensor,1f3d9e2f2e335001c60b33e73ffec349d7c9a60ffb71e3e690bcd038acf67446,3e6d9c57f27a74730d99ff429472e12efd7418d4a2edfdb87ebe297a0418689e,1f4031714a3a72ae17402b5b5461e00b4cc4b755012bc17a1a5d0f3f4441396a,0.1836734693877551,0.03373594335693461,0.1836734693877551,0.03373594335693461,0.14285714285714285,0.02040816326530612
6,0,14,24,18,212,objective_development,36,delay,2,frozen,objective_development/larger/413/a6/s2/frozen/delay/lambda0,1e4b18e0e15621ba6cf6be21070fc60045f531732faf400f01f981d3f6df4b36,413,larger,a5j1,5,True,0,replace_filter,replace_filter,250fa039e5fed4dfe7fcfa735c149a8907d27ce5c20252c56f6dd18a9c3a96fd,eccd75beec1d6b7a42d1bfcfa9572cde4564236363aad28aa76db4913f6d6108,ed8bcdb39f6bd8d68a2cc98baf2b9da3b464359ff78a5779f78db5ecd972e320,0.14606741573033707,0.021335689938139123,0.1836734693877551,0.03373594335693461,0.14285714285714285,0.02040816326530612
6,0,14,24,18,212,objective_development,36,delay,2,frozen,objective_development/larger/413/a6/s2/frozen/delay/lambda0,1e4b18e0e15621ba6cf6be21070fc60045f531732faf400f01f981d3f6df4b36,413,larger,a1j2,1,True,1,replace_filter,replace_filter,80bf1bbe60da68ec17eddcc8306d78121c1bac92006581bead205771bc59bea1,80453e681b562364685e7336f47da9a3213d1290577cdd50c1c94f44d5cc485f,10d1b8fc2a5e8ef4ecdd294405e9cdaa0175aac8ca201b4620deec3452bc0194,0.14606741573033707,0.729200858477465,0.1836734693877551,0.6663890045814245,0.14285714285714285,0.7346938775510206
6,0,14,24,18,212,objective_development,36,delay,2,frozen,objective_development/larger/413/a6/s2/frozen/delay/lambda0,1e4b18e0e15621ba6cf6be21070fc60045f531732faf400f01f981d3f6df4b36,413,larger,a2j2,2,True,0,replace_filter,replace_filter,d2eff4e2565ce59d8aba739e306aa3d6cda2beb9155d7abc20ac6104a1926e18,31080b4d5a8189a4d8385ac51fec1e2310310ac3b7f2be272bfe1bdf8145c537,5408d43ac44264348bd3cf909dd90ef55305953f4f2b26bf8334316cb5e31969,0.14606741573033707,0.021335689938139123,0.1836734693877551,0.03373594335693461,0.2727272727272727,0.07438016528925619
6,0,14,24,18,212,objective_development,36,delay,2,frozen,objective_development/larger/413/a6/s2/frozen/delay/lambda0,1e4b18e0e15621ba6cf6be21070fc60045f531732faf400f01f981d3f6df4b36,413,larger,a0j2,0,True,0,reset_sensor,reset_sensor,372742408e8a8bc1fc9ea707156a3b6eb5ffc9f3a4e26457e0963d1876d38e32,78ffd7d564717b839c86258a301962da700ba1561db2da246ef1dd97ca4b5a6a,067f1bedf1d3fd575e52230ce8bf9b19856af2b54e36a984d8c66a91a5964de0,0.14606741573033707,0.021335689938139123,0.1836734693877551,0.03373594335693461,0.14285714285714285,0.02040816326530612
6,0,14,24,18,212,objective_development,36,delay,2,frozen,objective_development/larger/413/a6/s2/frozen/delay/lambda0,1e4b18e0e15621ba6cf6be21070fc60045f531732faf400f01f981d3f6df4b36,413,larger,a3j2,3,True,0,replace_filter,replace_filter,a94624d4aff7897ea72a52a532731fe6180b3da17e0810c0df1c64c2e28ea940,fcf1e4f7da7237e5b046c88af850cb15588996be91ea0601842a031c9c8cd2e7,d5c7cde2bddbafe80be50d0d2b348fed51eb80aa35aa5953a477eb5864a3d9a3,0.14606741573033707,0.021335689938139123,0.1836734693877551,0.03373594335693461,0.2727272727272727,0.07438016528925619
6,0,14,24,18,212,objective_development,36,delay,2,frozen,objective_development/larger/413/a6/s2/frozen/delay/lambda0,1e4b18e0e15621ba6cf6be21070fc60045f531732faf400f01f981d3f6df4b36,413,larger,a4j2,4,True,0,reset_sensor,reset_sensor,90f7acf6c2390602fae49417146b52a843fc17a10777cbc92b02e83cb645b0f6,8f83cc9873348d064ca2a7763c7cce16bfa6f5c1a697a903f1837e73bdbd173f,dac09d06c37991b7d67ee2c4f71936e2ac2d28cb1148222b35314703248d541d,0.14606741573033707,0.021335689938139123,0.1836734693877551,0.03373594335693461,0.14285714285714285,0.02040816326530612
6,0,14,24,18,212,objective_development,36,delay,2,frozen,objective_development/larger/413/a6/s2/frozen/delay/lambda0,1e4b18e0e15621ba6cf6be21070fc60045f531732faf400f01f981d3f6df4b36,413,larger,a5j2,5,True,0,reset_sensor,reset_sensor,23b6dada7c9c050744bc411e1f2e9d6f733160576b4c85beee0552a455b7fe44,29890b90c65963674be7b9c2cbea6d782e53e87453d814b7142cf7f81cc8925b,991fb0361c08f2c5f75861f2f29e6bd86378fe71c2df683d1616f95200383674,0.14606741573033707,0.021335689938139123,0.1836734693877551,0.03373594335693461,0.14285714285714285,0.02040816326530612
6,4,15,24,18,212,objective_development,36,delay,1,frozen,objective_development/larger/413/a6/s1/frozen/delay/lambda4,1e4b18e0e15621ba6cf6be21070fc60045f531732faf400f01f981d3f6df4b36,413,larger,a2j0,2,True,1,replace_filter,replace_filter,bdc09e962875eb54d6663d585c3631f34ec32f36ad87b1a5b79ebe561efbf52a,6f30ba5799e1ff85ccd5c6387495f52f79aba0335e9398ef244f173cc1695ad2,f9942f7c183dd4ff6e25f45359a8931edb3a315a26054fc78c793589534c4f5c,0.14606741573033707,0.729200858477465,0.1836734693877551,0.6663890045814245,0.2727272727272727,0.5289256198347108
6,4,15,24,18,212,objective_development,36,delay,1,frozen,objective_development/larger/413/a6/s1/frozen/delay/lambda4,1e4b18e0e15621ba6cf6be21070fc60045f531732faf400f01f981d3f6df4b36,413,larger,a4j0,4,True,1,replace_filter,replace_filter,5fadb2e4c3b8a0b2fe65a4e0b94424a99db85c7cc31b3cece8cb5622fe66be49,a19603c7d194fd78bac19f3a52ac09a9de1abef285d4ab484c8417175924051c,ed2280dee9aa68b5ae0c034ee1effdbb6c0047ef36266a45676d9403e15af07e,0.14606741573033707,0.729200858477465,0.1836734693877551,0.6663890045814245,0.7272727272727273,0.07438016528925619
6,4,15,24,18,212,objective_development,36,delay,1,frozen,objective_development/larger/413/a6/s1/frozen/delay/lambda4,1e4b18e0e15621ba6cf6be21070fc60045f531732faf400f01f981d3f6df4b36,413,larger,a5j0,5,True,0,replace_filter,replace_filter,ae5bc0e952fe834a4b802e018aa9285b4362fae57b086a5b2c0987d28e5eb28e,77e4f542493b0a9474c14412dd93acd89e1fda74612edef843ecdabe101611c7,0a3f10f4db335c55691d7a06429da110d2254f6f233b5bcda1611d7d1df6fd43,0.14606741573033707,0.021335689938139123,0.1836734693877551,0.03373594335693461,0.14285714285714285,0.02040816326530612
6,4,15,24,18,212,objective_development,36,delay,1,frozen,objective_development/larger/413/a6/s1/frozen/delay/lambda4,1e4b18e0e15621ba6cf6be21070fc60045f531732faf400f01f981d3f6df4b36,413,larger,a0j0,0,True,0,replace_filter,replace_filter,11ef16a17ef850eb50124a100cc3e5063b192e58b7d34d0ec6611f12f4fa4cf9,d566a6103eeb4190de0203e7c4a1c9c2d504dd697f5b96a1110135a56db5e5cf,e593a6f1de045e3b8cf7bfa213fc805d9a8cbb4e87263fe96a88a0bb2436070d,0.14606741573033707,0.021335689938139123,0.1836734693877551,0.03373594335693461,0.14285714285714285,0.02040816326530612
6,4,15,24,18,212,objective_development,36,delay,1,frozen,objective_development/larger/413/a6/s1/frozen/delay/lambda4,1e4b18e0e15621ba6cf6be21070fc60045f531732faf400f01f981d3f6df4b36,413,larger,a1j0,1,True,1,replace_filter,replace_filter,4c0f61e3628f3ea109e7369fdc36522d3ed8d4ca8fc90ba37b5ddfe67af4c959,a9c986673e37725e3c7942bd1745c4aa59055a40f393061e66e58b280307d8a4,a692111bc5cb328bcd57f1287f28b9d3e3e16186dd3c7592d183ec6e09437a9f,0.14606741573033707,0.729200858477465,0.1836734693877551,0.6663890045814245,0.2727272727272727,0.5289256198347108
6,4,15,24,18,212,objective_development,36,delay,1,frozen,objective_development/larger/413/a6/s1/frozen/delay/lambda4,1e4b18e0e15621ba6cf6be21070fc60045f531732faf400f01f981d3f6df4b36,413,larger,a3j0,3,True,0,reset_sensor,reset_sensor,0af37f232df721b4a121f3bcdef6ecaffa5411b3ecf1f0ff263d27b6c8bad397,34f045bf7e2188767391f5544d52358028f17c4ac019e54db94aab1488abddaf,2330969efe68cc34bee987488452a81e73af3c6128f96c52e95b135e0d4ce08c,0.14606741573033707,0.021335689938139123,0.1836734693877551,0.03373594335693461,0.14285714285714285,0.02040816326530612
6,4,15,24,18,212,objective_development,36,delay,1,frozen,objective_development/larger/413/a6/s1/frozen/delay/lambda4,1e4b18e0e15621ba6cf6be21070fc60045f531732faf400f01f981d3f6df4b36,413,larger,a0j1,0,True,0,replace_filter,replace_filter,9c0328f2075801cc7f114243813ec9215ca1e78b81fff2713977fe93d5619bd2,69185c7caaa4ada12aff8036d7f1b88c04f149e4e6e2d96157fe4b0168277b30,ac2c0601321223a7b8ce07c662957a2bc8f5dfa2c780f053e426c3ff7f7b4233,0.14606741573033707,0.021335689938139123,0.1836734693877551,0.03373594335693461,0.2727272727272727,0.07438016528925619
6,4,15,24,18,212,objective_development,36,delay,1,frozen,objective_development/larger/413/a6/s1/frozen/delay/lambda4,1e4b18e0e15621ba6cf6be21070fc60045f531732faf400f01f981d3f6df4b36,413,larger,a2j1,2,True,1,replace_filter,replace_filter,34391ebb74a7afc2331d34dce05d6e409b74713849da86fea91847eb09e1669e,c49586d8f50d2b9de2111a3e2d71ae0783cdfb03eb5eea5df510116cdf5d207b,c96df8c387a335a775b3b284b9d09d0100929a315a35a10442e37f5caa9f4da4,0.14606741573033707,0.729200858477465,0.1836734693877551,0.6663890045814245,0.2727272727272727,0.5289256198347108
6,4,15,24,18,212,objective_development,36,delay,1,frozen,objective_development/larger/413/a6/s1/frozen/delay/lambda4,1e4b18e0e15621ba6cf6be21070fc60045f531732faf400f01f981d3f6df4b36,413,larger,a3j1,3,True,1,replace_filter,replace_filter,4d130f80dde0352d71a72b755ee08b912f2187e466aa31beae84dbe87242f90d,ec6b6d0bdc4b7c74749f1d41ea6b152013354fc75aa963a0dd3dacf4b9ce192e,801df1a3e398be6b130e57024e8c2fae653319d6f2b556ea15e0e0e93bc50d51,0.14606741573033707,0.729200858477465,0.1836734693877551,0.6663890045814245,0.2727272727272727,0.5289256198347108
6,4,15,24,18,212,objective_development,36,delay,1,frozen,objective_development/larger/413/a6/s1/frozen/delay/lambda4,1e4b18e0e15621ba6cf6be21070fc60045f531732faf400f01f981d3f6df4b36,413,larger,a4j1,4,True,0,reset_sensor,reset_sensor,2747054b82401950942f2dea03640e50604fa1d2ca0c6715a3b04b75fb26ae3c,51172c2374a2a082a79d5a06c968ad9f16c0772d97c348357f24cfc321dea610,742500c82b18462b91e47d220cc60d9341618c5b2908eecb47f62b44af316ceb,0.14606741573033707,0.021335689938139123,0.1836734693877551,0.03373594335693461,0.14285714285714285,0.02040816326530612
6,4,15,24,18,212,objective_development,36,delay,1,frozen,objective_development/larger/413/a6/s1/frozen/delay/lambda4,1e4b18e0e15621ba6cf6be21070fc60045f531732faf400f01f981d3f6df4b36,413,larger,a1j1,1,True,0,replace_filter,replace_filter,775aa7595087c3e1f2a69e4355cc99882f1f8085fb09994992842cde5bd700a0,d12dd6520a46a33aa8b56dfa331e471af1df8ce5b06d04ea9b42312f404dbebb,5c9b562d8cd09b1dfd81788070ee736dbbc4629b7b961aa1eba457ce86aeb090,0.14606741573033707,0.021335689938139123,0.1836734693877551,0.03373594335693461,0.14285714285714285,0.02040816326530612
6,4,15,24,18,212,objective_development,36,delay,1,frozen,objective_development/larger/413/a6/s1/frozen/delay/lambda4,1e4b18e0e15621ba6cf6be21070fc60045f531732faf400f01f981d3f6df4b36,413,larger,a5j1,5,True,0,replace_filter,replace_filter,6700ff6ddf91321286fc30bc61434d50c979b63014d17e9a09c20b8056da566d,e2fa0058d4cdf6329b4d19c64c1f2327eab413c3934cd7661d099cd81dfe4fab,6a836e44aeebfb360d7c0574faefd5075c08c14cf92a04422300b6ee55015210,0.14606741573033707,0.021335689938139123,0.1836734693877551,0.03373594335693461,0.14285714285714285,0.02040816326530612
6,4,15,24,18,212,objective_development,36,delay,1,frozen,objective_development/larger/413/a6/s1/frozen/delay/lambda4,1e4b18e0e15621ba6cf6be21070fc60045f531732faf400f01f981d3f6df4b36,413,larger,a1j2,1,True,1,replace_filter,replace_filter,37ef30d56b2b60cad0746294190f24a7d3058d529ddb882f2771ea8ae0149140,3cba37573d9730abd0759e4a208bf69ed29f44f8a0fba667acda2ce1b780b6a8,b060b3f3f583fc8eea9502f4550cc67277adab5e2522726998fc151296c73636,0.14606741573033707,0.729200858477465,0.1836734693877551,0.6663890045814245,0.14285714285714285,0.7346938775510206
6,4,15,24,18,212,objective_development,36,delay,1,frozen,objective_development/larger/413/a6/s1/frozen/delay/lambda4,1e4b18e0e15621ba6cf6be21070fc60045f531732faf400f01f981d3f6df4b36,413,larger,a2j2,2,True,0,replace_filter,replace_filter,0cecf4c6bc28a90e59f28faacb701d66ad40b71d2389d2155e21d207ef089a60,2cd1b9d72dd025332d8497342fa72f378e701f59f16b061ed895e47005e0e12f,764deb6c31dad70e64099c17682121d720766c82a2ce07b5fe58178cc4d30462,0.14606741573033707,0.021335689938139123,0.1836734693877551,0.03373594335693461,0.2727272727272727,0.07438016528925619
6,4,15,24,18,212,objective_development,36,delay,1,frozen,objective_development/larger/413/a6/s1/frozen/delay/lambda4,1e4b18e0e15621ba6cf6be21070fc60045f531732faf400f01f981d3f6df4b36,413,larger,a0j2,0,True,0,reset_sensor,reset_sensor,a8cbdbb58d8d9874b947df0759444fda50d32cefc164e56a59721d58574df900,80815ce4b6a7ff1d72696ea936889c47f3bac4a092a764dc1c7ee6cef7d97cec,e7dd98002294cd6e376f5683c13adc2e33444575fca177a278fc634124375e4f,0.14606741573033707,0.021335689938139123,0.1836734693877551,0.03373594335693461,0.14285714285714285,0.02040816326530612
6,4,15,24,18,212,objective_development,36,delay,1,frozen,objective_development/larger/413/a6/s1/frozen/delay/lambda4,1e4b18e0e15621ba6cf6be21070fc60045f531732faf400f01f981d3f6df4b36,413,larger,a3j2,3,True,0,replace_filter,replace_filter,af289e104203d8cb4e50ecac10c1fb293168ed09f4757f8e28b85fdad7a9965e,4e4a5bd87a37f045e95659990578ce27532b5b1434f6b4925a72951d47163a95,57a61714bcdf1f57226dcea66607e63b397f6847ddb4f0ed921aaef115999dda,0.14606741573033707,0.021335689938139123,0.1836734693877551,0.03373594335693461,0.2727272727272727,0.07438016528925619
6,4,15,24,18,212,objective_development,36,delay,1,frozen,objective_development/larger/413/a6/s1/frozen/delay/lambda4,1e4b18e0e15621ba6cf6be21070fc60045f531732faf400f01f981d3f6df4b36,413,larger,a4j2,4,True,0,reset_sensor,reset_sensor,984f06effdea2f338c322d77f10f3c2d9433ba2f56cc7d6c371dd7858cf26da3,35ccb7a1618a603e80f084a9a4d40281f81a20fa2bbca9a0244ed6c0d30645b1,1a4fd55edfcbc5e9caaf17e3363f6973089d2ca5d04a665317e8f89afe4a6080,0.14606741573033707,0.021335689938139123,0.1836734693877551,0.03373594335693461,0.14285714285714285,0.02040816326530612
6,4,15,24,18,212,objective_development,36,delay,1,frozen,objective_development/larger/413/a6/s1/frozen/delay/lambda4,1e4b18e0e15621ba6cf6be21070fc60045f531732faf400f01f981d3f6df4b36,413,larger,a5j2,5,True,0,reset_sensor,reset_sensor,4d0d5438382f7f55d1e87edc8378ee1399535829574b3171bc608144abd6ad5a,61bc80437e5c13a5bb5718410e6105cb528c6ef0d390340bb23025707581dd74,fe978c1d913dad9151f3fd40d68f5925a7c91fbb8a2b733d89968821b2efc11d,0.14606741573033707,0.021335689938139123,0.1836734693877551,0.03373594335693461,0.14285714285714285,0.02040816326530612
6,8,16,24,18,212,objective_development,36,delay,1,frozen,objective_development/larger/413/a6/s1/frozen/delay/lambda8,1e4b18e0e15621ba6cf6be21070fc60045f531732faf400f01f981d3f6df4b36,413,larger,a2j0,2,True,1,replace_filter,replace_filter,bdc09e962875eb54d6663d585c3631f34ec32f36ad87b1a5b79ebe561efbf52a,6f30ba5799e1ff85ccd5c6387495f52f79aba0335e9398ef244f173cc1695ad2,f9942f7c183dd4ff6e25f45359a8931edb3a315a26054fc78c793589534c4f5c,0.14606741573033707,0.729200858477465,0.1836734693877551,0.6663890045814245,0.2727272727272727,0.5289256198347108
6,8,16,24,18,212,objective_development,36,delay,1,frozen,objective_development/larger/413/a6/s1/frozen/delay/lambda8,1e4b18e0e15621ba6cf6be21070fc60045f531732faf400f01f981d3f6df4b36,413,larger,a4j0,4,True,1,replace_filter,replace_filter,5fadb2e4c3b8a0b2fe65a4e0b94424a99db85c7cc31b3cece8cb5622fe66be49,a19603c7d194fd78bac19f3a52ac09a9de1abef285d4ab484c8417175924051c,ed2280dee9aa68b5ae0c034ee1effdbb6c0047ef36266a45676d9403e15af07e,0.14606741573033707,0.729200858477465,0.1836734693877551,0.6663890045814245,0.7272727272727273,0.07438016528925619
6,8,16,24,18,212,objective_development,36,delay,1,frozen,objective_development/larger/413/a6/s1/frozen/delay/lambda8,1e4b18e0e15621ba6cf6be21070fc60045f531732faf400f01f981d3f6df4b36,413,larger,a5j0,5,True,0,replace_filter,replace_filter,ae5bc0e952fe834a4b802e018aa9285b4362fae57b086a5b2c0987d28e5eb28e,77e4f542493b0a9474c14412dd93acd89e1fda74612edef843ecdabe101611c7,0a3f10f4db335c55691d7a06429da110d2254f6f233b5bcda1611d7d1df6fd43,0.14606741573033707,0.021335689938139123,0.1836734693877551,0.03373594335693461,0.14285714285714285,0.02040816326530612
6,8,16,24,18,212,objective_development,36,delay,1,frozen,objective_development/larger/413/a6/s1/frozen/delay/lambda8,1e4b18e0e15621ba6cf6be21070fc60045f531732faf400f01f981d3f6df4b36,413,larger,a0j0,0,True,0,replace_filter,replace_filter,11ef16a17ef850eb50124a100cc3e5063b192e58b7d34d0ec6611f12f4fa4cf9,d566a6103eeb4190de0203e7c4a1c9c2d504dd697f5b96a1110135a56db5e5cf,e593a6f1de045e3b8cf7bfa213fc805d9a8cbb4e87263fe96a88a0bb2436070d,0.14606741573033707,0.021335689938139123,0.1836734693877551,0.03373594335693461,0.14285714285714285,0.02040816326530612
6,8,16,24,18,212,objective_development,36,delay,1,frozen,objective_development/larger/413/a6/s1/frozen/delay/lambda8,1e4b18e0e15621ba6cf6be21070fc60045f531732faf400f01f981d3f6df4b36,413,larger,a1j0,1,True,1,replace_filter,replace_filter,4c0f61e3628f3ea109e7369fdc36522d3ed8d4ca8fc90ba37b5ddfe67af4c959,a9c986673e37725e3c7942bd1745c4aa59055a40f393061e66e58b280307d8a4,a692111bc5cb328bcd57f1287f28b9d3e3e16186dd3c7592d183ec6e09437a9f,0.14606741573033707,0.729200858477465,0.1836734693877551,0.6663890045814245,0.2727272727272727,0.5289256198347108
6,8,16,24,18,212,objective_development,36,delay,1,frozen,objective_development/larger/413/a6/s1/frozen/delay/lambda8,1e4b18e0e15621ba6cf6be21070fc60045f531732faf400f01f981d3f6df4b36,413,larger,a3j0,3,True,0,reset_sensor,reset_sensor,0af37f232df721b4a121f3bcdef6ecaffa5411b3ecf1f0ff263d27b6c8bad397,34f045bf7e2188767391f5544d52358028f17c4ac019e54db94aab1488abddaf,2330969efe68cc34bee987488452a81e73af3c6128f96c52e95b135e0d4ce08c,0.14606741573033707,0.021335689938139123,0.1836734693877551,0.03373594335693461,0.14285714285714285,0.02040816326530612
6,8,16,24,18,212,objective_development,36,delay,1,frozen,objective_development/larger/413/a6/s1/frozen/delay/lambda8,1e4b18e0e15621ba6cf6be21070fc60045f531732faf400f01f981d3f6df4b36,413,larger,a0j1,0,True,0,replace_filter,replace_filter,9c0328f2075801cc7f114243813ec9215ca1e78b81fff2713977fe93d5619bd2,69185c7caaa4ada12aff8036d7f1b88c04f149e4e6e2d96157fe4b0168277b30,ac2c0601321223a7b8ce07c662957a2bc8f5dfa2c780f053e426c3ff7f7b4233,0.14606741573033707,0.021335689938139123,0.1836734693877551,0.03373594335693461,0.2727272727272727,0.07438016528925619
6,8,16,24,18,212,objective_development,36,delay,1,frozen,objective_development/larger/413/a6/s1/frozen/delay/lambda8,1e4b18e0e15621ba6cf6be21070fc60045f531732faf400f01f981d3f6df4b36,413,larger,a2j1,2,True,1,replace_filter,replace_filter,34391ebb74a7afc2331d34dce05d6e409b74713849da86fea91847eb09e1669e,c49586d8f50d2b9de2111a3e2d71ae0783cdfb03eb5eea5df510116cdf5d207b,c96df8c387a335a775b3b284b9d09d0100929a315a35a10442e37f5caa9f4da4,0.14606741573033707,0.729200858477465,0.1836734693877551,0.6663890045814245,0.2727272727272727,0.5289256198347108
6,8,16,24,18,212,objective_development,36,delay,1,frozen,objective_development/larger/413/a6/s1/frozen/delay/lambda8,1e4b18e0e15621ba6cf6be21070fc60045f531732faf400f01f981d3f6df4b36,413,larger,a3j1,3,True,1,replace_filter,replace_filter,4d130f80dde0352d71a72b755ee08b912f2187e466aa31beae84dbe87242f90d,ec6b6d0bdc4b7c74749f1d41ea6b152013354fc75aa963a0dd3dacf4b9ce192e,801df1a3e398be6b130e57024e8c2fae653319d6f2b556ea15e0e0e93bc50d51,0.14606741573033707,0.729200858477465,0.1836734693877551,0.6663890045814245,0.2727272727272727,0.5289256198347108
6,8,16,24,18,212,objective_development,36,delay,1,frozen,objective_development/larger/413/a6/s1/frozen/delay/lambda8,1e4b18e0e15621ba6cf6be21070fc60045f531732faf400f01f981d3f6df4b36,413,larger,a4j1,4,True,0,reset_sensor,reset_sensor,2747054b82401950942f2dea03640e50604fa1d2ca0c6715a3b04b75fb26ae3c,51172c2374a2a082a79d5a06c968ad9f16c0772d97c348357f24cfc321dea610,742500c82b18462b91e47d220cc60d9341618c5b2908eecb47f62b44af316ceb,0.14606741573033707,0.021335689938139123,0.1836734693877551,0.03373594335693461,0.14285714285714285,0.02040816326530612
6,8,16,24,18,212,objective_development,36,delay,1,frozen,objective_development/larger/413/a6/s1/frozen/delay/lambda8,1e4b18e0e15621ba6cf6be21070fc60045f531732faf400f01f981d3f6df4b36,413,larger,a1j1,1,True,0,replace_filter,replace_filter,775aa7595087c3e1f2a69e4355cc99882f1f8085fb09994992842cde5bd700a0,d12dd6520a46a33aa8b56dfa331e471af1df8ce5b06d04ea9b42312f404dbebb,5c9b562d8cd09b1dfd81788070ee736dbbc4629b7b961aa1eba457ce86aeb090,0.14606741573033707,0.021335689938139123,0.1836734693877551,0.03373594335693461,0.14285714285714285,0.02040816326530612
6,8,16,24,18,212,objective_development,36,delay,1,frozen,objective_development/larger/413/a6/s1/frozen/delay/lambda8,1e4b18e0e15621ba6cf6be21070fc60045f531732faf400f01f981d3f6df4b36,413,larger,a5j1,5,True,0,replace_filter,replace_filter,6700ff6ddf91321286fc30bc61434d50c979b63014d17e9a09c20b8056da566d,e2fa0058d4cdf6329b4d19c64c1f2327eab413c3934cd7661d099cd81dfe4fab,6a836e44aeebfb360d7c0574faefd5075c08c14cf92a04422300b6ee55015210,0.14606741573033707,0.021335689938139123,0.1836734693877551,0.03373594335693461,0.14285714285714285,0.02040816326530612
6,8,16,24,18,212,objective_development,36,delay,1,frozen,objective_development/larger/413/a6/s1/frozen/delay/lambda8,1e4b18e0e15621ba6cf6be21070fc60045f531732faf400f01f981d3f6df4b36,413,larger,a1j2,1,True,1,replace_filter,replace_filter,37ef30d56b2b60cad0746294190f24a7d3058d529ddb882f2771ea8ae0149140,3cba37573d9730abd0759e4a208bf69ed29f44f8a0fba667acda2ce1b780b6a8,b060b3f3f583fc8eea9502f4550cc67277adab5e2522726998fc151296c73636,0.14606741573033707,0.729200858477465,0.1836734693877551,0.6663890045814245,0.14285714285714285,0.7346938775510206
6,8,16,24,18,212,objective_development,36,delay,1,frozen,objective_development/larger/413/a6/s1/frozen/delay/lambda8,1e4b18e0e15621ba6cf6be21070fc60045f531732faf400f01f981d3f6df4b36,413,larger,a2j2,2,True,0,replace_filter,replace_filter,c4fbf726e10e550997d172eb9277be6f31f4334f4cf1abb7c640b2e33230088f,d3877ef6265846963a6d129c328de587e867370c66e6ff9ba2b08d7928c7f3ed,7febc13e855769e1a67511a1d83b44b79b8521c9ace2cd39f922a667a75aa233,0.14606741573033707,0.021335689938139123,0.1836734693877551,0.03373594335693461,0.2727272727272727,0.07438016528925619
6,8,16,24,18,212,objective_development,36,delay,1,frozen,objective_development/larger/413/a6/s1/frozen/delay/lambda8,1e4b18e0e15621ba6cf6be21070fc60045f531732faf400f01f981d3f6df4b36,413,larger,a0j2,0,True,0,reset_sensor,reset_sensor,a8cbdbb58d8d9874b947df0759444fda50d32cefc164e56a59721d58574df900,80815ce4b6a7ff1d72696ea936889c47f3bac4a092a764dc1c7ee6cef7d97cec,e7dd98002294cd6e376f5683c13adc2e33444575fca177a278fc634124375e4f,0.14606741573033707,0.021335689938139123,0.1836734693877551,0.03373594335693461,0.14285714285714285,0.02040816326530612
6,8,16,24,18,212,objective_development,36,delay,1,frozen,objective_development/larger/413/a6/s1/frozen/delay/lambda8,1e4b18e0e15621ba6cf6be21070fc60045f531732faf400f01f981d3f6df4b36,413,larger,a3j2,3,True,0,replace_filter,replace_filter,f22541ce279281313ea50d43a58833626ec147a079cc00528fde855c334436d1,812488016f256d1c836c50c3d6d7d0df22819b009423817cc4fcf69c3cf652e2,ed08887e85bec0bd31a8262e4b12ab21e1835eefb9a0519b2858a170f3d22a04,0.14606741573033707,0.021335689938139123,0.1836734693877551,0.03373594335693461,0.2727272727272727,0.07438016528925619
6,8,16,24,18,212,objective_development,36,delay,1,frozen,objective_development/larger/413/a6/s1/frozen/delay/lambda8,1e4b18e0e15621ba6cf6be21070fc60045f531732faf400f01f981d3f6df4b36,413,larger,a4j2,4,True,0,reset_sensor,reset_sensor,2d73be8c4fa93f5a892bfe18216c31a4fa022d11ebd7647d5e8a5b89f8990016,cd8e5fd618293af27248bc52806feb898771e585532cf9b9438cfc70002cd3c8,6456bb11708146342a15df1b30de4d34acbad319d371add53dba96135946a650,0.14606741573033707,0.021335689938139123,0.1836734693877551,0.03373594335693461,0.14285714285714285,0.02040816326530612
6,8,16,24,18,212,objective_development,36,delay,1,frozen,objective_development/larger/413/a6/s1/frozen/delay/lambda8,1e4b18e0e15621ba6cf6be21070fc60045f531732faf400f01f981d3f6df4b36,413,larger,a5j2,5,True,0,reset_sensor,reset_sensor,4d0d5438382f7f55d1e87edc8378ee1399535829574b3171bc608144abd6ad5a,61bc80437e5c13a5bb5718410e6105cb528c6ef0d390340bb23025707581dd74,fe978c1d913dad9151f3fd40d68f5925a7c91fbb8a2b733d89968821b2efc11d,0.14606741573033707,0.021335689938139123,0.1836734693877551,0.03373594335693461,0.14285714285714285,0.02040816326530612
6,0,17,24,18,212,objective_development,36,delay,1,frozen,objective_development/larger/413/a6/s1/frozen/delay/lambda0,1e4b18e0e15621ba6cf6be21070fc60045f531732faf400f01f981d3f6df4b36,413,larger,a2j0,2,True,1,replace_filter,replace_filter,bdc09e962875eb54d6663d585c3631f34ec32f36ad87b1a5b79ebe561efbf52a,6f30ba5799e1ff85ccd5c6387495f52f79aba0335e9398ef244f173cc1695ad2,f9942f7c183dd4ff6e25f45359a8931edb3a315a26054fc78c793589534c4f5c,0.14606741573033707,0.729200858477465,0.1836734693877551,0.6663890045814245,0.2727272727272727,0.5289256198347108
6,0,17,24,18,212,objective_development,36,delay,1,frozen,objective_development/larger/413/a6/s1/frozen/delay/lambda0,1e4b18e0e15621ba6cf6be21070fc60045f531732faf400f01f981d3f6df4b36,413,larger,a4j0,4,True,1,replace_filter,replace_filter,5fadb2e4c3b8a0b2fe65a4e0b94424a99db85c7cc31b3cece8cb5622fe66be49,a19603c7d194fd78bac19f3a52ac09a9de1abef285d4ab484c8417175924051c,ed2280dee9aa68b5ae0c034ee1effdbb6c0047ef36266a45676d9403e15af07e,0.14606741573033707,0.729200858477465,0.1836734693877551,0.6663890045814245,0.7272727272727273,0.07438016528925619
6,0,17,24,18,212,objective_development,36,delay,1,frozen,objective_development/larger/413/a6/s1/frozen/delay/lambda0,1e4b18e0e15621ba6cf6be21070fc60045f531732faf400f01f981d3f6df4b36,413,larger,a5j0,5,True,0,replace_filter,replace_filter,ae5bc0e952fe834a4b802e018aa9285b4362fae57b086a5b2c0987d28e5eb28e,77e4f542493b0a9474c14412dd93acd89e1fda74612edef843ecdabe101611c7,0a3f10f4db335c55691d7a06429da110d2254f6f233b5bcda1611d7d1df6fd43,0.14606741573033707,0.021335689938139123,0.1836734693877551,0.03373594335693461,0.14285714285714285,0.02040816326530612
6,0,17,24,18,212,objective_development,36,delay,1,frozen,objective_development/larger/413/a6/s1/frozen/delay/lambda0,1e4b18e0e15621ba6cf6be21070fc60045f531732faf400f01f981d3f6df4b36,413,larger,a0j0,0,True,0,replace_filter,replace_filter,11ef16a17ef850eb50124a100cc3e5063b192e58b7d34d0ec6611f12f4fa4cf9,d566a6103eeb4190de0203e7c4a1c9c2d504dd697f5b96a1110135a56db5e5cf,e593a6f1de045e3b8cf7bfa213fc805d9a8cbb4e87263fe96a88a0bb2436070d,0.14606741573033707,0.021335689938139123,0.1836734693877551,0.03373594335693461,0.14285714285714285,0.02040816326530612
6,0,17,24,18,212,objective_development,36,delay,1,frozen,objective_development/larger/413/a6/s1/frozen/delay/lambda0,1e4b18e0e15621ba6cf6be21070fc60045f531732faf400f01f981d3f6df4b36,413,larger,a1j0,1,True,1,replace_filter,replace_filter,4c0f61e3628f3ea109e7369fdc36522d3ed8d4ca8fc90ba37b5ddfe67af4c959,a9c986673e37725e3c7942bd1745c4aa59055a40f393061e66e58b280307d8a4,a692111bc5cb328bcd57f1287f28b9d3e3e16186dd3c7592d183ec6e09437a9f,0.14606741573033707,0.729200858477465,0.1836734693877551,0.6663890045814245,0.2727272727272727,0.5289256198347108
6,0,17,24,18,212,objective_development,36,delay,1,frozen,objective_development/larger/413/a6/s1/frozen/delay/lambda0,1e4b18e0e15621ba6cf6be21070fc60045f531732faf400f01f981d3f6df4b36,413,larger,a3j0,3,True,0,reset_sensor,reset_sensor,0af37f232df721b4a121f3bcdef6ecaffa5411b3ecf1f0ff263d27b6c8bad397,34f045bf7e2188767391f5544d52358028f17c4ac019e54db94aab1488abddaf,2330969efe68cc34bee987488452a81e73af3c6128f96c52e95b135e0d4ce08c,0.14606741573033707,0.021335689938139123,0.1836734693877551,0.03373594335693461,0.14285714285714285,0.02040816326530612
6,0,17,24,18,212,objective_development,36,delay,1,frozen,objective_development/larger/413/a6/s1/frozen/delay/lambda0,1e4b18e0e15621ba6cf6be21070fc60045f531732faf400f01f981d3f6df4b36,413,larger,a0j1,0,True,0,replace_filter,replace_filter,9c0328f2075801cc7f114243813ec9215ca1e78b81fff2713977fe93d5619bd2,69185c7caaa4ada12aff8036d7f1b88c04f149e4e6e2d96157fe4b0168277b30,ac2c0601321223a7b8ce07c662957a2bc8f5dfa2c780f053e426c3ff7f7b4233,0.14606741573033707,0.021335689938139123,0.1836734693877551,0.03373594335693461,0.2727272727272727,0.07438016528925619
6,0,17,24,18,212,objective_development,36,delay,1,frozen,objective_development/larger/413/a6/s1/frozen/delay/lambda0,1e4b18e0e15621ba6cf6be21070fc60045f531732faf400f01f981d3f6df4b36,413,larger,a2j1,2,True,1,replace_filter,replace_filter,34391ebb74a7afc2331d34dce05d6e409b74713849da86fea91847eb09e1669e,c49586d8f50d2b9de2111a3e2d71ae0783cdfb03eb5eea5df510116cdf5d207b,c96df8c387a335a775b3b284b9d09d0100929a315a35a10442e37f5caa9f4da4,0.14606741573033707,0.729200858477465,0.1836734693877551,0.6663890045814245,0.2727272727272727,0.5289256198347108
6,0,17,24,18,212,objective_development,36,delay,1,frozen,objective_development/larger/413/a6/s1/frozen/delay/lambda0,1e4b18e0e15621ba6cf6be21070fc60045f531732faf400f01f981d3f6df4b36,413,larger,a3j1,3,True,1,replace_filter,replace_filter,4d130f80dde0352d71a72b755ee08b912f2187e466aa31beae84dbe87242f90d,ec6b6d0bdc4b7c74749f1d41ea6b152013354fc75aa963a0dd3dacf4b9ce192e,801df1a3e398be6b130e57024e8c2fae653319d6f2b556ea15e0e0e93bc50d51,0.14606741573033707,0.729200858477465,0.1836734693877551,0.6663890045814245,0.2727272727272727,0.5289256198347108
6,0,17,24,18,212,objective_development,36,delay,1,frozen,objective_development/larger/413/a6/s1/frozen/delay/lambda0,1e4b18e0e15621ba6cf6be21070fc60045f531732faf400f01f981d3f6df4b36,413,larger,a4j1,4,True,0,reset_sensor,reset_sensor,2747054b82401950942f2dea03640e50604fa1d2ca0c6715a3b04b75fb26ae3c,51172c2374a2a082a79d5a06c968ad9f16c0772d97c348357f24cfc321dea610,742500c82b18462b91e47d220cc60d9341618c5b2908eecb47f62b44af316ceb,0.14606741573033707,0.021335689938139123,0.1836734693877551,0.03373594335693461,0.14285714285714285,0.02040816326530612
6,0,17,24,18,212,objective_development,36,delay,1,frozen,objective_development/larger/413/a6/s1/frozen/delay/lambda0,1e4b18e0e15621ba6cf6be21070fc60045f531732faf400f01f981d3f6df4b36,413,larger,a1j1,1,True,0,replace_filter,replace_filter,775aa7595087c3e1f2a69e4355cc99882f1f8085fb09994992842cde5bd700a0,d12dd6520a46a33aa8b56dfa331e471af1df8ce5b06d04ea9b42312f404dbebb,5c9b562d8cd09b1dfd81788070ee736dbbc4629b7b961aa1eba457ce86aeb090,0.14606741573033707,0.021335689938139123,0.1836734693877551,0.03373594335693461,0.14285714285714285,0.02040816326530612
6,0,17,24,18,212,objective_development,36,delay,1,frozen,objective_development/larger/413/a6/s1/frozen/delay/lambda0,1e4b18e0e15621ba6cf6be21070fc60045f531732faf400f01f981d3f6df4b36,413,larger,a5j1,5,True,0,replace_filter,replace_filter,250fa039e5fed4dfe7fcfa735c149a8907d27ce5c20252c56f6dd18a9c3a96fd,eccd75beec1d6b7a42d1bfcfa9572cde4564236363aad28aa76db4913f6d6108,ed8bcdb39f6bd8d68a2cc98baf2b9da3b464359ff78a5779f78db5ecd972e320,0.14606741573033707,0.021335689938139123,0.1836734693877551,0.03373594335693461,0.14285714285714285,0.02040816326530612
6,0,17,24,18,212,objective_development,36,delay,1,frozen,objective_development/larger/413/a6/s1/frozen/delay/lambda0,1e4b18e0e15621ba6cf6be21070fc60045f531732faf400f01f981d3f6df4b36,413,larger,a1j2,1,True,1,replace_filter,replace_filter,0c0c383d805de61c207c634a37c223c120436f23f9f45917067a0a29a8388f7b,c9f0bc869e1f3cf7d299344dbc1b4f4962e9d781d0d37602c4d5a268ee797579,9e6a505135c2fc9b55403bf4a0f7ccb3f1a589f9ebe345986aa7bb8cbf5e13f9,0.14606741573033707,0.729200858477465,0.1836734693877551,0.6663890045814245,0.14285714285714285,0.7346938775510206
6,0,17,24,18,212,objective_development,36,delay,1,frozen,objective_development/larger/413/a6/s1/frozen/delay/lambda0,1e4b18e0e15621ba6cf6be21070fc60045f531732faf400f01f981d3f6df4b36,413,larger,a2j2,2,True,0,replace_filter,replace_filter,0cecf4c6bc28a90e59f28faacb701d66ad40b71d2389d2155e21d207ef089a60,2cd1b9d72dd025332d8497342fa72f378e701f59f16b061ed895e47005e0e12f,764deb6c31dad70e64099c17682121d720766c82a2ce07b5fe58178cc4d30462,0.14606741573033707,0.021335689938139123,0.1836734693877551,0.03373594335693461,0.2727272727272727,0.07438016528925619
6,0,17,24,18,212,objective_development,36,delay,1,frozen,objective_development/larger/413/a6/s1/frozen/delay/lambda0,1e4b18e0e15621ba6cf6be21070fc60045f531732faf400f01f981d3f6df4b36,413,larger,a0j2,0,True,0,reset_sensor,reset_sensor,a8cbdbb58d8d9874b947df0759444fda50d32cefc164e56a59721d58574df900,80815ce4b6a7ff1d72696ea936889c47f3bac4a092a764dc1c7ee6cef7d97cec,e7dd98002294cd6e376f5683c13adc2e33444575fca177a278fc634124375e4f,0.14606741573033707,0.021335689938139123,0.1836734693877551,0.03373594335693461,0.14285714285714285,0.02040816326530612
6,0,17,24,18,212,objective_development,36,delay,1,frozen,objective_development/larger/413/a6/s1/frozen/delay/lambda0,1e4b18e0e15621ba6cf6be21070fc60045f531732faf400f01f981d3f6df4b36,413,larger,a3j2,3,True,0,replace_filter,replace_filter,af289e104203d8cb4e50ecac10c1fb293168ed09f4757f8e28b85fdad7a9965e,4e4a5bd87a37f045e95659990578ce27532b5b1434f6b4925a72951d47163a95,57a61714bcdf1f57226dcea66607e63b397f6847ddb4f0ed921aaef115999dda,0.14606741573033707,0.021335689938139123,0.1836734693877551,0.03373594335693461,0.2727272727272727,0.07438016528925619
6,0,17,24,18,212,objective_development,36,delay,1,frozen,objective_development/larger/413/a6/s1/frozen/delay/lambda0,1e4b18e0e15621ba6cf6be21070fc60045f531732faf400f01f981d3f6df4b36,413,larger,a4j2,4,True,0,reset_sensor,reset_sensor,984f06effdea2f338c322d77f10f3c2d9433ba2f56cc7d6c371dd7858cf26da3,35ccb7a1618a603e80f084a9a4d40281f81a20fa2bbca9a0244ed6c0d30645b1,1a4fd55edfcbc5e9caaf17e3363f6973089d2ca5d04a665317e8f89afe4a6080,0.14606741573033707,0.021335689938139123,0.1836734693877551,0.03373594335693461,0.14285714285714285,0.02040816326530612
6,0,17,24,18,212,objective_development,36,delay,1,frozen,objective_development/larger/413/a6/s1/frozen/delay/lambda0,1e4b18e0e15621ba6cf6be21070fc60045f531732faf400f01f981d3f6df4b36,413,larger,a5j2,5,True,0,reset_sensor,reset_sensor,23b6dada7c9c050744bc411e1f2e9d6f733160576b4c85beee0552a455b7fe44,29890b90c65963674be7b9c2cbea6d782e53e87453d814b7142cf7f81cc8925b,991fb0361c08f2c5f75861f2f29e6bd86378fe71c2df683d1616f95200383674,0.14606741573033707,0.021335689938139123,0.1836734693877551,0.03373594335693461,0.14285714285714285,0.02040816326530612
3,4,18,12,6,48,objective_development,12,delay,2,frozen,objective_development/competition/413/a3/s2/frozen/delay/lambda4,339fd58aecab6f7f74bd21cbc0cdf0a84fe365f0bc0ad5ce987e7c98710434e2,413,competition,a0j0,0,True,0,replace_filter,replace_filter,a9d041c1554c086caecca1902918a9e3b50bbaceb27baf11323e01d2403304e1,1f2acb2cfebf39531dd6cdbe6c44c10099742077fb2302a68294376b9ea1e012,d125851b6db5c31fa221f0cc227946879aaaa5a9f9904e52e20c9318b08206eb,0.14606741573033707,0.021335689938139123,0.1836734693877551,0.03373594335693461,0.14285714285714285,0.02040816326530612
3,4,18,12,6,48,objective_development,12,delay,2,frozen,objective_development/competition/413/a3/s2/frozen/delay/lambda4,339fd58aecab6f7f74bd21cbc0cdf0a84fe365f0bc0ad5ce987e7c98710434e2,413,competition,a1j0,1,True,0,replace_filter,replace_filter,c9ff1c13a7705936d92711376a82c7913dd3ed9f1084186aabff2aa78d68a717,a4e7040cfa924678906ead65ea0bb8035ee32323f7cfa68b48a4e956d10f6153,d748a6cedd669cc7619375e00d3ddae0ac585f293eee239e27727b3de019fa1a,0.14606741573033707,0.021335689938139123,0.1836734693877551,0.03373594335693461,0.14285714285714285,0.02040816326530612
3,4,18,12,6,48,objective_development,12,delay,2,frozen,objective_development/competition/413/a3/s2/frozen/delay/lambda4,339fd58aecab6f7f74bd21cbc0cdf0a84fe365f0bc0ad5ce987e7c98710434e2,413,competition,a2j0,2,True,0,reset_sensor,reset_sensor,a374f6a49d46ee2ebdf50b5133550b7c5d7e6a82f68d2f6f84080b735a48091b,2b11c28947ba0f706c79160a0495236f6edbcc0f90edb467051105949b4939f9,ea49b6d5f836f257767239b89e3797a6c5b9ae4c86207fbfdf1342dd869bc0db,0.14606741573033707,0.021335689938139123,0.1836734693877551,0.03373594335693461,0.14285714285714285,0.02040816326530612
3,4,18,12,6,48,objective_development,12,delay,2,frozen,objective_development/competition/413/a3/s2/frozen/delay/lambda4,339fd58aecab6f7f74bd21cbc0cdf0a84fe365f0bc0ad5ce987e7c98710434e2,413,competition,a0j1,0,True,1,replace_filter,replace_filter,2c716bbf52dcadb71dde08f04bb7e72857ad5e5aee4e0983b421959f6db11204,ad37c377b41c7911e2f347b907914a15549374e3a6617bcddb9bb5ba5c5ed066,a7cc320762a3d5fb79e7b321c750bdabf04c04f55656c57c9317d86c27b18cba,0.14606741573033707,0.729200858477465,0.1836734693877551,0.6663890045814245,0.14285714285714285,0.7346938775510206
3,4,18,12,6,48,objective_development,12,delay,2,frozen,objective_development/competition/413/a3/s2/frozen/delay/lambda4,339fd58aecab6f7f74bd21cbc0cdf0a84fe365f0bc0ad5ce987e7c98710434e2,413,competition,a1j1,1,False,0,replace_filter,reset_sensor,ff8e77bf82dfca2ac4b248a91d6378ff1ab4434054bca6462007295d773990d1,3a6fba435d3797a2d243e77b332b46de3fae4e7650ec8fe0051eb264a57e5f41,5c176f8a8f7e2f10f632dabce6d1ebf3d2848d9f56075b1c8104e2de0840cd8c,0.1836734693877551,0.03373594335693461,0.1836734693877551,0.03373594335693461,0.7272727272727273,0.5289256198347108
3,4,18,12,6,48,objective_development,12,delay,2,frozen,objective_development/competition/413/a3/s2/frozen/delay/lambda4,339fd58aecab6f7f74bd21cbc0cdf0a84fe365f0bc0ad5ce987e7c98710434e2,413,competition,a2j1,2,True,1,replace_filter,replace_filter,d8a21f54a76817ba656f45f50bb261d52512fefcfda28712af74081faae8a76b,6b5af52d120e0a4b159b97d43407e2d7db17c775b5527b0e764b04300ab02604,3c89c8d94b1c21525bd23681f7eceaee419676714a868185e0102c627370c862,0.14606741573033707,0.729200858477465,0.1836734693877551,0.6663890045814245,0.2727272727272727,0.5289256198347108
3,8,19,12,6,48,objective_development,12,delay,2,frozen,objective_development/competition/413/a3/s2/frozen/delay/lambda8,339fd58aecab6f7f74bd21cbc0cdf0a84fe365f0bc0ad5ce987e7c98710434e2,413,competition,a0j0,0,True,0,replace_filter,replace_filter,a9d041c1554c086caecca1902918a9e3b50bbaceb27baf11323e01d2403304e1,1f2acb2cfebf39531dd6cdbe6c44c10099742077fb2302a68294376b9ea1e012,d125851b6db5c31fa221f0cc227946879aaaa5a9f9904e52e20c9318b08206eb,0.14606741573033707,0.021335689938139123,0.1836734693877551,0.03373594335693461,0.14285714285714285,0.02040816326530612
3,8,19,12,6,48,objective_development,12,delay,2,frozen,objective_development/competition/413/a3/s2/frozen/delay/lambda8,339fd58aecab6f7f74bd21cbc0cdf0a84fe365f0bc0ad5ce987e7c98710434e2,413,competition,a1j0,1,True,0,replace_filter,replace_filter,c9ff1c13a7705936d92711376a82c7913dd3ed9f1084186aabff2aa78d68a717,a4e7040cfa924678906ead65ea0bb8035ee32323f7cfa68b48a4e956d10f6153,d748a6cedd669cc7619375e00d3ddae0ac585f293eee239e27727b3de019fa1a,0.14606741573033707,0.021335689938139123,0.1836734693877551,0.03373594335693461,0.14285714285714285,0.02040816326530612
3,8,19,12,6,48,objective_development,12,delay,2,frozen,objective_development/competition/413/a3/s2/frozen/delay/lambda8,339fd58aecab6f7f74bd21cbc0cdf0a84fe365f0bc0ad5ce987e7c98710434e2,413,competition,a2j0,2,True,0,reset_sensor,reset_sensor,a374f6a49d46ee2ebdf50b5133550b7c5d7e6a82f68d2f6f84080b735a48091b,2b11c28947ba0f706c79160a0495236f6edbcc0f90edb467051105949b4939f9,ea49b6d5f836f257767239b89e3797a6c5b9ae4c86207fbfdf1342dd869bc0db,0.14606741573033707,0.021335689938139123,0.1836734693877551,0.03373594335693461,0.14285714285714285,0.02040816326530612
3,8,19,12,6,48,objective_development,12,delay,2,frozen,objective_development/competition/413/a3/s2/frozen/delay/lambda8,339fd58aecab6f7f74bd21cbc0cdf0a84fe365f0bc0ad5ce987e7c98710434e2,413,competition,a0j1,0,True,1,replace_filter,replace_filter,2c716bbf52dcadb71dde08f04bb7e72857ad5e5aee4e0983b421959f6db11204,ad37c377b41c7911e2f347b907914a15549374e3a6617bcddb9bb5ba5c5ed066,a7cc320762a3d5fb79e7b321c750bdabf04c04f55656c57c9317d86c27b18cba,0.14606741573033707,0.729200858477465,0.1836734693877551,0.6663890045814245,0.14285714285714285,0.7346938775510206
3,8,19,12,6,48,objective_development,12,delay,2,frozen,objective_development/competition/413/a3/s2/frozen/delay/lambda8,339fd58aecab6f7f74bd21cbc0cdf0a84fe365f0bc0ad5ce987e7c98710434e2,413,competition,a1j1,1,False,0,replace_filter,reset_sensor,ff8e77bf82dfca2ac4b248a91d6378ff1ab4434054bca6462007295d773990d1,3a6fba435d3797a2d243e77b332b46de3fae4e7650ec8fe0051eb264a57e5f41,5c176f8a8f7e2f10f632dabce6d1ebf3d2848d9f56075b1c8104e2de0840cd8c,0.1836734693877551,0.03373594335693461,0.1836734693877551,0.03373594335693461,0.7272727272727273,0.5289256198347108
3,8,19,12,6,48,objective_development,12,delay,2,frozen,objective_development/competition/413/a3/s2/frozen/delay/lambda8,339fd58aecab6f7f74bd21cbc0cdf0a84fe365f0bc0ad5ce987e7c98710434e2,413,competition,a2j1,2,True,1,replace_filter,replace_filter,d8a21f54a76817ba656f45f50bb261d52512fefcfda28712af74081faae8a76b,6b5af52d120e0a4b159b97d43407e2d7db17c775b5527b0e764b04300ab02604,3c89c8d94b1c21525bd23681f7eceaee419676714a868185e0102c627370c862,0.14606741573033707,0.729200858477465,0.1836734693877551,0.6663890045814245,0.2727272727272727,0.5289256198347108
3,0,20,12,6,48,objective_development,12,delay,2,frozen,objective_development/competition/413/a3/s2/frozen/delay/lambda0,339fd58aecab6f7f74bd21cbc0cdf0a84fe365f0bc0ad5ce987e7c98710434e2,413,competition,a0j0,0,True,0,replace_filter,replace_filter,a9d041c1554c086caecca1902918a9e3b50bbaceb27baf11323e01d2403304e1,1f2acb2cfebf39531dd6cdbe6c44c10099742077fb2302a68294376b9ea1e012,d125851b6db5c31fa221f0cc227946879aaaa5a9f9904e52e20c9318b08206eb,0.14606741573033707,0.021335689938139123,0.1836734693877551,0.03373594335693461,0.14285714285714285,0.02040816326530612
3,0,20,12,6,48,objective_development,12,delay,2,frozen,objective_development/competition/413/a3/s2/frozen/delay/lambda0,339fd58aecab6f7f74bd21cbc0cdf0a84fe365f0bc0ad5ce987e7c98710434e2,413,competition,a1j0,1,True,0,replace_filter,replace_filter,c9ff1c13a7705936d92711376a82c7913dd3ed9f1084186aabff2aa78d68a717,a4e7040cfa924678906ead65ea0bb8035ee32323f7cfa68b48a4e956d10f6153,d748a6cedd669cc7619375e00d3ddae0ac585f293eee239e27727b3de019fa1a,0.14606741573033707,0.021335689938139123,0.1836734693877551,0.03373594335693461,0.14285714285714285,0.02040816326530612
3,0,20,12,6,48,objective_development,12,delay,2,frozen,objective_development/competition/413/a3/s2/frozen/delay/lambda0,339fd58aecab6f7f74bd21cbc0cdf0a84fe365f0bc0ad5ce987e7c98710434e2,413,competition,a2j0,2,True,0,reset_sensor,reset_sensor,a374f6a49d46ee2ebdf50b5133550b7c5d7e6a82f68d2f6f84080b735a48091b,2b11c28947ba0f706c79160a0495236f6edbcc0f90edb467051105949b4939f9,ea49b6d5f836f257767239b89e3797a6c5b9ae4c86207fbfdf1342dd869bc0db,0.14606741573033707,0.021335689938139123,0.1836734693877551,0.03373594335693461,0.14285714285714285,0.02040816326530612
3,0,20,12,6,48,objective_development,12,delay,2,frozen,objective_development/competition/413/a3/s2/frozen/delay/lambda0,339fd58aecab6f7f74bd21cbc0cdf0a84fe365f0bc0ad5ce987e7c98710434e2,413,competition,a0j1,0,True,1,replace_filter,replace_filter,2c716bbf52dcadb71dde08f04bb7e72857ad5e5aee4e0983b421959f6db11204,ad37c377b41c7911e2f347b907914a15549374e3a6617bcddb9bb5ba5c5ed066,a7cc320762a3d5fb79e7b321c750bdabf04c04f55656c57c9317d86c27b18cba,0.14606741573033707,0.729200858477465,0.1836734693877551,0.6663890045814245,0.14285714285714285,0.7346938775510206
3,0,20,12,6,48,objective_development,12,delay,2,frozen,objective_development/competition/413/a3/s2/frozen/delay/lambda0,339fd58aecab6f7f74bd21cbc0cdf0a84fe365f0bc0ad5ce987e7c98710434e2,413,competition,a1j1,1,False,0,replace_filter,reset_sensor,ff8e77bf82dfca2ac4b248a91d6378ff1ab4434054bca6462007295d773990d1,3a6fba435d3797a2d243e77b332b46de3fae4e7650ec8fe0051eb264a57e5f41,5c176f8a8f7e2f10f632dabce6d1ebf3d2848d9f56075b1c8104e2de0840cd8c,0.1836734693877551,0.03373594335693461,0.1836734693877551,0.03373594335693461,0.7272727272727273,0.5289256198347108
3,0,20,12,6,48,objective_development,12,delay,2,frozen,objective_development/competition/413/a3/s2/frozen/delay/lambda0,339fd58aecab6f7f74bd21cbc0cdf0a84fe365f0bc0ad5ce987e7c98710434e2,413,competition,a2j1,2,True,1,replace_filter,replace_filter,d8a21f54a76817ba656f45f50bb261d52512fefcfda28712af74081faae8a76b,6b5af52d120e0a4b159b97d43407e2d7db17c775b5527b0e764b04300ab02604,3c89c8d94b1c21525bd23681f7eceaee419676714a868185e0102c627370c862,0.14606741573033707,0.729200858477465,0.1836734693877551,0.6663890045814245,0.2727272727272727,0.5289256198347108
3,4,21,12,6,48,objective_development,12,delay,1,frozen,objective_development/competition/413/a3/s1/frozen/delay/lambda4,339fd58aecab6f7f74bd21cbc0cdf0a84fe365f0bc0ad5ce987e7c98710434e2,413,competition,a0j0,0,True,0,replace_filter,replace_filter,a9d041c1554c086caecca1902918a9e3b50bbaceb27baf11323e01d2403304e1,1f2acb2cfebf39531dd6cdbe6c44c10099742077fb2302a68294376b9ea1e012,d125851b6db5c31fa221f0cc227946879aaaa5a9f9904e52e20c9318b08206eb,0.14606741573033707,0.021335689938139123,0.1836734693877551,0.03373594335693461,0.14285714285714285,0.02040816326530612
3,4,21,12,6,48,objective_development,12,delay,1,frozen,objective_development/competition/413/a3/s1/frozen/delay/lambda4,339fd58aecab6f7f74bd21cbc0cdf0a84fe365f0bc0ad5ce987e7c98710434e2,413,competition,a1j0,1,True,0,replace_filter,replace_filter,c9ff1c13a7705936d92711376a82c7913dd3ed9f1084186aabff2aa78d68a717,a4e7040cfa924678906ead65ea0bb8035ee32323f7cfa68b48a4e956d10f6153,d748a6cedd669cc7619375e00d3ddae0ac585f293eee239e27727b3de019fa1a,0.14606741573033707,0.021335689938139123,0.1836734693877551,0.03373594335693461,0.14285714285714285,0.02040816326530612
3,4,21,12,6,48,objective_development,12,delay,1,frozen,objective_development/competition/413/a3/s1/frozen/delay/lambda4,339fd58aecab6f7f74bd21cbc0cdf0a84fe365f0bc0ad5ce987e7c98710434e2,413,competition,a2j0,2,True,0,reset_sensor,reset_sensor,a374f6a49d46ee2ebdf50b5133550b7c5d7e6a82f68d2f6f84080b735a48091b,2b11c28947ba0f706c79160a0495236f6edbcc0f90edb467051105949b4939f9,ea49b6d5f836f257767239b89e3797a6c5b9ae4c86207fbfdf1342dd869bc0db,0.14606741573033707,0.021335689938139123,0.1836734693877551,0.03373594335693461,0.14285714285714285,0.02040816326530612
3,4,21,12,6,48,objective_development,12,delay,1,frozen,objective_development/competition/413/a3/s1/frozen/delay/lambda4,339fd58aecab6f7f74bd21cbc0cdf0a84fe365f0bc0ad5ce987e7c98710434e2,413,competition,a0j1,0,True,1,replace_filter,replace_filter,85b5605d8d103125a95c515dbe9c0e0260a0a966f0e6babe14c953a30b19e52b,5f2e9815d1f47f4c6ef44e0878d757563d7a5a6e336bf2841ba79bc1a36eff7e,bbe9255c4d8fe6603305e4ad97ab1271440cabfe5510027d2f279b41f815738d,0.14606741573033707,0.729200858477465,0.1836734693877551,0.6663890045814245,0.14285714285714285,0.7346938775510206
3,4,21,12,6,48,objective_development,12,delay,1,frozen,objective_development/competition/413/a3/s1/frozen/delay/lambda4,339fd58aecab6f7f74bd21cbc0cdf0a84fe365f0bc0ad5ce987e7c98710434e2,413,competition,a1j1,1,False,0,replace_filter,reset_sensor,ff8e77bf82dfca2ac4b248a91d6378ff1ab4434054bca6462007295d773990d1,3a6fba435d3797a2d243e77b332b46de3fae4e7650ec8fe0051eb264a57e5f41,5c176f8a8f7e2f10f632dabce6d1ebf3d2848d9f56075b1c8104e2de0840cd8c,0.1836734693877551,0.03373594335693461,0.1836734693877551,0.03373594335693461,0.7272727272727273,0.5289256198347108
3,4,21,12,6,48,objective_development,12,delay,1,frozen,objective_development/competition/413/a3/s1/frozen/delay/lambda4,339fd58aecab6f7f74bd21cbc0cdf0a84fe365f0bc0ad5ce987e7c98710434e2,413,competition,a2j1,2,True,1,replace_filter,replace_filter,e94e4c6772ab4feca9ed9288f59589956f387e2fd5fd86fdf2b3c46058949e57,247200799c3233221dad1f75bb3f2780eae0deb8ca47998e3fb7103e54c75360,f9241809a7f78cd6ede8e50108e4b6c19ac81f8c3b3ba63fa90343560e9b49aa,0.14606741573033707,0.729200858477465,0.1836734693877551,0.6663890045814245,0.2727272727272727,0.5289256198347108
3,8,22,12,6,48,objective_development,12,delay,1,frozen,objective_development/competition/413/a3/s1/frozen/delay/lambda8,339fd58aecab6f7f74bd21cbc0cdf0a84fe365f0bc0ad5ce987e7c98710434e2,413,competition,a0j0,0,True,0,replace_filter,replace_filter,a9d041c1554c086caecca1902918a9e3b50bbaceb27baf11323e01d2403304e1,1f2acb2cfebf39531dd6cdbe6c44c10099742077fb2302a68294376b9ea1e012,d125851b6db5c31fa221f0cc227946879aaaa5a9f9904e52e20c9318b08206eb,0.14606741573033707,0.021335689938139123,0.1836734693877551,0.03373594335693461,0.14285714285714285,0.02040816326530612
3,8,22,12,6,48,objective_development,12,delay,1,frozen,objective_development/competition/413/a3/s1/frozen/delay/lambda8,339fd58aecab6f7f74bd21cbc0cdf0a84fe365f0bc0ad5ce987e7c98710434e2,413,competition,a1j0,1,True,0,replace_filter,replace_filter,c9ff1c13a7705936d92711376a82c7913dd3ed9f1084186aabff2aa78d68a717,a4e7040cfa924678906ead65ea0bb8035ee32323f7cfa68b48a4e956d10f6153,d748a6cedd669cc7619375e00d3ddae0ac585f293eee239e27727b3de019fa1a,0.14606741573033707,0.021335689938139123,0.1836734693877551,0.03373594335693461,0.14285714285714285,0.02040816326530612
3,8,22,12,6,48,objective_development,12,delay,1,frozen,objective_development/competition/413/a3/s1/frozen/delay/lambda8,339fd58aecab6f7f74bd21cbc0cdf0a84fe365f0bc0ad5ce987e7c98710434e2,413,competition,a2j0,2,True,0,reset_sensor,reset_sensor,a374f6a49d46ee2ebdf50b5133550b7c5d7e6a82f68d2f6f84080b735a48091b,2b11c28947ba0f706c79160a0495236f6edbcc0f90edb467051105949b4939f9,ea49b6d5f836f257767239b89e3797a6c5b9ae4c86207fbfdf1342dd869bc0db,0.14606741573033707,0.021335689938139123,0.1836734693877551,0.03373594335693461,0.14285714285714285,0.02040816326530612
3,8,22,12,6,48,objective_development,12,delay,1,frozen,objective_development/competition/413/a3/s1/frozen/delay/lambda8,339fd58aecab6f7f74bd21cbc0cdf0a84fe365f0bc0ad5ce987e7c98710434e2,413,competition,a0j1,0,True,1,replace_filter,replace_filter,85b5605d8d103125a95c515dbe9c0e0260a0a966f0e6babe14c953a30b19e52b,5f2e9815d1f47f4c6ef44e0878d757563d7a5a6e336bf2841ba79bc1a36eff7e,bbe9255c4d8fe6603305e4ad97ab1271440cabfe5510027d2f279b41f815738d,0.14606741573033707,0.729200858477465,0.1836734693877551,0.6663890045814245,0.14285714285714285,0.7346938775510206
3,8,22,12,6,48,objective_development,12,delay,1,frozen,objective_development/competition/413/a3/s1/frozen/delay/lambda8,339fd58aecab6f7f74bd21cbc0cdf0a84fe365f0bc0ad5ce987e7c98710434e2,413,competition,a1j1,1,False,0,replace_filter,reset_sensor,ff8e77bf82dfca2ac4b248a91d6378ff1ab4434054bca6462007295d773990d1,3a6fba435d3797a2d243e77b332b46de3fae4e7650ec8fe0051eb264a57e5f41,5c176f8a8f7e2f10f632dabce6d1ebf3d2848d9f56075b1c8104e2de0840cd8c,0.1836734693877551,0.03373594335693461,0.1836734693877551,0.03373594335693461,0.7272727272727273,0.5289256198347108
3,8,22,12,6,48,objective_development,12,delay,1,frozen,objective_development/competition/413/a3/s1/frozen/delay/lambda8,339fd58aecab6f7f74bd21cbc0cdf0a84fe365f0bc0ad5ce987e7c98710434e2,413,competition,a2j1,2,True,1,replace_filter,replace_filter,e94e4c6772ab4feca9ed9288f59589956f387e2fd5fd86fdf2b3c46058949e57,247200799c3233221dad1f75bb3f2780eae0deb8ca47998e3fb7103e54c75360,f9241809a7f78cd6ede8e50108e4b6c19ac81f8c3b3ba63fa90343560e9b49aa,0.14606741573033707,0.729200858477465,0.1836734693877551,0.6663890045814245,0.2727272727272727,0.5289256198347108
3,0,23,12,6,48,objective_development,12,delay,1,frozen,objective_development/competition/413/a3/s1/frozen/delay/lambda0,339fd58aecab6f7f74bd21cbc0cdf0a84fe365f0bc0ad5ce987e7c98710434e2,413,competition,a0j0,0,True,0,replace_filter,replace_filter,a9d041c1554c086caecca1902918a9e3b50bbaceb27baf11323e01d2403304e1,1f2acb2cfebf39531dd6cdbe6c44c10099742077fb2302a68294376b9ea1e012,d125851b6db5c31fa221f0cc227946879aaaa5a9f9904e52e20c9318b08206eb,0.14606741573033707,0.021335689938139123,0.1836734693877551,0.03373594335693461,0.14285714285714285,0.02040816326530612
3,0,23,12,6,48,objective_development,12,delay,1,frozen,objective_development/competition/413/a3/s1/frozen/delay/lambda0,339fd58aecab6f7f74bd21cbc0cdf0a84fe365f0bc0ad5ce987e7c98710434e2,413,competition,a1j0,1,True,0,replace_filter,replace_filter,c9ff1c13a7705936d92711376a82c7913dd3ed9f1084186aabff2aa78d68a717,a4e7040cfa924678906ead65ea0bb8035ee32323f7cfa68b48a4e956d10f6153,d748a6cedd669cc7619375e00d3ddae0ac585f293eee239e27727b3de019fa1a,0.14606741573033707,0.021335689938139123,0.1836734693877551,0.03373594335693461,0.14285714285714285,0.02040816326530612
3,0,23,12,6,48,objective_development,12,delay,1,frozen,objective_development/competition/413/a3/s1/frozen/delay/lambda0,339fd58aecab6f7f74bd21cbc0cdf0a84fe365f0bc0ad5ce987e7c98710434e2,413,competition,a2j0,2,True,0,reset_sensor,reset_sensor,a374f6a49d46ee2ebdf50b5133550b7c5d7e6a82f68d2f6f84080b735a48091b,2b11c28947ba0f706c79160a0495236f6edbcc0f90edb467051105949b4939f9,ea49b6d5f836f257767239b89e3797a6c5b9ae4c86207fbfdf1342dd869bc0db,0.14606741573033707,0.021335689938139123,0.1836734693877551,0.03373594335693461,0.14285714285714285,0.02040816326530612
3,0,23,12,6,48,objective_development,12,delay,1,frozen,objective_development/competition/413/a3/s1/frozen/delay/lambda0,339fd58aecab6f7f74bd21cbc0cdf0a84fe365f0bc0ad5ce987e7c98710434e2,413,competition,a0j1,0,True,1,replace_filter,replace_filter,85b5605d8d103125a95c515dbe9c0e0260a0a966f0e6babe14c953a30b19e52b,5f2e9815d1f47f4c6ef44e0878d757563d7a5a6e336bf2841ba79bc1a36eff7e,bbe9255c4d8fe6603305e4ad97ab1271440cabfe5510027d2f279b41f815738d,0.14606741573033707,0.729200858477465,0.1836734693877551,0.6663890045814245,0.14285714285714285,0.7346938775510206
3,0,23,12,6,48,objective_development,12,delay,1,frozen,objective_development/competition/413/a3/s1/frozen/delay/lambda0,339fd58aecab6f7f74bd21cbc0cdf0a84fe365f0bc0ad5ce987e7c98710434e2,413,competition,a1j1,1,False,0,replace_filter,reset_sensor,ff8e77bf82dfca2ac4b248a91d6378ff1ab4434054bca6462007295d773990d1,3a6fba435d3797a2d243e77b332b46de3fae4e7650ec8fe0051eb264a57e5f41,5c176f8a8f7e2f10f632dabce6d1ebf3d2848d9f56075b1c8104e2de0840cd8c,0.1836734693877551,0.03373594335693461,0.1836734693877551,0.03373594335693461,0.7272727272727273,0.5289256198347108
3,0,23,12,6,48,objective_development,12,delay,1,frozen,objective_development/competition/413/a3/s1/frozen/delay/lambda0,339fd58aecab6f7f74bd21cbc0cdf0a84fe365f0bc0ad5ce987e7c98710434e2,413,competition,a2j1,2,True,1,replace_filter,replace_filter,e94e4c6772ab4feca9ed9288f59589956f387e2fd5fd86fdf2b3c46058949e57,247200799c3233221dad1f75bb3f2780eae0deb8ca47998e3fb7103e54c75360,f9241809a7f78cd6ede8e50108e4b6c19ac81f8c3b3ba63fa90343560e9b49aa,0.14606741573033707,0.729200858477465,0.1836734693877551,0.6663890045814245,0.2727272727272727,0.5289256198347108
3,8,24,12,6,48,objective_development,12,delay,1,frozen,objective_development/competition/414/a3/s1/frozen/delay/lambda8,bc8e9598ad7816415d771b85baaa711078a822468522f5b64184d98124d07177,414,competition,a0j0,0,True,1,replace_filter,replace_filter,2c8df1a48295650333341a6caeb93f9b9daa0e70537ed642c5470e0976a4c18b,0deb4592f585abd423ba0778e176560083b03ed93770a1f61ca6770345edfde3,a46db5b8ad1d6c097507082581e2e061e893eb9e4c8dcea930eb589b2fc36bc1,0.14606741573033707,0.729200858477465,0.1836734693877551,0.6663890045814245,0.7272727272727273,0.07438016528925619
3,8,24,12,6,48,objective_development,12,delay,1,frozen,objective_development/competition/414/a3/s1/frozen/delay/lambda8,bc8e9598ad7816415d771b85baaa711078a822468522f5b64184d98124d07177,414,competition,a1j0,1,True,0,reset_sensor,reset_sensor,3ac4464b3719dc079ef02180e334e49dcf21fe0142b570ab2471fa41ab9dc3bf,d3148a33b497df580ca7634c5b9830bc73ffe5d003344f41ffeb8138e2f68715,7aaf6fee054b3638bcb2df784c4d258f31d08372e22b9cf0247b8bfb4870cbef,0.14606741573033707,0.021335689938139123,0.1836734693877551,0.03373594335693461,0.14285714285714285,0.02040816326530612
3,8,24,12,6,48,objective_development,12,delay,1,frozen,objective_development/competition/414/a3/s1/frozen/delay/lambda8,bc8e9598ad7816415d771b85baaa711078a822468522f5b64184d98124d07177,414,competition,a2j0,2,True,0,replace_filter,replace_filter,13af00519428682f5d1556a084f58c8338f18052642b7217595f12b42094fb45,0c12980871543f50c57e754e964df30522ea5e09628c06029e43616f3bff9c6a,efcdf9dc730938568e1d94c6647a7ea3b6dae7430b20365c6587c5bcc95635bd,0.14606741573033707,0.021335689938139123,0.1836734693877551,0.03373594335693461,0.2727272727272727,0.07438016528925619
3,8,24,12,6,48,objective_development,12,delay,1,frozen,objective_development/competition/414/a3/s1/frozen/delay/lambda8,bc8e9598ad7816415d771b85baaa711078a822468522f5b64184d98124d07177,414,competition,a0j1,0,True,1,replace_filter,replace_filter,10084c38a68c4c12d7a0425e4b620aaf4e5af1528377b01122093c4f951f4ecf,81a4dc2116143952b443a89a12ba1795cd38837fb91522a0e35b88e5423aa444,c44ade12f328636ceb4308f7bc42e2c3124fbe1bd1b3a6cc49d389032544d882,0.14606741573033707,0.729200858477465,0.1836734693877551,0.6663890045814245,0.2727272727272727,0.5289256198347108
3,8,24,12,6,48,objective_development,12,delay,1,frozen,objective_development/competition/414/a3/s1/frozen/delay/lambda8,bc8e9598ad7816415d771b85baaa711078a822468522f5b64184d98124d07177,414,competition,a1j1,1,True,0,reset_sensor,reset_sensor,36f31eee136cac47b2162b28f8d90c6a3f0b0d2592c94d7ec87843ed4550428a,944de123fe7d167ba2820a3468ade97c160786bf1e2bf0b12238e3eb186b8e1d,37ccb9e9af903a5ad9ac69335ea04c1151bd94d247e318d2ab416308a4cfcb49,0.14606741573033707,0.021335689938139123,0.1836734693877551,0.03373594335693461,0.14285714285714285,0.02040816326530612
3,8,24,12,6,48,objective_development,12,delay,1,frozen,objective_development/competition/414/a3/s1/frozen/delay/lambda8,bc8e9598ad7816415d771b85baaa711078a822468522f5b64184d98124d07177,414,competition,a2j1,2,True,0,replace_filter,replace_filter,218ad9eaf7c11b2669ea95e2fff26e1845e52b0474e4c2b4a472c76d399073a3,92d6a9bdbc7785ba9b05382dc78eca5b61459fa129d198971074899436b34b64,e3318032ab42b02ec85968f94cf798824aba3196013af3d6aab540b7a44122bd,0.14606741573033707,0.021335689938139123,0.1836734693877551,0.03373594335693461,0.7272727272727273,0.5289256198347108
3,0,25,12,6,48,objective_development,12,delay,1,frozen,objective_development/competition/414/a3/s1/frozen/delay/lambda0,bc8e9598ad7816415d771b85baaa711078a822468522f5b64184d98124d07177,414,competition,a0j0,0,True,1,replace_filter,replace_filter,2c8df1a48295650333341a6caeb93f9b9daa0e70537ed642c5470e0976a4c18b,0deb4592f585abd423ba0778e176560083b03ed93770a1f61ca6770345edfde3,a46db5b8ad1d6c097507082581e2e061e893eb9e4c8dcea930eb589b2fc36bc1,0.14606741573033707,0.729200858477465,0.1836734693877551,0.6663890045814245,0.7272727272727273,0.07438016528925619
3,0,25,12,6,48,objective_development,12,delay,1,frozen,objective_development/competition/414/a3/s1/frozen/delay/lambda0,bc8e9598ad7816415d771b85baaa711078a822468522f5b64184d98124d07177,414,competition,a1j0,1,True,0,reset_sensor,reset_sensor,3ac4464b3719dc079ef02180e334e49dcf21fe0142b570ab2471fa41ab9dc3bf,d3148a33b497df580ca7634c5b9830bc73ffe5d003344f41ffeb8138e2f68715,7aaf6fee054b3638bcb2df784c4d258f31d08372e22b9cf0247b8bfb4870cbef,0.14606741573033707,0.021335689938139123,0.1836734693877551,0.03373594335693461,0.14285714285714285,0.02040816326530612
3,0,25,12,6,48,objective_development,12,delay,1,frozen,objective_development/competition/414/a3/s1/frozen/delay/lambda0,bc8e9598ad7816415d771b85baaa711078a822468522f5b64184d98124d07177,414,competition,a2j0,2,True,0,replace_filter,replace_filter,13af00519428682f5d1556a084f58c8338f18052642b7217595f12b42094fb45,0c12980871543f50c57e754e964df30522ea5e09628c06029e43616f3bff9c6a,efcdf9dc730938568e1d94c6647a7ea3b6dae7430b20365c6587c5bcc95635bd,0.14606741573033707,0.021335689938139123,0.1836734693877551,0.03373594335693461,0.2727272727272727,0.07438016528925619
3,0,25,12,6,48,objective_development,12,delay,1,frozen,objective_development/competition/414/a3/s1/frozen/delay/lambda0,bc8e9598ad7816415d771b85baaa711078a822468522f5b64184d98124d07177,414,competition,a0j1,0,True,1,replace_filter,replace_filter,10084c38a68c4c12d7a0425e4b620aaf4e5af1528377b01122093c4f951f4ecf,81a4dc2116143952b443a89a12ba1795cd38837fb91522a0e35b88e5423aa444,c44ade12f328636ceb4308f7bc42e2c3124fbe1bd1b3a6cc49d389032544d882,0.14606741573033707,0.729200858477465,0.1836734693877551,0.6663890045814245,0.2727272727272727,0.5289256198347108
3,0,25,12,6,48,objective_development,12,delay,1,frozen,objective_development/competition/414/a3/s1/frozen/delay/lambda0,bc8e9598ad7816415d771b85baaa711078a822468522f5b64184d98124d07177,414,competition,a1j1,1,True,0,reset_sensor,reset_sensor,36f31eee136cac47b2162b28f8d90c6a3f0b0d2592c94d7ec87843ed4550428a,944de123fe7d167ba2820a3468ade97c160786bf1e2bf0b12238e3eb186b8e1d,37ccb9e9af903a5ad9ac69335ea04c1151bd94d247e318d2ab416308a4cfcb49,0.14606741573033707,0.021335689938139123,0.1836734693877551,0.03373594335693461,0.14285714285714285,0.02040816326530612
3,0,25,12,6,48,objective_development,12,delay,1,frozen,objective_development/competition/414/a3/s1/frozen/delay/lambda0,bc8e9598ad7816415d771b85baaa711078a822468522f5b64184d98124d07177,414,competition,a2j1,2,True,0,replace_filter,replace_filter,218ad9eaf7c11b2669ea95e2fff26e1845e52b0474e4c2b4a472c76d399073a3,92d6a9bdbc7785ba9b05382dc78eca5b61459fa129d198971074899436b34b64,e3318032ab42b02ec85968f94cf798824aba3196013af3d6aab540b7a44122bd,0.14606741573033707,0.021335689938139123,0.1836734693877551,0.03373594335693461,0.7272727272727273,0.5289256198347108
3,4,26,12,6,48,objective_development,12,delay,1,frozen,objective_development/competition/414/a3/s1/frozen/delay/lambda4,bc8e9598ad7816415d771b85baaa711078a822468522f5b64184d98124d07177,414,competition,a0j0,0,True,1,replace_filter,replace_filter,2c8df1a48295650333341a6caeb93f9b9daa0e70537ed642c5470e0976a4c18b,0deb4592f585abd423ba0778e176560083b03ed93770a1f61ca6770345edfde3,a46db5b8ad1d6c097507082581e2e061e893eb9e4c8dcea930eb589b2fc36bc1,0.14606741573033707,0.729200858477465,0.1836734693877551,0.6663890045814245,0.7272727272727273,0.07438016528925619
3,4,26,12,6,48,objective_development,12,delay,1,frozen,objective_development/competition/414/a3/s1/frozen/delay/lambda4,bc8e9598ad7816415d771b85baaa711078a822468522f5b64184d98124d07177,414,competition,a1j0,1,True,0,reset_sensor,reset_sensor,3ac4464b3719dc079ef02180e334e49dcf21fe0142b570ab2471fa41ab9dc3bf,d3148a33b497df580ca7634c5b9830bc73ffe5d003344f41ffeb8138e2f68715,7aaf6fee054b3638bcb2df784c4d258f31d08372e22b9cf0247b8bfb4870cbef,0.14606741573033707,0.021335689938139123,0.1836734693877551,0.03373594335693461,0.14285714285714285,0.02040816326530612
3,4,26,12,6,48,objective_development,12,delay,1,frozen,objective_development/competition/414/a3/s1/frozen/delay/lambda4,bc8e9598ad7816415d771b85baaa711078a822468522f5b64184d98124d07177,414,competition,a2j0,2,True,0,replace_filter,replace_filter,13af00519428682f5d1556a084f58c8338f18052642b7217595f12b42094fb45,0c12980871543f50c57e754e964df30522ea5e09628c06029e43616f3bff9c6a,efcdf9dc730938568e1d94c6647a7ea3b6dae7430b20365c6587c5bcc95635bd,0.14606741573033707,0.021335689938139123,0.1836734693877551,0.03373594335693461,0.2727272727272727,0.07438016528925619
3,4,26,12,6,48,objective_development,12,delay,1,frozen,objective_development/competition/414/a3/s1/frozen/delay/lambda4,bc8e9598ad7816415d771b85baaa711078a822468522f5b64184d98124d07177,414,competition,a0j1,0,True,1,replace_filter,replace_filter,10084c38a68c4c12d7a0425e4b620aaf4e5af1528377b01122093c4f951f4ecf,81a4dc2116143952b443a89a12ba1795cd38837fb91522a0e35b88e5423aa444,c44ade12f328636ceb4308f7bc42e2c3124fbe1bd1b3a6cc49d389032544d882,0.14606741573033707,0.729200858477465,0.1836734693877551,0.6663890045814245,0.2727272727272727,0.5289256198347108
3,4,26,12,6,48,objective_development,12,delay,1,frozen,objective_development/competition/414/a3/s1/frozen/delay/lambda4,bc8e9598ad7816415d771b85baaa711078a822468522f5b64184d98124d07177,414,competition,a1j1,1,True,0,reset_sensor,reset_sensor,36f31eee136cac47b2162b28f8d90c6a3f0b0d2592c94d7ec87843ed4550428a,944de123fe7d167ba2820a3468ade97c160786bf1e2bf0b12238e3eb186b8e1d,37ccb9e9af903a5ad9ac69335ea04c1151bd94d247e318d2ab416308a4cfcb49,0.14606741573033707,0.021335689938139123,0.1836734693877551,0.03373594335693461,0.14285714285714285,0.02040816326530612
3,4,26,12,6,48,objective_development,12,delay,1,frozen,objective_development/competition/414/a3/s1/frozen/delay/lambda4,bc8e9598ad7816415d771b85baaa711078a822468522f5b64184d98124d07177,414,competition,a2j1,2,True,0,replace_filter,replace_filter,218ad9eaf7c11b2669ea95e2fff26e1845e52b0474e4c2b4a472c76d399073a3,92d6a9bdbc7785ba9b05382dc78eca5b61459fa129d198971074899436b34b64,e3318032ab42b02ec85968f94cf798824aba3196013af3d6aab540b7a44122bd,0.14606741573033707,0.021335689938139123,0.1836734693877551,0.03373594335693461,0.7272727272727273,0.5289256198347108
3,8,27,12,6,48,objective_development,12,delay,2,frozen,objective_development/competition/414/a3/s2/frozen/delay/lambda8,bc8e9598ad7816415d771b85baaa711078a822468522f5b64184d98124d07177,414,competition,a0j0,0,True,1,replace_filter,replace_filter,2c8df1a48295650333341a6caeb93f9b9daa0e70537ed642c5470e0976a4c18b,0deb4592f585abd423ba0778e176560083b03ed93770a1f61ca6770345edfde3,a46db5b8ad1d6c097507082581e2e061e893eb9e4c8dcea930eb589b2fc36bc1,0.14606741573033707,0.729200858477465,0.1836734693877551,0.6663890045814245,0.7272727272727273,0.07438016528925619
3,8,27,12,6,48,objective_development,12,delay,2,frozen,objective_development/competition/414/a3/s2/frozen/delay/lambda8,bc8e9598ad7816415d771b85baaa711078a822468522f5b64184d98124d07177,414,competition,a1j0,1,True,0,reset_sensor,reset_sensor,3ac4464b3719dc079ef02180e334e49dcf21fe0142b570ab2471fa41ab9dc3bf,d3148a33b497df580ca7634c5b9830bc73ffe5d003344f41ffeb8138e2f68715,7aaf6fee054b3638bcb2df784c4d258f31d08372e22b9cf0247b8bfb4870cbef,0.14606741573033707,0.021335689938139123,0.1836734693877551,0.03373594335693461,0.14285714285714285,0.02040816326530612
3,8,27,12,6,48,objective_development,12,delay,2,frozen,objective_development/competition/414/a3/s2/frozen/delay/lambda8,bc8e9598ad7816415d771b85baaa711078a822468522f5b64184d98124d07177,414,competition,a2j0,2,True,0,replace_filter,replace_filter,13af00519428682f5d1556a084f58c8338f18052642b7217595f12b42094fb45,0c12980871543f50c57e754e964df30522ea5e09628c06029e43616f3bff9c6a,efcdf9dc730938568e1d94c6647a7ea3b6dae7430b20365c6587c5bcc95635bd,0.14606741573033707,0.021335689938139123,0.1836734693877551,0.03373594335693461,0.2727272727272727,0.07438016528925619
3,8,27,12,6,48,objective_development,12,delay,2,frozen,objective_development/competition/414/a3/s2/frozen/delay/lambda8,bc8e9598ad7816415d771b85baaa711078a822468522f5b64184d98124d07177,414,competition,a0j1,0,True,1,replace_filter,replace_filter,10e3fb7980589491d508c7dd32e9e143201c1f3224f4df06bac59b289e45bc79,31cbe3855b7df42f4dc5bef1196e49569257910c2e6260270b7b0cfea03bc676,869deeaf402f41bbe84c1ddf266d0c60d5a78c4b141b338b1985c3beab4c2485,0.14606741573033707,0.729200858477465,0.1836734693877551,0.6663890045814245,0.2727272727272727,0.5289256198347108
3,8,27,12,6,48,objective_development,12,delay,2,frozen,objective_development/competition/414/a3/s2/frozen/delay/lambda8,bc8e9598ad7816415d771b85baaa711078a822468522f5b64184d98124d07177,414,competition,a1j1,1,True,0,reset_sensor,reset_sensor,36f31eee136cac47b2162b28f8d90c6a3f0b0d2592c94d7ec87843ed4550428a,944de123fe7d167ba2820a3468ade97c160786bf1e2bf0b12238e3eb186b8e1d,37ccb9e9af903a5ad9ac69335ea04c1151bd94d247e318d2ab416308a4cfcb49,0.14606741573033707,0.021335689938139123,0.1836734693877551,0.03373594335693461,0.14285714285714285,0.02040816326530612
3,8,27,12,6,48,objective_development,12,delay,2,frozen,objective_development/competition/414/a3/s2/frozen/delay/lambda8,bc8e9598ad7816415d771b85baaa711078a822468522f5b64184d98124d07177,414,competition,a2j1,2,True,0,replace_filter,replace_filter,3f47030ccdcd87fd7fb542443b580ea7bf3096c3a9e00abadb9fd50dd8d4730f,f3c56b0327e32ffb2c51bfd7191e02cb2ca8e479a16eba8832980080ddbbe081,bc2fcbce3c4ccfdf29df3495654bb75decae607331b4518038bd1e2fffb84d63,0.14606741573033707,0.021335689938139123,0.1836734693877551,0.03373594335693461,0.7272727272727273,0.5289256198347108
3,0,28,12,6,48,objective_development,12,delay,2,frozen,objective_development/competition/414/a3/s2/frozen/delay/lambda0,bc8e9598ad7816415d771b85baaa711078a822468522f5b64184d98124d07177,414,competition,a0j0,0,True,1,replace_filter,replace_filter,2c8df1a48295650333341a6caeb93f9b9daa0e70537ed642c5470e0976a4c18b,0deb4592f585abd423ba0778e176560083b03ed93770a1f61ca6770345edfde3,a46db5b8ad1d6c097507082581e2e061e893eb9e4c8dcea930eb589b2fc36bc1,0.14606741573033707,0.729200858477465,0.1836734693877551,0.6663890045814245,0.7272727272727273,0.07438016528925619
3,0,28,12,6,48,objective_development,12,delay,2,frozen,objective_development/competition/414/a3/s2/frozen/delay/lambda0,bc8e9598ad7816415d771b85baaa711078a822468522f5b64184d98124d07177,414,competition,a1j0,1,True,0,reset_sensor,reset_sensor,3ac4464b3719dc079ef02180e334e49dcf21fe0142b570ab2471fa41ab9dc3bf,d3148a33b497df580ca7634c5b9830bc73ffe5d003344f41ffeb8138e2f68715,7aaf6fee054b3638bcb2df784c4d258f31d08372e22b9cf0247b8bfb4870cbef,0.14606741573033707,0.021335689938139123,0.1836734693877551,0.03373594335693461,0.14285714285714285,0.02040816326530612
3,0,28,12,6,48,objective_development,12,delay,2,frozen,objective_development/competition/414/a3/s2/frozen/delay/lambda0,bc8e9598ad7816415d771b85baaa711078a822468522f5b64184d98124d07177,414,competition,a2j0,2,True,0,replace_filter,replace_filter,13af00519428682f5d1556a084f58c8338f18052642b7217595f12b42094fb45,0c12980871543f50c57e754e964df30522ea5e09628c06029e43616f3bff9c6a,efcdf9dc730938568e1d94c6647a7ea3b6dae7430b20365c6587c5bcc95635bd,0.14606741573033707,0.021335689938139123,0.1836734693877551,0.03373594335693461,0.2727272727272727,0.07438016528925619
3,0,28,12,6,48,objective_development,12,delay,2,frozen,objective_development/competition/414/a3/s2/frozen/delay/lambda0,bc8e9598ad7816415d771b85baaa711078a822468522f5b64184d98124d07177,414,competition,a0j1,0,True,1,replace_filter,replace_filter,10e3fb7980589491d508c7dd32e9e143201c1f3224f4df06bac59b289e45bc79,31cbe3855b7df42f4dc5bef1196e49569257910c2e6260270b7b0cfea03bc676,869deeaf402f41bbe84c1ddf266d0c60d5a78c4b141b338b1985c3beab4c2485,0.14606741573033707,0.729200858477465,0.1836734693877551,0.6663890045814245,0.2727272727272727,0.5289256198347108
3,0,28,12,6,48,objective_development,12,delay,2,frozen,objective_development/competition/414/a3/s2/frozen/delay/lambda0,bc8e9598ad7816415d771b85baaa711078a822468522f5b64184d98124d07177,414,competition,a1j1,1,True,0,reset_sensor,reset_sensor,36f31eee136cac47b2162b28f8d90c6a3f0b0d2592c94d7ec87843ed4550428a,944de123fe7d167ba2820a3468ade97c160786bf1e2bf0b12238e3eb186b8e1d,37ccb9e9af903a5ad9ac69335ea04c1151bd94d247e318d2ab416308a4cfcb49,0.14606741573033707,0.021335689938139123,0.1836734693877551,0.03373594335693461,0.14285714285714285,0.02040816326530612
3,0,28,12,6,48,objective_development,12,delay,2,frozen,objective_development/competition/414/a3/s2/frozen/delay/lambda0,bc8e9598ad7816415d771b85baaa711078a822468522f5b64184d98124d07177,414,competition,a2j1,2,True,0,replace_filter,replace_filter,3f47030ccdcd87fd7fb542443b580ea7bf3096c3a9e00abadb9fd50dd8d4730f,f3c56b0327e32ffb2c51bfd7191e02cb2ca8e479a16eba8832980080ddbbe081,bc2fcbce3c4ccfdf29df3495654bb75decae607331b4518038bd1e2fffb84d63,0.14606741573033707,0.021335689938139123,0.1836734693877551,0.03373594335693461,0.7272727272727273,0.5289256198347108
3,4,29,12,6,48,objective_development,12,delay,2,frozen,objective_development/competition/414/a3/s2/frozen/delay/lambda4,bc8e9598ad7816415d771b85baaa711078a822468522f5b64184d98124d07177,414,competition,a0j0,0,True,1,replace_filter,replace_filter,2c8df1a48295650333341a6caeb93f9b9daa0e70537ed642c5470e0976a4c18b,0deb4592f585abd423ba0778e176560083b03ed93770a1f61ca6770345edfde3,a46db5b8ad1d6c097507082581e2e061e893eb9e4c8dcea930eb589b2fc36bc1,0.14606741573033707,0.729200858477465,0.1836734693877551,0.6663890045814245,0.7272727272727273,0.07438016528925619
3,4,29,12,6,48,objective_development,12,delay,2,frozen,objective_development/competition/414/a3/s2/frozen/delay/lambda4,bc8e9598ad7816415d771b85baaa711078a822468522f5b64184d98124d07177,414,competition,a1j0,1,True,0,reset_sensor,reset_sensor,3ac4464b3719dc079ef02180e334e49dcf21fe0142b570ab2471fa41ab9dc3bf,d3148a33b497df580ca7634c5b9830bc73ffe5d003344f41ffeb8138e2f68715,7aaf6fee054b3638bcb2df784c4d258f31d08372e22b9cf0247b8bfb4870cbef,0.14606741573033707,0.021335689938139123,0.1836734693877551,0.03373594335693461,0.14285714285714285,0.02040816326530612
3,4,29,12,6,48,objective_development,12,delay,2,frozen,objective_development/competition/414/a3/s2/frozen/delay/lambda4,bc8e9598ad7816415d771b85baaa711078a822468522f5b64184d98124d07177,414,competition,a2j0,2,True,0,replace_filter,replace_filter,13af00519428682f5d1556a084f58c8338f18052642b7217595f12b42094fb45,0c12980871543f50c57e754e964df30522ea5e09628c06029e43616f3bff9c6a,efcdf9dc730938568e1d94c6647a7ea3b6dae7430b20365c6587c5bcc95635bd,0.14606741573033707,0.021335689938139123,0.1836734693877551,0.03373594335693461,0.2727272727272727,0.07438016528925619
3,4,29,12,6,48,objective_development,12,delay,2,frozen,objective_development/competition/414/a3/s2/frozen/delay/lambda4,bc8e9598ad7816415d771b85baaa711078a822468522f5b64184d98124d07177,414,competition,a0j1,0,True,1,replace_filter,replace_filter,10e3fb7980589491d508c7dd32e9e143201c1f3224f4df06bac59b289e45bc79,31cbe3855b7df42f4dc5bef1196e49569257910c2e6260270b7b0cfea03bc676,869deeaf402f41bbe84c1ddf266d0c60d5a78c4b141b338b1985c3beab4c2485,0.14606741573033707,0.729200858477465,0.1836734693877551,0.6663890045814245,0.2727272727272727,0.5289256198347108
3,4,29,12,6,48,objective_development,12,delay,2,frozen,objective_development/competition/414/a3/s2/frozen/delay/lambda4,bc8e9598ad7816415d771b85baaa711078a822468522f5b64184d98124d07177,414,competition,a1j1,1,True,0,reset_sensor,reset_sensor,36f31eee136cac47b2162b28f8d90c6a3f0b0d2592c94d7ec87843ed4550428a,944de123fe7d167ba2820a3468ade97c160786bf1e2bf0b12238e3eb186b8e1d,37ccb9e9af903a5ad9ac69335ea04c1151bd94d247e318d2ab416308a4cfcb49,0.14606741573033707,0.021335689938139123,0.1836734693877551,0.03373594335693461,0.14285714285714285,0.02040816326530612
3,4,29,12,6,48,objective_development,12,delay,2,frozen,objective_development/competition/414/a3/s2/frozen/delay/lambda4,bc8e9598ad7816415d771b85baaa711078a822468522f5b64184d98124d07177,414,competition,a2j1,2,True,0,replace_filter,replace_filter,3f47030ccdcd87fd7fb542443b580ea7bf3096c3a9e00abadb9fd50dd8d4730f,f3c56b0327e32ffb2c51bfd7191e02cb2ca8e479a16eba8832980080ddbbe081,bc2fcbce3c4ccfdf29df3495654bb75decae607331b4518038bd1e2fffb84d63,0.14606741573033707,0.021335689938139123,0.1836734693877551,0.03373594335693461,0.7272727272727273,0.5289256198347108
6,8,30,24,18,174,objective_development,36,delay,1,frozen,objective_development/larger/414/a6/s1/frozen/delay/lambda8,d1f27bb0738dc479a13d85d7e195a757085a21dd9227e02324df54c5dd843c62,414,larger,a0j0,0,True,0,reset_sensor,reset_sensor,dff481f36008a6c2c0b5050757dc19a3d3ef1f0f7f4af7235b226683da0ef1d7,4ba53a8a89c90103455ecace7c538569730000d4d48a430ed6097c014e158dee,1943f144be33297e0cb997860bd0ac31bde8b2d62d7446b753961d5fc3e81181,0.14606741573033707,0.021335689938139123,0.1836734693877551,0.03373594335693461,0.14285714285714285,0.02040816326530612
6,8,30,24,18,174,objective_development,36,delay,1,frozen,objective_development/larger/414/a6/s1/frozen/delay/lambda8,d1f27bb0738dc479a13d85d7e195a757085a21dd9227e02324df54c5dd843c62,414,larger,a2j0,2,True,0,reset_sensor,reset_sensor,ccc2df55152b4a1612e4705282471dac8c97830f63149420278c085b1ce1a9b9,04c6d9c55d8c06c800f1aff7d964c840970413537b90fbc9598e1526d7850e4e,65f81967198d5bbba5f552e9ecf7adcc75131eb6dd8a0c1483a82af22fd8cc9f,0.14606741573033707,0.021335689938139123,0.1836734693877551,0.03373594335693461,0.14285714285714285,0.02040816326530612
6,8,30,24,18,174,objective_development,36,delay,1,frozen,objective_development/larger/414/a6/s1/frozen/delay/lambda8,d1f27bb0738dc479a13d85d7e195a757085a21dd9227e02324df54c5dd843c62,414,larger,a3j0,3,True,0,replace_filter,replace_filter,1643589b95b60eea07602cba886a023caed86948271396142905c768007b2147,14cc9047f7dd791a20f7452060b7f5452a7a6a3f7cfd65497358520a98685d74,bfae26dae3ae2177d56f031515f1de3e2ac2a140fd6c67c2de1ed8f717a5b76a,0.14606741573033707,0.021335689938139123,0.1836734693877551,0.03373594335693461,0.14285714285714285,0.02040816326530612
6,8,30,24,18,174,objective_development,36,delay,1,frozen,objective_development/larger/414/a6/s1/frozen/delay/lambda8,d1f27bb0738dc479a13d85d7e195a757085a21dd9227e02324df54c5dd843c62,414,larger,a5j0,5,False,1,reset_sensor,replace_filter,a0e3834fcac29d718b43527ffe04e8d67b69fbb83dae33e3afe50088de845ea5,cd853fb1e730d4a96b83cebac5a929e9afd40d41a076ac6d78998fc26870f3fc,459c1993440310e8bc3cb1dff5ff5eec9c4a96a27b18c5105094a948f83a3749,0.1836734693877551,0.6663890045814245,0.1836734693877551,0.6663890045814245,0.2727272727272727,0.5289256198347108
6,8,30,24,18,174,objective_development,36,delay,1,frozen,objective_development/larger/414/a6/s1/frozen/delay/lambda8,d1f27bb0738dc479a13d85d7e195a757085a21dd9227e02324df54c5dd843c62,414,larger,a1j0,1,True,0,replace_filter,replace_filter,b3aad52f1f65b51f758d052e49832d344eefd7e2005254f38fca6b7543bbfbf7,33e9fe380034a173bf2cda29afeb3cb5882623e6e54d3c4b497084897112af66,e4e4e1c109c8ae61ca0029b46cfd0e17d886f5f304f9804ab514a6c68a96b8aa,0.14606741573033707,0.021335689938139123,0.1836734693877551,0.03373594335693461,0.2727272727272727,0.07438016528925619
6,8,30,24,18,174,objective_development,36,delay,1,frozen,objective_development/larger/414/a6/s1/frozen/delay/lambda8,d1f27bb0738dc479a13d85d7e195a757085a21dd9227e02324df54c5dd843c62,414,larger,a4j0,4,True,0,reset_sensor,reset_sensor,0a1f4a9e45f34a9f40cb3cd281a10778f6d5e58ca7db7922320ef5db0fb5d148,ed7b0984a725faaefbad1b2547a93edac4dbe972921936342ab9f6288a1283bb,2a352a9c82371f3ce10bdcb66dd69753f4db18fc617683fdea2087c2e901cf8a,0.14606741573033707,0.021335689938139123,0.1836734693877551,0.03373594335693461,0.14285714285714285,0.02040816326530612
6,8,30,24,18,174,objective_development,36,delay,1,frozen,objective_development/larger/414/a6/s1/frozen/delay/lambda8,d1f27bb0738dc479a13d85d7e195a757085a21dd9227e02324df54c5dd843c62,414,larger,a0j1,0,True,0,replace_filter,replace_filter,b6638c2296e97687d46ceb1bab7b430c786d00ccc669c1d5544bd31a62138ef1,eae98e791da92087c4b60f9b3129d0dc6b40af52acee81e288ec54215c4f5272,df1691e9996228a4941b7734093a16af9c8378e0fd78e811194377f63f0f95c6,0.14606741573033707,0.021335689938139123,0.1836734693877551,0.03373594335693461,0.7272727272727273,0.5289256198347108
6,8,30,24,18,174,objective_development,36,delay,1,frozen,objective_development/larger/414/a6/s1/frozen/delay/lambda8,d1f27bb0738dc479a13d85d7e195a757085a21dd9227e02324df54c5dd843c62,414,larger,a2j1,2,True,0,replace_filter,replace_filter,d71542d6af71105e14cbf38de57eee8d6eeb838e11cf98e8e0de52e1cab50901,b2c6fe66215b9f011846c498c3f6bbf6255c501f8d7e2a93a9f3c979549cab3b,e0f697ae4e0172daae8b96568f226335e7323349c818a2db39903378be59d5c6,0.14606741573033707,0.021335689938139123,0.1836734693877551,0.03373594335693461,0.2727272727272727,0.07438016528925619
6,8,30,24,18,174,objective_development,36,delay,1,frozen,objective_development/larger/414/a6/s1/frozen/delay/lambda8,d1f27bb0738dc479a13d85d7e195a757085a21dd9227e02324df54c5dd843c62,414,larger,a4j1,4,True,0,replace_filter,replace_filter,6d7543f475c8fba9dd1b052ebbc42299e49d38b843970fc765e7aa79b942642b,bb14cf88c85cae457d150d91e620e44a34fa330b1d11a21e522b8ed48472dcfc,149649efaa0945058003ed4c5340eccddac41edec10b153b742d94a6409b7b59,0.14606741573033707,0.021335689938139123,0.1836734693877551,0.03373594335693461,0.14285714285714285,0.02040816326530612
6,8,30,24,18,174,objective_development,36,delay,1,frozen,objective_development/larger/414/a6/s1/frozen/delay/lambda8,d1f27bb0738dc479a13d85d7e195a757085a21dd9227e02324df54c5dd843c62,414,larger,a1j1,1,True,0,replace_filter,replace_filter,79379c9c28f3f6048b3cf47b1b7e85d7e47963835e080b866402ab726961b4e4,7cce4b6bd7bf934d21a64e34174c512c23b419ba3e93370a9941e92a7edc0f4a,4045701a9a07d91ba724b5bb02aa0e30bf16a480f754be537d6f8530be4a1021,0.14606741573033707,0.021335689938139123,0.1836734693877551,0.03373594335693461,0.2727272727272727,0.07438016528925619
6,8,30,24,18,174,objective_development,36,delay,1,frozen,objective_development/larger/414/a6/s1/frozen/delay/lambda8,d1f27bb0738dc479a13d85d7e195a757085a21dd9227e02324df54c5dd843c62,414,larger,a3j1,3,True,0,reset_sensor,reset_sensor,5d50c8986a38d74fce723bb8c917160d9f8736a9fd7c64b5b36c8dbcd494bc69,a60b1cd1592cfe5c2a9bfde7c43d81188d9d4a3db7369ffd7ffb5644435ca56a,3844091649c278e235ffd3987ee11c642d228e41b3599326158b74377300ab54,0.14606741573033707,0.021335689938139123,0.1836734693877551,0.03373594335693461,0.14285714285714285,0.02040816326530612
6,8,30,24,18,174,objective_development,36,delay,1,frozen,objective_development/larger/414/a6/s1/frozen/delay/lambda8,d1f27bb0738dc479a13d85d7e195a757085a21dd9227e02324df54c5dd843c62,414,larger,a5j1,5,True,0,reset_sensor,reset_sensor,44f59102aa47ee312d25ddad451b91badc9fcfd7e3b455cb28975d4eb0ba7077,b6dabfde1b8bec80123fcb62d33c15d14b28ef6b46edcddad8b5d7a55dc65c36,efcdd45e2672f105e9a79ab3c0be6f4abdefeedbd48637d901efd47fd54d96fd,0.14606741573033707,0.021335689938139123,0.1836734693877551,0.03373594335693461,0.14285714285714285,0.02040816326530612
6,8,30,24,18,174,objective_development,36,delay,1,frozen,objective_development/larger/414/a6/s1/frozen/delay/lambda8,d1f27bb0738dc479a13d85d7e195a757085a21dd9227e02324df54c5dd843c62,414,larger,a0j2,0,True,0,replace_filter,replace_filter,6bfa4d6ed559121eef73b1063b125313d05bfaf9bdc66ea9ca24cd3617895b46,6c8f36ab2ff9db4157c6d26dd14d9e27e7fa88aa0b71c56784af639576d0b64c,b93a26c4d2f04a0de01668561d536d90f792963031e214884e24e0479fa57f54,0.14606741573033707,0.021335689938139123,0.1836734693877551,0.03373594335693461,0.7272727272727273,0.5289256198347108
6,8,30,24,18,174,objective_development,36,delay,1,frozen,objective_development/larger/414/a6/s1/frozen/delay/lambda8,d1f27bb0738dc479a13d85d7e195a757085a21dd9227e02324df54c5dd843c62,414,larger,a1j2,1,True,1,replace_filter,replace_filter,072f88a0e5896d208030a6f4b6daa2ecbf717aaab13507f5352c29d4d000a68b,9b68e28787197ab723febd566392ce2a9bea9b5e55e4244eb75cab32b60aa8e6,bb3a2bf1875bfa0451a10e9ec8262c9c290d792b42734b9fe72934672b0a59ce,0.14606741573033707,0.729200858477465,0.1836734693877551,0.6663890045814245,0.7272727272727273,0.07438016528925619
6,8,30,24,18,174,objective_development,36,delay,1,frozen,objective_development/larger/414/a6/s1/frozen/delay/lambda8,d1f27bb0738dc479a13d85d7e195a757085a21dd9227e02324df54c5dd843c62,414,larger,a2j2,2,True,0,replace_filter,replace_filter,996aa84083bb3fa2e1a1490a59b1486be1e470e1b182ca6e50e99aefb443a5ac,7593819fcc868c3be4f059efa3fcb977b0dd70b4439ee50339c27938ccb5b7fe,992d31f2d568d7a92a608e90cdb4005210dc1da862acd10d52e41106a6e151b7,0.14606741573033707,0.021335689938139123,0.1836734693877551,0.03373594335693461,0.2727272727272727,0.07438016528925619
6,8,30,24,18,174,objective_development,36,delay,1,frozen,objective_development/larger/414/a6/s1/frozen/delay/lambda8,d1f27bb0738dc479a13d85d7e195a757085a21dd9227e02324df54c5dd843c62,414,larger,a3j2,3,True,1,replace_filter,replace_filter,88e146496ba9cd6e2b549f5421420b856367f7c3c47579676589c2abe4723eb2,713cec04ada930701e13b6f2162527b9ab9f27810b7edb4335c3471c1e488bab,6163d1b6d1f6cf900c5d90c08b8e2e78aa969c9b80ce3f22c22becf2ba1daff9,0.14606741573033707,0.729200858477465,0.1836734693877551,0.6663890045814245,0.14285714285714285,0.7346938775510206
6,8,30,24,18,174,objective_development,36,delay,1,frozen,objective_development/larger/414/a6/s1/frozen/delay/lambda8,d1f27bb0738dc479a13d85d7e195a757085a21dd9227e02324df54c5dd843c62,414,larger,a5j2,5,True,0,reset_sensor,reset_sensor,b57dc5eb9a8b166f338ac6758cf6131ec5b0a962c9088b53c9e8bb8507180553,49e2df5f182b0b9adb0974223c4795ae3ee7b3d5755cb5b3bb26947ab197eb6e,c134469218e21e1558aae5392f91818a633d061852c524d6d301fe5c23aaf55a,0.14606741573033707,0.021335689938139123,0.1836734693877551,0.03373594335693461,0.14285714285714285,0.02040816326530612
6,8,30,24,18,174,objective_development,36,delay,1,frozen,objective_development/larger/414/a6/s1/frozen/delay/lambda8,d1f27bb0738dc479a13d85d7e195a757085a21dd9227e02324df54c5dd843c62,414,larger,a4j2,4,True,1,replace_filter,replace_filter,0a5b9e739b59914b466f32489ef737ad3358d647cd158f315c28e7c6826b5d0b,92c455cc83621c395da9f738a850b71f813e2c40703319059c12c382d4fd3e6f,6baa511851f62eea833f054b68ab867a5d1caed11bdba919c8509261e3f2ee32,0.14606741573033707,0.729200858477465,0.1836734693877551,0.6663890045814245,0.7272727272727273,0.07438016528925619
6,0,31,24,18,174,objective_development,36,delay,1,frozen,objective_development/larger/414/a6/s1/frozen/delay/lambda0,d1f27bb0738dc479a13d85d7e195a757085a21dd9227e02324df54c5dd843c62,414,larger,a0j0,0,True,0,reset_sensor,reset_sensor,dff481f36008a6c2c0b5050757dc19a3d3ef1f0f7f4af7235b226683da0ef1d7,4ba53a8a89c90103455ecace7c538569730000d4d48a430ed6097c014e158dee,1943f144be33297e0cb997860bd0ac31bde8b2d62d7446b753961d5fc3e81181,0.14606741573033707,0.021335689938139123,0.1836734693877551,0.03373594335693461,0.14285714285714285,0.02040816326530612
6,0,31,24,18,174,objective_development,36,delay,1,frozen,objective_development/larger/414/a6/s1/frozen/delay/lambda0,d1f27bb0738dc479a13d85d7e195a757085a21dd9227e02324df54c5dd843c62,414,larger,a2j0,2,True,0,reset_sensor,reset_sensor,ccc2df55152b4a1612e4705282471dac8c97830f63149420278c085b1ce1a9b9,04c6d9c55d8c06c800f1aff7d964c840970413537b90fbc9598e1526d7850e4e,65f81967198d5bbba5f552e9ecf7adcc75131eb6dd8a0c1483a82af22fd8cc9f,0.14606741573033707,0.021335689938139123,0.1836734693877551,0.03373594335693461,0.14285714285714285,0.02040816326530612
6,0,31,24,18,174,objective_development,36,delay,1,frozen,objective_development/larger/414/a6/s1/frozen/delay/lambda0,d1f27bb0738dc479a13d85d7e195a757085a21dd9227e02324df54c5dd843c62,414,larger,a3j0,3,True,0,replace_filter,replace_filter,1643589b95b60eea07602cba886a023caed86948271396142905c768007b2147,14cc9047f7dd791a20f7452060b7f5452a7a6a3f7cfd65497358520a98685d74,bfae26dae3ae2177d56f031515f1de3e2ac2a140fd6c67c2de1ed8f717a5b76a,0.14606741573033707,0.021335689938139123,0.1836734693877551,0.03373594335693461,0.14285714285714285,0.02040816326530612
6,0,31,24,18,174,objective_development,36,delay,1,frozen,objective_development/larger/414/a6/s1/frozen/delay/lambda0,d1f27bb0738dc479a13d85d7e195a757085a21dd9227e02324df54c5dd843c62,414,larger,a5j0,5,True,0,replace_filter,replace_filter,a0e3834fcac29d718b43527ffe04e8d67b69fbb83dae33e3afe50088de845ea5,cd853fb1e730d4a96b83cebac5a929e9afd40d41a076ac6d78998fc26870f3fc,459c1993440310e8bc3cb1dff5ff5eec9c4a96a27b18c5105094a948f83a3749,0.14606741573033707,0.021335689938139123,0.1836734693877551,0.03373594335693461,0.7272727272727273,0.5289256198347108
6,0,31,24,18,174,objective_development,36,delay,1,frozen,objective_development/larger/414/a6/s1/frozen/delay/lambda0,d1f27bb0738dc479a13d85d7e195a757085a21dd9227e02324df54c5dd843c62,414,larger,a1j0,1,True,0,replace_filter,replace_filter,b3aad52f1f65b51f758d052e49832d344eefd7e2005254f38fca6b7543bbfbf7,33e9fe380034a173bf2cda29afeb3cb5882623e6e54d3c4b497084897112af66,e4e4e1c109c8ae61ca0029b46cfd0e17d886f5f304f9804ab514a6c68a96b8aa,0.14606741573033707,0.021335689938139123,0.1836734693877551,0.03373594335693461,0.2727272727272727,0.07438016528925619
6,0,31,24,18,174,objective_development,36,delay,1,frozen,objective_development/larger/414/a6/s1/frozen/delay/lambda0,d1f27bb0738dc479a13d85d7e195a757085a21dd9227e02324df54c5dd843c62,414,larger,a4j0,4,True,0,reset_sensor,reset_sensor,0a1f4a9e45f34a9f40cb3cd281a10778f6d5e58ca7db7922320ef5db0fb5d148,ed7b0984a725faaefbad1b2547a93edac4dbe972921936342ab9f6288a1283bb,2a352a9c82371f3ce10bdcb66dd69753f4db18fc617683fdea2087c2e901cf8a,0.14606741573033707,0.021335689938139123,0.1836734693877551,0.03373594335693461,0.14285714285714285,0.02040816326530612
6,0,31,24,18,174,objective_development,36,delay,1,frozen,objective_development/larger/414/a6/s1/frozen/delay/lambda0,d1f27bb0738dc479a13d85d7e195a757085a21dd9227e02324df54c5dd843c62,414,larger,a0j1,0,True,0,replace_filter,replace_filter,b6638c2296e97687d46ceb1bab7b430c786d00ccc669c1d5544bd31a62138ef1,eae98e791da92087c4b60f9b3129d0dc6b40af52acee81e288ec54215c4f5272,df1691e9996228a4941b7734093a16af9c8378e0fd78e811194377f63f0f95c6,0.14606741573033707,0.021335689938139123,0.1836734693877551,0.03373594335693461,0.7272727272727273,0.5289256198347108
6,0,31,24,18,174,objective_development,36,delay,1,frozen,objective_development/larger/414/a6/s1/frozen/delay/lambda0,d1f27bb0738dc479a13d85d7e195a757085a21dd9227e02324df54c5dd843c62,414,larger,a2j1,2,True,0,replace_filter,replace_filter,d71542d6af71105e14cbf38de57eee8d6eeb838e11cf98e8e0de52e1cab50901,b2c6fe66215b9f011846c498c3f6bbf6255c501f8d7e2a93a9f3c979549cab3b,e0f697ae4e0172daae8b96568f226335e7323349c818a2db39903378be59d5c6,0.14606741573033707,0.021335689938139123,0.1836734693877551,0.03373594335693461,0.2727272727272727,0.07438016528925619
6,0,31,24,18,174,objective_development,36,delay,1,frozen,objective_development/larger/414/a6/s1/frozen/delay/lambda0,d1f27bb0738dc479a13d85d7e195a757085a21dd9227e02324df54c5dd843c62,414,larger,a4j1,4,True,0,replace_filter,replace_filter,6d7543f475c8fba9dd1b052ebbc42299e49d38b843970fc765e7aa79b942642b,bb14cf88c85cae457d150d91e620e44a34fa330b1d11a21e522b8ed48472dcfc,149649efaa0945058003ed4c5340eccddac41edec10b153b742d94a6409b7b59,0.14606741573033707,0.021335689938139123,0.1836734693877551,0.03373594335693461,0.14285714285714285,0.02040816326530612
6,0,31,24,18,174,objective_development,36,delay,1,frozen,objective_development/larger/414/a6/s1/frozen/delay/lambda0,d1f27bb0738dc479a13d85d7e195a757085a21dd9227e02324df54c5dd843c62,414,larger,a1j1,1,True,0,replace_filter,replace_filter,79379c9c28f3f6048b3cf47b1b7e85d7e47963835e080b866402ab726961b4e4,7cce4b6bd7bf934d21a64e34174c512c23b419ba3e93370a9941e92a7edc0f4a,4045701a9a07d91ba724b5bb02aa0e30bf16a480f754be537d6f8530be4a1021,0.14606741573033707,0.021335689938139123,0.1836734693877551,0.03373594335693461,0.2727272727272727,0.07438016528925619
6,0,31,24,18,174,objective_development,36,delay,1,frozen,objective_development/larger/414/a6/s1/frozen/delay/lambda0,d1f27bb0738dc479a13d85d7e195a757085a21dd9227e02324df54c5dd843c62,414,larger,a3j1,3,True,0,reset_sensor,reset_sensor,5d50c8986a38d74fce723bb8c917160d9f8736a9fd7c64b5b36c8dbcd494bc69,a60b1cd1592cfe5c2a9bfde7c43d81188d9d4a3db7369ffd7ffb5644435ca56a,3844091649c278e235ffd3987ee11c642d228e41b3599326158b74377300ab54,0.14606741573033707,0.021335689938139123,0.1836734693877551,0.03373594335693461,0.14285714285714285,0.02040816326530612
6,0,31,24,18,174,objective_development,36,delay,1,frozen,objective_development/larger/414/a6/s1/frozen/delay/lambda0,d1f27bb0738dc479a13d85d7e195a757085a21dd9227e02324df54c5dd843c62,414,larger,a5j1,5,True,0,reset_sensor,reset_sensor,eab88ba05d14637631d16d79f831491c499fa7e7867467902dcc13461526c5bd,902adac902447258110b3f551c4181bf1933a788cb64dfbbfe6e4743325cbecd,dce109b4dc2c173e92dd21321de007776cf87f639141ff18a9ac0ee83451cc24,0.14606741573033707,0.021335689938139123,0.1836734693877551,0.03373594335693461,0.14285714285714285,0.02040816326530612
6,0,31,24,18,174,objective_development,36,delay,1,frozen,objective_development/larger/414/a6/s1/frozen/delay/lambda0,d1f27bb0738dc479a13d85d7e195a757085a21dd9227e02324df54c5dd843c62,414,larger,a0j2,0,True,0,replace_filter,replace_filter,6bfa4d6ed559121eef73b1063b125313d05bfaf9bdc66ea9ca24cd3617895b46,6c8f36ab2ff9db4157c6d26dd14d9e27e7fa88aa0b71c56784af639576d0b64c,b93a26c4d2f04a0de01668561d536d90f792963031e214884e24e0479fa57f54,0.14606741573033707,0.021335689938139123,0.1836734693877551,0.03373594335693461,0.7272727272727273,0.5289256198347108
6,0,31,24,18,174,objective_development,36,delay,1,frozen,objective_development/larger/414/a6/s1/frozen/delay/lambda0,d1f27bb0738dc479a13d85d7e195a757085a21dd9227e02324df54c5dd843c62,414,larger,a1j2,1,True,1,replace_filter,replace_filter,1e73e16bde33477aeb690c438e1cf2759cbb8ae7af5835fd2ee5ece13030d96d,f3912dd7f06d95a5967e1c7a288141734ca8eba543a80aaa68acd13b1da85930,f9fd460b9ed253f611ff931965f1393933ab532ffe492bbf6cb7046dcba887c8,0.14606741573033707,0.729200858477465,0.1836734693877551,0.6663890045814245,0.7272727272727273,0.07438016528925619
6,0,31,24,18,174,objective_development,36,delay,1,frozen,objective_development/larger/414/a6/s1/frozen/delay/lambda0,d1f27bb0738dc479a13d85d7e195a757085a21dd9227e02324df54c5dd843c62,414,larger,a2j2,2,True,0,replace_filter,replace_filter,996aa84083bb3fa2e1a1490a59b1486be1e470e1b182ca6e50e99aefb443a5ac,7593819fcc868c3be4f059efa3fcb977b0dd70b4439ee50339c27938ccb5b7fe,992d31f2d568d7a92a608e90cdb4005210dc1da862acd10d52e41106a6e151b7,0.14606741573033707,0.021335689938139123,0.1836734693877551,0.03373594335693461,0.2727272727272727,0.07438016528925619
6,0,31,24,18,174,objective_development,36,delay,1,frozen,objective_development/larger/414/a6/s1/frozen/delay/lambda0,d1f27bb0738dc479a13d85d7e195a757085a21dd9227e02324df54c5dd843c62,414,larger,a3j2,3,True,1,replace_filter,replace_filter,bc0d1e2f8ebdb5ffa3817bc48d2aac1e5555e1b87accca5304882f92f28928eb,0c90e60b842cdfc41caf25d6a6399e8feb2f74130c6084cf31a79aeb7a880a62,a6b2570859c9da6a264c07b60091c11803094cd9433972ae02ff6babd2bce5c0,0.14606741573033707,0.729200858477465,0.1836734693877551,0.6663890045814245,0.14285714285714285,0.7346938775510206
6,0,31,24,18,174,objective_development,36,delay,1,frozen,objective_development/larger/414/a6/s1/frozen/delay/lambda0,d1f27bb0738dc479a13d85d7e195a757085a21dd9227e02324df54c5dd843c62,414,larger,a5j2,5,True,0,reset_sensor,reset_sensor,7dc1fb2e160685813bc85e42fc36364a49daebcdd0e10ed8dada18018b83cbf2,c7eb8c1aef31427f5de15e0c2b7cf464f514a3145730b5d6731225edde1289e4,46a4924cd3282d5a45e31509c426613041e7da4f834691bcd176329fdf900e2a,0.14606741573033707,0.021335689938139123,0.1836734693877551,0.03373594335693461,0.14285714285714285,0.02040816326530612
6,0,31,24,18,174,objective_development,36,delay,1,frozen,objective_development/larger/414/a6/s1/frozen/delay/lambda0,d1f27bb0738dc479a13d85d7e195a757085a21dd9227e02324df54c5dd843c62,414,larger,a4j2,4,True,1,replace_filter,replace_filter,0a5b9e739b59914b466f32489ef737ad3358d647cd158f315c28e7c6826b5d0b,92c455cc83621c395da9f738a850b71f813e2c40703319059c12c382d4fd3e6f,6baa511851f62eea833f054b68ab867a5d1caed11bdba919c8509261e3f2ee32,0.14606741573033707,0.729200858477465,0.1836734693877551,0.6663890045814245,0.7272727272727273,0.07438016528925619
6,4,32,24,18,174,objective_development,36,delay,1,frozen,objective_development/larger/414/a6/s1/frozen/delay/lambda4,d1f27bb0738dc479a13d85d7e195a757085a21dd9227e02324df54c5dd843c62,414,larger,a0j0,0,True,0,reset_sensor,reset_sensor,dff481f36008a6c2c0b5050757dc19a3d3ef1f0f7f4af7235b226683da0ef1d7,4ba53a8a89c90103455ecace7c538569730000d4d48a430ed6097c014e158dee,1943f144be33297e0cb997860bd0ac31bde8b2d62d7446b753961d5fc3e81181,0.14606741573033707,0.021335689938139123,0.1836734693877551,0.03373594335693461,0.14285714285714285,0.02040816326530612
6,4,32,24,18,174,objective_development,36,delay,1,frozen,objective_development/larger/414/a6/s1/frozen/delay/lambda4,d1f27bb0738dc479a13d85d7e195a757085a21dd9227e02324df54c5dd843c62,414,larger,a2j0,2,True,0,reset_sensor,reset_sensor,ccc2df55152b4a1612e4705282471dac8c97830f63149420278c085b1ce1a9b9,04c6d9c55d8c06c800f1aff7d964c840970413537b90fbc9598e1526d7850e4e,65f81967198d5bbba5f552e9ecf7adcc75131eb6dd8a0c1483a82af22fd8cc9f,0.14606741573033707,0.021335689938139123,0.1836734693877551,0.03373594335693461,0.14285714285714285,0.02040816326530612
6,4,32,24,18,174,objective_development,36,delay,1,frozen,objective_development/larger/414/a6/s1/frozen/delay/lambda4,d1f27bb0738dc479a13d85d7e195a757085a21dd9227e02324df54c5dd843c62,414,larger,a3j0,3,True,0,replace_filter,replace_filter,1643589b95b60eea07602cba886a023caed86948271396142905c768007b2147,14cc9047f7dd791a20f7452060b7f5452a7a6a3f7cfd65497358520a98685d74,bfae26dae3ae2177d56f031515f1de3e2ac2a140fd6c67c2de1ed8f717a5b76a,0.14606741573033707,0.021335689938139123,0.1836734693877551,0.03373594335693461,0.14285714285714285,0.02040816326530612
6,4,32,24,18,174,objective_development,36,delay,1,frozen,objective_development/larger/414/a6/s1/frozen/delay/lambda4,d1f27bb0738dc479a13d85d7e195a757085a21dd9227e02324df54c5dd843c62,414,larger,a5j0,5,True,0,replace_filter,replace_filter,a0e3834fcac29d718b43527ffe04e8d67b69fbb83dae33e3afe50088de845ea5,cd853fb1e730d4a96b83cebac5a929e9afd40d41a076ac6d78998fc26870f3fc,459c1993440310e8bc3cb1dff5ff5eec9c4a96a27b18c5105094a948f83a3749,0.14606741573033707,0.021335689938139123,0.1836734693877551,0.03373594335693461,0.7272727272727273,0.5289256198347108
6,4,32,24,18,174,objective_development,36,delay,1,frozen,objective_development/larger/414/a6/s1/frozen/delay/lambda4,d1f27bb0738dc479a13d85d7e195a757085a21dd9227e02324df54c5dd843c62,414,larger,a1j0,1,True,0,replace_filter,replace_filter,b3aad52f1f65b51f758d052e49832d344eefd7e2005254f38fca6b7543bbfbf7,33e9fe380034a173bf2cda29afeb3cb5882623e6e54d3c4b497084897112af66,e4e4e1c109c8ae61ca0029b46cfd0e17d886f5f304f9804ab514a6c68a96b8aa,0.14606741573033707,0.021335689938139123,0.1836734693877551,0.03373594335693461,0.2727272727272727,0.07438016528925619
6,4,32,24,18,174,objective_development,36,delay,1,frozen,objective_development/larger/414/a6/s1/frozen/delay/lambda4,d1f27bb0738dc479a13d85d7e195a757085a21dd9227e02324df54c5dd843c62,414,larger,a4j0,4,True,0,reset_sensor,reset_sensor,0a1f4a9e45f34a9f40cb3cd281a10778f6d5e58ca7db7922320ef5db0fb5d148,ed7b0984a725faaefbad1b2547a93edac4dbe972921936342ab9f6288a1283bb,2a352a9c82371f3ce10bdcb66dd69753f4db18fc617683fdea2087c2e901cf8a,0.14606741573033707,0.021335689938139123,0.1836734693877551,0.03373594335693461,0.14285714285714285,0.02040816326530612
6,4,32,24,18,174,objective_development,36,delay,1,frozen,objective_development/larger/414/a6/s1/frozen/delay/lambda4,d1f27bb0738dc479a13d85d7e195a757085a21dd9227e02324df54c5dd843c62,414,larger,a0j1,0,True,0,replace_filter,replace_filter,b6638c2296e97687d46ceb1bab7b430c786d00ccc669c1d5544bd31a62138ef1,eae98e791da92087c4b60f9b3129d0dc6b40af52acee81e288ec54215c4f5272,df1691e9996228a4941b7734093a16af9c8378e0fd78e811194377f63f0f95c6,0.14606741573033707,0.021335689938139123,0.1836734693877551,0.03373594335693461,0.7272727272727273,0.5289256198347108
6,4,32,24,18,174,objective_development,36,delay,1,frozen,objective_development/larger/414/a6/s1/frozen/delay/lambda4,d1f27bb0738dc479a13d85d7e195a757085a21dd9227e02324df54c5dd843c62,414,larger,a2j1,2,True,0,replace_filter,replace_filter,d71542d6af71105e14cbf38de57eee8d6eeb838e11cf98e8e0de52e1cab50901,b2c6fe66215b9f011846c498c3f6bbf6255c501f8d7e2a93a9f3c979549cab3b,e0f697ae4e0172daae8b96568f226335e7323349c818a2db39903378be59d5c6,0.14606741573033707,0.021335689938139123,0.1836734693877551,0.03373594335693461,0.2727272727272727,0.07438016528925619
6,4,32,24,18,174,objective_development,36,delay,1,frozen,objective_development/larger/414/a6/s1/frozen/delay/lambda4,d1f27bb0738dc479a13d85d7e195a757085a21dd9227e02324df54c5dd843c62,414,larger,a4j1,4,True,0,replace_filter,replace_filter,6d7543f475c8fba9dd1b052ebbc42299e49d38b843970fc765e7aa79b942642b,bb14cf88c85cae457d150d91e620e44a34fa330b1d11a21e522b8ed48472dcfc,149649efaa0945058003ed4c5340eccddac41edec10b153b742d94a6409b7b59,0.14606741573033707,0.021335689938139123,0.1836734693877551,0.03373594335693461,0.14285714285714285,0.02040816326530612
6,4,32,24,18,174,objective_development,36,delay,1,frozen,objective_development/larger/414/a6/s1/frozen/delay/lambda4,d1f27bb0738dc479a13d85d7e195a757085a21dd9227e02324df54c5dd843c62,414,larger,a1j1,1,True,0,replace_filter,replace_filter,79379c9c28f3f6048b3cf47b1b7e85d7e47963835e080b866402ab726961b4e4,7cce4b6bd7bf934d21a64e34174c512c23b419ba3e93370a9941e92a7edc0f4a,4045701a9a07d91ba724b5bb02aa0e30bf16a480f754be537d6f8530be4a1021,0.14606741573033707,0.021335689938139123,0.1836734693877551,0.03373594335693461,0.2727272727272727,0.07438016528925619
6,4,32,24,18,174,objective_development,36,delay,1,frozen,objective_development/larger/414/a6/s1/frozen/delay/lambda4,d1f27bb0738dc479a13d85d7e195a757085a21dd9227e02324df54c5dd843c62,414,larger,a3j1,3,True,0,reset_sensor,reset_sensor,5d50c8986a38d74fce723bb8c917160d9f8736a9fd7c64b5b36c8dbcd494bc69,a60b1cd1592cfe5c2a9bfde7c43d81188d9d4a3db7369ffd7ffb5644435ca56a,3844091649c278e235ffd3987ee11c642d228e41b3599326158b74377300ab54,0.14606741573033707,0.021335689938139123,0.1836734693877551,0.03373594335693461,0.14285714285714285,0.02040816326530612
6,4,32,24,18,174,objective_development,36,delay,1,frozen,objective_development/larger/414/a6/s1/frozen/delay/lambda4,d1f27bb0738dc479a13d85d7e195a757085a21dd9227e02324df54c5dd843c62,414,larger,a5j1,5,True,0,reset_sensor,reset_sensor,eab88ba05d14637631d16d79f831491c499fa7e7867467902dcc13461526c5bd,902adac902447258110b3f551c4181bf1933a788cb64dfbbfe6e4743325cbecd,dce109b4dc2c173e92dd21321de007776cf87f639141ff18a9ac0ee83451cc24,0.14606741573033707,0.021335689938139123,0.1836734693877551,0.03373594335693461,0.14285714285714285,0.02040816326530612
6,4,32,24,18,174,objective_development,36,delay,1,frozen,objective_development/larger/414/a6/s1/frozen/delay/lambda4,d1f27bb0738dc479a13d85d7e195a757085a21dd9227e02324df54c5dd843c62,414,larger,a0j2,0,True,0,replace_filter,replace_filter,6bfa4d6ed559121eef73b1063b125313d05bfaf9bdc66ea9ca24cd3617895b46,6c8f36ab2ff9db4157c6d26dd14d9e27e7fa88aa0b71c56784af639576d0b64c,b93a26c4d2f04a0de01668561d536d90f792963031e214884e24e0479fa57f54,0.14606741573033707,0.021335689938139123,0.1836734693877551,0.03373594335693461,0.7272727272727273,0.5289256198347108
6,4,32,24,18,174,objective_development,36,delay,1,frozen,objective_development/larger/414/a6/s1/frozen/delay/lambda4,d1f27bb0738dc479a13d85d7e195a757085a21dd9227e02324df54c5dd843c62,414,larger,a1j2,1,False,0,reset_sensor,replace_filter,072f88a0e5896d208030a6f4b6daa2ecbf717aaab13507f5352c29d4d000a68b,9b68e28787197ab723febd566392ce2a9bea9b5e55e4244eb75cab32b60aa8e6,bb3a2bf1875bfa0451a10e9ec8262c9c290d792b42734b9fe72934672b0a59ce,0.1836734693877551,0.03373594335693461,0.1836734693877551,0.03373594335693461,0.2727272727272727,0.07438016528925619
6,4,32,24,18,174,objective_development,36,delay,1,frozen,objective_development/larger/414/a6/s1/frozen/delay/lambda4,d1f27bb0738dc479a13d85d7e195a757085a21dd9227e02324df54c5dd843c62,414,larger,a2j2,2,True,0,replace_filter,replace_filter,996aa84083bb3fa2e1a1490a59b1486be1e470e1b182ca6e50e99aefb443a5ac,7593819fcc868c3be4f059efa3fcb977b0dd70b4439ee50339c27938ccb5b7fe,992d31f2d568d7a92a608e90cdb4005210dc1da862acd10d52e41106a6e151b7,0.14606741573033707,0.021335689938139123,0.1836734693877551,0.03373594335693461,0.2727272727272727,0.07438016528925619
6,4,32,24,18,174,objective_development,36,delay,1,frozen,objective_development/larger/414/a6/s1/frozen/delay/lambda4,d1f27bb0738dc479a13d85d7e195a757085a21dd9227e02324df54c5dd843c62,414,larger,a3j2,3,True,1,replace_filter,replace_filter,88e146496ba9cd6e2b549f5421420b856367f7c3c47579676589c2abe4723eb2,713cec04ada930701e13b6f2162527b9ab9f27810b7edb4335c3471c1e488bab,6163d1b6d1f6cf900c5d90c08b8e2e78aa969c9b80ce3f22c22becf2ba1daff9,0.14606741573033707,0.729200858477465,0.1836734693877551,0.6663890045814245,0.14285714285714285,0.7346938775510206
6,4,32,24,18,174,objective_development,36,delay,1,frozen,objective_development/larger/414/a6/s1/frozen/delay/lambda4,d1f27bb0738dc479a13d85d7e195a757085a21dd9227e02324df54c5dd843c62,414,larger,a5j2,5,True,0,reset_sensor,reset_sensor,f805ce0410db0a90ec75d98305daad9f8369b86ef54e43303b652d6df5656ff3,bd383606aef2d03fe1bae3929c64046aef40abf1635ef24632bd43d8bea2925f,77d6d3f1cbcb9008a017a5c5fc91a0fd5cabd07bb58d48b509e4a6020bd117cc,0.14606741573033707,0.021335689938139123,0.1836734693877551,0.03373594335693461,0.14285714285714285,0.02040816326530612
6,4,32,24,18,174,objective_development,36,delay,1,frozen,objective_development/larger/414/a6/s1/frozen/delay/lambda4,d1f27bb0738dc479a13d85d7e195a757085a21dd9227e02324df54c5dd843c62,414,larger,a4j2,4,True,1,replace_filter,replace_filter,0a5b9e739b59914b466f32489ef737ad3358d647cd158f315c28e7c6826b5d0b,92c455cc83621c395da9f738a850b71f813e2c40703319059c12c382d4fd3e6f,6baa511851f62eea833f054b68ab867a5d1caed11bdba919c8509261e3f2ee32,0.14606741573033707,0.729200858477465,0.1836734693877551,0.6663890045814245,0.7272727272727273,0.07438016528925619
6,8,33,24,18,174,objective_development,36,delay,2,frozen,objective_development/larger/414/a6/s2/frozen/delay/lambda8,d1f27bb0738dc479a13d85d7e195a757085a21dd9227e02324df54c5dd843c62,414,larger,a0j0,0,True,0,reset_sensor,reset_sensor,dff481f36008a6c2c0b5050757dc19a3d3ef1f0f7f4af7235b226683da0ef1d7,4ba53a8a89c90103455ecace7c538569730000d4d48a430ed6097c014e158dee,1943f144be33297e0cb997860bd0ac31bde8b2d62d7446b753961d5fc3e81181,0.14606741573033707,0.021335689938139123,0.1836734693877551,0.03373594335693461,0.14285714285714285,0.02040816326530612
6,8,33,24,18,174,objective_development,36,delay,2,frozen,objective_development/larger/414/a6/s2/frozen/delay/lambda8,d1f27bb0738dc479a13d85d7e195a757085a21dd9227e02324df54c5dd843c62,414,larger,a2j0,2,True,0,reset_sensor,reset_sensor,ccc2df55152b4a1612e4705282471dac8c97830f63149420278c085b1ce1a9b9,04c6d9c55d8c06c800f1aff7d964c840970413537b90fbc9598e1526d7850e4e,65f81967198d5bbba5f552e9ecf7adcc75131eb6dd8a0c1483a82af22fd8cc9f,0.14606741573033707,0.021335689938139123,0.1836734693877551,0.03373594335693461,0.14285714285714285,0.02040816326530612
6,8,33,24,18,174,objective_development,36,delay,2,frozen,objective_development/larger/414/a6/s2/frozen/delay/lambda8,d1f27bb0738dc479a13d85d7e195a757085a21dd9227e02324df54c5dd843c62,414,larger,a3j0,3,True,0,replace_filter,replace_filter,1643589b95b60eea07602cba886a023caed86948271396142905c768007b2147,14cc9047f7dd791a20f7452060b7f5452a7a6a3f7cfd65497358520a98685d74,bfae26dae3ae2177d56f031515f1de3e2ac2a140fd6c67c2de1ed8f717a5b76a,0.14606741573033707,0.021335689938139123,0.1836734693877551,0.03373594335693461,0.14285714285714285,0.02040816326530612
6,8,33,24,18,174,objective_development,36,delay,2,frozen,objective_development/larger/414/a6/s2/frozen/delay/lambda8,d1f27bb0738dc479a13d85d7e195a757085a21dd9227e02324df54c5dd843c62,414,larger,a5j0,5,True,0,replace_filter,replace_filter,a0e3834fcac29d718b43527ffe04e8d67b69fbb83dae33e3afe50088de845ea5,cd853fb1e730d4a96b83cebac5a929e9afd40d41a076ac6d78998fc26870f3fc,459c1993440310e8bc3cb1dff5ff5eec9c4a96a27b18c5105094a948f83a3749,0.14606741573033707,0.021335689938139123,0.1836734693877551,0.03373594335693461,0.7272727272727273,0.5289256198347108
6,8,33,24,18,174,objective_development,36,delay,2,frozen,objective_development/larger/414/a6/s2/frozen/delay/lambda8,d1f27bb0738dc479a13d85d7e195a757085a21dd9227e02324df54c5dd843c62,414,larger,a1j0,1,True,0,replace_filter,replace_filter,b3aad52f1f65b51f758d052e49832d344eefd7e2005254f38fca6b7543bbfbf7,33e9fe380034a173bf2cda29afeb3cb5882623e6e54d3c4b497084897112af66,e4e4e1c109c8ae61ca0029b46cfd0e17d886f5f304f9804ab514a6c68a96b8aa,0.14606741573033707,0.021335689938139123,0.1836734693877551,0.03373594335693461,0.2727272727272727,0.07438016528925619
6,8,33,24,18,174,objective_development,36,delay,2,frozen,objective_development/larger/414/a6/s2/frozen/delay/lambda8,d1f27bb0738dc479a13d85d7e195a757085a21dd9227e02324df54c5dd843c62,414,larger,a4j0,4,True,0,reset_sensor,reset_sensor,0a1f4a9e45f34a9f40cb3cd281a10778f6d5e58ca7db7922320ef5db0fb5d148,ed7b0984a725faaefbad1b2547a93edac4dbe972921936342ab9f6288a1283bb,2a352a9c82371f3ce10bdcb66dd69753f4db18fc617683fdea2087c2e901cf8a,0.14606741573033707,0.021335689938139123,0.1836734693877551,0.03373594335693461,0.14285714285714285,0.02040816326530612
6,8,33,24,18,174,objective_development,36,delay,2,frozen,objective_development/larger/414/a6/s2/frozen/delay/lambda8,d1f27bb0738dc479a13d85d7e195a757085a21dd9227e02324df54c5dd843c62,414,larger,a0j1,0,True,0,replace_filter,replace_filter,eeef5a41a61ed9304857a3d3ec70e25da2be9d52968e015a4eac74bb23e22eb6,e130ae243d97810290f2378b86e80dfd1029b739590b7c3f3aa5add887f399f4,e29da9d90cc4c4edd5b3b11266d2c36cb63ab77ae4329935efa3797237041bd3,0.14606741573033707,0.021335689938139123,0.1836734693877551,0.03373594335693461,0.7272727272727273,0.5289256198347108
6,8,33,24,18,174,objective_development,36,delay,2,frozen,objective_development/larger/414/a6/s2/frozen/delay/lambda8,d1f27bb0738dc479a13d85d7e195a757085a21dd9227e02324df54c5dd843c62,414,larger,a2j1,2,True,0,replace_filter,replace_filter,87c7d207d3570492acfb4e84291d5e29471cb7ef7743f66eebaf14a27bb63e37,d057bd673e03bb1329821499b7e5a70f495d2f60586847655e9ee5ab5b207c8d,dfc613282d2471369a704b9f190b6a435f1faef771db82f2f7ad7f350e25f967,0.14606741573033707,0.021335689938139123,0.1836734693877551,0.03373594335693461,0.2727272727272727,0.07438016528925619
6,8,33,24,18,174,objective_development,36,delay,2,frozen,objective_development/larger/414/a6/s2/frozen/delay/lambda8,d1f27bb0738dc479a13d85d7e195a757085a21dd9227e02324df54c5dd843c62,414,larger,a4j1,4,True,0,replace_filter,replace_filter,0aee9ba3875fc1d6c6430e84fb76954d53283a429a5f31140278970ad093d2bd,4e61844e56d33a47c790af6a2bb756f45faf34cd2e8e685e4761d50ac4ce2c50,b88c165a17f0e3ee7de4d0bea102ab66d04a492da06bc7894aed35d0d7892d6b,0.14606741573033707,0.021335689938139123,0.1836734693877551,0.03373594335693461,0.14285714285714285,0.02040816326530612
6,8,33,24,18,174,objective_development,36,delay,2,frozen,objective_development/larger/414/a6/s2/frozen/delay/lambda8,d1f27bb0738dc479a13d85d7e195a757085a21dd9227e02324df54c5dd843c62,414,larger,a1j1,1,True,0,replace_filter,replace_filter,2f4cc584f8150e1272b5fbc3e2fda941fcbb91e5267d2fb89c6541ec7c8fe10d,cf478261019f5e45db5bb32224ab86fb96c1def66dbbe8c008a2e3ce3357f7db,1de6a02bc0e0e47ae8b6a4d6c713e51056350bb8d277d72e4036a1d49e95a973,0.14606741573033707,0.021335689938139123,0.1836734693877551,0.03373594335693461,0.2727272727272727,0.07438016528925619
6,8,33,24,18,174,objective_development,36,delay,2,frozen,objective_development/larger/414/a6/s2/frozen/delay/lambda8,d1f27bb0738dc479a13d85d7e195a757085a21dd9227e02324df54c5dd843c62,414,larger,a3j1,3,True,0,reset_sensor,reset_sensor,5d50c8986a38d74fce723bb8c917160d9f8736a9fd7c64b5b36c8dbcd494bc69,a60b1cd1592cfe5c2a9bfde7c43d81188d9d4a3db7369ffd7ffb5644435ca56a,3844091649c278e235ffd3987ee11c642d228e41b3599326158b74377300ab54,0.14606741573033707,0.021335689938139123,0.1836734693877551,0.03373594335693461,0.14285714285714285,0.02040816326530612
6,8,33,24,18,174,objective_development,36,delay,2,frozen,objective_development/larger/414/a6/s2/frozen/delay/lambda8,d1f27bb0738dc479a13d85d7e195a757085a21dd9227e02324df54c5dd843c62,414,larger,a5j1,5,True,0,reset_sensor,reset_sensor,a543dd72829bf8991534973c2069341272e0448053abe76086caea9919aa345a,acbd66f9f6bd6b0a477f123932e8cff1401a52f3655ff266a8af1bec16c01d4f,8a302986033568fefa386f42a50110e1e2a7b7a504bd304b7df536f139782d6a,0.14606741573033707,0.021335689938139123,0.1836734693877551,0.03373594335693461,0.14285714285714285,0.02040816326530612
6,8,33,24,18,174,objective_development,36,delay,2,frozen,objective_development/larger/414/a6/s2/frozen/delay/lambda8,d1f27bb0738dc479a13d85d7e195a757085a21dd9227e02324df54c5dd843c62,414,larger,a0j2,0,True,0,replace_filter,replace_filter,742988c62fe780afd2cee29ca88edcc4e2b5f22ca90f07157394c0807d35f07d,70b55460c6f51a217cc9bb409e4a44023705f5baee2f024715e0ff1d6dfa5dcc,53c787c8c0657edfd6f02ded8eb8a2594cd377d11c969c3bb7553ceefe052dcd,0.14606741573033707,0.021335689938139123,0.1836734693877551,0.03373594335693461,0.7272727272727273,0.5289256198347108
6,8,33,24,18,174,objective_development,36,delay,2,frozen,objective_development/larger/414/a6/s2/frozen/delay/lambda8,d1f27bb0738dc479a13d85d7e195a757085a21dd9227e02324df54c5dd843c62,414,larger,a1j2,1,True,0,reset_sensor,reset_sensor,6db6afc9634d7c7d7c3c47fbc4f4ccd34710b7d7e72a43605bad7faee55bff29,a89e96ee2864d868bb424cdc0d8b49461892f66ec1ebd3893826acce34e04aac,7105e00c97551587ea20f0a5e6dbcc54b297251a86be2c121282e500e7bce45c,0.14606741573033707,0.021335689938139123,0.1836734693877551,0.03373594335693461,0.2727272727272727,0.07438016528925619
6,8,33,24,18,174,objective_development,36,delay,2,frozen,objective_development/larger/414/a6/s2/frozen/delay/lambda8,d1f27bb0738dc479a13d85d7e195a757085a21dd9227e02324df54c5dd843c62,414,larger,a2j2,2,True,0,replace_filter,replace_filter,44b279561ad427e6f881992a9e4923c30f2f37ef7b5b8f8265e0bfd6680dfa36,f5f8fb4a59ae4a2f85dbb392043e78fa4d8ce143fa9201d1a3e1d51109692a42,33a8c4da5fef20b0de829ac0334699756a5bc35fe8c4240f247e15a1320a9402,0.14606741573033707,0.021335689938139123,0.1836734693877551,0.03373594335693461,0.2727272727272727,0.07438016528925619
6,8,33,24,18,174,objective_development,36,delay,2,frozen,objective_development/larger/414/a6/s2/frozen/delay/lambda8,d1f27bb0738dc479a13d85d7e195a757085a21dd9227e02324df54c5dd843c62,414,larger,a3j2,3,True,1,replace_filter,replace_filter,bc0d1e2f8ebdb5ffa3817bc48d2aac1e5555e1b87accca5304882f92f28928eb,0c90e60b842cdfc41caf25d6a6399e8feb2f74130c6084cf31a79aeb7a880a62,a6b2570859c9da6a264c07b60091c11803094cd9433972ae02ff6babd2bce5c0,0.14606741573033707,0.729200858477465,0.1836734693877551,0.6663890045814245,0.14285714285714285,0.7346938775510206
6,8,33,24,18,174,objective_development,36,delay,2,frozen,objective_development/larger/414/a6/s2/frozen/delay/lambda8,d1f27bb0738dc479a13d85d7e195a757085a21dd9227e02324df54c5dd843c62,414,larger,a5j2,5,True,0,reset_sensor,reset_sensor,4b0257b33ef5c34aa2ae2fd1410baa14cc9b8046387133c3225a841cedfc8165,c8d58d7d3e4775ec8472d48358a2f6ae5686397fabbf775cbba1d8e4db17895c,97ed9d6f774eef21fece88d0cfc91029216544e3c56cbdfdead9e8f65faf4698,0.14606741573033707,0.021335689938139123,0.1836734693877551,0.03373594335693461,0.14285714285714285,0.02040816326530612
6,8,33,24,18,174,objective_development,36,delay,2,frozen,objective_development/larger/414/a6/s2/frozen/delay/lambda8,d1f27bb0738dc479a13d85d7e195a757085a21dd9227e02324df54c5dd843c62,414,larger,a4j2,4,True,1,replace_filter,replace_filter,8abde3df2c12936140b3d6dd5793c4ad4ea92deae8e470c4372ced4233ee25fc,1fb9d7a609f8900155ed06f78dff0d06b2fa09e3c165e2bdb2c5020d9f1cb447,444b9eafe94885c24d71ab2a4c68798f90011c503db287a526306be4f89ebb21,0.14606741573033707,0.729200858477465,0.1836734693877551,0.6663890045814245,0.7272727272727273,0.07438016528925619
6,0,34,24,18,174,objective_development,36,delay,2,frozen,objective_development/larger/414/a6/s2/frozen/delay/lambda0,d1f27bb0738dc479a13d85d7e195a757085a21dd9227e02324df54c5dd843c62,414,larger,a0j0,0,True,0,reset_sensor,reset_sensor,dff481f36008a6c2c0b5050757dc19a3d3ef1f0f7f4af7235b226683da0ef1d7,4ba53a8a89c90103455ecace7c538569730000d4d48a430ed6097c014e158dee,1943f144be33297e0cb997860bd0ac31bde8b2d62d7446b753961d5fc3e81181,0.14606741573033707,0.021335689938139123,0.1836734693877551,0.03373594335693461,0.14285714285714285,0.02040816326530612
6,0,34,24,18,174,objective_development,36,delay,2,frozen,objective_development/larger/414/a6/s2/frozen/delay/lambda0,d1f27bb0738dc479a13d85d7e195a757085a21dd9227e02324df54c5dd843c62,414,larger,a2j0,2,True,0,reset_sensor,reset_sensor,ccc2df55152b4a1612e4705282471dac8c97830f63149420278c085b1ce1a9b9,04c6d9c55d8c06c800f1aff7d964c840970413537b90fbc9598e1526d7850e4e,65f81967198d5bbba5f552e9ecf7adcc75131eb6dd8a0c1483a82af22fd8cc9f,0.14606741573033707,0.021335689938139123,0.1836734693877551,0.03373594335693461,0.14285714285714285,0.02040816326530612
6,0,34,24,18,174,objective_development,36,delay,2,frozen,objective_development/larger/414/a6/s2/frozen/delay/lambda0,d1f27bb0738dc479a13d85d7e195a757085a21dd9227e02324df54c5dd843c62,414,larger,a3j0,3,True,0,replace_filter,replace_filter,1643589b95b60eea07602cba886a023caed86948271396142905c768007b2147,14cc9047f7dd791a20f7452060b7f5452a7a6a3f7cfd65497358520a98685d74,bfae26dae3ae2177d56f031515f1de3e2ac2a140fd6c67c2de1ed8f717a5b76a,0.14606741573033707,0.021335689938139123,0.1836734693877551,0.03373594335693461,0.14285714285714285,0.02040816326530612
6,0,34,24,18,174,objective_development,36,delay,2,frozen,objective_development/larger/414/a6/s2/frozen/delay/lambda0,d1f27bb0738dc479a13d85d7e195a757085a21dd9227e02324df54c5dd843c62,414,larger,a5j0,5,True,0,replace_filter,replace_filter,a0e3834fcac29d718b43527ffe04e8d67b69fbb83dae33e3afe50088de845ea5,cd853fb1e730d4a96b83cebac5a929e9afd40d41a076ac6d78998fc26870f3fc,459c1993440310e8bc3cb1dff5ff5eec9c4a96a27b18c5105094a948f83a3749,0.14606741573033707,0.021335689938139123,0.1836734693877551,0.03373594335693461,0.7272727272727273,0.5289256198347108
6,0,34,24,18,174,objective_development,36,delay,2,frozen,objective_development/larger/414/a6/s2/frozen/delay/lambda0,d1f27bb0738dc479a13d85d7e195a757085a21dd9227e02324df54c5dd843c62,414,larger,a1j0,1,True,0,replace_filter,replace_filter,b3aad52f1f65b51f758d052e49832d344eefd7e2005254f38fca6b7543bbfbf7,33e9fe380034a173bf2cda29afeb3cb5882623e6e54d3c4b497084897112af66,e4e4e1c109c8ae61ca0029b46cfd0e17d886f5f304f9804ab514a6c68a96b8aa,0.14606741573033707,0.021335689938139123,0.1836734693877551,0.03373594335693461,0.2727272727272727,0.07438016528925619
6,0,34,24,18,174,objective_development,36,delay,2,frozen,objective_development/larger/414/a6/s2/frozen/delay/lambda0,d1f27bb0738dc479a13d85d7e195a757085a21dd9227e02324df54c5dd843c62,414,larger,a4j0,4,True,0,reset_sensor,reset_sensor,0a1f4a9e45f34a9f40cb3cd281a10778f6d5e58ca7db7922320ef5db0fb5d148,ed7b0984a725faaefbad1b2547a93edac4dbe972921936342ab9f6288a1283bb,2a352a9c82371f3ce10bdcb66dd69753f4db18fc617683fdea2087c2e901cf8a,0.14606741573033707,0.021335689938139123,0.1836734693877551,0.03373594335693461,0.14285714285714285,0.02040816326530612
6,0,34,24,18,174,objective_development,36,delay,2,frozen,objective_development/larger/414/a6/s2/frozen/delay/lambda0,d1f27bb0738dc479a13d85d7e195a757085a21dd9227e02324df54c5dd843c62,414,larger,a0j1,0,True,0,replace_filter,replace_filter,eeef5a41a61ed9304857a3d3ec70e25da2be9d52968e015a4eac74bb23e22eb6,e130ae243d97810290f2378b86e80dfd1029b739590b7c3f3aa5add887f399f4,e29da9d90cc4c4edd5b3b11266d2c36cb63ab77ae4329935efa3797237041bd3,0.14606741573033707,0.021335689938139123,0.1836734693877551,0.03373594335693461,0.7272727272727273,0.5289256198347108
6,0,34,24,18,174,objective_development,36,delay,2,frozen,objective_development/larger/414/a6/s2/frozen/delay/lambda0,d1f27bb0738dc479a13d85d7e195a757085a21dd9227e02324df54c5dd843c62,414,larger,a2j1,2,True,0,replace_filter,replace_filter,87c7d207d3570492acfb4e84291d5e29471cb7ef7743f66eebaf14a27bb63e37,d057bd673e03bb1329821499b7e5a70f495d2f60586847655e9ee5ab5b207c8d,dfc613282d2471369a704b9f190b6a435f1faef771db82f2f7ad7f350e25f967,0.14606741573033707,0.021335689938139123,0.1836734693877551,0.03373594335693461,0.2727272727272727,0.07438016528925619
6,0,34,24,18,174,objective_development,36,delay,2,frozen,objective_development/larger/414/a6/s2/frozen/delay/lambda0,d1f27bb0738dc479a13d85d7e195a757085a21dd9227e02324df54c5dd843c62,414,larger,a4j1,4,True,0,replace_filter,replace_filter,0aee9ba3875fc1d6c6430e84fb76954d53283a429a5f31140278970ad093d2bd,4e61844e56d33a47c790af6a2bb756f45faf34cd2e8e685e4761d50ac4ce2c50,b88c165a17f0e3ee7de4d0bea102ab66d04a492da06bc7894aed35d0d7892d6b,0.14606741573033707,0.021335689938139123,0.1836734693877551,0.03373594335693461,0.14285714285714285,0.02040816326530612
6,0,34,24,18,174,objective_development,36,delay,2,frozen,objective_development/larger/414/a6/s2/frozen/delay/lambda0,d1f27bb0738dc479a13d85d7e195a757085a21dd9227e02324df54c5dd843c62,414,larger,a1j1,1,True,0,replace_filter,replace_filter,2f4cc584f8150e1272b5fbc3e2fda941fcbb91e5267d2fb89c6541ec7c8fe10d,cf478261019f5e45db5bb32224ab86fb96c1def66dbbe8c008a2e3ce3357f7db,1de6a02bc0e0e47ae8b6a4d6c713e51056350bb8d277d72e4036a1d49e95a973,0.14606741573033707,0.021335689938139123,0.1836734693877551,0.03373594335693461,0.2727272727272727,0.07438016528925619
6,0,34,24,18,174,objective_development,36,delay,2,frozen,objective_development/larger/414/a6/s2/frozen/delay/lambda0,d1f27bb0738dc479a13d85d7e195a757085a21dd9227e02324df54c5dd843c62,414,larger,a3j1,3,True,0,reset_sensor,reset_sensor,5d50c8986a38d74fce723bb8c917160d9f8736a9fd7c64b5b36c8dbcd494bc69,a60b1cd1592cfe5c2a9bfde7c43d81188d9d4a3db7369ffd7ffb5644435ca56a,3844091649c278e235ffd3987ee11c642d228e41b3599326158b74377300ab54,0.14606741573033707,0.021335689938139123,0.1836734693877551,0.03373594335693461,0.14285714285714285,0.02040816326530612
6,0,34,24,18,174,objective_development,36,delay,2,frozen,objective_development/larger/414/a6/s2/frozen/delay/lambda0,d1f27bb0738dc479a13d85d7e195a757085a21dd9227e02324df54c5dd843c62,414,larger,a5j1,5,True,0,reset_sensor,reset_sensor,a543dd72829bf8991534973c2069341272e0448053abe76086caea9919aa345a,acbd66f9f6bd6b0a477f123932e8cff1401a52f3655ff266a8af1bec16c01d4f,8a302986033568fefa386f42a50110e1e2a7b7a504bd304b7df536f139782d6a,0.14606741573033707,0.021335689938139123,0.1836734693877551,0.03373594335693461,0.14285714285714285,0.02040816326530612
6,0,34,24,18,174,objective_development,36,delay,2,frozen,objective_development/larger/414/a6/s2/frozen/delay/lambda0,d1f27bb0738dc479a13d85d7e195a757085a21dd9227e02324df54c5dd843c62,414,larger,a0j2,0,True,0,replace_filter,replace_filter,742988c62fe780afd2cee29ca88edcc4e2b5f22ca90f07157394c0807d35f07d,70b55460c6f51a217cc9bb409e4a44023705f5baee2f024715e0ff1d6dfa5dcc,53c787c8c0657edfd6f02ded8eb8a2594cd377d11c969c3bb7553ceefe052dcd,0.14606741573033707,0.021335689938139123,0.1836734693877551,0.03373594335693461,0.7272727272727273,0.5289256198347108
6,0,34,24,18,174,objective_development,36,delay,2,frozen,objective_development/larger/414/a6/s2/frozen/delay/lambda0,d1f27bb0738dc479a13d85d7e195a757085a21dd9227e02324df54c5dd843c62,414,larger,a1j2,1,True,0,reset_sensor,reset_sensor,6db6afc9634d7c7d7c3c47fbc4f4ccd34710b7d7e72a43605bad7faee55bff29,a89e96ee2864d868bb424cdc0d8b49461892f66ec1ebd3893826acce34e04aac,7105e00c97551587ea20f0a5e6dbcc54b297251a86be2c121282e500e7bce45c,0.14606741573033707,0.021335689938139123,0.1836734693877551,0.03373594335693461,0.2727272727272727,0.07438016528925619
6,0,34,24,18,174,objective_development,36,delay,2,frozen,objective_development/larger/414/a6/s2/frozen/delay/lambda0,d1f27bb0738dc479a13d85d7e195a757085a21dd9227e02324df54c5dd843c62,414,larger,a2j2,2,True,0,replace_filter,replace_filter,44b279561ad427e6f881992a9e4923c30f2f37ef7b5b8f8265e0bfd6680dfa36,f5f8fb4a59ae4a2f85dbb392043e78fa4d8ce143fa9201d1a3e1d51109692a42,33a8c4da5fef20b0de829ac0334699756a5bc35fe8c4240f247e15a1320a9402,0.14606741573033707,0.021335689938139123,0.1836734693877551,0.03373594335693461,0.2727272727272727,0.07438016528925619
6,0,34,24,18,174,objective_development,36,delay,2,frozen,objective_development/larger/414/a6/s2/frozen/delay/lambda0,d1f27bb0738dc479a13d85d7e195a757085a21dd9227e02324df54c5dd843c62,414,larger,a3j2,3,True,1,replace_filter,replace_filter,bc0d1e2f8ebdb5ffa3817bc48d2aac1e5555e1b87accca5304882f92f28928eb,0c90e60b842cdfc41caf25d6a6399e8feb2f74130c6084cf31a79aeb7a880a62,a6b2570859c9da6a264c07b60091c11803094cd9433972ae02ff6babd2bce5c0,0.14606741573033707,0.729200858477465,0.1836734693877551,0.6663890045814245,0.14285714285714285,0.7346938775510206
6,0,34,24,18,174,objective_development,36,delay,2,frozen,objective_development/larger/414/a6/s2/frozen/delay/lambda0,d1f27bb0738dc479a13d85d7e195a757085a21dd9227e02324df54c5dd843c62,414,larger,a5j2,5,True,0,reset_sensor,reset_sensor,4b0257b33ef5c34aa2ae2fd1410baa14cc9b8046387133c3225a841cedfc8165,c8d58d7d3e4775ec8472d48358a2f6ae5686397fabbf775cbba1d8e4db17895c,97ed9d6f774eef21fece88d0cfc91029216544e3c56cbdfdead9e8f65faf4698,0.14606741573033707,0.021335689938139123,0.1836734693877551,0.03373594335693461,0.14285714285714285,0.02040816326530612
6,0,34,24,18,174,objective_development,36,delay,2,frozen,objective_development/larger/414/a6/s2/frozen/delay/lambda0,d1f27bb0738dc479a13d85d7e195a757085a21dd9227e02324df54c5dd843c62,414,larger,a4j2,4,True,1,replace_filter,replace_filter,8abde3df2c12936140b3d6dd5793c4ad4ea92deae8e470c4372ced4233ee25fc,1fb9d7a609f8900155ed06f78dff0d06b2fa09e3c165e2bdb2c5020d9f1cb447,444b9eafe94885c24d71ab2a4c68798f90011c503db287a526306be4f89ebb21,0.14606741573033707,0.729200858477465,0.1836734693877551,0.6663890045814245,0.7272727272727273,0.07438016528925619
6,4,35,24,18,174,objective_development,36,delay,2,frozen,objective_development/larger/414/a6/s2/frozen/delay/lambda4,d1f27bb0738dc479a13d85d7e195a757085a21dd9227e02324df54c5dd843c62,414,larger,a0j0,0,True,0,reset_sensor,reset_sensor,dff481f36008a6c2c0b5050757dc19a3d3ef1f0f7f4af7235b226683da0ef1d7,4ba53a8a89c90103455ecace7c538569730000d4d48a430ed6097c014e158dee,1943f144be33297e0cb997860bd0ac31bde8b2d62d7446b753961d5fc3e81181,0.14606741573033707,0.021335689938139123,0.1836734693877551,0.03373594335693461,0.14285714285714285,0.02040816326530612
6,4,35,24,18,174,objective_development,36,delay,2,frozen,objective_development/larger/414/a6/s2/frozen/delay/lambda4,d1f27bb0738dc479a13d85d7e195a757085a21dd9227e02324df54c5dd843c62,414,larger,a2j0,2,True,0,reset_sensor,reset_sensor,ccc2df55152b4a1612e4705282471dac8c97830f63149420278c085b1ce1a9b9,04c6d9c55d8c06c800f1aff7d964c840970413537b90fbc9598e1526d7850e4e,65f81967198d5bbba5f552e9ecf7adcc75131eb6dd8a0c1483a82af22fd8cc9f,0.14606741573033707,0.021335689938139123,0.1836734693877551,0.03373594335693461,0.14285714285714285,0.02040816326530612
6,4,35,24,18,174,objective_development,36,delay,2,frozen,objective_development/larger/414/a6/s2/frozen/delay/lambda4,d1f27bb0738dc479a13d85d7e195a757085a21dd9227e02324df54c5dd843c62,414,larger,a3j0,3,True,0,replace_filter,replace_filter,1643589b95b60eea07602cba886a023caed86948271396142905c768007b2147,14cc9047f7dd791a20f7452060b7f5452a7a6a3f7cfd65497358520a98685d74,bfae26dae3ae2177d56f031515f1de3e2ac2a140fd6c67c2de1ed8f717a5b76a,0.14606741573033707,0.021335689938139123,0.1836734693877551,0.03373594335693461,0.14285714285714285,0.02040816326530612
6,4,35,24,18,174,objective_development,36,delay,2,frozen,objective_development/larger/414/a6/s2/frozen/delay/lambda4,d1f27bb0738dc479a13d85d7e195a757085a21dd9227e02324df54c5dd843c62,414,larger,a5j0,5,True,0,replace_filter,replace_filter,a0e3834fcac29d718b43527ffe04e8d67b69fbb83dae33e3afe50088de845ea5,cd853fb1e730d4a96b83cebac5a929e9afd40d41a076ac6d78998fc26870f3fc,459c1993440310e8bc3cb1dff5ff5eec9c4a96a27b18c5105094a948f83a3749,0.14606741573033707,0.021335689938139123,0.1836734693877551,0.03373594335693461,0.7272727272727273,0.5289256198347108
6,4,35,24,18,174,objective_development,36,delay,2,frozen,objective_development/larger/414/a6/s2/frozen/delay/lambda4,d1f27bb0738dc479a13d85d7e195a757085a21dd9227e02324df54c5dd843c62,414,larger,a1j0,1,True,0,replace_filter,replace_filter,b3aad52f1f65b51f758d052e49832d344eefd7e2005254f38fca6b7543bbfbf7,33e9fe380034a173bf2cda29afeb3cb5882623e6e54d3c4b497084897112af66,e4e4e1c109c8ae61ca0029b46cfd0e17d886f5f304f9804ab514a6c68a96b8aa,0.14606741573033707,0.021335689938139123,0.1836734693877551,0.03373594335693461,0.2727272727272727,0.07438016528925619
6,4,35,24,18,174,objective_development,36,delay,2,frozen,objective_development/larger/414/a6/s2/frozen/delay/lambda4,d1f27bb0738dc479a13d85d7e195a757085a21dd9227e02324df54c5dd843c62,414,larger,a4j0,4,True,0,reset_sensor,reset_sensor,0a1f4a9e45f34a9f40cb3cd281a10778f6d5e58ca7db7922320ef5db0fb5d148,ed7b0984a725faaefbad1b2547a93edac4dbe972921936342ab9f6288a1283bb,2a352a9c82371f3ce10bdcb66dd69753f4db18fc617683fdea2087c2e901cf8a,0.14606741573033707,0.021335689938139123,0.1836734693877551,0.03373594335693461,0.14285714285714285,0.02040816326530612
6,4,35,24,18,174,objective_development,36,delay,2,frozen,objective_development/larger/414/a6/s2/frozen/delay/lambda4,d1f27bb0738dc479a13d85d7e195a757085a21dd9227e02324df54c5dd843c62,414,larger,a0j1,0,True,0,replace_filter,replace_filter,eeef5a41a61ed9304857a3d3ec70e25da2be9d52968e015a4eac74bb23e22eb6,e130ae243d97810290f2378b86e80dfd1029b739590b7c3f3aa5add887f399f4,e29da9d90cc4c4edd5b3b11266d2c36cb63ab77ae4329935efa3797237041bd3,0.14606741573033707,0.021335689938139123,0.1836734693877551,0.03373594335693461,0.7272727272727273,0.5289256198347108
6,4,35,24,18,174,objective_development,36,delay,2,frozen,objective_development/larger/414/a6/s2/frozen/delay/lambda4,d1f27bb0738dc479a13d85d7e195a757085a21dd9227e02324df54c5dd843c62,414,larger,a2j1,2,True,0,replace_filter,replace_filter,87c7d207d3570492acfb4e84291d5e29471cb7ef7743f66eebaf14a27bb63e37,d057bd673e03bb1329821499b7e5a70f495d2f60586847655e9ee5ab5b207c8d,dfc613282d2471369a704b9f190b6a435f1faef771db82f2f7ad7f350e25f967,0.14606741573033707,0.021335689938139123,0.1836734693877551,0.03373594335693461,0.2727272727272727,0.07438016528925619
6,4,35,24,18,174,objective_development,36,delay,2,frozen,objective_development/larger/414/a6/s2/frozen/delay/lambda4,d1f27bb0738dc479a13d85d7e195a757085a21dd9227e02324df54c5dd843c62,414,larger,a4j1,4,True,0,replace_filter,replace_filter,0aee9ba3875fc1d6c6430e84fb76954d53283a429a5f31140278970ad093d2bd,4e61844e56d33a47c790af6a2bb756f45faf34cd2e8e685e4761d50ac4ce2c50,b88c165a17f0e3ee7de4d0bea102ab66d04a492da06bc7894aed35d0d7892d6b,0.14606741573033707,0.021335689938139123,0.1836734693877551,0.03373594335693461,0.14285714285714285,0.02040816326530612
6,4,35,24,18,174,objective_development,36,delay,2,frozen,objective_development/larger/414/a6/s2/frozen/delay/lambda4,d1f27bb0738dc479a13d85d7e195a757085a21dd9227e02324df54c5dd843c62,414,larger,a1j1,1,True,0,replace_filter,replace_filter,2f4cc584f8150e1272b5fbc3e2fda941fcbb91e5267d2fb89c6541ec7c8fe10d,cf478261019f5e45db5bb32224ab86fb96c1def66dbbe8c008a2e3ce3357f7db,1de6a02bc0e0e47ae8b6a4d6c713e51056350bb8d277d72e4036a1d49e95a973,0.14606741573033707,0.021335689938139123,0.1836734693877551,0.03373594335693461,0.2727272727272727,0.07438016528925619
6,4,35,24,18,174,objective_development,36,delay,2,frozen,objective_development/larger/414/a6/s2/frozen/delay/lambda4,d1f27bb0738dc479a13d85d7e195a757085a21dd9227e02324df54c5dd843c62,414,larger,a3j1,3,True,0,reset_sensor,reset_sensor,5d50c8986a38d74fce723bb8c917160d9f8736a9fd7c64b5b36c8dbcd494bc69,a60b1cd1592cfe5c2a9bfde7c43d81188d9d4a3db7369ffd7ffb5644435ca56a,3844091649c278e235ffd3987ee11c642d228e41b3599326158b74377300ab54,0.14606741573033707,0.021335689938139123,0.1836734693877551,0.03373594335693461,0.14285714285714285,0.02040816326530612
6,4,35,24,18,174,objective_development,36,delay,2,frozen,objective_development/larger/414/a6/s2/frozen/delay/lambda4,d1f27bb0738dc479a13d85d7e195a757085a21dd9227e02324df54c5dd843c62,414,larger,a5j1,5,True,0,reset_sensor,reset_sensor,a543dd72829bf8991534973c2069341272e0448053abe76086caea9919aa345a,acbd66f9f6bd6b0a477f123932e8cff1401a52f3655ff266a8af1bec16c01d4f,8a302986033568fefa386f42a50110e1e2a7b7a504bd304b7df536f139782d6a,0.14606741573033707,0.021335689938139123,0.1836734693877551,0.03373594335693461,0.14285714285714285,0.02040816326530612
6,4,35,24,18,174,objective_development,36,delay,2,frozen,objective_development/larger/414/a6/s2/frozen/delay/lambda4,d1f27bb0738dc479a13d85d7e195a757085a21dd9227e02324df54c5dd843c62,414,larger,a0j2,0,True,0,replace_filter,replace_filter,742988c62fe780afd2cee29ca88edcc4e2b5f22ca90f07157394c0807d35f07d,70b55460c6f51a217cc9bb409e4a44023705f5baee2f024715e0ff1d6dfa5dcc,53c787c8c0657edfd6f02ded8eb8a2594cd377d11c969c3bb7553ceefe052dcd,0.14606741573033707,0.021335689938139123,0.1836734693877551,0.03373594335693461,0.7272727272727273,0.5289256198347108
6,4,35,24,18,174,objective_development,36,delay,2,frozen,objective_development/larger/414/a6/s2/frozen/delay/lambda4,d1f27bb0738dc479a13d85d7e195a757085a21dd9227e02324df54c5dd843c62,414,larger,a1j2,1,True,0,reset_sensor,reset_sensor,6db6afc9634d7c7d7c3c47fbc4f4ccd34710b7d7e72a43605bad7faee55bff29,a89e96ee2864d868bb424cdc0d8b49461892f66ec1ebd3893826acce34e04aac,7105e00c97551587ea20f0a5e6dbcc54b297251a86be2c121282e500e7bce45c,0.14606741573033707,0.021335689938139123,0.1836734693877551,0.03373594335693461,0.2727272727272727,0.07438016528925619
6,4,35,24,18,174,objective_development,36,delay,2,frozen,objective_development/larger/414/a6/s2/frozen/delay/lambda4,d1f27bb0738dc479a13d85d7e195a757085a21dd9227e02324df54c5dd843c62,414,larger,a2j2,2,True,0,replace_filter,replace_filter,44b279561ad427e6f881992a9e4923c30f2f37ef7b5b8f8265e0bfd6680dfa36,f5f8fb4a59ae4a2f85dbb392043e78fa4d8ce143fa9201d1a3e1d51109692a42,33a8c4da5fef20b0de829ac0334699756a5bc35fe8c4240f247e15a1320a9402,0.14606741573033707,0.021335689938139123,0.1836734693877551,0.03373594335693461,0.2727272727272727,0.07438016528925619
6,4,35,24,18,174,objective_development,36,delay,2,frozen,objective_development/larger/414/a6/s2/frozen/delay/lambda4,d1f27bb0738dc479a13d85d7e195a757085a21dd9227e02324df54c5dd843c62,414,larger,a3j2,3,True,1,replace_filter,replace_filter,bc0d1e2f8ebdb5ffa3817bc48d2aac1e5555e1b87accca5304882f92f28928eb,0c90e60b842cdfc41caf25d6a6399e8feb2f74130c6084cf31a79aeb7a880a62,a6b2570859c9da6a264c07b60091c11803094cd9433972ae02ff6babd2bce5c0,0.14606741573033707,0.729200858477465,0.1836734693877551,0.6663890045814245,0.14285714285714285,0.7346938775510206
6,4,35,24,18,174,objective_development,36,delay,2,frozen,objective_development/larger/414/a6/s2/frozen/delay/lambda4,d1f27bb0738dc479a13d85d7e195a757085a21dd9227e02324df54c5dd843c62,414,larger,a5j2,5,True,0,reset_sensor,reset_sensor,4b0257b33ef5c34aa2ae2fd1410baa14cc9b8046387133c3225a841cedfc8165,c8d58d7d3e4775ec8472d48358a2f6ae5686397fabbf775cbba1d8e4db17895c,97ed9d6f774eef21fece88d0cfc91029216544e3c56cbdfdead9e8f65faf4698,0.14606741573033707,0.021335689938139123,0.1836734693877551,0.03373594335693461,0.14285714285714285,0.02040816326530612
6,4,35,24,18,174,objective_development,36,delay,2,frozen,objective_development/larger/414/a6/s2/frozen/delay/lambda4,d1f27bb0738dc479a13d85d7e195a757085a21dd9227e02324df54c5dd843c62,414,larger,a4j2,4,True,1,replace_filter,replace_filter,8abde3df2c12936140b3d6dd5793c4ad4ea92deae8e470c4372ced4233ee25fc,1fb9d7a609f8900155ed06f78dff0d06b2fa09e3c165e2bdb2c5020d9f1cb447,444b9eafe94885c24d71ab2a4c68798f90011c503db287a526306be4f89ebb21,0.14606741573033707,0.729200858477465,0.1836734693877551,0.6663890045814245,0.7272727272727273,0.07438016528925619
6,0,36,24,18,190,objective_development,36,delay,2,frozen,objective_development/larger/415/a6/s2/frozen/delay/lambda0,e4a07cf697ff1b64ef09c77c6e1b782648685e69f925968e912feb4b11ef53a8,415,larger,a2j0,2,True,0,replace_filter,replace_filter,37b13bac2a002b9963bb4e61e510f6fbda7f9ff15d2a65bff5e5ff4532ac3c16,95d1564eea87ef0e1ab4bd76d0539c1064907c9735db295617a070bf56cbb9a5,33633db0087d26dc13e74e5bf737d861850def509e5d808f6cb63685ee1cb2a9,0.14606741573033707,0.021335689938139123,0.1836734693877551,0.03373594335693461,0.14285714285714285,0.02040816326530612
6,0,36,24,18,190,objective_development,36,delay,2,frozen,objective_development/larger/415/a6/s2/frozen/delay/lambda0,e4a07cf697ff1b64ef09c77c6e1b782648685e69f925968e912feb4b11ef53a8,415,larger,a3j0,3,False,0,replace_filter,reset_sensor,0f7f3694c1108b3b11a45edcf5e47a1780c42fdfd0f98ab0aee54cb2d707f3c1,e71b94fbf8b1cb589f1d06f1ec0cc4b55ea712b21ca6d136aab4e11ba13f2280,28e3ccc8c18e65fcdcd536fb70247b42e2e332cfcb32ea106b9cfc3e73c6ac7d,0.1836734693877551,0.03373594335693461,0.1836734693877551,0.03373594335693461,0.7272727272727273,0.5289256198347108
6,0,36,24,18,190,objective_development,36,delay,2,frozen,objective_development/larger/415/a6/s2/frozen/delay/lambda0,e4a07cf697ff1b64ef09c77c6e1b782648685e69f925968e912feb4b11ef53a8,415,larger,a4j0,4,True,0,replace_filter,replace_filter,52039f7ba35571fff6ee1ae65e1048e220e064f8540ac9009e851c347b146860,d7e940fd7ed4655659702e5bd24b3f188db3ef02455dbd0addf04bacb9a3ccc2,aaf048b316d10f7c44e3e2ceccf3ecff67a48fef5f4500e3971d10a81407f651,0.14606741573033707,0.021335689938139123,0.1836734693877551,0.03373594335693461,0.2727272727272727,0.07438016528925619
6,0,36,24,18,190,objective_development,36,delay,2,frozen,objective_development/larger/415/a6/s2/frozen/delay/lambda0,e4a07cf697ff1b64ef09c77c6e1b782648685e69f925968e912feb4b11ef53a8,415,larger,a0j0,0,True,0,replace_filter,replace_filter,428648c0a442a3e0ca017162a76944e253124bf7cadd85a0b835aefba243e842,f2523c8bf1b2b357bd0d6f5956951ff5c9ee281fc6500648ff324ac4445db8da,216bda82eb6fd49e870b4ae042ad390312fc70bc9fcf59d4f118cefc1dfba880,0.14606741573033707,0.021335689938139123,0.1836734693877551,0.03373594335693461,0.2727272727272727,0.07438016528925619
6,0,36,24,18,190,objective_development,36,delay,2,frozen,objective_development/larger/415/a6/s2/frozen/delay/lambda0,e4a07cf697ff1b64ef09c77c6e1b782648685e69f925968e912feb4b11ef53a8,415,larger,a1j0,1,True,1,replace_filter,replace_filter,240cfaa08b720adae8de87629feedd98e4960486b7d1b86484d8da7d54b852f6,fb62c27d3ca3adf322c188429854aedcd91f8b882c6929b82168d78272ecbbe0,fe3dc15b33983387fed27ec7539e345f0c7c29f524e315f9b742e293dfb29c84,0.14606741573033707,0.729200858477465,0.1836734693877551,0.6663890045814245,0.7272727272727273,0.07438016528925619
6,0,36,24,18,190,objective_development,36,delay,2,frozen,objective_development/larger/415/a6/s2/frozen/delay/lambda0,e4a07cf697ff1b64ef09c77c6e1b782648685e69f925968e912feb4b11ef53a8,415,larger,a5j0,5,True,0,replace_filter,replace_filter,f79db941e2e79c33cd33b778c995d33be7ee3969a5d8c679b3e72bc235e9bb5e,e5422016f990282d0be73f10eb0494dca8911b44558dc56e95afeb49fb2515d8,c645ec7d6f2c0de21c5df55a9b10b5625c219eb61cc85b9846c385c23164e515,0.14606741573033707,0.021335689938139123,0.1836734693877551,0.03373594335693461,0.2727272727272727,0.07438016528925619
6,0,36,24,18,190,objective_development,36,delay,2,frozen,objective_development/larger/415/a6/s2/frozen/delay/lambda0,e4a07cf697ff1b64ef09c77c6e1b782648685e69f925968e912feb4b11ef53a8,415,larger,a1j1,1,True,0,replace_filter,replace_filter,4551237503d6d025d408d90d090ed8854eb42085ddeb814a262ac21f2932ddf5,bb0effc4a87cf26ea9b2ca9f169ccc6a48f2c8a6303045f2cef87bd7d0b81992,849184a8d2cffd102eac67dab8362c2bf049c0952be525a7ea8ac5a9be2fe24c,0.14606741573033707,0.021335689938139123,0.1836734693877551,0.03373594335693461,0.2727272727272727,0.07438016528925619
6,0,36,24,18,190,objective_development,36,delay,2,frozen,objective_development/larger/415/a6/s2/frozen/delay/lambda0,e4a07cf697ff1b64ef09c77c6e1b782648685e69f925968e912feb4b11ef53a8,415,larger,a5j1,5,True,0,replace_filter,replace_filter,9333d004fa8b102e53b76b660a1f58256928a2a7ad0dd303f7908839e80d17f1,7208ed4ec397151bdbb265a7895fddb1caffa23cb482bfa31e74f3ce44f4d8ff,520f3358c4f3fe55d40cf3ee8a9c6ac85e3a6a84a7142fc5555c4ce4938081e7,0.14606741573033707,0.021335689938139123,0.1836734693877551,0.03373594335693461,0.7272727272727273,0.5289256198347108
6,0,36,24,18,190,objective_development,36,delay,2,frozen,objective_development/larger/415/a6/s2/frozen/delay/lambda0,e4a07cf697ff1b64ef09c77c6e1b782648685e69f925968e912feb4b11ef53a8,415,larger,a0j1,0,True,0,reset_sensor,reset_sensor,98c04ad4d52cfafbc0dd1f26c916f3b6aaa524816c505a3c1c88e70dea78aeb7,b15b1a5b5816c13aacc731723f64796528eb90ee075a4842055f95e798449a93,6172a4e774e854a772be0e599c3d8cad93cbd9492c6571f9c47e2035e8feb471,0.14606741573033707,0.021335689938139123,0.1836734693877551,0.03373594335693461,0.14285714285714285,0.02040816326530612
6,0,36,24,18,190,objective_development,36,delay,2,frozen,objective_development/larger/415/a6/s2/frozen/delay/lambda0,e4a07cf697ff1b64ef09c77c6e1b782648685e69f925968e912feb4b11ef53a8,415,larger,a2j1,2,True,0,replace_filter,replace_filter,962e6969267c09ce236b1d7f1b4f8d6bbde2355a76e2f23b7845a4bfc2202324,8daef75c489c15b41609c9eab7d669e266b5d52316d0207300be9c9315e41c79,06ddf0c910caa3ca2e24306450ce4e88b24ecbd737667c2b7361e2199a04a774,0.14606741573033707,0.021335689938139123,0.1836734693877551,0.03373594335693461,0.2727272727272727,0.07438016528925619
6,0,36,24,18,190,objective_development,36,delay,2,frozen,objective_development/larger/415/a6/s2/frozen/delay/lambda0,e4a07cf697ff1b64ef09c77c6e1b782648685e69f925968e912feb4b11ef53a8,415,larger,a3j1,3,True,0,reset_sensor,reset_sensor,55c04b8b4ea4a528ba4655869a689a7b1ffb9b1f786076bba132709da34ea01a,7122a3a68104010131909f7564b130ec74f6c264907d30890ace84d1454a91b7,e1a8c9d3569ee338ac46e902f2431e434d048aaefac50a777544950c0c40b528,0.14606741573033707,0.021335689938139123,0.1836734693877551,0.03373594335693461,0.14285714285714285,0.02040816326530612
6,0,36,24,18,190,objective_development,36,delay,2,frozen,objective_development/larger/415/a6/s2/frozen/delay/lambda0,e4a07cf697ff1b64ef09c77c6e1b782648685e69f925968e912feb4b11ef53a8,415,larger,a4j1,4,True,0,replace_filter,replace_filter,dc4eaa6048a82a4e40dc87ba6d9f2497a1f504df0b0ef38589dee8a1a961d7ad,71a940b80d1dd6ca424c025a00e301869f45a18210cb5a411656c06634a7f90f,91828fbdf3ab3e7ccd7905e01578dfa3fff54c5a218fd0b07e93e741a5acb352,0.14606741573033707,0.021335689938139123,0.1836734693877551,0.03373594335693461,0.14285714285714285,0.02040816326530612
6,0,36,24,18,190,objective_development,36,delay,2,frozen,objective_development/larger/415/a6/s2/frozen/delay/lambda0,e4a07cf697ff1b64ef09c77c6e1b782648685e69f925968e912feb4b11ef53a8,415,larger,a0j2,0,True,1,replace_filter,replace_filter,b6ab3c0fed61222f7b5d9aded06f9b867c916ecd533fc3bf15d1953a388bf9e7,0429ea0dbade216ed92e83c16a0ff80fa7a734416467644e02058a5d508f2ca0,d5997a6520cb8b8e8dfc9294528b5412d8e57da51eb3473952ab1dbcc5844cc1,0.14606741573033707,0.729200858477465,0.1836734693877551,0.6663890045814245,0.14285714285714285,0.7346938775510206
6,0,36,24,18,190,objective_development,36,delay,2,frozen,objective_development/larger/415/a6/s2/frozen/delay/lambda0,e4a07cf697ff1b64ef09c77c6e1b782648685e69f925968e912feb4b11ef53a8,415,larger,a1j2,1,True,0,reset_sensor,reset_sensor,6b0a55f102c768288760ed3b5e736cdbebfd18463fe05cb0e725961f8d55eebd,6bc0fb121c84c5c7c987ddcf4fd42650024b55ddc9471228c3e33c1bbac6e5bc,2d92faffa523d0901c99fe4587f87eb7467e77cb9fbed6d07859da6e3529aac8,0.14606741573033707,0.021335689938139123,0.1836734693877551,0.03373594335693461,0.2727272727272727,0.07438016528925619
6,0,36,24,18,190,objective_development,36,delay,2,frozen,objective_development/larger/415/a6/s2/frozen/delay/lambda0,e4a07cf697ff1b64ef09c77c6e1b782648685e69f925968e912feb4b11ef53a8,415,larger,a5j2,5,True,1,replace_filter,replace_filter,77a4055a9c518e9aeea7f4cf48dd86fdee67e0f844ae8026d15e3f19eeeeb791,e67055e0abbc7b556dd60a887a2fa3ff89416efcbe6b6369a34d47646c89905a,6c75bb9eea5f6703b57714290ab680c61e7b29fd150e750233f41ecee6d21867,0.14606741573033707,0.729200858477465,0.1836734693877551,0.6663890045814245,0.14285714285714285,0.7346938775510206
6,0,36,24,18,190,objective_development,36,delay,2,frozen,objective_development/larger/415/a6/s2/frozen/delay/lambda0,e4a07cf697ff1b64ef09c77c6e1b782648685e69f925968e912feb4b11ef53a8,415,larger,a2j2,2,True,0,replace_filter,replace_filter,046ffeea21aba9941da3e3619d7c5979c61697012fb967667235c166a1ea2b87,39701dd3f28c0d74d713c63fb36ab72d8838d7e2c70af233c4d14824618518b4,2778cf043e1d4aa88e510f6ee0a08f23cbfaab4d3f8f0030cc65af6196db5669,0.14606741573033707,0.021335689938139123,0.1836734693877551,0.03373594335693461,0.7272727272727273,0.5289256198347108
6,0,36,24,18,190,objective_development,36,delay,2,frozen,objective_development/larger/415/a6/s2/frozen/delay/lambda0,e4a07cf697ff1b64ef09c77c6e1b782648685e69f925968e912feb4b11ef53a8,415,larger,a3j2,3,True,0,replace_filter,replace_filter,b48f095ee1a3a3ccfbf200783f45860e433310681919bf5a98d0ffea9fc8eadc,4ec6ce98c8dbbf682528aaa92a732fb33a03e96d48c480b49c8495a1627d1a9d,33c98c6ec05b958e4294cf7b97973abcb800ea12c9fecb1460830e98a4162f61,0.14606741573033707,0.021335689938139123,0.1836734693877551,0.03373594335693461,0.14285714285714285,0.02040816326530612
6,0,36,24,18,190,objective_development,36,delay,2,frozen,objective_development/larger/415/a6/s2/frozen/delay/lambda0,e4a07cf697ff1b64ef09c77c6e1b782648685e69f925968e912feb4b11ef53a8,415,larger,a4j2,4,True,1,reset_sensor,reset_sensor,3522317eecc6a076095c0cb526a1c8cc23cffffd447f036712abf760df86f9f7,d7f3dda8001d35939d72932b8fc0c5daa5ed7c98b5175718ded2547b3c4bf2b8,749db15046f05c23532599673e2c5e6a9ad869965402815ecacebf79ab56dcd0,0.14606741573033707,0.729200858477465,0.1836734693877551,0.6663890045814245,0.14285714285714285,0.7346938775510206
6,4,37,24,18,190,objective_development,36,delay,2,frozen,objective_development/larger/415/a6/s2/frozen/delay/lambda4,e4a07cf697ff1b64ef09c77c6e1b782648685e69f925968e912feb4b11ef53a8,415,larger,a2j0,2,True,0,replace_filter,replace_filter,37b13bac2a002b9963bb4e61e510f6fbda7f9ff15d2a65bff5e5ff4532ac3c16,95d1564eea87ef0e1ab4bd76d0539c1064907c9735db295617a070bf56cbb9a5,33633db0087d26dc13e74e5bf737d861850def509e5d808f6cb63685ee1cb2a9,0.14606741573033707,0.021335689938139123,0.1836734693877551,0.03373594335693461,0.14285714285714285,0.02040816326530612
6,4,37,24,18,190,objective_development,36,delay,2,frozen,objective_development/larger/415/a6/s2/frozen/delay/lambda4,e4a07cf697ff1b64ef09c77c6e1b782648685e69f925968e912feb4b11ef53a8,415,larger,a3j0,3,False,0,replace_filter,reset_sensor,0f7f3694c1108b3b11a45edcf5e47a1780c42fdfd0f98ab0aee54cb2d707f3c1,e71b94fbf8b1cb589f1d06f1ec0cc4b55ea712b21ca6d136aab4e11ba13f2280,28e3ccc8c18e65fcdcd536fb70247b42e2e332cfcb32ea106b9cfc3e73c6ac7d,0.1836734693877551,0.03373594335693461,0.1836734693877551,0.03373594335693461,0.7272727272727273,0.5289256198347108
6,4,37,24,18,190,objective_development,36,delay,2,frozen,objective_development/larger/415/a6/s2/frozen/delay/lambda4,e4a07cf697ff1b64ef09c77c6e1b782648685e69f925968e912feb4b11ef53a8,415,larger,a4j0,4,True,0,replace_filter,replace_filter,52039f7ba35571fff6ee1ae65e1048e220e064f8540ac9009e851c347b146860,d7e940fd7ed4655659702e5bd24b3f188db3ef02455dbd0addf04bacb9a3ccc2,aaf048b316d10f7c44e3e2ceccf3ecff67a48fef5f4500e3971d10a81407f651,0.14606741573033707,0.021335689938139123,0.1836734693877551,0.03373594335693461,0.2727272727272727,0.07438016528925619
6,4,37,24,18,190,objective_development,36,delay,2,frozen,objective_development/larger/415/a6/s2/frozen/delay/lambda4,e4a07cf697ff1b64ef09c77c6e1b782648685e69f925968e912feb4b11ef53a8,415,larger,a0j0,0,True,0,replace_filter,replace_filter,428648c0a442a3e0ca017162a76944e253124bf7cadd85a0b835aefba243e842,f2523c8bf1b2b357bd0d6f5956951ff5c9ee281fc6500648ff324ac4445db8da,216bda82eb6fd49e870b4ae042ad390312fc70bc9fcf59d4f118cefc1dfba880,0.14606741573033707,0.021335689938139123,0.1836734693877551,0.03373594335693461,0.2727272727272727,0.07438016528925619
6,4,37,24,18,190,objective_development,36,delay,2,frozen,objective_development/larger/415/a6/s2/frozen/delay/lambda4,e4a07cf697ff1b64ef09c77c6e1b782648685e69f925968e912feb4b11ef53a8,415,larger,a1j0,1,True,1,replace_filter,replace_filter,240cfaa08b720adae8de87629feedd98e4960486b7d1b86484d8da7d54b852f6,fb62c27d3ca3adf322c188429854aedcd91f8b882c6929b82168d78272ecbbe0,fe3dc15b33983387fed27ec7539e345f0c7c29f524e315f9b742e293dfb29c84,0.14606741573033707,0.729200858477465,0.1836734693877551,0.6663890045814245,0.7272727272727273,0.07438016528925619
6,4,37,24,18,190,objective_development,36,delay,2,frozen,objective_development/larger/415/a6/s2/frozen/delay/lambda4,e4a07cf697ff1b64ef09c77c6e1b782648685e69f925968e912feb4b11ef53a8,415,larger,a5j0,5,True,0,replace_filter,replace_filter,f79db941e2e79c33cd33b778c995d33be7ee3969a5d8c679b3e72bc235e9bb5e,e5422016f990282d0be73f10eb0494dca8911b44558dc56e95afeb49fb2515d8,c645ec7d6f2c0de21c5df55a9b10b5625c219eb61cc85b9846c385c23164e515,0.14606741573033707,0.021335689938139123,0.1836734693877551,0.03373594335693461,0.2727272727272727,0.07438016528925619
6,4,37,24,18,190,objective_development,36,delay,2,frozen,objective_development/larger/415/a6/s2/frozen/delay/lambda4,e4a07cf697ff1b64ef09c77c6e1b782648685e69f925968e912feb4b11ef53a8,415,larger,a1j1,1,True,0,replace_filter,replace_filter,4551237503d6d025d408d90d090ed8854eb42085ddeb814a262ac21f2932ddf5,bb0effc4a87cf26ea9b2ca9f169ccc6a48f2c8a6303045f2cef87bd7d0b81992,849184a8d2cffd102eac67dab8362c2bf049c0952be525a7ea8ac5a9be2fe24c,0.14606741573033707,0.021335689938139123,0.1836734693877551,0.03373594335693461,0.2727272727272727,0.07438016528925619
6,4,37,24,18,190,objective_development,36,delay,2,frozen,objective_development/larger/415/a6/s2/frozen/delay/lambda4,e4a07cf697ff1b64ef09c77c6e1b782648685e69f925968e912feb4b11ef53a8,415,larger,a5j1,5,True,0,replace_filter,replace_filter,9333d004fa8b102e53b76b660a1f58256928a2a7ad0dd303f7908839e80d17f1,7208ed4ec397151bdbb265a7895fddb1caffa23cb482bfa31e74f3ce44f4d8ff,520f3358c4f3fe55d40cf3ee8a9c6ac85e3a6a84a7142fc5555c4ce4938081e7,0.14606741573033707,0.021335689938139123,0.1836734693877551,0.03373594335693461,0.7272727272727273,0.5289256198347108
6,4,37,24,18,190,objective_development,36,delay,2,frozen,objective_development/larger/415/a6/s2/frozen/delay/lambda4,e4a07cf697ff1b64ef09c77c6e1b782648685e69f925968e912feb4b11ef53a8,415,larger,a0j1,0,True,0,reset_sensor,reset_sensor,98c04ad4d52cfafbc0dd1f26c916f3b6aaa524816c505a3c1c88e70dea78aeb7,b15b1a5b5816c13aacc731723f64796528eb90ee075a4842055f95e798449a93,6172a4e774e854a772be0e599c3d8cad93cbd9492c6571f9c47e2035e8feb471,0.14606741573033707,0.021335689938139123,0.1836734693877551,0.03373594335693461,0.14285714285714285,0.02040816326530612
6,4,37,24,18,190,objective_development,36,delay,2,frozen,objective_development/larger/415/a6/s2/frozen/delay/lambda4,e4a07cf697ff1b64ef09c77c6e1b782648685e69f925968e912feb4b11ef53a8,415,larger,a2j1,2,True,0,replace_filter,replace_filter,962e6969267c09ce236b1d7f1b4f8d6bbde2355a76e2f23b7845a4bfc2202324,8daef75c489c15b41609c9eab7d669e266b5d52316d0207300be9c9315e41c79,06ddf0c910caa3ca2e24306450ce4e88b24ecbd737667c2b7361e2199a04a774,0.14606741573033707,0.021335689938139123,0.1836734693877551,0.03373594335693461,0.2727272727272727,0.07438016528925619
6,4,37,24,18,190,objective_development,36,delay,2,frozen,objective_development/larger/415/a6/s2/frozen/delay/lambda4,e4a07cf697ff1b64ef09c77c6e1b782648685e69f925968e912feb4b11ef53a8,415,larger,a3j1,3,True,0,reset_sensor,reset_sensor,55c04b8b4ea4a528ba4655869a689a7b1ffb9b1f786076bba132709da34ea01a,7122a3a68104010131909f7564b130ec74f6c264907d30890ace84d1454a91b7,e1a8c9d3569ee338ac46e902f2431e434d048aaefac50a777544950c0c40b528,0.14606741573033707,0.021335689938139123,0.1836734693877551,0.03373594335693461,0.14285714285714285,0.02040816326530612
6,4,37,24,18,190,objective_development,36,delay,2,frozen,objective_development/larger/415/a6/s2/frozen/delay/lambda4,e4a07cf697ff1b64ef09c77c6e1b782648685e69f925968e912feb4b11ef53a8,415,larger,a4j1,4,True,0,replace_filter,replace_filter,dc4eaa6048a82a4e40dc87ba6d9f2497a1f504df0b0ef38589dee8a1a961d7ad,71a940b80d1dd6ca424c025a00e301869f45a18210cb5a411656c06634a7f90f,91828fbdf3ab3e7ccd7905e01578dfa3fff54c5a218fd0b07e93e741a5acb352,0.14606741573033707,0.021335689938139123,0.1836734693877551,0.03373594335693461,0.14285714285714285,0.02040816326530612
6,4,37,24,18,190,objective_development,36,delay,2,frozen,objective_development/larger/415/a6/s2/frozen/delay/lambda4,e4a07cf697ff1b64ef09c77c6e1b782648685e69f925968e912feb4b11ef53a8,415,larger,a0j2,0,True,1,replace_filter,replace_filter,b6ab3c0fed61222f7b5d9aded06f9b867c916ecd533fc3bf15d1953a388bf9e7,0429ea0dbade216ed92e83c16a0ff80fa7a734416467644e02058a5d508f2ca0,d5997a6520cb8b8e8dfc9294528b5412d8e57da51eb3473952ab1dbcc5844cc1,0.14606741573033707,0.729200858477465,0.1836734693877551,0.6663890045814245,0.14285714285714285,0.7346938775510206
6,4,37,24,18,190,objective_development,36,delay,2,frozen,objective_development/larger/415/a6/s2/frozen/delay/lambda4,e4a07cf697ff1b64ef09c77c6e1b782648685e69f925968e912feb4b11ef53a8,415,larger,a1j2,1,True,0,reset_sensor,reset_sensor,6b0a55f102c768288760ed3b5e736cdbebfd18463fe05cb0e725961f8d55eebd,6bc0fb121c84c5c7c987ddcf4fd42650024b55ddc9471228c3e33c1bbac6e5bc,2d92faffa523d0901c99fe4587f87eb7467e77cb9fbed6d07859da6e3529aac8,0.14606741573033707,0.021335689938139123,0.1836734693877551,0.03373594335693461,0.2727272727272727,0.07438016528925619
6,4,37,24,18,190,objective_development,36,delay,2,frozen,objective_development/larger/415/a6/s2/frozen/delay/lambda4,e4a07cf697ff1b64ef09c77c6e1b782648685e69f925968e912feb4b11ef53a8,415,larger,a5j2,5,True,1,replace_filter,replace_filter,77a4055a9c518e9aeea7f4cf48dd86fdee67e0f844ae8026d15e3f19eeeeb791,e67055e0abbc7b556dd60a887a2fa3ff89416efcbe6b6369a34d47646c89905a,6c75bb9eea5f6703b57714290ab680c61e7b29fd150e750233f41ecee6d21867,0.14606741573033707,0.729200858477465,0.1836734693877551,0.6663890045814245,0.14285714285714285,0.7346938775510206
6,4,37,24,18,190,objective_development,36,delay,2,frozen,objective_development/larger/415/a6/s2/frozen/delay/lambda4,e4a07cf697ff1b64ef09c77c6e1b782648685e69f925968e912feb4b11ef53a8,415,larger,a2j2,2,True,0,replace_filter,replace_filter,046ffeea21aba9941da3e3619d7c5979c61697012fb967667235c166a1ea2b87,39701dd3f28c0d74d713c63fb36ab72d8838d7e2c70af233c4d14824618518b4,2778cf043e1d4aa88e510f6ee0a08f23cbfaab4d3f8f0030cc65af6196db5669,0.14606741573033707,0.021335689938139123,0.1836734693877551,0.03373594335693461,0.7272727272727273,0.5289256198347108
6,4,37,24,18,190,objective_development,36,delay,2,frozen,objective_development/larger/415/a6/s2/frozen/delay/lambda4,e4a07cf697ff1b64ef09c77c6e1b782648685e69f925968e912feb4b11ef53a8,415,larger,a3j2,3,True,0,replace_filter,replace_filter,b48f095ee1a3a3ccfbf200783f45860e433310681919bf5a98d0ffea9fc8eadc,4ec6ce98c8dbbf682528aaa92a732fb33a03e96d48c480b49c8495a1627d1a9d,33c98c6ec05b958e4294cf7b97973abcb800ea12c9fecb1460830e98a4162f61,0.14606741573033707,0.021335689938139123,0.1836734693877551,0.03373594335693461,0.14285714285714285,0.02040816326530612
6,4,37,24,18,190,objective_development,36,delay,2,frozen,objective_development/larger/415/a6/s2/frozen/delay/lambda4,e4a07cf697ff1b64ef09c77c6e1b782648685e69f925968e912feb4b11ef53a8,415,larger,a4j2,4,True,1,reset_sensor,reset_sensor,3522317eecc6a076095c0cb526a1c8cc23cffffd447f036712abf760df86f9f7,d7f3dda8001d35939d72932b8fc0c5daa5ed7c98b5175718ded2547b3c4bf2b8,749db15046f05c23532599673e2c5e6a9ad869965402815ecacebf79ab56dcd0,0.14606741573033707,0.729200858477465,0.1836734693877551,0.6663890045814245,0.14285714285714285,0.7346938775510206
6,8,38,24,18,190,objective_development,36,delay,2,frozen,objective_development/larger/415/a6/s2/frozen/delay/lambda8,e4a07cf697ff1b64ef09c77c6e1b782648685e69f925968e912feb4b11ef53a8,415,larger,a2j0,2,True,0,replace_filter,replace_filter,37b13bac2a002b9963bb4e61e510f6fbda7f9ff15d2a65bff5e5ff4532ac3c16,95d1564eea87ef0e1ab4bd76d0539c1064907c9735db295617a070bf56cbb9a5,33633db0087d26dc13e74e5bf737d861850def509e5d808f6cb63685ee1cb2a9,0.14606741573033707,0.021335689938139123,0.1836734693877551,0.03373594335693461,0.14285714285714285,0.02040816326530612
6,8,38,24,18,190,objective_development,36,delay,2,frozen,objective_development/larger/415/a6/s2/frozen/delay/lambda8,e4a07cf697ff1b64ef09c77c6e1b782648685e69f925968e912feb4b11ef53a8,415,larger,a3j0,3,False,0,replace_filter,reset_sensor,0f7f3694c1108b3b11a45edcf5e47a1780c42fdfd0f98ab0aee54cb2d707f3c1,e71b94fbf8b1cb589f1d06f1ec0cc4b55ea712b21ca6d136aab4e11ba13f2280,28e3ccc8c18e65fcdcd536fb70247b42e2e332cfcb32ea106b9cfc3e73c6ac7d,0.1836734693877551,0.03373594335693461,0.1836734693877551,0.03373594335693461,0.7272727272727273,0.5289256198347108
6,8,38,24,18,190,objective_development,36,delay,2,frozen,objective_development/larger/415/a6/s2/frozen/delay/lambda8,e4a07cf697ff1b64ef09c77c6e1b782648685e69f925968e912feb4b11ef53a8,415,larger,a4j0,4,True,0,replace_filter,replace_filter,52039f7ba35571fff6ee1ae65e1048e220e064f8540ac9009e851c347b146860,d7e940fd7ed4655659702e5bd24b3f188db3ef02455dbd0addf04bacb9a3ccc2,aaf048b316d10f7c44e3e2ceccf3ecff67a48fef5f4500e3971d10a81407f651,0.14606741573033707,0.021335689938139123,0.1836734693877551,0.03373594335693461,0.2727272727272727,0.07438016528925619
6,8,38,24,18,190,objective_development,36,delay,2,frozen,objective_development/larger/415/a6/s2/frozen/delay/lambda8,e4a07cf697ff1b64ef09c77c6e1b782648685e69f925968e912feb4b11ef53a8,415,larger,a0j0,0,True,0,replace_filter,replace_filter,428648c0a442a3e0ca017162a76944e253124bf7cadd85a0b835aefba243e842,f2523c8bf1b2b357bd0d6f5956951ff5c9ee281fc6500648ff324ac4445db8da,216bda82eb6fd49e870b4ae042ad390312fc70bc9fcf59d4f118cefc1dfba880,0.14606741573033707,0.021335689938139123,0.1836734693877551,0.03373594335693461,0.2727272727272727,0.07438016528925619
6,8,38,24,18,190,objective_development,36,delay,2,frozen,objective_development/larger/415/a6/s2/frozen/delay/lambda8,e4a07cf697ff1b64ef09c77c6e1b782648685e69f925968e912feb4b11ef53a8,415,larger,a1j0,1,True,1,replace_filter,replace_filter,240cfaa08b720adae8de87629feedd98e4960486b7d1b86484d8da7d54b852f6,fb62c27d3ca3adf322c188429854aedcd91f8b882c6929b82168d78272ecbbe0,fe3dc15b33983387fed27ec7539e345f0c7c29f524e315f9b742e293dfb29c84,0.14606741573033707,0.729200858477465,0.1836734693877551,0.6663890045814245,0.7272727272727273,0.07438016528925619
6,8,38,24,18,190,objective_development,36,delay,2,frozen,objective_development/larger/415/a6/s2/frozen/delay/lambda8,e4a07cf697ff1b64ef09c77c6e1b782648685e69f925968e912feb4b11ef53a8,415,larger,a5j0,5,True,0,replace_filter,replace_filter,f79db941e2e79c33cd33b778c995d33be7ee3969a5d8c679b3e72bc235e9bb5e,e5422016f990282d0be73f10eb0494dca8911b44558dc56e95afeb49fb2515d8,c645ec7d6f2c0de21c5df55a9b10b5625c219eb61cc85b9846c385c23164e515,0.14606741573033707,0.021335689938139123,0.1836734693877551,0.03373594335693461,0.2727272727272727,0.07438016528925619
6,8,38,24,18,190,objective_development,36,delay,2,frozen,objective_development/larger/415/a6/s2/frozen/delay/lambda8,e4a07cf697ff1b64ef09c77c6e1b782648685e69f925968e912feb4b11ef53a8,415,larger,a1j1,1,True,0,replace_filter,replace_filter,4551237503d6d025d408d90d090ed8854eb42085ddeb814a262ac21f2932ddf5,bb0effc4a87cf26ea9b2ca9f169ccc6a48f2c8a6303045f2cef87bd7d0b81992,849184a8d2cffd102eac67dab8362c2bf049c0952be525a7ea8ac5a9be2fe24c,0.14606741573033707,0.021335689938139123,0.1836734693877551,0.03373594335693461,0.2727272727272727,0.07438016528925619
6,8,38,24,18,190,objective_development,36,delay,2,frozen,objective_development/larger/415/a6/s2/frozen/delay/lambda8,e4a07cf697ff1b64ef09c77c6e1b782648685e69f925968e912feb4b11ef53a8,415,larger,a5j1,5,True,0,replace_filter,replace_filter,9333d004fa8b102e53b76b660a1f58256928a2a7ad0dd303f7908839e80d17f1,7208ed4ec397151bdbb265a7895fddb1caffa23cb482bfa31e74f3ce44f4d8ff,520f3358c4f3fe55d40cf3ee8a9c6ac85e3a6a84a7142fc5555c4ce4938081e7,0.14606741573033707,0.021335689938139123,0.1836734693877551,0.03373594335693461,0.7272727272727273,0.5289256198347108
6,8,38,24,18,190,objective_development,36,delay,2,frozen,objective_development/larger/415/a6/s2/frozen/delay/lambda8,e4a07cf697ff1b64ef09c77c6e1b782648685e69f925968e912feb4b11ef53a8,415,larger,a0j1,0,True,0,reset_sensor,reset_sensor,98c04ad4d52cfafbc0dd1f26c916f3b6aaa524816c505a3c1c88e70dea78aeb7,b15b1a5b5816c13aacc731723f64796528eb90ee075a4842055f95e798449a93,6172a4e774e854a772be0e599c3d8cad93cbd9492c6571f9c47e2035e8feb471,0.14606741573033707,0.021335689938139123,0.1836734693877551,0.03373594335693461,0.14285714285714285,0.02040816326530612
6,8,38,24,18,190,objective_development,36,delay,2,frozen,objective_development/larger/415/a6/s2/frozen/delay/lambda8,e4a07cf697ff1b64ef09c77c6e1b782648685e69f925968e912feb4b11ef53a8,415,larger,a2j1,2,True,0,replace_filter,replace_filter,962e6969267c09ce236b1d7f1b4f8d6bbde2355a76e2f23b7845a4bfc2202324,8daef75c489c15b41609c9eab7d669e266b5d52316d0207300be9c9315e41c79,06ddf0c910caa3ca2e24306450ce4e88b24ecbd737667c2b7361e2199a04a774,0.14606741573033707,0.021335689938139123,0.1836734693877551,0.03373594335693461,0.2727272727272727,0.07438016528925619
6,8,38,24,18,190,objective_development,36,delay,2,frozen,objective_development/larger/415/a6/s2/frozen/delay/lambda8,e4a07cf697ff1b64ef09c77c6e1b782648685e69f925968e912feb4b11ef53a8,415,larger,a3j1,3,True,0,reset_sensor,reset_sensor,55c04b8b4ea4a528ba4655869a689a7b1ffb9b1f786076bba132709da34ea01a,7122a3a68104010131909f7564b130ec74f6c264907d30890ace84d1454a91b7,e1a8c9d3569ee338ac46e902f2431e434d048aaefac50a777544950c0c40b528,0.14606741573033707,0.021335689938139123,0.1836734693877551,0.03373594335693461,0.14285714285714285,0.02040816326530612
6,8,38,24,18,190,objective_development,36,delay,2,frozen,objective_development/larger/415/a6/s2/frozen/delay/lambda8,e4a07cf697ff1b64ef09c77c6e1b782648685e69f925968e912feb4b11ef53a8,415,larger,a4j1,4,True,0,replace_filter,replace_filter,dc4eaa6048a82a4e40dc87ba6d9f2497a1f504df0b0ef38589dee8a1a961d7ad,71a940b80d1dd6ca424c025a00e301869f45a18210cb5a411656c06634a7f90f,91828fbdf3ab3e7ccd7905e01578dfa3fff54c5a218fd0b07e93e741a5acb352,0.14606741573033707,0.021335689938139123,0.1836734693877551,0.03373594335693461,0.14285714285714285,0.02040816326530612
6,8,38,24,18,190,objective_development,36,delay,2,frozen,objective_development/larger/415/a6/s2/frozen/delay/lambda8,e4a07cf697ff1b64ef09c77c6e1b782648685e69f925968e912feb4b11ef53a8,415,larger,a0j2,0,True,1,replace_filter,replace_filter,b6ab3c0fed61222f7b5d9aded06f9b867c916ecd533fc3bf15d1953a388bf9e7,0429ea0dbade216ed92e83c16a0ff80fa7a734416467644e02058a5d508f2ca0,d5997a6520cb8b8e8dfc9294528b5412d8e57da51eb3473952ab1dbcc5844cc1,0.14606741573033707,0.729200858477465,0.1836734693877551,0.6663890045814245,0.14285714285714285,0.7346938775510206
6,8,38,24,18,190,objective_development,36,delay,2,frozen,objective_development/larger/415/a6/s2/frozen/delay/lambda8,e4a07cf697ff1b64ef09c77c6e1b782648685e69f925968e912feb4b11ef53a8,415,larger,a1j2,1,False,1,replace_filter,reset_sensor,c6083effdd81b86d8dfe836d97214d741978763483e5bbaf24d04c532562d658,a8415b8fbac266693341602ff66454cbb3e9a45c6a23b0f52ab5e97fcbb77b98,ac9723195c9d5e101a486e7c65666c5413056a873b8b1bb0a707e6e95522246c,0.1836734693877551,0.6663890045814245,0.1836734693877551,0.6663890045814245,0.7272727272727273,0.07438016528925619
6,8,38,24,18,190,objective_development,36,delay,2,frozen,objective_development/larger/415/a6/s2/frozen/delay/lambda8,e4a07cf697ff1b64ef09c77c6e1b782648685e69f925968e912feb4b11ef53a8,415,larger,a5j2,5,True,1,replace_filter,replace_filter,bcc91326e541832690a86e7e2b0d27ea3d0fb5d8683cb35434e19c2778e41838,2ba82193292e798c4f1574b7d38b0ea52fe3600ec32e232b2e773bf756a73fae,4734d5c02e0412a2c8f24fb7ba726d7eec1112d804c508dc709eb940072159ac,0.14606741573033707,0.729200858477465,0.1836734693877551,0.6663890045814245,0.14285714285714285,0.7346938775510206
6,8,38,24,18,190,objective_development,36,delay,2,frozen,objective_development/larger/415/a6/s2/frozen/delay/lambda8,e4a07cf697ff1b64ef09c77c6e1b782648685e69f925968e912feb4b11ef53a8,415,larger,a2j2,2,True,0,replace_filter,replace_filter,046ffeea21aba9941da3e3619d7c5979c61697012fb967667235c166a1ea2b87,39701dd3f28c0d74d713c63fb36ab72d8838d7e2c70af233c4d14824618518b4,2778cf043e1d4aa88e510f6ee0a08f23cbfaab4d3f8f0030cc65af6196db5669,0.14606741573033707,0.021335689938139123,0.1836734693877551,0.03373594335693461,0.7272727272727273,0.5289256198347108
6,8,38,24,18,190,objective_development,36,delay,2,frozen,objective_development/larger/415/a6/s2/frozen/delay/lambda8,e4a07cf697ff1b64ef09c77c6e1b782648685e69f925968e912feb4b11ef53a8,415,larger,a3j2,3,True,0,replace_filter,replace_filter,b48f095ee1a3a3ccfbf200783f45860e433310681919bf5a98d0ffea9fc8eadc,4ec6ce98c8dbbf682528aaa92a732fb33a03e96d48c480b49c8495a1627d1a9d,33c98c6ec05b958e4294cf7b97973abcb800ea12c9fecb1460830e98a4162f61,0.14606741573033707,0.021335689938139123,0.1836734693877551,0.03373594335693461,0.14285714285714285,0.02040816326530612
6,8,38,24,18,190,objective_development,36,delay,2,frozen,objective_development/larger/415/a6/s2/frozen/delay/lambda8,e4a07cf697ff1b64ef09c77c6e1b782648685e69f925968e912feb4b11ef53a8,415,larger,a4j2,4,True,1,reset_sensor,reset_sensor,3522317eecc6a076095c0cb526a1c8cc23cffffd447f036712abf760df86f9f7,d7f3dda8001d35939d72932b8fc0c5daa5ed7c98b5175718ded2547b3c4bf2b8,749db15046f05c23532599673e2c5e6a9ad869965402815ecacebf79ab56dcd0,0.14606741573033707,0.729200858477465,0.1836734693877551,0.6663890045814245,0.14285714285714285,0.7346938775510206
6,0,39,24,18,190,objective_development,36,delay,1,frozen,objective_development/larger/415/a6/s1/frozen/delay/lambda0,e4a07cf697ff1b64ef09c77c6e1b782648685e69f925968e912feb4b11ef53a8,415,larger,a2j0,2,True,0,replace_filter,replace_filter,37b13bac2a002b9963bb4e61e510f6fbda7f9ff15d2a65bff5e5ff4532ac3c16,95d1564eea87ef0e1ab4bd76d0539c1064907c9735db295617a070bf56cbb9a5,33633db0087d26dc13e74e5bf737d861850def509e5d808f6cb63685ee1cb2a9,0.14606741573033707,0.021335689938139123,0.1836734693877551,0.03373594335693461,0.14285714285714285,0.02040816326530612
6,0,39,24,18,190,objective_development,36,delay,1,frozen,objective_development/larger/415/a6/s1/frozen/delay/lambda0,e4a07cf697ff1b64ef09c77c6e1b782648685e69f925968e912feb4b11ef53a8,415,larger,a3j0,3,False,0,replace_filter,reset_sensor,0f7f3694c1108b3b11a45edcf5e47a1780c42fdfd0f98ab0aee54cb2d707f3c1,e71b94fbf8b1cb589f1d06f1ec0cc4b55ea712b21ca6d136aab4e11ba13f2280,28e3ccc8c18e65fcdcd536fb70247b42e2e332cfcb32ea106b9cfc3e73c6ac7d,0.1836734693877551,0.03373594335693461,0.1836734693877551,0.03373594335693461,0.7272727272727273,0.5289256198347108
6,0,39,24,18,190,objective_development,36,delay,1,frozen,objective_development/larger/415/a6/s1/frozen/delay/lambda0,e4a07cf697ff1b64ef09c77c6e1b782648685e69f925968e912feb4b11ef53a8,415,larger,a4j0,4,True,0,replace_filter,replace_filter,52039f7ba35571fff6ee1ae65e1048e220e064f8540ac9009e851c347b146860,d7e940fd7ed4655659702e5bd24b3f188db3ef02455dbd0addf04bacb9a3ccc2,aaf048b316d10f7c44e3e2ceccf3ecff67a48fef5f4500e3971d10a81407f651,0.14606741573033707,0.021335689938139123,0.1836734693877551,0.03373594335693461,0.2727272727272727,0.07438016528925619
6,0,39,24,18,190,objective_development,36,delay,1,frozen,objective_development/larger/415/a6/s1/frozen/delay/lambda0,e4a07cf697ff1b64ef09c77c6e1b782648685e69f925968e912feb4b11ef53a8,415,larger,a0j0,0,True,0,replace_filter,replace_filter,428648c0a442a3e0ca017162a76944e253124bf7cadd85a0b835aefba243e842,f2523c8bf1b2b357bd0d6f5956951ff5c9ee281fc6500648ff324ac4445db8da,216bda82eb6fd49e870b4ae042ad390312fc70bc9fcf59d4f118cefc1dfba880,0.14606741573033707,0.021335689938139123,0.1836734693877551,0.03373594335693461,0.2727272727272727,0.07438016528925619
6,0,39,24,18,190,objective_development,36,delay,1,frozen,objective_development/larger/415/a6/s1/frozen/delay/lambda0,e4a07cf697ff1b64ef09c77c6e1b782648685e69f925968e912feb4b11ef53a8,415,larger,a1j0,1,True,1,replace_filter,replace_filter,240cfaa08b720adae8de87629feedd98e4960486b7d1b86484d8da7d54b852f6,fb62c27d3ca3adf322c188429854aedcd91f8b882c6929b82168d78272ecbbe0,fe3dc15b33983387fed27ec7539e345f0c7c29f524e315f9b742e293dfb29c84,0.14606741573033707,0.729200858477465,0.1836734693877551,0.6663890045814245,0.7272727272727273,0.07438016528925619
6,0,39,24,18,190,objective_development,36,delay,1,frozen,objective_development/larger/415/a6/s1/frozen/delay/lambda0,e4a07cf697ff1b64ef09c77c6e1b782648685e69f925968e912feb4b11ef53a8,415,larger,a5j0,5,True,0,replace_filter,replace_filter,f79db941e2e79c33cd33b778c995d33be7ee3969a5d8c679b3e72bc235e9bb5e,e5422016f990282d0be73f10eb0494dca8911b44558dc56e95afeb49fb2515d8,c645ec7d6f2c0de21c5df55a9b10b5625c219eb61cc85b9846c385c23164e515,0.14606741573033707,0.021335689938139123,0.1836734693877551,0.03373594335693461,0.2727272727272727,0.07438016528925619
6,0,39,24,18,190,objective_development,36,delay,1,frozen,objective_development/larger/415/a6/s1/frozen/delay/lambda0,e4a07cf697ff1b64ef09c77c6e1b782648685e69f925968e912feb4b11ef53a8,415,larger,a1j1,1,True,0,replace_filter,replace_filter,8055296648e280aa09faf522c1ecb74a6526806edee01d8c77a7c93be363773d,f16f5243b16464b471bce933a32a6fb5735c75817428d9c1c7eb7adb8298438f,547cc13b1dc3762002aa3614e3f9870c2f0f3842564847d13e1b10df38f48d97,0.14606741573033707,0.021335689938139123,0.1836734693877551,0.03373594335693461,0.2727272727272727,0.07438016528925619
6,0,39,24,18,190,objective_development,36,delay,1,frozen,objective_development/larger/415/a6/s1/frozen/delay/lambda0,e4a07cf697ff1b64ef09c77c6e1b782648685e69f925968e912feb4b11ef53a8,415,larger,a5j1,5,False,1,reset_sensor,replace_filter,cb1c564cbcd2ed75a7013d5b2dc472a29228d20ee5cb4c4326586f917c6fca69,fee85eca08f1202675e35ff6508454db15bbf96a0ffd1f30cc44da2ccaa6c134,af6bc3bfc6933eb6c9f73dbdbc3060955cb844dafb0da812fa5df19c525fb920,0.1836734693877551,0.6663890045814245,0.1836734693877551,0.6663890045814245,0.2727272727272727,0.5289256198347108
6,0,39,24,18,190,objective_development,36,delay,1,frozen,objective_development/larger/415/a6/s1/frozen/delay/lambda0,e4a07cf697ff1b64ef09c77c6e1b782648685e69f925968e912feb4b11ef53a8,415,larger,a0j1,0,True,0,reset_sensor,reset_sensor,607fc774470155ba8dad4819c9b1a4aa6bb893f7d390271d1e225704b18d9d0d,0e5b6d013d5677d4dc82137f6089d50beb8c8c8065fb2fa151132b421ebb4e2b,a4fb41539b42767c343ba4914db314e446b22af393dfbf3b572a710a5fb7e7ed,0.14606741573033707,0.021335689938139123,0.1836734693877551,0.03373594335693461,0.14285714285714285,0.02040816326530612
6,0,39,24,18,190,objective_development,36,delay,1,frozen,objective_development/larger/415/a6/s1/frozen/delay/lambda0,e4a07cf697ff1b64ef09c77c6e1b782648685e69f925968e912feb4b11ef53a8,415,larger,a2j1,2,True,0,replace_filter,replace_filter,c2ecadd9c4802a040bea2239e6ead9b442d16c830b6bfcd6144c3442ed953ae2,19706a69e8b6aa3fb4b3f11dbba80bd5a8e5c20d73dbb26fa828403f19f19c7e,731756963ed2b08fbf1af520e3cee7db932f26c6c4e6e51a2ba72fde4b77dfb8,0.14606741573033707,0.021335689938139123,0.1836734693877551,0.03373594335693461,0.2727272727272727,0.07438016528925619
6,0,39,24,18,190,objective_development,36,delay,1,frozen,objective_development/larger/415/a6/s1/frozen/delay/lambda0,e4a07cf697ff1b64ef09c77c6e1b782648685e69f925968e912feb4b11ef53a8,415,larger,a3j1,3,True,0,reset_sensor,reset_sensor,55c04b8b4ea4a528ba4655869a689a7b1ffb9b1f786076bba132709da34ea01a,7122a3a68104010131909f7564b130ec74f6c264907d30890ace84d1454a91b7,e1a8c9d3569ee338ac46e902f2431e434d048aaefac50a777544950c0c40b528,0.14606741573033707,0.021335689938139123,0.1836734693877551,0.03373594335693461,0.14285714285714285,0.02040816326530612
6,0,39,24,18,190,objective_development,36,delay,1,frozen,objective_development/larger/415/a6/s1/frozen/delay/lambda0,e4a07cf697ff1b64ef09c77c6e1b782648685e69f925968e912feb4b11ef53a8,415,larger,a4j1,4,True,0,replace_filter,replace_filter,e4de7d95d6de13f3df8ee46fa3d2572679d6690964e5c4f61e99a83ecc144887,fcf12337bf7251964ad7eb92e883e1a08df2be02554da7e3395040e3d277094f,3a660afc731659612485076b6a2345ae5db841ed1719b1b57ef04bff9ec17044,0.14606741573033707,0.021335689938139123,0.1836734693877551,0.03373594335693461,0.14285714285714285,0.02040816326530612
6,0,39,24,18,190,objective_development,36,delay,1,frozen,objective_development/larger/415/a6/s1/frozen/delay/lambda0,e4a07cf697ff1b64ef09c77c6e1b782648685e69f925968e912feb4b11ef53a8,415,larger,a0j2,0,True,1,replace_filter,replace_filter,6274b46e9192a349ec8cd375ec633bc229f0851478755ff704407f3a87d7200f,41240b0819a0b5ea26548c85b93081b784c1f2a7f44adedd22b431ffcc8e7793,fc90de6826e93775f4a78df55fd74b2b93ed18b6b916818d7d7aca4b219488ea,0.14606741573033707,0.729200858477465,0.1836734693877551,0.6663890045814245,0.14285714285714285,0.7346938775510206
6,0,39,24,18,190,objective_development,36,delay,1,frozen,objective_development/larger/415/a6/s1/frozen/delay/lambda0,e4a07cf697ff1b64ef09c77c6e1b782648685e69f925968e912feb4b11ef53a8,415,larger,a1j2,1,False,1,replace_filter,reset_sensor,1646783b653e91217bcc6a407ca37c9f9a67d4785a7f4a93da7a3d35e85265a2,e0118058d23534589e175fb85214e0668a83b9aa4478ab3a5cc15c4cfa036f8f,1c6eaaf0a697436a17dcc15647e57e445a4d9074f98a47526a0f3cede8f9ab66,0.1836734693877551,0.6663890045814245,0.1836734693877551,0.6663890045814245,0.7272727272727273,0.07438016528925619
6,0,39,24,18,190,objective_development,36,delay,1,frozen,objective_development/larger/415/a6/s1/frozen/delay/lambda0,e4a07cf697ff1b64ef09c77c6e1b782648685e69f925968e912feb4b11ef53a8,415,larger,a5j2,5,True,1,replace_filter,replace_filter,d063a1c2333cebe944cc820f483e66d6d181f9423768394f4611f0f970b8dc2a,7284d4839652e635efd2d8bbf024a65b04330c80da9f0d683b006c25a9766169,26b5a9e5b1a8c81a857117f6baf1f52181ecb98fa511ed04dbaf9323b6d8b7ee,0.14606741573033707,0.729200858477465,0.1836734693877551,0.6663890045814245,0.14285714285714285,0.7346938775510206
6,0,39,24,18,190,objective_development,36,delay,1,frozen,objective_development/larger/415/a6/s1/frozen/delay/lambda0,e4a07cf697ff1b64ef09c77c6e1b782648685e69f925968e912feb4b11ef53a8,415,larger,a2j2,2,True,0,replace_filter,replace_filter,d691351e156b5bba1e9bb81b0fe48647b0d5a45496780e4e6ee437322d1b6bd5,dd172a961987ad4db969b4f38a1e382a25aa9b1c9e08400ecd33347dd3a5a62a,3747e9e9f983928494ec826a28f2d76bf2f0c5cae67855d87a41586b360870fd,0.14606741573033707,0.021335689938139123,0.1836734693877551,0.03373594335693461,0.7272727272727273,0.5289256198347108
6,0,39,24,18,190,objective_development,36,delay,1,frozen,objective_development/larger/415/a6/s1/frozen/delay/lambda0,e4a07cf697ff1b64ef09c77c6e1b782648685e69f925968e912feb4b11ef53a8,415,larger,a3j2,3,True,0,replace_filter,replace_filter,f0c8a6cab8c4161e17271e746fe2c749e7cbb2560f40252692ab9cf2dcb458bc,0ecead8a0e8057a543672ddc1bae572681826a8df505c6f626f8d0d20d2cb2ce,b2f240df4a7b224513ffac9a63aff2dac81091c22c44cf074f29116e6185297a,0.14606741573033707,0.021335689938139123,0.1836734693877551,0.03373594335693461,0.14285714285714285,0.02040816326530612
6,0,39,24,18,190,objective_development,36,delay,1,frozen,objective_development/larger/415/a6/s1/frozen/delay/lambda0,e4a07cf697ff1b64ef09c77c6e1b782648685e69f925968e912feb4b11ef53a8,415,larger,a4j2,4,True,1,reset_sensor,reset_sensor,6704aebadf61219c0a9c7d78c16e8ded7b7cf39318666662dbd687fd711d5177,0a81e7d3608227fe4a5b6f176f09112d55df8006de348499396bf1c08fff3878,cb21c11fab3aaf52b1fe7a2885456f19252f034db7b9afed0a304d499eb940a7,0.14606741573033707,0.729200858477465,0.1836734693877551,0.6663890045814245,0.14285714285714285,0.7346938775510206
6,4,40,24,18,190,objective_development,36,delay,1,frozen,objective_development/larger/415/a6/s1/frozen/delay/lambda4,e4a07cf697ff1b64ef09c77c6e1b782648685e69f925968e912feb4b11ef53a8,415,larger,a2j0,2,True,0,replace_filter,replace_filter,37b13bac2a002b9963bb4e61e510f6fbda7f9ff15d2a65bff5e5ff4532ac3c16,95d1564eea87ef0e1ab4bd76d0539c1064907c9735db295617a070bf56cbb9a5,33633db0087d26dc13e74e5bf737d861850def509e5d808f6cb63685ee1cb2a9,0.14606741573033707,0.021335689938139123,0.1836734693877551,0.03373594335693461,0.14285714285714285,0.02040816326530612
6,4,40,24,18,190,objective_development,36,delay,1,frozen,objective_development/larger/415/a6/s1/frozen/delay/lambda4,e4a07cf697ff1b64ef09c77c6e1b782648685e69f925968e912feb4b11ef53a8,415,larger,a3j0,3,False,0,replace_filter,reset_sensor,0f7f3694c1108b3b11a45edcf5e47a1780c42fdfd0f98ab0aee54cb2d707f3c1,e71b94fbf8b1cb589f1d06f1ec0cc4b55ea712b21ca6d136aab4e11ba13f2280,28e3ccc8c18e65fcdcd536fb70247b42e2e332cfcb32ea106b9cfc3e73c6ac7d,0.1836734693877551,0.03373594335693461,0.1836734693877551,0.03373594335693461,0.7272727272727273,0.5289256198347108
6,4,40,24,18,190,objective_development,36,delay,1,frozen,objective_development/larger/415/a6/s1/frozen/delay/lambda4,e4a07cf697ff1b64ef09c77c6e1b782648685e69f925968e912feb4b11ef53a8,415,larger,a4j0,4,True,0,replace_filter,replace_filter,52039f7ba35571fff6ee1ae65e1048e220e064f8540ac9009e851c347b146860,d7e940fd7ed4655659702e5bd24b3f188db3ef02455dbd0addf04bacb9a3ccc2,aaf048b316d10f7c44e3e2ceccf3ecff67a48fef5f4500e3971d10a81407f651,0.14606741573033707,0.021335689938139123,0.1836734693877551,0.03373594335693461,0.2727272727272727,0.07438016528925619
6,4,40,24,18,190,objective_development,36,delay,1,frozen,objective_development/larger/415/a6/s1/frozen/delay/lambda4,e4a07cf697ff1b64ef09c77c6e1b782648685e69f925968e912feb4b11ef53a8,415,larger,a0j0,0,True,0,replace_filter,replace_filter,428648c0a442a3e0ca017162a76944e253124bf7cadd85a0b835aefba243e842,f2523c8bf1b2b357bd0d6f5956951ff5c9ee281fc6500648ff324ac4445db8da,216bda82eb6fd49e870b4ae042ad390312fc70bc9fcf59d4f118cefc1dfba880,0.14606741573033707,0.021335689938139123,0.1836734693877551,0.03373594335693461,0.2727272727272727,0.07438016528925619
6,4,40,24,18,190,objective_development,36,delay,1,frozen,objective_development/larger/415/a6/s1/frozen/delay/lambda4,e4a07cf697ff1b64ef09c77c6e1b782648685e69f925968e912feb4b11ef53a8,415,larger,a1j0,1,True,1,replace_filter,replace_filter,240cfaa08b720adae8de87629feedd98e4960486b7d1b86484d8da7d54b852f6,fb62c27d3ca3adf322c188429854aedcd91f8b882c6929b82168d78272ecbbe0,fe3dc15b33983387fed27ec7539e345f0c7c29f524e315f9b742e293dfb29c84,0.14606741573033707,0.729200858477465,0.1836734693877551,0.6663890045814245,0.7272727272727273,0.07438016528925619
6,4,40,24,18,190,objective_development,36,delay,1,frozen,objective_development/larger/415/a6/s1/frozen/delay/lambda4,e4a07cf697ff1b64ef09c77c6e1b782648685e69f925968e912feb4b11ef53a8,415,larger,a5j0,5,True,0,replace_filter,replace_filter,f79db941e2e79c33cd33b778c995d33be7ee3969a5d8c679b3e72bc235e9bb5e,e5422016f990282d0be73f10eb0494dca8911b44558dc56e95afeb49fb2515d8,c645ec7d6f2c0de21c5df55a9b10b5625c219eb61cc85b9846c385c23164e515,0.14606741573033707,0.021335689938139123,0.1836734693877551,0.03373594335693461,0.2727272727272727,0.07438016528925619
6,4,40,24,18,190,objective_development,36,delay,1,frozen,objective_development/larger/415/a6/s1/frozen/delay/lambda4,e4a07cf697ff1b64ef09c77c6e1b782648685e69f925968e912feb4b11ef53a8,415,larger,a1j1,1,True,0,replace_filter,replace_filter,8055296648e280aa09faf522c1ecb74a6526806edee01d8c77a7c93be363773d,f16f5243b16464b471bce933a32a6fb5735c75817428d9c1c7eb7adb8298438f,547cc13b1dc3762002aa3614e3f9870c2f0f3842564847d13e1b10df38f48d97,0.14606741573033707,0.021335689938139123,0.1836734693877551,0.03373594335693461,0.2727272727272727,0.07438016528925619
6,4,40,24,18,190,objective_development,36,delay,1,frozen,objective_development/larger/415/a6/s1/frozen/delay/lambda4,e4a07cf697ff1b64ef09c77c6e1b782648685e69f925968e912feb4b11ef53a8,415,larger,a5j1,5,False,1,reset_sensor,replace_filter,cb1c564cbcd2ed75a7013d5b2dc472a29228d20ee5cb4c4326586f917c6fca69,fee85eca08f1202675e35ff6508454db15bbf96a0ffd1f30cc44da2ccaa6c134,af6bc3bfc6933eb6c9f73dbdbc3060955cb844dafb0da812fa5df19c525fb920,0.1836734693877551,0.6663890045814245,0.1836734693877551,0.6663890045814245,0.2727272727272727,0.5289256198347108
6,4,40,24,18,190,objective_development,36,delay,1,frozen,objective_development/larger/415/a6/s1/frozen/delay/lambda4,e4a07cf697ff1b64ef09c77c6e1b782648685e69f925968e912feb4b11ef53a8,415,larger,a0j1,0,True,0,reset_sensor,reset_sensor,607fc774470155ba8dad4819c9b1a4aa6bb893f7d390271d1e225704b18d9d0d,0e5b6d013d5677d4dc82137f6089d50beb8c8c8065fb2fa151132b421ebb4e2b,a4fb41539b42767c343ba4914db314e446b22af393dfbf3b572a710a5fb7e7ed,0.14606741573033707,0.021335689938139123,0.1836734693877551,0.03373594335693461,0.14285714285714285,0.02040816326530612
6,4,40,24,18,190,objective_development,36,delay,1,frozen,objective_development/larger/415/a6/s1/frozen/delay/lambda4,e4a07cf697ff1b64ef09c77c6e1b782648685e69f925968e912feb4b11ef53a8,415,larger,a2j1,2,True,0,replace_filter,replace_filter,c2ecadd9c4802a040bea2239e6ead9b442d16c830b6bfcd6144c3442ed953ae2,19706a69e8b6aa3fb4b3f11dbba80bd5a8e5c20d73dbb26fa828403f19f19c7e,731756963ed2b08fbf1af520e3cee7db932f26c6c4e6e51a2ba72fde4b77dfb8,0.14606741573033707,0.021335689938139123,0.1836734693877551,0.03373594335693461,0.2727272727272727,0.07438016528925619
6,4,40,24,18,190,objective_development,36,delay,1,frozen,objective_development/larger/415/a6/s1/frozen/delay/lambda4,e4a07cf697ff1b64ef09c77c6e1b782648685e69f925968e912feb4b11ef53a8,415,larger,a3j1,3,True,0,reset_sensor,reset_sensor,55c04b8b4ea4a528ba4655869a689a7b1ffb9b1f786076bba132709da34ea01a,7122a3a68104010131909f7564b130ec74f6c264907d30890ace84d1454a91b7,e1a8c9d3569ee338ac46e902f2431e434d048aaefac50a777544950c0c40b528,0.14606741573033707,0.021335689938139123,0.1836734693877551,0.03373594335693461,0.14285714285714285,0.02040816326530612
6,4,40,24,18,190,objective_development,36,delay,1,frozen,objective_development/larger/415/a6/s1/frozen/delay/lambda4,e4a07cf697ff1b64ef09c77c6e1b782648685e69f925968e912feb4b11ef53a8,415,larger,a4j1,4,True,0,replace_filter,replace_filter,e4de7d95d6de13f3df8ee46fa3d2572679d6690964e5c4f61e99a83ecc144887,fcf12337bf7251964ad7eb92e883e1a08df2be02554da7e3395040e3d277094f,3a660afc731659612485076b6a2345ae5db841ed1719b1b57ef04bff9ec17044,0.14606741573033707,0.021335689938139123,0.1836734693877551,0.03373594335693461,0.14285714285714285,0.02040816326530612
6,4,40,24,18,190,objective_development,36,delay,1,frozen,objective_development/larger/415/a6/s1/frozen/delay/lambda4,e4a07cf697ff1b64ef09c77c6e1b782648685e69f925968e912feb4b11ef53a8,415,larger,a0j2,0,True,1,replace_filter,replace_filter,6274b46e9192a349ec8cd375ec633bc229f0851478755ff704407f3a87d7200f,41240b0819a0b5ea26548c85b93081b784c1f2a7f44adedd22b431ffcc8e7793,fc90de6826e93775f4a78df55fd74b2b93ed18b6b916818d7d7aca4b219488ea,0.14606741573033707,0.729200858477465,0.1836734693877551,0.6663890045814245,0.14285714285714285,0.7346938775510206
6,4,40,24,18,190,objective_development,36,delay,1,frozen,objective_development/larger/415/a6/s1/frozen/delay/lambda4,e4a07cf697ff1b64ef09c77c6e1b782648685e69f925968e912feb4b11ef53a8,415,larger,a1j2,1,False,1,replace_filter,reset_sensor,1646783b653e91217bcc6a407ca37c9f9a67d4785a7f4a93da7a3d35e85265a2,e0118058d23534589e175fb85214e0668a83b9aa4478ab3a5cc15c4cfa036f8f,1c6eaaf0a697436a17dcc15647e57e445a4d9074f98a47526a0f3cede8f9ab66,0.1836734693877551,0.6663890045814245,0.1836734693877551,0.6663890045814245,0.7272727272727273,0.07438016528925619
6,4,40,24,18,190,objective_development,36,delay,1,frozen,objective_development/larger/415/a6/s1/frozen/delay/lambda4,e4a07cf697ff1b64ef09c77c6e1b782648685e69f925968e912feb4b11ef53a8,415,larger,a5j2,5,True,1,replace_filter,replace_filter,d063a1c2333cebe944cc820f483e66d6d181f9423768394f4611f0f970b8dc2a,7284d4839652e635efd2d8bbf024a65b04330c80da9f0d683b006c25a9766169,26b5a9e5b1a8c81a857117f6baf1f52181ecb98fa511ed04dbaf9323b6d8b7ee,0.14606741573033707,0.729200858477465,0.1836734693877551,0.6663890045814245,0.14285714285714285,0.7346938775510206
6,4,40,24,18,190,objective_development,36,delay,1,frozen,objective_development/larger/415/a6/s1/frozen/delay/lambda4,e4a07cf697ff1b64ef09c77c6e1b782648685e69f925968e912feb4b11ef53a8,415,larger,a2j2,2,True,1,reset_sensor,reset_sensor,1c72a2dc8f47688c733eaeb51f27ecf614df146f2cfdfbcefe99ec9531e0cf81,be3df15391421fa8bab0b2846667c3cb2173723188493b62dac2b2e84d7c7588,6662b214bbdd8ce0694e93b8105ebb19ad4801467383366d2368201d800c1665,0.14606741573033707,0.729200858477465,0.1836734693877551,0.6663890045814245,0.2727272727272727,0.5289256198347108
6,4,40,24,18,190,objective_development,36,delay,1,frozen,objective_development/larger/415/a6/s1/frozen/delay/lambda4,e4a07cf697ff1b64ef09c77c6e1b782648685e69f925968e912feb4b11ef53a8,415,larger,a3j2,3,True,0,replace_filter,replace_filter,b48f095ee1a3a3ccfbf200783f45860e433310681919bf5a98d0ffea9fc8eadc,4ec6ce98c8dbbf682528aaa92a732fb33a03e96d48c480b49c8495a1627d1a9d,33c98c6ec05b958e4294cf7b97973abcb800ea12c9fecb1460830e98a4162f61,0.14606741573033707,0.021335689938139123,0.1836734693877551,0.03373594335693461,0.14285714285714285,0.02040816326530612
6,4,40,24,18,190,objective_development,36,delay,1,frozen,objective_development/larger/415/a6/s1/frozen/delay/lambda4,e4a07cf697ff1b64ef09c77c6e1b782648685e69f925968e912feb4b11ef53a8,415,larger,a4j2,4,True,1,reset_sensor,reset_sensor,f8aa9b530ad5f69351aa99d2695f17dd84eb40184d8b721c52d0af14b5d2dd34,d2249bcf20feea26c60f7977785f84660aab4cba0b2dfad30ecc47ca5b31d597,66ad64386656d94f035d119ff3094350b2b6cdfb6eef6c6753c8deb8f76becf8,0.14606741573033707,0.729200858477465,0.1836734693877551,0.6663890045814245,0.14285714285714285,0.7346938775510206
6,8,41,24,18,190,objective_development,36,delay,1,frozen,objective_development/larger/415/a6/s1/frozen/delay/lambda8,e4a07cf697ff1b64ef09c77c6e1b782648685e69f925968e912feb4b11ef53a8,415,larger,a2j0,2,True,0,replace_filter,replace_filter,37b13bac2a002b9963bb4e61e510f6fbda7f9ff15d2a65bff5e5ff4532ac3c16,95d1564eea87ef0e1ab4bd76d0539c1064907c9735db295617a070bf56cbb9a5,33633db0087d26dc13e74e5bf737d861850def509e5d808f6cb63685ee1cb2a9,0.14606741573033707,0.021335689938139123,0.1836734693877551,0.03373594335693461,0.14285714285714285,0.02040816326530612
6,8,41,24,18,190,objective_development,36,delay,1,frozen,objective_development/larger/415/a6/s1/frozen/delay/lambda8,e4a07cf697ff1b64ef09c77c6e1b782648685e69f925968e912feb4b11ef53a8,415,larger,a3j0,3,False,0,replace_filter,reset_sensor,0f7f3694c1108b3b11a45edcf5e47a1780c42fdfd0f98ab0aee54cb2d707f3c1,e71b94fbf8b1cb589f1d06f1ec0cc4b55ea712b21ca6d136aab4e11ba13f2280,28e3ccc8c18e65fcdcd536fb70247b42e2e332cfcb32ea106b9cfc3e73c6ac7d,0.1836734693877551,0.03373594335693461,0.1836734693877551,0.03373594335693461,0.7272727272727273,0.5289256198347108
6,8,41,24,18,190,objective_development,36,delay,1,frozen,objective_development/larger/415/a6/s1/frozen/delay/lambda8,e4a07cf697ff1b64ef09c77c6e1b782648685e69f925968e912feb4b11ef53a8,415,larger,a4j0,4,True,0,replace_filter,replace_filter,52039f7ba35571fff6ee1ae65e1048e220e064f8540ac9009e851c347b146860,d7e940fd7ed4655659702e5bd24b3f188db3ef02455dbd0addf04bacb9a3ccc2,aaf048b316d10f7c44e3e2ceccf3ecff67a48fef5f4500e3971d10a81407f651,0.14606741573033707,0.021335689938139123,0.1836734693877551,0.03373594335693461,0.2727272727272727,0.07438016528925619
6,8,41,24,18,190,objective_development,36,delay,1,frozen,objective_development/larger/415/a6/s1/frozen/delay/lambda8,e4a07cf697ff1b64ef09c77c6e1b782648685e69f925968e912feb4b11ef53a8,415,larger,a0j0,0,True,0,replace_filter,replace_filter,428648c0a442a3e0ca017162a76944e253124bf7cadd85a0b835aefba243e842,f2523c8bf1b2b357bd0d6f5956951ff5c9ee281fc6500648ff324ac4445db8da,216bda82eb6fd49e870b4ae042ad390312fc70bc9fcf59d4f118cefc1dfba880,0.14606741573033707,0.021335689938139123,0.1836734693877551,0.03373594335693461,0.2727272727272727,0.07438016528925619
6,8,41,24,18,190,objective_development,36,delay,1,frozen,objective_development/larger/415/a6/s1/frozen/delay/lambda8,e4a07cf697ff1b64ef09c77c6e1b782648685e69f925968e912feb4b11ef53a8,415,larger,a1j0,1,True,1,replace_filter,replace_filter,240cfaa08b720adae8de87629feedd98e4960486b7d1b86484d8da7d54b852f6,fb62c27d3ca3adf322c188429854aedcd91f8b882c6929b82168d78272ecbbe0,fe3dc15b33983387fed27ec7539e345f0c7c29f524e315f9b742e293dfb29c84,0.14606741573033707,0.729200858477465,0.1836734693877551,0.6663890045814245,0.7272727272727273,0.07438016528925619
6,8,41,24,18,190,objective_development,36,delay,1,frozen,objective_development/larger/415/a6/s1/frozen/delay/lambda8,e4a07cf697ff1b64ef09c77c6e1b782648685e69f925968e912feb4b11ef53a8,415,larger,a5j0,5,True,0,replace_filter,replace_filter,f79db941e2e79c33cd33b778c995d33be7ee3969a5d8c679b3e72bc235e9bb5e,e5422016f990282d0be73f10eb0494dca8911b44558dc56e95afeb49fb2515d8,c645ec7d6f2c0de21c5df55a9b10b5625c219eb61cc85b9846c385c23164e515,0.14606741573033707,0.021335689938139123,0.1836734693877551,0.03373594335693461,0.2727272727272727,0.07438016528925619
6,8,41,24,18,190,objective_development,36,delay,1,frozen,objective_development/larger/415/a6/s1/frozen/delay/lambda8,e4a07cf697ff1b64ef09c77c6e1b782648685e69f925968e912feb4b11ef53a8,415,larger,a1j1,1,True,0,replace_filter,replace_filter,8055296648e280aa09faf522c1ecb74a6526806edee01d8c77a7c93be363773d,f16f5243b16464b471bce933a32a6fb5735c75817428d9c1c7eb7adb8298438f,547cc13b1dc3762002aa3614e3f9870c2f0f3842564847d13e1b10df38f48d97,0.14606741573033707,0.021335689938139123,0.1836734693877551,0.03373594335693461,0.2727272727272727,0.07438016528925619
6,8,41,24,18,190,objective_development,36,delay,1,frozen,objective_development/larger/415/a6/s1/frozen/delay/lambda8,e4a07cf697ff1b64ef09c77c6e1b782648685e69f925968e912feb4b11ef53a8,415,larger,a5j1,5,False,1,reset_sensor,replace_filter,cb1c564cbcd2ed75a7013d5b2dc472a29228d20ee5cb4c4326586f917c6fca69,fee85eca08f1202675e35ff6508454db15bbf96a0ffd1f30cc44da2ccaa6c134,af6bc3bfc6933eb6c9f73dbdbc3060955cb844dafb0da812fa5df19c525fb920,0.1836734693877551,0.6663890045814245,0.1836734693877551,0.6663890045814245,0.2727272727272727,0.5289256198347108
6,8,41,24,18,190,objective_development,36,delay,1,frozen,objective_development/larger/415/a6/s1/frozen/delay/lambda8,e4a07cf697ff1b64ef09c77c6e1b782648685e69f925968e912feb4b11ef53a8,415,larger,a0j1,0,True,0,reset_sensor,reset_sensor,607fc774470155ba8dad4819c9b1a4aa6bb893f7d390271d1e225704b18d9d0d,0e5b6d013d5677d4dc82137f6089d50beb8c8c8065fb2fa151132b421ebb4e2b,a4fb41539b42767c343ba4914db314e446b22af393dfbf3b572a710a5fb7e7ed,0.14606741573033707,0.021335689938139123,0.1836734693877551,0.03373594335693461,0.14285714285714285,0.02040816326530612
6,8,41,24,18,190,objective_development,36,delay,1,frozen,objective_development/larger/415/a6/s1/frozen/delay/lambda8,e4a07cf697ff1b64ef09c77c6e1b782648685e69f925968e912feb4b11ef53a8,415,larger,a2j1,2,True,0,replace_filter,replace_filter,c2ecadd9c4802a040bea2239e6ead9b442d16c830b6bfcd6144c3442ed953ae2,19706a69e8b6aa3fb4b3f11dbba80bd5a8e5c20d73dbb26fa828403f19f19c7e,731756963ed2b08fbf1af520e3cee7db932f26c6c4e6e51a2ba72fde4b77dfb8,0.14606741573033707,0.021335689938139123,0.1836734693877551,0.03373594335693461,0.2727272727272727,0.07438016528925619
6,8,41,24,18,190,objective_development,36,delay,1,frozen,objective_development/larger/415/a6/s1/frozen/delay/lambda8,e4a07cf697ff1b64ef09c77c6e1b782648685e69f925968e912feb4b11ef53a8,415,larger,a3j1,3,True,0,reset_sensor,reset_sensor,55c04b8b4ea4a528ba4655869a689a7b1ffb9b1f786076bba132709da34ea01a,7122a3a68104010131909f7564b130ec74f6c264907d30890ace84d1454a91b7,e1a8c9d3569ee338ac46e902f2431e434d048aaefac50a777544950c0c40b528,0.14606741573033707,0.021335689938139123,0.1836734693877551,0.03373594335693461,0.14285714285714285,0.02040816326530612
6,8,41,24,18,190,objective_development,36,delay,1,frozen,objective_development/larger/415/a6/s1/frozen/delay/lambda8,e4a07cf697ff1b64ef09c77c6e1b782648685e69f925968e912feb4b11ef53a8,415,larger,a4j1,4,True,0,replace_filter,replace_filter,e4de7d95d6de13f3df8ee46fa3d2572679d6690964e5c4f61e99a83ecc144887,fcf12337bf7251964ad7eb92e883e1a08df2be02554da7e3395040e3d277094f,3a660afc731659612485076b6a2345ae5db841ed1719b1b57ef04bff9ec17044,0.14606741573033707,0.021335689938139123,0.1836734693877551,0.03373594335693461,0.14285714285714285,0.02040816326530612
6,8,41,24,18,190,objective_development,36,delay,1,frozen,objective_development/larger/415/a6/s1/frozen/delay/lambda8,e4a07cf697ff1b64ef09c77c6e1b782648685e69f925968e912feb4b11ef53a8,415,larger,a0j2,0,True,1,replace_filter,replace_filter,6274b46e9192a349ec8cd375ec633bc229f0851478755ff704407f3a87d7200f,41240b0819a0b5ea26548c85b93081b784c1f2a7f44adedd22b431ffcc8e7793,fc90de6826e93775f4a78df55fd74b2b93ed18b6b916818d7d7aca4b219488ea,0.14606741573033707,0.729200858477465,0.1836734693877551,0.6663890045814245,0.14285714285714285,0.7346938775510206
6,8,41,24,18,190,objective_development,36,delay,1,frozen,objective_development/larger/415/a6/s1/frozen/delay/lambda8,e4a07cf697ff1b64ef09c77c6e1b782648685e69f925968e912feb4b11ef53a8,415,larger,a1j2,1,False,1,replace_filter,reset_sensor,1646783b653e91217bcc6a407ca37c9f9a67d4785a7f4a93da7a3d35e85265a2,e0118058d23534589e175fb85214e0668a83b9aa4478ab3a5cc15c4cfa036f8f,1c6eaaf0a697436a17dcc15647e57e445a4d9074f98a47526a0f3cede8f9ab66,0.1836734693877551,0.6663890045814245,0.1836734693877551,0.6663890045814245,0.7272727272727273,0.07438016528925619
6,8,41,24,18,190,objective_development,36,delay,1,frozen,objective_development/larger/415/a6/s1/frozen/delay/lambda8,e4a07cf697ff1b64ef09c77c6e1b782648685e69f925968e912feb4b11ef53a8,415,larger,a5j2,5,True,1,replace_filter,replace_filter,d063a1c2333cebe944cc820f483e66d6d181f9423768394f4611f0f970b8dc2a,7284d4839652e635efd2d8bbf024a65b04330c80da9f0d683b006c25a9766169,26b5a9e5b1a8c81a857117f6baf1f52181ecb98fa511ed04dbaf9323b6d8b7ee,0.14606741573033707,0.729200858477465,0.1836734693877551,0.6663890045814245,0.14285714285714285,0.7346938775510206
6,8,41,24,18,190,objective_development,36,delay,1,frozen,objective_development/larger/415/a6/s1/frozen/delay/lambda8,e4a07cf697ff1b64ef09c77c6e1b782648685e69f925968e912feb4b11ef53a8,415,larger,a2j2,2,True,1,reset_sensor,reset_sensor,1c72a2dc8f47688c733eaeb51f27ecf614df146f2cfdfbcefe99ec9531e0cf81,be3df15391421fa8bab0b2846667c3cb2173723188493b62dac2b2e84d7c7588,6662b214bbdd8ce0694e93b8105ebb19ad4801467383366d2368201d800c1665,0.14606741573033707,0.729200858477465,0.1836734693877551,0.6663890045814245,0.2727272727272727,0.5289256198347108
6,8,41,24,18,190,objective_development,36,delay,1,frozen,objective_development/larger/415/a6/s1/frozen/delay/lambda8,e4a07cf697ff1b64ef09c77c6e1b782648685e69f925968e912feb4b11ef53a8,415,larger,a3j2,3,True,0,replace_filter,replace_filter,b48f095ee1a3a3ccfbf200783f45860e433310681919bf5a98d0ffea9fc8eadc,4ec6ce98c8dbbf682528aaa92a732fb33a03e96d48c480b49c8495a1627d1a9d,33c98c6ec05b958e4294cf7b97973abcb800ea12c9fecb1460830e98a4162f61,0.14606741573033707,0.021335689938139123,0.1836734693877551,0.03373594335693461,0.14285714285714285,0.02040816326530612
6,8,41,24,18,190,objective_development,36,delay,1,frozen,objective_development/larger/415/a6/s1/frozen/delay/lambda8,e4a07cf697ff1b64ef09c77c6e1b782648685e69f925968e912feb4b11ef53a8,415,larger,a4j2,4,True,1,reset_sensor,reset_sensor,f8aa9b530ad5f69351aa99d2695f17dd84eb40184d8b721c52d0af14b5d2dd34,d2249bcf20feea26c60f7977785f84660aab4cba0b2dfad30ecc47ca5b31d597,66ad64386656d94f035d119ff3094350b2b6cdfb6eef6c6753c8deb8f76becf8,0.14606741573033707,0.729200858477465,0.1836734693877551,0.6663890045814245,0.14285714285714285,0.7346938775510206
3,0,42,12,6,48,objective_development,12,delay,2,frozen,objective_development/competition/415/a3/s2/frozen/delay/lambda0,6b42cbddfcbf36a65c184d99624f0017580e480c25dae807dbd39c49bb52b168,415,competition,a0j0,0,True,0,reset_sensor,reset_sensor,9bfe96f0f3fd13da1ccaa711aa826024631ec2d25e47ebe2d4728fc2bf9636cf,cbc8fc0e7658066f796e5e7c3c19dfbeba2e5c789c4aa9a4f554e7a5c8189f05,cef072785d16ca1689799ca323fb6b31666d9ac4e9ab445c66de9de1450aeaf0,0.14606741573033707,0.021335689938139123,0.1836734693877551,0.03373594335693461,0.14285714285714285,0.02040816326530612
3,0,42,12,6,48,objective_development,12,delay,2,frozen,objective_development/competition/415/a3/s2/frozen/delay/lambda0,6b42cbddfcbf36a65c184d99624f0017580e480c25dae807dbd39c49bb52b168,415,competition,a1j0,1,True,0,reset_sensor,reset_sensor,4b3e039f2a2f5414ec17ef7856f0be8e5407455e6fae8bb63a1dff89bb601d2f,0b052d9ed5fc8e1ad4400ca1801be3e481ffd12343459f2247722ccfa32edecd,e126e18f46681d1465833805a8ac6d89423f2b506c4c351249a11a7e08d98678,0.14606741573033707,0.021335689938139123,0.1836734693877551,0.03373594335693461,0.14285714285714285,0.02040816326530612
3,0,42,12,6,48,objective_development,12,delay,2,frozen,objective_development/competition/415/a3/s2/frozen/delay/lambda0,6b42cbddfcbf36a65c184d99624f0017580e480c25dae807dbd39c49bb52b168,415,competition,a2j0,2,True,1,reset_sensor,reset_sensor,70bac08446e39a4c1f9ca817a33a5220b97bb372df80919391297bfbf6a48b0a,60e9f93a53932b21ab083a6dacf821ce41d1259156f5529047a0f4fc501592e8,fdd07b8d00358df2715d89ee09dc109ebdb90f13e9b665feb0c5e9d790b9b570,0.14606741573033707,0.729200858477465,0.1836734693877551,0.6663890045814245,0.14285714285714285,0.7346938775510206
3,0,42,12,6,48,objective_development,12,delay,2,frozen,objective_development/competition/415/a3/s2/frozen/delay/lambda0,6b42cbddfcbf36a65c184d99624f0017580e480c25dae807dbd39c49bb52b168,415,competition,a0j1,0,True,0,replace_filter,replace_filter,b5447289d910076513b32c79d3aacfda295eb0e6a576c940bae5d6aee9f552f0,85fafaf222e7f5382872596201a771de99fa73ed33c74fc2b13966b8467460d6,c64466cab1b2c07321970fd4da5b9325b8071a10ef4d9598c942aba8649ca855,0.14606741573033707,0.021335689938139123,0.1836734693877551,0.03373594335693461,0.14285714285714285,0.02040816326530612
3,0,42,12,6,48,objective_development,12,delay,2,frozen,objective_development/competition/415/a3/s2/frozen/delay/lambda0,6b42cbddfcbf36a65c184d99624f0017580e480c25dae807dbd39c49bb52b168,415,competition,a1j1,1,True,0,replace_filter,replace_filter,0e210068f4309f9338654f28e537e9c414538dd0266874bf40ecde309eb1ec04,443e18915f74a8a9d40f6d51aa6118c8e44a985301cf830d2e1db09f879d7793,33e403e70740bfbd658da4f4248e7e5e09162f8d750e7cfddaae20f9cc0e09e5,0.14606741573033707,0.021335689938139123,0.1836734693877551,0.03373594335693461,0.2727272727272727,0.07438016528925619
3,0,42,12,6,48,objective_development,12,delay,2,frozen,objective_development/competition/415/a3/s2/frozen/delay/lambda0,6b42cbddfcbf36a65c184d99624f0017580e480c25dae807dbd39c49bb52b168,415,competition,a2j1,2,True,0,reset_sensor,reset_sensor,4b848fb2260baa26589dd7b4a2a4c7a713ad7c80b5b0693206850504103ead19,41a56810dec428a76c0135642a66d9427293974e87a05d4e669e33b306544d67,1d727eee16c2e335fe728db52493b45c9548db1e6019cd4fcc3cc641de662c3f,0.14606741573033707,0.021335689938139123,0.1836734693877551,0.03373594335693461,0.14285714285714285,0.02040816326530612
3,4,43,12,6,48,objective_development,12,delay,2,frozen,objective_development/competition/415/a3/s2/frozen/delay/lambda4,6b42cbddfcbf36a65c184d99624f0017580e480c25dae807dbd39c49bb52b168,415,competition,a0j0,0,True,0,reset_sensor,reset_sensor,9bfe96f0f3fd13da1ccaa711aa826024631ec2d25e47ebe2d4728fc2bf9636cf,cbc8fc0e7658066f796e5e7c3c19dfbeba2e5c789c4aa9a4f554e7a5c8189f05,cef072785d16ca1689799ca323fb6b31666d9ac4e9ab445c66de9de1450aeaf0,0.14606741573033707,0.021335689938139123,0.1836734693877551,0.03373594335693461,0.14285714285714285,0.02040816326530612
3,4,43,12,6,48,objective_development,12,delay,2,frozen,objective_development/competition/415/a3/s2/frozen/delay/lambda4,6b42cbddfcbf36a65c184d99624f0017580e480c25dae807dbd39c49bb52b168,415,competition,a1j0,1,True,0,reset_sensor,reset_sensor,4b3e039f2a2f5414ec17ef7856f0be8e5407455e6fae8bb63a1dff89bb601d2f,0b052d9ed5fc8e1ad4400ca1801be3e481ffd12343459f2247722ccfa32edecd,e126e18f46681d1465833805a8ac6d89423f2b506c4c351249a11a7e08d98678,0.14606741573033707,0.021335689938139123,0.1836734693877551,0.03373594335693461,0.14285714285714285,0.02040816326530612
3,4,43,12,6,48,objective_development,12,delay,2,frozen,objective_development/competition/415/a3/s2/frozen/delay/lambda4,6b42cbddfcbf36a65c184d99624f0017580e480c25dae807dbd39c49bb52b168,415,competition,a2j0,2,True,1,reset_sensor,reset_sensor,70bac08446e39a4c1f9ca817a33a5220b97bb372df80919391297bfbf6a48b0a,60e9f93a53932b21ab083a6dacf821ce41d1259156f5529047a0f4fc501592e8,fdd07b8d00358df2715d89ee09dc109ebdb90f13e9b665feb0c5e9d790b9b570,0.14606741573033707,0.729200858477465,0.1836734693877551,0.6663890045814245,0.14285714285714285,0.7346938775510206
3,4,43,12,6,48,objective_development,12,delay,2,frozen,objective_development/competition/415/a3/s2/frozen/delay/lambda4,6b42cbddfcbf36a65c184d99624f0017580e480c25dae807dbd39c49bb52b168,415,competition,a0j1,0,True,0,replace_filter,replace_filter,b5447289d910076513b32c79d3aacfda295eb0e6a576c940bae5d6aee9f552f0,85fafaf222e7f5382872596201a771de99fa73ed33c74fc2b13966b8467460d6,c64466cab1b2c07321970fd4da5b9325b8071a10ef4d9598c942aba8649ca855,0.14606741573033707,0.021335689938139123,0.1836734693877551,0.03373594335693461,0.14285714285714285,0.02040816326530612
3,4,43,12,6,48,objective_development,12,delay,2,frozen,objective_development/competition/415/a3/s2/frozen/delay/lambda4,6b42cbddfcbf36a65c184d99624f0017580e480c25dae807dbd39c49bb52b168,415,competition,a1j1,1,True,0,replace_filter,replace_filter,0e210068f4309f9338654f28e537e9c414538dd0266874bf40ecde309eb1ec04,443e18915f74a8a9d40f6d51aa6118c8e44a985301cf830d2e1db09f879d7793,33e403e70740bfbd658da4f4248e7e5e09162f8d750e7cfddaae20f9cc0e09e5,0.14606741573033707,0.021335689938139123,0.1836734693877551,0.03373594335693461,0.2727272727272727,0.07438016528925619
3,4,43,12,6,48,objective_development,12,delay,2,frozen,objective_development/competition/415/a3/s2/frozen/delay/lambda4,6b42cbddfcbf36a65c184d99624f0017580e480c25dae807dbd39c49bb52b168,415,competition,a2j1,2,True,0,reset_sensor,reset_sensor,4b848fb2260baa26589dd7b4a2a4c7a713ad7c80b5b0693206850504103ead19,41a56810dec428a76c0135642a66d9427293974e87a05d4e669e33b306544d67,1d727eee16c2e335fe728db52493b45c9548db1e6019cd4fcc3cc641de662c3f,0.14606741573033707,0.021335689938139123,0.1836734693877551,0.03373594335693461,0.14285714285714285,0.02040816326530612
3,8,44,12,6,48,objective_development,12,delay,2,frozen,objective_development/competition/415/a3/s2/frozen/delay/lambda8,6b42cbddfcbf36a65c184d99624f0017580e480c25dae807dbd39c49bb52b168,415,competition,a0j0,0,True,0,reset_sensor,reset_sensor,9bfe96f0f3fd13da1ccaa711aa826024631ec2d25e47ebe2d4728fc2bf9636cf,cbc8fc0e7658066f796e5e7c3c19dfbeba2e5c789c4aa9a4f554e7a5c8189f05,cef072785d16ca1689799ca323fb6b31666d9ac4e9ab445c66de9de1450aeaf0,0.14606741573033707,0.021335689938139123,0.1836734693877551,0.03373594335693461,0.14285714285714285,0.02040816326530612
3,8,44,12,6,48,objective_development,12,delay,2,frozen,objective_development/competition/415/a3/s2/frozen/delay/lambda8,6b42cbddfcbf36a65c184d99624f0017580e480c25dae807dbd39c49bb52b168,415,competition,a1j0,1,True,0,reset_sensor,reset_sensor,4b3e039f2a2f5414ec17ef7856f0be8e5407455e6fae8bb63a1dff89bb601d2f,0b052d9ed5fc8e1ad4400ca1801be3e481ffd12343459f2247722ccfa32edecd,e126e18f46681d1465833805a8ac6d89423f2b506c4c351249a11a7e08d98678,0.14606741573033707,0.021335689938139123,0.1836734693877551,0.03373594335693461,0.14285714285714285,0.02040816326530612
3,8,44,12,6,48,objective_development,12,delay,2,frozen,objective_development/competition/415/a3/s2/frozen/delay/lambda8,6b42cbddfcbf36a65c184d99624f0017580e480c25dae807dbd39c49bb52b168,415,competition,a2j0,2,True,1,reset_sensor,reset_sensor,70bac08446e39a4c1f9ca817a33a5220b97bb372df80919391297bfbf6a48b0a,60e9f93a53932b21ab083a6dacf821ce41d1259156f5529047a0f4fc501592e8,fdd07b8d00358df2715d89ee09dc109ebdb90f13e9b665feb0c5e9d790b9b570,0.14606741573033707,0.729200858477465,0.1836734693877551,0.6663890045814245,0.14285714285714285,0.7346938775510206
3,8,44,12,6,48,objective_development,12,delay,2,frozen,objective_development/competition/415/a3/s2/frozen/delay/lambda8,6b42cbddfcbf36a65c184d99624f0017580e480c25dae807dbd39c49bb52b168,415,competition,a0j1,0,True,0,replace_filter,replace_filter,b5447289d910076513b32c79d3aacfda295eb0e6a576c940bae5d6aee9f552f0,85fafaf222e7f5382872596201a771de99fa73ed33c74fc2b13966b8467460d6,c64466cab1b2c07321970fd4da5b9325b8071a10ef4d9598c942aba8649ca855,0.14606741573033707,0.021335689938139123,0.1836734693877551,0.03373594335693461,0.14285714285714285,0.02040816326530612
3,8,44,12,6,48,objective_development,12,delay,2,frozen,objective_development/competition/415/a3/s2/frozen/delay/lambda8,6b42cbddfcbf36a65c184d99624f0017580e480c25dae807dbd39c49bb52b168,415,competition,a1j1,1,True,0,replace_filter,replace_filter,0e210068f4309f9338654f28e537e9c414538dd0266874bf40ecde309eb1ec04,443e18915f74a8a9d40f6d51aa6118c8e44a985301cf830d2e1db09f879d7793,33e403e70740bfbd658da4f4248e7e5e09162f8d750e7cfddaae20f9cc0e09e5,0.14606741573033707,0.021335689938139123,0.1836734693877551,0.03373594335693461,0.2727272727272727,0.07438016528925619
3,8,44,12,6,48,objective_development,12,delay,2,frozen,objective_development/competition/415/a3/s2/frozen/delay/lambda8,6b42cbddfcbf36a65c184d99624f0017580e480c25dae807dbd39c49bb52b168,415,competition,a2j1,2,True,0,reset_sensor,reset_sensor,4b848fb2260baa26589dd7b4a2a4c7a713ad7c80b5b0693206850504103ead19,41a56810dec428a76c0135642a66d9427293974e87a05d4e669e33b306544d67,1d727eee16c2e335fe728db52493b45c9548db1e6019cd4fcc3cc641de662c3f,0.14606741573033707,0.021335689938139123,0.1836734693877551,0.03373594335693461,0.14285714285714285,0.02040816326530612
3,0,45,12,6,48,objective_development,12,delay,1,frozen,objective_development/competition/415/a3/s1/frozen/delay/lambda0,6b42cbddfcbf36a65c184d99624f0017580e480c25dae807dbd39c49bb52b168,415,competition,a0j0,0,True,0,reset_sensor,reset_sensor,9bfe96f0f3fd13da1ccaa711aa826024631ec2d25e47ebe2d4728fc2bf9636cf,cbc8fc0e7658066f796e5e7c3c19dfbeba2e5c789c4aa9a4f554e7a5c8189f05,cef072785d16ca1689799ca323fb6b31666d9ac4e9ab445c66de9de1450aeaf0,0.14606741573033707,0.021335689938139123,0.1836734693877551,0.03373594335693461,0.14285714285714285,0.02040816326530612
3,0,45,12,6,48,objective_development,12,delay,1,frozen,objective_development/competition/415/a3/s1/frozen/delay/lambda0,6b42cbddfcbf36a65c184d99624f0017580e480c25dae807dbd39c49bb52b168,415,competition,a1j0,1,True,0,reset_sensor,reset_sensor,4b3e039f2a2f5414ec17ef7856f0be8e5407455e6fae8bb63a1dff89bb601d2f,0b052d9ed5fc8e1ad4400ca1801be3e481ffd12343459f2247722ccfa32edecd,e126e18f46681d1465833805a8ac6d89423f2b506c4c351249a11a7e08d98678,0.14606741573033707,0.021335689938139123,0.1836734693877551,0.03373594335693461,0.14285714285714285,0.02040816326530612
3,0,45,12,6,48,objective_development,12,delay,1,frozen,objective_development/competition/415/a3/s1/frozen/delay/lambda0,6b42cbddfcbf36a65c184d99624f0017580e480c25dae807dbd39c49bb52b168,415,competition,a2j0,2,True,1,reset_sensor,reset_sensor,70bac08446e39a4c1f9ca817a33a5220b97bb372df80919391297bfbf6a48b0a,60e9f93a53932b21ab083a6dacf821ce41d1259156f5529047a0f4fc501592e8,fdd07b8d00358df2715d89ee09dc109ebdb90f13e9b665feb0c5e9d790b9b570,0.14606741573033707,0.729200858477465,0.1836734693877551,0.6663890045814245,0.14285714285714285,0.7346938775510206
3,0,45,12,6,48,objective_development,12,delay,1,frozen,objective_development/competition/415/a3/s1/frozen/delay/lambda0,6b42cbddfcbf36a65c184d99624f0017580e480c25dae807dbd39c49bb52b168,415,competition,a0j1,0,True,0,replace_filter,replace_filter,1df9acd66fae34cd41ff385501c5656bcd9c68e29c54567fbb78e6193af8f1d9,c174e1a7b931ae9e80d7ef227f72de6a93aa8a922755a54efdf3d240e9ea453b,1997fcb447bc89e9df67c8ecccbdf6a7d0297a98ab07b4050f496548e7dd7719,0.14606741573033707,0.021335689938139123,0.1836734693877551,0.03373594335693461,0.14285714285714285,0.02040816326530612
3,0,45,12,6,48,objective_development,12,delay,1,frozen,objective_development/competition/415/a3/s1/frozen/delay/lambda0,6b42cbddfcbf36a65c184d99624f0017580e480c25dae807dbd39c49bb52b168,415,competition,a1j1,1,True,0,replace_filter,replace_filter,0e210068f4309f9338654f28e537e9c414538dd0266874bf40ecde309eb1ec04,443e18915f74a8a9d40f6d51aa6118c8e44a985301cf830d2e1db09f879d7793,33e403e70740bfbd658da4f4248e7e5e09162f8d750e7cfddaae20f9cc0e09e5,0.14606741573033707,0.021335689938139123,0.1836734693877551,0.03373594335693461,0.2727272727272727,0.07438016528925619
3,0,45,12,6,48,objective_development,12,delay,1,frozen,objective_development/competition/415/a3/s1/frozen/delay/lambda0,6b42cbddfcbf36a65c184d99624f0017580e480c25dae807dbd39c49bb52b168,415,competition,a2j1,2,False,0,reset_sensor,replace_filter,bef2e34605cc2150f8065ed97d329aed3c3a5fceae6397a87da30227d084dab7,5f1a880bb2fcadad99ec64756dfcdc1dd30dfe2f7c362f49eb65b6bf1893d0c6,bc2a97de868233e05b92c7f822deea02895d5775a51cc4fdbfcee78c8c64095f,0.1836734693877551,0.03373594335693461,0.1836734693877551,0.03373594335693461,0.14285714285714285,0.02040816326530612
3,4,46,12,6,48,objective_development,12,delay,1,frozen,objective_development/competition/415/a3/s1/frozen/delay/lambda4,6b42cbddfcbf36a65c184d99624f0017580e480c25dae807dbd39c49bb52b168,415,competition,a0j0,0,True,0,reset_sensor,reset_sensor,9bfe96f0f3fd13da1ccaa711aa826024631ec2d25e47ebe2d4728fc2bf9636cf,cbc8fc0e7658066f796e5e7c3c19dfbeba2e5c789c4aa9a4f554e7a5c8189f05,cef072785d16ca1689799ca323fb6b31666d9ac4e9ab445c66de9de1450aeaf0,0.14606741573033707,0.021335689938139123,0.1836734693877551,0.03373594335693461,0.14285714285714285,0.02040816326530612
3,4,46,12,6,48,objective_development,12,delay,1,frozen,objective_development/competition/415/a3/s1/frozen/delay/lambda4,6b42cbddfcbf36a65c184d99624f0017580e480c25dae807dbd39c49bb52b168,415,competition,a1j0,1,True,0,reset_sensor,reset_sensor,4b3e039f2a2f5414ec17ef7856f0be8e5407455e6fae8bb63a1dff89bb601d2f,0b052d9ed5fc8e1ad4400ca1801be3e481ffd12343459f2247722ccfa32edecd,e126e18f46681d1465833805a8ac6d89423f2b506c4c351249a11a7e08d98678,0.14606741573033707,0.021335689938139123,0.1836734693877551,0.03373594335693461,0.14285714285714285,0.02040816326530612
3,4,46,12,6,48,objective_development,12,delay,1,frozen,objective_development/competition/415/a3/s1/frozen/delay/lambda4,6b42cbddfcbf36a65c184d99624f0017580e480c25dae807dbd39c49bb52b168,415,competition,a2j0,2,True,1,reset_sensor,reset_sensor,70bac08446e39a4c1f9ca817a33a5220b97bb372df80919391297bfbf6a48b0a,60e9f93a53932b21ab083a6dacf821ce41d1259156f5529047a0f4fc501592e8,fdd07b8d00358df2715d89ee09dc109ebdb90f13e9b665feb0c5e9d790b9b570,0.14606741573033707,0.729200858477465,0.1836734693877551,0.6663890045814245,0.14285714285714285,0.7346938775510206
3,4,46,12,6,48,objective_development,12,delay,1,frozen,objective_development/competition/415/a3/s1/frozen/delay/lambda4,6b42cbddfcbf36a65c184d99624f0017580e480c25dae807dbd39c49bb52b168,415,competition,a0j1,0,True,0,replace_filter,replace_filter,1df9acd66fae34cd41ff385501c5656bcd9c68e29c54567fbb78e6193af8f1d9,c174e1a7b931ae9e80d7ef227f72de6a93aa8a922755a54efdf3d240e9ea453b,1997fcb447bc89e9df67c8ecccbdf6a7d0297a98ab07b4050f496548e7dd7719,0.14606741573033707,0.021335689938139123,0.1836734693877551,0.03373594335693461,0.14285714285714285,0.02040816326530612
3,4,46,12,6,48,objective_development,12,delay,1,frozen,objective_development/competition/415/a3/s1/frozen/delay/lambda4,6b42cbddfcbf36a65c184d99624f0017580e480c25dae807dbd39c49bb52b168,415,competition,a1j1,1,True,0,replace_filter,replace_filter,0e210068f4309f9338654f28e537e9c414538dd0266874bf40ecde309eb1ec04,443e18915f74a8a9d40f6d51aa6118c8e44a985301cf830d2e1db09f879d7793,33e403e70740bfbd658da4f4248e7e5e09162f8d750e7cfddaae20f9cc0e09e5,0.14606741573033707,0.021335689938139123,0.1836734693877551,0.03373594335693461,0.2727272727272727,0.07438016528925619
3,4,46,12,6,48,objective_development,12,delay,1,frozen,objective_development/competition/415/a3/s1/frozen/delay/lambda4,6b42cbddfcbf36a65c184d99624f0017580e480c25dae807dbd39c49bb52b168,415,competition,a2j1,2,False,0,reset_sensor,replace_filter,bef2e34605cc2150f8065ed97d329aed3c3a5fceae6397a87da30227d084dab7,5f1a880bb2fcadad99ec64756dfcdc1dd30dfe2f7c362f49eb65b6bf1893d0c6,bc2a97de868233e05b92c7f822deea02895d5775a51cc4fdbfcee78c8c64095f,0.1836734693877551,0.03373594335693461,0.1836734693877551,0.03373594335693461,0.14285714285714285,0.02040816326530612
3,8,47,12,6,48,objective_development,12,delay,1,frozen,objective_development/competition/415/a3/s1/frozen/delay/lambda8,6b42cbddfcbf36a65c184d99624f0017580e480c25dae807dbd39c49bb52b168,415,competition,a0j0,0,True,0,reset_sensor,reset_sensor,9bfe96f0f3fd13da1ccaa711aa826024631ec2d25e47ebe2d4728fc2bf9636cf,cbc8fc0e7658066f796e5e7c3c19dfbeba2e5c789c4aa9a4f554e7a5c8189f05,cef072785d16ca1689799ca323fb6b31666d9ac4e9ab445c66de9de1450aeaf0,0.14606741573033707,0.021335689938139123,0.1836734693877551,0.03373594335693461,0.14285714285714285,0.02040816326530612
3,8,47,12,6,48,objective_development,12,delay,1,frozen,objective_development/competition/415/a3/s1/frozen/delay/lambda8,6b42cbddfcbf36a65c184d99624f0017580e480c25dae807dbd39c49bb52b168,415,competition,a1j0,1,True,0,reset_sensor,reset_sensor,4b3e039f2a2f5414ec17ef7856f0be8e5407455e6fae8bb63a1dff89bb601d2f,0b052d9ed5fc8e1ad4400ca1801be3e481ffd12343459f2247722ccfa32edecd,e126e18f46681d1465833805a8ac6d89423f2b506c4c351249a11a7e08d98678,0.14606741573033707,0.021335689938139123,0.1836734693877551,0.03373594335693461,0.14285714285714285,0.02040816326530612
3,8,47,12,6,48,objective_development,12,delay,1,frozen,objective_development/competition/415/a3/s1/frozen/delay/lambda8,6b42cbddfcbf36a65c184d99624f0017580e480c25dae807dbd39c49bb52b168,415,competition,a2j0,2,True,1,reset_sensor,reset_sensor,70bac08446e39a4c1f9ca817a33a5220b97bb372df80919391297bfbf6a48b0a,60e9f93a53932b21ab083a6dacf821ce41d1259156f5529047a0f4fc501592e8,fdd07b8d00358df2715d89ee09dc109ebdb90f13e9b665feb0c5e9d790b9b570,0.14606741573033707,0.729200858477465,0.1836734693877551,0.6663890045814245,0.14285714285714285,0.7346938775510206
3,8,47,12,6,48,objective_development,12,delay,1,frozen,objective_development/competition/415/a3/s1/frozen/delay/lambda8,6b42cbddfcbf36a65c184d99624f0017580e480c25dae807dbd39c49bb52b168,415,competition,a0j1,0,True,0,replace_filter,replace_filter,1df9acd66fae34cd41ff385501c5656bcd9c68e29c54567fbb78e6193af8f1d9,c174e1a7b931ae9e80d7ef227f72de6a93aa8a922755a54efdf3d240e9ea453b,1997fcb447bc89e9df67c8ecccbdf6a7d0297a98ab07b4050f496548e7dd7719,0.14606741573033707,0.021335689938139123,0.1836734693877551,0.03373594335693461,0.14285714285714285,0.02040816326530612
3,8,47,12,6,48,objective_development,12,delay,1,frozen,objective_development/competition/415/a3/s1/frozen/delay/lambda8,6b42cbddfcbf36a65c184d99624f0017580e480c25dae807dbd39c49bb52b168,415,competition,a1j1,1,True,0,replace_filter,replace_filter,0e210068f4309f9338654f28e537e9c414538dd0266874bf40ecde309eb1ec04,443e18915f74a8a9d40f6d51aa6118c8e44a985301cf830d2e1db09f879d7793,33e403e70740bfbd658da4f4248e7e5e09162f8d750e7cfddaae20f9cc0e09e5,0.14606741573033707,0.021335689938139123,0.1836734693877551,0.03373594335693461,0.2727272727272727,0.07438016528925619
3,8,47,12,6,48,objective_development,12,delay,1,frozen,objective_development/competition/415/a3/s1/frozen/delay/lambda8,6b42cbddfcbf36a65c184d99624f0017580e480c25dae807dbd39c49bb52b168,415,competition,a2j1,2,False,0,reset_sensor,replace_filter,bef2e34605cc2150f8065ed97d329aed3c3a5fceae6397a87da30227d084dab7,5f1a880bb2fcadad99ec64756dfcdc1dd30dfe2f7c362f49eb65b6bf1893d0c6,bc2a97de868233e05b92c7f822deea02895d5775a51cc4fdbfcee78c8c64095f,0.1836734693877551,0.03373594335693461,0.1836734693877551,0.03373594335693461,0.14285714285714285,0.02040816326530612
