id,family,seed,method,budget,episode_seconds,planning_seconds,planning_calls,max_nodes
independent_2000,independent,2000,no_review,0,0.00011430901940912008,0,0,0
independent_2000,independent,2000,no_review,1,9.839492850005627e-05,0,0,0
independent_2000,independent,2000,no_review,2,7.956998888403177e-05,0,0,0
independent_2000,independent,2000,no_review,4,7.632607594132423e-05,0,0,0
independent_2000,independent,2000,no_review,6,7.80279515311122e-05,0,0,0
independent_2000,independent,2000,no_review,unlimited,7.538299541920424e-05,0,0,0
independent_2000,independent,2000,memory,0,9.465008042752743e-05,0,0,0
independent_2000,independent,2000,memory,1,9.968399535864592e-05,0,0,0
independent_2000,independent,2000,memory,2,0.00010709499474614859,0,0,0
independent_2000,independent,2000,memory,4,9.346497245132923e-05,0,0,0
independent_2000,independent,2000,memory,6,9.132805280387402e-05,0,0,0
independent_2000,independent,2000,memory,unlimited,9.353691712021828e-05,0,0,0
independent_2000,independent,2000,uncertainty,0,8.313998114317656e-05,0,0,0
independent_2000,independent,2000,uncertainty,1,0.00020492193289101124,0,0,0
independent_2000,independent,2000,uncertainty,2,0.0002661999315023422,0,0,0
independent_2000,independent,2000,uncertainty,4,0.00032813893631100655,0,0,0
independent_2000,independent,2000,uncertainty,6,0.00031282403506338596,0,0,0
independent_2000,independent,2000,uncertainty,unlimited,0.00031641998793929815,0,0,0
independent_2000,independent,2000,depth1,0,0.0001246670726686716,2.9666000045835972e-05,1,1
independent_2000,independent,2000,depth1,1,0.00039988697972148657,0.00026265496853739023,2,9
independent_2000,independent,2000,depth1,2,0.0006810050690546632,0.0004986178828403354,3,9
independent_2000,independent,2000,depth1,4,0.0009961629984900355,0.0007180200191214681,5,9
independent_2000,independent,2000,depth1,6,0.0009539059828966856,0.0006947949295863509,5,9
independent_2000,independent,2000,depth1,unlimited,0.0009489998919889331,0.0006882417947053909,5,9
independent_2000,independent,2000,completion,0,9.425298776477575e-05,0,0,0
independent_2000,independent,2000,completion,1,0.00018583505880087614,0,0,0
independent_2000,independent,2000,completion,2,0.00027382199186831713,0,0,0
independent_2000,independent,2000,completion,4,0.00044998398516327143,0,0,0
independent_2000,independent,2000,completion,6,0.0004418790340423584,0,0,0
independent_2000,independent,2000,completion,unlimited,0.0004924039822071791,0,0,0
independent_2000,independent,2000,depth2,0,9.695393964648247e-05,1.3810000382363796e-05,1,1
independent_2000,independent,2000,depth2,1,0.0003795650554820895,0.0002488689497113228,2,9
independent_2000,independent,2000,depth2,2,0.001441329950466752,0.0012637649197131395,3,33
independent_2000,independent,2000,depth2,4,0.002346036024391651,0.0020590078784152865,5,33
independent_2000,independent,2000,depth2,6,0.002970550092868507,0.002668551984243095,5,33
independent_2000,independent,2000,depth2,unlimited,0.0023444800172001123,0.0020499442471191287,5,33
independent_2000,independent,2000,depth3,0,0.00010446691885590553,8.677947334945202e-06,1,1
independent_2000,independent,2000,depth3,1,0.00038594799116253853,0.0002527650212869048,2,9
independent_2000,independent,2000,depth3,2,0.001465161913074553,0.0012763909762725234,3,33
independent_2000,independent,2000,depth3,4,0.003988693933933973,0.0036918041296303272,5,65
independent_2000,independent,2000,depth3,6,0.003849137923680246,0.003568330896086991,5,65
independent_2000,independent,2000,depth3,unlimited,0.004309520940296352,0.003944324795156717,5,65
independent_2000,independent,2000,generic2,0,9.919493459165096e-05,8.558970876038074e-06,1,1
independent_2000,independent,2000,generic2,1,0.0004375509452074766,0.00027377100195735693,2,9
independent_2000,independent,2000,generic2,2,0.0016311389626935124,0.0014018701622262597,3,33
independent_2000,independent,2000,generic2,4,0.00248818495310843,0.0021674649324268103,5,33
independent_2000,independent,2000,generic2,6,0.0022949259728193283,0.002011113101616502,5,33
independent_2000,independent,2000,generic2,unlimited,0.002229653997346759,0.001956067979335785,5,33
independent_2000,independent,2000,no_scope,0,0.00016650801990181208,9.26596112549305e-06,1,1
independent_2000,independent,2000,no_scope,1,0.0004278450505807996,0.00027015397790819407,2,9
independent_2000,independent,2000,no_scope,2,0.0015344209969043732,0.0013084319652989507,3,33
independent_2000,independent,2000,no_scope,4,0.003564020968042314,0.0032577620586380363,5,33
independent_2000,independent,2000,no_scope,6,0.0021408708998933434,0.0018827250460162759,5,33
independent_2000,independent,2000,no_scope,unlimited,0.002200009999796748,0.0019400351447984576,5,33
independent_2000,independent,2000,request_specific,0,9.72159905359149e-05,9.053037501871586e-06,1,1
independent_2000,independent,2000,request_specific,1,0.0004524759715422988,0.00031037593726068735,2,9
independent_2000,independent,2000,request_specific,2,0.001460554078221321,0.0012670779833570123,3,33
independent_2000,independent,2000,request_specific,4,0.002647379064001143,0.002224970026873052,5,33
independent_2000,independent,2000,request_specific,6,0.0026551360497251153,0.002304106834344566,5,33
independent_2000,independent,2000,request_specific,unlimited,0.0024127999786287546,0.0021013900404796004,5,33
independent_2001,independent,2001,no_review,0,0.00011855899356305599,0,0,0
independent_2001,independent,2001,no_review,1,9.47869848459959e-05,0,0,0
independent_2001,independent,2001,no_review,2,9.285903070122004e-05,0,0,0
independent_2001,independent,2001,no_review,4,9.078998118638992e-05,0,0,0
independent_2001,independent,2001,no_review,6,9.039102587848902e-05,0,0,0
independent_2001,independent,2001,no_review,unlimited,9.16339922696352e-05,0,0,0
independent_2001,independent,2001,memory,0,0.00010089797433465719,0,0,0
independent_2001,independent,2001,memory,1,0.00011767400428652763,0,0,0
independent_2001,independent,2001,memory,2,0.00011068989988416433,0,0,0
independent_2001,independent,2001,memory,4,0.00010982097592204809,0,0,0
independent_2001,independent,2001,memory,6,0.0001261810539290309,0,0,0
independent_2001,independent,2001,memory,unlimited,0.00011131807696074247,0,0,0
independent_2001,independent,2001,uncertainty,0,0.0001008759718388319,0,0,0
independent_2001,independent,2001,uncertainty,1,0.0002151059452444315,0,0,0
independent_2001,independent,2001,uncertainty,2,0.0002587999915704131,0,0,0
independent_2001,independent,2001,uncertainty,4,0.0003259819932281971,0,0,0
independent_2001,independent,2001,uncertainty,6,0.0003062100149691105,0,0,0
independent_2001,independent,2001,uncertainty,unlimited,0.0003627169644460082,0,0,0
independent_2001,independent,2001,depth1,0,0.00011854397598654032,1.6586040146648884e-05,1,1
independent_2001,independent,2001,depth1,1,0.0003883920144289732,0.00024344108533114195,2,9
independent_2001,independent,2001,depth1,2,0.000616482924669981,0.00042764213867485523,3,9
independent_2001,independent,2001,depth1,4,0.0009548699017614126,0.0006986180087551475,5,9
independent_2001,independent,2001,depth1,6,0.0009485780028626323,0.0006966519868001342,5,9
independent_2001,independent,2001,depth1,unlimited,0.000870611984282732,0.0006136189913377166,5,9
independent_2001,independent,2001,completion,0,0.00010979408398270607,0,0,0
independent_2001,independent,2001,completion,1,0.0002740439958870411,0,0,0
independent_2001,independent,2001,completion,2,0.00027856905944645405,0,0,0
independent_2001,independent,2001,completion,4,0.0004346140194684267,0,0,0
independent_2001,independent,2001,completion,6,0.0004280019784346223,0,0,0
independent_2001,independent,2001,completion,unlimited,0.0004282130394130945,0,0,0
independent_2001,independent,2001,depth2,0,0.0001113800099119544,1.057400368154049e-05,1,1
independent_2001,independent,2001,depth2,1,0.00038707698695361614,0.00024210906121879816,2,9
independent_2001,independent,2001,depth2,2,0.001483440981246531,0.0012570569524541497,3,33
independent_2001,independent,2001,depth2,4,0.002372309099882841,0.0020670179510489106,5,33
independent_2001,independent,2001,depth2,6,0.0022970220306888223,0.0019999981159344316,5,33
independent_2001,independent,2001,depth2,unlimited,0.003484213026240468,0.0019359888974577188,5,33
independent_2001,independent,2001,depth3,0,0.00011310901027172804,8.486909791827202e-06,1,1
independent_2001,independent,2001,depth3,1,0.0004070830764248967,0.0002486009616404772,2,9
independent_2001,independent,2001,depth3,2,0.0014030489837750793,0.001212016912177205,3,33
independent_2001,independent,2001,depth3,4,0.003720690030604601,0.0034481670008972287,5,65
independent_2001,independent,2001,depth3,6,0.003724693087860942,0.0034404370235279202,5,65
independent_2001,independent,2001,depth3,unlimited,0.0039210530230775476,0.00359776197001338,5,65
independent_2001,independent,2001,generic2,0,0.00011910300236195326,8.841976523399353e-06,1,1
independent_2001,independent,2001,generic2,1,0.0004374419804662466,0.00026393099687993526,2,9
independent_2001,independent,2001,generic2,2,0.0032304369378834963,0.003008166910149157,3,33
independent_2001,independent,2001,generic2,4,0.0021720619406551123,0.0019059759797528386,5,33
independent_2001,independent,2001,generic2,6,0.0022755590034648776,0.0019982638768851757,5,33
independent_2001,independent,2001,generic2,unlimited,0.0022162040695548058,0.0019453988643363118,5,33
independent_2001,independent,2001,no_scope,0,0.00011356198228895664,8.511007763445377e-06,1,1
independent_2001,independent,2001,no_scope,1,0.0004944039974361658,0.00033597799483686686,2,9
independent_2001,independent,2001,no_scope,2,0.0013936279574409127,0.0012071268865838647,3,33
independent_2001,independent,2001,no_scope,4,0.002137561095878482,0.0018753401236608624,5,33
independent_2001,independent,2001,no_scope,6,0.0022196390200406313,0.001896904082968831,5,33
independent_2001,independent,2001,no_scope,unlimited,0.004199296003207564,0.003905986901372671,5,33
independent_2001,independent,2001,request_specific,0,0.00012729305308312178,9.316019713878632e-06,1,1
independent_2001,independent,2001,request_specific,1,0.00039386097341775894,0.0002447019796818495,2,9
independent_2001,independent,2001,request_specific,2,0.005498116021044552,0.005286148050799966,3,33
independent_2001,independent,2001,request_specific,4,0.0021391829941421747,0.0018737438367679715,5,33
independent_2001,independent,2001,request_specific,6,0.0024502340238541365,0.0021224708762019873,5,33
independent_2001,independent,2001,request_specific,unlimited,0.0022226909641176462,0.0019351370865479112,5,33
independent_2002,independent,2002,no_review,0,0.00010906695388257504,0,0,0
independent_2002,independent,2002,no_review,1,8.97879945114255e-05,0,0,0
independent_2002,independent,2002,no_review,2,8.574908133596182e-05,0,0,0
independent_2002,independent,2002,no_review,4,8.441193494945765e-05,0,0,0
independent_2002,independent,2002,no_review,6,8.404592517763376e-05,0,0,0
independent_2002,independent,2002,no_review,unlimited,8.54110112413764e-05,0,0,0
independent_2002,independent,2002,memory,0,9.611900895833969e-05,0,0,0
independent_2002,independent,2002,memory,1,0.00017633510287851095,0,0,0
independent_2002,independent,2002,memory,2,0.00010869698598980904,0,0,0
independent_2002,independent,2002,memory,4,0.00010430405382066965,0,0,0
independent_2002,independent,2002,memory,6,0.00010276597458869219,0,0,0
independent_2002,independent,2002,memory,unlimited,0.00010387599468231201,0,0,0
independent_2002,independent,2002,uncertainty,0,9.282410610467196e-05,0,0,0
independent_2002,independent,2002,uncertainty,1,0.00018804590217769146,0,0,0
independent_2002,independent,2002,uncertainty,2,0.0002260149922221899,0,0,0
independent_2002,independent,2002,uncertainty,4,0.0003107408992946148,0,0,0
independent_2002,independent,2002,uncertainty,6,0.0003099789610132575,0,0,0
independent_2002,independent,2002,uncertainty,unlimited,0.00030819501262158155,0,0,0
independent_2002,independent,2002,depth1,0,0.00010760698933154345,1.1845026165246964e-05,1,1
independent_2002,independent,2002,depth1,1,0.00043702300172299147,0.00029461097437888384,2,9
independent_2002,independent,2002,depth1,2,0.0006142249330878258,0.00042400206439197063,3,9
independent_2002,independent,2002,depth1,4,0.0009570029797032475,0.0006960222963243723,5,9
independent_2002,independent,2002,depth1,6,0.0008834770414978266,0.0006349250907078385,5,9
independent_2002,independent,2002,depth1,unlimited,0.0011118960101157427,0.0007744290633127093,5,9
independent_2002,independent,2002,completion,0,0.00016711396165192127,0,0,0
independent_2002,independent,2002,completion,1,0.000282482011243701,0,0,0
independent_2002,independent,2002,completion,2,0.00039692409336566925,0,0,0
independent_2002,independent,2002,completion,4,0.0004660020349547267,0,0,0
independent_2002,independent,2002,completion,6,0.00044364493805915117,0,0,0
independent_2002,independent,2002,completion,unlimited,0.0005309120751917362,0,0,0
independent_2002,independent,2002,depth2,0,0.00011468701995909214,1.6194069758057594e-05,1,1
independent_2002,independent,2002,depth2,1,0.00038809399120509624,0.0002463409909978509,2,9
independent_2002,independent,2002,depth2,2,0.0014266020152717829,0.0012397211976349354,3,33
independent_2002,independent,2002,depth2,4,0.002148600062355399,0.0018863648874685168,5,33
independent_2002,independent,2002,depth2,6,0.002177259069867432,0.0018550170352682471,5,33
independent_2002,independent,2002,depth2,unlimited,0.003010560991242528,0.002740955213084817,5,33
independent_2002,independent,2002,depth3,0,0.00010925799142569304,8.48202034831047e-06,1,1
independent_2002,independent,2002,depth3,1,0.00038024806417524815,0.00024011603090912104,2,9
independent_2002,independent,2002,depth3,2,0.0014801430515944958,0.0012762079713866115,3,33
independent_2002,independent,2002,depth3,4,0.0037698420928791165,0.003474108991213143,5,65
independent_2002,independent,2002,depth3,6,0.004236331908032298,0.003912248997949064,5,65
independent_2002,independent,2002,depth3,unlimited,0.0036559610161930323,0.0033870802726596594,5,65
independent_2002,independent,2002,generic2,0,0.00011304602958261967,8.760951459407806e-06,1,1
independent_2002,independent,2002,generic2,1,0.00041391607373952866,0.00026135705411434174,2,9
independent_2002,independent,2002,generic2,2,0.0025032019475474954,0.002315749879926443,3,33
independent_2002,independent,2002,generic2,4,0.0021510720252990723,0.0018900518771260977,5,33
independent_2002,independent,2002,generic2,6,0.0021648339461535215,0.0018913177773356438,5,33
independent_2002,independent,2002,generic2,unlimited,0.003138875006698072,0.0026367730461061,5,33
independent_2002,independent,2002,no_scope,0,0.00018364598508924246,1.4322926290333271e-05,1,1
independent_2002,independent,2002,no_scope,1,0.0007688949117437005,0.0005679960595443845,2,9
independent_2002,independent,2002,no_scope,2,0.0014645730843767524,0.0012689599534496665,3,33
independent_2002,independent,2002,no_scope,4,0.0021927630295976996,0.0019221570109948516,5,33
independent_2002,independent,2002,no_scope,6,0.0022802449529990554,0.002010900992900133,5,33
independent_2002,independent,2002,no_scope,unlimited,0.0035091079771518707,0.003224208950996399,5,33
independent_2002,independent,2002,request_specific,0,0.00010929396376013756,8.922070264816284e-06,1,1
independent_2002,independent,2002,request_specific,1,0.00038571294862776995,0.00024092115927487612,2,9
independent_2002,independent,2002,request_specific,2,0.001372947939671576,0.0011895119678229094,3,33
independent_2002,independent,2002,request_specific,4,0.0021677890326827765,0.0019052281277254224,5,33
independent_2002,independent,2002,request_specific,6,0.0022148570278659463,0.0019475450972095132,5,33
independent_2002,independent,2002,request_specific,unlimited,0.0034283269196748734,0.0030507699120789766,5,33
independent_2003,independent,2003,no_review,0,0.00010605691932141781,0,0,0
independent_2003,independent,2003,no_review,1,8.597690612077713e-05,0,0,0
independent_2003,independent,2003,no_review,2,8.271296974271536e-05,0,0,0
independent_2003,independent,2003,no_review,4,8.054007776081562e-05,0,0,0
independent_2003,independent,2003,no_review,6,8.042599074542522e-05,0,0,0
independent_2003,independent,2003,no_review,unlimited,8.079700637608767e-05,0,0,0
independent_2003,independent,2003,memory,0,8.8847940787673e-05,0,0,0
independent_2003,independent,2003,memory,1,0.00011078792158514261,0,0,0
independent_2003,independent,2003,memory,2,9.798503015190363e-05,0,0,0
independent_2003,independent,2003,memory,4,9.769701864570379e-05,0,0,0
independent_2003,independent,2003,memory,6,9.650690481066704e-05,0,0,0
independent_2003,independent,2003,memory,unlimited,9.865406900644302e-05,0,0,0
independent_2003,independent,2003,uncertainty,0,8.961709681898355e-05,0,0,0
independent_2003,independent,2003,uncertainty,1,0.000183548079803586,0,0,0
independent_2003,independent,2003,uncertainty,2,0.00022201891988515854,0,0,0
independent_2003,independent,2003,uncertainty,4,0.0003056880086660385,0,0,0
independent_2003,independent,2003,uncertainty,6,0.0003016650443896651,0,0,0
independent_2003,independent,2003,uncertainty,unlimited,0.00036520499270409346,0,0,0
independent_2003,independent,2003,depth1,0,0.00010508100967854261,1.4127930626273155e-05,1,1
independent_2003,independent,2003,depth1,1,0.0003748149611055851,0.00024083699099719524,2,9
independent_2003,independent,2003,depth1,2,0.0006026130868121982,0.0004250339698046446,3,9
independent_2003,independent,2003,depth1,4,0.0010289879282936454,0.0007297790143638849,5,9
independent_2003,independent,2003,depth1,6,0.0009750520111992955,0.0007135610794648528,5,9
independent_2003,independent,2003,depth1,unlimited,0.0008926859591156244,0.0006379048572853208,5,9
independent_2003,independent,2003,completion,0,9.884894825518131e-05,0,0,0
independent_2003,independent,2003,completion,1,0.00018871203064918518,0,0,0
independent_2003,independent,2003,completion,2,0.000355907017365098,0,0,0
independent_2003,independent,2003,completion,4,0.0004273330559954047,0,0,0
independent_2003,independent,2003,completion,6,0.00042623700574040413,0,0,0
independent_2003,independent,2003,completion,unlimited,0.000451341038569808,0,0,0
independent_2003,independent,2003,depth2,0,0.00010847102385014296,1.3498007319867611e-05,1,1
independent_2003,independent,2003,depth2,1,0.0004008379764854908,0.00025734491646289825,2,9
independent_2003,independent,2003,depth2,2,0.0022002480691298842,0.0018948379438370466,3,33
independent_2003,independent,2003,depth2,4,0.002698016003705561,0.002398709999397397,5,33
independent_2003,independent,2003,depth2,6,0.0021822239505127072,0.001915793982334435,5,33
independent_2003,independent,2003,depth2,unlimited,0.0022728610783815384,0.0019991910085082054,5,33
independent_2003,independent,2003,depth3,0,0.00010561593808233738,9.223935194313526e-06,1,1
independent_2003,independent,2003,depth3,1,0.00045403302647173405,0.0003167001996189356,2,9
independent_2003,independent,2003,depth3,2,0.00242063298355788,0.002232280094176531,3,33
independent_2003,independent,2003,depth3,4,0.003645226010121405,0.0033684869995340705,5,65
independent_2003,independent,2003,depth3,6,0.003738667001016438,0.0034542250214144588,5,65
independent_2003,independent,2003,depth3,unlimited,0.003908357000909746,0.003599151037633419,5,65
independent_2003,independent,2003,generic2,0,0.0001061740331351757,8.678995072841644e-06,1,1
independent_2003,independent,2003,generic2,1,0.0003986259689554572,0.00025865097995847464,2,9
independent_2003,independent,2003,generic2,2,0.0014336110325530171,0.001250048982910812,3,33
independent_2003,independent,2003,generic2,4,0.0023174399975687265,0.0020497069926932454,5,33
independent_2003,independent,2003,generic2,6,0.0035083770053461194,0.0032325999345630407,5,33
independent_2003,independent,2003,generic2,unlimited,0.002758371061645448,0.002370645757764578,5,33
independent_2003,independent,2003,no_scope,0,0.00017448293510824442,1.3345037586987019e-05,1,1
independent_2003,independent,2003,no_scope,1,0.0008060859981924295,0.0005776449106633663,2,9
independent_2003,independent,2003,no_scope,2,0.0015740919625386596,0.0013405350036919117,3,33
independent_2003,independent,2003,no_scope,4,0.0034623940009623766,0.003149086027406156,5,33
independent_2003,independent,2003,no_scope,6,0.002218669978901744,0.001960541936568916,5,33
independent_2003,independent,2003,no_scope,unlimited,0.002202625968493521,0.0019392010290175676,5,33
independent_2003,independent,2003,request_specific,0,0.0001054760068655014,9.051989763975143e-06,1,1
independent_2003,independent,2003,request_specific,1,0.00039223500061780214,0.00024441711138933897,2,9
independent_2003,independent,2003,request_specific,2,0.0014172770315781236,0.0012225429527461529,3,33
independent_2003,independent,2003,request_specific,4,0.003279126016423106,0.0029500199016183615,5,33
independent_2003,independent,2003,request_specific,6,0.002324045985005796,0.0020382319344207644,5,33
independent_2003,independent,2003,request_specific,unlimited,0.0021987350191920996,0.001906679943203926,5,33
shared_2000,shared,2000,no_review,0,9.213597513735294e-05,0,0,0
shared_2000,shared,2000,no_review,1,7.402198389172554e-05,0,0,0
shared_2000,shared,2000,no_review,2,7.10909953340888e-05,0,0,0
shared_2000,shared,2000,no_review,4,7.027492392808199e-05,0,0,0
shared_2000,shared,2000,no_review,6,7.11000757291913e-05,0,0,0
shared_2000,shared,2000,no_review,unlimited,7.189600728452206e-05,0,0,0
shared_2000,shared,2000,memory,0,8.116208482533693e-05,0,0,0
shared_2000,shared,2000,memory,1,9.05400374904275e-05,0,0,0
shared_2000,shared,2000,memory,2,8.794199675321579e-05,0,0,0
shared_2000,shared,2000,memory,4,0.0001280970172956586,0,0,0
shared_2000,shared,2000,memory,6,8.882803376764059e-05,0,0,0
shared_2000,shared,2000,memory,unlimited,8.741999045014381e-05,0,0,0
shared_2000,shared,2000,uncertainty,0,7.842399645596743e-05,0,0,0
shared_2000,shared,2000,uncertainty,1,0.00017589901108294725,0,0,0
shared_2000,shared,2000,uncertainty,2,0.00022273301146924496,0,0,0
shared_2000,shared,2000,uncertainty,4,0.00021941890008747578,0,0,0
shared_2000,shared,2000,uncertainty,6,0.0002158259740099311,0,0,0
shared_2000,shared,2000,uncertainty,unlimited,0.0002167699858546257,0,0,0
shared_2000,shared,2000,depth1,0,8.979602716863155e-05,1.2125005014240742e-05,1,1
shared_2000,shared,2000,depth1,1,0.00027010205667465925,0.0001355959102511406,2,5
shared_2000,shared,2000,depth1,2,0.0012221320066601038,0.001038920134305954,3,5
shared_2000,shared,2000,depth1,4,0.0003946180222555995,0.00021468009799718857,3,5
shared_2000,shared,2000,depth1,6,0.00038669793866574764,0.00021220010239630938,3,5
shared_2000,shared,2000,depth1,unlimited,0.0003810289781540632,0.00020418292842805386,3,5
shared_2000,shared,2000,completion,0,9.930890519171953e-05,0,0,0
shared_2000,shared,2000,completion,1,0.00021582609042525291,0,0,0
shared_2000,shared,2000,completion,2,0.000359229976311326,0,0,0
shared_2000,shared,2000,completion,4,0.00026305101346224546,0,0,0
shared_2000,shared,2000,completion,6,0.000260135973803699,0,0,0
shared_2000,shared,2000,completion,unlimited,0.00026343297213315964,0,0,0
shared_2000,shared,2000,depth2,0,9.018508717417717e-05,1.0212999768555164e-05,1,1
shared_2000,shared,2000,depth2,1,0.0002996940165758133,0.00015695008914917707,2,5
shared_2000,shared,2000,depth2,2,0.0005079560214653611,0.00032953592017292976,3,9
shared_2000,shared,2000,depth2,4,0.0005986640462651849,0.0004173920024186373,3,9
shared_2000,shared,2000,depth2,6,0.0005090129561722279,0.00032914511393755674,3,9
shared_2000,shared,2000,depth2,unlimited,0.0005024890415370464,0.00032178801484405994,3,9
shared_2000,shared,2000,depth3,0,9.456800762563944e-05,8.71298834681511e-06,1,1
shared_2000,shared,2000,depth3,1,0.0003624300006777048,0.00013583304826170206,2,5
shared_2000,shared,2000,depth3,2,0.0004962800303474069,0.0003168139373883605,3,9
shared_2000,shared,2000,depth3,4,0.0005453909980133176,0.0003657739143818617,3,9
shared_2000,shared,2000,depth3,6,0.0005690340185537934,0.0003796301316469908,3,9
shared_2000,shared,2000,depth3,unlimited,0.0006333639612421393,0.00032788387034088373,3,9
shared_2000,shared,2000,generic2,0,9.232002776116133e-05,8.12695361673832e-06,1,1
shared_2000,shared,2000,generic2,1,0.00028900604229420424,0.00014803698286414146,2,5
shared_2000,shared,2000,generic2,2,0.0007734399987384677,0.0004466490354388952,3,9
shared_2000,shared,2000,generic2,4,0.0010925669921562076,0.0007871829438954592,3,9
shared_2000,shared,2000,generic2,6,0.0009138040477409959,0.0006136669544503093,3,9
shared_2000,shared,2000,generic2,unlimited,0.0006481279851868749,0.0004277799744158983,3,9
shared_2000,shared,2000,no_scope,0,9.454996325075626e-05,8.355011232197285e-06,1,1
shared_2000,shared,2000,no_scope,1,0.00038832402788102627,0.0002472789492458105,2,5
shared_2000,shared,2000,no_scope,2,0.0005008201114833355,0.00032041105441749096,3,9
shared_2000,shared,2000,no_scope,4,0.000526105985045433,0.00034342799335718155,3,9
shared_2000,shared,2000,no_scope,6,0.0006109960377216339,0.0004292799858376384,3,9
shared_2000,shared,2000,no_scope,unlimited,0.000496100983582437,0.00031602405942976475,3,9
shared_2000,shared,2000,request_specific,0,0.00010600208770483732,8.761999197304249e-06,1,1
shared_2000,shared,2000,request_specific,1,0.0003829690394923091,0.00024844100698828697,2,9
shared_2000,shared,2000,request_specific,2,0.001422169036231935,0.0012329829623922706,3,33
shared_2000,shared,2000,request_specific,4,0.0022315270034596324,0.001965272123925388,5,33
shared_2000,shared,2000,request_specific,6,0.002750137005932629,0.00248603499494493,5,33
shared_2000,shared,2000,request_specific,unlimited,0.002146286075003445,0.00187357806134969,5,33
shared_2001,shared,2001,no_review,0,0.00011148699559271336,0,0,0
shared_2001,shared,2001,no_review,1,9.264005348086357e-05,0,0,0
shared_2001,shared,2001,no_review,2,9.09649534150958e-05,0,0,0
shared_2001,shared,2001,no_review,4,8.938892278820276e-05,0,0,0
shared_2001,shared,2001,no_review,6,9.106099605560303e-05,0,0,0
shared_2001,shared,2001,no_review,unlimited,9.00469021871686e-05,0,0,0
shared_2001,shared,2001,memory,0,9.99069306999445e-05,0,0,0
shared_2001,shared,2001,memory,1,0.00010876497253775597,0,0,0
shared_2001,shared,2001,memory,2,0.0001058429479598999,0,0,0
shared_2001,shared,2001,memory,4,0.00010580301750451326,0,0,0
shared_2001,shared,2001,memory,6,0.00010679895058274269,0,0,0
shared_2001,shared,2001,memory,unlimited,0.00010540010407567024,0,0,0
shared_2001,shared,2001,uncertainty,0,9.659805800765753e-05,0,0,0
shared_2001,shared,2001,uncertainty,1,0.00019013695418834686,0,0,0
shared_2001,shared,2001,uncertainty,2,0.00022566888947039843,0,0,0
shared_2001,shared,2001,uncertainty,4,0.0002204229822382331,0,0,0
shared_2001,shared,2001,uncertainty,6,0.00022040598560124636,0,0,0
shared_2001,shared,2001,uncertainty,unlimited,0.0002252210397273302,0,0,0
shared_2001,shared,2001,depth1,0,0.00011028500739485025,1.1872965842485428e-05,1,1
shared_2001,shared,2001,depth1,1,0.00027142802719026804,0.000135066919028759,2,5
shared_2001,shared,2001,depth1,2,0.0003890939988195896,0.0002098100958392024,3,5
shared_2001,shared,2001,depth1,4,0.0003943879855796695,0.0002159059513360262,3,5
shared_2001,shared,2001,depth1,6,0.0004781760508194566,0.0002987220650538802,3,5
shared_2001,shared,2001,depth1,unlimited,0.00039768905844539404,0.00020698201842606068,3,5
shared_2001,shared,2001,completion,0,0.0001049910206347704,0,0,0
shared_2001,shared,2001,completion,1,0.00019207107834517956,0,0,0
shared_2001,shared,2001,completion,2,0.0002705380320549011,0,0,0
shared_2001,shared,2001,completion,4,0.00028123706579208374,0,0,0
shared_2001,shared,2001,completion,6,0.00026401400100439787,0,0,0
shared_2001,shared,2001,completion,unlimited,0.0002656340366229415,0,0,0
shared_2001,shared,2001,depth2,0,0.0001082780072465539,9.812996722757816e-06,1,1
shared_2001,shared,2001,depth2,1,0.0002719409530982375,0.00013464305084198713,2,5
shared_2001,shared,2001,depth2,2,0.0005083419382572174,0.00032160605769604445,3,9
shared_2001,shared,2001,depth2,4,0.0005225270288065076,0.0003416091203689575,3,9
shared_2001,shared,2001,depth2,6,0.0005181560991331935,0.00033668498508632183,3,9
shared_2001,shared,2001,depth2,unlimited,0.0005920770345255733,0.0003135650185868144,3,9
shared_2001,shared,2001,depth3,0,0.0001081250375136733,8.060946129262447e-06,1,1
shared_2001,shared,2001,depth3,1,0.00026956398505717516,0.00013319402933120728,2,5
shared_2001,shared,2001,depth3,2,0.0005414740880951285,0.00032183388248085976,3,9
shared_2001,shared,2001,depth3,4,0.0006864479510113597,0.0004892979050055146,3,9
shared_2001,shared,2001,depth3,6,0.0005576229887083173,0.00036942504812031984,3,9
shared_2001,shared,2001,depth3,unlimited,0.0006208829581737518,0.00034570402931421995,3,9
shared_2001,shared,2001,generic2,0,0.00018510606605559587,1.3094977475702763e-05,1,1
shared_2001,shared,2001,generic2,1,0.0006661100778728724,0.0004357481375336647,2,5
shared_2001,shared,2001,generic2,2,0.0008733021095395088,0.0005787300178781152,3,9
shared_2001,shared,2001,generic2,4,0.0008307740790769458,0.0005935729714110494,3,9
shared_2001,shared,2001,generic2,6,0.0012610689736902714,0.001063939998857677,3,9
shared_2001,shared,2001,generic2,unlimited,0.00049876410048455,0.0003154819132760167,3,9
shared_2001,shared,2001,no_scope,0,0.00011965504381805658,1.6197911463677883e-05,1,1
shared_2001,shared,2001,no_scope,1,0.00027292908634990454,0.00013569602742791176,2,5
shared_2001,shared,2001,no_scope,2,0.0004985400009900331,0.00031993899028748274,3,9
shared_2001,shared,2001,no_scope,4,0.0006159060867503285,0.0003334630746394396,3,9
shared_2001,shared,2001,no_scope,6,0.0005100650014355779,0.00033171905670315027,3,9
shared_2001,shared,2001,no_scope,unlimited,0.0005133600207045674,0.00032698584254831076,3,9
shared_2001,shared,2001,request_specific,0,0.00022210401948541403,9.437906555831432e-06,1,1
shared_2001,shared,2001,request_specific,1,0.00039102009031921625,0.00024155410937964916,2,9
shared_2001,shared,2001,request_specific,2,0.0014299160102382302,0.001235912088304758,3,33
shared_2001,shared,2001,request_specific,4,0.0021501650335267186,0.0018877059919759631,5,33
shared_2001,shared,2001,request_specific,6,0.002148125902749598,0.0018795840442180634,5,33
shared_2001,shared,2001,request_specific,unlimited,0.0021801909897476435,0.0019128001295030117,5,33
shared_2002,shared,2002,no_review,0,0.00011554395314306021,0,0,0
shared_2002,shared,2002,no_review,1,9.328906890004873e-05,0,0,0
shared_2002,shared,2002,no_review,2,9.035901166498661e-05,0,0,0
shared_2002,shared,2002,no_review,4,8.957902900874615e-05,0,0,0
shared_2002,shared,2002,no_review,6,9.066401980817318e-05,0,0,0
shared_2002,shared,2002,no_review,unlimited,8.932291530072689e-05,0,0,0
shared_2002,shared,2002,memory,0,0.0001057949848473072,0,0,0
shared_2002,shared,2002,memory,1,0.00010950095020234585,0,0,0
shared_2002,shared,2002,memory,2,0.00010577600914984941,0,0,0
shared_2002,shared,2002,memory,4,0.00012148707173764706,0,0,0
shared_2002,shared,2002,memory,6,0.00010800990276038647,0,0,0
shared_2002,shared,2002,memory,unlimited,0.00010655296500772238,0,0,0
shared_2002,shared,2002,uncertainty,0,9.550794493407011e-05,0,0,0
shared_2002,shared,2002,uncertainty,1,0.0001936090411618352,0,0,0
shared_2002,shared,2002,uncertainty,2,0.00021821900736540556,0,0,0
shared_2002,shared,2002,uncertainty,4,0.00021550594829022884,0,0,0
shared_2002,shared,2002,uncertainty,6,0.000214923988096416,0,0,0
shared_2002,shared,2002,uncertainty,unlimited,0.00021676195319741964,0,0,0
shared_2002,shared,2002,depth1,0,0.00011630298104137182,1.7935060895979404e-05,1,1
shared_2002,shared,2002,depth1,1,0.0002786279655992985,0.00014035205822438002,2,5
shared_2002,shared,2002,depth1,2,0.0004768319195136428,0.00028202205430716276,3,5
shared_2002,shared,2002,depth1,4,0.0003992629935964942,0.00022077804896980524,3,5
shared_2002,shared,2002,depth1,6,0.00039519101846963167,0.0002170430961996317,3,5
shared_2002,shared,2002,depth1,unlimited,0.0004690689966082573,0.0002143279416486621,3,5
shared_2002,shared,2002,completion,0,0.00010425096843391657,0,0,0
shared_2002,shared,2002,completion,1,0.0001985769486054778,0,0,0
shared_2002,shared,2002,completion,2,0.0002664240309968591,0,0,0
shared_2002,shared,2002,completion,4,0.0002638009609654546,0,0,0
shared_2002,shared,2002,completion,6,0.0002636100398376584,0,0,0
shared_2002,shared,2002,completion,unlimited,0.0002752590226009488,0,0,0
shared_2002,shared,2002,depth2,0,0.00010894797742366791,9.668990969657898e-06,1,1
shared_2002,shared,2002,depth2,1,0.00027191208209842443,0.00013637205120176077,2,5
shared_2002,shared,2002,depth2,2,0.0005091100465506315,0.00032867700792849064,3,9
shared_2002,shared,2002,depth2,4,0.0006095300195738673,0.00042535807006061077,3,9
shared_2002,shared,2002,depth2,6,0.0005129929631948471,0.0003359989495947957,3,9
shared_2002,shared,2002,depth2,unlimited,0.0004996480420231819,0.00032071408350020647,3,9
shared_2002,shared,2002,depth3,0,0.00011433602776378393,8.088070899248123e-06,1,1
shared_2002,shared,2002,depth3,1,0.000361243961378932,0.00022272602654993534,2,5
shared_2002,shared,2002,depth3,2,0.0005063759163022041,0.0003184789093211293,3,9
shared_2002,shared,2002,depth3,4,0.0005927800666540861,0.00040958705358207226,3,9
shared_2002,shared,2002,depth3,6,0.0006748420419171453,0.0004908060654997826,3,9
shared_2002,shared,2002,depth3,unlimited,0.0005205998895689845,0.00032647803891450167,3,9
shared_2002,shared,2002,generic2,0,0.00011417700443416834,8.27200710773468e-06,1,1
shared_2002,shared,2002,generic2,1,0.0002880360698327422,0.00014518806710839272,2,5
shared_2002,shared,2002,generic2,2,0.000527373980730772,0.0003358580870553851,3,9
shared_2002,shared,2002,generic2,4,0.0008986620232462883,0.0005859459051862359,3,9
shared_2002,shared,2002,generic2,6,0.0009216979378834367,0.0006145370425656438,3,9
shared_2002,shared,2002,generic2,unlimited,0.000870457966811955,0.0005804760148748755,3,9
shared_2002,shared,2002,no_scope,0,0.00026845105458050966,0.00014165695756673813,1,1
shared_2002,shared,2002,no_scope,1,0.000275168102234602,0.0001338960137218237,2,5
shared_2002,shared,2002,no_scope,2,0.0005053140921518207,0.00032300897873938084,3,9
shared_2002,shared,2002,no_scope,4,0.0005357889458537102,0.0003512798575684428,3,9
shared_2002,shared,2002,no_scope,6,0.0006302760448306799,0.0004476309986785054,3,9
shared_2002,shared,2002,no_scope,unlimited,0.0005067919846624136,0.0003215111792087555,3,9
shared_2002,shared,2002,request_specific,0,0.00011284893844276667,8.797040209174156e-06,1,1
shared_2002,shared,2002,request_specific,1,0.000395660987123847,0.0002473779022693634,2,9
shared_2002,shared,2002,request_specific,2,0.0014541050186380744,0.0011602500453591347,3,33
shared_2002,shared,2002,request_specific,4,0.0022607860155403614,0.0019837399013340473,5,33
shared_2002,shared,2002,request_specific,6,0.003644520998932421,0.0032179688569158316,5,33
shared_2002,shared,2002,request_specific,unlimited,0.0027662679785862565,0.002450532978400588,5,33
shared_2003,shared,2003,no_review,0,8.750497363507748e-05,0,0,0
shared_2003,shared,2003,no_review,1,7.372605614364147e-05,0,0,0
shared_2003,shared,2003,no_review,2,7.118703797459602e-05,0,0,0
shared_2003,shared,2003,no_review,4,7.015606388449669e-05,0,0,0
shared_2003,shared,2003,no_review,6,6.92510511726141e-05,0,0,0
shared_2003,shared,2003,no_review,unlimited,6.992998532950878e-05,0,0,0
shared_2003,shared,2003,memory,0,7.972505409270525e-05,0,0,0
shared_2003,shared,2003,memory,1,8.936494123190641e-05,0,0,0
shared_2003,shared,2003,memory,2,8.659600280225277e-05,0,0,0
shared_2003,shared,2003,memory,4,8.519308175891638e-05,0,0,0
shared_2003,shared,2003,memory,6,8.615199476480484e-05,0,0,0
shared_2003,shared,2003,memory,unlimited,8.694094140082598e-05,0,0,0
shared_2003,shared,2003,uncertainty,0,7.855705916881561e-05,0,0,0
shared_2003,shared,2003,uncertainty,1,0.0001775550190359354,0,0,0
shared_2003,shared,2003,uncertainty,2,0.00022452394478023052,0,0,0
shared_2003,shared,2003,uncertainty,4,0.00022056803572922945,0,0,0
shared_2003,shared,2003,uncertainty,6,0.0002220110036432743,0,0,0
shared_2003,shared,2003,uncertainty,unlimited,0.00028865993954241276,0,0,0
shared_2003,shared,2003,depth1,0,9.382597636431456e-05,1.086108386516571e-05,1,1
shared_2003,shared,2003,depth1,1,0.00031849998049438,0.00014442997053265572,2,5
shared_2003,shared,2003,depth1,2,0.0003960859030485153,0.00021506496705114841,3,5
shared_2003,shared,2003,depth1,4,0.0004117629723623395,0.00023036194033920765,3,5
shared_2003,shared,2003,depth1,6,0.0004880239721387625,0.00030410406179726124,3,5
shared_2003,shared,2003,depth1,unlimited,0.00038079405203461647,0.00020475510973483324,3,5
shared_2003,shared,2003,completion,0,8.478900417685509e-05,0,0,0
shared_2003,shared,2003,completion,1,0.00018747604917734861,0,0,0
shared_2003,shared,2003,completion,2,0.00027105200570076704,0,0,0
shared_2003,shared,2003,completion,4,0.0002654010895639658,0,0,0
shared_2003,shared,2003,completion,6,0.0002661899197846651,0,0,0
shared_2003,shared,2003,completion,unlimited,0.0002681779442355037,0,0,0
shared_2003,shared,2003,depth2,0,9.179092012345791e-05,9.680050425231457e-06,1,1
shared_2003,shared,2003,depth2,1,0.00029332598205655813,0.0001526380656287074,2,5
shared_2003,shared,2003,depth2,2,0.0005960559938102961,0.0004033780423924327,3,9
shared_2003,shared,2003,depth2,4,0.000532912090420723,0.0003461040323600173,3,9
shared_2003,shared,2003,depth2,6,0.0008280070032924414,0.0005549759371206164,3,9
shared_2003,shared,2003,depth2,unlimited,0.001056391978636384,0.000739024137146771,3,9
shared_2003,shared,2003,depth3,0,0.00015540502499789,1.3257958926260471e-05,1,1
shared_2003,shared,2003,depth3,1,0.00047320208977907896,0.0002431711181998253,2,5
shared_2003,shared,2003,depth3,2,0.0006706540007144213,0.0004499770002439618,3,9
shared_2003,shared,2003,depth3,4,0.0006438449490815401,0.00045679707545787096,3,9
shared_2003,shared,2003,depth3,6,0.0005469619063660502,0.00036611303221434355,3,9
shared_2003,shared,2003,depth3,unlimited,0.0005142480367794633,0.00033280299976468086,3,9
shared_2003,shared,2003,generic2,0,9.108101949095726e-05,8.37002880871296e-06,1,1
shared_2003,shared,2003,generic2,1,0.0010856500593945384,0.0009430110221728683,2,5
shared_2003,shared,2003,generic2,2,0.0005078340182080865,0.00032808794640004635,3,9
shared_2003,shared,2003,generic2,4,0.0005124490708112717,0.0003330429317429662,3,9
shared_2003,shared,2003,generic2,6,0.0006468109786510468,0.0004470067797228694,3,9
shared_2003,shared,2003,generic2,unlimited,0.0005122150760143995,0.00032968795858323574,3,9
shared_2003,shared,2003,no_scope,0,9.132397826761007e-05,8.319970220327377e-06,1,1
shared_2003,shared,2003,no_scope,1,0.0002757629845291376,0.0001363959163427353,2,5
shared_2003,shared,2003,no_scope,2,0.0005960699636489153,0.00032825907692313194,3,9
shared_2003,shared,2003,no_scope,4,0.0005244810599833727,0.00033749209251254797,3,9
shared_2003,shared,2003,no_scope,6,0.0005292820278555155,0.0003348839236423373,3,9
shared_2003,shared,2003,no_scope,unlimited,0.000513315899297595,0.0003296269569545984,3,9
shared_2003,shared,2003,request_specific,0,9.768002200871706e-05,9.460956789553165e-06,1,1
shared_2003,shared,2003,request_specific,1,0.00037115905433893204,0.00023877096828073263,2,9
shared_2003,shared,2003,request_specific,2,0.001395524013787508,0.0012176039163023233,3,33
shared_2003,shared,2003,request_specific,4,0.0022987968986853957,0.0020135920494794846,5,33
shared_2003,shared,2003,request_specific,6,0.003089859033934772,0.0026495850179344416,5,33
shared_2003,shared,2003,request_specific,unlimited,0.002679158002138138,0.0023571280762553215,5,33
complementary_2000,complementary,2000,no_review,0,9.512004908174276e-05,0,0,0
complementary_2000,complementary,2000,no_review,1,7.927906699478626e-05,0,0,0
complementary_2000,complementary,2000,no_review,2,7.762107998132706e-05,0,0,0
complementary_2000,complementary,2000,no_review,4,7.60380644351244e-05,0,0,0
complementary_2000,complementary,2000,no_review,6,7.601396646350622e-05,0,0,0
complementary_2000,complementary,2000,no_review,unlimited,7.758103311061859e-05,0,0,0
complementary_2000,complementary,2000,memory,0,8.687807712703943e-05,0,0,0
complementary_2000,complementary,2000,memory,1,9.923498146235943e-05,0,0,0
complementary_2000,complementary,2000,memory,2,9.596697054803371e-05,0,0,0
complementary_2000,complementary,2000,memory,4,9.580596815794706e-05,0,0,0
complementary_2000,complementary,2000,memory,6,9.440095163881779e-05,0,0,0
complementary_2000,complementary,2000,memory,unlimited,9.458092972636223e-05,0,0,0
complementary_2000,complementary,2000,uncertainty,0,8.43970337882638e-05,0,0,0
complementary_2000,complementary,2000,uncertainty,1,0.00018294400069862604,0,0,0
complementary_2000,complementary,2000,uncertainty,2,0.0002446710132062435,0,0,0
complementary_2000,complementary,2000,uncertainty,4,0.00029341899789869785,0,0,0
complementary_2000,complementary,2000,uncertainty,6,0.0002889510942623019,0,0,0
complementary_2000,complementary,2000,uncertainty,unlimited,0.000349659938365221,0,0,0
complementary_2000,complementary,2000,depth1,0,9.981903713196516e-05,1.1416035704314709e-05,1,1
complementary_2000,complementary,2000,depth1,1,0.00037252798210829496,0.00023612205404788256,2,7
complementary_2000,complementary,2000,depth1,2,0.0005021409597247839,0.0003632910083979368,2,7
complementary_2000,complementary,2000,depth1,4,0.000714245019480586,0.0005617659771814942,2,7
complementary_2000,complementary,2000,depth1,6,0.0005063880234956741,0.0003610969288274646,2,7
complementary_2000,complementary,2000,depth1,unlimited,0.0005378209752961993,0.0003782861167564988,2,7
complementary_2000,complementary,2000,completion,0,9.75889852270484e-05,0,0,0
complementary_2000,complementary,2000,completion,1,0.00020770495757460594,0,0,0
complementary_2000,complementary,2000,completion,2,0.0002883259439840913,0,0,0
complementary_2000,complementary,2000,completion,4,0.0007522350642830133,0,0,0
complementary_2000,complementary,2000,completion,6,0.0006612989818677306,0,0,0
complementary_2000,complementary,2000,completion,unlimited,0.0006532769184559584,0,0,0
complementary_2000,complementary,2000,depth2,0,0.00017435499466955662,2.3683998733758926e-05,1,1
complementary_2000,complementary,2000,depth2,1,0.0006462449673563242,0.00041128601878881454,2,7
complementary_2000,complementary,2000,depth2,2,0.0010317759588360786,0.0008123688166961074,3,19
complementary_2000,complementary,2000,depth2,4,0.0012788960011675954,0.0010236080270260572,4,19
complementary_2000,complementary,2000,depth2,6,0.0013271670322865248,0.0010925168171525002,4,19
complementary_2000,complementary,2000,depth2,unlimited,0.0013475860469043255,0.0010635338257998228,4,19
complementary_2000,complementary,2000,depth3,0,0.00010319100692868233,9.029987268149853e-06,1,1
complementary_2000,complementary,2000,depth3,1,0.0003988860407844186,0.00023127393797039986,2,7
complementary_2000,complementary,2000,depth3,2,0.001125028938986361,0.0009103958727791905,3,19
complementary_2000,complementary,2000,depth3,4,0.001688395976088941,0.0014438348589465022,4,27
complementary_2000,complementary,2000,depth3,6,0.0016382629983127117,0.0013986699050292373,4,27
complementary_2000,complementary,2000,depth3,unlimited,0.0016615430358797312,0.0014156739925965667,4,27
complementary_2000,complementary,2000,generic2,0,0.00010276096872985363,8.277012966573238e-06,1,1
complementary_2000,complementary,2000,generic2,1,0.0003858129493892193,0.00024268601555377245,2,7
complementary_2000,complementary,2000,generic2,2,0.002041682950221002,0.0018328509759157896,3,19
complementary_2000,complementary,2000,generic2,4,0.0013709899503737688,0.0010908229742199183,4,19
complementary_2000,complementary,2000,generic2,6,0.0014574540546163917,0.0011690719984471798,4,19
complementary_2000,complementary,2000,generic2,unlimited,0.001774817006662488,0.0014296559384092689,4,19
complementary_2000,complementary,2000,no_scope,0,0.0001729229697957635,1.4678924344480038e-05,1,1
complementary_2000,complementary,2000,no_scope,1,0.0006536509608849883,0.000413481961004436,2,7
complementary_2000,complementary,2000,no_scope,2,0.001986932009458542,0.0016236291266977787,3,19
complementary_2000,complementary,2000,no_scope,4,0.0019309570780023932,0.001506900996901095,4,19
complementary_2000,complementary,2000,no_scope,6,0.002245822921395302,0.0019257271196693182,4,19
complementary_2000,complementary,2000,no_scope,unlimited,0.00123050797265023,0.0009901029989123344,4,19
complementary_2000,complementary,2000,request_specific,0,0.000104698003269732,9.275972843170166e-06,1,1
complementary_2000,complementary,2000,request_specific,1,0.0006250619189813733,0.00047128298319876194,2,15
complementary_2000,complementary,2000,request_specific,2,0.004526684992015362,0.00433077197521925,2,99
complementary_2000,complementary,2000,request_specific,4,0.010808428982272744,0.010488358908332884,4,99
complementary_2000,complementary,2000,request_specific,6,0.013400288997218013,0.01296069414820522,6,99
complementary_2000,complementary,2000,request_specific,unlimited,0.01291211904026568,0.01218659128062427,8,99
complementary_2001,complementary,2001,no_review,0,9.583588689565659e-05,0,0,0
complementary_2001,complementary,2001,no_review,1,8.146592881530523e-05,0,0,0
complementary_2001,complementary,2001,no_review,2,7.943704258650541e-05,0,0,0
complementary_2001,complementary,2001,no_review,4,8.550100028514862e-05,0,0,0
complementary_2001,complementary,2001,no_review,6,9.342108387500048e-05,0,0,0
complementary_2001,complementary,2001,no_review,unlimited,9.188998956233263e-05,0,0,0
complementary_2001,complementary,2001,memory,0,0.0002225589705631137,0,0,0
complementary_2001,complementary,2001,memory,1,0.0001301440643146634,0,0,0
complementary_2001,complementary,2001,memory,2,9.875907562673092e-05,0,0,0
complementary_2001,complementary,2001,memory,4,9.834999218583107e-05,0,0,0
complementary_2001,complementary,2001,memory,6,9.761692490428686e-05,0,0,0
complementary_2001,complementary,2001,memory,unlimited,9.639805648475885e-05,0,0,0
complementary_2001,complementary,2001,uncertainty,0,8.542998693883419e-05,0,0,0
complementary_2001,complementary,2001,uncertainty,1,0.0002263849601149559,0,0,0
complementary_2001,complementary,2001,uncertainty,2,0.00026485207490622997,0,0,0
complementary_2001,complementary,2001,uncertainty,4,0.00029794895090162754,0,0,0
complementary_2001,complementary,2001,uncertainty,6,0.0002973569789901376,0,0,0
complementary_2001,complementary,2001,uncertainty,unlimited,0.0002899580867961049,0,0,0
complementary_2001,complementary,2001,depth1,0,0.00011283205822110176,2.1009007468819618e-05,1,1
complementary_2001,complementary,2001,depth1,1,0.00043908797670155764,0.00024322594981640577,2,7
complementary_2001,complementary,2001,depth1,2,0.0008955299854278564,0.0006380539853125811,2,7
complementary_2001,complementary,2001,depth1,4,0.0009337560040876269,0.0006687919376417994,2,7
complementary_2001,complementary,2001,depth1,6,0.0011478409869596362,0.0008810140425339341,2,7
complementary_2001,complementary,2001,depth1,unlimited,0.000770587008446455,0.0005416850326582789,2,7
complementary_2001,complementary,2001,completion,0,0.0001420030603185296,0,0,0
complementary_2001,complementary,2001,completion,1,0.00022755400277674198,0,0,0
complementary_2001,complementary,2001,completion,2,0.00028308993205428123,0,0,0
complementary_2001,complementary,2001,completion,4,0.000560107990168035,0,0,0
complementary_2001,complementary,2001,completion,6,0.0005389879224821925,0,0,0
complementary_2001,complementary,2001,completion,unlimited,0.0006135230651125312,0,0,0
complementary_2001,complementary,2001,depth2,0,0.00011918903328478336,2.058397512882948e-05,1,1
complementary_2001,complementary,2001,depth2,1,0.002010854077525437,0.0017621769802644849,2,7
complementary_2001,complementary,2001,depth2,2,0.0015569860115647316,0.0012195869348943233,3,19
complementary_2001,complementary,2001,depth2,4,0.001594412955455482,0.0012975750723853707,4,19
complementary_2001,complementary,2001,depth2,6,0.001851745997555554,0.0014491999754682183,4,19
complementary_2001,complementary,2001,depth2,unlimited,0.0022137800697237253,0.0017800049390643835,4,19
complementary_2001,complementary,2001,depth3,0,0.0003648810088634491,1.3413955457508564e-05,1,1
complementary_2001,complementary,2001,depth3,1,0.0006144179496914148,0.0003714929334819317,2,7
complementary_2001,complementary,2001,depth3,2,0.0012702030362561345,0.000975690083578229,3,19
complementary_2001,complementary,2001,depth3,4,0.001957882079295814,0.0016852091066539288,4,27
complementary_2001,complementary,2001,depth3,6,0.0018479879945516586,0.001574421999976039,4,27
complementary_2001,complementary,2001,depth3,unlimited,0.0017277360893785954,0.0014188968343660235,4,27
complementary_2001,complementary,2001,generic2,0,0.00011326803360134363,8.925097063183784e-06,1,1
complementary_2001,complementary,2001,generic2,1,0.00048573699314147234,0.00024696101900190115,2,7
complementary_2001,complementary,2001,generic2,2,0.0010040870402008295,0.0008009991142898798,3,19
complementary_2001,complementary,2001,generic2,4,0.0014638920547440648,0.001183515996672213,4,19
complementary_2001,complementary,2001,generic2,6,0.001355694024823606,0.0011112692300230265,4,19
complementary_2001,complementary,2001,generic2,unlimited,0.0012665309477597475,0.0010232479544356465,4,19
complementary_2001,complementary,2001,no_scope,0,0.00019128096755594015,8.131028153002262e-06,1,1
complementary_2001,complementary,2001,no_scope,1,0.0003626460675150156,0.00022343092132359743,2,7
complementary_2001,complementary,2001,no_scope,2,0.0009742770344018936,0.0007808300433680415,3,19
complementary_2001,complementary,2001,no_scope,4,0.0014298100722953677,0.0011481362162157893,4,19
complementary_2001,complementary,2001,no_scope,6,0.0023870960576459765,0.00212998001370579,4,19
complementary_2001,complementary,2001,no_scope,unlimited,0.0012148900423198938,0.0009716340573504567,4,19
complementary_2001,complementary,2001,request_specific,0,0.00012163701467216015,9.356997907161713e-06,1,1
complementary_2001,complementary,2001,request_specific,1,0.0006972560659050941,0.0005294340662658215,2,15
complementary_2001,complementary,2001,request_specific,2,0.004696874995715916,0.004516541957855225,2,99
complementary_2001,complementary,2001,request_specific,4,0.009049960994161665,0.008761640056036413,4,99
complementary_2001,complementary,2001,request_specific,6,0.012503646896220744,0.01209477917291224,6,99
complementary_2001,complementary,2001,request_specific,unlimited,0.012032011989504099,0.011572471121326089,8,99
complementary_2002,complementary,2002,no_review,0,9.44420462474227e-05,0,0,0
complementary_2002,complementary,2002,no_review,1,8.11839709058404e-05,0,0,0
complementary_2002,complementary,2002,no_review,2,7.734703831374645e-05,0,0,0
complementary_2002,complementary,2002,no_review,4,7.56499357521534e-05,0,0,0
complementary_2002,complementary,2002,no_review,6,7.574900519102812e-05,0,0,0
complementary_2002,complementary,2002,no_review,unlimited,0.00011191295925527811,0,0,0
complementary_2002,complementary,2002,memory,0,8.616200648248196e-05,0,0,0
complementary_2002,complementary,2002,memory,1,9.793601930141449e-05,0,0,0
complementary_2002,complementary,2002,memory,2,9.455508552491665e-05,0,0,0
complementary_2002,complementary,2002,memory,4,9.336904622614384e-05,0,0,0
complementary_2002,complementary,2002,memory,6,9.530398529022932e-05,0,0,0
complementary_2002,complementary,2002,memory,unlimited,0.00015564600471407175,0,0,0
complementary_2002,complementary,2002,uncertainty,0,8.750893175601959e-05,0,0,0
complementary_2002,complementary,2002,uncertainty,1,0.0001866789534687996,0,0,0
complementary_2002,complementary,2002,uncertainty,2,0.00024411000777035952,0,0,0
complementary_2002,complementary,2002,uncertainty,4,0.0002809949219226837,0,0,0
complementary_2002,complementary,2002,uncertainty,6,0.000282590975984931,0,0,0
complementary_2002,complementary,2002,uncertainty,unlimited,0.0002815129701048136,0,0,0
complementary_2002,complementary,2002,depth1,0,9.718595538288355e-05,1.121696550399065e-05,1,1
complementary_2002,complementary,2002,depth1,1,0.00034750497434288263,0.00021672795992344618,2,7
complementary_2002,complementary,2002,depth1,2,0.0005700060864910483,0.00043402600567787886,2,7
complementary_2002,complementary,2002,depth1,4,0.0005013189511373639,0.00035078905057162046,2,7
complementary_2002,complementary,2002,depth1,6,0.000498910085298121,0.0003495829878374934,2,7
complementary_2002,complementary,2002,depth1,unlimited,0.0006199190393090248,0.00048235582653433084,2,7
complementary_2002,complementary,2002,completion,0,9.029102511703968e-05,0,0,0
complementary_2002,complementary,2002,completion,1,0.0002057390520349145,0,0,0
complementary_2002,complementary,2002,completion,2,0.0002745100064203143,0,0,0
complementary_2002,complementary,2002,completion,4,0.0004113719332963228,0,0,0
complementary_2002,complementary,2002,completion,6,0.0004888210678473115,0,0,0
complementary_2002,complementary,2002,completion,unlimited,0.0004626299487426877,0,0,0
complementary_2002,complementary,2002,depth2,0,0.00010324700269848108,1.4420016668736935e-05,1,1
complementary_2002,complementary,2002,depth2,1,0.00035814393777400255,0.00022330612409859896,2,7
complementary_2002,complementary,2002,depth2,2,0.0010768430074676871,0.0008636399870738387,3,19
complementary_2002,complementary,2002,depth2,4,0.0014128159964457154,0.0011696878354996443,4,19
complementary_2002,complementary,2002,depth2,6,0.0013178939698264003,0.0010834740241989493,4,19
complementary_2002,complementary,2002,depth2,unlimited,0.0013824490597471595,0.0011012260802090168,4,19
complementary_2002,complementary,2002,depth3,0,9.785103611648083e-05,7.907976396381855e-06,1,1
complementary_2002,complementary,2002,depth3,1,0.00042818195652216673,0.00022098899353295565,2,7
complementary_2002,complementary,2002,depth3,2,0.0009692090097814798,0.0007791669340804219,3,19
complementary_2002,complementary,2002,depth3,4,0.001661192043684423,0.0014255968853831291,4,27
complementary_2002,complementary,2002,depth3,6,0.001803920022211969,0.001559816999360919,4,27
complementary_2002,complementary,2002,depth3,unlimited,0.00168364099226892,0.0014507508603855968,4,27
complementary_2002,complementary,2002,generic2,0,0.00011496699880808592,7.711001671850681e-06,1,1
complementary_2002,complementary,2002,generic2,1,0.0005031360778957605,0.0003506959183141589,2,7
complementary_2002,complementary,2002,generic2,2,0.0009703389368951321,0.0007511248113587499,3,19
complementary_2002,complementary,2002,generic2,4,0.0025074119912460446,0.0022141747176647186,4,19
complementary_2002,complementary,2002,generic2,6,0.0013845140347257257,0.0010854459833353758,4,19
complementary_2002,complementary,2002,generic2,unlimited,0.0014121760614216328,0.0011122379219159484,4,19
complementary_2002,complementary,2002,no_scope,0,0.00010088796261698008,8.105998858809471e-06,1,1
complementary_2002,complementary,2002,no_scope,1,0.00036864704452455044,0.00023333693388849497,2,7
complementary_2002,complementary,2002,no_scope,2,0.001034693093970418,0.0008436789503321052,3,19
complementary_2002,complementary,2002,no_scope,4,0.0012885669711977243,0.0010536948684602976,4,19
complementary_2002,complementary,2002,no_scope,6,0.001268479973077774,0.0010307850316166878,4,19
complementary_2002,complementary,2002,no_scope,unlimited,0.0013269420014694333,0.0010680818231776357,4,19
complementary_2002,complementary,2002,request_specific,0,0.00010078400373458862,8.539063856005669e-06,1,1
complementary_2002,complementary,2002,request_specific,1,0.0006981240585446358,0.0005547639448195696,2,15
complementary_2002,complementary,2002,request_specific,2,0.0044369479874148965,0.0042616958962753415,2,99
complementary_2002,complementary,2002,request_specific,4,0.01011744502466172,0.00982059189118445,4,99
complementary_2002,complementary,2002,request_specific,6,0.01172800303902477,0.011307057924568653,6,99
complementary_2002,complementary,2002,request_specific,unlimited,0.01154629304073751,0.011048866086639464,8,99
complementary_2003,complementary,2003,no_review,0,9.651097934693098e-05,0,0,0
complementary_2003,complementary,2003,no_review,1,8.007499855011702e-05,0,0,0
complementary_2003,complementary,2003,no_review,2,7.693003863096237e-05,0,0,0
complementary_2003,complementary,2003,no_review,4,7.661199197173119e-05,0,0,0
complementary_2003,complementary,2003,no_review,6,7.60579714551568e-05,0,0,0
complementary_2003,complementary,2003,no_review,unlimited,7.787998765707016e-05,0,0,0
complementary_2003,complementary,2003,memory,0,8.605292532593012e-05,0,0,0
complementary_2003,complementary,2003,memory,1,9.848596528172493e-05,0,0,0
complementary_2003,complementary,2003,memory,2,9.521294850856066e-05,0,0,0
complementary_2003,complementary,2003,memory,4,9.424507152289152e-05,0,0,0
complementary_2003,complementary,2003,memory,6,9.276904165744781e-05,0,0,0
complementary_2003,complementary,2003,memory,unlimited,9.411503560841084e-05,0,0,0
complementary_2003,complementary,2003,uncertainty,0,8.285802323371172e-05,0,0,0
complementary_2003,complementary,2003,uncertainty,1,0.00017775106243789196,0,0,0
complementary_2003,complementary,2003,uncertainty,2,0.0003042119788005948,0,0,0
complementary_2003,complementary,2003,uncertainty,4,0.0002992359222844243,0,0,0
complementary_2003,complementary,2003,uncertainty,6,0.00028930394910275936,0,0,0
complementary_2003,complementary,2003,uncertainty,unlimited,0.00028246804140508175,0,0,0
complementary_2003,complementary,2003,depth1,0,9.692809544503689e-05,1.0523013770580292e-05,1,1
complementary_2003,complementary,2003,depth1,1,0.0003553490387275815,0.000220643007196486,2,7
complementary_2003,complementary,2003,depth1,2,0.0005247499793767929,0.0003788989270105958,2,7
complementary_2003,complementary,2003,depth1,4,0.0005676890723407269,0.0003660079091787338,2,7
complementary_2003,complementary,2003,depth1,6,0.0005240039899945259,0.00037902500480413437,2,7
complementary_2003,complementary,2003,depth1,unlimited,0.0005127330077812076,0.0003725190181285143,2,7
complementary_2003,complementary,2003,completion,0,9.683100506663322e-05,0,0,0
complementary_2003,complementary,2003,completion,1,0.0002012259792536497,0,0,0
complementary_2003,complementary,2003,completion,2,0.0002925209701061249,0,0,0
complementary_2003,complementary,2003,completion,4,0.0003806831082329154,0,0,0
complementary_2003,complementary,2003,completion,6,0.00037879892624914646,0,0,0
complementary_2003,complementary,2003,completion,unlimited,0.00037647702265530825,0,0,0
complementary_2003,complementary,2003,depth2,0,0.00010083906818181276,1.3755052350461483e-05,1,1
complementary_2003,complementary,2003,depth2,1,0.00036492699291557074,0.00022808602079749107,2,7
complementary_2003,complementary,2003,depth2,2,0.0010989690199494362,0.0009019169956445694,3,19
complementary_2003,complementary,2003,depth2,4,0.00208656198810786,0.0018433538498356938,4,19
complementary_2003,complementary,2003,depth2,6,0.001204169006086886,0.0009732499020174146,4,19
complementary_2003,complementary,2003,depth2,unlimited,0.0012944609625265002,0.0010619080858305097,4,19
complementary_2003,complementary,2003,depth3,0,0.0001002700300887227,8.22299625724554e-06,1,1
complementary_2003,complementary,2003,depth3,1,0.000377470045350492,0.00023782195057719946,2,7
complementary_2003,complementary,2003,depth3,2,0.0010346360504627228,0.0008443569531664252,3,19
complementary_2003,complementary,2003,depth3,4,0.0016431850381195545,0.0014113988727331161,4,27
complementary_2003,complementary,2003,depth3,6,0.0016374581027776003,0.001401884132064879,4,27
complementary_2003,complementary,2003,depth3,unlimited,0.0015914819668978453,0.0013348349602892995,4,27
complementary_2003,complementary,2003,generic2,0,0.00010455993469804525,8.717994205653667e-06,1,1
complementary_2003,complementary,2003,generic2,1,0.00037526898086071014,0.00023031909950077534,2,7
complementary_2003,complementary,2003,generic2,2,0.0010695750825107098,0.0008674950804561377,3,19
complementary_2003,complementary,2003,generic2,4,0.0013822030741721392,0.0011300590122118592,4,19
complementary_2003,complementary,2003,generic2,6,0.0014408710412681103,0.0011787080438807607,4,19
complementary_2003,complementary,2003,generic2,unlimited,0.001258912030607462,0.0010156289208680391,4,19
complementary_2003,complementary,2003,no_scope,0,0.00018212106078863144,8.851056918501854e-06,1,1
complementary_2003,complementary,2003,no_scope,1,0.0003599668852984905,0.00022499694023281336,2,7
complementary_2003,complementary,2003,no_scope,2,0.000965376035310328,0.0007662909338250756,3,19
complementary_2003,complementary,2003,no_scope,4,0.0013206260045990348,0.0010839810129255056,4,19
complementary_2003,complementary,2003,no_scope,6,0.001351810060441494,0.0011006370186805725,4,19
complementary_2003,complementary,2003,no_scope,unlimited,0.002309677074663341,0.0020397480111569166,4,19
complementary_2003,complementary,2003,request_specific,0,0.00010500592179596424,9.167008101940155e-06,1,1
complementary_2003,complementary,2003,request_specific,1,0.0006424479652196169,0.00048355699982494116,2,15
complementary_2003,complementary,2003,request_specific,2,0.015935529954731464,0.015760900103487074,2,99
complementary_2003,complementary,2003,request_specific,4,0.009007383021526039,0.008760627009905875,4,99
complementary_2003,complementary,2003,request_specific,6,0.01166501606348902,0.01126493001356721,6,99
complementary_2003,complementary,2003,request_specific,unlimited,0.01138551498297602,0.010890358011238277,8,99
mixed_2000,mixed,2000,no_review,0,0.00011079490650445223,0,0,0
mixed_2000,mixed,2000,no_review,1,9.503297042101622e-05,0,0,0
mixed_2000,mixed,2000,no_review,2,0.00014340202324092388,0,0,0
mixed_2000,mixed,2000,no_review,4,9.588198736310005e-05,0,0,0
mixed_2000,mixed,2000,no_review,6,9.172200225293636e-05,0,0,0
mixed_2000,mixed,2000,no_review,unlimited,9.309093002229929e-05,0,0,0
mixed_2000,mixed,2000,memory,0,0.00010421010665595531,0,0,0
mixed_2000,mixed,2000,memory,1,0.00011859007645398378,0,0,0
mixed_2000,mixed,2000,memory,2,0.00011439097579568624,0,0,0
mixed_2000,mixed,2000,memory,4,0.00011492508929222822,0,0,0
mixed_2000,mixed,2000,memory,6,0.00011460692621767521,0,0,0
mixed_2000,mixed,2000,memory,unlimited,0.0001218779943883419,0,0,0
mixed_2000,mixed,2000,uncertainty,0,0.00010118796490132809,0,0,0
mixed_2000,mixed,2000,uncertainty,1,0.00021158403251320124,0,0,0
mixed_2000,mixed,2000,uncertainty,2,0.00027621095068752766,0,0,0
mixed_2000,mixed,2000,uncertainty,4,0.00036673794966191053,0,0,0
mixed_2000,mixed,2000,uncertainty,6,0.0003661300288513303,0,0,0
mixed_2000,mixed,2000,uncertainty,unlimited,0.0004271980142220855,0,0,0
mixed_2000,mixed,2000,depth1,0,0.0001228919718414545,1.4069024473428726e-05,1,1
mixed_2000,mixed,2000,depth1,1,0.0004904581001028419,0.00033819698728621006,2,9
mixed_2000,mixed,2000,depth1,2,0.0007994350744411349,0.000644056941382587,2,9
mixed_2000,mixed,2000,depth1,4,0.0007333990652114153,0.0005732269492000341,2,9
mixed_2000,mixed,2000,depth1,6,0.000809710007160902,0.0006521639879792929,2,9
mixed_2000,mixed,2000,depth1,unlimited,0.0007442600326612592,0.0005853008478879929,2,9
mixed_2000,mixed,2000,completion,0,0.00010750698857009411,0,0,0
mixed_2000,mixed,2000,completion,1,0.00022264104336500168,0,0,0
mixed_2000,mixed,2000,completion,2,0.00033082906156778336,0,0,0
mixed_2000,mixed,2000,completion,4,0.0005739139160141349,0,0,0
mixed_2000,mixed,2000,completion,6,0.0006454349495470524,0,0,0
mixed_2000,mixed,2000,completion,unlimited,0.0005549460183829069,0,0,0
mixed_2000,mixed,2000,depth2,0,0.00012368906755000353,1.7922022379934788e-05,1,1
mixed_2000,mixed,2000,depth2,1,0.0004978320794180036,0.0003395391395315528,2,9
mixed_2000,mixed,2000,depth2,2,0.0027548300568014383,0.002528238925151527,3,33
mixed_2000,mixed,2000,depth2,4,0.0029007199918851256,0.0025802518939599395,5,33
mixed_2000,mixed,2000,depth2,6,0.0028445369098335505,0.002536222222261131,5,33
mixed_2000,mixed,2000,depth2,unlimited,0.0028673269553110003,0.002538413042202592,5,33
mixed_2000,mixed,2000,depth3,0,0.00011579098645597696,8.550938218832016e-06,1,1
mixed_2000,mixed,2000,depth3,1,0.0005485960282385349,0.0003911280073225498,2,9
mixed_2000,mixed,2000,depth3,2,0.002021437045186758,0.0017921990947797894,3,33
mixed_2000,mixed,2000,depth3,4,0.004802977084182203,0.004445259226486087,5,65
mixed_2000,mixed,2000,depth3,6,0.0062789879739284515,0.005939582013525069,5,65
mixed_2000,mixed,2000,depth3,unlimited,0.004615433048456907,0.004304653033614159,5,65
mixed_2000,mixed,2000,generic2,0,0.00011570996139198542,8.244998753070831e-06,1,1
mixed_2000,mixed,2000,generic2,1,0.0005752930883318186,0.00041664205491542816,2,9
mixed_2000,mixed,2000,generic2,2,0.0017824670067057014,0.0015637229662388563,3,33
mixed_2000,mixed,2000,generic2,4,0.002896929974667728,0.0025580431101843715,5,33
mixed_2000,mixed,2000,generic2,6,0.0030189279932528734,0.002670427900739014,5,33
mixed_2000,mixed,2000,generic2,unlimited,0.004985855892300606,0.0045000300742685795,5,33
mixed_2000,mixed,2000,no_scope,0,0.0001921909861266613,1.2097996659576893e-05,1,1
mixed_2000,mixed,2000,no_scope,1,0.0009109999518841505,0.0005748259136453271,2,9
mixed_2000,mixed,2000,no_scope,2,0.00319803599268198,0.002822996932081878,3,33
mixed_2000,mixed,2000,no_scope,4,0.004182577948085964,0.0038011379074305296,5,33
mixed_2000,mixed,2000,no_scope,6,0.0030684019438922405,0.0027109429938718677,5,33
mixed_2000,mixed,2000,no_scope,unlimited,0.0029030790319666266,0.0025915089063346386,5,33
mixed_2000,mixed,2000,request_specific,0,0.0001226230524480343,9.229057468473911e-06,1,1
mixed_2000,mixed,2000,request_specific,1,0.001034941989928484,0.0008702569175511599,2,17
mixed_2000,mixed,2000,request_specific,2,0.008797193062491715,0.008587751886807382,2,161
mixed_2000,mixed,2000,request_specific,4,0.018477100995369256,0.01814677205402404,4,161
mixed_2000,mixed,2000,request_specific,6,0.024751076940447092,0.024293564027175307,6,161
mixed_2000,mixed,2000,request_specific,unlimited,0.04585074505303055,0.04520281101576984,10,161
mixed_2001,mixed,2001,no_review,0,0.00011275697033852339,0,0,0
mixed_2001,mixed,2001,no_review,1,9.679899085313082e-05,0,0,0
mixed_2001,mixed,2001,no_review,2,9.397999383509159e-05,0,0,0
mixed_2001,mixed,2001,no_review,4,9.267008863389492e-05,0,0,0
mixed_2001,mixed,2001,no_review,6,0.00010992190800607204,0,0,0
mixed_2001,mixed,2001,no_review,unlimited,9.202805813401937e-05,0,0,0
mixed_2001,mixed,2001,memory,0,0.00010320101864635944,0,0,0
mixed_2001,mixed,2001,memory,1,0.0001348279183730483,0,0,0
mixed_2001,mixed,2001,memory,2,0.0001258249394595623,0,0,0
mixed_2001,mixed,2001,memory,4,0.00018353003542870283,0,0,0
mixed_2001,mixed,2001,memory,6,0.00012544903438538313,0,0,0
mixed_2001,mixed,2001,memory,unlimited,0.0001337819267064333,0,0,0
mixed_2001,mixed,2001,uncertainty,0,0.00011273601558059454,0,0,0
mixed_2001,mixed,2001,uncertainty,1,0.0002144969766959548,0,0,0
mixed_2001,mixed,2001,uncertainty,2,0.00028719997499138117,0,0,0
mixed_2001,mixed,2001,uncertainty,4,0.0003738750237971544,0,0,0
mixed_2001,mixed,2001,uncertainty,6,0.00036919605918228626,0,0,0
mixed_2001,mixed,2001,uncertainty,unlimited,0.0003689270233735442,0,0,0
mixed_2001,mixed,2001,depth1,0,0.00012263795360922813,1.5506986528635025e-05,1,1
mixed_2001,mixed,2001,depth1,1,0.0005572040099650621,0.0004022819921374321,2,9
mixed_2001,mixed,2001,depth1,2,0.0007375800050795078,0.0005815778858959675,2,9
mixed_2001,mixed,2001,depth1,4,0.0008020199602469802,0.0006460578879341483,2,9
mixed_2001,mixed,2001,depth1,6,0.0007414320716634393,0.0005868579028174281,2,9
mixed_2001,mixed,2001,depth1,unlimited,0.0007997959619387984,0.0006463989848271012,2,9
mixed_2001,mixed,2001,completion,0,0.00010646600276231766,0,0,0
mixed_2001,mixed,2001,completion,1,0.0002201140159741044,0,0,0
mixed_2001,mixed,2001,completion,2,0.0003115150611847639,0,0,0
mixed_2001,mixed,2001,completion,4,0.0005281410412862897,0,0,0
mixed_2001,mixed,2001,completion,6,0.0005271090194582939,0,0,0
mixed_2001,mixed,2001,completion,unlimited,0.0005308929830789566,0,0,0
mixed_2001,mixed,2001,depth2,0,0.00011254404671490192,9.331037290394306e-06,1,1
mixed_2001,mixed,2001,depth2,1,0.0004977750359103084,0.00034390599466860294,2,9
mixed_2001,mixed,2001,depth2,2,0.001841522054746747,0.001571398926898837,3,33
mixed_2001,mixed,2001,depth2,4,0.004233083920553327,0.0025403660256415606,5,33
mixed_2001,mixed,2001,depth2,6,0.0027920269640162587,0.002487716032192111,5,33
mixed_2001,mixed,2001,depth2,unlimited,0.002920290920883417,0.00259909697342664,5,33
mixed_2001,mixed,2001,depth3,0,0.00011868390720337629,8.497037924826145e-06,1,1
mixed_2001,mixed,2001,depth3,1,0.0005614000838249922,0.00040600786451250315,2,9
mixed_2001,mixed,2001,depth3,2,0.0017948889872059226,0.0015830809716135263,3,33
mixed_2001,mixed,2001,depth3,4,0.006823232979513705,0.006321130902506411,5,65
mixed_2001,mixed,2001,depth3,6,0.006446459912694991,0.00607274507638067,5,65
mixed_2001,mixed,2001,depth3,unlimited,0.004889819072559476,0.004545474075712264,5,65
mixed_2001,mixed,2001,generic2,0,0.00011799705680459738,8.406932465732098e-06,1,1
mixed_2001,mixed,2001,generic2,1,0.0005018700612708926,0.00034372182562947273,2,9
mixed_2001,mixed,2001,generic2,2,0.001961468020454049,0.0017181840958073735,3,33
mixed_2001,mixed,2001,generic2,4,0.002783099072985351,0.0024731169687584043,5,33
mixed_2001,mixed,2001,generic2,6,0.0029006149852648377,0.0025202439865097404,5,33
mixed_2001,mixed,2001,generic2,unlimited,0.002807802055031061,0.0024903840385377407,5,33
mixed_2001,mixed,2001,no_scope,0,0.00011633301619440317,8.706934750080109e-06,1,1
mixed_2001,mixed,2001,no_scope,1,0.0005114170489832759,0.00034864991903305054,2,9
mixed_2001,mixed,2001,no_scope,2,0.002996808965690434,0.0027718140045180917,3,33
mixed_2001,mixed,2001,no_scope,4,0.003994217957369983,0.003485217923298478,5,33
mixed_2001,mixed,2001,no_scope,6,0.0030218680622056127,0.0026696888962760568,5,33
mixed_2001,mixed,2001,no_scope,unlimited,0.0029017109191045165,0.0025911477860063314,5,33
mixed_2001,mixed,2001,request_specific,0,0.00018647895194590092,9.640003554522991e-06,1,1
mixed_2001,mixed,2001,request_specific,1,0.000980062992312014,0.000817393884062767,2,17
mixed_2001,mixed,2001,request_specific,2,0.01029746897984296,0.01002295792568475,2,161
mixed_2001,mixed,2001,request_specific,4,0.019951815018430352,0.019525897223502398,4,161
mixed_2001,mixed,2001,request_specific,6,0.025412156945094466,0.024933889973908663,6,161
mixed_2001,mixed,2001,request_specific,unlimited,0.05045406392309815,0.049726642784662545,10,161
mixed_2002,mixed,2002,no_review,0,0.00012352806515991688,0,0,0
mixed_2002,mixed,2002,no_review,1,9.808200411498547e-05,0,0,0
mixed_2002,mixed,2002,no_review,2,0.00018245400860905647,0,0,0
mixed_2002,mixed,2002,no_review,4,9.35249263420701e-05,0,0,0
mixed_2002,mixed,2002,no_review,6,0.00013871700502932072,0,0,0
mixed_2002,mixed,2002,no_review,unlimited,0.0001656380482017994,0,0,0
mixed_2002,mixed,2002,memory,0,0.00018255598843097687,0,0,0
mixed_2002,mixed,2002,memory,1,0.00020465394482016563,0,0,0
mixed_2002,mixed,2002,memory,2,0.0002037850208580494,0,0,0
mixed_2002,mixed,2002,memory,4,0.00020189792849123478,0,0,0
mixed_2002,mixed,2002,memory,6,0.00019678997341543436,0,0,0
mixed_2002,mixed,2002,memory,unlimited,0.00020628992933779955,0,0,0
mixed_2002,mixed,2002,uncertainty,0,0.00017598399426788092,0,0,0
mixed_2002,mixed,2002,uncertainty,1,0.0003600160125643015,0,0,0
mixed_2002,mixed,2002,uncertainty,2,0.0004693421069532633,0,0,0
mixed_2002,mixed,2002,uncertainty,4,0.0004598270170390606,0,0,0
mixed_2002,mixed,2002,uncertainty,6,0.0003750660689547658,0,0,0
mixed_2002,mixed,2002,uncertainty,unlimited,0.0004215559456497431,0,0,0
mixed_2002,mixed,2002,depth1,0,0.00011982501018792391,1.668906770646572e-05,1,1
mixed_2002,mixed,2002,depth1,1,0.00048261811025440693,0.0003297940129414201,2,9
mixed_2002,mixed,2002,depth1,2,0.0008286850061267614,0.0006698350189253688,2,9
mixed_2002,mixed,2002,depth1,4,0.0007381989853456616,0.0005782981170341372,2,9
mixed_2002,mixed,2002,depth1,6,0.0008159109856933355,0.0006604280788451433,2,9
mixed_2002,mixed,2002,depth1,unlimited,0.0007326629711315036,0.0005762220825999975,2,9
mixed_2002,mixed,2002,completion,0,0.00010925706010311842,0,0,0
mixed_2002,mixed,2002,completion,1,0.00022450904361903667,0,0,0
mixed_2002,mixed,2002,completion,2,0.0003232689341530204,0,0,0
mixed_2002,mixed,2002,completion,4,0.0005504580913111567,0,0,0
mixed_2002,mixed,2002,completion,6,0.0006405250169336796,0,0,0
mixed_2002,mixed,2002,completion,unlimited,0.0005385850090533495,0,0,0
mixed_2002,mixed,2002,depth2,0,0.00011748296674340963,1.2778909876942635e-05,1,1
mixed_2002,mixed,2002,depth2,1,0.0004878089530393481,0.000337149016559124,2,9
mixed_2002,mixed,2002,depth2,2,0.0018144560744985938,0.001601409981958568,3,33
mixed_2002,mixed,2002,depth2,4,0.0028696759836748242,0.0025495871668681502,5,33
mixed_2002,mixed,2002,depth2,6,0.0042120079742744565,0.0038299720035865903,5,33
mixed_2002,mixed,2002,depth2,unlimited,0.0037010449450463057,0.003394229104742408,5,33
mixed_2002,mixed,2002,depth3,0,0.00011548807378858328,7.99400731921196e-06,1,1
mixed_2002,mixed,2002,depth3,1,0.00048159994184970856,0.0003300399985164404,2,9
mixed_2002,mixed,2002,depth3,2,0.0018807339947670698,0.0016542950179427862,3,33
mixed_2002,mixed,2002,depth3,4,0.004725747974589467,0.004396624863147736,5,65
mixed_2002,mixed,2002,depth3,6,0.00472830596845597,0.0043904900085181,5,65
mixed_2002,mixed,2002,depth3,unlimited,0.00558968901168555,0.005262439022772014,5,65
mixed_2002,mixed,2002,generic2,0,0.0001253810478374362,8.668052032589912e-06,1,1
mixed_2002,mixed,2002,generic2,1,0.0005474819336086512,0.0003484180197119713,2,9
mixed_2002,mixed,2002,generic2,2,0.0020091059850528836,0.0017526879673823714,3,33
mixed_2002,mixed,2002,generic2,4,0.002887109061703086,0.0025753311347216368,5,33
mixed_2002,mixed,2002,generic2,6,0.002849470009095967,0.0025454850401729345,5,33
mixed_2002,mixed,2002,generic2,unlimited,0.0028134190943092108,0.0025112119037657976,5,33
mixed_2002,mixed,2002,no_scope,0,0.00018299906514585018,8.550938218832016e-06,1,1
mixed_2002,mixed,2002,no_scope,1,0.0005047220038250089,0.0003413539379835129,2,9
mixed_2002,mixed,2002,no_scope,2,0.0031318110413849354,0.00284281384665519,3,33
mixed_2002,mixed,2002,no_scope,4,0.003939050016924739,0.0036212539998814464,5,33
mixed_2002,mixed,2002,no_scope,6,0.0028563389787450433,0.002544991089962423,5,33
mixed_2002,mixed,2002,no_scope,unlimited,0.0030416889348998666,0.0026934919878840446,5,33
mixed_2002,mixed,2002,request_specific,0,0.00020752300042659044,1.5134923160076141e-05,1,1
mixed_2002,mixed,2002,request_specific,1,0.001947619952261448,0.0016439780592918396,2,17
mixed_2002,mixed,2002,request_specific,2,0.008992382907308638,0.008763062069192529,2,161
mixed_2002,mixed,2002,request_specific,4,0.020833631977438927,0.020450979936867952,4,161
mixed_2002,mixed,2002,request_specific,6,0.026651707012206316,0.02618915820494294,6,161
mixed_2002,mixed,2002,request_specific,unlimited,0.05069354095030576,0.05007670633494854,10,161
mixed_2003,mixed,2003,no_review,0,0.00011423195246607065,0,0,0
mixed_2003,mixed,2003,no_review,1,9.658397175371647e-05,0,0,0
mixed_2003,mixed,2003,no_review,2,0.00010579696390777826,0,0,0
mixed_2003,mixed,2003,no_review,4,9.275996126234531e-05,0,0,0
mixed_2003,mixed,2003,no_review,6,9.168998803943396e-05,0,0,0
mixed_2003,mixed,2003,no_review,unlimited,9.354401845484972e-05,0,0,0
mixed_2003,mixed,2003,memory,0,0.0001045549288392067,0,0,0
mixed_2003,mixed,2003,memory,1,0.00011799496132880449,0,0,0
mixed_2003,mixed,2003,memory,2,0.0001145839923992753,0,0,0
mixed_2003,mixed,2003,memory,4,0.00011215696576982737,0,0,0
mixed_2003,mixed,2003,memory,6,0.00011290702968835831,0,0,0
mixed_2003,mixed,2003,memory,unlimited,0.00011462601833045483,0,0,0
mixed_2003,mixed,2003,uncertainty,0,0.00010114000178873539,0,0,0
mixed_2003,mixed,2003,uncertainty,1,0.00020774896256625652,0,0,0
mixed_2003,mixed,2003,uncertainty,2,0.00027401698753237724,0,0,0
mixed_2003,mixed,2003,uncertainty,4,0.000420055934228003,0,0,0
mixed_2003,mixed,2003,uncertainty,6,0.00042334396857768297,0,0,0
mixed_2003,mixed,2003,uncertainty,unlimited,0.0003688989672809839,0,0,0
mixed_2003,mixed,2003,depth1,0,0.00011855096090584993,1.4184974133968353e-05,1,1
mixed_2003,mixed,2003,depth1,1,0.0004930910654366016,0.000340878963470459,2,9
mixed_2003,mixed,2003,depth1,2,0.0008433320326730609,0.0006836749380454421,2,9
mixed_2003,mixed,2003,depth1,4,0.0007556659402325749,0.0005974499508738518,2,9
mixed_2003,mixed,2003,depth1,6,0.0008170580258592963,0.0006606379756703973,2,9
mixed_2003,mixed,2003,depth1,unlimited,0.0007498270133510232,0.0005911919288337231,2,9
mixed_2003,mixed,2003,completion,0,0.00011074903886765242,0,0,0
mixed_2003,mixed,2003,completion,1,0.00023139803670346737,0,0,0
mixed_2003,mixed,2003,completion,2,0.0003252549795433879,0,0,0
mixed_2003,mixed,2003,completion,4,0.000680643948726356,0,0,0
mixed_2003,mixed,2003,completion,6,0.0005489169852808118,0,0,0
mixed_2003,mixed,2003,completion,unlimited,0.0005488989409059286,0,0,0
mixed_2003,mixed,2003,depth2,0,0.00012423889711499214,1.7286045476794243e-05,1,1
mixed_2003,mixed,2003,depth2,1,0.000493433908559382,0.0003369259648025036,2,9
mixed_2003,mixed,2003,depth2,2,0.0018944699550047517,0.0016654529608786106,3,33
mixed_2003,mixed,2003,depth2,4,0.002832499914802611,0.002524083130992949,5,33
mixed_2003,mixed,2003,depth2,6,0.002979466924443841,0.0026544928550720215,5,33
mixed_2003,mixed,2003,depth2,unlimited,0.003928162972442806,0.002542138798162341,5,33
mixed_2003,mixed,2003,depth3,0,0.00011504499707370996,8.0430181697011e-06,1,1
mixed_2003,mixed,2003,depth3,1,0.0006048709619790316,0.0003325588768348098,2,9
mixed_2003,mixed,2003,depth3,2,0.0018682260997593403,0.0016302410513162613,3,33
mixed_2003,mixed,2003,depth3,4,0.004615158075466752,0.004312410135753453,5,65
mixed_2003,mixed,2003,depth3,6,0.004787803045473993,0.004461738048121333,5,65
mixed_2003,mixed,2003,depth3,unlimited,0.005678127985447645,0.005356211098842323,5,65
mixed_2003,mixed,2003,generic2,0,0.00011854898184537888,8.53405799716711e-06,1,1
mixed_2003,mixed,2003,generic2,1,0.0004955049371346831,0.00034168094862252474,2,9
mixed_2003,mixed,2003,generic2,2,0.0019382740138098598,0.0016807179199531674,3,33
mixed_2003,mixed,2003,generic2,4,0.0029404079541563988,0.00259837310295552,5,33
mixed_2003,mixed,2003,generic2,6,0.002922981046140194,0.002601090003736317,5,33
mixed_2003,mixed,2003,generic2,unlimited,0.0029240408912301064,0.0026100779650732875,5,33
mixed_2003,mixed,2003,no_scope,0,0.00011628796346485615,8.217059075832367e-06,1,1
mixed_2003,mixed,2003,no_scope,1,0.0005588239291682839,0.0004030729178339243,2,9
mixed_2003,mixed,2003,no_scope,2,0.0018228070111945271,0.001609769999049604,3,33
mixed_2003,mixed,2003,no_scope,4,0.002822054084390402,0.0025194381596520543,5,33
mixed_2003,mixed,2003,no_scope,6,0.004766259924508631,0.004421023069880903,5,33
mixed_2003,mixed,2003,no_scope,unlimited,0.0028570789145305753,0.002552259131334722,5,33
mixed_2003,mixed,2003,request_specific,0,0.00012621807400137186,9.510084055364132e-06,1,1
mixed_2003,mixed,2003,request_specific,1,0.001020417083054781,0.0008601598674431443,2,17
mixed_2003,mixed,2003,request_specific,2,0.007977148052304983,0.007759924861602485,2,161
mixed_2003,mixed,2003,request_specific,4,0.020553725073114038,0.020182128879241645,4,161
mixed_2003,mixed,2003,request_specific,6,0.024683022988028824,0.02416026301216334,6,161
mixed_2003,mixed,2003,request_specific,unlimited,0.057254918036051095,0.05653260089457035,10,161
scope_exception_2000,scope_exception,2000,no_review,0,0.0001587970182299614,0,0,0
scope_exception_2000,scope_exception,2000,no_review,1,0.00013204396236687899,0,0,0
scope_exception_2000,scope_exception,2000,no_review,2,0.00013100693468004465,0,0,0
scope_exception_2000,scope_exception,2000,no_review,4,0.0001318170689046383,0,0,0
scope_exception_2000,scope_exception,2000,no_review,6,0.00013322604354470968,0,0,0
scope_exception_2000,scope_exception,2000,no_review,unlimited,0.00013519905041903257,0,0,0
scope_exception_2000,scope_exception,2000,memory,0,0.00014650204684585333,0,0,0
scope_exception_2000,scope_exception,2000,memory,1,0.000160869094543159,0,0,0
scope_exception_2000,scope_exception,2000,memory,2,0.00016306189354509115,0,0,0
scope_exception_2000,scope_exception,2000,memory,4,0.00016190193127840757,0,0,0
scope_exception_2000,scope_exception,2000,memory,6,0.00016316992696374655,0,0,0
scope_exception_2000,scope_exception,2000,memory,unlimited,0.00016373302787542343,0,0,0
scope_exception_2000,scope_exception,2000,uncertainty,0,0.0001446619862690568,0,0,0
scope_exception_2000,scope_exception,2000,uncertainty,1,0.00031007896177470684,0,0,0
scope_exception_2000,scope_exception,2000,uncertainty,2,0.00045734504237771034,0,0,0
scope_exception_2000,scope_exception,2000,uncertainty,4,0.0004366990178823471,0,0,0
scope_exception_2000,scope_exception,2000,uncertainty,6,0.0004256590036675334,0,0,0
scope_exception_2000,scope_exception,2000,uncertainty,unlimited,0.000416247989051044,0,0,0
scope_exception_2000,scope_exception,2000,depth1,0,0.00015965208876878023,2.3505999706685543e-05,1,1
scope_exception_2000,scope_exception,2000,depth1,1,0.0006042680470272899,0.000376341980881989,2,7
scope_exception_2000,scope_exception,2000,depth1,2,0.000911683076992631,0.00062137795612216,3,7
scope_exception_2000,scope_exception,2000,depth1,4,0.001177172060124576,0.0008794359164312482,3,7
scope_exception_2000,scope_exception,2000,depth1,6,0.0010305269388481975,0.0007426230004057288,3,7
scope_exception_2000,scope_exception,2000,depth1,unlimited,0.00102395995054394,0.0007402978371828794,3,7
scope_exception_2000,scope_exception,2000,completion,0,0.0018027129117399454,0,0,0
scope_exception_2000,scope_exception,2000,completion,1,0.0003266710555180907,0,0,0
scope_exception_2000,scope_exception,2000,completion,2,0.0004426439991220832,0,0,0
scope_exception_2000,scope_exception,2000,completion,4,0.00045844900887459517,0,0,0
scope_exception_2000,scope_exception,2000,completion,6,0.0004528070567175746,0,0,0
scope_exception_2000,scope_exception,2000,completion,unlimited,0.00045006093569099903,0,0,0
scope_exception_2000,scope_exception,2000,depth2,0,0.00016254198271781206,2.1289917640388012e-05,1,1
scope_exception_2000,scope_exception,2000,depth2,1,0.0005727269453927875,0.00036613503471016884,2,7
scope_exception_2000,scope_exception,2000,depth2,2,0.001545386970974505,0.0012809870531782508,3,19
scope_exception_2000,scope_exception,2000,depth2,4,0.002149300999008119,0.0016380460001528263,3,19
scope_exception_2000,scope_exception,2000,depth2,6,0.0021218720357865095,0.001798944897018373,3,19
scope_exception_2000,scope_exception,2000,depth2,unlimited,0.001882182084955275,0.0015706818085163832,3,19
scope_exception_2000,scope_exception,2000,depth3,0,0.00015937397256493568,1.2220931239426136e-05,1,1
scope_exception_2000,scope_exception,2000,depth3,1,0.0005786869442090392,0.0003614310408011079,2,7
scope_exception_2000,scope_exception,2000,depth3,2,0.0017111820634454489,0.0014343609800562263,3,19
scope_exception_2000,scope_exception,2000,depth3,4,0.0026519170496612787,0.002353064017370343,3,27
scope_exception_2000,scope_exception,2000,depth3,6,0.002637467929162085,0.0023202880984172225,3,27
scope_exception_2000,scope_exception,2000,depth3,unlimited,0.002442080993205309,0.0021216911263763905,3,27
scope_exception_2000,scope_exception,2000,generic2,0,0.00016202509868890047,1.1946074664592743e-05,1,1
scope_exception_2000,scope_exception,2000,generic2,1,0.0007953729946166277,0.0003673909232020378,2,7
scope_exception_2000,scope_exception,2000,generic2,2,0.0015186370583251119,0.0012145889922976494,3,19
scope_exception_2000,scope_exception,2000,generic2,4,0.002136807073839009,0.0018157840240746737,3,19
scope_exception_2000,scope_exception,2000,generic2,6,0.0018611160339787602,0.00156252586748451,3,19
scope_exception_2000,scope_exception,2000,generic2,unlimited,0.001979458029381931,0.0016881399787962437,3,19
scope_exception_2000,scope_exception,2000,no_scope,0,0.00015477300621569157,1.1689029633998871e-05,1,1
scope_exception_2000,scope_exception,2000,no_scope,1,0.0004601780092343688,0.0002473320346325636,2,5
scope_exception_2000,scope_exception,2000,no_scope,2,0.0008631419623270631,0.0005999961867928505,3,9
scope_exception_2000,scope_exception,2000,no_scope,4,0.0008343319641426206,0.000634009949862957,3,9
scope_exception_2000,scope_exception,2000,no_scope,6,0.000567995011806488,0.0003907250938937068,3,9
scope_exception_2000,scope_exception,2000,no_scope,unlimited,0.0005729569820687175,0.0003931639948859811,3,9
scope_exception_2000,scope_exception,2000,request_specific,0,0.00010585703421384096,8.906936272978783e-06,1,1
scope_exception_2000,scope_exception,2000,request_specific,1,0.000707171973772347,0.0005638781003654003,2,15
scope_exception_2000,scope_exception,2000,request_specific,2,0.0054156119003891945,0.005150394979864359,3,99
scope_exception_2000,scope_exception,2000,request_specific,4,0.009309093002229929,0.009002092876471579,4,99
scope_exception_2000,scope_exception,2000,request_specific,6,0.011695070075802505,0.011377699091099203,4,99
scope_exception_2000,scope_exception,2000,request_specific,unlimited,0.011533821001648903,0.011144374031573534,4,99
scope_exception_2001,scope_exception,2001,no_review,0,0.00010251207277178764,0,0,0
scope_exception_2001,scope_exception,2001,no_review,1,8.331704884767532e-05,0,0,0
scope_exception_2001,scope_exception,2001,no_review,2,7.919000927358866e-05,0,0,0
scope_exception_2001,scope_exception,2001,no_review,4,7.907894905656576e-05,0,0,0
scope_exception_2001,scope_exception,2001,no_review,6,7.567496504634619e-05,0,0,0
scope_exception_2001,scope_exception,2001,no_review,unlimited,7.85919837653637e-05,0,0,0
scope_exception_2001,scope_exception,2001,memory,0,8.616899140179157e-05,0,0,0
scope_exception_2001,scope_exception,2001,memory,1,9.631807915866375e-05,0,0,0
scope_exception_2001,scope_exception,2001,memory,2,9.50320390984416e-05,0,0,0
scope_exception_2001,scope_exception,2001,memory,4,9.368103928864002e-05,0,0,0
scope_exception_2001,scope_exception,2001,memory,6,9.273900650441647e-05,0,0,0
scope_exception_2001,scope_exception,2001,memory,unlimited,9.412399958819151e-05,0,0,0
scope_exception_2001,scope_exception,2001,uncertainty,0,8.456397335976362e-05,0,0,0
scope_exception_2001,scope_exception,2001,uncertainty,1,0.00027177995070815086,0,0,0
scope_exception_2001,scope_exception,2001,uncertainty,2,0.00022823200561106205,0,0,0
scope_exception_2001,scope_exception,2001,uncertainty,4,0.00026464101392775774,0,0,0
scope_exception_2001,scope_exception,2001,uncertainty,6,0.0002609030343592167,0,0,0
scope_exception_2001,scope_exception,2001,uncertainty,unlimited,0.00026329595129936934,0,0,0
scope_exception_2001,scope_exception,2001,depth1,0,9.758200030773878e-05,1.3669021427631378e-05,1,1
scope_exception_2001,scope_exception,2001,depth1,1,0.00035682099405676126,0.00022387609351426363,2,7
scope_exception_2001,scope_exception,2001,depth1,2,0.0005514860386028886,0.000378427910618484,3,7
scope_exception_2001,scope_exception,2001,depth1,4,0.0011623259633779526,0.0008446371648460627,3,7
scope_exception_2001,scope_exception,2001,depth1,6,0.0011970149353146553,0.000890892930328846,3,7
scope_exception_2001,scope_exception,2001,depth1,unlimited,0.0006747270235791802,0.00047207006718963385,3,7
scope_exception_2001,scope_exception,2001,completion,0,9.821599815040827e-05,0,0,0
scope_exception_2001,scope_exception,2001,completion,1,0.0002115539973601699,0,0,0
scope_exception_2001,scope_exception,2001,completion,2,0.0004727359628304839,0,0,0
scope_exception_2001,scope_exception,2001,completion,4,0.0002954798983410001,0,0,0
scope_exception_2001,scope_exception,2001,completion,6,0.00029469106812030077,0,0,0
scope_exception_2001,scope_exception,2001,completion,unlimited,0.0003037059213966131,0,0,0
scope_exception_2001,scope_exception,2001,depth2,0,0.00010701990686357021,1.7620972357690334e-05,1,1
scope_exception_2001,scope_exception,2001,depth2,1,0.00039430800825357437,0.00024089706130325794,2,7
scope_exception_2001,scope_exception,2001,depth2,2,0.000987800071015954,0.0007874791044741869,3,19
scope_exception_2001,scope_exception,2001,depth2,4,0.0014405710389837623,0.001212329021655023,3,19
scope_exception_2001,scope_exception,2001,depth2,6,0.0012964250054210424,0.0011037839576601982,3,19
scope_exception_2001,scope_exception,2001,depth2,unlimited,0.0011648769723251462,0.0009771999903023243,3,19
scope_exception_2001,scope_exception,2001,depth3,0,9.72449779510498e-05,8.445000275969505e-06,1,1
scope_exception_2001,scope_exception,2001,depth3,1,0.0004642780404537916,0.0003251339076086879,2,7
scope_exception_2001,scope_exception,2001,depth3,2,0.0009341909317299724,0.0007595688803121448,3,19
scope_exception_2001,scope_exception,2001,depth3,4,0.0016025049844756722,0.0014220981393009424,3,27
scope_exception_2001,scope_exception,2001,depth3,6,0.001607766025699675,0.0014227828942239285,3,27
scope_exception_2001,scope_exception,2001,depth3,unlimited,0.00150755001232028,0.0013135089538991451,3,27
scope_exception_2001,scope_exception,2001,generic2,0,0.0015274669276550412,2.297700848430395e-05,1,1
scope_exception_2001,scope_exception,2001,generic2,1,0.0007972039747983217,0.0004943959647789598,2,7
scope_exception_2001,scope_exception,2001,generic2,2,0.0011165039613842964,0.0008742179488763213,3,19
scope_exception_2001,scope_exception,2001,generic2,4,0.0013554459437727928,0.0011546501191332936,3,19
scope_exception_2001,scope_exception,2001,generic2,6,0.0012551320251077414,0.0010478930780664086,3,19
scope_exception_2001,scope_exception,2001,generic2,unlimited,0.0013099879724904895,0.0011196748819202185,3,19
scope_exception_2001,scope_exception,2001,no_scope,0,9.77800227701664e-05,8.258037269115448e-06,1,1
scope_exception_2001,scope_exception,2001,no_scope,1,0.0002933120122179389,0.00015768990851938725,2,5
scope_exception_2001,scope_exception,2001,no_scope,2,0.0005646629724651575,0.0003916380228474736,3,9
scope_exception_2001,scope_exception,2001,no_scope,4,0.0006987559609115124,0.0005196169950067997,3,9
scope_exception_2001,scope_exception,2001,no_scope,6,0.0005705900257453322,0.0003956329310312867,3,9
scope_exception_2001,scope_exception,2001,no_scope,unlimited,0.0005771790165454149,0.00039993401151150465,3,9
scope_exception_2001,scope_exception,2001,request_specific,0,0.00010449101682752371,9.001931175589561e-06,1,1
scope_exception_2001,scope_exception,2001,request_specific,1,0.000728658982552588,0.0005861959652975202,2,15
scope_exception_2001,scope_exception,2001,request_specific,2,0.004316763021051884,0.0041127599542960525,3,99
scope_exception_2001,scope_exception,2001,request_specific,4,0.011155946995131671,0.01085917092859745,4,99
scope_exception_2001,scope_exception,2001,request_specific,6,0.010920120985247195,0.010541232884861529,4,99
scope_exception_2001,scope_exception,2001,request_specific,unlimited,0.011300765094347298,0.010991637012921274,4,99
scope_exception_2002,scope_exception,2002,no_review,0,0.0001043250085785985,0,0,0
scope_exception_2002,scope_exception,2002,no_review,1,8.13270453363657e-05,0,0,0
scope_exception_2002,scope_exception,2002,no_review,2,7.658603135496378e-05,0,0,0
scope_exception_2002,scope_exception,2002,no_review,4,7.622805424034595e-05,0,0,0
scope_exception_2002,scope_exception,2002,no_review,6,7.605506107211113e-05,0,0,0
scope_exception_2002,scope_exception,2002,no_review,unlimited,7.74509971961379e-05,0,0,0
scope_exception_2002,scope_exception,2002,memory,0,8.74510733410716e-05,0,0,0
scope_exception_2002,scope_exception,2002,memory,1,9.6549978479743e-05,0,0,0
scope_exception_2002,scope_exception,2002,memory,2,9.360397234559059e-05,0,0,0
scope_exception_2002,scope_exception,2002,memory,4,9.409105405211449e-05,0,0,0
scope_exception_2002,scope_exception,2002,memory,6,9.458698332309723e-05,0,0,0
scope_exception_2002,scope_exception,2002,memory,unlimited,9.46330837905407e-05,0,0,0
scope_exception_2002,scope_exception,2002,uncertainty,0,8.592393714934587e-05,0,0,0
scope_exception_2002,scope_exception,2002,uncertainty,1,0.00021267402917146683,0,0,0
scope_exception_2002,scope_exception,2002,uncertainty,2,0.00022931303828954697,0,0,0
scope_exception_2002,scope_exception,2002,uncertainty,4,0.0002778159687295556,0,0,0
scope_exception_2002,scope_exception,2002,uncertainty,6,0.0002680830657482147,0,0,0
scope_exception_2002,scope_exception,2002,uncertainty,unlimited,0.00026242900639772415,0,0,0
scope_exception_2002,scope_exception,2002,depth1,0,0.00010324898175895214,1.7644022591412067e-05,1,1
scope_exception_2002,scope_exception,2002,depth1,1,0.0003595789894461632,0.0002218869049102068,2,7
scope_exception_2002,scope_exception,2002,depth1,2,0.0006111979018896818,0.0004327329806983471,3,7
scope_exception_2002,scope_exception,2002,depth1,4,0.0011123419972136617,0.0007988191209733486,3,7
scope_exception_2002,scope_exception,2002,depth1,6,0.0010276749962940812,0.0007704180898144841,3,7
scope_exception_2002,scope_exception,2002,depth1,unlimited,0.0007324420148506761,0.00054960697889328,3,7
scope_exception_2002,scope_exception,2002,completion,0,9.097298607230186e-05,0,0,0
scope_exception_2002,scope_exception,2002,completion,1,0.00019887706730514765,0,0,0
scope_exception_2002,scope_exception,2002,completion,2,0.0002834030892699957,0,0,0
scope_exception_2002,scope_exception,2002,completion,4,0.0002864990383386612,0,0,0
scope_exception_2002,scope_exception,2002,completion,6,0.00029047694988548756,0,0,0
scope_exception_2002,scope_exception,2002,completion,unlimited,0.00029500003438442945,0,0,0
scope_exception_2002,scope_exception,2002,depth2,0,0.0001084089744836092,1.8613995052874088e-05,1,1
scope_exception_2002,scope_exception,2002,depth2,1,0.0003603860968723893,0.0002246509538963437,2,7
scope_exception_2002,scope_exception,2002,depth2,2,0.0010303970193490386,0.0008481701370328665,3,19
scope_exception_2002,scope_exception,2002,depth2,4,0.0021923689637333155,0.0019979310454800725,3,19
scope_exception_2002,scope_exception,2002,depth2,6,0.0011575390817597508,0.000968214008025825,3,19
scope_exception_2002,scope_exception,2002,depth2,unlimited,0.0012815400259569287,0.0010915370658040047,3,19
scope_exception_2002,scope_exception,2002,depth3,0,9.741901885718107e-05,8.036964572966099e-06,1,1
scope_exception_2002,scope_exception,2002,depth3,1,0.00035400805063545704,0.00021633703727275133,2,7
scope_exception_2002,scope_exception,2002,depth3,2,0.0009653540328145027,0.0007831809343770146,3,19
scope_exception_2002,scope_exception,2002,depth3,4,0.0016423329943791032,0.0014516590163111687,3,27
scope_exception_2002,scope_exception,2002,depth3,6,0.0017698389710858464,0.001538728945888579,3,27
scope_exception_2002,scope_exception,2002,depth3,unlimited,0.001597968046553433,0.0014120310079306364,3,27
scope_exception_2002,scope_exception,2002,generic2,0,9.732902981340885e-05,8.185976184904575e-06,1,1
scope_exception_2002,scope_exception,2002,generic2,1,0.00035899505019187927,0.00022150203585624695,2,7
scope_exception_2002,scope_exception,2002,generic2,2,0.00106106698513031,0.0008854619227349758,3,19
scope_exception_2002,scope_exception,2002,generic2,4,0.0011672540567815304,0.0009877971606329083,3,19
scope_exception_2002,scope_exception,2002,generic2,6,0.001270152977667749,0.0010802849428728223,3,19
scope_exception_2002,scope_exception,2002,generic2,unlimited,0.0012633700389415026,0.0010591860627755523,3,19
scope_exception_2002,scope_exception,2002,no_scope,0,0.00012227101251482964,1.2236065231263638e-05,1,1
scope_exception_2002,scope_exception,2002,no_scope,1,0.00029864092357456684,0.00015801796689629555,2,5
scope_exception_2002,scope_exception,2002,no_scope,2,0.0005698989843949676,0.00039301207289099693,3,9
scope_exception_2002,scope_exception,2002,no_scope,4,0.0006527870427817106,0.00047602609265595675,3,9
scope_exception_2002,scope_exception,2002,no_scope,6,0.0005995919927954674,0.00042321300134062767,3,9
scope_exception_2002,scope_exception,2002,no_scope,unlimited,0.0005760539788752794,0.0003994341241195798,3,9
scope_exception_2002,scope_exception,2002,request_specific,0,0.0001036239555105567,8.870032615959644e-06,1,1
scope_exception_2002,scope_exception,2002,request_specific,1,0.0007329089567065239,0.000590456067584455,2,15
scope_exception_2002,scope_exception,2002,request_specific,2,0.0066689609084278345,0.0063640569569543,3,99
scope_exception_2002,scope_exception,2002,request_specific,4,0.03277962107677013,0.03242180391680449,4,99
scope_exception_2002,scope_exception,2002,request_specific,6,0.011119575006887317,0.010795736103318632,4,99
scope_exception_2002,scope_exception,2002,request_specific,unlimited,0.010655750054866076,0.010328519041649997,4,99
scope_exception_2003,scope_exception,2003,no_review,0,9.923998732119799e-05,0,0,0
scope_exception_2003,scope_exception,2003,no_review,1,8.025404531508684e-05,0,0,0
scope_exception_2003,scope_exception,2003,no_review,2,7.692701183259487e-05,0,0,0
scope_exception_2003,scope_exception,2003,no_review,4,7.573189213871956e-05,0,0,0
scope_exception_2003,scope_exception,2003,no_review,6,7.465609814971685e-05,0,0,0
scope_exception_2003,scope_exception,2003,no_review,unlimited,7.494306191802025e-05,0,0,0
scope_exception_2003,scope_exception,2003,memory,0,8.584093302488327e-05,0,0,0
scope_exception_2003,scope_exception,2003,memory,1,9.562703780829906e-05,0,0,0
scope_exception_2003,scope_exception,2003,memory,2,9.376893285661936e-05,0,0,0
scope_exception_2003,scope_exception,2003,memory,4,0.0001372949918732047,0,0,0
scope_exception_2003,scope_exception,2003,memory,6,9.617500472813845e-05,0,0,0
scope_exception_2003,scope_exception,2003,memory,unlimited,9.466696064919233e-05,0,0,0
scope_exception_2003,scope_exception,2003,uncertainty,0,8.432602044194937e-05,0,0,0
scope_exception_2003,scope_exception,2003,uncertainty,1,0.00020475394558161497,0,0,0
scope_exception_2003,scope_exception,2003,uncertainty,2,0.0002228079829365015,0,0,0
scope_exception_2003,scope_exception,2003,uncertainty,4,0.0002636220306158066,0,0,0
scope_exception_2003,scope_exception,2003,uncertainty,6,0.00028025289066135883,0,0,0
scope_exception_2003,scope_exception,2003,uncertainty,unlimited,0.0002892350312322378,0,0,0
scope_exception_2003,scope_exception,2003,depth1,0,0.00010072300210595131,1.4706049114465714e-05,1,1
scope_exception_2003,scope_exception,2003,depth1,1,0.0005271639674901962,0.0003647151170298457,2,7
scope_exception_2003,scope_exception,2003,depth1,2,0.0006248420104384422,0.0004450960550457239,3,7
scope_exception_2003,scope_exception,2003,depth1,4,0.0006463530007749796,0.00047031487338244915,3,7
scope_exception_2003,scope_exception,2003,depth1,6,0.0008559260750189424,0.000610297080129385,3,7
scope_exception_2003,scope_exception,2003,depth1,unlimited,0.0011405100813135505,0.0008331900462508202,3,7
scope_exception_2003,scope_exception,2003,completion,0,9.76520823314786e-05,0,0,0
scope_exception_2003,scope_exception,2003,completion,1,0.00020206591580063105,0,0,0
scope_exception_2003,scope_exception,2003,completion,2,0.0002814109902828932,0,0,0
scope_exception_2003,scope_exception,2003,completion,4,0.00028601090889424086,0,0,0
scope_exception_2003,scope_exception,2003,completion,6,0.0002828979631885886,0,0,0
scope_exception_2003,scope_exception,2003,completion,unlimited,0.00028437795117497444,0,0,0
scope_exception_2003,scope_exception,2003,depth2,0,9.882706217467785e-05,1.3277982361614704e-05,1,1
scope_exception_2003,scope_exception,2003,depth2,1,0.00035375996958464384,0.000220005982555449,2,7
scope_exception_2003,scope_exception,2003,depth2,2,0.0010418780148029327,0.0008659610757604241,3,19
scope_exception_2003,scope_exception,2003,depth2,4,0.0022733600344508886,0.0020566461607813835,3,19
scope_exception_2003,scope_exception,2003,depth2,6,0.0011531979544088244,0.0009644461097195745,3,19
scope_exception_2003,scope_exception,2003,depth2,unlimited,0.001269679982215166,0.0010856121079996228,3,19
scope_exception_2003,scope_exception,2003,depth3,0,9.583297651261091e-05,8.31799115985632e-06,1,1
scope_exception_2003,scope_exception,2003,depth3,1,0.00035176204983145,0.00021659804042428732,2,7
scope_exception_2003,scope_exception,2003,depth3,2,0.0009313300251960754,0.0007560709491372108,3,19
scope_exception_2003,scope_exception,2003,depth3,4,0.0014989329501986504,0.0013052669819444418,3,27
scope_exception_2003,scope_exception,2003,depth3,6,0.0015918109565973282,0.0014104079455137253,3,27
scope_exception_2003,scope_exception,2003,depth3,unlimited,0.0015806190203875303,0.0013865790097042918,3,27
scope_exception_2003,scope_exception,2003,generic2,0,0.00010051799472421408,8.43801535665989e-06,1,1
scope_exception_2003,scope_exception,2003,generic2,1,0.0003756110090762377,0.00022823188919574022,2,7
scope_exception_2003,scope_exception,2003,generic2,2,0.001026970916427672,0.0008452848996967077,3,19
scope_exception_2003,scope_exception,2003,generic2,4,0.0012828659964725375,0.001084496034309268,3,19
scope_exception_2003,scope_exception,2003,generic2,6,0.001346752978861332,0.0011522750137373805,3,19
scope_exception_2003,scope_exception,2003,generic2,unlimited,0.0012333020567893982,0.0010367301292717457,3,19
scope_exception_2003,scope_exception,2003,no_scope,0,0.00010199600365012884,8.331960998475552e-06,1,1
scope_exception_2003,scope_exception,2003,no_scope,1,0.00045337702613323927,0.00030997907742857933,2,5
scope_exception_2003,scope_exception,2003,no_scope,2,0.00054706702940166,0.0003730900352820754,3,9
scope_exception_2003,scope_exception,2003,no_scope,4,0.0005972840590402484,0.00041687407065182924,3,9
scope_exception_2003,scope_exception,2003,no_scope,6,0.0006325009744614363,0.00043734500650316477,3,9
scope_exception_2003,scope_exception,2003,no_scope,unlimited,0.0007473559817299247,0.0005571828223764896,3,9
scope_exception_2003,scope_exception,2003,request_specific,0,0.00013280101120471954,1.1582043953239918e-05,1,1
scope_exception_2003,scope_exception,2003,request_specific,1,0.0006295919883996248,0.0004835190484300256,2,15
scope_exception_2003,scope_exception,2003,request_specific,2,0.004558807006105781,0.004309115931391716,3,99
scope_exception_2003,scope_exception,2003,request_specific,4,0.009720321046188474,0.009397358051501215,4,99
scope_exception_2003,scope_exception,2003,request_specific,6,0.011157695087604225,0.010837862035259604,4,99
scope_exception_2003,scope_exception,2003,request_specific,unlimited,0.009697736008092761,0.009380944073200226,4,99
wrong_sharing_2000,wrong_sharing,2000,no_review,0,0.0001156739890575409,0,0,0
wrong_sharing_2000,wrong_sharing,2000,no_review,1,9.828899055719376e-05,0,0,0
wrong_sharing_2000,wrong_sharing,2000,no_review,2,9.017891716212034e-05,0,0,0
wrong_sharing_2000,wrong_sharing,2000,no_review,4,8.825806435197592e-05,0,0,0
wrong_sharing_2000,wrong_sharing,2000,no_review,6,8.93899705260992e-05,0,0,0
wrong_sharing_2000,wrong_sharing,2000,no_review,unlimited,9.041302837431431e-05,0,0,0
wrong_sharing_2000,wrong_sharing,2000,memory,0,0.00010000297334045172,0,0,0
wrong_sharing_2000,wrong_sharing,2000,memory,1,0.00011058000382035971,0,0,0
wrong_sharing_2000,wrong_sharing,2000,memory,2,0.00011591590009629726,0,0,0
wrong_sharing_2000,wrong_sharing,2000,memory,4,0.00010669603943824768,0,0,0
wrong_sharing_2000,wrong_sharing,2000,memory,6,0.00010635796934366226,0,0,0
wrong_sharing_2000,wrong_sharing,2000,memory,unlimited,0.00010801898315548897,0,0,0
wrong_sharing_2000,wrong_sharing,2000,uncertainty,0,0.00018416205421090126,0,0,0
wrong_sharing_2000,wrong_sharing,2000,uncertainty,1,0.0002119499258697033,0,0,0
wrong_sharing_2000,wrong_sharing,2000,uncertainty,2,0.00023178604897111654,0,0,0
wrong_sharing_2000,wrong_sharing,2000,uncertainty,4,0.0002849949523806572,0,0,0
wrong_sharing_2000,wrong_sharing,2000,uncertainty,6,0.0002662729239091277,0,0,0
wrong_sharing_2000,wrong_sharing,2000,uncertainty,unlimited,0.000262538087554276,0,0,0
wrong_sharing_2000,wrong_sharing,2000,depth1,0,0.00011482497211545706,1.719500869512558e-05,1,1
wrong_sharing_2000,wrong_sharing,2000,depth1,1,0.0003673270111903548,0.0002301080385223031,2,7
wrong_sharing_2000,wrong_sharing,2000,depth1,2,0.0005387780256569386,0.0003690039739012718,3,7
wrong_sharing_2000,wrong_sharing,2000,depth1,4,0.0007093100575730205,0.0005306869279593229,3,7
wrong_sharing_2000,wrong_sharing,2000,depth1,6,0.0006104119820520282,0.00043677608482539654,3,7
wrong_sharing_2000,wrong_sharing,2000,depth1,unlimited,0.0006405370077118278,0.00046260899398475885,3,7
wrong_sharing_2000,wrong_sharing,2000,completion,0,0.00011732906568795443,0,0,0
wrong_sharing_2000,wrong_sharing,2000,completion,1,0.00032431597355753183,0,0,0
wrong_sharing_2000,wrong_sharing,2000,completion,2,0.0002787429839372635,0,0,0
wrong_sharing_2000,wrong_sharing,2000,completion,4,0.0002901559928432107,0,0,0
wrong_sharing_2000,wrong_sharing,2000,completion,6,0.00028603803366422653,0,0,0
wrong_sharing_2000,wrong_sharing,2000,completion,unlimited,0.0002809519646689296,0,0,0
wrong_sharing_2000,wrong_sharing,2000,depth2,0,0.00010864902287721634,1.1873082257807255e-05,1,1
wrong_sharing_2000,wrong_sharing,2000,depth2,1,0.0003488969523459673,0.00021594204008579254,2,7
wrong_sharing_2000,wrong_sharing,2000,depth2,2,0.0009457429405301809,0.0007712299702689052,3,19
wrong_sharing_2000,wrong_sharing,2000,depth2,4,0.0012679409701377153,0.0010819198796525598,3,19
wrong_sharing_2000,wrong_sharing,2000,depth2,6,0.0012662839144468307,0.0010760808363556862,3,19
wrong_sharing_2000,wrong_sharing,2000,depth2,unlimited,0.0011617470299825072,0.0009746780851855874,3,19
wrong_sharing_2000,wrong_sharing,2000,depth3,0,0.0001084569375962019,8.119968697428703e-06,1,1
wrong_sharing_2000,wrong_sharing,2000,depth3,1,0.0004481819923967123,0.00030969001818448305,2,7
wrong_sharing_2000,wrong_sharing,2000,depth3,2,0.0010141829261556268,0.0008267851080745459,3,19
wrong_sharing_2000,wrong_sharing,2000,depth3,4,0.0016932269791141152,0.0014930979814380407,3,27
wrong_sharing_2000,wrong_sharing,2000,depth3,6,0.0016602190444245934,0.001458571059629321,3,27
wrong_sharing_2000,wrong_sharing,2000,depth3,unlimited,0.003104622010141611,0.002841987065039575,3,27
wrong_sharing_2000,wrong_sharing,2000,generic2,0,0.00012717396020889282,1.0292045772075653e-05,1,1
wrong_sharing_2000,wrong_sharing,2000,generic2,1,0.0003917140420526266,0.0002325309906154871,2,7
wrong_sharing_2000,wrong_sharing,2000,generic2,2,0.0010205430444329977,0.0008149549830704927,3,19
wrong_sharing_2000,wrong_sharing,2000,generic2,4,0.0014221860328689218,0.0012084611225873232,3,19
wrong_sharing_2000,wrong_sharing,2000,generic2,6,0.0011958739487454295,0.0009908209322020411,3,19
wrong_sharing_2000,wrong_sharing,2000,generic2,unlimited,0.001397396088577807,0.0011637189891189337,3,19
wrong_sharing_2000,wrong_sharing,2000,no_scope,0,0.00011627702042460442,8.664093911647797e-06,1,1
wrong_sharing_2000,wrong_sharing,2000,no_scope,1,0.0003085440257564187,0.00016807497013360262,2,5
wrong_sharing_2000,wrong_sharing,2000,no_scope,2,0.0006732809124514461,0.0003785770386457443,3,9
wrong_sharing_2000,wrong_sharing,2000,no_scope,4,0.0005696340231224895,0.00039363710675388575,3,9
wrong_sharing_2000,wrong_sharing,2000,no_scope,6,0.0005653150146827102,0.0003863200545310974,3,9
wrong_sharing_2000,wrong_sharing,2000,no_scope,unlimited,0.0005595509428530931,0.0003855079412460327,3,9
wrong_sharing_2000,wrong_sharing,2000,request_specific,0,0.00011657096911221743,8.775969035923481e-06,1,1
wrong_sharing_2000,wrong_sharing,2000,request_specific,1,0.0006200290517881513,0.00047347694635391235,2,15
wrong_sharing_2000,wrong_sharing,2000,request_specific,2,0.004228285048156977,0.004016077960841358,3,99
wrong_sharing_2000,wrong_sharing,2000,request_specific,4,0.010355674079619348,0.01001186401117593,4,99
wrong_sharing_2000,wrong_sharing,2000,request_specific,6,0.009763570968061686,0.00941745622549206,4,99
wrong_sharing_2000,wrong_sharing,2000,request_specific,unlimited,0.012322308029979467,0.012006769073195755,4,99
wrong_sharing_2001,wrong_sharing,2001,no_review,0,0.00011547701433300972,0,0,0
wrong_sharing_2001,wrong_sharing,2001,no_review,1,9.432504884898663e-05,0,0,0
wrong_sharing_2001,wrong_sharing,2001,no_review,2,8.870800957083702e-05,0,0,0
wrong_sharing_2001,wrong_sharing,2001,no_review,4,8.730299305170774e-05,0,0,0
wrong_sharing_2001,wrong_sharing,2001,no_review,6,8.852197788655758e-05,0,0,0
wrong_sharing_2001,wrong_sharing,2001,no_review,unlimited,8.836400229483843e-05,0,0,0
wrong_sharing_2001,wrong_sharing,2001,memory,0,9.951204992830753e-05,0,0,0
wrong_sharing_2001,wrong_sharing,2001,memory,1,0.00011705292854458094,0,0,0
wrong_sharing_2001,wrong_sharing,2001,memory,2,0.00010756892152130604,0,0,0
wrong_sharing_2001,wrong_sharing,2001,memory,4,0.00010619102977216244,0,0,0
wrong_sharing_2001,wrong_sharing,2001,memory,6,0.0001054790336638689,0,0,0
wrong_sharing_2001,wrong_sharing,2001,memory,unlimited,0.00011194089893251657,0,0,0
wrong_sharing_2001,wrong_sharing,2001,uncertainty,0,0.00010756391566246748,0,0,0
wrong_sharing_2001,wrong_sharing,2001,uncertainty,1,0.00019998394418507814,0,0,0
wrong_sharing_2001,wrong_sharing,2001,uncertainty,2,0.00022882595658302307,0,0,0
wrong_sharing_2001,wrong_sharing,2001,uncertainty,4,0.0002842299873009324,0,0,0
wrong_sharing_2001,wrong_sharing,2001,uncertainty,6,0.0002744499361142516,0,0,0
wrong_sharing_2001,wrong_sharing,2001,uncertainty,unlimited,0.0003175530582666397,0,0,0
wrong_sharing_2001,wrong_sharing,2001,depth1,0,0.00011350703425705433,1.5420024283230305e-05,1,1
wrong_sharing_2001,wrong_sharing,2001,depth1,1,0.000394582049921155,0.00024593702983111143,2,7
wrong_sharing_2001,wrong_sharing,2001,depth1,2,0.0005507699679583311,0.00037777202669531107,3,7
wrong_sharing_2001,wrong_sharing,2001,depth1,4,0.0007121970411390066,0.0005305040394887328,3,7
wrong_sharing_2001,wrong_sharing,2001,depth1,6,0.0006112729897722602,0.00042747415136545897,3,7
wrong_sharing_2001,wrong_sharing,2001,depth1,unlimited,0.000629495014436543,0.00045339984353631735,3,7
wrong_sharing_2001,wrong_sharing,2001,completion,0,0.00010647403541952372,0,0,0
wrong_sharing_2001,wrong_sharing,2001,completion,1,0.00019858800806105137,0,0,0
wrong_sharing_2001,wrong_sharing,2001,completion,2,0.00028051307890564203,0,0,0
wrong_sharing_2001,wrong_sharing,2001,completion,4,0.0003706000279635191,0,0,0
wrong_sharing_2001,wrong_sharing,2001,completion,6,0.00028322101570665836,0,0,0
wrong_sharing_2001,wrong_sharing,2001,completion,unlimited,0.00028568797279149294,0,0,0
wrong_sharing_2001,wrong_sharing,2001,depth2,0,0.00010685797315090895,9.817071259021759e-06,1,1
wrong_sharing_2001,wrong_sharing,2001,depth2,1,0.0003469629446044564,0.0002128359628841281,2,7
wrong_sharing_2001,wrong_sharing,2001,depth2,2,0.0009980140021070838,0.000804346171207726,3,19
wrong_sharing_2001,wrong_sharing,2001,depth2,4,0.0031921990448608994,0.002878774073906243,3,19
wrong_sharing_2001,wrong_sharing,2001,depth2,6,0.0016459840117022395,0.0014216559939086437,3,19
wrong_sharing_2001,wrong_sharing,2001,depth2,unlimited,0.0011388830607756972,0.0009581330232322216,3,19
wrong_sharing_2001,wrong_sharing,2001,depth3,0,0.00011019199155271053,8.174916729331017e-06,1,1
wrong_sharing_2001,wrong_sharing,2001,depth3,1,0.00044464203529059887,0.0003076510038226843,2,7
wrong_sharing_2001,wrong_sharing,2001,depth3,2,0.0009031250374391675,0.0007309610955417156,3,19
wrong_sharing_2001,wrong_sharing,2001,depth3,4,0.0016032661078497767,0.0014129590708762407,3,27
wrong_sharing_2001,wrong_sharing,2001,depth3,6,0.0015582341002300382,0.0013468749821186066,3,27
wrong_sharing_2001,wrong_sharing,2001,depth3,unlimited,0.0015827040188014507,0.001286120037548244,3,27
wrong_sharing_2001,wrong_sharing,2001,generic2,0,0.00010996893979609013,8.055008947849274e-06,1,1
wrong_sharing_2001,wrong_sharing,2001,generic2,1,0.0003540100296959281,0.00021780200768262148,2,7
wrong_sharing_2001,wrong_sharing,2001,generic2,2,0.0010255640372633934,0.0008526380406692624,3,19
wrong_sharing_2001,wrong_sharing,2001,generic2,4,0.001233164919540286,0.0010524720419198275,3,19
wrong_sharing_2001,wrong_sharing,2001,generic2,6,0.0011785929091274738,0.000994651927612722,3,19
wrong_sharing_2001,wrong_sharing,2001,generic2,unlimited,0.0012551939580589533,0.0010701778810471296,3,19
wrong_sharing_2001,wrong_sharing,2001,no_scope,0,0.00010860105976462364,8.160946890711784e-06,1,1
wrong_sharing_2001,wrong_sharing,2001,no_scope,1,0.0002945009618997574,0.00015787093434482813,2,5
wrong_sharing_2001,wrong_sharing,2001,no_scope,2,0.0005644150078296661,0.0003884299658238888,3,9
wrong_sharing_2001,wrong_sharing,2001,no_scope,4,0.0006829230114817619,0.0005029350286349654,3,9
wrong_sharing_2001,wrong_sharing,2001,no_scope,6,0.0006457209819927812,0.0004526008851826191,3,9
wrong_sharing_2001,wrong_sharing,2001,no_scope,unlimited,0.0005960609996691346,0.000414361828006804,3,9
wrong_sharing_2001,wrong_sharing,2001,request_specific,0,0.00012566905934363604,9.119044989347458e-06,1,1
wrong_sharing_2001,wrong_sharing,2001,request_specific,1,0.000741029973141849,0.0005939960246905684,2,15
wrong_sharing_2001,wrong_sharing,2001,request_specific,2,0.005111108999699354,0.004894968820735812,3,99
wrong_sharing_2001,wrong_sharing,2001,request_specific,4,0.03808897698763758,0.03778110502753407,4,99
wrong_sharing_2001,wrong_sharing,2001,request_specific,6,0.01060978602617979,0.010308881988748908,4,99
wrong_sharing_2001,wrong_sharing,2001,request_specific,unlimited,0.012159295030869544,0.011803240864537656,4,99
wrong_sharing_2002,wrong_sharing,2002,no_review,0,0.00011381600052118301,0,0,0
wrong_sharing_2002,wrong_sharing,2002,no_review,1,9.416695684194565e-05,0,0,0
wrong_sharing_2002,wrong_sharing,2002,no_review,2,9.263306856155396e-05,0,0,0
wrong_sharing_2002,wrong_sharing,2002,no_review,4,8.981605060398579e-05,0,0,0
wrong_sharing_2002,wrong_sharing,2002,no_review,6,8.89430521056056e-05,0,0,0
wrong_sharing_2002,wrong_sharing,2002,no_review,unlimited,0.00013352290261536837,0,0,0
wrong_sharing_2002,wrong_sharing,2002,memory,0,0.00010319310240447521,0,0,0
wrong_sharing_2002,wrong_sharing,2002,memory,1,0.00011186907067894936,0,0,0
wrong_sharing_2002,wrong_sharing,2002,memory,2,0.00011059700045734644,0,0,0
wrong_sharing_2002,wrong_sharing,2002,memory,4,0.00010837800800800323,0,0,0
wrong_sharing_2002,wrong_sharing,2002,memory,6,0.00010732002556324005,0,0,0
wrong_sharing_2002,wrong_sharing,2002,memory,unlimited,0.00011446606367826462,0,0,0
wrong_sharing_2002,wrong_sharing,2002,uncertainty,0,0.00010021193884313107,0,0,0
wrong_sharing_2002,wrong_sharing,2002,uncertainty,1,0.00019156106282025576,0,0,0
wrong_sharing_2002,wrong_sharing,2002,uncertainty,2,0.00022675003856420517,0,0,0
wrong_sharing_2002,wrong_sharing,2002,uncertainty,4,0.00026569003239274025,0,0,0
wrong_sharing_2002,wrong_sharing,2002,uncertainty,6,0.000324034015648067,0,0,0
wrong_sharing_2002,wrong_sharing,2002,uncertainty,unlimited,0.0003000131109729409,0,0,0
wrong_sharing_2002,wrong_sharing,2002,depth1,0,0.00012519699521362782,1.7261016182601452e-05,1,1
wrong_sharing_2002,wrong_sharing,2002,depth1,1,0.0003787931054830551,0.00022272614296525717,2,7
wrong_sharing_2002,wrong_sharing,2002,depth1,2,0.000617688987404108,0.00044189312029629946,3,7
wrong_sharing_2002,wrong_sharing,2002,depth1,4,0.0006142229540273547,0.00044367893133312464,3,7
wrong_sharing_2002,wrong_sharing,2002,depth1,6,0.0006843190640211105,0.0005138649139553308,3,7
wrong_sharing_2002,wrong_sharing,2002,depth1,unlimited,0.0006247450364753604,0.00044306402560323477,3,7
wrong_sharing_2002,wrong_sharing,2002,completion,0,0.00010407797526568174,0,0,0
wrong_sharing_2002,wrong_sharing,2002,completion,1,0.0001952920574694872,0,0,0
wrong_sharing_2002,wrong_sharing,2002,completion,2,0.0002754400484263897,0,0,0
wrong_sharing_2002,wrong_sharing,2002,completion,4,0.0002813279861584306,0,0,0
wrong_sharing_2002,wrong_sharing,2002,completion,6,0.0002797540510073304,0,0,0
wrong_sharing_2002,wrong_sharing,2002,completion,unlimited,0.0002987370826303959,0,0,0
wrong_sharing_2002,wrong_sharing,2002,depth2,0,0.00010719406418502331,1.0319054126739502e-05,1,1
wrong_sharing_2002,wrong_sharing,2002,depth2,1,0.0004352510441094637,0.0002192120300605893,2,7
wrong_sharing_2002,wrong_sharing,2002,depth2,2,0.0009167459793388844,0.0007420680485665798,3,19
wrong_sharing_2002,wrong_sharing,2002,depth2,4,0.0021660919301211834,0.001973794074729085,3,19
wrong_sharing_2002,wrong_sharing,2002,depth2,6,0.0011654620757326484,0.000979506061412394,3,19
wrong_sharing_2002,wrong_sharing,2002,depth2,unlimited,0.0013336299452930689,0.0011183979222550988,3,19
wrong_sharing_2002,wrong_sharing,2002,depth3,0,0.00011637294664978981,9.108101949095726e-06,1,1
wrong_sharing_2002,wrong_sharing,2002,depth3,1,0.00038304191548377275,0.00023167405743151903,2,7
wrong_sharing_2002,wrong_sharing,2002,depth3,2,0.0013343370519578457,0.0011215978302061558,3,19
wrong_sharing_2002,wrong_sharing,2002,depth3,4,0.0016098120249807835,0.001397093990817666,3,27
wrong_sharing_2002,wrong_sharing,2002,depth3,6,0.0017274509882554412,0.0015310008311644197,3,27
wrong_sharing_2002,wrong_sharing,2002,depth3,unlimited,0.0016835069982334971,0.0014888870064169168,3,27
wrong_sharing_2002,wrong_sharing,2002,generic2,0,0.00011069700121879578,8.165952749550343e-06,1,1
wrong_sharing_2002,wrong_sharing,2002,generic2,1,0.000359828001819551,0.00022050610277801752,2,7
wrong_sharing_2002,wrong_sharing,2002,generic2,2,0.0010141459060832858,0.0008403088431805372,3,19
wrong_sharing_2002,wrong_sharing,2002,generic2,4,0.0011764130322262645,0.0009854900417849422,3,19
wrong_sharing_2002,wrong_sharing,2002,generic2,6,0.0012510980013757944,0.001068750862032175,3,19
wrong_sharing_2002,wrong_sharing,2002,generic2,unlimited,0.0011457600630819798,0.0009674261091277003,3,19
wrong_sharing_2002,wrong_sharing,2002,no_scope,0,0.00021980598103255033,8.631963282823563e-06,1,1
wrong_sharing_2002,wrong_sharing,2002,no_scope,1,0.00029267300851643085,0.0001556510105729103,2,5
wrong_sharing_2002,wrong_sharing,2002,no_scope,2,0.0005417469656094909,0.00036942597944289446,3,9
wrong_sharing_2002,wrong_sharing,2002,no_scope,4,0.0005795749602839351,0.0004042749060317874,3,9
wrong_sharing_2002,wrong_sharing,2002,no_scope,6,0.0007052200380712748,0.0005240818718448281,3,9
wrong_sharing_2002,wrong_sharing,2002,no_scope,unlimited,0.0005721159977838397,0.00039087305776774883,3,9
wrong_sharing_2002,wrong_sharing,2002,request_specific,0,0.00011604896280914545,8.782022632658482e-06,1,1
wrong_sharing_2002,wrong_sharing,2002,request_specific,1,0.0006346990121528506,0.00048329902347177267,2,15
wrong_sharing_2002,wrong_sharing,2002,request_specific,2,0.004426133004017174,0.004209919017739594,3,99
wrong_sharing_2002,wrong_sharing,2002,request_specific,4,0.010005202959291637,0.009694555890746415,4,99
wrong_sharing_2002,wrong_sharing,2002,request_specific,6,0.010803458979353309,0.010495160822756588,4,99
wrong_sharing_2002,wrong_sharing,2002,request_specific,unlimited,0.009855400072410703,0.009482180001214147,4,99
wrong_sharing_2003,wrong_sharing,2003,no_review,0,0.00011665094643831253,0,0,0
wrong_sharing_2003,wrong_sharing,2003,no_review,1,9.253888856619596e-05,0,0,0
wrong_sharing_2003,wrong_sharing,2003,no_review,2,8.972303476184607e-05,0,0,0
wrong_sharing_2003,wrong_sharing,2003,no_review,4,9.014096576720476e-05,0,0,0
wrong_sharing_2003,wrong_sharing,2003,no_review,6,9.10470262169838e-05,0,0,0
wrong_sharing_2003,wrong_sharing,2003,no_review,unlimited,9.230501018464565e-05,0,0,0
wrong_sharing_2003,wrong_sharing,2003,memory,0,0.00010038795880973339,0,0,0
wrong_sharing_2003,wrong_sharing,2003,memory,1,0.00011090200860053301,0,0,0
wrong_sharing_2003,wrong_sharing,2003,memory,2,0.00010883202776312828,0,0,0
wrong_sharing_2003,wrong_sharing,2003,memory,4,0.0001216609962284565,0,0,0
wrong_sharing_2003,wrong_sharing,2003,memory,6,0.0001153070479631424,0,0,0
wrong_sharing_2003,wrong_sharing,2003,memory,unlimited,0.00010883098002523184,0,0,0
wrong_sharing_2003,wrong_sharing,2003,uncertainty,0,0.0001910680439323187,0,0,0
wrong_sharing_2003,wrong_sharing,2003,uncertainty,1,0.00020637002307921648,0,0,0
wrong_sharing_2003,wrong_sharing,2003,uncertainty,2,0.00023043900728225708,0,0,0
wrong_sharing_2003,wrong_sharing,2003,uncertainty,4,0.00026362109929323196,0,0,0
wrong_sharing_2003,wrong_sharing,2003,uncertainty,6,0.00026220502331852913,0,0,0
wrong_sharing_2003,wrong_sharing,2003,uncertainty,unlimited,0.00026434205938130617,0,0,0
wrong_sharing_2003,wrong_sharing,2003,depth1,0,0.00011679599992930889,1.6971956938505173e-05,1,1
wrong_sharing_2003,wrong_sharing,2003,depth1,1,0.000421629985794425,0.0002642570761963725,2,7
wrong_sharing_2003,wrong_sharing,2003,depth1,2,0.000590626965276897,0.00039218401070684195,3,7
wrong_sharing_2003,wrong_sharing,2003,depth1,4,0.000687182997353375,0.0005138739943504333,3,7
wrong_sharing_2003,wrong_sharing,2003,depth1,6,0.0006239149952307343,0.0004390230169519782,3,7
wrong_sharing_2003,wrong_sharing,2003,depth1,unlimited,0.0006122379563748837,0.00044266588520258665,3,7
wrong_sharing_2003,wrong_sharing,2003,completion,0,0.00010280590504407883,0,0,0
wrong_sharing_2003,wrong_sharing,2003,completion,1,0.00028558506164699793,0,0,0
wrong_sharing_2003,wrong_sharing,2003,completion,2,0.00027691200375556946,0,0,0
wrong_sharing_2003,wrong_sharing,2003,completion,4,0.0002807360142469406,0,0,0
wrong_sharing_2003,wrong_sharing,2003,completion,6,0.0002793610328808427,0,0,0
wrong_sharing_2003,wrong_sharing,2003,completion,unlimited,0.0003253440372645855,0,0,0
wrong_sharing_2003,wrong_sharing,2003,depth2,0,0.00010808103252202272,9.580980986356735e-06,1,1
wrong_sharing_2003,wrong_sharing,2003,depth2,1,0.00038350699469447136,0.0002418910153210163,2,7
wrong_sharing_2003,wrong_sharing,2003,depth2,2,0.0009641110664233565,0.0007806908106431365,3,19
wrong_sharing_2003,wrong_sharing,2003,depth2,4,0.0013227589661255479,0.0011166678741574287,3,19
wrong_sharing_2003,wrong_sharing,2003,depth2,6,0.001246775034815073,0.001059063128195703,3,19
wrong_sharing_2003,wrong_sharing,2003,depth2,unlimited,0.0011309270048514009,0.0009504470508545637,3,19
wrong_sharing_2003,wrong_sharing,2003,depth3,0,0.00012048101052641869,8.11403151601553e-06,1,1
wrong_sharing_2003,wrong_sharing,2003,depth3,1,0.0004542269743978977,0.00031645502895116806,2,7
wrong_sharing_2003,wrong_sharing,2003,depth3,2,0.0009097571019083261,0.0007378589361906052,3,19
wrong_sharing_2003,wrong_sharing,2003,depth3,4,0.001574242953211069,0.0013919748598709702,3,27
wrong_sharing_2003,wrong_sharing,2003,depth3,6,0.001603204058483243,0.001418122905306518,3,27
wrong_sharing_2003,wrong_sharing,2003,depth3,unlimited,0.002324749017134309,0.0021349769085645676,3,27
wrong_sharing_2003,wrong_sharing,2003,generic2,0,0.00011015997733920813,8.161994628608227e-06,1,1
wrong_sharing_2003,wrong_sharing,2003,generic2,1,0.000342792016454041,0.0002100240672007203,2,7
wrong_sharing_2003,wrong_sharing,2003,generic2,2,0.0009325359715148807,0.0007541849045082927,3,19
wrong_sharing_2003,wrong_sharing,2003,generic2,4,0.00141152401920408,0.0011741919443011284,3,19
wrong_sharing_2003,wrong_sharing,2003,generic2,6,0.0011534779332578182,0.0009716270724311471,3,19
wrong_sharing_2003,wrong_sharing,2003,generic2,unlimited,0.001291197957471013,0.0010934228776022792,3,19
wrong_sharing_2003,wrong_sharing,2003,no_scope,0,0.00011346896644681692,8.239992894232273e-06,1,1
wrong_sharing_2003,wrong_sharing,2003,no_scope,1,0.00029374705627560616,0.00015663111116737127,2,5
wrong_sharing_2003,wrong_sharing,2003,no_scope,2,0.0006394339725375175,0.0003772189375013113,3,9
wrong_sharing_2003,wrong_sharing,2003,no_scope,4,0.0005583319580182433,0.0003826877800747752,3,9
wrong_sharing_2003,wrong_sharing,2003,no_scope,6,0.0005652320105582476,0.0003891440574079752,3,9
wrong_sharing_2003,wrong_sharing,2003,no_scope,unlimited,0.0005733469733968377,0.00039470894262194633,3,9
wrong_sharing_2003,wrong_sharing,2003,request_specific,0,0.00012245704419910908,8.590985089540482e-06,1,1
wrong_sharing_2003,wrong_sharing,2003,request_specific,1,0.0006294170161709189,0.00047494505997747183,2,15
wrong_sharing_2003,wrong_sharing,2003,request_specific,2,0.004254015046171844,0.004031194839626551,3,99
wrong_sharing_2003,wrong_sharing,2003,request_specific,4,0.009998120949603617,0.009683987009339035,4,99
wrong_sharing_2003,wrong_sharing,2003,request_specific,6,0.009622931946069002,0.009330342058092356,4,99
wrong_sharing_2003,wrong_sharing,2003,request_specific,unlimited,0.01149293000344187,0.011115816072560847,4,99
revision_2000,revision,2000,no_review,0,0.00016824796330183744,0,0,0
revision_2000,revision,2000,no_review,1,0.00013502093497663736,0,0,0
revision_2000,revision,2000,no_review,2,0.00013546994887292385,0,0,0
revision_2000,revision,2000,no_review,4,0.0001319929724559188,0,0,0
revision_2000,revision,2000,no_review,6,0.0001306760823354125,0,0,0
revision_2000,revision,2000,no_review,unlimited,0.0001493960153311491,0,0,0
revision_2000,revision,2000,memory,0,0.00015405297745019197,0,0,0
revision_2000,revision,2000,memory,1,0.00016965903341770172,0,0,0
revision_2000,revision,2000,memory,2,0.00017777702305465937,0,0,0
revision_2000,revision,2000,memory,4,0.00020462600514292717,0,0,0
revision_2000,revision,2000,memory,6,0.00016327796038240194,0,0,0
revision_2000,revision,2000,memory,unlimited,0.00016353500541299582,0,0,0
revision_2000,revision,2000,uncertainty,0,0.00014793104492127895,0,0,0
revision_2000,revision,2000,uncertainty,1,0.00022578693460673094,0,0,0
revision_2000,revision,2000,uncertainty,2,0.00020568002946674824,0,0,0
revision_2000,revision,2000,uncertainty,4,0.0002443670528009534,0,0,0
revision_2000,revision,2000,uncertainty,6,0.00020174600649625063,0,0,0
revision_2000,revision,2000,uncertainty,unlimited,0.00020082504488527775,0,0,0
revision_2000,revision,2000,depth1,0,0.00017129105981439352,4.7585112042725086e-05,2,1
revision_2000,revision,2000,depth1,1,0.0003037309506908059,0.00012868805788457394,2,3
revision_2000,revision,2000,depth1,2,0.00029399001505225897,0.00012471596710383892,2,3
revision_2000,revision,2000,depth1,4,0.00028514291625469923,0.00011889508459717035,2,3
revision_2000,revision,2000,depth1,6,0.00039884098805487156,0.00021939387079328299,2,3
revision_2000,revision,2000,depth1,unlimited,0.00027944601606577635,0.00011371995788067579,2,3
revision_2000,revision,2000,completion,0,0.00014593894593417645,0,0,0
revision_2000,revision,2000,completion,1,0.00021138100419193506,0,0,0
revision_2000,revision,2000,completion,2,0.00021522201132029295,0,0,0
revision_2000,revision,2000,completion,4,0.0002114170929417014,0,0,0
revision_2000,revision,2000,completion,6,0.00020563497673720121,0,0,0
revision_2000,revision,2000,completion,unlimited,0.00020631600636988878,0,0,0
revision_2000,revision,2000,depth2,0,0.0001663749571889639,4.5066000893712044e-05,2,1
revision_2000,revision,2000,depth2,1,0.00027453701477497816,0.00010932609438896179,2,3
revision_2000,revision,2000,depth2,2,0.00030218600295484066,0.0001318200957030058,2,3
revision_2000,revision,2000,depth2,4,0.00035423203371465206,0.00012718106154352427,2,3
revision_2000,revision,2000,depth2,6,0.0002934910589829087,0.00013475306332111359,2,3
revision_2000,revision,2000,depth2,unlimited,0.0002953010844066739,0.0001317349961027503,2,3
revision_2000,revision,2000,depth3,0,0.00016444898210465908,3.9097038097679615e-05,2,1
revision_2000,revision,2000,depth3,1,0.0002814270555973053,0.00010795809794217348,2,3
revision_2000,revision,2000,depth3,2,0.0011888840235769749,0.0010171589674428105,2,3
revision_2000,revision,2000,depth3,4,0.00028621393721550703,0.00012569199316203594,2,3
revision_2000,revision,2000,depth3,6,0.0002855919301509857,0.00012605800293385983,2,3
revision_2000,revision,2000,depth3,unlimited,0.0002847749274224043,0.0001264680176973343,2,3
revision_2000,revision,2000,generic2,0,0.00015814905054867268,3.637105692178011e-05,2,1
revision_2000,revision,2000,generic2,1,0.0002618929138407111,0.00010434607975184917,2,3
revision_2000,revision,2000,generic2,2,0.0003768540918827057,0.0002153220120817423,2,3
revision_2000,revision,2000,generic2,4,0.0002916930243372917,0.00012747407890856266,2,3
revision_2000,revision,2000,generic2,6,0.0002872459590435028,0.00012653192970901728,2,3
revision_2000,revision,2000,generic2,unlimited,0.00028639298398047686,0.00012649991549551487,2,3
revision_2000,revision,2000,no_scope,0,0.00015857501421123743,3.61449783667922e-05,2,1
revision_2000,revision,2000,no_scope,1,0.00026452599558979273,0.00010456808377057314,2,3
revision_2000,revision,2000,no_scope,2,0.0002928270259872079,0.0001296050613746047,2,3
revision_2000,revision,2000,no_scope,4,0.00031039409805089235,0.00013811106327921152,2,3
revision_2000,revision,2000,no_scope,6,0.0003155729500576854,0.00014135194942355156,2,3
revision_2000,revision,2000,no_scope,unlimited,0.0003077699802815914,0.0001397351734340191,2,3
revision_2000,revision,2000,request_specific,0,0.00021383108105510473,4.3835025280714035e-05,2,1
revision_2000,revision,2000,request_specific,1,0.0004107450367882848,0.000111915054731071,2,3
revision_2000,revision,2000,request_specific,2,0.00033249694388359785,0.0001393290003761649,2,3
revision_2000,revision,2000,request_specific,4,0.00034622102975845337,0.00015061593148857355,2,3
revision_2000,revision,2000,request_specific,6,0.0003426610492169857,0.00014112296048551798,2,3
revision_2000,revision,2000,request_specific,unlimited,0.0004311160882934928,0.00023287883959710598,2,3
revision_2001,revision,2001,no_review,0,0.00013709801714867353,0,0,0
revision_2001,revision,2001,no_review,1,0.00012902996968477964,0,0,0
revision_2001,revision,2001,no_review,2,0.00012821797281503677,0,0,0
revision_2001,revision,2001,no_review,4,0.00012772204354405403,0,0,0
revision_2001,revision,2001,no_review,6,0.00012982694897800684,0,0,0
revision_2001,revision,2001,no_review,unlimited,0.00012906105257570744,0,0,0
revision_2001,revision,2001,memory,0,0.00014751695562154055,0,0,0
revision_2001,revision,2001,memory,1,0.00016247807070612907,0,0,0
revision_2001,revision,2001,memory,2,0.00016021402552723885,0,0,0
revision_2001,revision,2001,memory,4,0.00015813892241567373,0,0,0
revision_2001,revision,2001,memory,6,0.00015811598859727383,0,0,0
revision_2001,revision,2001,memory,unlimited,0.00015816395170986652,0,0,0
revision_2001,revision,2001,uncertainty,0,0.00014316209126263857,0,0,0
revision_2001,revision,2001,uncertainty,1,0.00020813802257180214,0,0,0
revision_2001,revision,2001,uncertainty,2,0.0001967499265447259,0,0,0
revision_2001,revision,2001,uncertainty,4,0.00020977493841201067,0,0,0
revision_2001,revision,2001,uncertainty,6,0.0002689369721338153,0,0,0
revision_2001,revision,2001,uncertainty,unlimited,0.0002027589362114668,0,0,0
revision_2001,revision,2001,depth1,0,0.0001670570345595479,4.220788832753897e-05,2,1
revision_2001,revision,2001,depth1,1,0.00026732904370874166,0.00010682083666324615,2,3
revision_2001,revision,2001,depth1,2,0.0002825369592756033,0.00011992792133241892,2,3
revision_2001,revision,2001,depth1,4,0.00028266303706914186,0.0001177079975605011,2,3
revision_2001,revision,2001,depth1,6,0.000295227044261992,0.00012089801020920277,2,3
revision_2001,revision,2001,depth1,unlimited,0.0003903310280293226,0.00011581694707274437,2,3
revision_2001,revision,2001,completion,0,0.00015152199193835258,0,0,0
revision_2001,revision,2001,completion,1,0.0002167479833588004,0,0,0
revision_2001,revision,2001,completion,2,0.00021036702673882246,0,0,0
revision_2001,revision,2001,completion,4,0.00021054106764495373,0,0,0
revision_2001,revision,2001,completion,6,0.00020710495300590992,0,0,0
revision_2001,revision,2001,completion,unlimited,0.00020842801313847303,0,0,0
revision_2001,revision,2001,depth2,0,0.00017092505004256964,4.584295675158501e-05,2,1
revision_2001,revision,2001,depth2,1,0.00029961299151182175,0.00012695614714175463,2,3
revision_2001,revision,2001,depth2,2,0.0003087610239163041,0.00013703701552003622,2,3
revision_2001,revision,2001,depth2,4,0.00042752805165946484,0.0002471959451213479,2,3
revision_2001,revision,2001,depth2,6,0.00033840700052678585,0.00015417614486068487,2,3
revision_2001,revision,2001,depth2,unlimited,0.00033228204119950533,0.00014093192294239998,2,3
revision_2001,revision,2001,depth3,0,0.00016959593631327152,3.9233011193573475e-05,2,1
revision_2001,revision,2001,depth3,1,0.0002837330102920532,0.00011816504411399364,2,3
revision_2001,revision,2001,depth3,2,0.00040654290933161974,0.0002406479325145483,2,3
revision_2001,revision,2001,depth3,4,0.00034618598874658346,0.00015232199802994728,2,3
revision_2001,revision,2001,depth3,6,0.0002915579825639725,0.00012910400982946157,2,3
revision_2001,revision,2001,depth3,unlimited,0.00029886700212955475,0.00013522093649953604,2,3
revision_2001,revision,2001,generic2,0,0.00016624690033495426,3.6902958527207375e-05,2,1
revision_2001,revision,2001,generic2,1,0.0002855050843209028,0.00010994193144142628,2,3
revision_2001,revision,2001,generic2,2,0.0003925079945474863,0.0002272450365126133,2,3
revision_2001,revision,2001,generic2,4,0.00029134098440408707,0.00013061088975518942,2,3
revision_2001,revision,2001,generic2,6,0.0002952560316771269,0.00012990797404199839,2,3
revision_2001,revision,2001,generic2,unlimited,0.00029775104485452175,0.00012998294550925493,2,3
revision_2001,revision,2001,no_scope,0,0.00016363896429538727,4.0480983443558216e-05,2,1
revision_2001,revision,2001,no_scope,1,0.0002745420206338167,0.0001107649877667427,2,3
revision_2001,revision,2001,no_scope,2,0.0003851699875667691,0.00021651294082403183,2,3
revision_2001,revision,2001,no_scope,4,0.0002869688905775547,0.00012644100934267044,2,3
revision_2001,revision,2001,no_scope,6,0.00029108498711138964,0.0001303579192608595,2,3
revision_2001,revision,2001,no_scope,unlimited,0.0003234319156035781,0.00015353597700595856,2,3
revision_2001,revision,2001,request_specific,0,0.00019827496726065874,4.1822087951004505e-05,2,1
revision_2001,revision,2001,request_specific,1,0.0004116030177101493,0.0002002150285989046,2,3
revision_2001,revision,2001,request_specific,2,0.00033815810456871986,0.00014284392818808556,2,3
revision_2001,revision,2001,request_specific,4,0.00033967895433306694,0.0001394529826939106,2,3
revision_2001,revision,2001,request_specific,6,0.0003455310361459851,0.0001469440758228302,2,3
revision_2001,revision,2001,request_specific,unlimited,0.0007873069262132049,0.000587938935495913,2,3
revision_2002,revision,2002,no_review,0,0.0001414930447936058,0,0,0
revision_2002,revision,2002,no_review,1,0.00013142905663698912,0,0,0
revision_2002,revision,2002,no_review,2,0.0001297550043091178,0,0,0
revision_2002,revision,2002,no_review,4,0.00012786290608346462,0,0,0
revision_2002,revision,2002,no_review,6,0.0001289229840040207,0,0,0
revision_2002,revision,2002,no_review,unlimited,0.00012868596240878105,0,0,0
revision_2002,revision,2002,memory,0,0.00014921498950570822,0,0,0
revision_2002,revision,2002,memory,1,0.00016360590234398842,0,0,0
revision_2002,revision,2002,memory,2,0.00016093801241368055,0,0,0
revision_2002,revision,2002,memory,4,0.00016137596685439348,0,0,0
revision_2002,revision,2002,memory,6,0.00016615795902907848,0,0,0
revision_2002,revision,2002,memory,unlimited,0.0001619509421288967,0,0,0
revision_2002,revision,2002,uncertainty,0,0.0001469700364395976,0,0,0
revision_2002,revision,2002,uncertainty,1,0.00021473097149282694,0,0,0
revision_2002,revision,2002,uncertainty,2,0.00020124600268900394,0,0,0
revision_2002,revision,2002,uncertainty,4,0.0002016369253396988,0,0,0
revision_2002,revision,2002,uncertainty,6,0.0002030839677900076,0,0,0
revision_2002,revision,2002,uncertainty,unlimited,0.02756821201182902,0,0,0
revision_2002,revision,2002,depth1,0,0.00018877105321735144,4.9974885769188404e-05,2,1
revision_2002,revision,2002,depth1,1,0.0002943259896710515,0.00011482392437756062,2,3
revision_2002,revision,2002,depth1,2,0.00030187598895281553,0.00012932601384818554,2,3
revision_2002,revision,2002,depth1,4,0.000273849000222981,0.00011390203144401312,2,3
revision_2002,revision,2002,depth1,6,0.00034564791712909937,0.00018385297153145075,2,3
revision_2002,revision,2002,depth1,unlimited,0.00027154607232660055,0.00011088594328612089,2,3
revision_2002,revision,2002,completion,0,0.00014927308075129986,0,0,0
revision_2002,revision,2002,completion,1,0.000207789009436965,0,0,0
revision_2002,revision,2002,completion,2,0.0002066770102828741,0,0,0
revision_2002,revision,2002,completion,4,0.00020479399245232344,0,0,0
revision_2002,revision,2002,completion,6,0.00020767201203852892,0,0,0
revision_2002,revision,2002,completion,unlimited,0.00020804093219339848,0,0,0
revision_2002,revision,2002,depth2,0,0.00017785001546144485,5.2724964916706085e-05,2,1
revision_2002,revision,2002,depth2,1,0.0002670789835974574,0.00010614492930471897,2,3
revision_2002,revision,2002,depth2,2,0.0003748050658032298,0.00021159695461392403,2,3
revision_2002,revision,2002,depth2,4,0.00032010709401220083,0.0001274059759452939,2,3
revision_2002,revision,2002,depth2,6,0.0003517530858516693,0.0001648570178076625,2,3
revision_2002,revision,2002,depth2,unlimited,0.00028891093097627163,0.00012766709551215172,2,3
revision_2002,revision,2002,depth3,0,0.0001600059913471341,3.6488985642790794e-05,2,1
revision_2002,revision,2002,depth3,1,0.0003446249756962061,0.00018510106019675732,2,3
revision_2002,revision,2002,depth3,2,0.00028444197960197926,0.00012627604883164167,2,3
revision_2002,revision,2002,depth3,4,0.00028696993831545115,0.0001263660378754139,2,3
revision_2002,revision,2002,depth3,6,0.0002869719173759222,0.00012715195771306753,2,3
revision_2002,revision,2002,depth3,unlimited,0.00028525199741125107,0.00012746581342071295,2,3
revision_2002,revision,2002,generic2,0,0.00015845696907490492,3.7217047065496445e-05,2,1
revision_2002,revision,2002,generic2,1,0.0003622740041464567,0.00011504604481160641,2,3
revision_2002,revision,2002,generic2,2,0.0002868690062314272,0.0001283780438825488,2,3
revision_2002,revision,2002,generic2,4,0.00028983806259930134,0.00012814602814614773,2,3
revision_2002,revision,2002,generic2,6,0.00028653896879404783,0.00012582098133862019,2,3
revision_2002,revision,2002,generic2,unlimited,0.00028955505695194006,0.00012745498679578304,2,3
revision_2002,revision,2002,no_scope,0,0.00015913997776806355,3.664602991193533e-05,2,1
revision_2002,revision,2002,no_scope,1,0.00035556196235120296,0.00019589101430028677,2,3
revision_2002,revision,2002,no_scope,2,0.00028906704392284155,0.00012945407070219517,2,3
revision_2002,revision,2002,no_scope,4,0.000291836098767817,0.00012756208889186382,2,3
revision_2002,revision,2002,no_scope,6,0.0003011450171470642,0.00013304408639669418,2,3
revision_2002,revision,2002,no_scope,unlimited,0.00030961097218096256,0.00013795401901006699,2,3
revision_2002,revision,2002,request_specific,0,0.00020511110778898,4.032091237604618e-05,2,1
revision_2002,revision,2002,request_specific,1,0.000459635048173368,0.00011722301132977009,2,3
revision_2002,revision,2002,request_specific,2,0.00035392993595451117,0.00014711404219269753,2,3
revision_2002,revision,2002,request_specific,4,0.0003632099833339453,0.00015127297956496477,2,3
revision_2002,revision,2002,request_specific,6,0.00040530809201300144,0.00017247197683900595,2,3
revision_2002,revision,2002,request_specific,unlimited,0.0005024649435654283,0.0002856130013242364,2,3
revision_2003,revision,2003,no_review,0,0.00014480308163911104,0,0,0
revision_2003,revision,2003,no_review,1,0.00013373408000916243,0,0,0
revision_2003,revision,2003,no_review,2,0.0001326430356130004,0,0,0
revision_2003,revision,2003,no_review,4,0.000132898916490376,0,0,0
revision_2003,revision,2003,no_review,6,0.0001313390675932169,0,0,0
revision_2003,revision,2003,no_review,unlimited,0.00013242301065474749,0,0,0
revision_2003,revision,2003,memory,0,0.00015281490050256252,0,0,0
revision_2003,revision,2003,memory,1,0.00017108500469475985,0,0,0
revision_2003,revision,2003,memory,2,0.00016155699267983437,0,0,0
revision_2003,revision,2003,memory,4,0.00017204496543854475,0,0,0
revision_2003,revision,2003,memory,6,0.00015838502440601587,0,0,0
revision_2003,revision,2003,memory,unlimited,0.00017098395619541407,0,0,0
revision_2003,revision,2003,uncertainty,0,0.00016579602379351854,0,0,0
revision_2003,revision,2003,uncertainty,1,0.00022762094158679247,0,0,0
revision_2003,revision,2003,uncertainty,2,0.0002248380333185196,0,0,0
revision_2003,revision,2003,uncertainty,4,0.0003133349819108844,0,0,0
revision_2003,revision,2003,uncertainty,6,0.00020443706307560205,0,0,0
revision_2003,revision,2003,uncertainty,unlimited,0.00020723300985991955,0,0,0
revision_2003,revision,2003,depth1,0,0.0001687949988991022,4.436890594661236e-05,2,1
revision_2003,revision,2003,depth1,1,0.00027101696468889713,0.00011014507617801428,2,3
revision_2003,revision,2003,depth1,2,0.00027567194774746895,0.00011667003855109215,2,3
revision_2003,revision,2003,depth1,4,0.0002749230479821563,0.00011630204971879721,2,3
revision_2003,revision,2003,depth1,6,0.00035493902396410704,0.00019496004097163677,2,3
revision_2003,revision,2003,depth1,unlimited,0.0002745769452303648,0.00011265813373029232,2,3
revision_2003,revision,2003,completion,0,0.00015083909966051579,0,0,0
revision_2003,revision,2003,completion,1,0.00020869402214884758,0,0,0
revision_2003,revision,2003,completion,2,0.00020886294078081846,0,0,0
revision_2003,revision,2003,completion,4,0.00021492305677384138,0,0,0
revision_2003,revision,2003,completion,6,0.00020643603056669235,0,0,0
revision_2003,revision,2003,completion,unlimited,0.00020591297652572393,0,0,0
revision_2003,revision,2003,depth2,0,0.00015985907521098852,3.846106119453907e-05,2,1
revision_2003,revision,2003,depth2,1,0.00026976095978170633,0.00010842806659638882,2,3
revision_2003,revision,2003,depth2,2,0.0002913929056376219,0.00013140402734279633,2,3
revision_2003,revision,2003,depth2,4,0.00040315999649465084,0.00013751897495239973,2,3
revision_2003,revision,2003,depth2,6,0.00029315194115042686,0.00013196910731494427,2,3
revision_2003,revision,2003,depth2,unlimited,0.00028792000375688076,0.0001284830505028367,2,3
revision_2003,revision,2003,depth3,0,0.00015941308811306953,3.7380028516054153e-05,2,1
revision_2003,revision,2003,depth3,1,0.00026448804419487715,0.0001038301270455122,2,3
revision_2003,revision,2003,depth3,2,0.0003781720297411084,0.00021652004215866327,2,3
revision_2003,revision,2003,depth3,4,0.00028549693524837494,0.0001273601083084941,2,3
revision_2003,revision,2003,depth3,6,0.0002918579848483205,0.0001280689612030983,2,3
revision_2003,revision,2003,depth3,unlimited,0.00029630493372678757,0.00012730993330478668,2,3
revision_2003,revision,2003,generic2,0,0.00015954009722918272,3.621494397521019e-05,2,1
revision_2003,revision,2003,generic2,1,0.00026455207262188196,0.00010558799840509892,2,3
revision_2003,revision,2003,generic2,2,0.0007581169484183192,0.0001368410885334015,2,3
revision_2003,revision,2003,generic2,4,0.0002899160608649254,0.00012556591536849737,2,3
revision_2003,revision,2003,generic2,6,0.0002884629648178816,0.0001285310136154294,2,3
revision_2003,revision,2003,generic2,unlimited,0.00030554994009435177,0.0001317609567195177,2,3
revision_2003,revision,2003,no_scope,0,0.00016241800040006638,3.7627993151545525e-05,2,1
revision_2003,revision,2003,no_scope,1,0.00036360102239996195,0.00010791688691824675,2,3
revision_2003,revision,2003,no_scope,2,0.000299104955047369,0.00013337901327759027,2,3
revision_2003,revision,2003,no_scope,4,0.0002882750704884529,0.00012853392399847507,2,3
revision_2003,revision,2003,no_scope,6,0.00030392303597182035,0.00012993894051760435,2,3
revision_2003,revision,2003,no_scope,unlimited,0.00030618696473538876,0.00013050693087279797,2,3
revision_2003,revision,2003,request_specific,0,0.0002362229861319065,5.061493720859289e-05,2,1
revision_2003,revision,2003,request_specific,1,0.00044101604726165533,0.00011405209079384804,2,3
revision_2003,revision,2003,request_specific,2,0.00034699495881795883,0.00014363101217895746,2,3
revision_2003,revision,2003,request_specific,4,0.00036327994894236326,0.00014889601152390242,2,3
revision_2003,revision,2003,request_specific,6,0.00034620403312146664,0.00014424510300159454,2,3
revision_2003,revision,2003,request_specific,unlimited,0.0005286100786179304,0.0003064339980483055,2,3
revocation_2000,revocation,2000,no_review,0,0.00013094395399093628,0,0,0
revocation_2000,revocation,2000,no_review,1,0.00012000999413430691,0,0,0
revocation_2000,revocation,2000,no_review,2,0.00011910696048289537,0,0,0
revocation_2000,revocation,2000,no_review,4,0.00011733302380889654,0,0,0
revocation_2000,revocation,2000,no_review,6,0.00011781195644289255,0,0,0
revocation_2000,revocation,2000,no_review,unlimited,0.00012535101268440485,0,0,0
revocation_2000,revocation,2000,memory,0,0.0001359749585390091,0,0,0
revocation_2000,revocation,2000,memory,1,0.00025569694116711617,0,0,0
revocation_2000,revocation,2000,memory,2,0.00022869196254760027,0,0,0
revocation_2000,revocation,2000,memory,4,0.00022233999334275723,0,0,0
revocation_2000,revocation,2000,memory,6,0.00022375502157956362,0,0,0
revocation_2000,revocation,2000,memory,unlimited,0.00023818109184503555,0,0,0
revocation_2000,revocation,2000,uncertainty,0,0.00016426004003733397,0,0,0
revocation_2000,revocation,2000,uncertainty,1,0.00021243107039481401,0,0,0
revocation_2000,revocation,2000,uncertainty,2,0.000337666948325932,0,0,0
revocation_2000,revocation,2000,uncertainty,4,0.0002495519584044814,0,0,0
revocation_2000,revocation,2000,uncertainty,6,0.00024533597752451897,0,0,0
revocation_2000,revocation,2000,uncertainty,unlimited,0.00024509395007044077,0,0,0
revocation_2000,revocation,2000,depth1,0,0.00015343795530498028,4.7100940719246864e-05,2,1
revocation_2000,revocation,2000,depth1,1,0.00025899196043610573,0.00011158187408000231,2,3
revocation_2000,revocation,2000,depth1,2,0.0003860499709844589,0.00018569198437035084,3,3
revocation_2000,revocation,2000,depth1,4,0.0004924900131300092,0.0002755421446636319,3,3
revocation_2000,revocation,2000,depth1,6,0.0003963880008086562,0.000191250117495656,3,3
revocation_2000,revocation,2000,depth1,unlimited,0.00039066094905138016,0.000191046972759068,3,3
revocation_2000,revocation,2000,completion,0,0.00013292196672409773,0,0,0
revocation_2000,revocation,2000,completion,1,0.00019340403378009796,0,0,0
revocation_2000,revocation,2000,completion,2,0.0002921130508184433,0,0,0
revocation_2000,revocation,2000,completion,4,0.00029872998129576445,0,0,0
revocation_2000,revocation,2000,completion,6,0.00034200900699943304,0,0,0
revocation_2000,revocation,2000,completion,unlimited,0.00038217694964259863,0,0,0
revocation_2000,revocation,2000,depth2,0,0.00014996796380728483,4.1762134060263634e-05,2,1
revocation_2000,revocation,2000,depth2,1,0.0002528569893911481,0.00010623398702591658,2,3
revocation_2000,revocation,2000,depth2,2,0.00040248199366033077,0.00019920500926673412,3,3
revocation_2000,revocation,2000,depth2,4,0.00043001107405871153,0.000212967861443758,3,3
revocation_2000,revocation,2000,depth2,6,0.000511973979882896,0.0003079640446230769,3,3
revocation_2000,revocation,2000,depth2,unlimited,0.0004068179987370968,0.0002079709665849805,3,3
revocation_2000,revocation,2000,depth3,0,0.00014285801444202662,3.8681901060044765e-05,2,1
revocation_2000,revocation,2000,depth3,1,0.00026546104345470667,0.00011322193313390017,2,3
revocation_2000,revocation,2000,depth3,2,0.0004698680713772774,0.000249717035330832,3,3
revocation_2000,revocation,2000,depth3,4,0.0005489420145750046,0.0003432600060477853,3,3
revocation_2000,revocation,2000,depth3,6,0.0004219450056552887,0.0002126881154254079,3,3
revocation_2000,revocation,2000,depth3,unlimited,0.00042940699495375156,0.00021798897068947554,3,3
revocation_2000,revocation,2000,generic2,0,0.00015066599007695913,4.115002229809761e-05,2,1
revocation_2000,revocation,2000,generic2,1,0.00026156404055655,0.00011128594633191824,2,3
revocation_2000,revocation,2000,generic2,2,0.0005542460130527616,0.0003345579607412219,3,3
revocation_2000,revocation,2000,generic2,4,0.0004144760314375162,0.00021119893062859774,3,3
revocation_2000,revocation,2000,generic2,6,0.0004202240379527211,0.00021735799964517355,3,3
revocation_2000,revocation,2000,generic2,unlimited,0.00042247807141393423,0.00021652609575539827,3,3
revocation_2000,revocation,2000,no_scope,0,0.00014833000022917986,4.0463986806571484e-05,2,1
revocation_2000,revocation,2000,no_scope,1,0.000388832064345479,0.000227414071559906,2,3
revocation_2000,revocation,2000,no_scope,2,0.0004216519882902503,0.00019853096455335617,3,3
revocation_2000,revocation,2000,no_scope,4,0.0004223409341648221,0.00021789001766592264,3,3
revocation_2000,revocation,2000,no_scope,6,0.00042023591231554747,0.0002172267995774746,3,3
revocation_2000,revocation,2000,no_scope,unlimited,0.0005428760778158903,0.00032307696528732777,3,3
revocation_2000,revocation,2000,request_specific,0,0.00021516799461096525,5.303812213242054e-05,2,1
revocation_2000,revocation,2000,request_specific,1,0.0003269549924880266,0.00011748599354177713,2,3
revocation_2000,revocation,2000,request_specific,2,0.0005218860460445285,0.0002863119589164853,3,4
revocation_2000,revocation,2000,request_specific,4,0.0015840909909456968,0.0007672340143471956,5,7
revocation_2000,revocation,2000,request_specific,6,0.0010542800882831216,0.0007308658678084612,5,7
revocation_2000,revocation,2000,request_specific,unlimited,0.0010465619852766395,0.000706828897818923,5,7
revocation_2001,revocation,2001,no_review,0,0.00012829399202018976,0,0,0
revocation_2001,revocation,2001,no_review,1,0.00011751498095691204,0,0,0
revocation_2001,revocation,2001,no_review,2,0.00011611205991357565,0,0,0
revocation_2001,revocation,2001,no_review,4,0.00011396303307265043,0,0,0
revocation_2001,revocation,2001,no_review,6,0.00011452101171016693,0,0,0
revocation_2001,revocation,2001,no_review,unlimited,0.00021111895330250263,0,0,0
revocation_2001,revocation,2001,memory,0,0.00013816903810948133,0,0,0
revocation_2001,revocation,2001,memory,1,0.00022776506375521421,0,0,0
revocation_2001,revocation,2001,memory,2,0.00021946302149444818,0,0,0
revocation_2001,revocation,2001,memory,4,0.00022067001555114985,0,0,0
revocation_2001,revocation,2001,memory,6,0.000218659988604486,0,0,0
revocation_2001,revocation,2001,memory,unlimited,0.00021932402160018682,0,0,0
revocation_2001,revocation,2001,uncertainty,0,0.00014121993444859982,0,0,0
revocation_2001,revocation,2001,uncertainty,1,0.00018790899775922298,0,0,0
revocation_2001,revocation,2001,uncertainty,2,0.0002511040074750781,0,0,0
revocation_2001,revocation,2001,uncertainty,4,0.00024862296413630247,0,0,0
revocation_2001,revocation,2001,uncertainty,6,0.0002477240050211549,0,0,0
revocation_2001,revocation,2001,uncertainty,unlimited,0.0002488819882273674,0,0,0
revocation_2001,revocation,2001,depth1,0,0.0001531390007585287,4.680792335420847e-05,2,1
revocation_2001,revocation,2001,depth1,1,0.0002639180747792125,0.00011349702253937721,2,3
revocation_2001,revocation,2001,depth1,2,0.00048632407560944557,0.000191747909411788,3,3
revocation_2001,revocation,2001,depth1,4,0.00041121605318039656,0.00020293204579502344,3,3
revocation_2001,revocation,2001,depth1,6,0.0004093529423698783,0.00019806402269750834,3,3
revocation_2001,revocation,2001,depth1,unlimited,0.000528611009940505,0.0003229042049497366,3,3
revocation_2001,revocation,2001,completion,0,0.00013575807679444551,0,0,0
revocation_2001,revocation,2001,completion,1,0.00020757992751896381,0,0,0
revocation_2001,revocation,2001,completion,2,0.00029782403726130724,0,0,0
revocation_2001,revocation,2001,completion,4,0.0003017659764736891,0,0,0
revocation_2001,revocation,2001,completion,6,0.00031385605689138174,0,0,0
revocation_2001,revocation,2001,completion,unlimited,0.000299435923807323,0,0,0
revocation_2001,revocation,2001,depth2,0,0.00015523296315222979,4.784588236361742e-05,2,1
revocation_2001,revocation,2001,depth2,1,0.0002634889679029584,0.00011313799768686295,2,3
revocation_2001,revocation,2001,depth2,2,0.00041590502951294184,0.00021125201601535082,3,3
revocation_2001,revocation,2001,depth2,4,0.0005606339545920491,0.0003381500719115138,3,3
revocation_2001,revocation,2001,depth2,6,0.00045172194950282574,0.0002381389494985342,3,3
revocation_2001,revocation,2001,depth2,unlimited,0.0004263039445504546,0.00022009806707501411,3,3
revocation_2001,revocation,2001,depth3,0,0.0001495529431849718,3.9684935472905636e-05,2,1
revocation_2001,revocation,2001,depth3,1,0.0003711689496412873,0.00022149994038045406,2,3
revocation_2001,revocation,2001,depth3,2,0.00039914099033921957,0.00019623804837465286,3,3
revocation_2001,revocation,2001,depth3,4,0.0004117470234632492,0.0002131458604708314,3,3
revocation_2001,revocation,2001,depth3,6,0.0004136159550398588,0.0002111599314957857,3,3
revocation_2001,revocation,2001,depth3,unlimited,0.0005113648949190974,0.0003101518377661705,3,3
revocation_2001,revocation,2001,generic2,0,0.00014741707127541304,3.899389412254095e-05,2,1
revocation_2001,revocation,2001,generic2,1,0.00029450689908117056,0.00013612990733236074,2,3
revocation_2001,revocation,2001,generic2,2,0.0004889059346169233,0.00024363596457988024,3,3
revocation_2001,revocation,2001,generic2,4,0.0004190410254523158,0.00021477194968611002,3,3
revocation_2001,revocation,2001,generic2,6,0.0005601990269497037,0.0003405549796298146,3,3
revocation_2001,revocation,2001,generic2,unlimited,0.00041381095070391893,0.00020751403644680977,3,3
revocation_2001,revocation,2001,no_scope,0,0.00014457397628575563,3.7899939343333244e-05,2,1
revocation_2001,revocation,2001,no_scope,1,0.00027015910018235445,0.00011378596536815166,2,3
revocation_2001,revocation,2001,no_scope,2,0.0004084310494363308,0.00020472996402531862,3,3
revocation_2001,revocation,2001,no_scope,4,0.0005254049319773912,0.00031918101012706757,3,3
revocation_2001,revocation,2001,no_scope,6,0.0004080990329384804,0.0002108780900016427,3,3
revocation_2001,revocation,2001,no_scope,unlimited,0.00044615508522838354,0.0002295288722962141,3,3
revocation_2001,revocation,2001,request_specific,0,0.0001908999402076006,4.5244116336107254e-05,2,1
revocation_2001,revocation,2001,request_specific,1,0.0002961020218208432,0.00011310109402984381,2,3
revocation_2001,revocation,2001,request_specific,2,0.0005270960973575711,0.00029295601416379213,3,4
revocation_2001,revocation,2001,request_specific,4,0.0010309990029782057,0.0007096449844539165,5,7
revocation_2001,revocation,2001,request_specific,6,0.0011408450081944466,0.0007127430289983749,5,7
revocation_2001,revocation,2001,request_specific,unlimited,0.0017328269314020872,0.001357722096145153,5,7
revocation_2002,revocation,2002,no_review,0,0.00012897292617708445,0,0,0
revocation_2002,revocation,2002,no_review,1,0.00011680705938488245,0,0,0
revocation_2002,revocation,2002,no_review,2,0.00011497491504997015,0,0,0
revocation_2002,revocation,2002,no_review,4,0.00011259398888796568,0,0,0
revocation_2002,revocation,2002,no_review,6,0.0001167800510302186,0,0,0
revocation_2002,revocation,2002,no_review,unlimited,0.00011300994083285332,0,0,0
revocation_2002,revocation,2002,memory,0,0.00012953404802829027,0,0,0
revocation_2002,revocation,2002,memory,1,0.00022736401297152042,0,0,0
revocation_2002,revocation,2002,memory,2,0.00022421800531446934,0,0,0
revocation_2002,revocation,2002,memory,4,0.00022372393868863583,0,0,0
revocation_2002,revocation,2002,memory,6,0.00022010505199432373,0,0,0
revocation_2002,revocation,2002,memory,unlimited,0.0002264510840177536,0,0,0
revocation_2002,revocation,2002,uncertainty,0,0.00013465690426528454,0,0,0
revocation_2002,revocation,2002,uncertainty,1,0.00020233902614563704,0,0,0
revocation_2002,revocation,2002,uncertainty,2,0.00029233191162347794,0,0,0
revocation_2002,revocation,2002,uncertainty,4,0.0003454670077189803,0,0,0
revocation_2002,revocation,2002,uncertainty,6,0.0002537600230425596,0,0,0
revocation_2002,revocation,2002,uncertainty,unlimited,0.0002657809527590871,0,0,0
revocation_2002,revocation,2002,depth1,0,0.00015325401909649372,4.706613253802061e-05,2,1
revocation_2002,revocation,2002,depth1,1,0.0002591189695522189,0.00011025392450392246,2,3
revocation_2002,revocation,2002,depth1,2,0.00039197492878884077,0.00018839002586901188,3,3
revocation_2002,revocation,2002,depth1,4,0.0004783710464835167,0.00026994908694177866,3,3
revocation_2002,revocation,2002,depth1,6,0.00041192490607500076,0.0002001090906560421,3,3
revocation_2002,revocation,2002,depth1,unlimited,0.00039721105713397264,0.00019354000687599182,3,3
revocation_2002,revocation,2002,completion,0,0.00013879593461751938,0,0,0
revocation_2002,revocation,2002,completion,1,0.00019863597117364407,0,0,0
revocation_2002,revocation,2002,completion,2,0.0002996249822899699,0,0,0
revocation_2002,revocation,2002,completion,4,0.0003042470198124647,0,0,0
revocation_2002,revocation,2002,completion,6,0.0003230939619243145,0,0,0
revocation_2002,revocation,2002,completion,unlimited,0.00039328192360699177,0,0,0
revocation_2002,revocation,2002,depth2,0,0.00015480106230825186,4.188390448689461e-05,2,1
revocation_2002,revocation,2002,depth2,1,0.0002561149885877967,0.00010810501407831907,2,3
revocation_2002,revocation,2002,depth2,2,0.000439118011854589,0.0002128190826624632,3,3
revocation_2002,revocation,2002,depth2,4,0.00044197007082402706,0.000235638115555048,3,3
revocation_2002,revocation,2002,depth2,6,0.0005196579732000828,0.00031630194280296564,3,3
revocation_2002,revocation,2002,depth2,unlimited,0.00042164395563304424,0.00020945584401488304,3,3
revocation_2002,revocation,2002,depth3,0,0.0001564699923619628,4.082603845745325e-05,2,1
revocation_2002,revocation,2002,depth3,1,0.0002559529384598136,0.00010769604705274105,2,3
revocation_2002,revocation,2002,depth3,2,0.00041090103331953287,0.00020052294712513685,3,3
revocation_2002,revocation,2002,depth3,4,0.0005322230281308293,0.00031750404741615057,3,3
revocation_2002,revocation,2002,depth3,6,0.00045620999298989773,0.0002449809107929468,3,3
revocation_2002,revocation,2002,depth3,unlimited,0.000419429037719965,0.00021503190509974957,3,3
revocation_2002,revocation,2002,generic2,0,0.0001477799378335476,3.851798828691244e-05,2,1
revocation_2002,revocation,2002,generic2,1,0.00025684398133307695,0.00010747404303401709,2,3
revocation_2002,revocation,2002,generic2,2,0.0005141340661793947,0.00030875299125909805,3,3
revocation_2002,revocation,2002,generic2,4,0.00041613506618887186,0.0002135750837624073,3,3
revocation_2002,revocation,2002,generic2,6,0.00041413994040340185,0.00021302001550793648,3,3
revocation_2002,revocation,2002,generic2,unlimited,0.00042417494114488363,0.00021974893752485514,3,3
revocation_2002,revocation,2002,no_scope,0,0.00015787500888109207,4.0158978663384914e-05,2,1
revocation_2002,revocation,2002,no_scope,1,0.00040483998600393534,0.00024877500254660845,2,3
revocation_2002,revocation,2002,no_scope,2,0.0004157890798524022,0.00019933993462473154,3,3
revocation_2002,revocation,2002,no_scope,4,0.00042461592238396406,0.00022087700199335814,3,3
revocation_2002,revocation,2002,no_scope,6,0.0004546149866655469,0.00023224903270602226,3,3
revocation_2002,revocation,2002,no_scope,unlimited,0.0005626339698210359,0.00034530472476035357,3,3
revocation_2002,revocation,2002,request_specific,0,0.00017908797599375248,4.141696263104677e-05,2,1
revocation_2002,revocation,2002,request_specific,1,0.00029765802901238203,0.00011308700777590275,2,3
revocation_2002,revocation,2002,request_specific,2,0.0005552329821512103,0.0002984150778502226,3,4
revocation_2002,revocation,2002,request_specific,4,0.001207491965033114,0.0007335690315812826,5,7
revocation_2002,revocation,2002,request_specific,6,0.001126346061937511,0.0008088097674772143,5,7
revocation_2002,revocation,2002,request_specific,unlimited,0.0010260669514536858,0.0007047810358926654,5,7
revocation_2003,revocation,2003,no_review,0,0.0001235420349985361,0,0,0
revocation_2003,revocation,2003,no_review,1,0.00011543696746230125,0,0,0
revocation_2003,revocation,2003,no_review,2,0.00011412601452320814,0,0,0
revocation_2003,revocation,2003,no_review,4,0.00011305196676403284,0,0,0
revocation_2003,revocation,2003,no_review,6,0.00020438397768884897,0,0,0
revocation_2003,revocation,2003,no_review,unlimited,0.00013686902821063995,0,0,0
revocation_2003,revocation,2003,memory,0,0.00013755005784332752,0,0,0
revocation_2003,revocation,2003,memory,1,0.00023109791800379753,0,0,0
revocation_2003,revocation,2003,memory,2,0.00022194802295416594,0,0,0
revocation_2003,revocation,2003,memory,4,0.00023907795548439026,0,0,0
revocation_2003,revocation,2003,memory,6,0.00022145104594528675,0,0,0
revocation_2003,revocation,2003,memory,unlimited,0.00021882797591388226,0,0,0
revocation_2003,revocation,2003,uncertainty,0,0.0001312789972871542,0,0,0
revocation_2003,revocation,2003,uncertainty,1,0.00018769502639770508,0,0,0
revocation_2003,revocation,2003,uncertainty,2,0.00025040702894330025,0,0,0
revocation_2003,revocation,2003,uncertainty,4,0.0002558690030127764,0,0,0
revocation_2003,revocation,2003,uncertainty,6,0.00025260099209845066,0,0,0
revocation_2003,revocation,2003,uncertainty,unlimited,0.00025181693490594625,0,0,0
revocation_2003,revocation,2003,depth1,0,0.00015557697042822838,4.83981566503644e-05,2,1
revocation_2003,revocation,2003,depth1,1,0.0008097729878500104,0.00011396408081054688,2,3
revocation_2003,revocation,2003,depth1,2,0.00045036396477371454,0.0002129341010004282,3,3
revocation_2003,revocation,2003,depth1,4,0.00042166293133050203,0.0002105081221088767,3,3
revocation_2003,revocation,2003,depth1,6,0.00039797299541532993,0.00019375199917703867,3,3
revocation_2003,revocation,2003,depth1,unlimited,0.00041050591971725225,0.0002029560273513198,3,3
revocation_2003,revocation,2003,completion,0,0.0001432810677215457,0,0,0
revocation_2003,revocation,2003,completion,1,0.00019942806102335453,0,0,0
revocation_2003,revocation,2003,completion,2,0.0003000709693878889,0,0,0
revocation_2003,revocation,2003,completion,4,0.00029443902894854546,0,0,0
revocation_2003,revocation,2003,completion,6,0.00029453099705278873,0,0,0
revocation_2003,revocation,2003,completion,unlimited,0.00029482890386134386,0,0,0
revocation_2003,revocation,2003,depth2,0,0.00015107099898159504,4.4261920265853405e-05,2,1
revocation_2003,revocation,2003,depth2,1,0.00026166101451963186,0.00011213193647563457,2,3
revocation_2003,revocation,2003,depth2,2,0.0004108450375497341,0.00020430609583854675,3,3
revocation_2003,revocation,2003,depth2,4,0.0005317589966580272,0.00032493402250111103,3,3
revocation_2003,revocation,2003,depth2,6,0.00041881599463522434,0.00021713797468692064,3,3
revocation_2003,revocation,2003,depth2,unlimited,0.000414131092838943,0.00021419604308903217,3,3
revocation_2003,revocation,2003,depth3,0,0.0001458129845559597,3.821903374046087e-05,2,1
revocation_2003,revocation,2003,depth3,1,0.000354639021679759,0.00020395696628838778,2,3
revocation_2003,revocation,2003,depth3,2,0.00040055601857602596,0.00019765191245824099,3,3
revocation_2003,revocation,2003,depth3,4,0.0004277540137991309,0.00021713890600949526,3,3
revocation_2003,revocation,2003,depth3,6,0.0004522940143942833,0.00023624405730515718,3,3
revocation_2003,revocation,2003,depth3,unlimited,0.0005421900423243642,0.00033091194927692413,3,3
revocation_2003,revocation,2003,generic2,0,0.0001482419902458787,3.8482947275042534e-05,2,1
revocation_2003,revocation,2003,generic2,1,0.00026522192638367414,0.00010613398626446724,2,3
revocation_2003,revocation,2003,generic2,2,0.0005080359987914562,0.0002683799248188734,3,3
revocation_2003,revocation,2003,generic2,4,0.0004224770236760378,0.00021897407714277506,3,3
revocation_2003,revocation,2003,generic2,6,0.0005671740509569645,0.00035208510234951973,3,3
revocation_2003,revocation,2003,generic2,unlimited,0.00041525496635586023,0.0002087550237774849,3,3
revocation_2003,revocation,2003,no_scope,0,0.00014716305304318666,3.8917060010135174e-05,2,1
revocation_2003,revocation,2003,no_scope,1,0.00025524303782731295,0.00010815390851348639,2,3
revocation_2003,revocation,2003,no_scope,2,0.0004053169395774603,0.00020449596922844648,3,3
revocation_2003,revocation,2003,no_scope,4,0.0005153389647603035,0.00031383300665766,3,3
revocation_2003,revocation,2003,no_scope,6,0.00040880998130887747,0.00020922510884702206,3,3
revocation_2003,revocation,2003,no_scope,unlimited,0.0004302980378270149,0.00022758101113140583,3,3
revocation_2003,revocation,2003,request_specific,0,0.0001854809233918786,4.217505920678377e-05,2,1
revocation_2003,revocation,2003,request_specific,1,0.00031157396733760834,0.00011850008741021156,2,3
revocation_2003,revocation,2003,request_specific,2,0.0007414119318127632,0.00039704504888504744,3,4
revocation_2003,revocation,2003,request_specific,4,0.001187367015518248,0.0008038780651986599,5,7
revocation_2003,revocation,2003,request_specific,6,0.0011926640290766954,0.0007265368476510048,5,7
revocation_2003,revocation,2003,request_specific,unlimited,0.0011407480342313647,0.0008155260002240539,5,7
noisy_response_2000,noisy_response,2000,no_review,0,9.393598884344101e-05,0,0,0
noisy_response_2000,noisy_response,2000,no_review,1,9.07570356503129e-05,0,0,0
noisy_response_2000,noisy_response,2000,no_review,2,7.460394408553839e-05,0,0,0
noisy_response_2000,noisy_response,2000,no_review,4,7.265596650540829e-05,0,0,0
noisy_response_2000,noisy_response,2000,no_review,6,7.705297321081161e-05,0,0,0
noisy_response_2000,noisy_response,2000,no_review,unlimited,7.401197217404842e-05,0,0,0
noisy_response_2000,noisy_response,2000,memory,0,8.500996045768261e-05,0,0,0
noisy_response_2000,noisy_response,2000,memory,1,9.459699504077435e-05,0,0,0
noisy_response_2000,noisy_response,2000,memory,2,9.336299262940884e-05,0,0,0
noisy_response_2000,noisy_response,2000,memory,4,9.129301179200411e-05,0,0,0
noisy_response_2000,noisy_response,2000,memory,6,9.210803546011448e-05,0,0,0
noisy_response_2000,noisy_response,2000,memory,unlimited,9.191990830004215e-05,0,0,0
noisy_response_2000,noisy_response,2000,uncertainty,0,8.335104212164879e-05,0,0,0
noisy_response_2000,noisy_response,2000,uncertainty,1,0.00020013703033328056,0,0,0
noisy_response_2000,noisy_response,2000,uncertainty,2,0.0002328119007870555,0,0,0
noisy_response_2000,noisy_response,2000,uncertainty,4,0.0003216969780623913,0,0,0
noisy_response_2000,noisy_response,2000,uncertainty,6,0.0004048009868711233,0,0,0
noisy_response_2000,noisy_response,2000,uncertainty,unlimited,0.00030902004800736904,0,0,0
noisy_response_2000,noisy_response,2000,depth1,0,9.90900443866849e-05,1.62170035764575e-05,1,1
noisy_response_2000,noisy_response,2000,depth1,1,0.0003781680716201663,0.0002487150486558676,2,9
noisy_response_2000,noisy_response,2000,depth1,2,0.0005912489723414183,0.0004246118478477001,3,9
noisy_response_2000,noisy_response,2000,depth1,4,0.000985054997727275,0.0006567749660462141,5,9
noisy_response_2000,noisy_response,2000,depth1,6,0.0014062960399314761,0.0011603598250076175,5,9
noisy_response_2000,noisy_response,2000,depth1,unlimited,0.0008668480440974236,0.0006148851243779063,5,9
noisy_response_2000,noisy_response,2000,completion,0,8.642999455332756e-05,0,0,0
noisy_response_2000,noisy_response,2000,completion,1,0.00019011099357157946,0,0,0
noisy_response_2000,noisy_response,2000,completion,2,0.00038784893695265055,0,0,0
noisy_response_2000,noisy_response,2000,completion,4,0.0004238060209900141,0,0,0
noisy_response_2000,noisy_response,2000,completion,6,0.00041355693247169256,0,0,0
noisy_response_2000,noisy_response,2000,completion,unlimited,0.0004309869837015867,0,0,0
noisy_response_2000,noisy_response,2000,depth2,0,9.445298928767443e-05,1.4644931070506573e-05,1,1
noisy_response_2000,noisy_response,2000,depth2,1,0.0003719199448823929,0.00024345202837139368,2,9
noisy_response_2000,noisy_response,2000,depth2,2,0.001424476969987154,0.0012457689736038446,3,33
noisy_response_2000,noisy_response,2000,depth2,4,0.00306443904992193,0.002648351015523076,5,33
noisy_response_2000,noisy_response,2000,depth2,6,0.0025744889862835407,0.002263838076032698,5,33
noisy_response_2000,noisy_response,2000,depth2,unlimited,0.002298898994922638,0.0020103519782423973,5,33
noisy_response_2000,noisy_response,2000,depth3,0,9.387603495270014e-05,7.865019142627716e-06,1,1
noisy_response_2000,noisy_response,2000,depth3,1,0.0003754599019885063,0.00024526508059352636,2,9
noisy_response_2000,noisy_response,2000,depth3,2,0.0013966879341751337,0.0011557958787307143,3,33
noisy_response_2000,noisy_response,2000,depth3,4,0.0037316220114007592,0.0034577419282868505,5,65
noisy_response_2000,noisy_response,2000,depth3,6,0.007154905004426837,0.006867543910630047,5,65
noisy_response_2000,noisy_response,2000,depth3,unlimited,0.0037385410396382213,0.00339060602709651,5,65
noisy_response_2000,noisy_response,2000,generic2,0,9.68939857557416e-05,8.550938218832016e-06,1,1
noisy_response_2000,noisy_response,2000,generic2,1,0.00046423205640167,0.0003292390611022711,2,9
noisy_response_2000,noisy_response,2000,generic2,2,0.0015728709986433387,0.0013778129359707236,3,33
noisy_response_2000,noisy_response,2000,generic2,4,0.0021760440431535244,0.001917939051054418,5,33
noisy_response_2000,noisy_response,2000,generic2,6,0.0027480729622766376,0.00241438508965075,5,33
noisy_response_2000,noisy_response,2000,generic2,unlimited,0.002302895998582244,0.0020109969191253185,5,33
noisy_response_2000,noisy_response,2000,no_scope,0,9.40531026571989e-05,8.202972821891308e-06,1,1
noisy_response_2000,noisy_response,2000,no_scope,1,0.0004032700089737773,0.00026207801420241594,2,9
noisy_response_2000,noisy_response,2000,no_scope,2,0.0027990159578621387,0.001128590083681047,3,33
noisy_response_2000,noisy_response,2000,no_scope,4,0.002300843014381826,0.002041089115664363,5,33
noisy_response_2000,noisy_response,2000,no_scope,6,0.0022557349875569344,0.0020022940589115024,5,33
noisy_response_2000,noisy_response,2000,no_scope,unlimited,0.0022326980251818895,0.0019630210008472204,5,33
noisy_response_2000,noisy_response,2000,request_specific,0,9.85519727692008e-05,8.584000170230865e-06,1,1
noisy_response_2000,noisy_response,2000,request_specific,1,0.00038470502477139235,0.00024658895563334227,2,9
noisy_response_2000,noisy_response,2000,request_specific,2,0.0014424949185922742,0.0012603180948644876,3,33
noisy_response_2000,noisy_response,2000,request_specific,4,0.0023805550299584866,0.002052747062407434,5,33
noisy_response_2000,noisy_response,2000,request_specific,6,0.002227442106232047,0.00194739387370646,5,33
noisy_response_2000,noisy_response,2000,request_specific,unlimited,0.0034983610967174172,0.0032314161071553826,5,33
noisy_response_2001,noisy_response,2001,no_review,0,0.0001271660439670086,0,0,0
noisy_response_2001,noisy_response,2001,no_review,1,0.00010638893581926823,0,0,0
noisy_response_2001,noisy_response,2001,no_review,2,0.00011899799574166536,0,0,0
noisy_response_2001,noisy_response,2001,no_review,4,0.00010661000851541758,0,0,0
noisy_response_2001,noisy_response,2001,no_review,6,9.387999307364225e-05,0,0,0
noisy_response_2001,noisy_response,2001,no_review,unlimited,9.389198385179043e-05,0,0,0
noisy_response_2001,noisy_response,2001,memory,0,0.00010615098290145397,0,0,0
noisy_response_2001,noisy_response,2001,memory,1,0.00013747205957770348,0,0,0
noisy_response_2001,noisy_response,2001,memory,2,0.00011876097414642572,0,0,0
noisy_response_2001,noisy_response,2001,memory,4,0.00011044694110751152,0,0,0
noisy_response_2001,noisy_response,2001,memory,6,0.0001102579990401864,0,0,0
noisy_response_2001,noisy_response,2001,memory,unlimited,0.00011184799950569868,0,0,0
noisy_response_2001,noisy_response,2001,uncertainty,0,0.00011211901437491179,0,0,0
noisy_response_2001,noisy_response,2001,uncertainty,1,0.00022034603171050549,0,0,0
noisy_response_2001,noisy_response,2001,uncertainty,2,0.0002325919922441244,0,0,0
noisy_response_2001,noisy_response,2001,uncertainty,4,0.00030335201881825924,0,0,0
noisy_response_2001,noisy_response,2001,uncertainty,6,0.00030166003853082657,0,0,0
noisy_response_2001,noisy_response,2001,uncertainty,unlimited,0.00030312000308185816,0,0,0
noisy_response_2001,noisy_response,2001,depth1,0,0.00012935104314237833,2.5172950699925423e-05,1,1
noisy_response_2001,noisy_response,2001,depth1,1,0.0004544809926301241,0.00025322497822344303,2,9
noisy_response_2001,noisy_response,2001,depth1,2,0.0006171290297061205,0.00043133797589689493,3,9
noisy_response_2001,noisy_response,2001,depth1,4,0.0009691279847174883,0.0007194529753178358,5,9
noisy_response_2001,noisy_response,2001,depth1,6,0.0009927279315888882,0.0007406509248539805,5,9
noisy_response_2001,noisy_response,2001,depth1,unlimited,0.0009103630436584353,0.0006400649435818195,5,9
noisy_response_2001,noisy_response,2001,completion,0,0.00010752794332802296,0,0,0
noisy_response_2001,noisy_response,2001,completion,1,0.0001958060311153531,0,0,0
noisy_response_2001,noisy_response,2001,completion,2,0.0002769390121102333,0,0,0
noisy_response_2001,noisy_response,2001,completion,4,0.0005024420097470284,0,0,0
noisy_response_2001,noisy_response,2001,completion,6,0.0004163639387115836,0,0,0
noisy_response_2001,noisy_response,2001,completion,unlimited,0.00041715800762176514,0,0,0
noisy_response_2001,noisy_response,2001,depth2,0,0.00011449598241597414,9.93895810097456e-06,1,1
noisy_response_2001,noisy_response,2001,depth2,1,0.00044153607450425625,0.0002872070763260126,2,9
noisy_response_2001,noisy_response,2001,depth2,2,0.0014240900054574013,0.0012227828847244382,3,33
noisy_response_2001,noisy_response,2001,depth2,4,0.003276503994129598,0.0030101630836725235,5,33
noisy_response_2001,noisy_response,2001,depth2,6,0.002157373004592955,0.0018942030146718025,5,33
noisy_response_2001,noisy_response,2001,depth2,unlimited,0.0024733960162848234,0.0021475860849022865,5,33
noisy_response_2001,noisy_response,2001,depth3,0,0.00011649203952401876,7.941038347780704e-06,1,1
noisy_response_2001,noisy_response,2001,depth3,1,0.00039054604712873697,0.00024524389300495386,2,9
noisy_response_2001,noisy_response,2001,depth3,2,0.0014305079821497202,0.0012407050235196948,3,33
noisy_response_2001,noisy_response,2001,depth3,4,0.003687519929371774,0.003421266097575426,5,65
noisy_response_2001,noisy_response,2001,depth3,6,0.004149385029450059,0.003860207158140838,5,65
noisy_response_2001,noisy_response,2001,depth3,unlimited,0.028911380912177265,0.028592481859959662,5,65
noisy_response_2001,noisy_response,2001,generic2,0,0.00012115004938095808,8.700997568666935e-06,1,1
noisy_response_2001,noisy_response,2001,generic2,1,0.0003990770783275366,0.00025185104459524155,2,9
noisy_response_2001,noisy_response,2001,generic2,2,0.0014830980217084289,0.0012919979635626078,3,33
noisy_response_2001,noisy_response,2001,generic2,4,0.0021919040009379387,0.001930941129103303,5,33
noisy_response_2001,noisy_response,2001,generic2,6,0.002445436082780361,0.0021313860779628158,5,33
noisy_response_2001,noisy_response,2001,generic2,unlimited,0.002307230024598539,0.0020293298875913024,5,33
noisy_response_2001,noisy_response,2001,no_scope,0,0.0001128209987655282,8.819042704999447e-06,1,1
noisy_response_2001,noisy_response,2001,no_scope,1,0.00039964797906577587,0.00025294499937444925,2,9
noisy_response_2001,noisy_response,2001,no_scope,2,0.001420379034243524,0.001233452931046486,3,33
noisy_response_2001,noisy_response,2001,no_scope,4,0.0032655729446560144,0.0029990257462486625,5,33
noisy_response_2001,noisy_response,2001,no_scope,6,0.002265893970616162,0.001993012148886919,5,33
noisy_response_2001,noisy_response,2001,no_scope,unlimited,0.002426789957098663,0.002125459839589894,5,33
noisy_response_2001,noisy_response,2001,request_specific,0,0.0001194290816783905,8.551985956728458e-06,1,1
noisy_response_2001,noisy_response,2001,request_specific,1,0.00043215195182710886,0.0002663159975782037,2,9
noisy_response_2001,noisy_response,2001,request_specific,2,0.0015831339405849576,0.0013517510378733277,3,33
noisy_response_2001,noisy_response,2001,request_specific,4,0.0023773290449753404,0.0020889120642095804,5,33
noisy_response_2001,noisy_response,2001,request_specific,6,0.0023682969622313976,0.0020626961486414075,5,33
noisy_response_2001,noisy_response,2001,request_specific,unlimited,0.002236445085145533,0.0019671961199492216,5,33
noisy_response_2002,noisy_response,2002,no_review,0,0.00012020405847579241,0,0,0
noisy_response_2002,noisy_response,2002,no_review,1,9.19840531423688e-05,0,0,0
noisy_response_2002,noisy_response,2002,no_review,2,8.620391599833965e-05,0,0,0
noisy_response_2002,noisy_response,2002,no_review,4,8.459598757326603e-05,0,0,0
noisy_response_2002,noisy_response,2002,no_review,6,8.559797424823046e-05,0,0,0
noisy_response_2002,noisy_response,2002,no_review,unlimited,8.595502004027367e-05,0,0,0
noisy_response_2002,noisy_response,2002,memory,0,9.783194400370121e-05,0,0,0
noisy_response_2002,noisy_response,2002,memory,1,0.00010718696285039186,0,0,0
noisy_response_2002,noisy_response,2002,memory,2,0.00010293000377714634,0,0,0
noisy_response_2002,noisy_response,2002,memory,4,0.00010322197340428829,0,0,0
noisy_response_2002,noisy_response,2002,memory,6,0.00010445003863424063,0,0,0
noisy_response_2002,noisy_response,2002,memory,unlimited,0.00011222297325730324,0,0,0
noisy_response_2002,noisy_response,2002,uncertainty,0,0.00010387599468231201,0,0,0
noisy_response_2002,noisy_response,2002,uncertainty,1,0.00023065099958330393,0,0,0
noisy_response_2002,noisy_response,2002,uncertainty,2,0.00024084490723907948,0,0,0
noisy_response_2002,noisy_response,2002,uncertainty,4,0.0003127489471808076,0,0,0
noisy_response_2002,noisy_response,2002,uncertainty,6,0.0003148819087073207,0,0,0
noisy_response_2002,noisy_response,2002,uncertainty,unlimited,0.00035534496419131756,0,0,0
noisy_response_2002,noisy_response,2002,depth1,0,0.00010968605056405067,1.567008439451456e-05,1,1
noisy_response_2002,noisy_response,2002,depth1,1,0.00039143802132457495,0.0002563061425462365,2,9
noisy_response_2002,noisy_response,2002,depth1,2,0.0007308699423447251,0.0005181279266253114,3,9
noisy_response_2002,noisy_response,2002,depth1,4,0.0009741709800437093,0.0007271599024534225,5,9
noisy_response_2002,noisy_response,2002,depth1,6,0.0009561500046402216,0.0007157421205192804,5,9
noisy_response_2002,noisy_response,2002,depth1,unlimited,0.0009481380693614483,0.0006899239961057901,5,9
noisy_response_2002,noisy_response,2002,completion,0,0.00010125793050974607,0,0,0
noisy_response_2002,noisy_response,2002,completion,1,0.00026985700242221355,0,0,0
noisy_response_2002,noisy_response,2002,completion,2,0.0002677510492503643,0,0,0
noisy_response_2002,noisy_response,2002,completion,4,0.00042028992902487516,0,0,0
noisy_response_2002,noisy_response,2002,completion,6,0.00041590991895645857,0,0,0
noisy_response_2002,noisy_response,2002,completion,unlimited,0.00041524204425513744,0,0,0
noisy_response_2002,noisy_response,2002,depth2,0,0.00010341801680624485,9.275972843170166e-06,1,1
noisy_response_2002,noisy_response,2002,depth2,1,0.0003749460447579622,0.00024116795975714922,2,9
noisy_response_2002,noisy_response,2002,depth2,2,0.001393639948219061,0.0012203280348330736,3,33
noisy_response_2002,noisy_response,2002,depth2,4,0.0022504179505631328,0.001998677966184914,5,33
noisy_response_2002,noisy_response,2002,depth2,6,0.003294690977782011,0.0030203211354091763,5,33
noisy_response_2002,noisy_response,2002,depth2,unlimited,0.0026433239690959454,0.002361237071454525,5,33
noisy_response_2002,noisy_response,2002,depth3,0,0.00010890304110944271,7.73195642977953e-06,1,1
noisy_response_2002,noisy_response,2002,depth3,1,0.0003822209546342492,0.000245266011916101,2,9
noisy_response_2002,noisy_response,2002,depth3,2,0.001570913940668106,0.0013785380870103836,3,33
noisy_response_2002,noisy_response,2002,depth3,4,0.00376981298904866,0.0035001590149477124,5,65
noisy_response_2002,noisy_response,2002,depth3,6,0.0037922620540484786,0.0035051869926974177,5,65
noisy_response_2002,noisy_response,2002,depth3,unlimited,0.005844490951858461,0.005539561971090734,5,65
noisy_response_2002,noisy_response,2002,generic2,0,0.00010576692875474691,7.882947102189064e-06,1,1
noisy_response_2002,noisy_response,2002,generic2,1,0.0003782709827646613,0.00024296098854392767,2,9
noisy_response_2002,noisy_response,2002,generic2,2,0.0014790429268032312,0.0012896659318357706,3,33
noisy_response_2002,noisy_response,2002,generic2,4,0.0024523610481992364,0.002177009009756148,5,33
noisy_response_2002,noisy_response,2002,generic2,6,0.0022176550701260567,0.0019605078268796206,5,33
noisy_response_2002,noisy_response,2002,generic2,unlimited,0.0022608418948948383,0.0019272577483206987,5,33
noisy_response_2002,noisy_response,2002,no_scope,0,0.00010839197784662247,8.243951015174389e-06,1,1
noisy_response_2002,noisy_response,2002,no_scope,1,0.00047080800868570805,0.0003319879760965705,2,9
noisy_response_2002,noisy_response,2002,no_scope,2,0.001513484981842339,0.001309592043980956,3,33
noisy_response_2002,noisy_response,2002,no_scope,4,0.0022750309435650706,0.0019981421064585447,5,33
noisy_response_2002,noisy_response,2002,no_scope,6,0.0024114639963954687,0.0021408918546512723,5,33
noisy_response_2002,noisy_response,2002,no_scope,unlimited,0.003695053979754448,0.003409766941331327,5,33
noisy_response_2002,noisy_response,2002,request_specific,0,0.00011046207509934902,8.451053872704506e-06,1,1
noisy_response_2002,noisy_response,2002,request_specific,1,0.0004022970097139478,0.00026040198281407356,2,9
noisy_response_2002,noisy_response,2002,request_specific,2,0.001395322964526713,0.0012158029712736607,3,33
noisy_response_2002,noisy_response,2002,request_specific,4,0.002296781982295215,0.0020301651675254107,5,33
noisy_response_2002,noisy_response,2002,request_specific,6,0.002293403958901763,0.0020240539452061057,5,33
noisy_response_2002,noisy_response,2002,request_specific,unlimited,0.0023763799108564854,0.0020735609577968717,5,33
noisy_response_2003,noisy_response,2003,no_review,0,0.00010433199349790812,0,0,0
noisy_response_2003,noisy_response,2003,no_review,1,8.159596472978592e-05,0,0,0
noisy_response_2003,noisy_response,2003,no_review,2,7.996591739356518e-05,0,0,0
noisy_response_2003,noisy_response,2003,no_review,4,0.00016951397992670536,0,0,0
noisy_response_2003,noisy_response,2003,no_review,6,8.135905954986811e-05,0,0,0
noisy_response_2003,noisy_response,2003,no_review,unlimited,8.03670845925808e-05,0,0,0
noisy_response_2003,noisy_response,2003,memory,0,9.050103835761547e-05,0,0,0
noisy_response_2003,noisy_response,2003,memory,1,9.874009992927313e-05,0,0,0
noisy_response_2003,noisy_response,2003,memory,2,9.654194582253695e-05,0,0,0
noisy_response_2003,noisy_response,2003,memory,4,9.598699398338795e-05,0,0,0
noisy_response_2003,noisy_response,2003,memory,6,9.554694406688213e-05,0,0,0
noisy_response_2003,noisy_response,2003,memory,unlimited,9.778805542737246e-05,0,0,0
noisy_response_2003,noisy_response,2003,uncertainty,0,8.738401811569929e-05,0,0,0
noisy_response_2003,noisy_response,2003,uncertainty,1,0.00018433004152029753,0,0,0
noisy_response_2003,noisy_response,2003,uncertainty,2,0.0002232859842479229,0,0,0
noisy_response_2003,noisy_response,2003,uncertainty,4,0.00030385598074644804,0,0,0
noisy_response_2003,noisy_response,2003,uncertainty,6,0.00030708801932632923,0,0,0
noisy_response_2003,noisy_response,2003,uncertainty,unlimited,0.00030022196006029844,0,0,0
noisy_response_2003,noisy_response,2003,depth1,0,0.00010276492685079575,1.4583929441869259e-05,1,1
noisy_response_2003,noisy_response,2003,depth1,1,0.00043332402128726244,0.0002983999438583851,2,9
noisy_response_2003,noisy_response,2003,depth1,2,0.0006439480930566788,0.0004639360122382641,3,9
noisy_response_2003,noisy_response,2003,depth1,4,0.001000610995106399,0.0007411598926410079,5,9
noisy_response_2003,noisy_response,2003,depth1,6,0.0008949219482019544,0.0006484269397333264,5,9
noisy_response_2003,noisy_response,2003,depth1,unlimited,0.0009768939344212413,0.0007250809576362371,5,9
noisy_response_2003,noisy_response,2003,completion,0,0.00010085699614137411,0,0,0
noisy_response_2003,noisy_response,2003,completion,1,0.00019372394308447838,0,0,0
noisy_response_2003,noisy_response,2003,completion,2,0.00027785799466073513,0,0,0
noisy_response_2003,noisy_response,2003,completion,4,0.0004332819953560829,0,0,0
noisy_response_2003,noisy_response,2003,completion,6,0.000456447945907712,0,0,0
noisy_response_2003,noisy_response,2003,completion,unlimited,0.0005460400134325027,0,0,0
noisy_response_2003,noisy_response,2003,depth2,0,0.0001111319288611412,1.7344020307064056e-05,1,1
noisy_response_2003,noisy_response,2003,depth2,1,0.00038920703809708357,0.0002504780422896147,2,9
noisy_response_2003,noisy_response,2003,depth2,2,0.0015185750089585781,0.0013029489200562239,3,33
noisy_response_2003,noisy_response,2003,depth2,4,0.0023090270115062594,0.0020223789615556598,5,33
noisy_response_2003,noisy_response,2003,depth2,6,0.002312515047378838,0.0019453868735581636,5,33
noisy_response_2003,noisy_response,2003,depth2,unlimited,0.0023097610101103783,0.0020385771058499813,5,33
noisy_response_2003,noisy_response,2003,depth3,0,0.00010420300532132387,8.556991815567017e-06,1,1
noisy_response_2003,noisy_response,2003,depth3,1,0.0003971059340983629,0.0002567451447248459,2,9
noisy_response_2003,noisy_response,2003,depth3,2,0.002731772023253143,0.002525829942896962,3,33
noisy_response_2003,noisy_response,2003,depth3,4,0.003941412083804607,0.0036396749783307314,5,65
noisy_response_2003,noisy_response,2003,depth3,6,0.003902049968019128,0.003617824986577034,5,65
noisy_response_2003,noisy_response,2003,depth3,unlimited,0.003824794082902372,0.003544806153513491,5,65
noisy_response_2003,noisy_response,2003,generic2,0,0.00010350102093070745,8.450937457382679e-06,1,1
noisy_response_2003,noisy_response,2003,generic2,1,0.0003929029917344451,0.0002534310333430767,2,9
noisy_response_2003,noisy_response,2003,generic2,2,0.0014185629552230239,0.0012426461325958371,3,33
noisy_response_2003,noisy_response,2003,generic2,4,0.0035368610406294465,0.003267857013270259,5,33
noisy_response_2003,noisy_response,2003,generic2,6,0.0021313850302249193,0.0018781591206789017,5,33
noisy_response_2003,noisy_response,2003,generic2,unlimited,0.002183634089305997,0.001929950900375843,5,33
noisy_response_2003,noisy_response,2003,no_scope,0,0.00010149902664124966,8.18504486232996e-06,1,1
noisy_response_2003,noisy_response,2003,no_scope,1,0.00044704799074679613,0.0003095770953223109,2,9
noisy_response_2003,noisy_response,2003,no_scope,2,0.0013983019161969423,0.0012224040692672133,3,33
noisy_response_2003,noisy_response,2003,no_scope,4,0.0021437080577015877,0.0018921399023383856,5,33
noisy_response_2003,noisy_response,2003,no_scope,6,0.0024052979424595833,0.002132860943675041,5,33
noisy_response_2003,noisy_response,2003,no_scope,unlimited,0.002267570002004504,0.002006600028835237,5,33
noisy_response_2003,noisy_response,2003,request_specific,0,0.00010753108654171228,8.7410444393754e-06,1,1
noisy_response_2003,noisy_response,2003,request_specific,1,0.00040169700514525175,0.0002586699556559324,2,9
noisy_response_2003,noisy_response,2003,request_specific,2,0.0014102079439908266,0.001225998974405229,3,33
noisy_response_2003,noisy_response,2003,request_specific,4,0.003448174917139113,0.0031884971540421247,5,33
noisy_response_2003,noisy_response,2003,request_specific,6,0.0021712869638577104,0.0019141619559377432,5,33
noisy_response_2003,noisy_response,2003,request_specific,unlimited,0.0021909790812060237,0.0019272180506959558,5,33
unresolved_response_2000,unresolved_response,2000,no_review,0,0.00014548003673553467,0,0,0
unresolved_response_2000,unresolved_response,2000,no_review,1,7.699895650148392e-05,0,0,0
unresolved_response_2000,unresolved_response,2000,no_review,2,7.362500764429569e-05,0,0,0
unresolved_response_2000,unresolved_response,2000,no_review,4,7.472699508070946e-05,0,0,0
unresolved_response_2000,unresolved_response,2000,no_review,6,9.167194366455078e-05,0,0,0
unresolved_response_2000,unresolved_response,2000,no_review,unlimited,8.017802610993385e-05,0,0,0
unresolved_response_2000,unresolved_response,2000,memory,0,9.48150409385562e-05,0,0,0
unresolved_response_2000,unresolved_response,2000,memory,1,0.0001324809854850173,0,0,0
unresolved_response_2000,unresolved_response,2000,memory,2,9.367009624838829e-05,0,0,0
unresolved_response_2000,unresolved_response,2000,memory,4,9.074201807379723e-05,0,0,0
unresolved_response_2000,unresolved_response,2000,memory,6,8.994399104267359e-05,0,0,0
unresolved_response_2000,unresolved_response,2000,memory,unlimited,8.927402086555958e-05,0,0,0
unresolved_response_2000,unresolved_response,2000,uncertainty,0,8.079106919467449e-05,0,0,0
unresolved_response_2000,unresolved_response,2000,uncertainty,1,0.0001891909632831812,0,0,0
unresolved_response_2000,unresolved_response,2000,uncertainty,2,0.00021362106781452894,0,0,0
unresolved_response_2000,unresolved_response,2000,uncertainty,4,0.0003001539735123515,0,0,0
unresolved_response_2000,unresolved_response,2000,uncertainty,6,0.0002843660768121481,0,0,0
unresolved_response_2000,unresolved_response,2000,uncertainty,unlimited,0.0002907130401581526,0,0,0
unresolved_response_2000,unresolved_response,2000,depth1,0,0.00014116789679974318,1.9798986613750458e-05,1,1
unresolved_response_2000,unresolved_response,2000,depth1,1,0.00047359708696603775,0.00034862698521465063,2,13
unresolved_response_2000,unresolved_response,2000,depth1,2,0.0025897709419950843,0.0023800351191312075,3,13
unresolved_response_2000,unresolved_response,2000,depth1,4,0.0011082919081673026,0.0008481889963150024,5,13
unresolved_response_2000,unresolved_response,2000,depth1,6,0.027640752028673887,0.027349562849849463,5,13
unresolved_response_2000,unresolved_response,2000,depth1,unlimited,0.0011888450244441628,0.0009288560831919312,5,13
unresolved_response_2000,unresolved_response,2000,completion,0,8.745398372411728e-05,0,0,0
unresolved_response_2000,unresolved_response,2000,completion,1,0.00015904998872429132,0,0,0
unresolved_response_2000,unresolved_response,2000,completion,2,0.00022173102479428053,0,0,0
unresolved_response_2000,unresolved_response,2000,completion,4,0.00038767396472394466,0,0,0
unresolved_response_2000,unresolved_response,2000,completion,6,0.0004277050029486418,0,0,0
unresolved_response_2000,unresolved_response,2000,completion,unlimited,0.00041163701098412275,0,0,0
unresolved_response_2000,unresolved_response,2000,depth2,0,9.004899766296148e-05,1.0131974704563618e-05,1,1
unresolved_response_2000,unresolved_response,2000,depth2,1,0.0004681480349972844,0.00033333490137010813,2,13
unresolved_response_2000,unresolved_response,2000,depth2,2,0.002548808930441737,0.0023428619606420398,3,67
unresolved_response_2000,unresolved_response,2000,depth2,4,0.004116088035516441,0.003820157959125936,5,67
unresolved_response_2000,unresolved_response,2000,depth2,6,0.004782965988852084,0.00450390309561044,5,67
unresolved_response_2000,unresolved_response,2000,depth2,unlimited,0.0038862410001456738,0.003583952086046338,5,67
unresolved_response_2000,unresolved_response,2000,depth3,0,0.00011756597086787224,1.1180061846971512e-05,1,1
unresolved_response_2000,unresolved_response,2000,depth3,1,0.0005472899647429585,0.0004133629845455289,2,13
unresolved_response_2000,unresolved_response,2000,depth3,2,0.0024420920526608825,0.002247757976874709,3,67
unresolved_response_2000,unresolved_response,2000,depth3,4,0.009822435094974935,0.009535524062812328,5,175
unresolved_response_2000,unresolved_response,2000,depth3,6,0.009984352043829858,0.009681166964583099,5,175
unresolved_response_2000,unresolved_response,2000,depth3,unlimited,0.008615061989985406,0.008322694106027484,5,175
unresolved_response_2000,unresolved_response,2000,generic2,0,0.00010882399510592222,8.67305789142847e-06,1,1
unresolved_response_2000,unresolved_response,2000,generic2,1,0.0008498310344293714,0.0006337229860946536,2,13
unresolved_response_2000,unresolved_response,2000,generic2,2,0.004019601969048381,0.003802306018769741,3,67
unresolved_response_2000,unresolved_response,2000,generic2,4,0.003982184920459986,0.0036921000573784113,5,67
unresolved_response_2000,unresolved_response,2000,generic2,6,0.0038345380453392863,0.0035672649974003434,5,67
unresolved_response_2000,unresolved_response,2000,generic2,unlimited,0.0038493949687108397,0.0035184139851480722,5,67
unresolved_response_2000,unresolved_response,2000,no_scope,0,9.76810697466135e-05,9.030918590724468e-06,1,1
unresolved_response_2000,unresolved_response,2000,no_scope,1,0.0020983750000596046,0.0003634559689089656,2,13
unresolved_response_2000,unresolved_response,2000,no_scope,2,0.0026216459227725863,0.002404159167781472,3,67
unresolved_response_2000,unresolved_response,2000,no_scope,4,0.004221028997562826,0.0038983410922810435,5,67
unresolved_response_2000,unresolved_response,2000,no_scope,6,0.004002582980319858,0.003709042095579207,5,67
unresolved_response_2000,unresolved_response,2000,no_scope,unlimited,0.004934505908749998,0.004655647906474769,5,67
unresolved_response_2000,unresolved_response,2000,request_specific,0,9.681098163127899e-05,8.555944077670574e-06,1,1
unresolved_response_2000,unresolved_response,2000,request_specific,1,0.000448414939455688,0.0003219300415366888,2,13
unresolved_response_2000,unresolved_response,2000,request_specific,2,0.002401266945526004,0.0022215319331735373,3,67
unresolved_response_2000,unresolved_response,2000,request_specific,4,0.004021569970063865,0.0037065809592604637,5,67
unresolved_response_2000,unresolved_response,2000,request_specific,6,0.0039360669907182455,0.0036630509421229362,5,67
unresolved_response_2000,unresolved_response,2000,request_specific,unlimited,0.0051993560045957565,0.004855399020016193,5,67
unresolved_response_2001,unresolved_response,2001,no_review,0,0.00012833892833441496,0,0,0
unresolved_response_2001,unresolved_response,2001,no_review,1,0.00010870699770748615,0,0,0
unresolved_response_2001,unresolved_response,2001,no_review,2,9.243190288543701e-05,0,0,0
unresolved_response_2001,unresolved_response,2001,no_review,4,9.104597847908735e-05,0,0,0
unresolved_response_2001,unresolved_response,2001,no_review,6,8.932396303862333e-05,0,0,0
unresolved_response_2001,unresolved_response,2001,no_review,unlimited,0.00010610301978886127,0,0,0
unresolved_response_2001,unresolved_response,2001,memory,0,0.00010285794269293547,0,0,0
unresolved_response_2001,unresolved_response,2001,memory,1,0.00011235603597015142,0,0,0
unresolved_response_2001,unresolved_response,2001,memory,2,0.00010724493768066168,0,0,0
unresolved_response_2001,unresolved_response,2001,memory,4,0.00011005497071892023,0,0,0
unresolved_response_2001,unresolved_response,2001,memory,6,0.00015776092186570168,0,0,0
unresolved_response_2001,unresolved_response,2001,memory,unlimited,0.00011047802399843931,0,0,0
unresolved_response_2001,unresolved_response,2001,uncertainty,0,9.913498070091009e-05,0,0,0
unresolved_response_2001,unresolved_response,2001,uncertainty,1,0.00020585802849382162,0,0,0
unresolved_response_2001,unresolved_response,2001,uncertainty,2,0.00023563695140182972,0,0,0
unresolved_response_2001,unresolved_response,2001,uncertainty,4,0.00031365908216685057,0,0,0
unresolved_response_2001,unresolved_response,2001,uncertainty,6,0.0003122129710391164,0,0,0
unresolved_response_2001,unresolved_response,2001,uncertainty,unlimited,0.0003199880011379719,0,0,0
unresolved_response_2001,unresolved_response,2001,depth1,0,0.00011271797120571136,1.4321994967758656e-05,1,1
unresolved_response_2001,unresolved_response,2001,depth1,1,0.0005292940186336637,0.0003798489924520254,2,13
unresolved_response_2001,unresolved_response,2001,depth1,2,0.000804067007265985,0.0006051730597391725,3,13
unresolved_response_2001,unresolved_response,2001,depth1,4,0.0014485790161415935,0.0011595959076657891,5,13
unresolved_response_2001,unresolved_response,2001,depth1,6,0.0018836259841918945,0.0016008602688089013,5,13
unresolved_response_2001,unresolved_response,2001,depth1,unlimited,0.03458883299026638,0.034291126881726086,5,13
unresolved_response_2001,unresolved_response,2001,completion,0,0.00010759499855339527,0,0,0
unresolved_response_2001,unresolved_response,2001,completion,1,0.00019632396288216114,0,0,0
unresolved_response_2001,unresolved_response,2001,completion,2,0.00027453096117824316,0,0,0
unresolved_response_2001,unresolved_response,2001,completion,4,0.0005572689697146416,0,0,0
unresolved_response_2001,unresolved_response,2001,completion,6,0.0004526829579845071,0,0,0
unresolved_response_2001,unresolved_response,2001,completion,unlimited,0.00042948301415890455,0,0,0
unresolved_response_2001,unresolved_response,2001,depth2,0,0.00011354999151080847,1.3012089766561985e-05,1,1
unresolved_response_2001,unresolved_response,2001,depth2,1,0.000474389991723001,0.0003293019253760576,2,13
unresolved_response_2001,unresolved_response,2001,depth2,2,0.0025506720412522554,0.002352357958443463,3,67
unresolved_response_2001,unresolved_response,2001,depth2,4,0.0038745820056647062,0.0035641560098156333,5,67
unresolved_response_2001,unresolved_response,2001,depth2,6,0.0048577169654890895,0.004540677065961063,5,67
unresolved_response_2001,unresolved_response,2001,depth2,unlimited,0.003698395099490881,0.0034307619789615273,5,67
unresolved_response_2001,unresolved_response,2001,depth3,0,0.00016877695452421904,6.233993917703629e-05,1,1
unresolved_response_2001,unresolved_response,2001,depth3,1,0.00047902599908411503,0.0003313409397378564,2,13
unresolved_response_2001,unresolved_response,2001,depth3,2,0.002374319010414183,0.002185836900025606,3,67
unresolved_response_2001,unresolved_response,2001,depth3,4,0.00984473794233054,0.00946128589566797,5,175
unresolved_response_2001,unresolved_response,2001,depth3,6,0.010498508927412331,0.01017244893591851,5,175
unresolved_response_2001,unresolved_response,2001,depth3,unlimited,0.009811384952627122,0.009511552983894944,5,175
unresolved_response_2001,unresolved_response,2001,generic2,0,0.00011790799908339977,8.324976079165936e-06,1,1
unresolved_response_2001,unresolved_response,2001,generic2,1,0.0004867649404332042,0.00033550907392054796,2,13
unresolved_response_2001,unresolved_response,2001,generic2,2,0.0024620909243822098,0.002262564026750624,3,67
unresolved_response_2001,unresolved_response,2001,generic2,4,0.004938364960253239,0.004623671993613243,5,67
unresolved_response_2001,unresolved_response,2001,generic2,6,0.004312928998842835,0.003934875130653381,5,67
unresolved_response_2001,unresolved_response,2001,generic2,unlimited,0.0040304569993168116,0.0037248029839247465,5,67
unresolved_response_2001,unresolved_response,2001,no_scope,0,0.00011310400441288948,8.470960892736912e-06,1,1
unresolved_response_2001,unresolved_response,2001,no_scope,1,0.0005384739488363266,0.0003841369180008769,2,13
unresolved_response_2001,unresolved_response,2001,no_scope,2,0.0037213279865682125,0.0034968468826264143,3,67
unresolved_response_2001,unresolved_response,2001,no_scope,4,0.003806617925874889,0.0035105670103803277,5,67
unresolved_response_2001,unresolved_response,2001,no_scope,6,0.004019516985863447,0.0036882531130686402,5,67
unresolved_response_2001,unresolved_response,2001,no_scope,unlimited,0.004027085029520094,0.0037101940251886845,5,67
unresolved_response_2001,unresolved_response,2001,request_specific,0,0.00011901301331818104,8.9199747890234e-06,1,1
unresolved_response_2001,unresolved_response,2001,request_specific,1,0.0005352599546313286,0.00038288498762995005,2,13
unresolved_response_2001,unresolved_response,2001,request_specific,2,0.0038599689723923802,0.0036398880183696747,3,67
unresolved_response_2001,unresolved_response,2001,request_specific,4,0.003864589030854404,0.003552282811142504,5,67
unresolved_response_2001,unresolved_response,2001,request_specific,6,0.004104765015654266,0.0037915949942544103,5,67
unresolved_response_2001,unresolved_response,2001,request_specific,unlimited,0.003805030952207744,0.0035211939830332994,5,67
unresolved_response_2002,unresolved_response,2002,no_review,0,0.00011289503891021013,0,0,0
unresolved_response_2002,unresolved_response,2002,no_review,1,0.00012611702550202608,0,0,0
unresolved_response_2002,unresolved_response,2002,no_review,2,0.00017899193335324526,0,0,0
unresolved_response_2002,unresolved_response,2002,no_review,4,8.63000750541687e-05,0,0,0
unresolved_response_2002,unresolved_response,2002,no_review,6,8.472299668937922e-05,0,0,0
unresolved_response_2002,unresolved_response,2002,no_review,unlimited,8.701905608177185e-05,0,0,0
unresolved_response_2002,unresolved_response,2002,memory,0,9.684101678431034e-05,0,0,0
unresolved_response_2002,unresolved_response,2002,memory,1,0.00010850303806364536,0,0,0
unresolved_response_2002,unresolved_response,2002,memory,2,0.00010325410403311253,0,0,0
unresolved_response_2002,unresolved_response,2002,memory,4,0.00010371499229222536,0,0,0
unresolved_response_2002,unresolved_response,2002,memory,6,0.00011066999286413193,0,0,0
unresolved_response_2002,unresolved_response,2002,memory,unlimited,0.0001040860079228878,0,0,0
unresolved_response_2002,unresolved_response,2002,uncertainty,0,9.578198660165071e-05,0,0,0
unresolved_response_2002,unresolved_response,2002,uncertainty,1,0.00021501502487808466,0,0,0
unresolved_response_2002,unresolved_response,2002,uncertainty,2,0.0002219020389020443,0,0,0
unresolved_response_2002,unresolved_response,2002,uncertainty,4,0.0003127299714833498,0,0,0
unresolved_response_2002,unresolved_response,2002,uncertainty,6,0.00030027294997125864,0,0,0
unresolved_response_2002,unresolved_response,2002,uncertainty,unlimited,0.00029720598831772804,0,0,0
unresolved_response_2002,unresolved_response,2002,depth1,0,0.0001121030654758215,1.839594915509224e-05,1,1
unresolved_response_2002,unresolved_response,2002,depth1,1,0.0005421169335022569,0.00039058399852365255,2,13
unresolved_response_2002,unresolved_response,2002,depth1,2,0.0008302879286929965,0.0005922430427744985,3,13
unresolved_response_2002,unresolved_response,2002,depth1,4,0.001101203029975295,0.0008451089961454272,5,13
unresolved_response_2002,unresolved_response,2002,depth1,6,0.0011831149458885193,0.0009316829964518547,5,13
unresolved_response_2002,unresolved_response,2002,depth1,unlimited,0.0012396139791235328,0.0009613079018890858,5,13
unresolved_response_2002,unresolved_response,2002,completion,0,0.00011638598516583443,0,0,0
unresolved_response_2002,unresolved_response,2002,completion,1,0.0001988379517570138,0,0,0
unresolved_response_2002,unresolved_response,2002,completion,2,0.0002628449583426118,0,0,0
unresolved_response_2002,unresolved_response,2002,completion,4,0.00042066897731274366,0,0,0
unresolved_response_2002,unresolved_response,2002,completion,6,0.00047578196972608566,0,0,0
unresolved_response_2002,unresolved_response,2002,completion,unlimited,0.0004163910634815693,0,0,0
unresolved_response_2002,unresolved_response,2002,depth2,0,0.0001058679772540927,1.1338968761265278e-05,1,1
unresolved_response_2002,unresolved_response,2002,depth2,1,0.0004914880264550447,0.00034790916834026575,2,13
unresolved_response_2002,unresolved_response,2002,depth2,2,0.003128331038169563,0.0029310929821804166,3,67
unresolved_response_2002,unresolved_response,2002,depth2,4,0.03810697398148477,0.03780239389743656,5,67
unresolved_response_2002,unresolved_response,2002,depth2,6,0.0038779699243605137,0.003591284970752895,5,67
unresolved_response_2002,unresolved_response,2002,depth2,unlimited,0.004663791041821241,0.004362998879514635,5,67
unresolved_response_2002,unresolved_response,2002,depth3,0,0.00010781700257211924,8.311006240546703e-06,1,1
unresolved_response_2002,unresolved_response,2002,depth3,1,0.00045645295176655054,0.0003188591217622161,2,13
unresolved_response_2002,unresolved_response,2002,depth3,2,0.0024182989727705717,0.0022211320465430617,3,67
unresolved_response_2002,unresolved_response,2002,depth3,4,0.0088243120117113,0.008530580904334784,5,175
unresolved_response_2002,unresolved_response,2002,depth3,6,0.00991544290445745,0.00957238010596484,5,175
unresolved_response_2002,unresolved_response,2002,depth3,unlimited,0.00963475403841585,0.009324345039203763,5,175
unresolved_response_2002,unresolved_response,2002,generic2,0,0.00010879395995289087,8.051982149481773e-06,1,1
unresolved_response_2002,unresolved_response,2002,generic2,1,0.0005289859836921096,0.0003352230414748192,2,13
unresolved_response_2002,unresolved_response,2002,generic2,2,0.0023619849234819412,0.0021710359724238515,3,67
unresolved_response_2002,unresolved_response,2002,generic2,4,0.004026782000437379,0.0037102020578458905,5,67
unresolved_response_2002,unresolved_response,2002,generic2,6,0.004840246983803809,0.00454476207960397,5,67
unresolved_response_2002,unresolved_response,2002,generic2,unlimited,0.0039002780104056,0.0035509809385985136,5,67
unresolved_response_2002,unresolved_response,2002,no_scope,0,0.00010859791655093431,8.214963600039482e-06,1,1
unresolved_response_2002,unresolved_response,2002,no_scope,1,0.0004721520235762,0.0003313251072540879,2,13
unresolved_response_2002,unresolved_response,2002,no_scope,2,0.002443087985739112,0.002250662073493004,3,67
unresolved_response_2002,unresolved_response,2002,no_scope,4,0.004879194893874228,0.0035416537430137396,5,67
unresolved_response_2002,unresolved_response,2002,no_scope,6,0.0042959729908034205,0.003959451918490231,5,67
unresolved_response_2002,unresolved_response,2002,no_scope,unlimited,0.004159630974754691,0.003818397060967982,5,67
unresolved_response_2002,unresolved_response,2002,request_specific,0,0.00013319205027073622,8.619972504675388e-06,1,1
unresolved_response_2002,unresolved_response,2002,request_specific,1,0.0005565469618886709,0.0004075641045346856,2,13
unresolved_response_2002,unresolved_response,2002,request_specific,2,0.0024488340131938457,0.002250797115266323,3,67
unresolved_response_2002,unresolved_response,2002,request_specific,4,0.005018715048208833,0.004659909987822175,5,67
unresolved_response_2002,unresolved_response,2002,request_specific,6,0.003926133969798684,0.0036129880463704467,5,67
unresolved_response_2002,unresolved_response,2002,request_specific,unlimited,0.004018152947537601,0.003719430766068399,5,67
unresolved_response_2003,unresolved_response,2003,no_review,0,0.00010944006498903036,0,0,0
unresolved_response_2003,unresolved_response,2003,no_review,1,8.818600326776505e-05,0,0,0
unresolved_response_2003,unresolved_response,2003,no_review,2,8.183903992176056e-05,0,0,0
unresolved_response_2003,unresolved_response,2003,no_review,4,8.036906365305185e-05,0,0,0
unresolved_response_2003,unresolved_response,2003,no_review,6,7.805798668414354e-05,0,0,0
unresolved_response_2003,unresolved_response,2003,no_review,unlimited,7.98800028860569e-05,0,0,0
unresolved_response_2003,unresolved_response,2003,memory,0,9.28640365600586e-05,0,0,0
unresolved_response_2003,unresolved_response,2003,memory,1,0.00010241405107080936,0,0,0
unresolved_response_2003,unresolved_response,2003,memory,2,9.903998579829931e-05,0,0,0
unresolved_response_2003,unresolved_response,2003,memory,4,9.565800428390503e-05,0,0,0
unresolved_response_2003,unresolved_response,2003,memory,6,9.993498679250479e-05,0,0,0
unresolved_response_2003,unresolved_response,2003,memory,unlimited,9.843392763286829e-05,0,0,0
unresolved_response_2003,unresolved_response,2003,uncertainty,0,9.110197424888611e-05,0,0,0
unresolved_response_2003,unresolved_response,2003,uncertainty,1,0.0001949389697983861,0,0,0
unresolved_response_2003,unresolved_response,2003,uncertainty,2,0.00025144091341644526,0,0,0
unresolved_response_2003,unresolved_response,2003,uncertainty,4,0.0002901499392464757,0,0,0
unresolved_response_2003,unresolved_response,2003,uncertainty,6,0.00028181890957057476,0,0,0
unresolved_response_2003,unresolved_response,2003,uncertainty,unlimited,0.00028569402638822794,0,0,0
unresolved_response_2003,unresolved_response,2003,depth1,0,0.00010632001794874668,1.652201171964407e-05,1,1
unresolved_response_2003,unresolved_response,2003,depth1,1,0.0004781160969287157,0.000339763006195426,2,13
unresolved_response_2003,unresolved_response,2003,depth1,2,0.0008539959089830518,0.0006724069826304913,3,13
unresolved_response_2003,unresolved_response,2003,depth1,4,0.001172343036159873,0.0009199018822982907,5,13
unresolved_response_2003,unresolved_response,2003,depth1,6,0.00128030008636415,0.0010128369322046638,5,13
unresolved_response_2003,unresolved_response,2003,depth1,unlimited,0.0012846359750255942,0.0010112839518114924,5,13
unresolved_response_2003,unresolved_response,2003,completion,0,0.00010069599375128746,0,0,0
unresolved_response_2003,unresolved_response,2003,completion,1,0.00019522604998201132,0,0,0
unresolved_response_2003,unresolved_response,2003,completion,2,0.00030930398497730494,0,0,0
unresolved_response_2003,unresolved_response,2003,completion,4,0.0004033469595015049,0,0,0
unresolved_response_2003,unresolved_response,2003,completion,6,0.00039815204218029976,0,0,0
unresolved_response_2003,unresolved_response,2003,completion,unlimited,0.00040325603913515806,0,0,0
unresolved_response_2003,unresolved_response,2003,depth2,0,0.00010388903319835663,1.3137934729456902e-05,1,1
unresolved_response_2003,unresolved_response,2003,depth2,1,0.0004888289840891957,0.00034781801514327526,2,13
unresolved_response_2003,unresolved_response,2003,depth2,2,0.0034037750447168946,0.003196937032043934,3,67
unresolved_response_2003,unresolved_response,2003,depth2,4,0.038860048982314765,0.03856777504552156,5,67
unresolved_response_2003,unresolved_response,2003,depth2,6,0.004028053022921085,0.003704893053509295,5,67
unresolved_response_2003,unresolved_response,2003,depth2,unlimited,0.004509545979090035,0.004230295890010893,5,67
unresolved_response_2003,unresolved_response,2003,depth3,0,0.00010001205373555422,8.070957846939564e-06,1,1
unresolved_response_2003,unresolved_response,2003,depth3,1,0.00045991491060703993,0.0003243950195610523,2,13
unresolved_response_2003,unresolved_response,2003,depth3,2,0.0024164729984477162,0.0022266939049586654,3,67
unresolved_response_2003,unresolved_response,2003,depth3,4,0.008610078017227352,0.008311901008710265,5,175
unresolved_response_2003,unresolved_response,2003,depth3,6,0.00998898409307003,0.00968837202526629,5,175
unresolved_response_2003,unresolved_response,2003,depth3,unlimited,0.009843145031481981,0.009498731000348926,5,175
unresolved_response_2003,unresolved_response,2003,generic2,0,0.0001124480040743947,8.878996595740318e-06,1,1
unresolved_response_2003,unresolved_response,2003,generic2,1,0.0005713250720873475,0.0003478539874777198,2,13
unresolved_response_2003,unresolved_response,2003,generic2,2,0.002547833020798862,0.0023056879872456193,3,67
unresolved_response_2003,unresolved_response,2003,generic2,4,0.003857222036458552,0.003563018864952028,5,67
unresolved_response_2003,unresolved_response,2003,generic2,6,0.0047940019285306334,0.004494098015129566,5,67
unresolved_response_2003,unresolved_response,2003,generic2,unlimited,0.0038416910683736205,0.0035649628844112158,5,67
unresolved_response_2003,unresolved_response,2003,no_scope,0,0.00010394793935120106,7.887021638453007e-06,1,1
unresolved_response_2003,unresolved_response,2003,no_scope,1,0.0005475759971886873,0.0004055340541526675,2,13
unresolved_response_2003,unresolved_response,2003,no_scope,2,0.002627020003274083,0.0023506691213697195,3,67
unresolved_response_2003,unresolved_response,2003,no_scope,4,0.005469852942042053,0.005130853038281202,5,67
unresolved_response_2003,unresolved_response,2003,no_scope,6,0.0039972319500520825,0.003703137976117432,5,67
unresolved_response_2003,unresolved_response,2003,no_scope,unlimited,0.003907785983756185,0.003631270956248045,5,67
unresolved_response_2003,unresolved_response,2003,request_specific,0,0.00010786799248307943,8.875969797372818e-06,1,1
unresolved_response_2003,unresolved_response,2003,request_specific,1,0.0005532739451155066,0.00040548399556428194,2,13
unresolved_response_2003,unresolved_response,2003,request_specific,2,0.0024387859739363194,0.002206783974543214,3,67
unresolved_response_2003,unresolved_response,2003,request_specific,4,0.0062860819743946195,0.005924414726905525,5,67
unresolved_response_2003,unresolved_response,2003,request_specific,6,0.0038379289908334613,0.003557189949788153,5,67
unresolved_response_2003,unresolved_response,2003,request_specific,unlimited,0.004204937955364585,0.0038738150615245104,5,67
memory_suffices_2000,memory_suffices,2000,no_review,0,0.00011925795115530491,0,0,0
memory_suffices_2000,memory_suffices,2000,no_review,1,9.965791832655668e-05,0,0,0
memory_suffices_2000,memory_suffices,2000,no_review,2,9.247101843357086e-05,0,0,0
memory_suffices_2000,memory_suffices,2000,no_review,4,9.228393901139498e-05,0,0,0
memory_suffices_2000,memory_suffices,2000,no_review,6,9.101093746721745e-05,0,0,0
memory_suffices_2000,memory_suffices,2000,no_review,unlimited,9.148404933512211e-05,0,0,0
memory_suffices_2000,memory_suffices,2000,memory,0,0.00010240497067570686,0,0,0
memory_suffices_2000,memory_suffices,2000,memory,1,0.00010273396037518978,0,0,0
memory_suffices_2000,memory_suffices,2000,memory,2,0.00010291999205946922,0,0,0
memory_suffices_2000,memory_suffices,2000,memory,4,0.00010753597598522902,0,0,0
memory_suffices_2000,memory_suffices,2000,memory,6,0.0001036559697240591,0,0,0
memory_suffices_2000,memory_suffices,2000,memory,unlimited,0.00010158808436244726,0,0,0
memory_suffices_2000,memory_suffices,2000,uncertainty,0,9.738793596625328e-05,0,0,0
memory_suffices_2000,memory_suffices,2000,uncertainty,1,0.00010092603042721748,0,0,0
memory_suffices_2000,memory_suffices,2000,uncertainty,2,9.926292113959789e-05,0,0,0
memory_suffices_2000,memory_suffices,2000,uncertainty,4,0.0001020070631057024,0,0,0
memory_suffices_2000,memory_suffices,2000,uncertainty,6,9.960995521396399e-05,0,0,0
memory_suffices_2000,memory_suffices,2000,uncertainty,unlimited,0.000132452929392457,0,0,0
memory_suffices_2000,memory_suffices,2000,depth1,0,0.00011320505291223526,1.520407386124134e-05,1,1
memory_suffices_2000,memory_suffices,2000,depth1,1,0.00011958798859268427,2.1205050870776176e-05,1,1
memory_suffices_2000,memory_suffices,2000,depth1,2,0.00011636200360953808,1.8314924091100693e-05,1,1
memory_suffices_2000,memory_suffices,2000,depth1,4,0.00011656503193080425,1.825799699872732e-05,1,1
memory_suffices_2000,memory_suffices,2000,depth1,6,0.00011488597374409437,1.8451944924890995e-05,1,1
memory_suffices_2000,memory_suffices,2000,depth1,unlimited,0.00011944607831537724,1.8185004591941833e-05,1,1
memory_suffices_2000,memory_suffices,2000,completion,0,0.00010251393541693687,0,0,0
memory_suffices_2000,memory_suffices,2000,completion,1,0.00010360998567193747,0,0,0
memory_suffices_2000,memory_suffices,2000,completion,2,0.00010362197645008564,0,0,0
memory_suffices_2000,memory_suffices,2000,completion,4,0.0001040509669110179,0,0,0
memory_suffices_2000,memory_suffices,2000,completion,6,0.00010139192454516888,0,0,0
memory_suffices_2000,memory_suffices,2000,completion,unlimited,0.00011457700747996569,0,0,0
memory_suffices_2000,memory_suffices,2000,depth2,0,0.0001084379618987441,9.19797457754612e-06,1,1
memory_suffices_2000,memory_suffices,2000,depth2,1,0.00016680709086358547,6.455602124333382e-05,1,1
memory_suffices_2000,memory_suffices,2000,depth2,2,0.00012732099276036024,2.476596273481846e-05,1,1
memory_suffices_2000,memory_suffices,2000,depth2,4,0.00011624593753367662,1.8412945792078972e-05,1,1
memory_suffices_2000,memory_suffices,2000,depth2,6,0.00011591496877372265,1.7947982996702194e-05,1,1
memory_suffices_2000,memory_suffices,2000,depth2,unlimited,0.00011777796316891909,1.8034945242106915e-05,1,1
memory_suffices_2000,memory_suffices,2000,depth3,0,0.00010488100815564394,7.474096491932869e-06,1,1
memory_suffices_2000,memory_suffices,2000,depth3,1,0.00011696596629917622,1.8591992557048798e-05,1,1
memory_suffices_2000,memory_suffices,2000,depth3,2,0.0001153330085799098,1.776008866727352e-05,1,1
memory_suffices_2000,memory_suffices,2000,depth3,4,0.00011631299275904894,1.7717014998197556e-05,1,1
memory_suffices_2000,memory_suffices,2000,depth3,6,0.00011652207467705011,1.8171966075897217e-05,1,1
memory_suffices_2000,memory_suffices,2000,depth3,unlimited,0.00011800799984484911,1.7995014786720276e-05,1,1
memory_suffices_2000,memory_suffices,2000,generic2,0,0.00010377692524343729,7.168040610849857e-06,1,1
memory_suffices_2000,memory_suffices,2000,generic2,1,0.00019164697732776403,8.609110955148935e-05,1,1
memory_suffices_2000,memory_suffices,2000,generic2,2,0.00011924398131668568,1.8674996681511402e-05,1,1
memory_suffices_2000,memory_suffices,2000,generic2,4,0.00011640496086329222,1.8536928109824657e-05,1,1
memory_suffices_2000,memory_suffices,2000,generic2,6,0.00011674792040139437,1.784402411431074e-05,1,1
memory_suffices_2000,memory_suffices,2000,generic2,unlimited,0.00012034608516842127,1.876696478575468e-05,1,1
memory_suffices_2000,memory_suffices,2000,no_scope,0,0.000106853898614645,7.548951543867588e-06,1,1
memory_suffices_2000,memory_suffices,2000,no_scope,1,0.00012016796972602606,2.0740902982652187e-05,1,1
memory_suffices_2000,memory_suffices,2000,no_scope,2,0.00011840800289064646,1.9607949070632458e-05,1,1
memory_suffices_2000,memory_suffices,2000,no_scope,4,0.00011939590331166983,1.8225982785224915e-05,1,1
memory_suffices_2000,memory_suffices,2000,no_scope,6,0.00012155098374933004,1.8249964341521263e-05,1,1
memory_suffices_2000,memory_suffices,2000,no_scope,unlimited,0.0001297049457207322,1.9344035536050797e-05,1,1
memory_suffices_2000,memory_suffices,2000,request_specific,0,0.00013409904204308987,9.386101737618446e-06,1,1
memory_suffices_2000,memory_suffices,2000,request_specific,1,0.00013110099826008081,2.222391776740551e-05,1,1
memory_suffices_2000,memory_suffices,2000,request_specific,2,0.00013417995069175959,2.054590731859207e-05,1,1
memory_suffices_2000,memory_suffices,2000,request_specific,4,0.00012279895599931479,1.9575003534555435e-05,1,1
memory_suffices_2000,memory_suffices,2000,request_specific,6,0.00012385810259729624,2.004497218877077e-05,1,1
memory_suffices_2000,memory_suffices,2000,request_specific,unlimited,0.00012901995796710253,2.0588049665093422e-05,1,1
memory_suffices_2001,memory_suffices,2001,no_review,0,0.00010732293594628572,0,0,0
memory_suffices_2001,memory_suffices,2001,no_review,1,9.698700159788132e-05,0,0,0
memory_suffices_2001,memory_suffices,2001,no_review,2,9.617896284908056e-05,0,0,0
memory_suffices_2001,memory_suffices,2001,no_review,4,9.417999535799026e-05,0,0,0
memory_suffices_2001,memory_suffices,2001,no_review,6,9.488500654697418e-05,0,0,0
memory_suffices_2001,memory_suffices,2001,no_review,unlimited,9.80220502242446e-05,0,0,0
memory_suffices_2001,memory_suffices,2001,memory,0,0.0001076279440894723,0,0,0
memory_suffices_2001,memory_suffices,2001,memory,1,0.00010453606955707073,0,0,0
memory_suffices_2001,memory_suffices,2001,memory,2,0.00010154605843126774,0,0,0
memory_suffices_2001,memory_suffices,2001,memory,4,0.00010353093966841698,0,0,0
memory_suffices_2001,memory_suffices,2001,memory,6,0.0001044300151988864,0,0,0
memory_suffices_2001,memory_suffices,2001,memory,unlimited,0.00010565505363047123,0,0,0
memory_suffices_2001,memory_suffices,2001,uncertainty,0,0.00016968999989330769,0,0,0
memory_suffices_2001,memory_suffices,2001,uncertainty,1,0.00010470999404788017,0,0,0
memory_suffices_2001,memory_suffices,2001,uncertainty,2,0.0001378270098939538,0,0,0
memory_suffices_2001,memory_suffices,2001,uncertainty,4,0.00011473300401121378,0,0,0
memory_suffices_2001,memory_suffices,2001,uncertainty,6,0.00010849593672901392,0,0,0
memory_suffices_2001,memory_suffices,2001,uncertainty,unlimited,0.00011429691221565008,0,0,0
memory_suffices_2001,memory_suffices,2001,depth1,0,0.00012054108083248138,1.3787997886538506e-05,1,1
memory_suffices_2001,memory_suffices,2001,depth1,1,0.00012461096048355103,2.0804000087082386e-05,1,1
memory_suffices_2001,memory_suffices,2001,depth1,2,0.00011716899462044239,1.8440070562064648e-05,1,1
memory_suffices_2001,memory_suffices,2001,depth1,4,0.00011966098099946976,1.7893966287374496e-05,1,1
memory_suffices_2001,memory_suffices,2001,depth1,6,0.00011791998986154795,1.8669990822672844e-05,1,1
memory_suffices_2001,memory_suffices,2001,depth1,unlimited,0.00012524996418505907,1.756800338625908e-05,1,1
memory_suffices_2001,memory_suffices,2001,completion,0,0.00010353198740631342,0,0,0
memory_suffices_2001,memory_suffices,2001,completion,1,0.00010409404058009386,0,0,0
memory_suffices_2001,memory_suffices,2001,completion,2,0.00010457693133503199,0,0,0
memory_suffices_2001,memory_suffices,2001,completion,4,0.00010288006160408258,0,0,0
memory_suffices_2001,memory_suffices,2001,completion,6,9.987805970013142e-05,0,0,0
memory_suffices_2001,memory_suffices,2001,completion,unlimited,0.00010554690379649401,0,0,0
memory_suffices_2001,memory_suffices,2001,depth2,0,0.00010696996469050646,8.56409315019846e-06,1,1
memory_suffices_2001,memory_suffices,2001,depth2,1,0.00018906791228801012,2.1720887161791325e-05,1,1
memory_suffices_2001,memory_suffices,2001,depth2,2,0.00014416594058275223,1.99759379029274e-05,1,1
memory_suffices_2001,memory_suffices,2001,depth2,4,0.00013442197814583778,1.939095091074705e-05,1,1
memory_suffices_2001,memory_suffices,2001,depth2,6,0.0001844250364229083,2.8172973543405533e-05,1,1
memory_suffices_2001,memory_suffices,2001,depth2,unlimited,0.00021064502652734518,2.988905180245638e-05,1,1
memory_suffices_2001,memory_suffices,2001,depth3,0,0.00018802995327860117,1.1629075743258e-05,1,1
memory_suffices_2001,memory_suffices,2001,depth3,1,0.00019039399921894073,3.0883937142789364e-05,1,1
memory_suffices_2001,memory_suffices,2001,depth3,2,0.00016235001385211945,3.0462979339063168e-05,1,1
memory_suffices_2001,memory_suffices,2001,depth3,4,0.00013840501196682453,2.0708073861896992e-05,1,1
memory_suffices_2001,memory_suffices,2001,depth3,6,0.00012080103624612093,1.855997834354639e-05,1,1
memory_suffices_2001,memory_suffices,2001,depth3,unlimited,0.00012494297698140144,1.8581049516797066e-05,1,1
memory_suffices_2001,memory_suffices,2001,generic2,0,0.00011105299927294254,7.551978342235088e-06,1,1
memory_suffices_2001,memory_suffices,2001,generic2,1,0.0005946980090811849,2.126302570104599e-05,1,1
memory_suffices_2001,memory_suffices,2001,generic2,2,0.00012032897211611271,1.9453000277280807e-05,1,1
memory_suffices_2001,memory_suffices,2001,generic2,4,0.00011923001147806644,1.950911246240139e-05,1,1
memory_suffices_2001,memory_suffices,2001,generic2,6,0.00011858693324029446,1.9034952856600285e-05,1,1
memory_suffices_2001,memory_suffices,2001,generic2,unlimited,0.00011891894973814487,1.830398105084896e-05,1,1
memory_suffices_2001,memory_suffices,2001,no_scope,0,0.0001072960440069437,7.70308542996645e-06,1,1
memory_suffices_2001,memory_suffices,2001,no_scope,1,0.00011799694038927555,1.8857070244848728e-05,1,1
memory_suffices_2001,memory_suffices,2001,no_scope,2,0.00011892500333487988,1.870503183454275e-05,1,1
memory_suffices_2001,memory_suffices,2001,no_scope,4,0.0001189099857583642,1.8513062968850136e-05,1,1
memory_suffices_2001,memory_suffices,2001,no_scope,6,0.00012838002294301987,1.8629012629389763e-05,1,1
memory_suffices_2001,memory_suffices,2001,no_scope,unlimited,0.00012126401998102665,1.8569990061223507e-05,1,1
memory_suffices_2001,memory_suffices,2001,request_specific,0,0.00011280202306807041,8.189002983272076e-06,1,1
memory_suffices_2001,memory_suffices,2001,request_specific,1,0.00018214003648608923,3.5161967389285564e-05,1,1
memory_suffices_2001,memory_suffices,2001,request_specific,2,0.0001300519797950983,2.141797449439764e-05,1,1
memory_suffices_2001,memory_suffices,2001,request_specific,4,0.0001263669691979885,1.9212020561099052e-05,1,1
memory_suffices_2001,memory_suffices,2001,request_specific,6,0.00012575602158904076,1.9946019165217876e-05,1,1
memory_suffices_2001,memory_suffices,2001,request_specific,unlimited,0.00012267695274204016,1.9280007109045982e-05,1,1
memory_suffices_2002,memory_suffices,2002,no_review,0,0.00017573696095496416,0,0,0
memory_suffices_2002,memory_suffices,2002,no_review,1,0.00013526598922908306,0,0,0
memory_suffices_2002,memory_suffices,2002,no_review,2,0.00014094309881329536,0,0,0
memory_suffices_2002,memory_suffices,2002,no_review,4,0.0001295480178669095,0,0,0
memory_suffices_2002,memory_suffices,2002,no_review,6,0.00014167604967951775,0,0,0
memory_suffices_2002,memory_suffices,2002,no_review,unlimited,0.00022859894670546055,0,0,0
memory_suffices_2002,memory_suffices,2002,memory,0,0.00010929896961897612,0,0,0
memory_suffices_2002,memory_suffices,2002,memory,1,0.0001063559902831912,0,0,0
memory_suffices_2002,memory_suffices,2002,memory,2,0.00010344292968511581,0,0,0
memory_suffices_2002,memory_suffices,2002,memory,4,0.00010345003101974726,0,0,0
memory_suffices_2002,memory_suffices,2002,memory,6,0.0001022879732772708,0,0,0
memory_suffices_2002,memory_suffices,2002,memory,unlimited,0.00010265503078699112,0,0,0
memory_suffices_2002,memory_suffices,2002,uncertainty,0,9.970704559236765e-05,0,0,0
memory_suffices_2002,memory_suffices,2002,uncertainty,1,0.00010159797966480255,0,0,0
memory_suffices_2002,memory_suffices,2002,uncertainty,2,0.00010111404117196798,0,0,0
memory_suffices_2002,memory_suffices,2002,uncertainty,4,0.00010221404954791069,0,0,0
memory_suffices_2002,memory_suffices,2002,uncertainty,6,0.00010150601156055927,0,0,0
memory_suffices_2002,memory_suffices,2002,uncertainty,unlimited,0.00010332500096410513,0,0,0
memory_suffices_2002,memory_suffices,2002,depth1,0,0.00011035799980163574,1.3699987903237343e-05,1,1
memory_suffices_2002,memory_suffices,2002,depth1,1,0.00011845200788229704,1.963297836482525e-05,1,1
memory_suffices_2002,memory_suffices,2002,depth1,2,0.00011638191062957048,1.8210033886134624e-05,1,1
memory_suffices_2002,memory_suffices,2002,depth1,4,0.00011681905016303062,1.7973012290894985e-05,1,1
memory_suffices_2002,memory_suffices,2002,depth1,6,0.00011534697841852903,1.7798971384763718e-05,1,1
memory_suffices_2002,memory_suffices,2002,depth1,unlimited,0.00011517293751239777,1.7424928955733776e-05,1,1
memory_suffices_2002,memory_suffices,2002,completion,0,0.00010295305401086807,0,0,0
memory_suffices_2002,memory_suffices,2002,completion,1,0.00015812402125447989,0,0,0
memory_suffices_2002,memory_suffices,2002,completion,2,0.0001038949703797698,0,0,0
memory_suffices_2002,memory_suffices,2002,completion,4,0.00010139192454516888,0,0,0
memory_suffices_2002,memory_suffices,2002,completion,6,0.00010225898586213589,0,0,0
memory_suffices_2002,memory_suffices,2002,completion,unlimited,0.00010378193110227585,0,0,0
memory_suffices_2002,memory_suffices,2002,depth2,0,0.00010524003300815821,8.838018402457237e-06,1,1
memory_suffices_2002,memory_suffices,2002,depth2,1,0.00011894095223397017,1.889909617602825e-05,1,1
memory_suffices_2002,memory_suffices,2002,depth2,2,0.00011937599629163742,1.8457998521625996e-05,1,1
memory_suffices_2002,memory_suffices,2002,depth2,4,0.00012171792332082987,1.844496000558138e-05,1,1
memory_suffices_2002,memory_suffices,2002,depth2,6,0.00012002396397292614,1.833704300224781e-05,1,1
memory_suffices_2002,memory_suffices,2002,depth2,unlimited,0.00011596200056374073,1.733400858938694e-05,1,1
memory_suffices_2002,memory_suffices,2002,depth3,0,0.00012075004633516073,7.294933311641216e-06,1,1
memory_suffices_2002,memory_suffices,2002,depth3,1,0.00012136204168200493,1.947302371263504e-05,1,1
memory_suffices_2002,memory_suffices,2002,depth3,2,0.00012046296615153551,1.8441001884639263e-05,1,1
memory_suffices_2002,memory_suffices,2002,depth3,4,0.00011969497427344322,1.8295948393642902e-05,1,1
memory_suffices_2002,memory_suffices,2002,depth3,6,0.00019652897026389837,1.9742990843951702e-05,1,1
memory_suffices_2002,memory_suffices,2002,depth3,unlimited,0.00011785805691033602,1.8202001228928566e-05,1,1
memory_suffices_2002,memory_suffices,2002,generic2,0,0.00010333408135920763,7.421011105179787e-06,1,1
memory_suffices_2002,memory_suffices,2002,generic2,1,0.00012612296268343925,1.9399099983274937e-05,1,1
memory_suffices_2002,memory_suffices,2002,generic2,2,0.00011880707461386919,1.813808921724558e-05,1,1
memory_suffices_2002,memory_suffices,2002,generic2,4,0.00011831300798803568,1.7408980056643486e-05,1,1
memory_suffices_2002,memory_suffices,2002,generic2,6,0.00011860695667564869,1.7651007510721684e-05,1,1
memory_suffices_2002,memory_suffices,2002,generic2,unlimited,0.0001189099857583642,1.7754966393113136e-05,1,1
memory_suffices_2002,memory_suffices,2002,no_scope,0,0.00010689499322324991,7.165013812482357e-06,1,1
memory_suffices_2002,memory_suffices,2002,no_scope,1,0.00011803500819951296,1.9057071767747402e-05,1,1
memory_suffices_2002,memory_suffices,2002,no_scope,2,0.0001172809861600399,1.813308335840702e-05,1,1
memory_suffices_2002,memory_suffices,2002,no_scope,4,0.00014259899035096169,1.977803185582161e-05,1,1
memory_suffices_2002,memory_suffices,2002,no_scope,6,0.00020136497914791107,9.389605838805437e-05,1,1
memory_suffices_2002,memory_suffices,2002,no_scope,unlimited,0.00012072408571839333,1.9205035641789436e-05,1,1
memory_suffices_2002,memory_suffices,2002,request_specific,0,0.0001117270439863205,8.076080121099949e-06,1,1
memory_suffices_2002,memory_suffices,2002,request_specific,1,0.00012305204290896654,1.9678962416946888e-05,1,1
memory_suffices_2002,memory_suffices,2002,request_specific,2,0.00012258905917406082,1.918699126690626e-05,1,1
memory_suffices_2002,memory_suffices,2002,request_specific,4,0.0001251990906894207,1.90989812836051e-05,1,1
memory_suffices_2002,memory_suffices,2002,request_specific,6,0.00012184702791273594,1.911597792059183e-05,1,1
memory_suffices_2002,memory_suffices,2002,request_specific,unlimited,0.00012354704085737467,1.8882914446294308e-05,1,1
memory_suffices_2003,memory_suffices,2003,no_review,0,0.00010577298235148191,0,0,0
memory_suffices_2003,memory_suffices,2003,no_review,1,9.856198448687792e-05,0,0,0
memory_suffices_2003,memory_suffices,2003,no_review,2,9.570806287229061e-05,0,0,0
memory_suffices_2003,memory_suffices,2003,no_review,4,0.0001129860756918788,0,0,0
memory_suffices_2003,memory_suffices,2003,no_review,6,9.79399774223566e-05,0,0,0
memory_suffices_2003,memory_suffices,2003,no_review,unlimited,0.000205844989977777,0,0,0
memory_suffices_2003,memory_suffices,2003,memory,0,0.00011383695527911186,0,0,0
memory_suffices_2003,memory_suffices,2003,memory,1,0.00010764494072645903,0,0,0
memory_suffices_2003,memory_suffices,2003,memory,2,0.00010417599696666002,0,0,0
memory_suffices_2003,memory_suffices,2003,memory,4,0.0001053099986165762,0,0,0
memory_suffices_2003,memory_suffices,2003,memory,6,0.00010369997471570969,0,0,0
memory_suffices_2003,memory_suffices,2003,memory,unlimited,0.0001039999770000577,0,0,0
memory_suffices_2003,memory_suffices,2003,uncertainty,0,0.00010069692507386208,0,0,0
memory_suffices_2003,memory_suffices,2003,uncertainty,1,0.00010305305477231741,0,0,0
memory_suffices_2003,memory_suffices,2003,uncertainty,2,0.00010373000986874104,0,0,0
memory_suffices_2003,memory_suffices,2003,uncertainty,4,0.0001024509547278285,0,0,0
memory_suffices_2003,memory_suffices,2003,uncertainty,6,0.00010308600030839443,0,0,0
memory_suffices_2003,memory_suffices,2003,uncertainty,unlimited,0.00010310404468327761,0,0,0
memory_suffices_2003,memory_suffices,2003,depth1,0,0.00011183402966707945,1.3205106370151043e-05,1,1
memory_suffices_2003,memory_suffices,2003,depth1,1,0.00013935193419456482,2.1249987185001373e-05,1,1
memory_suffices_2003,memory_suffices,2003,depth1,2,0.00014909403398633003,2.6047928258776665e-05,1,1
memory_suffices_2003,memory_suffices,2003,depth1,4,0.00012235005851835012,1.926301047205925e-05,1,1
memory_suffices_2003,memory_suffices,2003,depth1,6,0.00012157997116446495,1.8715974874794483e-05,1,1
memory_suffices_2003,memory_suffices,2003,depth1,unlimited,0.00012083398178219795,1.799105666577816e-05,1,1
memory_suffices_2003,memory_suffices,2003,completion,0,0.0001033049775287509,0,0,0
memory_suffices_2003,memory_suffices,2003,completion,1,0.00023126997984945774,0,0,0
memory_suffices_2003,memory_suffices,2003,completion,2,0.00010273989755660295,0,0,0
memory_suffices_2003,memory_suffices,2003,completion,4,0.00010249204933643341,0,0,0
memory_suffices_2003,memory_suffices,2003,completion,6,0.00010770501103252172,0,0,0
memory_suffices_2003,memory_suffices,2003,completion,unlimited,0.00010717008262872696,0,0,0
memory_suffices_2003,memory_suffices,2003,depth2,0,0.0001107680145651102,1.2056902050971985e-05,1,1
memory_suffices_2003,memory_suffices,2003,depth2,1,0.00011811393778771162,1.901306677609682e-05,1,1
memory_suffices_2003,memory_suffices,2003,depth2,2,0.00011856399942189455,1.9167084246873856e-05,1,1
memory_suffices_2003,memory_suffices,2003,depth2,4,0.00016496202442795038,2.7926056645810604e-05,1,1
memory_suffices_2003,memory_suffices,2003,depth2,6,0.00012574403081089258,2.1281070075929165e-05,1,1
memory_suffices_2003,memory_suffices,2003,depth2,unlimited,0.00011935399379581213,1.8565100617706776e-05,1,1
memory_suffices_2003,memory_suffices,2003,depth3,0,0.00010671792551875114,7.680035196244717e-06,1,1
memory_suffices_2003,memory_suffices,2003,depth3,1,0.0001174240605905652,1.827895175665617e-05,1,1
memory_suffices_2003,memory_suffices,2003,depth3,2,0.00011963699944317341,1.8147053197026253e-05,1,1
memory_suffices_2003,memory_suffices,2003,depth3,4,0.00011895992793142796,1.825997605919838e-05,1,1
memory_suffices_2003,memory_suffices,2003,depth3,6,0.00019862502813339233,2.0255916751921177e-05,1,1
memory_suffices_2003,memory_suffices,2003,depth3,unlimited,0.00012034201063215733,1.8537044525146484e-05,1,1
memory_suffices_2003,memory_suffices,2003,generic2,0,0.00010598800145089626,7.572001777589321e-06,1,1
memory_suffices_2003,memory_suffices,2003,generic2,1,0.00011578702833503485,1.8469057977199554e-05,1,1
memory_suffices_2003,memory_suffices,2003,generic2,2,0.00012183189392089844,1.8468010239303112e-05,1,1
memory_suffices_2003,memory_suffices,2003,generic2,4,0.00011818890925496817,1.7842045053839684e-05,1,1
memory_suffices_2003,memory_suffices,2003,generic2,6,0.0001148709561675787,1.740199513733387e-05,1,1
memory_suffices_2003,memory_suffices,2003,generic2,unlimited,0.00011536304373294115,1.7018988728523254e-05,1,1
memory_suffices_2003,memory_suffices,2003,no_scope,0,0.00013126805424690247,8.382950909435749e-06,1,1
memory_suffices_2003,memory_suffices,2003,no_scope,1,0.0001911739818751812,2.7964008040726185e-05,1,1
memory_suffices_2003,memory_suffices,2003,no_scope,2,0.00020019605290144682,2.9549002647399902e-05,1,1
memory_suffices_2003,memory_suffices,2003,no_scope,4,0.00018878502305597067,2.7981004677712917e-05,1,1
memory_suffices_2003,memory_suffices,2003,no_scope,6,0.0002849289448931813,0.000138254021294415,1,1
memory_suffices_2003,memory_suffices,2003,no_scope,unlimited,0.00018459896091371775,4.6517932787537575e-05,1,1
memory_suffices_2003,memory_suffices,2003,request_specific,0,0.00013335200492292643,8.655013516545296e-06,1,1
memory_suffices_2003,memory_suffices,2003,request_specific,1,0.00012512109242379665,2.1237065084278584e-05,1,1
memory_suffices_2003,memory_suffices,2003,request_specific,2,0.00012472202070057392,1.9628088921308517e-05,1,1
memory_suffices_2003,memory_suffices,2003,request_specific,4,0.00012878107372671366,1.9800965674221516e-05,1,1
memory_suffices_2003,memory_suffices,2003,request_specific,6,0.00012396799866110086,1.918396446853876e-05,1,1
memory_suffices_2003,memory_suffices,2003,request_specific,unlimited,0.00012423901353031397,1.9349041394889355e-05,1,1
zero_value_2000,zero_value,2000,no_review,0,8.621008601039648e-05,0,0,0
zero_value_2000,zero_value,2000,no_review,1,7.451605051755905e-05,0,0,0
zero_value_2000,zero_value,2000,no_review,2,7.1154092438519e-05,0,0,0
zero_value_2000,zero_value,2000,no_review,4,7.149996235966682e-05,0,0,0
zero_value_2000,zero_value,2000,no_review,6,7.17630609869957e-05,0,0,0
zero_value_2000,zero_value,2000,no_review,unlimited,0.000641674967482686,0,0,0
zero_value_2000,zero_value,2000,memory,0,0.00010447402019053698,0,0,0
zero_value_2000,zero_value,2000,memory,1,9.993300773203373e-05,0,0,0
zero_value_2000,zero_value,2000,memory,2,0.00010618497617542744,0,0,0
zero_value_2000,zero_value,2000,memory,4,0.00011085497681051493,0,0,0
zero_value_2000,zero_value,2000,memory,6,9.838095866143703e-05,0,0,0
zero_value_2000,zero_value,2000,memory,unlimited,9.055004920810461e-05,0,0,0
zero_value_2000,zero_value,2000,uncertainty,0,8.4372004494071e-05,0,0,0
zero_value_2000,zero_value,2000,uncertainty,1,0.0001883079530671239,0,0,0
zero_value_2000,zero_value,2000,uncertainty,2,0.0002035460202023387,0,0,0
zero_value_2000,zero_value,2000,uncertainty,4,0.0002768950071185827,0,0,0
zero_value_2000,zero_value,2000,uncertainty,6,0.00027897802647203207,0,0,0
zero_value_2000,zero_value,2000,uncertainty,unlimited,0.000282247900031507,0,0,0
zero_value_2000,zero_value,2000,depth1,0,9.5995026640594e-05,1.6393023543059826e-05,1,1
zero_value_2000,zero_value,2000,depth1,1,0.0003130510449409485,0.0002325560199096799,1,9
zero_value_2000,zero_value,2000,depth1,2,0.00037708296440541744,0.00029482203535735607,1,9
zero_value_2000,zero_value,2000,depth1,4,0.0003104209899902344,0.00023078196682035923,1,9
zero_value_2000,zero_value,2000,depth1,6,0.00031031796243041754,0.00023009104188531637,1,9
zero_value_2000,zero_value,2000,depth1,unlimited,0.00037933490239083767,0.0002969879424199462,1,9
zero_value_2000,zero_value,2000,completion,0,9.39610181376338e-05,0,0,0
zero_value_2000,zero_value,2000,completion,1,9.049591608345509e-05,0,0,0
zero_value_2000,zero_value,2000,completion,2,8.84688924998045e-05,0,0,0
zero_value_2000,zero_value,2000,completion,4,8.702697232365608e-05,0,0,0
zero_value_2000,zero_value,2000,completion,6,8.676003199070692e-05,0,0,0
zero_value_2000,zero_value,2000,completion,unlimited,8.630403317511082e-05,0,0,0
zero_value_2000,zero_value,2000,depth2,0,8.502998389303684e-05,8.872011676430702e-06,1,1
zero_value_2000,zero_value,2000,depth2,1,0.00030947697814553976,0.00022792699746787548,1,9
zero_value_2000,zero_value,2000,depth2,2,0.001239642035216093,0.0011564599117264152,1,33
zero_value_2000,zero_value,2000,depth2,4,0.001221060985699296,0.001134582911618054,1,33
zero_value_2000,zero_value,2000,depth2,6,0.0013607150176540017,0.0012600150657817721,1,33
zero_value_2000,zero_value,2000,depth2,unlimited,0.0012947999639436603,0.0011995610548183322,1,33
zero_value_2000,zero_value,2000,depth3,0,9.505497291684151e-05,1.1588912457227707e-05,1,1
zero_value_2000,zero_value,2000,depth3,1,0.00037250295281410217,0.0002839330118149519,1,9
zero_value_2000,zero_value,2000,depth3,2,0.0012403849977999926,0.0011519740801304579,1,33
zero_value_2000,zero_value,2000,depth3,4,0.004141046083532274,0.004018318024463952,1,65
zero_value_2000,zero_value,2000,depth3,6,0.002733035944402218,0.002636716002598405,1,65
zero_value_2000,zero_value,2000,depth3,unlimited,0.0027895760722458363,0.0026928900042548776,1,65
zero_value_2000,zero_value,2000,generic2,0,9.668292477726936e-05,1.2628035619854927e-05,1,1
zero_value_2000,zero_value,2000,generic2,1,0.0003746909787878394,0.00023337500169873238,1,9
zero_value_2000,zero_value,2000,generic2,2,0.0012134850258007646,0.001129486015997827,1,33
zero_value_2000,zero_value,2000,generic2,4,0.0013106459518894553,0.0012149990070611238,1,33
zero_value_2000,zero_value,2000,generic2,6,0.0012871429789811373,0.001182685955427587,1,33
zero_value_2000,zero_value,2000,generic2,unlimited,0.0014250809326767921,0.0012757349759340286,1,33
zero_value_2000,zero_value,2000,no_scope,0,9.948108345270157e-05,1.2711039744317532e-05,1,1
zero_value_2000,zero_value,2000,no_scope,1,0.0003191280411556363,0.00023724010679870844,1,9
zero_value_2000,zero_value,2000,no_scope,2,0.002876100013963878,0.0027206469094380736,1,33
zero_value_2000,zero_value,2000,no_scope,4,0.0011462909169495106,0.0010570780141279101,1,33
zero_value_2000,zero_value,2000,no_scope,6,0.0012628770200535655,0.0010671099880710244,1,33
zero_value_2000,zero_value,2000,no_scope,unlimited,0.001259390963241458,0.001169278984889388,1,33
zero_value_2000,zero_value,2000,request_specific,0,9.497604332864285e-05,1.0468997061252594e-05,1,1
zero_value_2000,zero_value,2000,request_specific,1,0.0004045580280944705,0.0003179199993610382,1,9
zero_value_2000,zero_value,2000,request_specific,2,0.0012389849871397018,0.001151367905549705,1,33
zero_value_2000,zero_value,2000,request_specific,4,0.001238374039530754,0.0011500170221552253,1,33
zero_value_2000,zero_value,2000,request_specific,6,0.0012277949135750532,0.001139911008067429,1,33
zero_value_2000,zero_value,2000,request_specific,unlimited,0.0012390399351716042,0.0011506079463288188,1,33
zero_value_2001,zero_value,2001,no_review,0,9.706104174256325e-05,0,0,0
zero_value_2001,zero_value,2001,no_review,1,7.566600106656551e-05,0,0,0
zero_value_2001,zero_value,2001,no_review,2,8.869695011526346e-05,0,0,0
zero_value_2001,zero_value,2001,no_review,4,7.362803444266319e-05,0,0,0
zero_value_2001,zero_value,2001,no_review,6,7.080705836415291e-05,0,0,0
zero_value_2001,zero_value,2001,no_review,unlimited,7.127306889742613e-05,0,0,0
zero_value_2001,zero_value,2001,memory,0,8.16399697214365e-05,0,0,0
zero_value_2001,zero_value,2001,memory,1,9.235600009560585e-05,0,0,0
zero_value_2001,zero_value,2001,memory,2,8.76040430739522e-05,0,0,0
zero_value_2001,zero_value,2001,memory,4,8.73788958415389e-05,0,0,0
zero_value_2001,zero_value,2001,memory,6,8.776003960520029e-05,0,0,0
zero_value_2001,zero_value,2001,memory,unlimited,9.900098666548729e-05,0,0,0
zero_value_2001,zero_value,2001,uncertainty,0,7.984100375324488e-05,0,0,0
zero_value_2001,zero_value,2001,uncertainty,1,0.00017350900452584028,0,0,0
zero_value_2001,zero_value,2001,uncertainty,2,0.00020595802925527096,0,0,0
zero_value_2001,zero_value,2001,uncertainty,4,0.00028074299916625023,0,0,0
zero_value_2001,zero_value,2001,uncertainty,6,0.0003472710959613323,0,0,0
zero_value_2001,zero_value,2001,uncertainty,unlimited,0.00028150505386292934,0,0,0
zero_value_2001,zero_value,2001,depth1,0,9.52649861574173e-05,1.546996645629406e-05,1,1
zero_value_2001,zero_value,2001,depth1,1,0.0003184810047969222,0.0002358460333198309,1,9
zero_value_2001,zero_value,2001,depth1,2,0.00031510600820183754,0.00023429503198713064,1,9
zero_value_2001,zero_value,2001,depth1,4,0.0003152609569951892,0.00023479096125811338,1,9
zero_value_2001,zero_value,2001,depth1,6,0.00031171098817139864,0.00022833107504993677,1,9
zero_value_2001,zero_value,2001,depth1,unlimited,0.000307431910187006,0.00022679998073726892,1,9
zero_value_2001,zero_value,2001,completion,0,8.154206443578005e-05,0,0,0
zero_value_2001,zero_value,2001,completion,1,8.95010307431221e-05,0,0,0
zero_value_2001,zero_value,2001,completion,2,8.868204895406961e-05,0,0,0
zero_value_2001,zero_value,2001,completion,4,8.78750579431653e-05,0,0,0
zero_value_2001,zero_value,2001,completion,6,8.684711065143347e-05,0,0,0
zero_value_2001,zero_value,2001,completion,unlimited,8.767505642026663e-05,0,0,0
zero_value_2001,zero_value,2001,depth2,0,9.234494064003229e-05,1.5033059753477573e-05,1,1
zero_value_2001,zero_value,2001,depth2,1,0.0004064840031787753,0.00032256997656077147,1,9
zero_value_2001,zero_value,2001,depth2,2,0.0011686671059578657,0.0010848890524357557,1,33
zero_value_2001,zero_value,2001,depth2,4,0.00125835498329252,0.0011718759778887033,1,33
zero_value_2001,zero_value,2001,depth2,6,0.001388648059219122,0.0012873869854956865,1,33
zero_value_2001,zero_value,2001,depth2,unlimited,0.0014083790592849255,0.0012985480716452003,1,33
zero_value_2001,zero_value,2001,depth3,0,0.0001814280403777957,1.5969970263540745e-05,1,1
zero_value_2001,zero_value,2001,depth3,1,0.00032942392863333225,0.00024608196690678596,1,9
zero_value_2001,zero_value,2001,depth3,2,0.0018365549622103572,0.0017382960068061948,1,33
zero_value_2001,zero_value,2001,depth3,4,0.0028625130653381348,0.0027619630564004183,1,65
zero_value_2001,zero_value,2001,depth3,6,0.003950808080844581,0.0038509309524670243,1,65
zero_value_2001,zero_value,2001,depth3,unlimited,0.0027651829877868295,0.002668426022864878,1,65
zero_value_2001,zero_value,2001,generic2,0,0.00016199692618101835,1.3155979104340076e-05,1,1
zero_value_2001,zero_value,2001,generic2,1,0.00032302807085216045,0.00024000206030905247,1,9
zero_value_2001,zero_value,2001,generic2,2,0.0012643450172618032,0.0011721350019797683,1,33
zero_value_2001,zero_value,2001,generic2,4,0.001334609929472208,0.0012384570436552167,1,33
zero_value_2001,zero_value,2001,generic2,6,0.0013316839467734098,0.0012377520324662328,1,33
zero_value_2001,zero_value,2001,generic2,unlimited,0.0012790779583156109,0.0011598969576880336,1,33
zero_value_2001,zero_value,2001,no_scope,0,0.00010704004671424627,1.3008946552872658e-05,1,1
zero_value_2001,zero_value,2001,no_scope,1,0.0006137259770184755,0.00048771302681416273,1,9
zero_value_2001,zero_value,2001,no_scope,2,0.0013712740037590265,0.0012769679306074977,1,33
zero_value_2001,zero_value,2001,no_scope,4,0.001232877024449408,0.0011434359475970268,1,33
zero_value_2001,zero_value,2001,no_scope,6,0.0012532310793176293,0.0011611470254138112,1,33
zero_value_2001,zero_value,2001,no_scope,unlimited,0.002587878960184753,0.002492966945283115,1,33
zero_value_2001,zero_value,2001,request_specific,0,9.813893120735884e-05,1.2872973456978798e-05,1,1
zero_value_2001,zero_value,2001,request_specific,1,0.00038549595046788454,0.0003014510730281472,1,9
zero_value_2001,zero_value,2001,request_specific,2,0.0012180940248072147,0.001133413054049015,1,33
zero_value_2001,zero_value,2001,request_specific,4,0.0012193330330774188,0.0011322119971737266,1,33
zero_value_2001,zero_value,2001,request_specific,6,0.0012277669738978148,0.0011400369694456458,1,33
zero_value_2001,zero_value,2001,request_specific,unlimited,0.0013781329616904259,0.0012750949244946241,1,33
zero_value_2002,zero_value,2002,no_review,0,0.00010423199273645878,0,0,0
zero_value_2002,zero_value,2002,no_review,1,7.647403981536627e-05,0,0,0
zero_value_2002,zero_value,2002,no_review,2,7.362407632172108e-05,0,0,0
zero_value_2002,zero_value,2002,no_review,4,7.286900654435158e-05,0,0,0
zero_value_2002,zero_value,2002,no_review,6,7.10680615156889e-05,0,0,0
zero_value_2002,zero_value,2002,no_review,unlimited,7.141008973121643e-05,0,0,0
zero_value_2002,zero_value,2002,memory,0,8.144299499690533e-05,0,0,0
zero_value_2002,zero_value,2002,memory,1,9.191990830004215e-05,0,0,0
zero_value_2002,zero_value,2002,memory,2,8.759100455790758e-05,0,0,0
zero_value_2002,zero_value,2002,memory,4,8.668296504765749e-05,0,0,0
zero_value_2002,zero_value,2002,memory,6,8.686701767146587e-05,0,0,0
zero_value_2002,zero_value,2002,memory,unlimited,0.00015376193914562464,0,0,0
zero_value_2002,zero_value,2002,uncertainty,0,9.034096729010344e-05,0,0,0
zero_value_2002,zero_value,2002,uncertainty,1,0.0001780209131538868,0,0,0
zero_value_2002,zero_value,2002,uncertainty,2,0.00020425394177436829,0,0,0
zero_value_2002,zero_value,2002,uncertainty,4,0.00027916498947888613,0,0,0
zero_value_2002,zero_value,2002,uncertainty,6,0.00030438194517046213,0,0,0
zero_value_2002,zero_value,2002,uncertainty,unlimited,0.00029055296909064054,0,0,0
zero_value_2002,zero_value,2002,depth1,0,9.956303983926773e-05,1.8762890249490738e-05,1,1
zero_value_2002,zero_value,2002,depth1,1,0.0003212919691577554,0.0002410969464108348,1,9
zero_value_2002,zero_value,2002,depth1,2,0.0017855999758467078,0.0016955219907686114,1,9
zero_value_2002,zero_value,2002,depth1,4,0.0003147500101476908,0.0002321070060133934,1,9
zero_value_2002,zero_value,2002,depth1,6,0.0003565449733287096,0.00027137796860188246,1,9
zero_value_2002,zero_value,2002,depth1,unlimited,0.00037337501998990774,0.00026814104057848454,1,9
zero_value_2002,zero_value,2002,completion,0,0.00010058807674795389,0,0,0
zero_value_2002,zero_value,2002,completion,1,0.00010604993440210819,0,0,0
zero_value_2002,zero_value,2002,completion,2,0.0001807620283216238,0,0,0
zero_value_2002,zero_value,2002,completion,4,8.853594772517681e-05,0,0,0
zero_value_2002,zero_value,2002,completion,6,8.602696470916271e-05,0,0,0
zero_value_2002,zero_value,2002,completion,unlimited,8.624407928436995e-05,0,0,0
zero_value_2002,zero_value,2002,depth2,0,8.646794594824314e-05,1.0217074304819107e-05,1,1
zero_value_2002,zero_value,2002,depth2,1,0.0003086640499532223,0.00023000896908342838,1,9
zero_value_2002,zero_value,2002,depth2,2,0.001245484920218587,0.0011589759960770607,1,33
zero_value_2002,zero_value,2002,depth2,4,0.0012233039597049356,0.001137917977757752,1,33
zero_value_2002,zero_value,2002,depth2,6,0.00125117099378258,0.001160048064775765,1,33
zero_value_2002,zero_value,2002,depth2,unlimited,0.0014182860031723976,0.0013235870283097029,1,33
zero_value_2002,zero_value,2002,depth3,0,0.00010190100874751806,1.1456082575023174e-05,1,1
zero_value_2002,zero_value,2002,depth3,1,0.0003225909313187003,0.00023925001733005047,1,9
zero_value_2002,zero_value,2002,depth3,2,0.0015061009908095002,0.0013704330194741488,1,33
zero_value_2002,zero_value,2002,depth3,4,0.003304528072476387,0.0031836479902267456,1,65
zero_value_2002,zero_value,2002,depth3,6,0.002819666056893766,0.002719009993597865,1,65
zero_value_2002,zero_value,2002,depth3,unlimited,0.004154440015554428,0.004053486045449972,1,65
zero_value_2002,zero_value,2002,generic2,0,9.648094419389963e-05,1.3148062862455845e-05,1,1
zero_value_2002,zero_value,2002,generic2,1,0.0003242709208279848,0.00024063303135335445,1,9
zero_value_2002,zero_value,2002,generic2,2,0.0013902030186727643,0.0012917460408061743,1,33
zero_value_2002,zero_value,2002,generic2,4,0.0014972039498388767,0.0013971220469102263,1,33
zero_value_2002,zero_value,2002,generic2,6,0.0018239100463688374,0.0017168319318443537,1,33
zero_value_2002,zero_value,2002,generic2,unlimited,0.0014160160208120942,0.0012228790437802672,1,33
zero_value_2002,zero_value,2002,no_scope,0,9.788002353161573e-05,1.3181008398532867e-05,1,1
zero_value_2002,zero_value,2002,no_scope,1,0.0003361350391060114,0.000251126941293478,1,9
zero_value_2002,zero_value,2002,no_scope,2,0.001270387088879943,0.001183590036816895,1,33
zero_value_2002,zero_value,2002,no_scope,4,0.0013401730684563518,0.0012389010516926646,1,33
zero_value_2002,zero_value,2002,no_scope,6,0.0012881109723821282,0.0011961989803239703,1,33
zero_value_2002,zero_value,2002,no_scope,unlimited,0.0012631940189749002,0.0011510939802974463,1,33
zero_value_2002,zero_value,2002,request_specific,0,0.00010264292359352112,1.2819073162972927e-05,1,1
zero_value_2002,zero_value,2002,request_specific,1,0.00038734206464141607,0.0003003539750352502,1,9
zero_value_2002,zero_value,2002,request_specific,2,0.002627891954034567,0.0025302639696747065,1,33
zero_value_2002,zero_value,2002,request_specific,4,0.0013149469159543514,0.0012161030899733305,1,33
zero_value_2002,zero_value,2002,request_specific,6,0.0013669648906216025,0.001262787962332368,1,33
zero_value_2002,zero_value,2002,request_specific,unlimited,0.0013199440436437726,0.0012174700386822224,1,33
zero_value_2003,zero_value,2003,no_review,0,9.65149374678731e-05,0,0,0
zero_value_2003,zero_value,2003,no_review,1,8.046103175729513e-05,0,0,0
zero_value_2003,zero_value,2003,no_review,2,7.438508328050375e-05,0,0,0
zero_value_2003,zero_value,2003,no_review,4,7.26490980014205e-05,0,0,0
zero_value_2003,zero_value,2003,no_review,6,7.294106762856245e-05,0,0,0
zero_value_2003,zero_value,2003,no_review,unlimited,7.22389668226242e-05,0,0,0
zero_value_2003,zero_value,2003,memory,0,8.311599958688021e-05,0,0,0
zero_value_2003,zero_value,2003,memory,1,9.290792513638735e-05,0,0,0
zero_value_2003,zero_value,2003,memory,2,9.200000204145908e-05,0,0,0
zero_value_2003,zero_value,2003,memory,4,9.228999260812998e-05,0,0,0
zero_value_2003,zero_value,2003,memory,6,9.139592293649912e-05,0,0,0
zero_value_2003,zero_value,2003,memory,unlimited,9.109603706747293e-05,0,0,0
zero_value_2003,zero_value,2003,uncertainty,0,8.01989808678627e-05,0,0,0
zero_value_2003,zero_value,2003,uncertainty,1,0.00017733394633978605,0,0,0
zero_value_2003,zero_value,2003,uncertainty,2,0.00022668601013720036,0,0,0
zero_value_2003,zero_value,2003,uncertainty,4,0.0005585900507867336,0,0,0
zero_value_2003,zero_value,2003,uncertainty,6,0.0003071919782087207,0,0,0
zero_value_2003,zero_value,2003,uncertainty,unlimited,0.0002896740334108472,0,0,0
zero_value_2003,zero_value,2003,depth1,0,9.758200030773878e-05,1.706893090158701e-05,1,1
zero_value_2003,zero_value,2003,depth1,1,0.0003212159499526024,0.00023669598158448935,1,9
zero_value_2003,zero_value,2003,depth1,2,0.0003216939512640238,0.00023892999161034822,1,9
zero_value_2003,zero_value,2003,depth1,4,0.0003838109550997615,0.00030101300217211246,1,9
zero_value_2003,zero_value,2003,depth1,6,0.0003063479671254754,0.0002256190637126565,1,9
zero_value_2003,zero_value,2003,depth1,unlimited,0.00031164102256298065,0.00022893305867910385,1,9
zero_value_2003,zero_value,2003,completion,0,8.301204070448875e-05,0,0,0
zero_value_2003,zero_value,2003,completion,1,9.127496741712093e-05,0,0,0
zero_value_2003,zero_value,2003,completion,2,8.843804243952036e-05,0,0,0
zero_value_2003,zero_value,2003,completion,4,8.752802386879921e-05,0,0,0
zero_value_2003,zero_value,2003,completion,6,8.652906399220228e-05,0,0,0
zero_value_2003,zero_value,2003,completion,unlimited,8.672196418046951e-05,0,0,0
zero_value_2003,zero_value,2003,depth2,0,8.615502156317234e-05,9.572017006576061e-06,1,1
zero_value_2003,zero_value,2003,depth2,1,0.00042083696462213993,0.00025502999778836966,1,9
zero_value_2003,zero_value,2003,depth2,2,0.0029211019864305854,0.002818636014126241,1,33
zero_value_2003,zero_value,2003,depth2,4,0.0014217719435691833,0.001295643043704331,1,33
zero_value_2003,zero_value,2003,depth2,6,0.0013320259749889374,0.0012253919849172235,1,33
zero_value_2003,zero_value,2003,depth2,unlimited,0.001405089977197349,0.0012963840272277594,1,33
zero_value_2003,zero_value,2003,depth3,0,0.00010713096708059311,1.44600635394454e-05,1,1
zero_value_2003,zero_value,2003,depth3,1,0.00034889800008386374,0.0002559430431574583,1,9
zero_value_2003,zero_value,2003,depth3,2,0.0013951200526207685,0.0012779139215126634,1,33
zero_value_2003,zero_value,2003,depth3,4,0.002969573950394988,0.0028609540313482285,1,65
zero_value_2003,zero_value,2003,depth3,6,0.00292971299495548,0.0028290889458730817,1,65
zero_value_2003,zero_value,2003,depth3,unlimited,0.0028051770059391856,0.0027072890661656857,1,65
zero_value_2003,zero_value,2003,generic2,0,0.001500178943388164,1.7576967366039753e-05,1,1
zero_value_2003,zero_value,2003,generic2,1,0.00034060096368193626,0.000236295978538692,1,9
zero_value_2003,zero_value,2003,generic2,2,0.0012671619188040495,0.0011777629842981696,1,33
zero_value_2003,zero_value,2003,generic2,4,0.0013322150334715843,0.0012285209959372878,1,33
zero_value_2003,zero_value,2003,generic2,6,0.0016183890402317047,0.0014947199961170554,1,33
zero_value_2003,zero_value,2003,generic2,unlimited,0.0013853460550308228,0.0012794879730790854,1,33
zero_value_2003,zero_value,2003,no_scope,0,0.00011920998804271221,1.4343997463583946e-05,1,1
zero_value_2003,zero_value,2003,no_scope,1,0.00032481399830430746,0.00024048297200351954,1,9
zero_value_2003,zero_value,2003,no_scope,2,0.0013242469867691398,0.0012322249822318554,1,33
zero_value_2003,zero_value,2003,no_scope,4,0.0013488359982147813,0.0012390039628371596,1,33
zero_value_2003,zero_value,2003,no_scope,6,0.0014748069224879146,0.0013694550143554807,1,33
zero_value_2003,zero_value,2003,no_scope,unlimited,0.0013322050217539072,0.0012352180201560259,1,33
zero_value_2003,zero_value,2003,request_specific,0,0.00016125699039548635,1.1206953786313534e-05,1,1
zero_value_2003,zero_value,2003,request_specific,1,0.00032195099629461765,0.00023605604656040668,1,9
zero_value_2003,zero_value,2003,request_specific,2,0.0013366460334509611,0.0012446839828044176,1,33
zero_value_2003,zero_value,2003,request_specific,4,0.0012635879684239626,0.001173395081423223,1,33
zero_value_2003,zero_value,2003,request_specific,6,0.0026261169696226716,0.0025101189967244864,1,33
zero_value_2003,zero_value,2003,request_specific,unlimited,0.001610042992979288,0.0014939960092306137,1,33
large_generic_trap_2000,large_generic_trap,2000,no_review,0,0.00022690801415592432,0,0,0
large_generic_trap_2000,large_generic_trap,2000,no_review,1,0.00019650207832455635,0,0,0
large_generic_trap_2000,large_generic_trap,2000,no_review,2,0.00019636598881334066,0,0,0
large_generic_trap_2000,large_generic_trap,2000,no_review,4,0.00018865300808101892,0,0,0
large_generic_trap_2000,large_generic_trap,2000,no_review,6,0.00018402398563921452,0,0,0
large_generic_trap_2000,large_generic_trap,2000,no_review,unlimited,0.00018891901709139347,0,0,0
large_generic_trap_2000,large_generic_trap,2000,memory,0,0.00020574696827679873,0,0,0
large_generic_trap_2000,large_generic_trap,2000,memory,1,0.000269297044724226,0,0,0
large_generic_trap_2000,large_generic_trap,2000,memory,2,0.00023393193259835243,0,0,0
large_generic_trap_2000,large_generic_trap,2000,memory,4,0.00022917299065738916,0,0,0
large_generic_trap_2000,large_generic_trap,2000,memory,6,0.00022832397371530533,0,0,0
large_generic_trap_2000,large_generic_trap,2000,memory,unlimited,0.000227790093049407,0,0,0
large_generic_trap_2000,large_generic_trap,2000,uncertainty,0,0.00020152796059846878,0,0,0
large_generic_trap_2000,large_generic_trap,2000,uncertainty,1,0.0003745259018614888,0,0,0
large_generic_trap_2000,large_generic_trap,2000,uncertainty,2,0.00043292297050356865,0,0,0
large_generic_trap_2000,large_generic_trap,2000,uncertainty,4,0.0006230140570551157,0,0,0
large_generic_trap_2000,large_generic_trap,2000,uncertainty,6,0.000694065005518496,0,0,0
large_generic_trap_2000,large_generic_trap,2000,uncertainty,unlimited,0.0011209869990125299,0,0,0
large_generic_trap_2000,large_generic_trap,2000,depth1,0,0.00022068398538976908,1.670501660555601e-05,1,1
large_generic_trap_2000,large_generic_trap,2000,depth1,1,0.0028713629581034184,0.0025844830088317394,2,17
large_generic_trap_2000,large_generic_trap,2000,depth1,2,0.004252096987329423,0.003890724037773907,3,17
large_generic_trap_2000,large_generic_trap,2000,depth1,4,0.007168995100073516,0.006729571032337844,5,17
large_generic_trap_2000,large_generic_trap,2000,depth1,6,0.010965359047986567,0.010349647141993046,7,17
large_generic_trap_2000,large_generic_trap,2000,depth1,unlimited,0.013594377087429166,0.012778325821273029,11,17
large_generic_trap_2000,large_generic_trap,2000,completion,0,0.000220190966501832,0,0,0
large_generic_trap_2000,large_generic_trap,2000,completion,1,0.00043961196206510067,0,0,0
large_generic_trap_2000,large_generic_trap,2000,completion,2,0.0005850730231031775,0,0,0
large_generic_trap_2000,large_generic_trap,2000,completion,4,0.0008799070492386818,0,0,0
large_generic_trap_2000,large_generic_trap,2000,completion,6,0.0012634419836103916,0,0,0
large_generic_trap_2000,large_generic_trap,2000,completion,unlimited,0.002763478900305927,0,0,0
large_generic_trap_2000,large_generic_trap,2000,depth2,0,0.0002168240025639534,1.646997407078743e-05,1,1
large_generic_trap_2000,large_generic_trap,2000,depth2,1,0.0021818230161443353,0.0018900010036304593,2,17
large_generic_trap_2000,large_generic_trap,2000,depth2,2,0.024450668948702514,0.02409224200528115,3,209
large_generic_trap_2000,large_generic_trap,2000,depth2,4,0.10237072606105357,0.10180679883342236,5,161
large_generic_trap_2000,large_generic_trap,2000,depth2,6,0.08705612702760845,0.08633157704025507,7,161
large_generic_trap_2000,large_generic_trap,2000,depth2,unlimited,0.17037543596234173,0.1692773976828903,13,161
large_generic_trap_2000,large_generic_trap,2000,depth3,0,0.0002094089286401868,9.541050530970097e-06,1,1
large_generic_trap_2000,large_generic_trap,2000,depth3,1,0.0021489360369741917,0.00188723998144269,2,17
large_generic_trap_2000,large_generic_trap,2000,depth3,2,0.024448127951472998,0.024061742005869746,3,209
large_generic_trap_2000,large_generic_trap,2000,depth3,4,0.42045132094062865,0.4199484990676865,5,1121
large_generic_trap_2000,large_generic_trap,2000,depth3,6,0.6985051679657772,0.69782072911039,7,1121
large_generic_trap_2000,large_generic_trap,2000,depth3,unlimited,0.8906792749185115,0.889435455086641,13,1121
large_generic_trap_2000,large_generic_trap,2000,generic2,0,0.0002149590291082859,1.0190997272729874e-05,1,1
large_generic_trap_2000,large_generic_trap,2000,generic2,1,0.0027365320129320025,0.0023440320510417223,2,17
large_generic_trap_2000,large_generic_trap,2000,generic2,2,0.023158386000432074,0.022767242160625756,3,161
large_generic_trap_2000,large_generic_trap,2000,generic2,4,0.060198580962605774,0.05966193415224552,5,161
large_generic_trap_2000,large_generic_trap,2000,generic2,6,0.2357421659398824,0.23498263827059418,7,161
large_generic_trap_2000,large_generic_trap,2000,generic2,unlimited,0.15499141800682992,0.1538341430714354,13,161
large_generic_trap_2000,large_generic_trap,2000,no_scope,0,0.00021509092766791582,9.489012882113457e-06,1,1
large_generic_trap_2000,large_generic_trap,2000,no_scope,1,0.002306442940607667,0.002017569961026311,2,17
large_generic_trap_2000,large_generic_trap,2000,no_scope,2,0.026246185996569693,0.025878684944473207,3,209
large_generic_trap_2000,large_generic_trap,2000,no_scope,4,0.06511730898637325,0.06452812196221203,5,161
large_generic_trap_2000,large_generic_trap,2000,no_scope,6,0.15495842904783785,0.15426399698480964,7,161
large_generic_trap_2000,large_generic_trap,2000,no_scope,unlimited,0.1636090000392869,0.16245530999731272,13,161
large_generic_trap_2000,large_generic_trap,2000,request_specific,0,0.00021559896413236856,1.0362011380493641e-05,1,1
large_generic_trap_2000,large_generic_trap,2000,request_specific,1,0.0027311639860272408,0.00242622010409832,2,17
large_generic_trap_2000,large_generic_trap,2000,request_specific,2,0.0362063969951123,0.035853901877999306,3,257
large_generic_trap_2000,large_generic_trap,2000,request_specific,4,0.14635568298399448,0.14576703892089427,5,241
large_generic_trap_2000,large_generic_trap,2000,request_specific,6,0.20972034602891654,0.209032099111937,7,209
large_generic_trap_2000,large_generic_trap,2000,request_specific,unlimited,0.2965121129527688,0.2950390336336568,17,161
large_generic_trap_2001,large_generic_trap,2001,no_review,0,0.00020223204046487808,0,0,0
large_generic_trap_2001,large_generic_trap,2001,no_review,1,0.00020150002092123032,0,0,0
large_generic_trap_2001,large_generic_trap,2001,no_review,2,0.00022963399533182383,0,0,0
large_generic_trap_2001,large_generic_trap,2001,no_review,4,0.00018670503050088882,0,0,0
large_generic_trap_2001,large_generic_trap,2001,no_review,6,0.0001855690497905016,0,0,0
large_generic_trap_2001,large_generic_trap,2001,no_review,unlimited,0.0001842300407588482,0,0,0
large_generic_trap_2001,large_generic_trap,2001,memory,0,0.00020131503697484732,0,0,0
large_generic_trap_2001,large_generic_trap,2001,memory,1,0.00024556799326092005,0,0,0
large_generic_trap_2001,large_generic_trap,2001,memory,2,0.00022697600070387125,0,0,0
large_generic_trap_2001,large_generic_trap,2001,memory,4,0.0002246500225737691,0,0,0
large_generic_trap_2001,large_generic_trap,2001,memory,6,0.00022712897043675184,0,0,0
large_generic_trap_2001,large_generic_trap,2001,memory,unlimited,0.0002284439979121089,0,0,0
large_generic_trap_2001,large_generic_trap,2001,uncertainty,0,0.00023655395489186049,0,0,0
large_generic_trap_2001,large_generic_trap,2001,uncertainty,1,0.00039303989615291357,0,0,0
large_generic_trap_2001,large_generic_trap,2001,uncertainty,2,0.00043101899791508913,0,0,0
large_generic_trap_2001,large_generic_trap,2001,uncertainty,4,0.0005641579627990723,0,0,0
large_generic_trap_2001,large_generic_trap,2001,uncertainty,6,0.0006898780120536685,0,0,0
large_generic_trap_2001,large_generic_trap,2001,uncertainty,unlimited,0.001151303993538022,0,0,0
large_generic_trap_2001,large_generic_trap,2001,depth1,0,0.00021575798746198416,1.8122023902833462e-05,1,1
large_generic_trap_2001,large_generic_trap,2001,depth1,1,0.07486809301190078,0.07457208004780114,2,17
large_generic_trap_2001,large_generic_trap,2001,depth1,2,0.0041195269441232085,0.0037513129645958543,3,17
large_generic_trap_2001,large_generic_trap,2001,depth1,4,0.011109131039120257,0.010447763954289258,5,17
large_generic_trap_2001,large_generic_trap,2001,depth1,6,0.010591874946840107,0.009933633147738874,7,17
large_generic_trap_2001,large_generic_trap,2001,depth1,unlimited,0.016829265048727393,0.01582916604820639,11,17
large_generic_trap_2001,large_generic_trap,2001,completion,0,0.0002181889722123742,0,0,0
large_generic_trap_2001,large_generic_trap,2001,completion,1,0.00039373396430164576,0,0,0
large_generic_trap_2001,large_generic_trap,2001,completion,2,0.0005947859026491642,0,0,0
large_generic_trap_2001,large_generic_trap,2001,completion,4,0.0009020030265673995,0,0,0
large_generic_trap_2001,large_generic_trap,2001,completion,6,0.001210420043207705,0,0,0
large_generic_trap_2001,large_generic_trap,2001,completion,unlimited,0.0029916539788246155,0,0,0
large_generic_trap_2001,large_generic_trap,2001,depth2,0,0.00021774694323539734,1.7164042219519615e-05,1,1
large_generic_trap_2001,large_generic_trap,2001,depth2,1,0.0023310339311137795,0.001977032981812954,2,17
large_generic_trap_2001,large_generic_trap,2001,depth2,2,0.029442103928886354,0.029014437925070524,3,209
large_generic_trap_2001,large_generic_trap,2001,depth2,4,0.06619761302135885,0.06567065184935927,5,161
large_generic_trap_2001,large_generic_trap,2001,depth2,6,0.15105405100621283,0.15017674898263067,7,161
large_generic_trap_2001,large_generic_trap,2001,depth2,unlimited,0.1675062469439581,0.16629912180360407,13,161
large_generic_trap_2001,large_generic_trap,2001,depth3,0,0.00022574409376829863,1.457706093788147e-05,1,1
large_generic_trap_2001,large_generic_trap,2001,depth3,1,0.0022734440863132477,0.001954208011738956,2,17
large_generic_trap_2001,large_generic_trap,2001,depth3,2,0.026433460996486247,0.02603480394463986,3,209
large_generic_trap_2001,large_generic_trap,2001,depth3,4,0.40854284004308283,0.4080144950421527,5,1121
large_generic_trap_2001,large_generic_trap,2001,depth3,6,0.7454596840543672,0.7447852320037782,7,1121
large_generic_trap_2001,large_generic_trap,2001,depth3,unlimited,0.9406034830026329,0.9393159430474043,13,1121
large_generic_trap_2001,large_generic_trap,2001,generic2,0,0.00021927105262875557,1.0145013220608234e-05,1,1
large_generic_trap_2001,large_generic_trap,2001,generic2,1,0.002167758997529745,0.001885302015580237,2,17
large_generic_trap_2001,large_generic_trap,2001,generic2,2,0.02525896404404193,0.024899957003071904,3,161
large_generic_trap_2001,large_generic_trap,2001,generic2,4,0.06123973708599806,0.06071621004957706,5,161
large_generic_trap_2001,large_generic_trap,2001,generic2,6,0.08139279205352068,0.08071078499779105,7,161
large_generic_trap_2001,large_generic_trap,2001,generic2,unlimited,0.2715916340239346,0.27046427817549556,13,161
large_generic_trap_2001,large_generic_trap,2001,no_scope,0,0.00022797496058046818,1.0619987733662128e-05,1,1
large_generic_trap_2001,large_generic_trap,2001,no_scope,1,0.0021491770166903734,0.0018731069285422564,2,17
large_generic_trap_2001,large_generic_trap,2001,no_scope,2,0.026532854069955647,0.026131344959139824,3,209
large_generic_trap_2001,large_generic_trap,2001,no_scope,4,0.12590517802163959,0.12538331816904247,5,161
large_generic_trap_2001,large_generic_trap,2001,no_scope,6,0.16068599105346948,0.15995017311070114,7,161
large_generic_trap_2001,large_generic_trap,2001,no_scope,unlimited,0.13084378198254853,0.12932322814594954,13,161
large_generic_trap_2001,large_generic_trap,2001,request_specific,0,0.0003675059415400028,3.423099406063557e-05,1,1
large_generic_trap_2001,large_generic_trap,2001,request_specific,1,0.0030523729510605335,0.0027055719401687384,2,17
large_generic_trap_2001,large_generic_trap,2001,request_specific,2,0.1302004950121045,0.12970013497397304,3,257
large_generic_trap_2001,large_generic_trap,2001,request_specific,4,0.09716225194279104,0.09661658701952547,5,241
large_generic_trap_2001,large_generic_trap,2001,request_specific,6,0.19049423397518694,0.18984167894814163,7,209
large_generic_trap_2001,large_generic_trap,2001,request_specific,unlimited,0.3127476800000295,0.3113609120482579,17,161
large_generic_trap_2002,large_generic_trap,2002,no_review,0,0.00020965689327567816,0,0,0
large_generic_trap_2002,large_generic_trap,2002,no_review,1,0.00018955301493406296,0,0,0
large_generic_trap_2002,large_generic_trap,2002,no_review,2,0.00018653599545359612,0,0,0
large_generic_trap_2002,large_generic_trap,2002,no_review,4,0.00018495006952434778,0,0,0
large_generic_trap_2002,large_generic_trap,2002,no_review,6,0.0001839910401031375,0,0,0
large_generic_trap_2002,large_generic_trap,2002,no_review,unlimited,0.00018426997121423483,0,0,0
large_generic_trap_2002,large_generic_trap,2002,memory,0,0.00021643307991325855,0,0,0
large_generic_trap_2002,large_generic_trap,2002,memory,1,0.0002705259248614311,0,0,0
large_generic_trap_2002,large_generic_trap,2002,memory,2,0.0002288139658048749,0,0,0
large_generic_trap_2002,large_generic_trap,2002,memory,4,0.00022663397248834372,0,0,0
large_generic_trap_2002,large_generic_trap,2002,memory,6,0.00022624293342232704,0,0,0
large_generic_trap_2002,large_generic_trap,2002,memory,unlimited,0.00022818997967988253,0,0,0
large_generic_trap_2002,large_generic_trap,2002,uncertainty,0,0.00020235998090356588,0,0,0
large_generic_trap_2002,large_generic_trap,2002,uncertainty,1,0.0003681469243019819,0,0,0
large_generic_trap_2002,large_generic_trap,2002,uncertainty,2,0.0004294050158932805,0,0,0
large_generic_trap_2002,large_generic_trap,2002,uncertainty,4,0.0006057790014892817,0,0,0
large_generic_trap_2002,large_generic_trap,2002,uncertainty,6,0.0006909390212967992,0,0,0
large_generic_trap_2002,large_generic_trap,2002,uncertainty,unlimited,0.0010884200455620885,0,0,0
large_generic_trap_2002,large_generic_trap,2002,depth1,0,0.0002164760371670127,1.725996844470501e-05,1,1
large_generic_trap_2002,large_generic_trap,2002,depth1,1,0.002737717004492879,0.0024698880733922124,2,17
large_generic_trap_2002,large_generic_trap,2002,depth1,2,0.004089065012522042,0.0037219469668343663,3,17
large_generic_trap_2002,large_generic_trap,2002,depth1,4,0.007694084895774722,0.007250429014675319,5,17
large_generic_trap_2002,large_generic_trap,2002,depth1,6,0.009960761060938239,0.009276487864553928,7,17
large_generic_trap_2002,large_generic_trap,2002,depth1,unlimited,0.013947998988442123,0.013061437639407814,11,17
large_generic_trap_2002,large_generic_trap,2002,completion,0,0.00026022992096841335,0,0,0
large_generic_trap_2002,large_generic_trap,2002,completion,1,0.00039873900823295116,0,0,0
large_generic_trap_2002,large_generic_trap,2002,completion,2,0.0010810050880536437,0,0,0
large_generic_trap_2002,large_generic_trap,2002,completion,4,0.0008976400131359696,0,0,0
large_generic_trap_2002,large_generic_trap,2002,completion,6,0.0012121850159019232,0,0,0
large_generic_trap_2002,large_generic_trap,2002,completion,unlimited,0.0022281380370259285,0,0,0
large_generic_trap_2002,large_generic_trap,2002,depth2,0,0.00021768093574792147,1.698499545454979e-05,1,1
large_generic_trap_2002,large_generic_trap,2002,depth2,1,0.00214766594581306,0.0018539308803156018,2,17
large_generic_trap_2002,large_generic_trap,2002,depth2,2,0.09446021902840585,0.09410889004357159,3,209
large_generic_trap_2002,large_generic_trap,2002,depth2,4,0.06225915101822466,0.06170876999385655,5,161
large_generic_trap_2002,large_generic_trap,2002,depth2,6,0.12935749196913093,0.128646650002338,7,161
large_generic_trap_2002,large_generic_trap,2002,depth2,unlimited,0.14794634410645813,0.14683207822963595,13,161
large_generic_trap_2002,large_generic_trap,2002,depth3,0,0.0002149459905922413,9.377952665090561e-06,1,1
large_generic_trap_2002,large_generic_trap,2002,depth3,1,0.002483129035681486,0.002063349005766213,2,17
large_generic_trap_2002,large_generic_trap,2002,depth3,2,0.024556356947869062,0.024195965030230582,3,209
large_generic_trap_2002,large_generic_trap,2002,depth3,4,0.42142005590721965,0.42089755297638476,5,1121
large_generic_trap_2002,large_generic_trap,2002,depth3,6,0.7432366169523448,0.7422441351227462,7,1121
large_generic_trap_2002,large_generic_trap,2002,depth3,unlimited,0.9369948419043794,0.9355310900136828,13,1121
large_generic_trap_2002,large_generic_trap,2002,generic2,0,0.00028104695957154036,1.9280938431620598e-05,1,1
large_generic_trap_2002,large_generic_trap,2002,generic2,1,0.002629227004945278,0.0022176021011546254,2,17
large_generic_trap_2002,large_generic_trap,2002,generic2,2,0.16854260198306292,0.16813727503176779,3,161
large_generic_trap_2002,large_generic_trap,2002,generic2,4,0.05887032195460051,0.058282975922338665,5,161
large_generic_trap_2002,large_generic_trap,2002,generic2,6,0.13233035802841187,0.1316053100163117,7,161
large_generic_trap_2002,large_generic_trap,2002,generic2,unlimited,0.11444428993854672,0.11313196504488587,13,161
large_generic_trap_2002,large_generic_trap,2002,no_scope,0,0.00021070498041808605,9.50903631746769e-06,1,1
large_generic_trap_2002,large_generic_trap,2002,no_scope,1,0.002347049070522189,0.0020703490590676665,2,17
large_generic_trap_2002,large_generic_trap,2002,no_scope,2,0.1021671990165487,0.10176899703219533,3,209
large_generic_trap_2002,large_generic_trap,2002,no_scope,4,0.06482995196711272,0.06428105395752937,5,161
large_generic_trap_2002,large_generic_trap,2002,no_scope,6,0.1722283089766279,0.17151075787842274,7,161
large_generic_trap_2002,large_generic_trap,2002,no_scope,unlimited,0.17847517598420382,0.1772388187237084,13,161
large_generic_trap_2002,large_generic_trap,2002,request_specific,0,0.00021812005434185266,1.0436051525175571e-05,1,1
large_generic_trap_2002,large_generic_trap,2002,request_specific,1,0.0029288219520822167,0.002623621025122702,2,17
large_generic_trap_2002,large_generic_trap,2002,request_specific,2,0.03782427299302071,0.037376132095232606,3,257
large_generic_trap_2002,large_generic_trap,2002,request_specific,4,0.17257714492734522,0.17203290085308254,5,241
large_generic_trap_2002,large_generic_trap,2002,request_specific,6,0.23044923692941666,0.22964979603420943,7,209
large_generic_trap_2002,large_generic_trap,2002,request_specific,unlimited,0.3384095000801608,0.3368595107458532,17,161
large_generic_trap_2003,large_generic_trap,2003,no_review,0,0.00021240999922156334,0,0,0
large_generic_trap_2003,large_generic_trap,2003,no_review,1,0.00018721004016697407,0,0,0
large_generic_trap_2003,large_generic_trap,2003,no_review,2,0.00018568499945104122,0,0,0
large_generic_trap_2003,large_generic_trap,2003,no_review,4,0.0001869309926405549,0,0,0
large_generic_trap_2003,large_generic_trap,2003,no_review,6,0.00019075500313192606,0,0,0
large_generic_trap_2003,large_generic_trap,2003,no_review,unlimited,0.0002245169598609209,0,0,0
large_generic_trap_2003,large_generic_trap,2003,memory,0,0.00022927403915673494,0,0,0
large_generic_trap_2003,large_generic_trap,2003,memory,1,0.00023515091743320227,0,0,0
large_generic_trap_2003,large_generic_trap,2003,memory,2,0.00023925607092678547,0,0,0
large_generic_trap_2003,large_generic_trap,2003,memory,4,0.0002399910008534789,0,0,0
large_generic_trap_2003,large_generic_trap,2003,memory,6,0.0002284790389239788,0,0,0
large_generic_trap_2003,large_generic_trap,2003,memory,unlimited,0.0002289289841428399,0,0,0
large_generic_trap_2003,large_generic_trap,2003,uncertainty,0,0.00020846899133175611,0,0,0
large_generic_trap_2003,large_generic_trap,2003,uncertainty,1,0.000395895098336041,0,0,0
large_generic_trap_2003,large_generic_trap,2003,uncertainty,2,0.0004979220684617758,0,0,0
large_generic_trap_2003,large_generic_trap,2003,uncertainty,4,0.0005922999698668718,0,0,0
large_generic_trap_2003,large_generic_trap,2003,uncertainty,6,0.0007133979815989733,0,0,0
large_generic_trap_2003,large_generic_trap,2003,uncertainty,unlimited,0.0013588740257546306,0,0,0
large_generic_trap_2003,large_generic_trap,2003,depth1,0,0.00033162697218358517,3.2281968742609024e-05,1,1
large_generic_trap_2003,large_generic_trap,2003,depth1,1,0.00451543799135834,0.00417294108774513,2,17
large_generic_trap_2003,large_generic_trap,2003,depth1,2,0.0045070970663800836,0.00413028709590435,3,17
large_generic_trap_2003,large_generic_trap,2003,depth1,4,0.01022539404220879,0.009446533862501383,5,17
large_generic_trap_2003,large_generic_trap,2003,depth1,6,0.012369059026241302,0.011322634993121028,7,17
large_generic_trap_2003,large_generic_trap,2003,depth1,unlimited,0.1223099420312792,0.12089265102986246,11,17
large_generic_trap_2003,large_generic_trap,2003,completion,0,0.00023242097813636065,0,0,0
large_generic_trap_2003,large_generic_trap,2003,completion,1,0.001333866035565734,0,0,0
large_generic_trap_2003,large_generic_trap,2003,completion,2,0.0006859978893771768,0,0,0
large_generic_trap_2003,large_generic_trap,2003,completion,4,0.001156531972810626,0,0,0
large_generic_trap_2003,large_generic_trap,2003,completion,6,0.0017394169699400663,0,0,0
large_generic_trap_2003,large_generic_trap,2003,completion,unlimited,0.0032805800437927246,0,0,0
large_generic_trap_2003,large_generic_trap,2003,depth2,0,0.0002616049023345113,2.503104042261839e-05,1,1
large_generic_trap_2003,large_generic_trap,2003,depth2,1,0.002435637987218797,0.002058762824162841,2,17
large_generic_trap_2003,large_generic_trap,2003,depth2,2,0.029346421011723578,0.028743494069203734,3,209
large_generic_trap_2003,large_generic_trap,2003,depth2,4,0.08055388205684721,0.07986840920057148,5,161
large_generic_trap_2003,large_generic_trap,2003,depth2,6,0.19393698498606682,0.19315263896714896,7,161
large_generic_trap_2003,large_generic_trap,2003,depth2,unlimited,0.24684725503902882,0.24512337078340352,13,161
large_generic_trap_2003,large_generic_trap,2003,depth3,0,0.00037902104668319225,1.53279397636652e-05,1,1
large_generic_trap_2003,large_generic_trap,2003,depth3,1,0.004114190931431949,0.0035113930935040116,2,17
large_generic_trap_2003,large_generic_trap,2003,depth3,2,0.03351801005192101,0.03300680115353316,3,209
large_generic_trap_2003,large_generic_trap,2003,depth3,4,0.5073001000564545,0.5067064622417092,5,1121
large_generic_trap_2003,large_generic_trap,2003,depth3,6,1.0137871940387413,1.0128613919951022,7,1121
large_generic_trap_2003,large_generic_trap,2003,depth3,unlimited,1.0203434170689434,1.0190842548618093,13,1121
large_generic_trap_2003,large_generic_trap,2003,generic2,0,0.00021600304171442986,9.914045222103596e-06,1,1
large_generic_trap_2003,large_generic_trap,2003,generic2,1,0.002738822950050235,0.002331877942197025,2,17
large_generic_trap_2003,large_generic_trap,2003,generic2,2,0.02913667808752507,0.02876900986302644,3,161
large_generic_trap_2003,large_generic_trap,2003,generic2,4,0.22245016403030604,0.22192538296803832,5,161
large_generic_trap_2003,large_generic_trap,2003,generic2,6,0.08038218796718866,0.07965859305113554,7,161
large_generic_trap_2003,large_generic_trap,2003,generic2,unlimited,0.17940102703869343,0.17770415311679244,13,161
large_generic_trap_2003,large_generic_trap,2003,no_scope,0,0.0005116530228406191,6.062199827283621e-05,1,1
large_generic_trap_2003,large_generic_trap,2003,no_scope,1,0.005152471014298499,0.0044416330056265,2,17
large_generic_trap_2003,large_generic_trap,2003,no_scope,2,0.05633645900525153,0.05546919908374548,3,209
large_generic_trap_2003,large_generic_trap,2003,no_scope,4,0.13189040892757475,0.1312843661289662,5,161
large_generic_trap_2003,large_generic_trap,2003,no_scope,6,0.08622272300999612,0.0854906578315422,7,161
large_generic_trap_2003,large_generic_trap,2003,no_scope,unlimited,0.15428960707504302,0.1531786830164492,13,161
large_generic_trap_2003,large_generic_trap,2003,request_specific,0,0.00021709699649363756,1.1149910278618336e-05,1,1
large_generic_trap_2003,large_generic_trap,2003,request_specific,1,0.002703637001104653,0.0024397980887442827,2,17
large_generic_trap_2003,large_generic_trap,2003,request_specific,2,0.033488888991996646,0.03313667606562376,3,257
large_generic_trap_2003,large_generic_trap,2003,request_specific,4,0.15585709200240672,0.1553387810708955,5,241
large_generic_trap_2003,large_generic_trap,2003,request_specific,6,0.19162328902166337,0.19086525193415582,7,209
large_generic_trap_2003,large_generic_trap,2003,request_specific,unlimited,0.384207286988385,0.38255212001968175,17,161
misspecified_2000,misspecified,2000,no_review,0,0.0001258569536730647,0,0,0
misspecified_2000,misspecified,2000,no_review,1,9.873707313090563e-05,0,0,0
misspecified_2000,misspecified,2000,no_review,2,9.49780223891139e-05,0,0,0
misspecified_2000,misspecified,2000,no_review,4,9.438197594136e-05,0,0,0
misspecified_2000,misspecified,2000,no_review,6,9.314296767115593e-05,0,0,0
misspecified_2000,misspecified,2000,no_review,unlimited,9.572203271090984e-05,0,0,0
misspecified_2000,misspecified,2000,memory,0,0.00011160701978951693,0,0,0
misspecified_2000,misspecified,2000,memory,1,0.00011949206236749887,0,0,0
misspecified_2000,misspecified,2000,memory,2,0.00012812798377126455,0,0,0
misspecified_2000,misspecified,2000,memory,4,0.0001731240190565586,0,0,0
misspecified_2000,misspecified,2000,memory,6,0.0001254299422726035,0,0,0
misspecified_2000,misspecified,2000,memory,unlimited,0.00011720496695488691,0,0,0
misspecified_2000,misspecified,2000,uncertainty,0,0.00011338107287883759,0,0,0
misspecified_2000,misspecified,2000,uncertainty,1,0.00023067905567586422,0,0,0
misspecified_2000,misspecified,2000,uncertainty,2,0.002240700996480882,0,0,0
misspecified_2000,misspecified,2000,uncertainty,4,0.0003804509760811925,0,0,0
misspecified_2000,misspecified,2000,uncertainty,6,0.0003210220020264387,0,0,0
misspecified_2000,misspecified,2000,uncertainty,unlimited,0.00031819497235119343,0,0,0
misspecified_2000,misspecified,2000,depth1,0,0.00012174900621175766,1.6779056750237942e-05,1,1
misspecified_2000,misspecified,2000,depth1,1,0.00038938806392252445,0.0002456268994137645,2,9
misspecified_2000,misspecified,2000,depth1,2,0.0006662850501015782,0.00048502604477107525,3,9
misspecified_2000,misspecified,2000,depth1,4,0.0009090639650821686,0.0006440031575039029,5,9
misspecified_2000,misspecified,2000,depth1,6,0.0010336110135540366,0.0007680710405111313,5,9
misspecified_2000,misspecified,2000,depth1,unlimited,0.0009492619428783655,0.0006946619832888246,5,9
misspecified_2000,misspecified,2000,completion,0,0.00011246395297348499,0,0,0
misspecified_2000,misspecified,2000,completion,1,0.00020092306658625603,0,0,0
misspecified_2000,misspecified,2000,completion,2,0.00027752702590078115,0,0,0
misspecified_2000,misspecified,2000,completion,4,0.00043447106145322323,0,0,0
misspecified_2000,misspecified,2000,completion,6,0.00042820500675588846,0,0,0
misspecified_2000,misspecified,2000,completion,unlimited,0.0004281200235709548,0,0,0
misspecified_2000,misspecified,2000,depth2,0,0.00011879310477524996,1.3816053979098797e-05,1,1
misspecified_2000,misspecified,2000,depth2,1,0.0004039469640702009,0.0002456880174577236,2,9
misspecified_2000,misspecified,2000,depth2,2,0.0014149150811135769,0.0011877979850396514,3,33
misspecified_2000,misspecified,2000,depth2,4,0.0021038659615442157,0.0018480289727449417,5,33
misspecified_2000,misspecified,2000,depth2,6,0.0021541109308600426,0.0018966360948979855,5,33
misspecified_2000,misspecified,2000,depth2,unlimited,0.003147935029119253,0.0020508719608187675,5,33
misspecified_2000,misspecified,2000,depth3,0,0.00012343202251940966,9.211013093590736e-06,1,1
misspecified_2000,misspecified,2000,depth3,1,0.00045943004079163074,0.00024689885322004557,2,9
misspecified_2000,misspecified,2000,depth3,2,0.0025643130065873265,0.002205475000664592,3,33
misspecified_2000,misspecified,2000,depth3,4,0.005296143004670739,0.004835092928260565,5,65
misspecified_2000,misspecified,2000,depth3,6,0.004173066932708025,0.003851496963761747,5,65
misspecified_2000,misspecified,2000,depth3,unlimited,0.003648506011813879,0.003365364857017994,5,65
misspecified_2000,misspecified,2000,generic2,0,0.00011471600737422705,8.168979547917843e-06,1,1
misspecified_2000,misspecified,2000,generic2,1,0.0005067260935902596,0.00035694893449544907,2,9
misspecified_2000,misspecified,2000,generic2,2,0.0013746190816164017,0.0011841350933536887,3,33
misspecified_2000,misspecified,2000,generic2,4,0.0033779770601540804,0.0031018380541354418,5,33
misspecified_2000,misspecified,2000,generic2,6,0.0021752550965175033,0.0018960520392283797,5,33
misspecified_2000,misspecified,2000,generic2,unlimited,0.0027906299801543355,0.002374062081798911,5,33
misspecified_2000,misspecified,2000,no_scope,0,0.00018672097939997911,1.296098344027996e-05,1,1
misspecified_2000,misspecified,2000,no_scope,1,0.0006891610100865364,0.00043327908497303724,2,9
misspecified_2000,misspecified,2000,no_scope,2,0.002081030048429966,0.0018433299846947193,3,33
misspecified_2000,misspecified,2000,no_scope,4,0.002205563010647893,0.0019395838025957346,5,33
misspecified_2000,misspecified,2000,no_scope,6,0.002199620008468628,0.0019385229097679257,5,33
misspecified_2000,misspecified,2000,no_scope,unlimited,0.0022377310087904334,0.0019672949565574527,5,33
misspecified_2000,misspecified,2000,request_specific,0,0.00012106006033718586,8.849892765283585e-06,1,1
misspecified_2000,misspecified,2000,request_specific,1,0.00038836197927594185,0.00024053396191447973,2,9
misspecified_2000,misspecified,2000,request_specific,2,0.0026046590646728873,0.002404647064395249,3,33
misspecified_2000,misspecified,2000,request_specific,4,0.0025802950840443373,0.002191373030655086,5,33
misspecified_2000,misspecified,2000,request_specific,6,0.0031134610762819648,0.0027895061066374183,5,33
misspecified_2000,misspecified,2000,request_specific,unlimited,0.002129598055034876,0.0018601350020617247,5,33
misspecified_2001,misspecified,2001,no_review,0,0.00011845806147903204,0,0,0
misspecified_2001,misspecified,2001,no_review,1,9.673100430518389e-05,0,0,0
misspecified_2001,misspecified,2001,no_review,2,9.310489986091852e-05,0,0,0
misspecified_2001,misspecified,2001,no_review,4,9.276298806071281e-05,0,0,0
misspecified_2001,misspecified,2001,no_review,6,9.223504457622766e-05,0,0,0
misspecified_2001,misspecified,2001,no_review,unlimited,9.345693979412317e-05,0,0,0
misspecified_2001,misspecified,2001,memory,0,0.000102262943983078,0,0,0
misspecified_2001,misspecified,2001,memory,1,0.00011229398660361767,0,0,0
misspecified_2001,misspecified,2001,memory,2,0.0001628360478207469,0,0,0
misspecified_2001,misspecified,2001,memory,4,0.00011228793300688267,0,0,0
misspecified_2001,misspecified,2001,memory,6,0.00011043203994631767,0,0,0
misspecified_2001,misspecified,2001,memory,unlimited,0.00010864704381674528,0,0,0
misspecified_2001,misspecified,2001,uncertainty,0,0.0001004550140351057,0,0,0
misspecified_2001,misspecified,2001,uncertainty,1,0.00018897000700235367,0,0,0
misspecified_2001,misspecified,2001,uncertainty,2,0.00024646706879138947,0,0,0
misspecified_2001,misspecified,2001,uncertainty,4,0.0003022579476237297,0,0,0
misspecified_2001,misspecified,2001,uncertainty,6,0.0002981420839205384,0,0,0
misspecified_2001,misspecified,2001,uncertainty,unlimited,0.00029886909760534763,0,0,0
misspecified_2001,misspecified,2001,depth1,0,0.0001143160043284297,1.3134093023836613e-05,1,1
misspecified_2001,misspecified,2001,depth1,1,0.000376979005523026,0.0002349159913137555,2,9
misspecified_2001,misspecified,2001,depth1,2,0.001935228006914258,0.00041887490078806877,3,9
misspecified_2001,misspecified,2001,depth1,4,0.0009416929678991437,0.0006189621053636074,5,9
misspecified_2001,misspecified,2001,depth1,6,0.0008503850549459457,0.0006032658275216818,5,9
misspecified_2001,misspecified,2001,depth1,unlimited,0.0009427010081708431,0.0006968671223148704,5,9
misspecified_2001,misspecified,2001,completion,0,0.00010575598571449518,0,0,0
misspecified_2001,misspecified,2001,completion,1,0.00019446201622486115,0,0,0
misspecified_2001,misspecified,2001,completion,2,0.00026919704396277666,0,0,0
misspecified_2001,misspecified,2001,completion,4,0.0004125050036236644,0,0,0
misspecified_2001,misspecified,2001,completion,6,0.00041657406836748123,0,0,0
misspecified_2001,misspecified,2001,completion,unlimited,0.0004329270450398326,0,0,0
misspecified_2001,misspecified,2001,depth2,0,0.00011477107182145119,1.1514988727867603e-05,1,1
misspecified_2001,misspecified,2001,depth2,1,0.00038359302561730146,0.00024117901921272278,2,9
misspecified_2001,misspecified,2001,depth2,2,0.0013897980097681284,0.0012066168710589409,3,33
misspecified_2001,misspecified,2001,depth2,4,0.0021788299782201648,0.0019166150595992804,5,33
misspecified_2001,misspecified,2001,depth2,6,0.0023719980381429195,0.0020668269135057926,5,33
misspecified_2001,misspecified,2001,depth2,unlimited,0.003653306979686022,0.003224904998205602,5,33
misspecified_2001,misspecified,2001,depth3,0,0.0001174180069938302,8.71298834681511e-06,1,1
misspecified_2001,misspecified,2001,depth3,1,0.0003968010423704982,0.0002487150486558676,2,9
misspecified_2001,misspecified,2001,depth3,2,0.0015856970567256212,0.0013747219927608967,3,33
misspecified_2001,misspecified,2001,depth3,4,0.004713025060482323,0.004423212958499789,5,65
misspecified_2001,misspecified,2001,depth3,6,0.003701637964695692,0.003421955043449998,5,65
misspecified_2001,misspecified,2001,depth3,unlimited,0.005075015942566097,0.004744184901937842,5,65
misspecified_2001,misspecified,2001,generic2,0,0.0001182180130854249,8.094008080661297e-06,1,1
misspecified_2001,misspecified,2001,generic2,1,0.00039099203422665596,0.00024698697961866856,2,9
misspecified_2001,misspecified,2001,generic2,2,0.0014604059979319572,0.0012534859124571085,3,33
misspecified_2001,misspecified,2001,generic2,4,0.0022172880126163363,0.0019462710479274392,5,33
misspecified_2001,misspecified,2001,generic2,6,0.002211109036579728,0.0019334559328854084,5,33
misspecified_2001,misspecified,2001,generic2,unlimited,0.00348491792101413,0.0031990240095183253,5,33
misspecified_2001,misspecified,2001,no_scope,0,0.00011718994937837124,8.293078280985355e-06,1,1
misspecified_2001,misspecified,2001,no_scope,1,0.00047322805039584637,0.0002458440139889717,2,9
misspecified_2001,misspecified,2001,no_scope,2,0.0013742299051955342,0.001191393006592989,3,33
misspecified_2001,misspecified,2001,no_scope,4,0.0023213530657812953,0.0019848011434078217,5,33
misspecified_2001,misspecified,2001,no_scope,6,0.0036237089661881328,0.0032019258942455053,5,33
misspecified_2001,misspecified,2001,no_scope,unlimited,0.0022751319920644164,0.0020085128489881754,5,33
misspecified_2001,misspecified,2001,request_specific,0,0.00011715199798345566,8.467934094369411e-06,1,1
misspecified_2001,misspecified,2001,request_specific,1,0.00039804307743906975,0.0002512449864298105,2,9
misspecified_2001,misspecified,2001,request_specific,2,0.001646365039050579,0.0013592647155746818,3,33
misspecified_2001,misspecified,2001,request_specific,4,0.002374683041125536,0.001988125150091946,5,33
misspecified_2001,misspecified,2001,request_specific,6,0.0035451380535960197,0.0032645660685375333,5,33
misspecified_2001,misspecified,2001,request_specific,unlimited,0.0021403130376711488,0.0018730349838733673,5,33
misspecified_2002,misspecified,2002,no_review,0,0.00013019295874983072,0,0,0
misspecified_2002,misspecified,2002,no_review,1,0.00015783309936523438,0,0,0
misspecified_2002,misspecified,2002,no_review,2,0.00016182393301278353,0,0,0
misspecified_2002,misspecified,2002,no_review,4,0.0001634800573810935,0,0,0
misspecified_2002,misspecified,2002,no_review,6,0.0001612870255485177,0,0,0
misspecified_2002,misspecified,2002,no_review,unlimited,0.00017576804384589195,0,0,0
misspecified_2002,misspecified,2002,memory,0,0.00018674309831112623,0,0,0
misspecified_2002,misspecified,2002,memory,1,0.0001972349127754569,0,0,0
misspecified_2002,misspecified,2002,memory,2,0.0001924840034916997,0,0,0
misspecified_2002,misspecified,2002,memory,4,0.00019417505245655775,0,0,0
misspecified_2002,misspecified,2002,memory,6,0.0001910520950332284,0,0,0
misspecified_2002,misspecified,2002,memory,unlimited,0.0001942240633070469,0,0,0
misspecified_2002,misspecified,2002,uncertainty,0,0.0003282460384070873,0,0,0
misspecified_2002,misspecified,2002,uncertainty,1,0.00031639705412089825,0,0,0
misspecified_2002,misspecified,2002,uncertainty,2,0.0002487319288775325,0,0,0
misspecified_2002,misspecified,2002,uncertainty,4,0.0003345260629430413,0,0,0
misspecified_2002,misspecified,2002,uncertainty,6,0.00045183999463915825,0,0,0
misspecified_2002,misspecified,2002,uncertainty,unlimited,0.000362857012078166,0,0,0
misspecified_2002,misspecified,2002,depth1,0,0.0001251930370926857,1.8602004274725914e-05,1,1
misspecified_2002,misspecified,2002,depth1,1,0.0006364879664033651,0.0004233249928802252,2,9
misspecified_2002,misspecified,2002,depth1,2,0.0011967399623245,0.0008876420324668288,3,9
misspecified_2002,misspecified,2002,depth1,4,0.0013846260262653232,0.0010444649960845709,5,9
misspecified_2002,misspecified,2002,depth1,6,0.001028454047627747,0.0007500089704990387,5,9
misspecified_2002,misspecified,2002,depth1,unlimited,0.001456051948480308,0.0010697700781747699,5,9
misspecified_2002,misspecified,2002,completion,0,0.00018451898358762264,0,0,0
misspecified_2002,misspecified,2002,completion,1,0.00032670493237674236,0,0,0
misspecified_2002,misspecified,2002,completion,2,0.00045219401363283396,0,0,0
misspecified_2002,misspecified,2002,completion,4,0.0006838790141046047,0,0,0
misspecified_2002,misspecified,2002,completion,6,0.00045790092553943396,0,0,0
misspecified_2002,misspecified,2002,completion,unlimited,0.0004353789845481515,0,0,0
misspecified_2002,misspecified,2002,depth2,0,0.00012161897029727697,1.650105696171522e-05,1,1
misspecified_2002,misspecified,2002,depth2,1,0.0004454019945114851,0.00030052405782043934,2,9
misspecified_2002,misspecified,2002,depth2,2,0.0026163440197706223,0.002418359974399209,3,33
misspecified_2002,misspecified,2002,depth2,4,0.0021093740360811353,0.001854339032433927,5,33
misspecified_2002,misspecified,2002,depth2,6,0.0022279060212895274,0.0019606408895924687,5,33
misspecified_2002,misspecified,2002,depth2,unlimited,0.0032263840548694134,0.0027773400070145726,5,33
misspecified_2002,misspecified,2002,depth3,0,0.00019492697902023792,1.1789030395448208e-05,1,1
misspecified_2002,misspecified,2002,depth3,1,0.0006752179469913244,0.0004284420283511281,2,9
misspecified_2002,misspecified,2002,depth3,2,0.0014593619853258133,0.0012391868513077497,3,33
misspecified_2002,misspecified,2002,depth3,4,0.0038227479672059417,0.0035252550151199102,5,65
misspecified_2002,misspecified,2002,depth3,6,0.005359936971217394,0.0050508048152551055,5,65
misspecified_2002,misspecified,2002,depth3,unlimited,0.0038643559673801064,0.003558096941560507,5,65
misspecified_2002,misspecified,2002,generic2,0,0.0001200259430333972,8.39808490127325e-06,1,1
misspecified_2002,misspecified,2002,generic2,1,0.0004918850027024746,0.0003320770338177681,2,9
misspecified_2002,misspecified,2002,generic2,2,0.0015373679343611002,0.0013131680898368359,3,33
misspecified_2002,misspecified,2002,generic2,4,0.0022699120454490185,0.0019932796712964773,5,33
misspecified_2002,misspecified,2002,generic2,6,0.002337988931685686,0.002041475032456219,5,33
misspecified_2002,misspecified,2002,generic2,unlimited,0.002903713029809296,0.0025077189784497023,5,33
misspecified_2002,misspecified,2002,no_scope,0,0.00018443702720105648,1.2118951417505741e-05,1,1
misspecified_2002,misspecified,2002,no_scope,1,0.000621690065599978,0.0003975830040872097,2,9
misspecified_2002,misspecified,2002,no_scope,2,0.0022735019447281957,0.001976268133148551,3,33
misspecified_2002,misspecified,2002,no_scope,4,0.005337498034350574,0.004916557110846043,5,33
misspecified_2002,misspecified,2002,no_scope,6,0.003335692104883492,0.0029678180580958724,5,33
misspecified_2002,misspecified,2002,no_scope,unlimited,0.002276816056109965,0.001980629051104188,5,33
misspecified_2002,misspecified,2002,request_specific,0,0.00019654794596135616,9.045004844665527e-06,1,1
misspecified_2002,misspecified,2002,request_specific,1,0.0004027279792353511,0.00025308108888566494,2,9
misspecified_2002,misspecified,2002,request_specific,2,0.0017732919659465551,0.0014920521061867476,3,33
misspecified_2002,misspecified,2002,request_specific,4,0.0036443329881876707,0.003216970944777131,5,33
misspecified_2002,misspecified,2002,request_specific,6,0.0032889529829844832,0.002873196150176227,5,33
misspecified_2002,misspecified,2002,request_specific,unlimited,0.0031922380439937115,0.0028250738978385925,5,33
misspecified_2003,misspecified,2003,no_review,0,0.0001953820465132594,0,0,0
misspecified_2003,misspecified,2003,no_review,1,0.00015464401803910732,0,0,0
misspecified_2003,misspecified,2003,no_review,2,0.00015333900228142738,0,0,0
misspecified_2003,misspecified,2003,no_review,4,0.00016276189126074314,0,0,0
misspecified_2003,misspecified,2003,no_review,6,0.00042714294977486134,0,0,0
misspecified_2003,misspecified,2003,no_review,unlimited,0.00017045997083187103,0,0,0
misspecified_2003,misspecified,2003,memory,0,0.00017139501869678497,0,0,0
misspecified_2003,misspecified,2003,memory,1,0.00018049299251288176,0,0,0
misspecified_2003,misspecified,2003,memory,2,0.0001807049848139286,0,0,0
misspecified_2003,misspecified,2003,memory,4,0.00012308801524341106,0,0,0
misspecified_2003,misspecified,2003,memory,6,0.00012328592129051685,0,0,0
misspecified_2003,misspecified,2003,memory,unlimited,0.00014334695879369974,0,0,0
misspecified_2003,misspecified,2003,uncertainty,0,0.00016365095507353544,0,0,0
misspecified_2003,misspecified,2003,uncertainty,1,0.0003044189652428031,0,0,0
misspecified_2003,misspecified,2003,uncertainty,2,0.0003450550138950348,0,0,0
misspecified_2003,misspecified,2003,uncertainty,4,0.0004503560485318303,0,0,0
misspecified_2003,misspecified,2003,uncertainty,6,0.0004802580224350095,0,0,0
misspecified_2003,misspecified,2003,uncertainty,unlimited,0.00047291896771639585,0,0,0
misspecified_2003,misspecified,2003,depth1,0,0.00017747399397194386,2.1183048374950886e-05,1,1
misspecified_2003,misspecified,2003,depth1,1,0.0006729690358042717,0.000452341977506876,2,9
misspecified_2003,misspecified,2003,depth1,2,0.0009344989666715264,0.0006692849565297365,3,9
misspecified_2003,misspecified,2003,depth1,4,0.001443432061932981,0.0010865099029615521,5,9
misspecified_2003,misspecified,2003,depth1,6,0.0013773299288004637,0.0010174668859690428,5,9
misspecified_2003,misspecified,2003,depth1,unlimited,0.0014048299053683877,0.0010620680404826999,5,9
misspecified_2003,misspecified,2003,completion,0,0.00015853892546147108,0,0,0
misspecified_2003,misspecified,2003,completion,1,0.00029032700695097446,0,0,0
misspecified_2003,misspecified,2003,completion,2,0.00040684291161596775,0,0,0
misspecified_2003,misspecified,2003,completion,4,0.0006537348963320255,0,0,0
misspecified_2003,misspecified,2003,completion,6,0.0006688880966976285,0,0,0
misspecified_2003,misspecified,2003,completion,unlimited,0.00045726692769676447,0,0,0
misspecified_2003,misspecified,2003,depth2,0,0.00012722203973680735,2.0218081772327423e-05,1,1
misspecified_2003,misspecified,2003,depth2,1,0.0004058489575982094,0.0002591140801087022,2,9
misspecified_2003,misspecified,2003,depth2,2,0.0014953359495848417,0.0012926618801429868,3,33
misspecified_2003,misspecified,2003,depth2,4,0.003261021920479834,0.002989517175592482,5,33
misspecified_2003,misspecified,2003,depth2,6,0.0027069449424743652,0.0022832067916169763,5,33
misspecified_2003,misspecified,2003,depth2,unlimited,0.0035633959341794252,0.003153465804643929,5,33
misspecified_2003,misspecified,2003,depth3,0,0.0001973710022866726,1.2135016731917858e-05,1,1
misspecified_2003,misspecified,2003,depth3,1,0.000653928960673511,0.0004165449645370245,2,9
misspecified_2003,misspecified,2003,depth3,2,0.001590683008544147,0.0013514261227101088,3,33
misspecified_2003,misspecified,2003,depth3,4,0.0038321480387821794,0.003513223840855062,5,65
misspecified_2003,misspecified,2003,depth3,6,0.003752180957235396,0.003472797106951475,5,65
misspecified_2003,misspecified,2003,depth3,unlimited,0.0049934739945456386,0.004700379213318229,5,65
misspecified_2003,misspecified,2003,generic2,0,0.00011409597937017679,8.224043995141983e-06,1,1
misspecified_2003,misspecified,2003,generic2,1,0.0003835089737549424,0.00024164014030247927,2,9
misspecified_2003,misspecified,2003,generic2,2,0.0014454959891736507,0.0012374251382425427,3,33
misspecified_2003,misspecified,2003,generic2,4,0.00232418195810169,0.002035413170233369,5,33
misspecified_2003,misspecified,2003,generic2,6,0.002182526048272848,0.0019179789815098047,5,33
misspecified_2003,misspecified,2003,generic2,unlimited,0.002200303948484361,0.001944076968356967,5,33
misspecified_2003,misspecified,2003,no_scope,0,0.00011872698087245226,8.104019798338413e-06,1,1
misspecified_2003,misspecified,2003,no_scope,1,0.00038743799086660147,0.00024420698173344135,2,9
misspecified_2003,misspecified,2003,no_scope,2,0.001389457960613072,0.0011386808473616838,3,33
misspecified_2003,misspecified,2003,no_scope,4,0.002309212926775217,0.002029188093729317,5,33
misspecified_2003,misspecified,2003,no_scope,6,0.003325361991301179,0.003053528955206275,5,33
misspecified_2003,misspecified,2003,no_scope,unlimited,0.00217784708365798,0.0019151901360601187,5,33
misspecified_2003,misspecified,2003,request_specific,0,0.00011536094825714827,8.500996045768261e-06,1,1
misspecified_2003,misspecified,2003,request_specific,1,0.0004828119417652488,0.0003332669148221612,2,9
misspecified_2003,misspecified,2003,request_specific,2,0.001392118982039392,0.0012052227975800633,3,33
misspecified_2003,misspecified,2003,request_specific,4,0.0022046390222385526,0.001874656998552382,5,33
misspecified_2003,misspecified,2003,request_specific,6,0.0022064470686018467,0.0019273769576102495,5,33
misspecified_2003,misspecified,2003,request_specific,unlimited,0.002218968002125621,0.0019477481255307794,5,33
