id,family,seed,method,budget,tasks,project_correct,correct,incorrect,unfinished,loss,questions,distinct_questions,repeated_questions,incorrect_scope_transfers,initial_predicted_loss,final_predicted_loss,predicted_benefit,realized_benefit,planning_nodes,planning_caps
independent_2000,independent,2000,no_review,0,4,0,0,0,4,4.0,0,0,0,0,4.0,4.0,0.0,0.0,0,0
independent_2000,independent,2000,no_review,1,4,0,0,0,4,4.0,0,0,0,0,4.0,4.0,0.0,0.0,0,0
independent_2000,independent,2000,no_review,2,4,0,0,0,4,4.0,0,0,0,0,4.0,4.0,0.0,0.0,0,0
independent_2000,independent,2000,no_review,4,4,0,0,0,4,4.0,0,0,0,0,4.0,4.0,0.0,0.0,0,0
independent_2000,independent,2000,no_review,6,4,0,0,0,4,4.0,0,0,0,0,4.0,4.0,0.0,0.0,0,0
independent_2000,independent,2000,no_review,unlimited,4,0,0,0,4,4.0,0,0,0,0,4.0,4.0,0.0,0.0,0,0
independent_2000,independent,2000,memory,0,4,0,0,0,4,4.0,0,0,0,0,4.0,4.0,0.0,0.0,0,0
independent_2000,independent,2000,memory,1,4,0,0,0,4,4.0,0,0,0,0,4.0,4.0,0.0,0.0,0,0
independent_2000,independent,2000,memory,2,4,0,0,0,4,4.0,0,0,0,0,4.0,4.0,0.0,0.0,0,0
independent_2000,independent,2000,memory,4,4,0,0,0,4,4.0,0,0,0,0,4.0,4.0,0.0,0.0,0,0
independent_2000,independent,2000,memory,6,4,0,0,0,4,4.0,0,0,0,0,4.0,4.0,0.0,0.0,0,0
independent_2000,independent,2000,memory,unlimited,4,0,0,0,4,4.0,0,0,0,0,4.0,4.0,0.0,0.0,0,0
independent_2000,independent,2000,uncertainty,0,4,0,0,0,4,4.0,0,0,0,0,4.0,4.0,0.0,0.0,0,0
independent_2000,independent,2000,uncertainty,1,4,0,1,0,3,3.0,1,1,0,0,4.0,3.0,1.0,1.0,0,0
independent_2000,independent,2000,uncertainty,2,4,0,2,0,2,2.0,2,2,0,0,4.0,2.0,2.0,2.0,0,0
independent_2000,independent,2000,uncertainty,4,4,1,4,0,0,0,4,4,0,0,4.0,0.0,4.0,4.0,0,0
independent_2000,independent,2000,uncertainty,6,4,1,4,0,0,0,4,4,0,0,4.0,0.0,4.0,4.0,0,0
independent_2000,independent,2000,uncertainty,unlimited,4,1,4,0,0,0,4,4,0,0,4.0,0.0,4.0,4.0,0,0
independent_2000,independent,2000,depth1,0,4,0,0,0,4,4.0,0,0,0,0,4.0,4.0,0.0,0.0,0,0
independent_2000,independent,2000,depth1,1,4,0,1,0,3,3.0,1,1,0,0,4.0,3.0,1.0,1.0,9,0
independent_2000,independent,2000,depth1,2,4,0,2,0,2,2.0,2,2,0,0,4.0,2.0,2.0,2.0,16,0
independent_2000,independent,2000,depth1,4,4,1,4,0,0,0,4,4,0,0,4.0,0.0,4.0,4.0,24,0
independent_2000,independent,2000,depth1,6,4,1,4,0,0,0,4,4,0,0,4.0,0.0,4.0,4.0,24,0
independent_2000,independent,2000,depth1,unlimited,4,1,4,0,0,0,4,4,0,0,4.0,0.0,4.0,4.0,24,0
independent_2000,independent,2000,completion,0,4,0,0,0,4,4.0,0,0,0,0,4.0,4.0,0.0,0.0,0,0
independent_2000,independent,2000,completion,1,4,0,1,0,3,3.0,1,1,0,0,4.0,3.0,1.0,1.0,0,0
independent_2000,independent,2000,completion,2,4,0,2,0,2,2.0,2,2,0,0,4.0,2.0,2.0,2.0,0,0
independent_2000,independent,2000,completion,4,4,1,4,0,0,0,4,4,0,0,4.0,0.0,4.0,4.0,0,0
independent_2000,independent,2000,completion,6,4,1,4,0,0,0,4,4,0,0,4.0,0.0,4.0,4.0,0,0
independent_2000,independent,2000,completion,unlimited,4,1,4,0,0,0,4,4,0,0,4.0,0.0,4.0,4.0,0,0
independent_2000,independent,2000,depth2,0,4,0,0,0,4,4.0,0,0,0,0,4.0,4.0,0.0,0.0,0,0
independent_2000,independent,2000,depth2,1,4,0,1,0,3,3.0,1,1,0,0,4.0,3.0,1.0,1.0,9,0
independent_2000,independent,2000,depth2,2,4,0,2,0,2,2.0,2,2,0,0,4.0,2.0,2.0,2.0,40,0
independent_2000,independent,2000,depth2,4,4,1,4,0,0,0,4,4,0,0,4.0,0.0,4.0,4.0,64,0
independent_2000,independent,2000,depth2,6,4,1,4,0,0,0,4,4,0,0,4.0,0.0,4.0,4.0,64,0
independent_2000,independent,2000,depth2,unlimited,4,1,4,0,0,0,4,4,0,0,4.0,0.0,4.0,4.0,64,0
independent_2000,independent,2000,depth3,0,4,0,0,0,4,4.0,0,0,0,0,4.0,4.0,0.0,0.0,0,0
independent_2000,independent,2000,depth3,1,4,0,1,0,3,3.0,1,1,0,0,4.0,3.0,1.0,1.0,9,0
independent_2000,independent,2000,depth3,2,4,0,2,0,2,2.0,2,2,0,0,4.0,2.0,2.0,2.0,40,0
independent_2000,independent,2000,depth3,4,4,1,4,0,0,0,4,4,0,0,4.0,0.0,4.0,4.0,104,0
independent_2000,independent,2000,depth3,6,4,1,4,0,0,0,4,4,0,0,4.0,0.0,4.0,4.0,104,0
independent_2000,independent,2000,depth3,unlimited,4,1,4,0,0,0,4,4,0,0,4.0,0.0,4.0,4.0,104,0
independent_2000,independent,2000,generic2,0,4,0,0,0,4,4.0,0,0,0,0,4.0,4.0,0.0,0.0,0,0
independent_2000,independent,2000,generic2,1,4,0,1,0,3,3.0,1,1,0,0,4.0,3.0,1.0,1.0,9,0
independent_2000,independent,2000,generic2,2,4,0,2,0,2,2.0,2,2,0,0,4.0,2.0,2.0,2.0,40,0
independent_2000,independent,2000,generic2,4,4,1,4,0,0,0,4,4,0,0,4.0,0.0,4.0,4.0,64,0
independent_2000,independent,2000,generic2,6,4,1,4,0,0,0,4,4,0,0,4.0,0.0,4.0,4.0,64,0
independent_2000,independent,2000,generic2,unlimited,4,1,4,0,0,0,4,4,0,0,4.0,0.0,4.0,4.0,64,0
independent_2000,independent,2000,no_scope,0,4,0,0,0,4,4.0,0,0,0,0,4.0,4.0,0.0,0.0,0,0
independent_2000,independent,2000,no_scope,1,4,0,1,0,3,3.0,1,1,0,0,4.0,3.0,1.0,1.0,9,0
independent_2000,independent,2000,no_scope,2,4,0,2,0,2,2.0,2,2,0,0,4.0,2.0,2.0,2.0,40,0
independent_2000,independent,2000,no_scope,4,4,1,4,0,0,0,4,4,0,0,4.0,0.0,4.0,4.0,64,0
independent_2000,independent,2000,no_scope,6,4,1,4,0,0,0,4,4,0,0,4.0,0.0,4.0,4.0,64,0
independent_2000,independent,2000,no_scope,unlimited,4,1,4,0,0,0,4,4,0,0,4.0,0.0,4.0,4.0,64,0
independent_2000,independent,2000,request_specific,0,4,0,0,0,4,4.0,0,0,0,0,4.0,4.0,0.0,0.0,0,0
independent_2000,independent,2000,request_specific,1,4,0,1,0,3,3.0,1,1,0,0,4.0,3.0,1.0,1.0,9,0
independent_2000,independent,2000,request_specific,2,4,0,2,0,2,2.0,2,2,0,0,4.0,2.0,2.0,2.0,40,0
independent_2000,independent,2000,request_specific,4,4,1,4,0,0,0,4,4,0,0,4.0,0.0,4.0,4.0,64,0
independent_2000,independent,2000,request_specific,6,4,1,4,0,0,0,4,4,0,0,4.0,0.0,4.0,4.0,64,0
independent_2000,independent,2000,request_specific,unlimited,4,1,4,0,0,0,4,4,0,0,4.0,0.0,4.0,4.0,64,0
independent_2001,independent,2001,no_review,0,4,0,2,1,1,5.0,0,0,0,0,2.1999999999999997,2.1999999999999997,0.0,0.0,0,0
independent_2001,independent,2001,no_review,1,4,0,2,1,1,5.0,0,0,0,0,2.1999999999999997,2.1999999999999997,0.0,0.0,0,0
independent_2001,independent,2001,no_review,2,4,0,2,1,1,5.0,0,0,0,0,2.1999999999999997,2.1999999999999997,0.0,0.0,0,0
independent_2001,independent,2001,no_review,4,4,0,2,1,1,5.0,0,0,0,0,2.1999999999999997,2.1999999999999997,0.0,0.0,0,0
independent_2001,independent,2001,no_review,6,4,0,2,1,1,5.0,0,0,0,0,2.1999999999999997,2.1999999999999997,0.0,0.0,0,0
independent_2001,independent,2001,no_review,unlimited,4,0,2,1,1,5.0,0,0,0,0,2.1999999999999997,2.1999999999999997,0.0,0.0,0,0
independent_2001,independent,2001,memory,0,4,0,2,1,1,5.0,0,0,0,0,2.1999999999999997,2.1999999999999997,0.0,0.0,0,0
independent_2001,independent,2001,memory,1,4,0,2,1,1,5.0,0,0,0,0,2.1999999999999997,2.1999999999999997,0.0,0.0,0,0
independent_2001,independent,2001,memory,2,4,0,2,1,1,5.0,0,0,0,0,2.1999999999999997,2.1999999999999997,0.0,0.0,0,0
independent_2001,independent,2001,memory,4,4,0,2,1,1,5.0,0,0,0,0,2.1999999999999997,2.1999999999999997,0.0,0.0,0,0
independent_2001,independent,2001,memory,6,4,0,2,1,1,5.0,0,0,0,0,2.1999999999999997,2.1999999999999997,0.0,0.0,0,0
independent_2001,independent,2001,memory,unlimited,4,0,2,1,1,5.0,0,0,0,0,2.1999999999999997,2.1999999999999997,0.0,0.0,0,0
independent_2001,independent,2001,uncertainty,0,4,0,2,1,1,5.0,0,0,0,0,2.1999999999999997,2.1999999999999997,0.0,0.0,0,0
independent_2001,independent,2001,uncertainty,1,4,0,3,1,0,4.0,1,1,0,0,2.1999999999999997,1.1999999999999997,1.0,1.0,0,0
independent_2001,independent,2001,uncertainty,2,4,0,3,1,0,4.0,2,2,0,0,2.1999999999999997,0.7999999999999998,1.4,1.0,0,0
independent_2001,independent,2001,uncertainty,4,4,1,4,0,0,0,4,4,0,0,2.1999999999999997,0.0,2.1999999999999997,5.0,0,0
independent_2001,independent,2001,uncertainty,6,4,1,4,0,0,0,4,4,0,0,2.1999999999999997,0.0,2.1999999999999997,5.0,0,0
independent_2001,independent,2001,uncertainty,unlimited,4,1,4,0,0,0,4,4,0,0,2.1999999999999997,0.0,2.1999999999999997,5.0,0,0
independent_2001,independent,2001,depth1,0,4,0,2,1,1,5.0,0,0,0,0,2.1999999999999997,2.1999999999999997,0.0,0.0,0,0
independent_2001,independent,2001,depth1,1,4,0,3,1,0,4.0,1,1,0,0,2.1999999999999997,1.1999999999999997,1.0,1.0,9,0
independent_2001,independent,2001,depth1,2,4,0,3,1,0,4.0,2,2,0,0,2.1999999999999997,0.7999999999999998,1.4,1.0,16,0
independent_2001,independent,2001,depth1,4,4,1,4,0,0,0,4,4,0,0,2.1999999999999997,0.0,2.1999999999999997,5.0,24,0
independent_2001,independent,2001,depth1,6,4,1,4,0,0,0,4,4,0,0,2.1999999999999997,0.0,2.1999999999999997,5.0,24,0
independent_2001,independent,2001,depth1,unlimited,4,1,4,0,0,0,4,4,0,0,2.1999999999999997,0.0,2.1999999999999997,5.0,24,0
independent_2001,independent,2001,completion,0,4,0,2,1,1,5.0,0,0,0,0,2.1999999999999997,2.1999999999999997,0.0,0.0,0,0
independent_2001,independent,2001,completion,1,4,0,3,1,0,4.0,1,1,0,0,2.1999999999999997,1.1999999999999997,1.0,1.0,0,0
independent_2001,independent,2001,completion,2,4,0,3,1,0,4.0,2,2,0,0,2.1999999999999997,0.7999999999999998,1.4,1.0,0,0
independent_2001,independent,2001,completion,4,4,1,4,0,0,0,4,4,0,0,2.1999999999999997,0.0,2.1999999999999997,5.0,0,0
independent_2001,independent,2001,completion,6,4,1,4,0,0,0,4,4,0,0,2.1999999999999997,0.0,2.1999999999999997,5.0,0,0
independent_2001,independent,2001,completion,unlimited,4,1,4,0,0,0,4,4,0,0,2.1999999999999997,0.0,2.1999999999999997,5.0,0,0
independent_2001,independent,2001,depth2,0,4,0,2,1,1,5.0,0,0,0,0,2.1999999999999997,2.1999999999999997,0.0,0.0,0,0
independent_2001,independent,2001,depth2,1,4,0,3,1,0,4.0,1,1,0,0,2.1999999999999997,1.1999999999999997,1.0,1.0,9,0
independent_2001,independent,2001,depth2,2,4,0,3,1,0,4.0,2,2,0,0,2.1999999999999997,0.7999999999999998,1.4,1.0,40,0
independent_2001,independent,2001,depth2,4,4,1,4,0,0,0,4,4,0,0,2.1999999999999997,0.0,2.1999999999999997,5.0,64,0
independent_2001,independent,2001,depth2,6,4,1,4,0,0,0,4,4,0,0,2.1999999999999997,0.0,2.1999999999999997,5.0,64,0
independent_2001,independent,2001,depth2,unlimited,4,1,4,0,0,0,4,4,0,0,2.1999999999999997,0.0,2.1999999999999997,5.0,64,0
independent_2001,independent,2001,depth3,0,4,0,2,1,1,5.0,0,0,0,0,2.1999999999999997,2.1999999999999997,0.0,0.0,0,0
independent_2001,independent,2001,depth3,1,4,0,3,1,0,4.0,1,1,0,0,2.1999999999999997,1.1999999999999997,1.0,1.0,9,0
independent_2001,independent,2001,depth3,2,4,0,3,1,0,4.0,2,2,0,0,2.1999999999999997,0.7999999999999998,1.4,1.0,40,0
independent_2001,independent,2001,depth3,4,4,1,4,0,0,0,4,4,0,0,2.1999999999999997,0.0,2.1999999999999997,5.0,104,0
independent_2001,independent,2001,depth3,6,4,1,4,0,0,0,4,4,0,0,2.1999999999999997,0.0,2.1999999999999997,5.0,104,0
independent_2001,independent,2001,depth3,unlimited,4,1,4,0,0,0,4,4,0,0,2.1999999999999997,0.0,2.1999999999999997,5.0,104,0
independent_2001,independent,2001,generic2,0,4,0,2,1,1,5.0,0,0,0,0,2.1999999999999997,2.1999999999999997,0.0,0.0,0,0
independent_2001,independent,2001,generic2,1,4,0,3,1,0,4.0,1,1,0,0,2.1999999999999997,1.1999999999999997,1.0,1.0,9,0
independent_2001,independent,2001,generic2,2,4,0,3,1,0,4.0,2,2,0,0,2.1999999999999997,0.7999999999999998,1.4,1.0,40,0
independent_2001,independent,2001,generic2,4,4,1,4,0,0,0,4,4,0,0,2.1999999999999997,0.0,2.1999999999999997,5.0,64,0
independent_2001,independent,2001,generic2,6,4,1,4,0,0,0,4,4,0,0,2.1999999999999997,0.0,2.1999999999999997,5.0,64,0
independent_2001,independent,2001,generic2,unlimited,4,1,4,0,0,0,4,4,0,0,2.1999999999999997,0.0,2.1999999999999997,5.0,64,0
independent_2001,independent,2001,no_scope,0,4,0,2,1,1,5.0,0,0,0,0,2.1999999999999997,2.1999999999999997,0.0,0.0,0,0
independent_2001,independent,2001,no_scope,1,4,0,3,1,0,4.0,1,1,0,0,2.1999999999999997,1.1999999999999997,1.0,1.0,9,0
independent_2001,independent,2001,no_scope,2,4,0,3,1,0,4.0,2,2,0,0,2.1999999999999997,0.7999999999999998,1.4,1.0,40,0
independent_2001,independent,2001,no_scope,4,4,1,4,0,0,0,4,4,0,0,2.1999999999999997,0.0,2.1999999999999997,5.0,64,0
independent_2001,independent,2001,no_scope,6,4,1,4,0,0,0,4,4,0,0,2.1999999999999997,0.0,2.1999999999999997,5.0,64,0
independent_2001,independent,2001,no_scope,unlimited,4,1,4,0,0,0,4,4,0,0,2.1999999999999997,0.0,2.1999999999999997,5.0,64,0
independent_2001,independent,2001,request_specific,0,4,0,2,1,1,5.0,0,0,0,0,2.1999999999999997,2.1999999999999997,0.0,0.0,0,0
independent_2001,independent,2001,request_specific,1,4,0,3,1,0,4.0,1,1,0,0,2.1999999999999997,1.1999999999999997,1.0,1.0,9,0
independent_2001,independent,2001,request_specific,2,4,0,3,1,0,4.0,2,2,0,0,2.1999999999999997,0.7999999999999998,1.4,1.0,40,0
independent_2001,independent,2001,request_specific,4,4,1,4,0,0,0,4,4,0,0,2.1999999999999997,0.0,2.1999999999999997,5.0,64,0
independent_2001,independent,2001,request_specific,6,4,1,4,0,0,0,4,4,0,0,2.1999999999999997,0.0,2.1999999999999997,5.0,64,0
independent_2001,independent,2001,request_specific,unlimited,4,1,4,0,0,0,4,4,0,0,2.1999999999999997,0.0,2.1999999999999997,5.0,64,0
independent_2002,independent,2002,no_review,0,4,0,2,0,2,2.0,0,0,0,0,2.8,2.8,0.0,0.0,0,0
independent_2002,independent,2002,no_review,1,4,0,2,0,2,2.0,0,0,0,0,2.8,2.8,0.0,0.0,0,0
independent_2002,independent,2002,no_review,2,4,0,2,0,2,2.0,0,0,0,0,2.8,2.8,0.0,0.0,0,0
independent_2002,independent,2002,no_review,4,4,0,2,0,2,2.0,0,0,0,0,2.8,2.8,0.0,0.0,0,0
independent_2002,independent,2002,no_review,6,4,0,2,0,2,2.0,0,0,0,0,2.8,2.8,0.0,0.0,0,0
independent_2002,independent,2002,no_review,unlimited,4,0,2,0,2,2.0,0,0,0,0,2.8,2.8,0.0,0.0,0,0
independent_2002,independent,2002,memory,0,4,0,2,0,2,2.0,0,0,0,0,2.8,2.8,0.0,0.0,0,0
independent_2002,independent,2002,memory,1,4,0,2,0,2,2.0,0,0,0,0,2.8,2.8,0.0,0.0,0,0
independent_2002,independent,2002,memory,2,4,0,2,0,2,2.0,0,0,0,0,2.8,2.8,0.0,0.0,0,0
independent_2002,independent,2002,memory,4,4,0,2,0,2,2.0,0,0,0,0,2.8,2.8,0.0,0.0,0,0
independent_2002,independent,2002,memory,6,4,0,2,0,2,2.0,0,0,0,0,2.8,2.8,0.0,0.0,0,0
independent_2002,independent,2002,memory,unlimited,4,0,2,0,2,2.0,0,0,0,0,2.8,2.8,0.0,0.0,0,0
independent_2002,independent,2002,uncertainty,0,4,0,2,0,2,2.0,0,0,0,0,2.8,2.8,0.0,0.0,0,0
independent_2002,independent,2002,uncertainty,1,4,0,3,0,1,1.0,1,1,0,0,2.8,1.7999999999999998,1.0,1.0,0,0
independent_2002,independent,2002,uncertainty,2,4,1,4,0,0,0,2,2,0,0,2.8,0.7999999999999998,2.0,2.0,0,0
independent_2002,independent,2002,uncertainty,4,4,1,4,0,0,0,4,4,0,0,2.8,0.0,2.8,2.0,0,0
independent_2002,independent,2002,uncertainty,6,4,1,4,0,0,0,4,4,0,0,2.8,0.0,2.8,2.0,0,0
independent_2002,independent,2002,uncertainty,unlimited,4,1,4,0,0,0,4,4,0,0,2.8,0.0,2.8,2.0,0,0
independent_2002,independent,2002,depth1,0,4,0,2,0,2,2.0,0,0,0,0,2.8,2.8,0.0,0.0,0,0
independent_2002,independent,2002,depth1,1,4,0,3,0,1,1.0,1,1,0,0,2.8,1.7999999999999998,1.0,1.0,9,0
independent_2002,independent,2002,depth1,2,4,1,4,0,0,0,2,2,0,0,2.8,0.7999999999999998,2.0,2.0,16,0
independent_2002,independent,2002,depth1,4,4,1,4,0,0,0,4,4,0,0,2.8,0.0,2.8,2.0,24,0
independent_2002,independent,2002,depth1,6,4,1,4,0,0,0,4,4,0,0,2.8,0.0,2.8,2.0,24,0
independent_2002,independent,2002,depth1,unlimited,4,1,4,0,0,0,4,4,0,0,2.8,0.0,2.8,2.0,24,0
independent_2002,independent,2002,completion,0,4,0,2,0,2,2.0,0,0,0,0,2.8,2.8,0.0,0.0,0,0
independent_2002,independent,2002,completion,1,4,0,3,0,1,1.0,1,1,0,0,2.8,1.7999999999999998,1.0,1.0,0,0
independent_2002,independent,2002,completion,2,4,1,4,0,0,0,2,2,0,0,2.8,0.7999999999999998,2.0,2.0,0,0
independent_2002,independent,2002,completion,4,4,1,4,0,0,0,4,4,0,0,2.8,0.0,2.8,2.0,0,0
independent_2002,independent,2002,completion,6,4,1,4,0,0,0,4,4,0,0,2.8,0.0,2.8,2.0,0,0
independent_2002,independent,2002,completion,unlimited,4,1,4,0,0,0,4,4,0,0,2.8,0.0,2.8,2.0,0,0
independent_2002,independent,2002,depth2,0,4,0,2,0,2,2.0,0,0,0,0,2.8,2.8,0.0,0.0,0,0
independent_2002,independent,2002,depth2,1,4,0,3,0,1,1.0,1,1,0,0,2.8,1.7999999999999998,1.0,1.0,9,0
independent_2002,independent,2002,depth2,2,4,1,4,0,0,0,2,2,0,0,2.8,0.7999999999999998,2.0,2.0,40,0
independent_2002,independent,2002,depth2,4,4,1,4,0,0,0,4,4,0,0,2.8,0.0,2.8,2.0,64,0
independent_2002,independent,2002,depth2,6,4,1,4,0,0,0,4,4,0,0,2.8,0.0,2.8,2.0,64,0
independent_2002,independent,2002,depth2,unlimited,4,1,4,0,0,0,4,4,0,0,2.8,0.0,2.8,2.0,64,0
independent_2002,independent,2002,depth3,0,4,0,2,0,2,2.0,0,0,0,0,2.8,2.8,0.0,0.0,0,0
independent_2002,independent,2002,depth3,1,4,0,3,0,1,1.0,1,1,0,0,2.8,1.7999999999999998,1.0,1.0,9,0
independent_2002,independent,2002,depth3,2,4,1,4,0,0,0,2,2,0,0,2.8,0.7999999999999998,2.0,2.0,40,0
independent_2002,independent,2002,depth3,4,4,1,4,0,0,0,4,4,0,0,2.8,0.0,2.8,2.0,104,0
independent_2002,independent,2002,depth3,6,4,1,4,0,0,0,4,4,0,0,2.8,0.0,2.8,2.0,104,0
independent_2002,independent,2002,depth3,unlimited,4,1,4,0,0,0,4,4,0,0,2.8,0.0,2.8,2.0,104,0
independent_2002,independent,2002,generic2,0,4,0,2,0,2,2.0,0,0,0,0,2.8,2.8,0.0,0.0,0,0
independent_2002,independent,2002,generic2,1,4,0,3,0,1,1.0,1,1,0,0,2.8,1.7999999999999998,1.0,1.0,9,0
independent_2002,independent,2002,generic2,2,4,1,4,0,0,0,2,2,0,0,2.8,0.7999999999999998,2.0,2.0,40,0
independent_2002,independent,2002,generic2,4,4,1,4,0,0,0,4,4,0,0,2.8,0.0,2.8,2.0,64,0
independent_2002,independent,2002,generic2,6,4,1,4,0,0,0,4,4,0,0,2.8,0.0,2.8,2.0,64,0
independent_2002,independent,2002,generic2,unlimited,4,1,4,0,0,0,4,4,0,0,2.8,0.0,2.8,2.0,64,0
independent_2002,independent,2002,no_scope,0,4,0,2,0,2,2.0,0,0,0,0,2.8,2.8,0.0,0.0,0,0
independent_2002,independent,2002,no_scope,1,4,0,3,0,1,1.0,1,1,0,0,2.8,1.7999999999999998,1.0,1.0,9,0
independent_2002,independent,2002,no_scope,2,4,1,4,0,0,0,2,2,0,0,2.8,0.7999999999999998,2.0,2.0,40,0
independent_2002,independent,2002,no_scope,4,4,1,4,0,0,0,4,4,0,0,2.8,0.0,2.8,2.0,64,0
independent_2002,independent,2002,no_scope,6,4,1,4,0,0,0,4,4,0,0,2.8,0.0,2.8,2.0,64,0
independent_2002,independent,2002,no_scope,unlimited,4,1,4,0,0,0,4,4,0,0,2.8,0.0,2.8,2.0,64,0
independent_2002,independent,2002,request_specific,0,4,0,2,0,2,2.0,0,0,0,0,2.8,2.8,0.0,0.0,0,0
independent_2002,independent,2002,request_specific,1,4,0,3,0,1,1.0,1,1,0,0,2.8,1.7999999999999998,1.0,1.0,9,0
independent_2002,independent,2002,request_specific,2,4,1,4,0,0,0,2,2,0,0,2.8,0.7999999999999998,2.0,2.0,40,0
independent_2002,independent,2002,request_specific,4,4,1,4,0,0,0,4,4,0,0,2.8,0.0,2.8,2.0,64,0
independent_2002,independent,2002,request_specific,6,4,1,4,0,0,0,4,4,0,0,2.8,0.0,2.8,2.0,64,0
independent_2002,independent,2002,request_specific,unlimited,4,1,4,0,0,0,4,4,0,0,2.8,0.0,2.8,2.0,64,0
independent_2003,independent,2003,no_review,0,4,0,1,0,3,3.0,0,0,0,0,3.4,3.4,0.0,0.0,0,0
independent_2003,independent,2003,no_review,1,4,0,1,0,3,3.0,0,0,0,0,3.4,3.4,0.0,0.0,0,0
independent_2003,independent,2003,no_review,2,4,0,1,0,3,3.0,0,0,0,0,3.4,3.4,0.0,0.0,0,0
independent_2003,independent,2003,no_review,4,4,0,1,0,3,3.0,0,0,0,0,3.4,3.4,0.0,0.0,0,0
independent_2003,independent,2003,no_review,6,4,0,1,0,3,3.0,0,0,0,0,3.4,3.4,0.0,0.0,0,0
independent_2003,independent,2003,no_review,unlimited,4,0,1,0,3,3.0,0,0,0,0,3.4,3.4,0.0,0.0,0,0
independent_2003,independent,2003,memory,0,4,0,1,0,3,3.0,0,0,0,0,3.4,3.4,0.0,0.0,0,0
independent_2003,independent,2003,memory,1,4,0,1,0,3,3.0,0,0,0,0,3.4,3.4,0.0,0.0,0,0
independent_2003,independent,2003,memory,2,4,0,1,0,3,3.0,0,0,0,0,3.4,3.4,0.0,0.0,0,0
independent_2003,independent,2003,memory,4,4,0,1,0,3,3.0,0,0,0,0,3.4,3.4,0.0,0.0,0,0
independent_2003,independent,2003,memory,6,4,0,1,0,3,3.0,0,0,0,0,3.4,3.4,0.0,0.0,0,0
independent_2003,independent,2003,memory,unlimited,4,0,1,0,3,3.0,0,0,0,0,3.4,3.4,0.0,0.0,0,0
independent_2003,independent,2003,uncertainty,0,4,0,1,0,3,3.0,0,0,0,0,3.4,3.4,0.0,0.0,0,0
independent_2003,independent,2003,uncertainty,1,4,0,2,0,2,2.0,1,1,0,0,3.4,2.4,1.0,1.0,0,0
independent_2003,independent,2003,uncertainty,2,4,0,3,0,1,1.0,2,2,0,0,3.4,1.4,2.0,2.0,0,0
independent_2003,independent,2003,uncertainty,4,4,1,4,0,0,0,4,4,0,0,3.4,0.0,3.4,3.0,0,0
independent_2003,independent,2003,uncertainty,6,4,1,4,0,0,0,4,4,0,0,3.4,0.0,3.4,3.0,0,0
independent_2003,independent,2003,uncertainty,unlimited,4,1,4,0,0,0,4,4,0,0,3.4,0.0,3.4,3.0,0,0
independent_2003,independent,2003,depth1,0,4,0,1,0,3,3.0,0,0,0,0,3.4,3.4,0.0,0.0,0,0
independent_2003,independent,2003,depth1,1,4,0,2,0,2,2.0,1,1,0,0,3.4,2.4,1.0,1.0,9,0
independent_2003,independent,2003,depth1,2,4,0,3,0,1,1.0,2,2,0,0,3.4,1.4,2.0,2.0,16,0
independent_2003,independent,2003,depth1,4,4,1,4,0,0,0,4,4,0,0,3.4,0.0,3.4,3.0,24,0
independent_2003,independent,2003,depth1,6,4,1,4,0,0,0,4,4,0,0,3.4,0.0,3.4,3.0,24,0
independent_2003,independent,2003,depth1,unlimited,4,1,4,0,0,0,4,4,0,0,3.4,0.0,3.4,3.0,24,0
independent_2003,independent,2003,completion,0,4,0,1,0,3,3.0,0,0,0,0,3.4,3.4,0.0,0.0,0,0
independent_2003,independent,2003,completion,1,4,0,2,0,2,2.0,1,1,0,0,3.4,2.4,1.0,1.0,0,0
independent_2003,independent,2003,completion,2,4,0,3,0,1,1.0,2,2,0,0,3.4,1.4,2.0,2.0,0,0
independent_2003,independent,2003,completion,4,4,1,4,0,0,0,4,4,0,0,3.4,0.0,3.4,3.0,0,0
independent_2003,independent,2003,completion,6,4,1,4,0,0,0,4,4,0,0,3.4,0.0,3.4,3.0,0,0
independent_2003,independent,2003,completion,unlimited,4,1,4,0,0,0,4,4,0,0,3.4,0.0,3.4,3.0,0,0
independent_2003,independent,2003,depth2,0,4,0,1,0,3,3.0,0,0,0,0,3.4,3.4,0.0,0.0,0,0
independent_2003,independent,2003,depth2,1,4,0,2,0,2,2.0,1,1,0,0,3.4,2.4,1.0,1.0,9,0
independent_2003,independent,2003,depth2,2,4,0,3,0,1,1.0,2,2,0,0,3.4,1.4,2.0,2.0,40,0
independent_2003,independent,2003,depth2,4,4,1,4,0,0,0,4,4,0,0,3.4,0.0,3.4,3.0,64,0
independent_2003,independent,2003,depth2,6,4,1,4,0,0,0,4,4,0,0,3.4,0.0,3.4,3.0,64,0
independent_2003,independent,2003,depth2,unlimited,4,1,4,0,0,0,4,4,0,0,3.4,0.0,3.4,3.0,64,0
independent_2003,independent,2003,depth3,0,4,0,1,0,3,3.0,0,0,0,0,3.4,3.4,0.0,0.0,0,0
independent_2003,independent,2003,depth3,1,4,0,2,0,2,2.0,1,1,0,0,3.4,2.4,1.0,1.0,9,0
independent_2003,independent,2003,depth3,2,4,0,3,0,1,1.0,2,2,0,0,3.4,1.4,2.0,2.0,40,0
independent_2003,independent,2003,depth3,4,4,1,4,0,0,0,4,4,0,0,3.4,0.0,3.4,3.0,104,0
independent_2003,independent,2003,depth3,6,4,1,4,0,0,0,4,4,0,0,3.4,0.0,3.4,3.0,104,0
independent_2003,independent,2003,depth3,unlimited,4,1,4,0,0,0,4,4,0,0,3.4,0.0,3.4,3.0,104,0
independent_2003,independent,2003,generic2,0,4,0,1,0,3,3.0,0,0,0,0,3.4,3.4,0.0,0.0,0,0
independent_2003,independent,2003,generic2,1,4,0,2,0,2,2.0,1,1,0,0,3.4,2.4,1.0,1.0,9,0
independent_2003,independent,2003,generic2,2,4,0,3,0,1,1.0,2,2,0,0,3.4,1.4,2.0,2.0,40,0
independent_2003,independent,2003,generic2,4,4,1,4,0,0,0,4,4,0,0,3.4,0.0,3.4,3.0,64,0
independent_2003,independent,2003,generic2,6,4,1,4,0,0,0,4,4,0,0,3.4,0.0,3.4,3.0,64,0
independent_2003,independent,2003,generic2,unlimited,4,1,4,0,0,0,4,4,0,0,3.4,0.0,3.4,3.0,64,0
independent_2003,independent,2003,no_scope,0,4,0,1,0,3,3.0,0,0,0,0,3.4,3.4,0.0,0.0,0,0
independent_2003,independent,2003,no_scope,1,4,0,2,0,2,2.0,1,1,0,0,3.4,2.4,1.0,1.0,9,0
independent_2003,independent,2003,no_scope,2,4,0,3,0,1,1.0,2,2,0,0,3.4,1.4,2.0,2.0,40,0
independent_2003,independent,2003,no_scope,4,4,1,4,0,0,0,4,4,0,0,3.4,0.0,3.4,3.0,64,0
independent_2003,independent,2003,no_scope,6,4,1,4,0,0,0,4,4,0,0,3.4,0.0,3.4,3.0,64,0
independent_2003,independent,2003,no_scope,unlimited,4,1,4,0,0,0,4,4,0,0,3.4,0.0,3.4,3.0,64,0
independent_2003,independent,2003,request_specific,0,4,0,1,0,3,3.0,0,0,0,0,3.4,3.4,0.0,0.0,0,0
independent_2003,independent,2003,request_specific,1,4,0,2,0,2,2.0,1,1,0,0,3.4,2.4,1.0,1.0,9,0
independent_2003,independent,2003,request_specific,2,4,0,3,0,1,1.0,2,2,0,0,3.4,1.4,2.0,2.0,40,0
independent_2003,independent,2003,request_specific,4,4,1,4,0,0,0,4,4,0,0,3.4,0.0,3.4,3.0,64,0
independent_2003,independent,2003,request_specific,6,4,1,4,0,0,0,4,4,0,0,3.4,0.0,3.4,3.0,64,0
independent_2003,independent,2003,request_specific,unlimited,4,1,4,0,0,0,4,4,0,0,3.4,0.0,3.4,3.0,64,0
shared_2000,shared,2000,no_review,0,4,0,0,0,4,4.0,0,0,0,0,4.0,4.0,0.0,0.0,0,0
shared_2000,shared,2000,no_review,1,4,0,0,0,4,4.0,0,0,0,0,4.0,4.0,0.0,0.0,0,0
shared_2000,shared,2000,no_review,2,4,0,0,0,4,4.0,0,0,0,0,4.0,4.0,0.0,0.0,0,0
shared_2000,shared,2000,no_review,4,4,0,0,0,4,4.0,0,0,0,0,4.0,4.0,0.0,0.0,0,0
shared_2000,shared,2000,no_review,6,4,0,0,0,4,4.0,0,0,0,0,4.0,4.0,0.0,0.0,0,0
shared_2000,shared,2000,no_review,unlimited,4,0,0,0,4,4.0,0,0,0,0,4.0,4.0,0.0,0.0,0,0
shared_2000,shared,2000,memory,0,4,0,0,0,4,4.0,0,0,0,0,4.0,4.0,0.0,0.0,0,0
shared_2000,shared,2000,memory,1,4,0,0,0,4,4.0,0,0,0,0,4.0,4.0,0.0,0.0,0,0
shared_2000,shared,2000,memory,2,4,0,0,0,4,4.0,0,0,0,0,4.0,4.0,0.0,0.0,0,0
shared_2000,shared,2000,memory,4,4,0,0,0,4,4.0,0,0,0,0,4.0,4.0,0.0,0.0,0,0
shared_2000,shared,2000,memory,6,4,0,0,0,4,4.0,0,0,0,0,4.0,4.0,0.0,0.0,0,0
shared_2000,shared,2000,memory,unlimited,4,0,0,0,4,4.0,0,0,0,0,4.0,4.0,0.0,0.0,0,0
shared_2000,shared,2000,uncertainty,0,4,0,0,0,4,4.0,0,0,0,0,4.0,4.0,0.0,0.0,0,0
shared_2000,shared,2000,uncertainty,1,4,0,1,0,3,3.0,1,1,0,0,4.0,3.0,1.0,1.0,0,0
shared_2000,shared,2000,uncertainty,2,4,1,4,0,0,0,2,2,0,0,4.0,0.0,4.0,4.0,0,0
shared_2000,shared,2000,uncertainty,4,4,1,4,0,0,0,2,2,0,0,4.0,0.0,4.0,4.0,0,0
shared_2000,shared,2000,uncertainty,6,4,1,4,0,0,0,2,2,0,0,4.0,0.0,4.0,4.0,0,0
shared_2000,shared,2000,uncertainty,unlimited,4,1,4,0,0,0,2,2,0,0,4.0,0.0,4.0,4.0,0,0
shared_2000,shared,2000,depth1,0,4,0,0,0,4,4.0,0,0,0,0,4.0,4.0,0.0,0.0,0,0
shared_2000,shared,2000,depth1,1,4,0,3,0,1,1.0,1,1,0,0,4.0,1.0,3.0,3.0,5,0
shared_2000,shared,2000,depth1,2,4,1,4,0,0,0,2,2,0,0,4.0,0.0,4.0,4.0,8,0
shared_2000,shared,2000,depth1,4,4,1,4,0,0,0,2,2,0,0,4.0,0.0,4.0,4.0,8,0
shared_2000,shared,2000,depth1,6,4,1,4,0,0,0,2,2,0,0,4.0,0.0,4.0,4.0,8,0
shared_2000,shared,2000,depth1,unlimited,4,1,4,0,0,0,2,2,0,0,4.0,0.0,4.0,4.0,8,0
shared_2000,shared,2000,completion,0,4,0,0,0,4,4.0,0,0,0,0,4.0,4.0,0.0,0.0,0,0
shared_2000,shared,2000,completion,1,4,0,3,0,1,1.0,1,1,0,0,4.0,1.0,3.0,3.0,0,0
shared_2000,shared,2000,completion,2,4,1,4,0,0,0,2,2,0,0,4.0,0.0,4.0,4.0,0,0
shared_2000,shared,2000,completion,4,4,1,4,0,0,0,2,2,0,0,4.0,0.0,4.0,4.0,0,0
shared_2000,shared,2000,completion,6,4,1,4,0,0,0,2,2,0,0,4.0,0.0,4.0,4.0,0,0
shared_2000,shared,2000,completion,unlimited,4,1,4,0,0,0,2,2,0,0,4.0,0.0,4.0,4.0,0,0
shared_2000,shared,2000,depth2,0,4,0,0,0,4,4.0,0,0,0,0,4.0,4.0,0.0,0.0,0,0
shared_2000,shared,2000,depth2,1,4,0,3,0,1,1.0,1,1,0,0,4.0,1.0,3.0,3.0,5,0
shared_2000,shared,2000,depth2,2,4,1,4,0,0,0,2,2,0,0,4.0,0.0,4.0,4.0,12,0
shared_2000,shared,2000,depth2,4,4,1,4,0,0,0,2,2,0,0,4.0,0.0,4.0,4.0,12,0
shared_2000,shared,2000,depth2,6,4,1,4,0,0,0,2,2,0,0,4.0,0.0,4.0,4.0,12,0
shared_2000,shared,2000,depth2,unlimited,4,1,4,0,0,0,2,2,0,0,4.0,0.0,4.0,4.0,12,0
shared_2000,shared,2000,depth3,0,4,0,0,0,4,4.0,0,0,0,0,4.0,4.0,0.0,0.0,0,0
shared_2000,shared,2000,depth3,1,4,0,3,0,1,1.0,1,1,0,0,4.0,1.0,3.0,3.0,5,0
shared_2000,shared,2000,depth3,2,4,1,4,0,0,0,2,2,0,0,4.0,0.0,4.0,4.0,12,0
shared_2000,shared,2000,depth3,4,4,1,4,0,0,0,2,2,0,0,4.0,0.0,4.0,4.0,12,0
shared_2000,shared,2000,depth3,6,4,1,4,0,0,0,2,2,0,0,4.0,0.0,4.0,4.0,12,0
shared_2000,shared,2000,depth3,unlimited,4,1,4,0,0,0,2,2,0,0,4.0,0.0,4.0,4.0,12,0
shared_2000,shared,2000,generic2,0,4,0,0,0,4,4.0,0,0,0,0,4.0,4.0,0.0,0.0,0,0
shared_2000,shared,2000,generic2,1,4,0,3,0,1,1.0,1,1,0,0,4.0,1.0,3.0,3.0,5,0
shared_2000,shared,2000,generic2,2,4,1,4,0,0,0,2,2,0,0,4.0,0.0,4.0,4.0,12,0
shared_2000,shared,2000,generic2,4,4,1,4,0,0,0,2,2,0,0,4.0,0.0,4.0,4.0,12,0
shared_2000,shared,2000,generic2,6,4,1,4,0,0,0,2,2,0,0,4.0,0.0,4.0,4.0,12,0
shared_2000,shared,2000,generic2,unlimited,4,1,4,0,0,0,2,2,0,0,4.0,0.0,4.0,4.0,12,0
shared_2000,shared,2000,no_scope,0,4,0,0,0,4,4.0,0,0,0,0,4.0,4.0,0.0,0.0,0,0
shared_2000,shared,2000,no_scope,1,4,0,3,0,1,1.0,1,1,0,0,4.0,1.0,3.0,3.0,5,0
shared_2000,shared,2000,no_scope,2,4,1,4,0,0,0,2,2,0,0,4.0,0.0,4.0,4.0,12,0
shared_2000,shared,2000,no_scope,4,4,1,4,0,0,0,2,2,0,0,4.0,0.0,4.0,4.0,12,0
shared_2000,shared,2000,no_scope,6,4,1,4,0,0,0,2,2,0,0,4.0,0.0,4.0,4.0,12,0
shared_2000,shared,2000,no_scope,unlimited,4,1,4,0,0,0,2,2,0,0,4.0,0.0,4.0,4.0,12,0
shared_2000,shared,2000,request_specific,0,4,0,0,0,4,4.0,0,0,0,0,4.0,4.0,0.0,0.0,0,0
shared_2000,shared,2000,request_specific,1,4,0,1,0,3,3.0,1,1,0,0,4.0,3.0,1.0,1.0,9,0
shared_2000,shared,2000,request_specific,2,4,0,2,0,2,2.0,2,2,0,0,4.0,2.0,2.0,2.0,40,0
shared_2000,shared,2000,request_specific,4,4,1,4,0,0,0,4,2,2,0,4.0,0.0,4.0,4.0,64,0
shared_2000,shared,2000,request_specific,6,4,1,4,0,0,0,4,2,2,0,4.0,0.0,4.0,4.0,64,0
shared_2000,shared,2000,request_specific,unlimited,4,1,4,0,0,0,4,2,2,0,4.0,0.0,4.0,4.0,64,0
shared_2001,shared,2001,no_review,0,4,0,3,0,1,1.0,0,0,0,0,2.1999999999999997,2.1999999999999997,0.0,0.0,0,0
shared_2001,shared,2001,no_review,1,4,0,3,0,1,1.0,0,0,0,0,2.1999999999999997,2.1999999999999997,0.0,0.0,0,0
shared_2001,shared,2001,no_review,2,4,0,3,0,1,1.0,0,0,0,0,2.1999999999999997,2.1999999999999997,0.0,0.0,0,0
shared_2001,shared,2001,no_review,4,4,0,3,0,1,1.0,0,0,0,0,2.1999999999999997,2.1999999999999997,0.0,0.0,0,0
shared_2001,shared,2001,no_review,6,4,0,3,0,1,1.0,0,0,0,0,2.1999999999999997,2.1999999999999997,0.0,0.0,0,0
shared_2001,shared,2001,no_review,unlimited,4,0,3,0,1,1.0,0,0,0,0,2.1999999999999997,2.1999999999999997,0.0,0.0,0,0
shared_2001,shared,2001,memory,0,4,0,3,0,1,1.0,0,0,0,0,2.1999999999999997,2.1999999999999997,0.0,0.0,0,0
shared_2001,shared,2001,memory,1,4,0,3,0,1,1.0,0,0,0,0,2.1999999999999997,2.1999999999999997,0.0,0.0,0,0
shared_2001,shared,2001,memory,2,4,0,3,0,1,1.0,0,0,0,0,2.1999999999999997,2.1999999999999997,0.0,0.0,0,0
shared_2001,shared,2001,memory,4,4,0,3,0,1,1.0,0,0,0,0,2.1999999999999997,2.1999999999999997,0.0,0.0,0,0
shared_2001,shared,2001,memory,6,4,0,3,0,1,1.0,0,0,0,0,2.1999999999999997,2.1999999999999997,0.0,0.0,0,0
shared_2001,shared,2001,memory,unlimited,4,0,3,0,1,1.0,0,0,0,0,2.1999999999999997,2.1999999999999997,0.0,0.0,0,0
shared_2001,shared,2001,uncertainty,0,4,0,3,0,1,1.0,0,0,0,0,2.1999999999999997,2.1999999999999997,0.0,0.0,0,0
shared_2001,shared,2001,uncertainty,1,4,1,4,0,0,0,1,1,0,0,2.1999999999999997,1.1999999999999997,1.0,1.0,0,0
shared_2001,shared,2001,uncertainty,2,4,1,4,0,0,0,2,2,0,0,2.1999999999999997,0.0,2.1999999999999997,1.0,0,0
shared_2001,shared,2001,uncertainty,4,4,1,4,0,0,0,2,2,0,0,2.1999999999999997,0.0,2.1999999999999997,1.0,0,0
shared_2001,shared,2001,uncertainty,6,4,1,4,0,0,0,2,2,0,0,2.1999999999999997,0.0,2.1999999999999997,1.0,0,0
shared_2001,shared,2001,uncertainty,unlimited,4,1,4,0,0,0,2,2,0,0,2.1999999999999997,0.0,2.1999999999999997,1.0,0,0
shared_2001,shared,2001,depth1,0,4,0,3,0,1,1.0,0,0,0,0,2.1999999999999997,2.1999999999999997,0.0,0.0,0,0
shared_2001,shared,2001,depth1,1,4,0,3,0,1,1.0,1,1,0,0,2.1999999999999997,1.0,1.1999999999999997,0.0,5,0
shared_2001,shared,2001,depth1,2,4,1,4,0,0,0,2,2,0,0,2.1999999999999997,0.0,2.1999999999999997,1.0,8,0
shared_2001,shared,2001,depth1,4,4,1,4,0,0,0,2,2,0,0,2.1999999999999997,0.0,2.1999999999999997,1.0,8,0
shared_2001,shared,2001,depth1,6,4,1,4,0,0,0,2,2,0,0,2.1999999999999997,0.0,2.1999999999999997,1.0,8,0
shared_2001,shared,2001,depth1,unlimited,4,1,4,0,0,0,2,2,0,0,2.1999999999999997,0.0,2.1999999999999997,1.0,8,0
shared_2001,shared,2001,completion,0,4,0,3,0,1,1.0,0,0,0,0,2.1999999999999997,2.1999999999999997,0.0,0.0,0,0
shared_2001,shared,2001,completion,1,4,1,4,0,0,0,1,1,0,0,2.1999999999999997,1.1999999999999997,1.0,1.0,0,0
shared_2001,shared,2001,completion,2,4,1,4,0,0,0,2,2,0,0,2.1999999999999997,0.0,2.1999999999999997,1.0,0,0
shared_2001,shared,2001,completion,4,4,1,4,0,0,0,2,2,0,0,2.1999999999999997,0.0,2.1999999999999997,1.0,0,0
shared_2001,shared,2001,completion,6,4,1,4,0,0,0,2,2,0,0,2.1999999999999997,0.0,2.1999999999999997,1.0,0,0
shared_2001,shared,2001,completion,unlimited,4,1,4,0,0,0,2,2,0,0,2.1999999999999997,0.0,2.1999999999999997,1.0,0,0
shared_2001,shared,2001,depth2,0,4,0,3,0,1,1.0,0,0,0,0,2.1999999999999997,2.1999999999999997,0.0,0.0,0,0
shared_2001,shared,2001,depth2,1,4,0,3,0,1,1.0,1,1,0,0,2.1999999999999997,1.0,1.1999999999999997,0.0,5,0
shared_2001,shared,2001,depth2,2,4,1,4,0,0,0,2,2,0,0,2.1999999999999997,0.0,2.1999999999999997,1.0,12,0
shared_2001,shared,2001,depth2,4,4,1,4,0,0,0,2,2,0,0,2.1999999999999997,0.0,2.1999999999999997,1.0,12,0
shared_2001,shared,2001,depth2,6,4,1,4,0,0,0,2,2,0,0,2.1999999999999997,0.0,2.1999999999999997,1.0,12,0
shared_2001,shared,2001,depth2,unlimited,4,1,4,0,0,0,2,2,0,0,2.1999999999999997,0.0,2.1999999999999997,1.0,12,0
shared_2001,shared,2001,depth3,0,4,0,3,0,1,1.0,0,0,0,0,2.1999999999999997,2.1999999999999997,0.0,0.0,0,0
shared_2001,shared,2001,depth3,1,4,0,3,0,1,1.0,1,1,0,0,2.1999999999999997,1.0,1.1999999999999997,0.0,5,0
shared_2001,shared,2001,depth3,2,4,1,4,0,0,0,2,2,0,0,2.1999999999999997,0.0,2.1999999999999997,1.0,12,0
shared_2001,shared,2001,depth3,4,4,1,4,0,0,0,2,2,0,0,2.1999999999999997,0.0,2.1999999999999997,1.0,12,0
shared_2001,shared,2001,depth3,6,4,1,4,0,0,0,2,2,0,0,2.1999999999999997,0.0,2.1999999999999997,1.0,12,0
shared_2001,shared,2001,depth3,unlimited,4,1,4,0,0,0,2,2,0,0,2.1999999999999997,0.0,2.1999999999999997,1.0,12,0
shared_2001,shared,2001,generic2,0,4,0,3,0,1,1.0,0,0,0,0,2.1999999999999997,2.1999999999999997,0.0,0.0,0,0
shared_2001,shared,2001,generic2,1,4,0,3,0,1,1.0,1,1,0,0,2.1999999999999997,1.0,1.1999999999999997,0.0,5,0
shared_2001,shared,2001,generic2,2,4,1,4,0,0,0,2,2,0,0,2.1999999999999997,0.0,2.1999999999999997,1.0,12,0
shared_2001,shared,2001,generic2,4,4,1,4,0,0,0,2,2,0,0,2.1999999999999997,0.0,2.1999999999999997,1.0,12,0
shared_2001,shared,2001,generic2,6,4,1,4,0,0,0,2,2,0,0,2.1999999999999997,0.0,2.1999999999999997,1.0,12,0
shared_2001,shared,2001,generic2,unlimited,4,1,4,0,0,0,2,2,0,0,2.1999999999999997,0.0,2.1999999999999997,1.0,12,0
shared_2001,shared,2001,no_scope,0,4,0,3,0,1,1.0,0,0,0,0,2.1999999999999997,2.1999999999999997,0.0,0.0,0,0
shared_2001,shared,2001,no_scope,1,4,0,3,0,1,1.0,1,1,0,0,2.1999999999999997,1.0,1.1999999999999997,0.0,5,0
shared_2001,shared,2001,no_scope,2,4,1,4,0,0,0,2,2,0,0,2.1999999999999997,0.0,2.1999999999999997,1.0,12,0
shared_2001,shared,2001,no_scope,4,4,1,4,0,0,0,2,2,0,0,2.1999999999999997,0.0,2.1999999999999997,1.0,12,0
shared_2001,shared,2001,no_scope,6,4,1,4,0,0,0,2,2,0,0,2.1999999999999997,0.0,2.1999999999999997,1.0,12,0
shared_2001,shared,2001,no_scope,unlimited,4,1,4,0,0,0,2,2,0,0,2.1999999999999997,0.0,2.1999999999999997,1.0,12,0
shared_2001,shared,2001,request_specific,0,4,0,3,0,1,1.0,0,0,0,0,2.1999999999999997,2.1999999999999997,0.0,0.0,0,0
shared_2001,shared,2001,request_specific,1,4,1,4,0,0,0,1,1,0,0,2.1999999999999997,1.1999999999999997,1.0,1.0,9,0
shared_2001,shared,2001,request_specific,2,4,1,4,0,0,0,2,2,0,0,2.1999999999999997,0.7999999999999998,1.4,1.0,40,0
shared_2001,shared,2001,request_specific,4,4,1,4,0,0,0,4,2,2,0,2.1999999999999997,0.0,2.1999999999999997,1.0,64,0
shared_2001,shared,2001,request_specific,6,4,1,4,0,0,0,4,2,2,0,2.1999999999999997,0.0,2.1999999999999997,1.0,64,0
shared_2001,shared,2001,request_specific,unlimited,4,1,4,0,0,0,4,2,2,0,2.1999999999999997,0.0,2.1999999999999997,1.0,64,0
shared_2002,shared,2002,no_review,0,4,0,3,0,1,1.0,0,0,0,0,2.1999999999999997,2.1999999999999997,0.0,0.0,0,0
shared_2002,shared,2002,no_review,1,4,0,3,0,1,1.0,0,0,0,0,2.1999999999999997,2.1999999999999997,0.0,0.0,0,0
shared_2002,shared,2002,no_review,2,4,0,3,0,1,1.0,0,0,0,0,2.1999999999999997,2.1999999999999997,0.0,0.0,0,0
shared_2002,shared,2002,no_review,4,4,0,3,0,1,1.0,0,0,0,0,2.1999999999999997,2.1999999999999997,0.0,0.0,0,0
shared_2002,shared,2002,no_review,6,4,0,3,0,1,1.0,0,0,0,0,2.1999999999999997,2.1999999999999997,0.0,0.0,0,0
shared_2002,shared,2002,no_review,unlimited,4,0,3,0,1,1.0,0,0,0,0,2.1999999999999997,2.1999999999999997,0.0,0.0,0,0
shared_2002,shared,2002,memory,0,4,0,3,0,1,1.0,0,0,0,0,2.1999999999999997,2.1999999999999997,0.0,0.0,0,0
shared_2002,shared,2002,memory,1,4,0,3,0,1,1.0,0,0,0,0,2.1999999999999997,2.1999999999999997,0.0,0.0,0,0
shared_2002,shared,2002,memory,2,4,0,3,0,1,1.0,0,0,0,0,2.1999999999999997,2.1999999999999997,0.0,0.0,0,0
shared_2002,shared,2002,memory,4,4,0,3,0,1,1.0,0,0,0,0,2.1999999999999997,2.1999999999999997,0.0,0.0,0,0
shared_2002,shared,2002,memory,6,4,0,3,0,1,1.0,0,0,0,0,2.1999999999999997,2.1999999999999997,0.0,0.0,0,0
shared_2002,shared,2002,memory,unlimited,4,0,3,0,1,1.0,0,0,0,0,2.1999999999999997,2.1999999999999997,0.0,0.0,0,0
shared_2002,shared,2002,uncertainty,0,4,0,3,0,1,1.0,0,0,0,0,2.1999999999999997,2.1999999999999997,0.0,0.0,0,0
shared_2002,shared,2002,uncertainty,1,4,1,4,0,0,0,1,1,0,0,2.1999999999999997,1.1999999999999997,1.0,1.0,0,0
shared_2002,shared,2002,uncertainty,2,4,1,4,0,0,0,2,2,0,0,2.1999999999999997,0.0,2.1999999999999997,1.0,0,0
shared_2002,shared,2002,uncertainty,4,4,1,4,0,0,0,2,2,0,0,2.1999999999999997,0.0,2.1999999999999997,1.0,0,0
shared_2002,shared,2002,uncertainty,6,4,1,4,0,0,0,2,2,0,0,2.1999999999999997,0.0,2.1999999999999997,1.0,0,0
shared_2002,shared,2002,uncertainty,unlimited,4,1,4,0,0,0,2,2,0,0,2.1999999999999997,0.0,2.1999999999999997,1.0,0,0
shared_2002,shared,2002,depth1,0,4,0,3,0,1,1.0,0,0,0,0,2.1999999999999997,2.1999999999999997,0.0,0.0,0,0
shared_2002,shared,2002,depth1,1,4,0,3,0,1,1.0,1,1,0,0,2.1999999999999997,1.0,1.1999999999999997,0.0,5,0
shared_2002,shared,2002,depth1,2,4,1,4,0,0,0,2,2,0,0,2.1999999999999997,0.0,2.1999999999999997,1.0,8,0
shared_2002,shared,2002,depth1,4,4,1,4,0,0,0,2,2,0,0,2.1999999999999997,0.0,2.1999999999999997,1.0,8,0
shared_2002,shared,2002,depth1,6,4,1,4,0,0,0,2,2,0,0,2.1999999999999997,0.0,2.1999999999999997,1.0,8,0
shared_2002,shared,2002,depth1,unlimited,4,1,4,0,0,0,2,2,0,0,2.1999999999999997,0.0,2.1999999999999997,1.0,8,0
shared_2002,shared,2002,completion,0,4,0,3,0,1,1.0,0,0,0,0,2.1999999999999997,2.1999999999999997,0.0,0.0,0,0
shared_2002,shared,2002,completion,1,4,1,4,0,0,0,1,1,0,0,2.1999999999999997,1.1999999999999997,1.0,1.0,0,0
shared_2002,shared,2002,completion,2,4,1,4,0,0,0,2,2,0,0,2.1999999999999997,0.0,2.1999999999999997,1.0,0,0
shared_2002,shared,2002,completion,4,4,1,4,0,0,0,2,2,0,0,2.1999999999999997,0.0,2.1999999999999997,1.0,0,0
shared_2002,shared,2002,completion,6,4,1,4,0,0,0,2,2,0,0,2.1999999999999997,0.0,2.1999999999999997,1.0,0,0
shared_2002,shared,2002,completion,unlimited,4,1,4,0,0,0,2,2,0,0,2.1999999999999997,0.0,2.1999999999999997,1.0,0,0
shared_2002,shared,2002,depth2,0,4,0,3,0,1,1.0,0,0,0,0,2.1999999999999997,2.1999999999999997,0.0,0.0,0,0
shared_2002,shared,2002,depth2,1,4,0,3,0,1,1.0,1,1,0,0,2.1999999999999997,1.0,1.1999999999999997,0.0,5,0
shared_2002,shared,2002,depth2,2,4,1,4,0,0,0,2,2,0,0,2.1999999999999997,0.0,2.1999999999999997,1.0,12,0
shared_2002,shared,2002,depth2,4,4,1,4,0,0,0,2,2,0,0,2.1999999999999997,0.0,2.1999999999999997,1.0,12,0
shared_2002,shared,2002,depth2,6,4,1,4,0,0,0,2,2,0,0,2.1999999999999997,0.0,2.1999999999999997,1.0,12,0
shared_2002,shared,2002,depth2,unlimited,4,1,4,0,0,0,2,2,0,0,2.1999999999999997,0.0,2.1999999999999997,1.0,12,0
shared_2002,shared,2002,depth3,0,4,0,3,0,1,1.0,0,0,0,0,2.1999999999999997,2.1999999999999997,0.0,0.0,0,0
shared_2002,shared,2002,depth3,1,4,0,3,0,1,1.0,1,1,0,0,2.1999999999999997,1.0,1.1999999999999997,0.0,5,0
shared_2002,shared,2002,depth3,2,4,1,4,0,0,0,2,2,0,0,2.1999999999999997,0.0,2.1999999999999997,1.0,12,0
shared_2002,shared,2002,depth3,4,4,1,4,0,0,0,2,2,0,0,2.1999999999999997,0.0,2.1999999999999997,1.0,12,0
shared_2002,shared,2002,depth3,6,4,1,4,0,0,0,2,2,0,0,2.1999999999999997,0.0,2.1999999999999997,1.0,12,0
shared_2002,shared,2002,depth3,unlimited,4,1,4,0,0,0,2,2,0,0,2.1999999999999997,0.0,2.1999999999999997,1.0,12,0
shared_2002,shared,2002,generic2,0,4,0,3,0,1,1.0,0,0,0,0,2.1999999999999997,2.1999999999999997,0.0,0.0,0,0
shared_2002,shared,2002,generic2,1,4,0,3,0,1,1.0,1,1,0,0,2.1999999999999997,1.0,1.1999999999999997,0.0,5,0
shared_2002,shared,2002,generic2,2,4,1,4,0,0,0,2,2,0,0,2.1999999999999997,0.0,2.1999999999999997,1.0,12,0
shared_2002,shared,2002,generic2,4,4,1,4,0,0,0,2,2,0,0,2.1999999999999997,0.0,2.1999999999999997,1.0,12,0
shared_2002,shared,2002,generic2,6,4,1,4,0,0,0,2,2,0,0,2.1999999999999997,0.0,2.1999999999999997,1.0,12,0
shared_2002,shared,2002,generic2,unlimited,4,1,4,0,0,0,2,2,0,0,2.1999999999999997,0.0,2.1999999999999997,1.0,12,0
shared_2002,shared,2002,no_scope,0,4,0,3,0,1,1.0,0,0,0,0,2.1999999999999997,2.1999999999999997,0.0,0.0,0,0
shared_2002,shared,2002,no_scope,1,4,0,3,0,1,1.0,1,1,0,0,2.1999999999999997,1.0,1.1999999999999997,0.0,5,0
shared_2002,shared,2002,no_scope,2,4,1,4,0,0,0,2,2,0,0,2.1999999999999997,0.0,2.1999999999999997,1.0,12,0
shared_2002,shared,2002,no_scope,4,4,1,4,0,0,0,2,2,0,0,2.1999999999999997,0.0,2.1999999999999997,1.0,12,0
shared_2002,shared,2002,no_scope,6,4,1,4,0,0,0,2,2,0,0,2.1999999999999997,0.0,2.1999999999999997,1.0,12,0
shared_2002,shared,2002,no_scope,unlimited,4,1,4,0,0,0,2,2,0,0,2.1999999999999997,0.0,2.1999999999999997,1.0,12,0
shared_2002,shared,2002,request_specific,0,4,0,3,0,1,1.0,0,0,0,0,2.1999999999999997,2.1999999999999997,0.0,0.0,0,0
shared_2002,shared,2002,request_specific,1,4,1,4,0,0,0,1,1,0,0,2.1999999999999997,1.1999999999999997,1.0,1.0,9,0
shared_2002,shared,2002,request_specific,2,4,1,4,0,0,0,2,2,0,0,2.1999999999999997,0.7999999999999998,1.4,1.0,40,0
shared_2002,shared,2002,request_specific,4,4,1,4,0,0,0,4,2,2,0,2.1999999999999997,0.0,2.1999999999999997,1.0,64,0
shared_2002,shared,2002,request_specific,6,4,1,4,0,0,0,4,2,2,0,2.1999999999999997,0.0,2.1999999999999997,1.0,64,0
shared_2002,shared,2002,request_specific,unlimited,4,1,4,0,0,0,4,2,2,0,2.1999999999999997,0.0,2.1999999999999997,1.0,64,0
shared_2003,shared,2003,no_review,0,4,0,0,0,4,4.0,0,0,0,0,4.0,4.0,0.0,0.0,0,0
shared_2003,shared,2003,no_review,1,4,0,0,0,4,4.0,0,0,0,0,4.0,4.0,0.0,0.0,0,0
shared_2003,shared,2003,no_review,2,4,0,0,0,4,4.0,0,0,0,0,4.0,4.0,0.0,0.0,0,0
shared_2003,shared,2003,no_review,4,4,0,0,0,4,4.0,0,0,0,0,4.0,4.0,0.0,0.0,0,0
shared_2003,shared,2003,no_review,6,4,0,0,0,4,4.0,0,0,0,0,4.0,4.0,0.0,0.0,0,0
shared_2003,shared,2003,no_review,unlimited,4,0,0,0,4,4.0,0,0,0,0,4.0,4.0,0.0,0.0,0,0
shared_2003,shared,2003,memory,0,4,0,0,0,4,4.0,0,0,0,0,4.0,4.0,0.0,0.0,0,0
shared_2003,shared,2003,memory,1,4,0,0,0,4,4.0,0,0,0,0,4.0,4.0,0.0,0.0,0,0
shared_2003,shared,2003,memory,2,4,0,0,0,4,4.0,0,0,0,0,4.0,4.0,0.0,0.0,0,0
shared_2003,shared,2003,memory,4,4,0,0,0,4,4.0,0,0,0,0,4.0,4.0,0.0,0.0,0,0
shared_2003,shared,2003,memory,6,4,0,0,0,4,4.0,0,0,0,0,4.0,4.0,0.0,0.0,0,0
shared_2003,shared,2003,memory,unlimited,4,0,0,0,4,4.0,0,0,0,0,4.0,4.0,0.0,0.0,0,0
shared_2003,shared,2003,uncertainty,0,4,0,0,0,4,4.0,0,0,0,0,4.0,4.0,0.0,0.0,0,0
shared_2003,shared,2003,uncertainty,1,4,0,1,0,3,3.0,1,1,0,0,4.0,3.0,1.0,1.0,0,0
shared_2003,shared,2003,uncertainty,2,4,1,4,0,0,0,2,2,0,0,4.0,0.0,4.0,4.0,0,0
shared_2003,shared,2003,uncertainty,4,4,1,4,0,0,0,2,2,0,0,4.0,0.0,4.0,4.0,0,0
shared_2003,shared,2003,uncertainty,6,4,1,4,0,0,0,2,2,0,0,4.0,0.0,4.0,4.0,0,0
shared_2003,shared,2003,uncertainty,unlimited,4,1,4,0,0,0,2,2,0,0,4.0,0.0,4.0,4.0,0,0
shared_2003,shared,2003,depth1,0,4,0,0,0,4,4.0,0,0,0,0,4.0,4.0,0.0,0.0,0,0
shared_2003,shared,2003,depth1,1,4,0,3,0,1,1.0,1,1,0,0,4.0,1.0,3.0,3.0,5,0
shared_2003,shared,2003,depth1,2,4,1,4,0,0,0,2,2,0,0,4.0,0.0,4.0,4.0,8,0
shared_2003,shared,2003,depth1,4,4,1,4,0,0,0,2,2,0,0,4.0,0.0,4.0,4.0,8,0
shared_2003,shared,2003,depth1,6,4,1,4,0,0,0,2,2,0,0,4.0,0.0,4.0,4.0,8,0
shared_2003,shared,2003,depth1,unlimited,4,1,4,0,0,0,2,2,0,0,4.0,0.0,4.0,4.0,8,0
shared_2003,shared,2003,completion,0,4,0,0,0,4,4.0,0,0,0,0,4.0,4.0,0.0,0.0,0,0
shared_2003,shared,2003,completion,1,4,0,3,0,1,1.0,1,1,0,0,4.0,1.0,3.0,3.0,0,0
shared_2003,shared,2003,completion,2,4,1,4,0,0,0,2,2,0,0,4.0,0.0,4.0,4.0,0,0
shared_2003,shared,2003,completion,4,4,1,4,0,0,0,2,2,0,0,4.0,0.0,4.0,4.0,0,0
shared_2003,shared,2003,completion,6,4,1,4,0,0,0,2,2,0,0,4.0,0.0,4.0,4.0,0,0
shared_2003,shared,2003,completion,unlimited,4,1,4,0,0,0,2,2,0,0,4.0,0.0,4.0,4.0,0,0
shared_2003,shared,2003,depth2,0,4,0,0,0,4,4.0,0,0,0,0,4.0,4.0,0.0,0.0,0,0
shared_2003,shared,2003,depth2,1,4,0,3,0,1,1.0,1,1,0,0,4.0,1.0,3.0,3.0,5,0
shared_2003,shared,2003,depth2,2,4,1,4,0,0,0,2,2,0,0,4.0,0.0,4.0,4.0,12,0
shared_2003,shared,2003,depth2,4,4,1,4,0,0,0,2,2,0,0,4.0,0.0,4.0,4.0,12,0
shared_2003,shared,2003,depth2,6,4,1,4,0,0,0,2,2,0,0,4.0,0.0,4.0,4.0,12,0
shared_2003,shared,2003,depth2,unlimited,4,1,4,0,0,0,2,2,0,0,4.0,0.0,4.0,4.0,12,0
shared_2003,shared,2003,depth3,0,4,0,0,0,4,4.0,0,0,0,0,4.0,4.0,0.0,0.0,0,0
shared_2003,shared,2003,depth3,1,4,0,3,0,1,1.0,1,1,0,0,4.0,1.0,3.0,3.0,5,0
shared_2003,shared,2003,depth3,2,4,1,4,0,0,0,2,2,0,0,4.0,0.0,4.0,4.0,12,0
shared_2003,shared,2003,depth3,4,4,1,4,0,0,0,2,2,0,0,4.0,0.0,4.0,4.0,12,0
shared_2003,shared,2003,depth3,6,4,1,4,0,0,0,2,2,0,0,4.0,0.0,4.0,4.0,12,0
shared_2003,shared,2003,depth3,unlimited,4,1,4,0,0,0,2,2,0,0,4.0,0.0,4.0,4.0,12,0
shared_2003,shared,2003,generic2,0,4,0,0,0,4,4.0,0,0,0,0,4.0,4.0,0.0,0.0,0,0
shared_2003,shared,2003,generic2,1,4,0,3,0,1,1.0,1,1,0,0,4.0,1.0,3.0,3.0,5,0
shared_2003,shared,2003,generic2,2,4,1,4,0,0,0,2,2,0,0,4.0,0.0,4.0,4.0,12,0
shared_2003,shared,2003,generic2,4,4,1,4,0,0,0,2,2,0,0,4.0,0.0,4.0,4.0,12,0
shared_2003,shared,2003,generic2,6,4,1,4,0,0,0,2,2,0,0,4.0,0.0,4.0,4.0,12,0
shared_2003,shared,2003,generic2,unlimited,4,1,4,0,0,0,2,2,0,0,4.0,0.0,4.0,4.0,12,0
shared_2003,shared,2003,no_scope,0,4,0,0,0,4,4.0,0,0,0,0,4.0,4.0,0.0,0.0,0,0
shared_2003,shared,2003,no_scope,1,4,0,3,0,1,1.0,1,1,0,0,4.0,1.0,3.0,3.0,5,0
shared_2003,shared,2003,no_scope,2,4,1,4,0,0,0,2,2,0,0,4.0,0.0,4.0,4.0,12,0
shared_2003,shared,2003,no_scope,4,4,1,4,0,0,0,2,2,0,0,4.0,0.0,4.0,4.0,12,0
shared_2003,shared,2003,no_scope,6,4,1,4,0,0,0,2,2,0,0,4.0,0.0,4.0,4.0,12,0
shared_2003,shared,2003,no_scope,unlimited,4,1,4,0,0,0,2,2,0,0,4.0,0.0,4.0,4.0,12,0
shared_2003,shared,2003,request_specific,0,4,0,0,0,4,4.0,0,0,0,0,4.0,4.0,0.0,0.0,0,0
shared_2003,shared,2003,request_specific,1,4,0,1,0,3,3.0,1,1,0,0,4.0,3.0,1.0,1.0,9,0
shared_2003,shared,2003,request_specific,2,4,0,2,0,2,2.0,2,2,0,0,4.0,2.0,2.0,2.0,40,0
shared_2003,shared,2003,request_specific,4,4,1,4,0,0,0,4,2,2,0,4.0,0.0,4.0,4.0,64,0
shared_2003,shared,2003,request_specific,6,4,1,4,0,0,0,4,2,2,0,4.0,0.0,4.0,4.0,64,0
shared_2003,shared,2003,request_specific,unlimited,4,1,4,0,0,0,4,2,2,0,4.0,0.0,4.0,4.0,64,0
complementary_2000,complementary,2000,no_review,0,4,0,0,0,4,4.0,0,0,0,0,4.0,4.0,0.0,0.0,0,0
complementary_2000,complementary,2000,no_review,1,4,0,0,0,4,4.0,0,0,0,0,4.0,4.0,0.0,0.0,0,0
complementary_2000,complementary,2000,no_review,2,4,0,0,0,4,4.0,0,0,0,0,4.0,4.0,0.0,0.0,0,0
complementary_2000,complementary,2000,no_review,4,4,0,0,0,4,4.0,0,0,0,0,4.0,4.0,0.0,0.0,0,0
complementary_2000,complementary,2000,no_review,6,4,0,0,0,4,4.0,0,0,0,0,4.0,4.0,0.0,0.0,0,0
complementary_2000,complementary,2000,no_review,unlimited,4,0,0,0,4,4.0,0,0,0,0,4.0,4.0,0.0,0.0,0,0
complementary_2000,complementary,2000,memory,0,4,0,0,0,4,4.0,0,0,0,0,4.0,4.0,0.0,0.0,0,0
complementary_2000,complementary,2000,memory,1,4,0,0,0,4,4.0,0,0,0,0,4.0,4.0,0.0,0.0,0,0
complementary_2000,complementary,2000,memory,2,4,0,0,0,4,4.0,0,0,0,0,4.0,4.0,0.0,0.0,0,0
complementary_2000,complementary,2000,memory,4,4,0,0,0,4,4.0,0,0,0,0,4.0,4.0,0.0,0.0,0,0
complementary_2000,complementary,2000,memory,6,4,0,0,0,4,4.0,0,0,0,0,4.0,4.0,0.0,0.0,0,0
complementary_2000,complementary,2000,memory,unlimited,4,0,0,0,4,4.0,0,0,0,0,4.0,4.0,0.0,0.0,0,0
complementary_2000,complementary,2000,uncertainty,0,4,0,0,0,4,4.0,0,0,0,0,4.0,4.0,0.0,0.0,0,0
complementary_2000,complementary,2000,uncertainty,1,4,0,0,0,4,4.0,1,1,0,0,4.0,4.0,0.0,0.0,0,0
complementary_2000,complementary,2000,uncertainty,2,4,0,3,0,1,1.0,2,2,0,0,4.0,1.0,3.0,3.0,0,0
complementary_2000,complementary,2000,uncertainty,4,4,1,4,0,0,0,3,3,0,0,4.0,0.0,4.0,4.0,0,0
complementary_2000,complementary,2000,uncertainty,6,4,1,4,0,0,0,3,3,0,0,4.0,0.0,4.0,4.0,0,0
complementary_2000,complementary,2000,uncertainty,unlimited,4,1,4,0,0,0,3,3,0,0,4.0,0.0,4.0,4.0,0,0
complementary_2000,complementary,2000,depth1,0,4,0,0,0,4,4.0,0,0,0,0,4.0,4.0,0.0,0.0,0,0
complementary_2000,complementary,2000,depth1,1,4,0,1,0,3,3.0,1,1,0,0,4.0,3.0,1.0,1.0,7,0
complementary_2000,complementary,2000,depth1,2,4,0,1,0,3,3.0,1,1,0,0,4.0,3.0,1.0,1.0,7,0
complementary_2000,complementary,2000,depth1,4,4,0,1,0,3,3.0,1,1,0,0,4.0,3.0,1.0,1.0,7,0
complementary_2000,complementary,2000,depth1,6,4,0,1,0,3,3.0,1,1,0,0,4.0,3.0,1.0,1.0,7,0
complementary_2000,complementary,2000,depth1,unlimited,4,0,1,0,3,3.0,1,1,0,0,4.0,3.0,1.0,1.0,7,0
complementary_2000,complementary,2000,completion,0,4,0,0,0,4,4.0,0,0,0,0,4.0,4.0,0.0,0.0,0,0
complementary_2000,complementary,2000,completion,1,4,0,1,0,3,3.0,1,1,0,0,4.0,3.0,1.0,1.0,0,0
complementary_2000,complementary,2000,completion,2,4,0,1,0,3,3.0,2,2,0,0,4.0,3.0,1.0,1.0,0,0
complementary_2000,complementary,2000,completion,4,4,1,4,0,0,0,3,3,0,0,4.0,0.0,4.0,4.0,0,0
complementary_2000,complementary,2000,completion,6,4,1,4,0,0,0,3,3,0,0,4.0,0.0,4.0,4.0,0,0
complementary_2000,complementary,2000,completion,unlimited,4,1,4,0,0,0,3,3,0,0,4.0,0.0,4.0,4.0,0,0
complementary_2000,complementary,2000,depth2,0,4,0,0,0,4,4.0,0,0,0,0,4.0,4.0,0.0,0.0,0,0
complementary_2000,complementary,2000,depth2,1,4,0,1,0,3,3.0,1,1,0,0,4.0,3.0,1.0,1.0,7,0
complementary_2000,complementary,2000,depth2,2,4,0,3,0,1,1.0,2,2,0,0,4.0,1.0,3.0,3.0,24,0
complementary_2000,complementary,2000,depth2,4,4,1,4,0,0,0,3,3,0,0,4.0,0.0,4.0,4.0,31,0
complementary_2000,complementary,2000,depth2,6,4,1,4,0,0,0,3,3,0,0,4.0,0.0,4.0,4.0,31,0
complementary_2000,complementary,2000,depth2,unlimited,4,1,4,0,0,0,3,3,0,0,4.0,0.0,4.0,4.0,31,0
complementary_2000,complementary,2000,depth3,0,4,0,0,0,4,4.0,0,0,0,0,4.0,4.0,0.0,0.0,0,0
complementary_2000,complementary,2000,depth3,1,4,0,1,0,3,3.0,1,1,0,0,4.0,3.0,1.0,1.0,7,0
complementary_2000,complementary,2000,depth3,2,4,0,3,0,1,1.0,2,2,0,0,4.0,1.0,3.0,3.0,24,0
complementary_2000,complementary,2000,depth3,4,4,1,4,0,0,0,3,3,0,0,4.0,0.0,4.0,4.0,39,0
complementary_2000,complementary,2000,depth3,6,4,1,4,0,0,0,3,3,0,0,4.0,0.0,4.0,4.0,39,0
complementary_2000,complementary,2000,depth3,unlimited,4,1,4,0,0,0,3,3,0,0,4.0,0.0,4.0,4.0,39,0
complementary_2000,complementary,2000,generic2,0,4,0,0,0,4,4.0,0,0,0,0,4.0,4.0,0.0,0.0,0,0
complementary_2000,complementary,2000,generic2,1,4,0,1,0,3,3.0,1,1,0,0,4.0,3.0,1.0,1.0,7,0
complementary_2000,complementary,2000,generic2,2,4,0,3,0,1,1.0,2,2,0,0,4.0,1.0,3.0,3.0,24,0
complementary_2000,complementary,2000,generic2,4,4,1,4,0,0,0,3,3,0,0,4.0,0.0,4.0,4.0,31,0
complementary_2000,complementary,2000,generic2,6,4,1,4,0,0,0,3,3,0,0,4.0,0.0,4.0,4.0,31,0
complementary_2000,complementary,2000,generic2,unlimited,4,1,4,0,0,0,3,3,0,0,4.0,0.0,4.0,4.0,31,0
complementary_2000,complementary,2000,no_scope,0,4,0,0,0,4,4.0,0,0,0,0,4.0,4.0,0.0,0.0,0,0
complementary_2000,complementary,2000,no_scope,1,4,0,1,0,3,3.0,1,1,0,0,4.0,3.0,1.0,1.0,7,0
complementary_2000,complementary,2000,no_scope,2,4,0,3,0,1,1.0,2,2,0,0,4.0,1.0,3.0,3.0,24,0
complementary_2000,complementary,2000,no_scope,4,4,1,4,0,0,0,3,3,0,0,4.0,0.0,4.0,4.0,31,0
complementary_2000,complementary,2000,no_scope,6,4,1,4,0,0,0,3,3,0,0,4.0,0.0,4.0,4.0,31,0
complementary_2000,complementary,2000,no_scope,unlimited,4,1,4,0,0,0,3,3,0,0,4.0,0.0,4.0,4.0,31,0
complementary_2000,complementary,2000,request_specific,0,4,0,0,0,4,4.0,0,0,0,0,4.0,4.0,0.0,0.0,0,0
complementary_2000,complementary,2000,request_specific,1,4,0,1,0,3,3.0,1,1,0,0,4.0,3.0,1.0,1.0,15,0
complementary_2000,complementary,2000,request_specific,2,4,0,1,0,3,3.0,1,1,0,0,4.0,3.0,1.0,1.0,99,0
complementary_2000,complementary,2000,request_specific,4,4,0,2,0,2,2.0,3,3,0,0,4.0,2.0,2.0,2.0,223,0
complementary_2000,complementary,2000,request_specific,6,4,0,3,0,1,1.0,5,3,2,0,4.0,1.0,3.0,3.0,275,0
complementary_2000,complementary,2000,request_specific,unlimited,4,1,4,0,0,0,7,3,4,0,4.0,0.0,4.0,4.0,287,0
complementary_2001,complementary,2001,no_review,0,4,0,0,0,4,4.0,0,0,0,0,4.0,4.0,0.0,0.0,0,0
complementary_2001,complementary,2001,no_review,1,4,0,0,0,4,4.0,0,0,0,0,4.0,4.0,0.0,0.0,0,0
complementary_2001,complementary,2001,no_review,2,4,0,0,0,4,4.0,0,0,0,0,4.0,4.0,0.0,0.0,0,0
complementary_2001,complementary,2001,no_review,4,4,0,0,0,4,4.0,0,0,0,0,4.0,4.0,0.0,0.0,0,0
complementary_2001,complementary,2001,no_review,6,4,0,0,0,4,4.0,0,0,0,0,4.0,4.0,0.0,0.0,0,0
complementary_2001,complementary,2001,no_review,unlimited,4,0,0,0,4,4.0,0,0,0,0,4.0,4.0,0.0,0.0,0,0
complementary_2001,complementary,2001,memory,0,4,0,0,0,4,4.0,0,0,0,0,4.0,4.0,0.0,0.0,0,0
complementary_2001,complementary,2001,memory,1,4,0,0,0,4,4.0,0,0,0,0,4.0,4.0,0.0,0.0,0,0
complementary_2001,complementary,2001,memory,2,4,0,0,0,4,4.0,0,0,0,0,4.0,4.0,0.0,0.0,0,0
complementary_2001,complementary,2001,memory,4,4,0,0,0,4,4.0,0,0,0,0,4.0,4.0,0.0,0.0,0,0
complementary_2001,complementary,2001,memory,6,4,0,0,0,4,4.0,0,0,0,0,4.0,4.0,0.0,0.0,0,0
complementary_2001,complementary,2001,memory,unlimited,4,0,0,0,4,4.0,0,0,0,0,4.0,4.0,0.0,0.0,0,0
complementary_2001,complementary,2001,uncertainty,0,4,0,0,0,4,4.0,0,0,0,0,4.0,4.0,0.0,0.0,0,0
complementary_2001,complementary,2001,uncertainty,1,4,0,0,0,4,4.0,1,1,0,0,4.0,4.0,0.0,0.0,0,0
complementary_2001,complementary,2001,uncertainty,2,4,0,3,0,1,1.0,2,2,0,0,4.0,1.0,3.0,3.0,0,0
complementary_2001,complementary,2001,uncertainty,4,4,1,4,0,0,0,3,3,0,0,4.0,0.0,4.0,4.0,0,0
complementary_2001,complementary,2001,uncertainty,6,4,1,4,0,0,0,3,3,0,0,4.0,0.0,4.0,4.0,0,0
complementary_2001,complementary,2001,uncertainty,unlimited,4,1,4,0,0,0,3,3,0,0,4.0,0.0,4.0,4.0,0,0
complementary_2001,complementary,2001,depth1,0,4,0,0,0,4,4.0,0,0,0,0,4.0,4.0,0.0,0.0,0,0
complementary_2001,complementary,2001,depth1,1,4,0,1,0,3,3.0,1,1,0,0,4.0,3.0,1.0,1.0,7,0
complementary_2001,complementary,2001,depth1,2,4,0,1,0,3,3.0,1,1,0,0,4.0,3.0,1.0,1.0,7,0
complementary_2001,complementary,2001,depth1,4,4,0,1,0,3,3.0,1,1,0,0,4.0,3.0,1.0,1.0,7,0
complementary_2001,complementary,2001,depth1,6,4,0,1,0,3,3.0,1,1,0,0,4.0,3.0,1.0,1.0,7,0
complementary_2001,complementary,2001,depth1,unlimited,4,0,1,0,3,3.0,1,1,0,0,4.0,3.0,1.0,1.0,7,0
complementary_2001,complementary,2001,completion,0,4,0,0,0,4,4.0,0,0,0,0,4.0,4.0,0.0,0.0,0,0
complementary_2001,complementary,2001,completion,1,4,0,1,0,3,3.0,1,1,0,0,4.0,3.0,1.0,1.0,0,0
complementary_2001,complementary,2001,completion,2,4,0,1,0,3,3.0,2,2,0,0,4.0,3.0,1.0,1.0,0,0
complementary_2001,complementary,2001,completion,4,4,1,4,0,0,0,3,3,0,0,4.0,0.0,4.0,4.0,0,0
complementary_2001,complementary,2001,completion,6,4,1,4,0,0,0,3,3,0,0,4.0,0.0,4.0,4.0,0,0
complementary_2001,complementary,2001,completion,unlimited,4,1,4,0,0,0,3,3,0,0,4.0,0.0,4.0,4.0,0,0
complementary_2001,complementary,2001,depth2,0,4,0,0,0,4,4.0,0,0,0,0,4.0,4.0,0.0,0.0,0,0
complementary_2001,complementary,2001,depth2,1,4,0,1,0,3,3.0,1,1,0,0,4.0,3.0,1.0,1.0,7,0
complementary_2001,complementary,2001,depth2,2,4,0,3,0,1,1.0,2,2,0,0,4.0,1.0,3.0,3.0,24,0
complementary_2001,complementary,2001,depth2,4,4,1,4,0,0,0,3,3,0,0,4.0,0.0,4.0,4.0,31,0
complementary_2001,complementary,2001,depth2,6,4,1,4,0,0,0,3,3,0,0,4.0,0.0,4.0,4.0,31,0
complementary_2001,complementary,2001,depth2,unlimited,4,1,4,0,0,0,3,3,0,0,4.0,0.0,4.0,4.0,31,0
complementary_2001,complementary,2001,depth3,0,4,0,0,0,4,4.0,0,0,0,0,4.0,4.0,0.0,0.0,0,0
complementary_2001,complementary,2001,depth3,1,4,0,1,0,3,3.0,1,1,0,0,4.0,3.0,1.0,1.0,7,0
complementary_2001,complementary,2001,depth3,2,4,0,3,0,1,1.0,2,2,0,0,4.0,1.0,3.0,3.0,24,0
complementary_2001,complementary,2001,depth3,4,4,1,4,0,0,0,3,3,0,0,4.0,0.0,4.0,4.0,39,0
complementary_2001,complementary,2001,depth3,6,4,1,4,0,0,0,3,3,0,0,4.0,0.0,4.0,4.0,39,0
complementary_2001,complementary,2001,depth3,unlimited,4,1,4,0,0,0,3,3,0,0,4.0,0.0,4.0,4.0,39,0
complementary_2001,complementary,2001,generic2,0,4,0,0,0,4,4.0,0,0,0,0,4.0,4.0,0.0,0.0,0,0
complementary_2001,complementary,2001,generic2,1,4,0,1,0,3,3.0,1,1,0,0,4.0,3.0,1.0,1.0,7,0
complementary_2001,complementary,2001,generic2,2,4,0,3,0,1,1.0,2,2,0,0,4.0,1.0,3.0,3.0,24,0
complementary_2001,complementary,2001,generic2,4,4,1,4,0,0,0,3,3,0,0,4.0,0.0,4.0,4.0,31,0
complementary_2001,complementary,2001,generic2,6,4,1,4,0,0,0,3,3,0,0,4.0,0.0,4.0,4.0,31,0
complementary_2001,complementary,2001,generic2,unlimited,4,1,4,0,0,0,3,3,0,0,4.0,0.0,4.0,4.0,31,0
complementary_2001,complementary,2001,no_scope,0,4,0,0,0,4,4.0,0,0,0,0,4.0,4.0,0.0,0.0,0,0
complementary_2001,complementary,2001,no_scope,1,4,0,1,0,3,3.0,1,1,0,0,4.0,3.0,1.0,1.0,7,0
complementary_2001,complementary,2001,no_scope,2,4,0,3,0,1,1.0,2,2,0,0,4.0,1.0,3.0,3.0,24,0
complementary_2001,complementary,2001,no_scope,4,4,1,4,0,0,0,3,3,0,0,4.0,0.0,4.0,4.0,31,0
complementary_2001,complementary,2001,no_scope,6,4,1,4,0,0,0,3,3,0,0,4.0,0.0,4.0,4.0,31,0
complementary_2001,complementary,2001,no_scope,unlimited,4,1,4,0,0,0,3,3,0,0,4.0,0.0,4.0,4.0,31,0
complementary_2001,complementary,2001,request_specific,0,4,0,0,0,4,4.0,0,0,0,0,4.0,4.0,0.0,0.0,0,0
complementary_2001,complementary,2001,request_specific,1,4,0,1,0,3,3.0,1,1,0,0,4.0,3.0,1.0,1.0,15,0
complementary_2001,complementary,2001,request_specific,2,4,0,1,0,3,3.0,1,1,0,0,4.0,3.0,1.0,1.0,99,0
complementary_2001,complementary,2001,request_specific,4,4,0,2,0,2,2.0,3,3,0,0,4.0,2.0,2.0,2.0,223,0
complementary_2001,complementary,2001,request_specific,6,4,0,3,0,1,1.0,5,3,2,0,4.0,1.0,3.0,3.0,275,0
complementary_2001,complementary,2001,request_specific,unlimited,4,1,4,0,0,0,7,3,4,0,4.0,0.0,4.0,4.0,287,0
complementary_2002,complementary,2002,no_review,0,4,0,0,0,4,4.0,0,0,0,0,4.0,4.0,0.0,0.0,0,0
complementary_2002,complementary,2002,no_review,1,4,0,0,0,4,4.0,0,0,0,0,4.0,4.0,0.0,0.0,0,0
complementary_2002,complementary,2002,no_review,2,4,0,0,0,4,4.0,0,0,0,0,4.0,4.0,0.0,0.0,0,0
complementary_2002,complementary,2002,no_review,4,4,0,0,0,4,4.0,0,0,0,0,4.0,4.0,0.0,0.0,0,0
complementary_2002,complementary,2002,no_review,6,4,0,0,0,4,4.0,0,0,0,0,4.0,4.0,0.0,0.0,0,0
complementary_2002,complementary,2002,no_review,unlimited,4,0,0,0,4,4.0,0,0,0,0,4.0,4.0,0.0,0.0,0,0
complementary_2002,complementary,2002,memory,0,4,0,0,0,4,4.0,0,0,0,0,4.0,4.0,0.0,0.0,0,0
complementary_2002,complementary,2002,memory,1,4,0,0,0,4,4.0,0,0,0,0,4.0,4.0,0.0,0.0,0,0
complementary_2002,complementary,2002,memory,2,4,0,0,0,4,4.0,0,0,0,0,4.0,4.0,0.0,0.0,0,0
complementary_2002,complementary,2002,memory,4,4,0,0,0,4,4.0,0,0,0,0,4.0,4.0,0.0,0.0,0,0
complementary_2002,complementary,2002,memory,6,4,0,0,0,4,4.0,0,0,0,0,4.0,4.0,0.0,0.0,0,0
complementary_2002,complementary,2002,memory,unlimited,4,0,0,0,4,4.0,0,0,0,0,4.0,4.0,0.0,0.0,0,0
complementary_2002,complementary,2002,uncertainty,0,4,0,0,0,4,4.0,0,0,0,0,4.0,4.0,0.0,0.0,0,0
complementary_2002,complementary,2002,uncertainty,1,4,0,0,0,4,4.0,1,1,0,0,4.0,4.0,0.0,0.0,0,0
complementary_2002,complementary,2002,uncertainty,2,4,0,3,0,1,1.0,2,2,0,0,4.0,1.0,3.0,3.0,0,0
complementary_2002,complementary,2002,uncertainty,4,4,1,4,0,0,0,3,3,0,0,4.0,0.0,4.0,4.0,0,0
complementary_2002,complementary,2002,uncertainty,6,4,1,4,0,0,0,3,3,0,0,4.0,0.0,4.0,4.0,0,0
complementary_2002,complementary,2002,uncertainty,unlimited,4,1,4,0,0,0,3,3,0,0,4.0,0.0,4.0,4.0,0,0
complementary_2002,complementary,2002,depth1,0,4,0,0,0,4,4.0,0,0,0,0,4.0,4.0,0.0,0.0,0,0
complementary_2002,complementary,2002,depth1,1,4,0,1,0,3,3.0,1,1,0,0,4.0,3.0,1.0,1.0,7,0
complementary_2002,complementary,2002,depth1,2,4,0,1,0,3,3.0,1,1,0,0,4.0,3.0,1.0,1.0,7,0
complementary_2002,complementary,2002,depth1,4,4,0,1,0,3,3.0,1,1,0,0,4.0,3.0,1.0,1.0,7,0
complementary_2002,complementary,2002,depth1,6,4,0,1,0,3,3.0,1,1,0,0,4.0,3.0,1.0,1.0,7,0
complementary_2002,complementary,2002,depth1,unlimited,4,0,1,0,3,3.0,1,1,0,0,4.0,3.0,1.0,1.0,7,0
complementary_2002,complementary,2002,completion,0,4,0,0,0,4,4.0,0,0,0,0,4.0,4.0,0.0,0.0,0,0
complementary_2002,complementary,2002,completion,1,4,0,1,0,3,3.0,1,1,0,0,4.0,3.0,1.0,1.0,0,0
complementary_2002,complementary,2002,completion,2,4,0,1,0,3,3.0,2,2,0,0,4.0,3.0,1.0,1.0,0,0
complementary_2002,complementary,2002,completion,4,4,1,4,0,0,0,3,3,0,0,4.0,0.0,4.0,4.0,0,0
complementary_2002,complementary,2002,completion,6,4,1,4,0,0,0,3,3,0,0,4.0,0.0,4.0,4.0,0,0
complementary_2002,complementary,2002,completion,unlimited,4,1,4,0,0,0,3,3,0,0,4.0,0.0,4.0,4.0,0,0
complementary_2002,complementary,2002,depth2,0,4,0,0,0,4,4.0,0,0,0,0,4.0,4.0,0.0,0.0,0,0
complementary_2002,complementary,2002,depth2,1,4,0,1,0,3,3.0,1,1,0,0,4.0,3.0,1.0,1.0,7,0
complementary_2002,complementary,2002,depth2,2,4,0,3,0,1,1.0,2,2,0,0,4.0,1.0,3.0,3.0,24,0
complementary_2002,complementary,2002,depth2,4,4,1,4,0,0,0,3,3,0,0,4.0,0.0,4.0,4.0,31,0
complementary_2002,complementary,2002,depth2,6,4,1,4,0,0,0,3,3,0,0,4.0,0.0,4.0,4.0,31,0
complementary_2002,complementary,2002,depth2,unlimited,4,1,4,0,0,0,3,3,0,0,4.0,0.0,4.0,4.0,31,0
complementary_2002,complementary,2002,depth3,0,4,0,0,0,4,4.0,0,0,0,0,4.0,4.0,0.0,0.0,0,0
complementary_2002,complementary,2002,depth3,1,4,0,1,0,3,3.0,1,1,0,0,4.0,3.0,1.0,1.0,7,0
complementary_2002,complementary,2002,depth3,2,4,0,3,0,1,1.0,2,2,0,0,4.0,1.0,3.0,3.0,24,0
complementary_2002,complementary,2002,depth3,4,4,1,4,0,0,0,3,3,0,0,4.0,0.0,4.0,4.0,39,0
complementary_2002,complementary,2002,depth3,6,4,1,4,0,0,0,3,3,0,0,4.0,0.0,4.0,4.0,39,0
complementary_2002,complementary,2002,depth3,unlimited,4,1,4,0,0,0,3,3,0,0,4.0,0.0,4.0,4.0,39,0
complementary_2002,complementary,2002,generic2,0,4,0,0,0,4,4.0,0,0,0,0,4.0,4.0,0.0,0.0,0,0
complementary_2002,complementary,2002,generic2,1,4,0,1,0,3,3.0,1,1,0,0,4.0,3.0,1.0,1.0,7,0
complementary_2002,complementary,2002,generic2,2,4,0,3,0,1,1.0,2,2,0,0,4.0,1.0,3.0,3.0,24,0
complementary_2002,complementary,2002,generic2,4,4,1,4,0,0,0,3,3,0,0,4.0,0.0,4.0,4.0,31,0
complementary_2002,complementary,2002,generic2,6,4,1,4,0,0,0,3,3,0,0,4.0,0.0,4.0,4.0,31,0
complementary_2002,complementary,2002,generic2,unlimited,4,1,4,0,0,0,3,3,0,0,4.0,0.0,4.0,4.0,31,0
complementary_2002,complementary,2002,no_scope,0,4,0,0,0,4,4.0,0,0,0,0,4.0,4.0,0.0,0.0,0,0
complementary_2002,complementary,2002,no_scope,1,4,0,1,0,3,3.0,1,1,0,0,4.0,3.0,1.0,1.0,7,0
complementary_2002,complementary,2002,no_scope,2,4,0,3,0,1,1.0,2,2,0,0,4.0,1.0,3.0,3.0,24,0
complementary_2002,complementary,2002,no_scope,4,4,1,4,0,0,0,3,3,0,0,4.0,0.0,4.0,4.0,31,0
complementary_2002,complementary,2002,no_scope,6,4,1,4,0,0,0,3,3,0,0,4.0,0.0,4.0,4.0,31,0
complementary_2002,complementary,2002,no_scope,unlimited,4,1,4,0,0,0,3,3,0,0,4.0,0.0,4.0,4.0,31,0
complementary_2002,complementary,2002,request_specific,0,4,0,0,0,4,4.0,0,0,0,0,4.0,4.0,0.0,0.0,0,0
complementary_2002,complementary,2002,request_specific,1,4,0,1,0,3,3.0,1,1,0,0,4.0,3.0,1.0,1.0,15,0
complementary_2002,complementary,2002,request_specific,2,4,0,1,0,3,3.0,1,1,0,0,4.0,3.0,1.0,1.0,99,0
complementary_2002,complementary,2002,request_specific,4,4,0,2,0,2,2.0,3,3,0,0,4.0,2.0,2.0,2.0,223,0
complementary_2002,complementary,2002,request_specific,6,4,0,3,0,1,1.0,5,3,2,0,4.0,1.0,3.0,3.0,275,0
complementary_2002,complementary,2002,request_specific,unlimited,4,1,4,0,0,0,7,3,4,0,4.0,0.0,4.0,4.0,287,0
complementary_2003,complementary,2003,no_review,0,4,0,0,0,4,4.0,0,0,0,0,4.0,4.0,0.0,0.0,0,0
complementary_2003,complementary,2003,no_review,1,4,0,0,0,4,4.0,0,0,0,0,4.0,4.0,0.0,0.0,0,0
complementary_2003,complementary,2003,no_review,2,4,0,0,0,4,4.0,0,0,0,0,4.0,4.0,0.0,0.0,0,0
complementary_2003,complementary,2003,no_review,4,4,0,0,0,4,4.0,0,0,0,0,4.0,4.0,0.0,0.0,0,0
complementary_2003,complementary,2003,no_review,6,4,0,0,0,4,4.0,0,0,0,0,4.0,4.0,0.0,0.0,0,0
complementary_2003,complementary,2003,no_review,unlimited,4,0,0,0,4,4.0,0,0,0,0,4.0,4.0,0.0,0.0,0,0
complementary_2003,complementary,2003,memory,0,4,0,0,0,4,4.0,0,0,0,0,4.0,4.0,0.0,0.0,0,0
complementary_2003,complementary,2003,memory,1,4,0,0,0,4,4.0,0,0,0,0,4.0,4.0,0.0,0.0,0,0
complementary_2003,complementary,2003,memory,2,4,0,0,0,4,4.0,0,0,0,0,4.0,4.0,0.0,0.0,0,0
complementary_2003,complementary,2003,memory,4,4,0,0,0,4,4.0,0,0,0,0,4.0,4.0,0.0,0.0,0,0
complementary_2003,complementary,2003,memory,6,4,0,0,0,4,4.0,0,0,0,0,4.0,4.0,0.0,0.0,0,0
complementary_2003,complementary,2003,memory,unlimited,4,0,0,0,4,4.0,0,0,0,0,4.0,4.0,0.0,0.0,0,0
complementary_2003,complementary,2003,uncertainty,0,4,0,0,0,4,4.0,0,0,0,0,4.0,4.0,0.0,0.0,0,0
complementary_2003,complementary,2003,uncertainty,1,4,0,0,0,4,4.0,1,1,0,0,4.0,4.0,0.0,0.0,0,0
complementary_2003,complementary,2003,uncertainty,2,4,0,3,0,1,1.0,2,2,0,0,4.0,1.0,3.0,3.0,0,0
complementary_2003,complementary,2003,uncertainty,4,4,1,4,0,0,0,3,3,0,0,4.0,0.0,4.0,4.0,0,0
complementary_2003,complementary,2003,uncertainty,6,4,1,4,0,0,0,3,3,0,0,4.0,0.0,4.0,4.0,0,0
complementary_2003,complementary,2003,uncertainty,unlimited,4,1,4,0,0,0,3,3,0,0,4.0,0.0,4.0,4.0,0,0
complementary_2003,complementary,2003,depth1,0,4,0,0,0,4,4.0,0,0,0,0,4.0,4.0,0.0,0.0,0,0
complementary_2003,complementary,2003,depth1,1,4,0,1,0,3,3.0,1,1,0,0,4.0,3.0,1.0,1.0,7,0
complementary_2003,complementary,2003,depth1,2,4,0,1,0,3,3.0,1,1,0,0,4.0,3.0,1.0,1.0,7,0
complementary_2003,complementary,2003,depth1,4,4,0,1,0,3,3.0,1,1,0,0,4.0,3.0,1.0,1.0,7,0
complementary_2003,complementary,2003,depth1,6,4,0,1,0,3,3.0,1,1,0,0,4.0,3.0,1.0,1.0,7,0
complementary_2003,complementary,2003,depth1,unlimited,4,0,1,0,3,3.0,1,1,0,0,4.0,3.0,1.0,1.0,7,0
complementary_2003,complementary,2003,completion,0,4,0,0,0,4,4.0,0,0,0,0,4.0,4.0,0.0,0.0,0,0
complementary_2003,complementary,2003,completion,1,4,0,1,0,3,3.0,1,1,0,0,4.0,3.0,1.0,1.0,0,0
complementary_2003,complementary,2003,completion,2,4,0,1,0,3,3.0,2,2,0,0,4.0,3.0,1.0,1.0,0,0
complementary_2003,complementary,2003,completion,4,4,1,4,0,0,0,3,3,0,0,4.0,0.0,4.0,4.0,0,0
complementary_2003,complementary,2003,completion,6,4,1,4,0,0,0,3,3,0,0,4.0,0.0,4.0,4.0,0,0
complementary_2003,complementary,2003,completion,unlimited,4,1,4,0,0,0,3,3,0,0,4.0,0.0,4.0,4.0,0,0
complementary_2003,complementary,2003,depth2,0,4,0,0,0,4,4.0,0,0,0,0,4.0,4.0,0.0,0.0,0,0
complementary_2003,complementary,2003,depth2,1,4,0,1,0,3,3.0,1,1,0,0,4.0,3.0,1.0,1.0,7,0
complementary_2003,complementary,2003,depth2,2,4,0,3,0,1,1.0,2,2,0,0,4.0,1.0,3.0,3.0,24,0
complementary_2003,complementary,2003,depth2,4,4,1,4,0,0,0,3,3,0,0,4.0,0.0,4.0,4.0,31,0
complementary_2003,complementary,2003,depth2,6,4,1,4,0,0,0,3,3,0,0,4.0,0.0,4.0,4.0,31,0
complementary_2003,complementary,2003,depth2,unlimited,4,1,4,0,0,0,3,3,0,0,4.0,0.0,4.0,4.0,31,0
complementary_2003,complementary,2003,depth3,0,4,0,0,0,4,4.0,0,0,0,0,4.0,4.0,0.0,0.0,0,0
complementary_2003,complementary,2003,depth3,1,4,0,1,0,3,3.0,1,1,0,0,4.0,3.0,1.0,1.0,7,0
complementary_2003,complementary,2003,depth3,2,4,0,3,0,1,1.0,2,2,0,0,4.0,1.0,3.0,3.0,24,0
complementary_2003,complementary,2003,depth3,4,4,1,4,0,0,0,3,3,0,0,4.0,0.0,4.0,4.0,39,0
complementary_2003,complementary,2003,depth3,6,4,1,4,0,0,0,3,3,0,0,4.0,0.0,4.0,4.0,39,0
complementary_2003,complementary,2003,depth3,unlimited,4,1,4,0,0,0,3,3,0,0,4.0,0.0,4.0,4.0,39,0
complementary_2003,complementary,2003,generic2,0,4,0,0,0,4,4.0,0,0,0,0,4.0,4.0,0.0,0.0,0,0
complementary_2003,complementary,2003,generic2,1,4,0,1,0,3,3.0,1,1,0,0,4.0,3.0,1.0,1.0,7,0
complementary_2003,complementary,2003,generic2,2,4,0,3,0,1,1.0,2,2,0,0,4.0,1.0,3.0,3.0,24,0
complementary_2003,complementary,2003,generic2,4,4,1,4,0,0,0,3,3,0,0,4.0,0.0,4.0,4.0,31,0
complementary_2003,complementary,2003,generic2,6,4,1,4,0,0,0,3,3,0,0,4.0,0.0,4.0,4.0,31,0
complementary_2003,complementary,2003,generic2,unlimited,4,1,4,0,0,0,3,3,0,0,4.0,0.0,4.0,4.0,31,0
complementary_2003,complementary,2003,no_scope,0,4,0,0,0,4,4.0,0,0,0,0,4.0,4.0,0.0,0.0,0,0
complementary_2003,complementary,2003,no_scope,1,4,0,1,0,3,3.0,1,1,0,0,4.0,3.0,1.0,1.0,7,0
complementary_2003,complementary,2003,no_scope,2,4,0,3,0,1,1.0,2,2,0,0,4.0,1.0,3.0,3.0,24,0
complementary_2003,complementary,2003,no_scope,4,4,1,4,0,0,0,3,3,0,0,4.0,0.0,4.0,4.0,31,0
complementary_2003,complementary,2003,no_scope,6,4,1,4,0,0,0,3,3,0,0,4.0,0.0,4.0,4.0,31,0
complementary_2003,complementary,2003,no_scope,unlimited,4,1,4,0,0,0,3,3,0,0,4.0,0.0,4.0,4.0,31,0
complementary_2003,complementary,2003,request_specific,0,4,0,0,0,4,4.0,0,0,0,0,4.0,4.0,0.0,0.0,0,0
complementary_2003,complementary,2003,request_specific,1,4,0,1,0,3,3.0,1,1,0,0,4.0,3.0,1.0,1.0,15,0
complementary_2003,complementary,2003,request_specific,2,4,0,1,0,3,3.0,1,1,0,0,4.0,3.0,1.0,1.0,99,0
complementary_2003,complementary,2003,request_specific,4,4,0,2,0,2,2.0,3,3,0,0,4.0,2.0,2.0,2.0,223,0
complementary_2003,complementary,2003,request_specific,6,4,0,3,0,1,1.0,5,3,2,0,4.0,1.0,3.0,3.0,275,0
complementary_2003,complementary,2003,request_specific,unlimited,4,1,4,0,0,0,7,3,4,0,4.0,0.0,4.0,4.0,287,0
mixed_2000,mixed,2000,no_review,0,5,0,0,0,5,5.0,0,0,0,0,5.0,5.0,0.0,0.0,0,0
mixed_2000,mixed,2000,no_review,1,5,0,0,0,5,5.0,0,0,0,0,5.0,5.0,0.0,0.0,0,0
mixed_2000,mixed,2000,no_review,2,5,0,0,0,5,5.0,0,0,0,0,5.0,5.0,0.0,0.0,0,0
mixed_2000,mixed,2000,no_review,4,5,0,0,0,5,5.0,0,0,0,0,5.0,5.0,0.0,0.0,0,0
mixed_2000,mixed,2000,no_review,6,5,0,0,0,5,5.0,0,0,0,0,5.0,5.0,0.0,0.0,0,0
mixed_2000,mixed,2000,no_review,unlimited,5,0,0,0,5,5.0,0,0,0,0,5.0,5.0,0.0,0.0,0,0
mixed_2000,mixed,2000,memory,0,5,0,0,0,5,5.0,0,0,0,0,5.0,5.0,0.0,0.0,0,0
mixed_2000,mixed,2000,memory,1,5,0,0,0,5,5.0,0,0,0,0,5.0,5.0,0.0,0.0,0,0
mixed_2000,mixed,2000,memory,2,5,0,0,0,5,5.0,0,0,0,0,5.0,5.0,0.0,0.0,0,0
mixed_2000,mixed,2000,memory,4,5,0,0,0,5,5.0,0,0,0,0,5.0,5.0,0.0,0.0,0,0
mixed_2000,mixed,2000,memory,6,5,0,0,0,5,5.0,0,0,0,0,5.0,5.0,0.0,0.0,0,0
mixed_2000,mixed,2000,memory,unlimited,5,0,0,0,5,5.0,0,0,0,0,5.0,5.0,0.0,0.0,0,0
mixed_2000,mixed,2000,uncertainty,0,5,0,0,0,5,5.0,0,0,0,0,5.0,5.0,0.0,0.0,0,0
mixed_2000,mixed,2000,uncertainty,1,5,0,0,0,5,5.0,1,1,0,0,5.0,5.0,0.0,0.0,0,0
mixed_2000,mixed,2000,uncertainty,2,5,0,3,0,2,2.0,2,2,0,0,5.0,2.0,3.0,3.0,0,0
mixed_2000,mixed,2000,uncertainty,4,5,1,5,0,0,0,4,4,0,0,5.0,0.0,5.0,5.0,0,0
mixed_2000,mixed,2000,uncertainty,6,5,1,5,0,0,0,4,4,0,0,5.0,0.0,5.0,5.0,0,0
mixed_2000,mixed,2000,uncertainty,unlimited,5,1,5,0,0,0,4,4,0,0,5.0,0.0,5.0,5.0,0,0
mixed_2000,mixed,2000,depth1,0,5,0,0,0,5,5.0,0,0,0,0,5.0,5.0,0.0,0.0,0,0
mixed_2000,mixed,2000,depth1,1,5,0,1,0,4,4.0,1,1,0,0,5.0,4.0,1.0,1.0,9,0
mixed_2000,mixed,2000,depth1,2,5,0,1,0,4,4.0,1,1,0,0,5.0,4.0,1.0,1.0,9,0
mixed_2000,mixed,2000,depth1,4,5,0,1,0,4,4.0,1,1,0,0,5.0,4.0,1.0,1.0,9,0
mixed_2000,mixed,2000,depth1,6,5,0,1,0,4,4.0,1,1,0,0,5.0,4.0,1.0,1.0,9,0
mixed_2000,mixed,2000,depth1,unlimited,5,0,1,0,4,4.0,1,1,0,0,5.0,4.0,1.0,1.0,9,0
mixed_2000,mixed,2000,completion,0,5,0,0,0,5,5.0,0,0,0,0,5.0,5.0,0.0,0.0,0,0
mixed_2000,mixed,2000,completion,1,5,0,1,0,4,4.0,1,1,0,0,5.0,4.0,1.0,1.0,0,0
mixed_2000,mixed,2000,completion,2,5,0,1,0,4,4.0,2,2,0,0,5.0,4.0,1.0,1.0,0,0
mixed_2000,mixed,2000,completion,4,5,1,5,0,0,0,4,4,0,0,5.0,0.0,5.0,5.0,0,0
mixed_2000,mixed,2000,completion,6,5,1,5,0,0,0,4,4,0,0,5.0,0.0,5.0,5.0,0,0
mixed_2000,mixed,2000,completion,unlimited,5,1,5,0,0,0,4,4,0,0,5.0,0.0,5.0,5.0,0,0
mixed_2000,mixed,2000,depth2,0,5,0,0,0,5,5.0,0,0,0,0,5.0,5.0,0.0,0.0,0,0
mixed_2000,mixed,2000,depth2,1,5,0,1,0,4,4.0,1,1,0,0,5.0,4.0,1.0,1.0,9,0
mixed_2000,mixed,2000,depth2,2,5,0,3,0,2,2.0,2,2,0,0,5.0,2.0,3.0,3.0,40,0
mixed_2000,mixed,2000,depth2,4,5,1,5,0,0,0,4,4,0,0,5.0,0.0,5.0,5.0,64,0
mixed_2000,mixed,2000,depth2,6,5,1,5,0,0,0,4,4,0,0,5.0,0.0,5.0,5.0,64,0
mixed_2000,mixed,2000,depth2,unlimited,5,1,5,0,0,0,4,4,0,0,5.0,0.0,5.0,5.0,64,0
mixed_2000,mixed,2000,depth3,0,5,0,0,0,5,5.0,0,0,0,0,5.0,5.0,0.0,0.0,0,0
mixed_2000,mixed,2000,depth3,1,5,0,1,0,4,4.0,1,1,0,0,5.0,4.0,1.0,1.0,9,0
mixed_2000,mixed,2000,depth3,2,5,0,3,0,2,2.0,2,2,0,0,5.0,2.0,3.0,3.0,40,0
mixed_2000,mixed,2000,depth3,4,5,1,5,0,0,0,4,4,0,0,5.0,0.0,5.0,5.0,104,0
mixed_2000,mixed,2000,depth3,6,5,1,5,0,0,0,4,4,0,0,5.0,0.0,5.0,5.0,104,0
mixed_2000,mixed,2000,depth3,unlimited,5,1,5,0,0,0,4,4,0,0,5.0,0.0,5.0,5.0,104,0
mixed_2000,mixed,2000,generic2,0,5,0,0,0,5,5.0,0,0,0,0,5.0,5.0,0.0,0.0,0,0
mixed_2000,mixed,2000,generic2,1,5,0,1,0,4,4.0,1,1,0,0,5.0,4.0,1.0,1.0,9,0
mixed_2000,mixed,2000,generic2,2,5,0,3,0,2,2.0,2,2,0,0,5.0,2.0,3.0,3.0,40,0
mixed_2000,mixed,2000,generic2,4,5,1,5,0,0,0,4,4,0,0,5.0,0.0,5.0,5.0,64,0
mixed_2000,mixed,2000,generic2,6,5,1,5,0,0,0,4,4,0,0,5.0,0.0,5.0,5.0,64,0
mixed_2000,mixed,2000,generic2,unlimited,5,1,5,0,0,0,4,4,0,0,5.0,0.0,5.0,5.0,64,0
mixed_2000,mixed,2000,no_scope,0,5,0,0,0,5,5.0,0,0,0,0,5.0,5.0,0.0,0.0,0,0
mixed_2000,mixed,2000,no_scope,1,5,0,1,0,4,4.0,1,1,0,0,5.0,4.0,1.0,1.0,9,0
mixed_2000,mixed,2000,no_scope,2,5,0,3,0,2,2.0,2,2,0,0,5.0,2.0,3.0,3.0,40,0
mixed_2000,mixed,2000,no_scope,4,5,1,5,0,0,0,4,4,0,0,5.0,0.0,5.0,5.0,64,0
mixed_2000,mixed,2000,no_scope,6,5,1,5,0,0,0,4,4,0,0,5.0,0.0,5.0,5.0,64,0
mixed_2000,mixed,2000,no_scope,unlimited,5,1,5,0,0,0,4,4,0,0,5.0,0.0,5.0,5.0,64,0
mixed_2000,mixed,2000,request_specific,0,5,0,0,0,5,5.0,0,0,0,0,5.0,5.0,0.0,0.0,0,0
mixed_2000,mixed,2000,request_specific,1,5,0,1,0,4,4.0,1,1,0,0,5.0,4.0,1.0,1.0,17,0
mixed_2000,mixed,2000,request_specific,2,5,0,1,0,4,4.0,1,1,0,0,5.0,4.0,1.0,1.0,161,0
mixed_2000,mixed,2000,request_specific,4,5,0,2,0,3,3.0,3,3,0,0,5.0,3.0,2.0,2.0,389,0
mixed_2000,mixed,2000,request_specific,6,5,0,3,0,2,2.0,5,4,1,0,5.0,2.0,3.0,3.0,513,0
mixed_2000,mixed,2000,request_specific,unlimited,5,1,5,0,0,0,9,4,5,0,5.0,0.0,5.0,5.0,577,0
mixed_2001,mixed,2001,no_review,0,5,0,0,0,5,5.0,0,0,0,0,5.0,5.0,0.0,0.0,0,0
mixed_2001,mixed,2001,no_review,1,5,0,0,0,5,5.0,0,0,0,0,5.0,5.0,0.0,0.0,0,0
mixed_2001,mixed,2001,no_review,2,5,0,0,0,5,5.0,0,0,0,0,5.0,5.0,0.0,0.0,0,0
mixed_2001,mixed,2001,no_review,4,5,0,0,0,5,5.0,0,0,0,0,5.0,5.0,0.0,0.0,0,0
mixed_2001,mixed,2001,no_review,6,5,0,0,0,5,5.0,0,0,0,0,5.0,5.0,0.0,0.0,0,0
mixed_2001,mixed,2001,no_review,unlimited,5,0,0,0,5,5.0,0,0,0,0,5.0,5.0,0.0,0.0,0,0
mixed_2001,mixed,2001,memory,0,5,0,0,0,5,5.0,0,0,0,0,5.0,5.0,0.0,0.0,0,0
mixed_2001,mixed,2001,memory,1,5,0,0,0,5,5.0,0,0,0,0,5.0,5.0,0.0,0.0,0,0
mixed_2001,mixed,2001,memory,2,5,0,0,0,5,5.0,0,0,0,0,5.0,5.0,0.0,0.0,0,0
mixed_2001,mixed,2001,memory,4,5,0,0,0,5,5.0,0,0,0,0,5.0,5.0,0.0,0.0,0,0
mixed_2001,mixed,2001,memory,6,5,0,0,0,5,5.0,0,0,0,0,5.0,5.0,0.0,0.0,0,0
mixed_2001,mixed,2001,memory,unlimited,5,0,0,0,5,5.0,0,0,0,0,5.0,5.0,0.0,0.0,0,0
mixed_2001,mixed,2001,uncertainty,0,5,0,0,0,5,5.0,0,0,0,0,5.0,5.0,0.0,0.0,0,0
mixed_2001,mixed,2001,uncertainty,1,5,0,0,0,5,5.0,1,1,0,0,5.0,5.0,0.0,0.0,0,0
mixed_2001,mixed,2001,uncertainty,2,5,0,3,0,2,2.0,2,2,0,0,5.0,2.0,3.0,3.0,0,0
mixed_2001,mixed,2001,uncertainty,4,5,1,5,0,0,0,4,4,0,0,5.0,0.0,5.0,5.0,0,0
mixed_2001,mixed,2001,uncertainty,6,5,1,5,0,0,0,4,4,0,0,5.0,0.0,5.0,5.0,0,0
mixed_2001,mixed,2001,uncertainty,unlimited,5,1,5,0,0,0,4,4,0,0,5.0,0.0,5.0,5.0,0,0
mixed_2001,mixed,2001,depth1,0,5,0,0,0,5,5.0,0,0,0,0,5.0,5.0,0.0,0.0,0,0
mixed_2001,mixed,2001,depth1,1,5,0,1,0,4,4.0,1,1,0,0,5.0,4.0,1.0,1.0,9,0
mixed_2001,mixed,2001,depth1,2,5,0,1,0,4,4.0,1,1,0,0,5.0,4.0,1.0,1.0,9,0
mixed_2001,mixed,2001,depth1,4,5,0,1,0,4,4.0,1,1,0,0,5.0,4.0,1.0,1.0,9,0
mixed_2001,mixed,2001,depth1,6,5,0,1,0,4,4.0,1,1,0,0,5.0,4.0,1.0,1.0,9,0
mixed_2001,mixed,2001,depth1,unlimited,5,0,1,0,4,4.0,1,1,0,0,5.0,4.0,1.0,1.0,9,0
mixed_2001,mixed,2001,completion,0,5,0,0,0,5,5.0,0,0,0,0,5.0,5.0,0.0,0.0,0,0
mixed_2001,mixed,2001,completion,1,5,0,1,0,4,4.0,1,1,0,0,5.0,4.0,1.0,1.0,0,0
mixed_2001,mixed,2001,completion,2,5,0,1,0,4,4.0,2,2,0,0,5.0,4.0,1.0,1.0,0,0
mixed_2001,mixed,2001,completion,4,5,1,5,0,0,0,4,4,0,0,5.0,0.0,5.0,5.0,0,0
mixed_2001,mixed,2001,completion,6,5,1,5,0,0,0,4,4,0,0,5.0,0.0,5.0,5.0,0,0
mixed_2001,mixed,2001,completion,unlimited,5,1,5,0,0,0,4,4,0,0,5.0,0.0,5.0,5.0,0,0
mixed_2001,mixed,2001,depth2,0,5,0,0,0,5,5.0,0,0,0,0,5.0,5.0,0.0,0.0,0,0
mixed_2001,mixed,2001,depth2,1,5,0,1,0,4,4.0,1,1,0,0,5.0,4.0,1.0,1.0,9,0
mixed_2001,mixed,2001,depth2,2,5,0,3,0,2,2.0,2,2,0,0,5.0,2.0,3.0,3.0,40,0
mixed_2001,mixed,2001,depth2,4,5,1,5,0,0,0,4,4,0,0,5.0,0.0,5.0,5.0,64,0
mixed_2001,mixed,2001,depth2,6,5,1,5,0,0,0,4,4,0,0,5.0,0.0,5.0,5.0,64,0
mixed_2001,mixed,2001,depth2,unlimited,5,1,5,0,0,0,4,4,0,0,5.0,0.0,5.0,5.0,64,0
mixed_2001,mixed,2001,depth3,0,5,0,0,0,5,5.0,0,0,0,0,5.0,5.0,0.0,0.0,0,0
mixed_2001,mixed,2001,depth3,1,5,0,1,0,4,4.0,1,1,0,0,5.0,4.0,1.0,1.0,9,0
mixed_2001,mixed,2001,depth3,2,5,0,3,0,2,2.0,2,2,0,0,5.0,2.0,3.0,3.0,40,0
mixed_2001,mixed,2001,depth3,4,5,1,5,0,0,0,4,4,0,0,5.0,0.0,5.0,5.0,104,0
mixed_2001,mixed,2001,depth3,6,5,1,5,0,0,0,4,4,0,0,5.0,0.0,5.0,5.0,104,0
mixed_2001,mixed,2001,depth3,unlimited,5,1,5,0,0,0,4,4,0,0,5.0,0.0,5.0,5.0,104,0
mixed_2001,mixed,2001,generic2,0,5,0,0,0,5,5.0,0,0,0,0,5.0,5.0,0.0,0.0,0,0
mixed_2001,mixed,2001,generic2,1,5,0,1,0,4,4.0,1,1,0,0,5.0,4.0,1.0,1.0,9,0
mixed_2001,mixed,2001,generic2,2,5,0,3,0,2,2.0,2,2,0,0,5.0,2.0,3.0,3.0,40,0
mixed_2001,mixed,2001,generic2,4,5,1,5,0,0,0,4,4,0,0,5.0,0.0,5.0,5.0,64,0
mixed_2001,mixed,2001,generic2,6,5,1,5,0,0,0,4,4,0,0,5.0,0.0,5.0,5.0,64,0
mixed_2001,mixed,2001,generic2,unlimited,5,1,5,0,0,0,4,4,0,0,5.0,0.0,5.0,5.0,64,0
mixed_2001,mixed,2001,no_scope,0,5,0,0,0,5,5.0,0,0,0,0,5.0,5.0,0.0,0.0,0,0
mixed_2001,mixed,2001,no_scope,1,5,0,1,0,4,4.0,1,1,0,0,5.0,4.0,1.0,1.0,9,0
mixed_2001,mixed,2001,no_scope,2,5,0,3,0,2,2.0,2,2,0,0,5.0,2.0,3.0,3.0,40,0
mixed_2001,mixed,2001,no_scope,4,5,1,5,0,0,0,4,4,0,0,5.0,0.0,5.0,5.0,64,0
mixed_2001,mixed,2001,no_scope,6,5,1,5,0,0,0,4,4,0,0,5.0,0.0,5.0,5.0,64,0
mixed_2001,mixed,2001,no_scope,unlimited,5,1,5,0,0,0,4,4,0,0,5.0,0.0,5.0,5.0,64,0
mixed_2001,mixed,2001,request_specific,0,5,0,0,0,5,5.0,0,0,0,0,5.0,5.0,0.0,0.0,0,0
mixed_2001,mixed,2001,request_specific,1,5,0,1,0,4,4.0,1,1,0,0,5.0,4.0,1.0,1.0,17,0
mixed_2001,mixed,2001,request_specific,2,5,0,1,0,4,4.0,1,1,0,0,5.0,4.0,1.0,1.0,161,0
mixed_2001,mixed,2001,request_specific,4,5,0,2,0,3,3.0,3,3,0,0,5.0,3.0,2.0,2.0,389,0
mixed_2001,mixed,2001,request_specific,6,5,0,3,0,2,2.0,5,4,1,0,5.0,2.0,3.0,3.0,513,0
mixed_2001,mixed,2001,request_specific,unlimited,5,1,5,0,0,0,9,4,5,0,5.0,0.0,5.0,5.0,577,0
mixed_2002,mixed,2002,no_review,0,5,0,0,0,5,5.0,0,0,0,0,5.0,5.0,0.0,0.0,0,0
mixed_2002,mixed,2002,no_review,1,5,0,0,0,5,5.0,0,0,0,0,5.0,5.0,0.0,0.0,0,0
mixed_2002,mixed,2002,no_review,2,5,0,0,0,5,5.0,0,0,0,0,5.0,5.0,0.0,0.0,0,0
mixed_2002,mixed,2002,no_review,4,5,0,0,0,5,5.0,0,0,0,0,5.0,5.0,0.0,0.0,0,0
mixed_2002,mixed,2002,no_review,6,5,0,0,0,5,5.0,0,0,0,0,5.0,5.0,0.0,0.0,0,0
mixed_2002,mixed,2002,no_review,unlimited,5,0,0,0,5,5.0,0,0,0,0,5.0,5.0,0.0,0.0,0,0
mixed_2002,mixed,2002,memory,0,5,0,0,0,5,5.0,0,0,0,0,5.0,5.0,0.0,0.0,0,0
mixed_2002,mixed,2002,memory,1,5,0,0,0,5,5.0,0,0,0,0,5.0,5.0,0.0,0.0,0,0
mixed_2002,mixed,2002,memory,2,5,0,0,0,5,5.0,0,0,0,0,5.0,5.0,0.0,0.0,0,0
mixed_2002,mixed,2002,memory,4,5,0,0,0,5,5.0,0,0,0,0,5.0,5.0,0.0,0.0,0,0
mixed_2002,mixed,2002,memory,6,5,0,0,0,5,5.0,0,0,0,0,5.0,5.0,0.0,0.0,0,0
mixed_2002,mixed,2002,memory,unlimited,5,0,0,0,5,5.0,0,0,0,0,5.0,5.0,0.0,0.0,0,0
mixed_2002,mixed,2002,uncertainty,0,5,0,0,0,5,5.0,0,0,0,0,5.0,5.0,0.0,0.0,0,0
mixed_2002,mixed,2002,uncertainty,1,5,0,0,0,5,5.0,1,1,0,0,5.0,5.0,0.0,0.0,0,0
mixed_2002,mixed,2002,uncertainty,2,5,0,3,0,2,2.0,2,2,0,0,5.0,2.0,3.0,3.0,0,0
mixed_2002,mixed,2002,uncertainty,4,5,1,5,0,0,0,4,4,0,0,5.0,0.0,5.0,5.0,0,0
mixed_2002,mixed,2002,uncertainty,6,5,1,5,0,0,0,4,4,0,0,5.0,0.0,5.0,5.0,0,0
mixed_2002,mixed,2002,uncertainty,unlimited,5,1,5,0,0,0,4,4,0,0,5.0,0.0,5.0,5.0,0,0
mixed_2002,mixed,2002,depth1,0,5,0,0,0,5,5.0,0,0,0,0,5.0,5.0,0.0,0.0,0,0
mixed_2002,mixed,2002,depth1,1,5,0,1,0,4,4.0,1,1,0,0,5.0,4.0,1.0,1.0,9,0
mixed_2002,mixed,2002,depth1,2,5,0,1,0,4,4.0,1,1,0,0,5.0,4.0,1.0,1.0,9,0
mixed_2002,mixed,2002,depth1,4,5,0,1,0,4,4.0,1,1,0,0,5.0,4.0,1.0,1.0,9,0
mixed_2002,mixed,2002,depth1,6,5,0,1,0,4,4.0,1,1,0,0,5.0,4.0,1.0,1.0,9,0
mixed_2002,mixed,2002,depth1,unlimited,5,0,1,0,4,4.0,1,1,0,0,5.0,4.0,1.0,1.0,9,0
mixed_2002,mixed,2002,completion,0,5,0,0,0,5,5.0,0,0,0,0,5.0,5.0,0.0,0.0,0,0
mixed_2002,mixed,2002,completion,1,5,0,1,0,4,4.0,1,1,0,0,5.0,4.0,1.0,1.0,0,0
mixed_2002,mixed,2002,completion,2,5,0,1,0,4,4.0,2,2,0,0,5.0,4.0,1.0,1.0,0,0
mixed_2002,mixed,2002,completion,4,5,1,5,0,0,0,4,4,0,0,5.0,0.0,5.0,5.0,0,0
mixed_2002,mixed,2002,completion,6,5,1,5,0,0,0,4,4,0,0,5.0,0.0,5.0,5.0,0,0
mixed_2002,mixed,2002,completion,unlimited,5,1,5,0,0,0,4,4,0,0,5.0,0.0,5.0,5.0,0,0
mixed_2002,mixed,2002,depth2,0,5,0,0,0,5,5.0,0,0,0,0,5.0,5.0,0.0,0.0,0,0
mixed_2002,mixed,2002,depth2,1,5,0,1,0,4,4.0,1,1,0,0,5.0,4.0,1.0,1.0,9,0
mixed_2002,mixed,2002,depth2,2,5,0,3,0,2,2.0,2,2,0,0,5.0,2.0,3.0,3.0,40,0
mixed_2002,mixed,2002,depth2,4,5,1,5,0,0,0,4,4,0,0,5.0,0.0,5.0,5.0,64,0
mixed_2002,mixed,2002,depth2,6,5,1,5,0,0,0,4,4,0,0,5.0,0.0,5.0,5.0,64,0
mixed_2002,mixed,2002,depth2,unlimited,5,1,5,0,0,0,4,4,0,0,5.0,0.0,5.0,5.0,64,0
mixed_2002,mixed,2002,depth3,0,5,0,0,0,5,5.0,0,0,0,0,5.0,5.0,0.0,0.0,0,0
mixed_2002,mixed,2002,depth3,1,5,0,1,0,4,4.0,1,1,0,0,5.0,4.0,1.0,1.0,9,0
mixed_2002,mixed,2002,depth3,2,5,0,3,0,2,2.0,2,2,0,0,5.0,2.0,3.0,3.0,40,0
mixed_2002,mixed,2002,depth3,4,5,1,5,0,0,0,4,4,0,0,5.0,0.0,5.0,5.0,104,0
mixed_2002,mixed,2002,depth3,6,5,1,5,0,0,0,4,4,0,0,5.0,0.0,5.0,5.0,104,0
mixed_2002,mixed,2002,depth3,unlimited,5,1,5,0,0,0,4,4,0,0,5.0,0.0,5.0,5.0,104,0
mixed_2002,mixed,2002,generic2,0,5,0,0,0,5,5.0,0,0,0,0,5.0,5.0,0.0,0.0,0,0
mixed_2002,mixed,2002,generic2,1,5,0,1,0,4,4.0,1,1,0,0,5.0,4.0,1.0,1.0,9,0
mixed_2002,mixed,2002,generic2,2,5,0,3,0,2,2.0,2,2,0,0,5.0,2.0,3.0,3.0,40,0
mixed_2002,mixed,2002,generic2,4,5,1,5,0,0,0,4,4,0,0,5.0,0.0,5.0,5.0,64,0
mixed_2002,mixed,2002,generic2,6,5,1,5,0,0,0,4,4,0,0,5.0,0.0,5.0,5.0,64,0
mixed_2002,mixed,2002,generic2,unlimited,5,1,5,0,0,0,4,4,0,0,5.0,0.0,5.0,5.0,64,0
mixed_2002,mixed,2002,no_scope,0,5,0,0,0,5,5.0,0,0,0,0,5.0,5.0,0.0,0.0,0,0
mixed_2002,mixed,2002,no_scope,1,5,0,1,0,4,4.0,1,1,0,0,5.0,4.0,1.0,1.0,9,0
mixed_2002,mixed,2002,no_scope,2,5,0,3,0,2,2.0,2,2,0,0,5.0,2.0,3.0,3.0,40,0
mixed_2002,mixed,2002,no_scope,4,5,1,5,0,0,0,4,4,0,0,5.0,0.0,5.0,5.0,64,0
mixed_2002,mixed,2002,no_scope,6,5,1,5,0,0,0,4,4,0,0,5.0,0.0,5.0,5.0,64,0
mixed_2002,mixed,2002,no_scope,unlimited,5,1,5,0,0,0,4,4,0,0,5.0,0.0,5.0,5.0,64,0
mixed_2002,mixed,2002,request_specific,0,5,0,0,0,5,5.0,0,0,0,0,5.0,5.0,0.0,0.0,0,0
mixed_2002,mixed,2002,request_specific,1,5,0,1,0,4,4.0,1,1,0,0,5.0,4.0,1.0,1.0,17,0
mixed_2002,mixed,2002,request_specific,2,5,0,1,0,4,4.0,1,1,0,0,5.0,4.0,1.0,1.0,161,0
mixed_2002,mixed,2002,request_specific,4,5,0,2,0,3,3.0,3,3,0,0,5.0,3.0,2.0,2.0,389,0
mixed_2002,mixed,2002,request_specific,6,5,0,3,0,2,2.0,5,4,1,0,5.0,2.0,3.0,3.0,513,0
mixed_2002,mixed,2002,request_specific,unlimited,5,1,5,0,0,0,9,4,5,0,5.0,0.0,5.0,5.0,577,0
mixed_2003,mixed,2003,no_review,0,5,0,0,0,5,5.0,0,0,0,0,5.0,5.0,0.0,0.0,0,0
mixed_2003,mixed,2003,no_review,1,5,0,0,0,5,5.0,0,0,0,0,5.0,5.0,0.0,0.0,0,0
mixed_2003,mixed,2003,no_review,2,5,0,0,0,5,5.0,0,0,0,0,5.0,5.0,0.0,0.0,0,0
mixed_2003,mixed,2003,no_review,4,5,0,0,0,5,5.0,0,0,0,0,5.0,5.0,0.0,0.0,0,0
mixed_2003,mixed,2003,no_review,6,5,0,0,0,5,5.0,0,0,0,0,5.0,5.0,0.0,0.0,0,0
mixed_2003,mixed,2003,no_review,unlimited,5,0,0,0,5,5.0,0,0,0,0,5.0,5.0,0.0,0.0,0,0
mixed_2003,mixed,2003,memory,0,5,0,0,0,5,5.0,0,0,0,0,5.0,5.0,0.0,0.0,0,0
mixed_2003,mixed,2003,memory,1,5,0,0,0,5,5.0,0,0,0,0,5.0,5.0,0.0,0.0,0,0
mixed_2003,mixed,2003,memory,2,5,0,0,0,5,5.0,0,0,0,0,5.0,5.0,0.0,0.0,0,0
mixed_2003,mixed,2003,memory,4,5,0,0,0,5,5.0,0,0,0,0,5.0,5.0,0.0,0.0,0,0
mixed_2003,mixed,2003,memory,6,5,0,0,0,5,5.0,0,0,0,0,5.0,5.0,0.0,0.0,0,0
mixed_2003,mixed,2003,memory,unlimited,5,0,0,0,5,5.0,0,0,0,0,5.0,5.0,0.0,0.0,0,0
mixed_2003,mixed,2003,uncertainty,0,5,0,0,0,5,5.0,0,0,0,0,5.0,5.0,0.0,0.0,0,0
mixed_2003,mixed,2003,uncertainty,1,5,0,0,0,5,5.0,1,1,0,0,5.0,5.0,0.0,0.0,0,0
mixed_2003,mixed,2003,uncertainty,2,5,0,3,0,2,2.0,2,2,0,0,5.0,2.0,3.0,3.0,0,0
mixed_2003,mixed,2003,uncertainty,4,5,1,5,0,0,0,4,4,0,0,5.0,0.0,5.0,5.0,0,0
mixed_2003,mixed,2003,uncertainty,6,5,1,5,0,0,0,4,4,0,0,5.0,0.0,5.0,5.0,0,0
mixed_2003,mixed,2003,uncertainty,unlimited,5,1,5,0,0,0,4,4,0,0,5.0,0.0,5.0,5.0,0,0
mixed_2003,mixed,2003,depth1,0,5,0,0,0,5,5.0,0,0,0,0,5.0,5.0,0.0,0.0,0,0
mixed_2003,mixed,2003,depth1,1,5,0,1,0,4,4.0,1,1,0,0,5.0,4.0,1.0,1.0,9,0
mixed_2003,mixed,2003,depth1,2,5,0,1,0,4,4.0,1,1,0,0,5.0,4.0,1.0,1.0,9,0
mixed_2003,mixed,2003,depth1,4,5,0,1,0,4,4.0,1,1,0,0,5.0,4.0,1.0,1.0,9,0
mixed_2003,mixed,2003,depth1,6,5,0,1,0,4,4.0,1,1,0,0,5.0,4.0,1.0,1.0,9,0
mixed_2003,mixed,2003,depth1,unlimited,5,0,1,0,4,4.0,1,1,0,0,5.0,4.0,1.0,1.0,9,0
mixed_2003,mixed,2003,completion,0,5,0,0,0,5,5.0,0,0,0,0,5.0,5.0,0.0,0.0,0,0
mixed_2003,mixed,2003,completion,1,5,0,1,0,4,4.0,1,1,0,0,5.0,4.0,1.0,1.0,0,0
mixed_2003,mixed,2003,completion,2,5,0,1,0,4,4.0,2,2,0,0,5.0,4.0,1.0,1.0,0,0
mixed_2003,mixed,2003,completion,4,5,1,5,0,0,0,4,4,0,0,5.0,0.0,5.0,5.0,0,0
mixed_2003,mixed,2003,completion,6,5,1,5,0,0,0,4,4,0,0,5.0,0.0,5.0,5.0,0,0
mixed_2003,mixed,2003,completion,unlimited,5,1,5,0,0,0,4,4,0,0,5.0,0.0,5.0,5.0,0,0
mixed_2003,mixed,2003,depth2,0,5,0,0,0,5,5.0,0,0,0,0,5.0,5.0,0.0,0.0,0,0
mixed_2003,mixed,2003,depth2,1,5,0,1,0,4,4.0,1,1,0,0,5.0,4.0,1.0,1.0,9,0
mixed_2003,mixed,2003,depth2,2,5,0,3,0,2,2.0,2,2,0,0,5.0,2.0,3.0,3.0,40,0
mixed_2003,mixed,2003,depth2,4,5,1,5,0,0,0,4,4,0,0,5.0,0.0,5.0,5.0,64,0
mixed_2003,mixed,2003,depth2,6,5,1,5,0,0,0,4,4,0,0,5.0,0.0,5.0,5.0,64,0
mixed_2003,mixed,2003,depth2,unlimited,5,1,5,0,0,0,4,4,0,0,5.0,0.0,5.0,5.0,64,0
mixed_2003,mixed,2003,depth3,0,5,0,0,0,5,5.0,0,0,0,0,5.0,5.0,0.0,0.0,0,0
mixed_2003,mixed,2003,depth3,1,5,0,1,0,4,4.0,1,1,0,0,5.0,4.0,1.0,1.0,9,0
mixed_2003,mixed,2003,depth3,2,5,0,3,0,2,2.0,2,2,0,0,5.0,2.0,3.0,3.0,40,0
mixed_2003,mixed,2003,depth3,4,5,1,5,0,0,0,4,4,0,0,5.0,0.0,5.0,5.0,104,0
mixed_2003,mixed,2003,depth3,6,5,1,5,0,0,0,4,4,0,0,5.0,0.0,5.0,5.0,104,0
mixed_2003,mixed,2003,depth3,unlimited,5,1,5,0,0,0,4,4,0,0,5.0,0.0,5.0,5.0,104,0
mixed_2003,mixed,2003,generic2,0,5,0,0,0,5,5.0,0,0,0,0,5.0,5.0,0.0,0.0,0,0
mixed_2003,mixed,2003,generic2,1,5,0,1,0,4,4.0,1,1,0,0,5.0,4.0,1.0,1.0,9,0
mixed_2003,mixed,2003,generic2,2,5,0,3,0,2,2.0,2,2,0,0,5.0,2.0,3.0,3.0,40,0
mixed_2003,mixed,2003,generic2,4,5,1,5,0,0,0,4,4,0,0,5.0,0.0,5.0,5.0,64,0
mixed_2003,mixed,2003,generic2,6,5,1,5,0,0,0,4,4,0,0,5.0,0.0,5.0,5.0,64,0
mixed_2003,mixed,2003,generic2,unlimited,5,1,5,0,0,0,4,4,0,0,5.0,0.0,5.0,5.0,64,0
mixed_2003,mixed,2003,no_scope,0,5,0,0,0,5,5.0,0,0,0,0,5.0,5.0,0.0,0.0,0,0
mixed_2003,mixed,2003,no_scope,1,5,0,1,0,4,4.0,1,1,0,0,5.0,4.0,1.0,1.0,9,0
mixed_2003,mixed,2003,no_scope,2,5,0,3,0,2,2.0,2,2,0,0,5.0,2.0,3.0,3.0,40,0
mixed_2003,mixed,2003,no_scope,4,5,1,5,0,0,0,4,4,0,0,5.0,0.0,5.0,5.0,64,0
mixed_2003,mixed,2003,no_scope,6,5,1,5,0,0,0,4,4,0,0,5.0,0.0,5.0,5.0,64,0
mixed_2003,mixed,2003,no_scope,unlimited,5,1,5,0,0,0,4,4,0,0,5.0,0.0,5.0,5.0,64,0
mixed_2003,mixed,2003,request_specific,0,5,0,0,0,5,5.0,0,0,0,0,5.0,5.0,0.0,0.0,0,0
mixed_2003,mixed,2003,request_specific,1,5,0,1,0,4,4.0,1,1,0,0,5.0,4.0,1.0,1.0,17,0
mixed_2003,mixed,2003,request_specific,2,5,0,1,0,4,4.0,1,1,0,0,5.0,4.0,1.0,1.0,161,0
mixed_2003,mixed,2003,request_specific,4,5,0,2,0,3,3.0,3,3,0,0,5.0,3.0,2.0,2.0,389,0
mixed_2003,mixed,2003,request_specific,6,5,0,3,0,2,2.0,5,4,1,0,5.0,2.0,3.0,3.0,513,0
mixed_2003,mixed,2003,request_specific,unlimited,5,1,5,0,0,0,9,4,5,0,5.0,0.0,5.0,5.0,577,0
scope_exception_2000,scope_exception,2000,no_review,0,3,0,1,0,2,2.0,0,0,0,0,2.6,2.6,0.0,0.0,0,0
scope_exception_2000,scope_exception,2000,no_review,1,3,0,1,0,2,2.0,0,0,0,0,2.6,2.6,0.0,0.0,0,0
scope_exception_2000,scope_exception,2000,no_review,2,3,0,1,0,2,2.0,0,0,0,0,2.6,2.6,0.0,0.0,0,0
scope_exception_2000,scope_exception,2000,no_review,4,3,0,1,0,2,2.0,0,0,0,0,2.6,2.6,0.0,0.0,0,0
scope_exception_2000,scope_exception,2000,no_review,6,3,0,1,0,2,2.0,0,0,0,0,2.6,2.6,0.0,0.0,0,0
scope_exception_2000,scope_exception,2000,no_review,unlimited,3,0,1,0,2,2.0,0,0,0,0,2.6,2.6,0.0,0.0,0,0
scope_exception_2000,scope_exception,2000,memory,0,3,0,1,0,2,2.0,0,0,0,0,2.6,2.6,0.0,0.0,0,0
scope_exception_2000,scope_exception,2000,memory,1,3,0,1,0,2,2.0,0,0,0,0,2.6,2.6,0.0,0.0,0,0
scope_exception_2000,scope_exception,2000,memory,2,3,0,1,0,2,2.0,0,0,0,0,2.6,2.6,0.0,0.0,0,0
scope_exception_2000,scope_exception,2000,memory,4,3,0,1,0,2,2.0,0,0,0,0,2.6,2.6,0.0,0.0,0,0
scope_exception_2000,scope_exception,2000,memory,6,3,0,1,0,2,2.0,0,0,0,0,2.6,2.6,0.0,0.0,0,0
scope_exception_2000,scope_exception,2000,memory,unlimited,3,0,1,0,2,2.0,0,0,0,0,2.6,2.6,0.0,0.0,0,0
scope_exception_2000,scope_exception,2000,uncertainty,0,3,0,1,0,2,2.0,0,0,0,0,2.6,2.6,0.0,0.0,0,0
scope_exception_2000,scope_exception,2000,uncertainty,1,3,0,1,2,0,8.0,1,1,0,0,2.6,0.6000000000000001,2.0,-6.0,0,0
scope_exception_2000,scope_exception,2000,uncertainty,2,3,0,1,2,0,8.0,2,2,0,0,2.6,0.6000000000000001,2.0,-6.0,0,0
scope_exception_2000,scope_exception,2000,uncertainty,4,3,1,3,0,0,0,3,3,0,0,2.6,0.0,2.6,2.0,0,0
scope_exception_2000,scope_exception,2000,uncertainty,6,3,1,3,0,0,0,3,3,0,0,2.6,0.0,2.6,2.0,0,0
scope_exception_2000,scope_exception,2000,uncertainty,unlimited,3,1,3,0,0,0,3,3,0,0,2.6,0.0,2.6,2.0,0,0
scope_exception_2000,scope_exception,2000,depth1,0,3,0,1,0,2,2.0,0,0,0,0,2.6,2.6,0.0,0.0,0,0
scope_exception_2000,scope_exception,2000,depth1,1,3,0,1,2,0,8.0,1,1,0,0,2.6,0.6000000000000001,2.0,-6.0,7,0
scope_exception_2000,scope_exception,2000,depth1,2,3,0,1,2,0,8.0,2,2,0,0,2.6,0.0,2.6,-6.0,12,0
scope_exception_2000,scope_exception,2000,depth1,4,3,0,1,2,0,8.0,2,2,0,0,2.6,0.0,2.6,-6.0,12,0
scope_exception_2000,scope_exception,2000,depth1,6,3,0,1,2,0,8.0,2,2,0,0,2.6,0.0,2.6,-6.0,12,0
scope_exception_2000,scope_exception,2000,depth1,unlimited,3,0,1,2,0,8.0,2,2,0,0,2.6,0.0,2.6,-6.0,12,0
scope_exception_2000,scope_exception,2000,completion,0,3,0,1,0,2,2.0,0,0,0,0,2.6,2.6,0.0,0.0,0,0
scope_exception_2000,scope_exception,2000,completion,1,3,0,1,2,0,8.0,1,1,0,0,2.6,0.6000000000000001,2.0,-6.0,0,0
scope_exception_2000,scope_exception,2000,completion,2,3,0,1,2,0,8.0,2,2,0,0,2.6,0.0,2.6,-6.0,0,0
scope_exception_2000,scope_exception,2000,completion,4,3,0,1,2,0,8.0,2,2,0,0,2.6,0.0,2.6,-6.0,0,0
scope_exception_2000,scope_exception,2000,completion,6,3,0,1,2,0,8.0,2,2,0,0,2.6,0.0,2.6,-6.0,0,0
scope_exception_2000,scope_exception,2000,completion,unlimited,3,0,1,2,0,8.0,2,2,0,0,2.6,0.0,2.6,-6.0,0,0
scope_exception_2000,scope_exception,2000,depth2,0,3,0,1,0,2,2.0,0,0,0,0,2.6,2.6,0.0,0.0,0,0
scope_exception_2000,scope_exception,2000,depth2,1,3,0,1,2,0,8.0,1,1,0,0,2.6,0.6000000000000001,2.0,-6.0,7,0
scope_exception_2000,scope_exception,2000,depth2,2,3,0,1,2,0,8.0,2,2,0,0,2.6,0.0,2.6,-6.0,24,0
scope_exception_2000,scope_exception,2000,depth2,4,3,0,1,2,0,8.0,2,2,0,0,2.6,0.0,2.6,-6.0,28,0
scope_exception_2000,scope_exception,2000,depth2,6,3,0,1,2,0,8.0,2,2,0,0,2.6,0.0,2.6,-6.0,28,0
scope_exception_2000,scope_exception,2000,depth2,unlimited,3,0,1,2,0,8.0,2,2,0,0,2.6,0.0,2.6,-6.0,28,0
scope_exception_2000,scope_exception,2000,depth3,0,3,0,1,0,2,2.0,0,0,0,0,2.6,2.6,0.0,0.0,0,0
scope_exception_2000,scope_exception,2000,depth3,1,3,0,1,2,0,8.0,1,1,0,0,2.6,0.6000000000000001,2.0,-6.0,7,0
scope_exception_2000,scope_exception,2000,depth3,2,3,0,1,2,0,8.0,2,2,0,0,2.6,0.0,2.6,-6.0,24,0
scope_exception_2000,scope_exception,2000,depth3,4,3,0,1,2,0,8.0,2,2,0,0,2.6,0.0,2.6,-6.0,36,0
scope_exception_2000,scope_exception,2000,depth3,6,3,0,1,2,0,8.0,2,2,0,0,2.6,0.0,2.6,-6.0,36,0
scope_exception_2000,scope_exception,2000,depth3,unlimited,3,0,1,2,0,8.0,2,2,0,0,2.6,0.0,2.6,-6.0,36,0
scope_exception_2000,scope_exception,2000,generic2,0,3,0,1,0,2,2.0,0,0,0,0,2.6,2.6,0.0,0.0,0,0
scope_exception_2000,scope_exception,2000,generic2,1,3,0,1,2,0,8.0,1,1,0,0,2.6,0.6000000000000001,2.0,-6.0,7,0
scope_exception_2000,scope_exception,2000,generic2,2,3,0,1,2,0,8.0,2,2,0,0,2.6,0.0,2.6,-6.0,24,0
scope_exception_2000,scope_exception,2000,generic2,4,3,0,1,2,0,8.0,2,2,0,0,2.6,0.0,2.6,-6.0,28,0
scope_exception_2000,scope_exception,2000,generic2,6,3,0,1,2,0,8.0,2,2,0,0,2.6,0.0,2.6,-6.0,28,0
scope_exception_2000,scope_exception,2000,generic2,unlimited,3,0,1,2,0,8.0,2,2,0,0,2.6,0.0,2.6,-6.0,28,0
scope_exception_2000,scope_exception,2000,no_scope,0,3,0,1,0,2,2.0,0,0,0,0,2.6,2.6,0.0,0.0,0,0
scope_exception_2000,scope_exception,2000,no_scope,1,3,0,1,2,0,8.0,1,1,0,0,2.6,0.6000000000000001,2.0,-6.0,5,0
scope_exception_2000,scope_exception,2000,no_scope,2,3,0,1,2,0,8.0,2,2,0,0,2.6,0.0,2.6,-6.0,12,0
scope_exception_2000,scope_exception,2000,no_scope,4,3,0,1,2,0,8.0,2,2,0,0,2.6,0.0,2.6,-6.0,12,0
scope_exception_2000,scope_exception,2000,no_scope,6,3,0,1,2,0,8.0,2,2,0,0,2.6,0.0,2.6,-6.0,12,0
scope_exception_2000,scope_exception,2000,no_scope,unlimited,3,0,1,2,0,8.0,2,2,0,0,2.6,0.0,2.6,-6.0,12,0
scope_exception_2000,scope_exception,2000,request_specific,0,3,0,1,0,2,2.0,0,0,0,0,2.6,2.6,0.0,0.0,0,0
scope_exception_2000,scope_exception,2000,request_specific,1,3,0,1,1,1,5.0,1,1,0,0,2.6,1.6,1.0,-3.0,15,0
scope_exception_2000,scope_exception,2000,request_specific,2,3,0,1,2,0,8.0,2,1,1,0,2.6,0.6000000000000001,2.0,-6.0,112,0
scope_exception_2000,scope_exception,2000,request_specific,4,3,0,1,2,0,8.0,3,2,1,0,2.6,0.0,2.6,-6.0,223,0
scope_exception_2000,scope_exception,2000,request_specific,6,3,0,1,2,0,8.0,3,2,1,0,2.6,0.0,2.6,-6.0,223,0
scope_exception_2000,scope_exception,2000,request_specific,unlimited,3,0,1,2,0,8.0,3,2,1,0,2.6,0.0,2.6,-6.0,223,0
scope_exception_2001,scope_exception,2001,no_review,0,3,0,1,0,2,2.0,0,0,0,0,2.6,2.6,0.0,0.0,0,0
scope_exception_2001,scope_exception,2001,no_review,1,3,0,1,0,2,2.0,0,0,0,0,2.6,2.6,0.0,0.0,0,0
scope_exception_2001,scope_exception,2001,no_review,2,3,0,1,0,2,2.0,0,0,0,0,2.6,2.6,0.0,0.0,0,0
scope_exception_2001,scope_exception,2001,no_review,4,3,0,1,0,2,2.0,0,0,0,0,2.6,2.6,0.0,0.0,0,0
scope_exception_2001,scope_exception,2001,no_review,6,3,0,1,0,2,2.0,0,0,0,0,2.6,2.6,0.0,0.0,0,0
scope_exception_2001,scope_exception,2001,no_review,unlimited,3,0,1,0,2,2.0,0,0,0,0,2.6,2.6,0.0,0.0,0,0
scope_exception_2001,scope_exception,2001,memory,0,3,0,1,0,2,2.0,0,0,0,0,2.6,2.6,0.0,0.0,0,0
scope_exception_2001,scope_exception,2001,memory,1,3,0,1,0,2,2.0,0,0,0,0,2.6,2.6,0.0,0.0,0,0
scope_exception_2001,scope_exception,2001,memory,2,3,0,1,0,2,2.0,0,0,0,0,2.6,2.6,0.0,0.0,0,0
scope_exception_2001,scope_exception,2001,memory,4,3,0,1,0,2,2.0,0,0,0,0,2.6,2.6,0.0,0.0,0,0
scope_exception_2001,scope_exception,2001,memory,6,3,0,1,0,2,2.0,0,0,0,0,2.6,2.6,0.0,0.0,0,0
scope_exception_2001,scope_exception,2001,memory,unlimited,3,0,1,0,2,2.0,0,0,0,0,2.6,2.6,0.0,0.0,0,0
scope_exception_2001,scope_exception,2001,uncertainty,0,3,0,1,0,2,2.0,0,0,0,0,2.6,2.6,0.0,0.0,0,0
scope_exception_2001,scope_exception,2001,uncertainty,1,3,1,3,0,0,0,1,1,0,0,2.6,0.6000000000000001,2.0,2.0,0,0
scope_exception_2001,scope_exception,2001,uncertainty,2,3,1,3,0,0,0,2,2,0,0,2.6,0.6000000000000001,2.0,2.0,0,0
scope_exception_2001,scope_exception,2001,uncertainty,4,3,1,3,0,0,0,3,3,0,0,2.6,0.0,2.6,2.0,0,0
scope_exception_2001,scope_exception,2001,uncertainty,6,3,1,3,0,0,0,3,3,0,0,2.6,0.0,2.6,2.0,0,0
scope_exception_2001,scope_exception,2001,uncertainty,unlimited,3,1,3,0,0,0,3,3,0,0,2.6,0.0,2.6,2.0,0,0
scope_exception_2001,scope_exception,2001,depth1,0,3,0,1,0,2,2.0,0,0,0,0,2.6,2.6,0.0,0.0,0,0
scope_exception_2001,scope_exception,2001,depth1,1,3,1,3,0,0,0,1,1,0,0,2.6,0.6000000000000001,2.0,2.0,7,0
scope_exception_2001,scope_exception,2001,depth1,2,3,1,3,0,0,0,2,2,0,0,2.6,0.0,2.6,2.0,12,0
scope_exception_2001,scope_exception,2001,depth1,4,3,1,3,0,0,0,2,2,0,0,2.6,0.0,2.6,2.0,12,0
scope_exception_2001,scope_exception,2001,depth1,6,3,1,3,0,0,0,2,2,0,0,2.6,0.0,2.6,2.0,12,0
scope_exception_2001,scope_exception,2001,depth1,unlimited,3,1,3,0,0,0,2,2,0,0,2.6,0.0,2.6,2.0,12,0
scope_exception_2001,scope_exception,2001,completion,0,3,0,1,0,2,2.0,0,0,0,0,2.6,2.6,0.0,0.0,0,0
scope_exception_2001,scope_exception,2001,completion,1,3,1,3,0,0,0,1,1,0,0,2.6,0.6000000000000001,2.0,2.0,0,0
scope_exception_2001,scope_exception,2001,completion,2,3,1,3,0,0,0,2,2,0,0,2.6,0.0,2.6,2.0,0,0
scope_exception_2001,scope_exception,2001,completion,4,3,1,3,0,0,0,2,2,0,0,2.6,0.0,2.6,2.0,0,0
scope_exception_2001,scope_exception,2001,completion,6,3,1,3,0,0,0,2,2,0,0,2.6,0.0,2.6,2.0,0,0
scope_exception_2001,scope_exception,2001,completion,unlimited,3,1,3,0,0,0,2,2,0,0,2.6,0.0,2.6,2.0,0,0
scope_exception_2001,scope_exception,2001,depth2,0,3,0,1,0,2,2.0,0,0,0,0,2.6,2.6,0.0,0.0,0,0
scope_exception_2001,scope_exception,2001,depth2,1,3,1,3,0,0,0,1,1,0,0,2.6,0.6000000000000001,2.0,2.0,7,0
scope_exception_2001,scope_exception,2001,depth2,2,3,1,3,0,0,0,2,2,0,0,2.6,0.0,2.6,2.0,24,0
scope_exception_2001,scope_exception,2001,depth2,4,3,1,3,0,0,0,2,2,0,0,2.6,0.0,2.6,2.0,28,0
scope_exception_2001,scope_exception,2001,depth2,6,3,1,3,0,0,0,2,2,0,0,2.6,0.0,2.6,2.0,28,0
scope_exception_2001,scope_exception,2001,depth2,unlimited,3,1,3,0,0,0,2,2,0,0,2.6,0.0,2.6,2.0,28,0
scope_exception_2001,scope_exception,2001,depth3,0,3,0,1,0,2,2.0,0,0,0,0,2.6,2.6,0.0,0.0,0,0
scope_exception_2001,scope_exception,2001,depth3,1,3,1,3,0,0,0,1,1,0,0,2.6,0.6000000000000001,2.0,2.0,7,0
scope_exception_2001,scope_exception,2001,depth3,2,3,1,3,0,0,0,2,2,0,0,2.6,0.0,2.6,2.0,24,0
scope_exception_2001,scope_exception,2001,depth3,4,3,1,3,0,0,0,2,2,0,0,2.6,0.0,2.6,2.0,36,0
scope_exception_2001,scope_exception,2001,depth3,6,3,1,3,0,0,0,2,2,0,0,2.6,0.0,2.6,2.0,36,0
scope_exception_2001,scope_exception,2001,depth3,unlimited,3,1,3,0,0,0,2,2,0,0,2.6,0.0,2.6,2.0,36,0
scope_exception_2001,scope_exception,2001,generic2,0,3,0,1,0,2,2.0,0,0,0,0,2.6,2.6,0.0,0.0,0,0
scope_exception_2001,scope_exception,2001,generic2,1,3,1,3,0,0,0,1,1,0,0,2.6,0.6000000000000001,2.0,2.0,7,0
scope_exception_2001,scope_exception,2001,generic2,2,3,1,3,0,0,0,2,2,0,0,2.6,0.0,2.6,2.0,24,0
scope_exception_2001,scope_exception,2001,generic2,4,3,1,3,0,0,0,2,2,0,0,2.6,0.0,2.6,2.0,28,0
scope_exception_2001,scope_exception,2001,generic2,6,3,1,3,0,0,0,2,2,0,0,2.6,0.0,2.6,2.0,28,0
scope_exception_2001,scope_exception,2001,generic2,unlimited,3,1,3,0,0,0,2,2,0,0,2.6,0.0,2.6,2.0,28,0
scope_exception_2001,scope_exception,2001,no_scope,0,3,0,1,0,2,2.0,0,0,0,0,2.6,2.6,0.0,0.0,0,0
scope_exception_2001,scope_exception,2001,no_scope,1,3,1,3,0,0,0,1,1,0,0,2.6,0.6000000000000001,2.0,2.0,5,0
scope_exception_2001,scope_exception,2001,no_scope,2,3,1,3,0,0,0,2,2,0,0,2.6,0.0,2.6,2.0,12,0
scope_exception_2001,scope_exception,2001,no_scope,4,3,1,3,0,0,0,2,2,0,0,2.6,0.0,2.6,2.0,12,0
scope_exception_2001,scope_exception,2001,no_scope,6,3,1,3,0,0,0,2,2,0,0,2.6,0.0,2.6,2.0,12,0
scope_exception_2001,scope_exception,2001,no_scope,unlimited,3,1,3,0,0,0,2,2,0,0,2.6,0.0,2.6,2.0,12,0
scope_exception_2001,scope_exception,2001,request_specific,0,3,0,1,0,2,2.0,0,0,0,0,2.6,2.6,0.0,0.0,0,0
scope_exception_2001,scope_exception,2001,request_specific,1,3,0,2,0,1,1.0,1,1,0,0,2.6,1.6,1.0,1.0,15,0
scope_exception_2001,scope_exception,2001,request_specific,2,3,1,3,0,0,0,2,1,1,0,2.6,0.6000000000000001,2.0,2.0,112,0
scope_exception_2001,scope_exception,2001,request_specific,4,3,1,3,0,0,0,3,2,1,0,2.6,0.0,2.6,2.0,223,0
scope_exception_2001,scope_exception,2001,request_specific,6,3,1,3,0,0,0,3,2,1,0,2.6,0.0,2.6,2.0,223,0
scope_exception_2001,scope_exception,2001,request_specific,unlimited,3,1,3,0,0,0,3,2,1,0,2.6,0.0,2.6,2.0,223,0
scope_exception_2002,scope_exception,2002,no_review,0,3,0,1,0,2,2.0,0,0,0,0,2.6,2.6,0.0,0.0,0,0
scope_exception_2002,scope_exception,2002,no_review,1,3,0,1,0,2,2.0,0,0,0,0,2.6,2.6,0.0,0.0,0,0
scope_exception_2002,scope_exception,2002,no_review,2,3,0,1,0,2,2.0,0,0,0,0,2.6,2.6,0.0,0.0,0,0
scope_exception_2002,scope_exception,2002,no_review,4,3,0,1,0,2,2.0,0,0,0,0,2.6,2.6,0.0,0.0,0,0
scope_exception_2002,scope_exception,2002,no_review,6,3,0,1,0,2,2.0,0,0,0,0,2.6,2.6,0.0,0.0,0,0
scope_exception_2002,scope_exception,2002,no_review,unlimited,3,0,1,0,2,2.0,0,0,0,0,2.6,2.6,0.0,0.0,0,0
scope_exception_2002,scope_exception,2002,memory,0,3,0,1,0,2,2.0,0,0,0,0,2.6,2.6,0.0,0.0,0,0
scope_exception_2002,scope_exception,2002,memory,1,3,0,1,0,2,2.0,0,0,0,0,2.6,2.6,0.0,0.0,0,0
scope_exception_2002,scope_exception,2002,memory,2,3,0,1,0,2,2.0,0,0,0,0,2.6,2.6,0.0,0.0,0,0
scope_exception_2002,scope_exception,2002,memory,4,3,0,1,0,2,2.0,0,0,0,0,2.6,2.6,0.0,0.0,0,0
scope_exception_2002,scope_exception,2002,memory,6,3,0,1,0,2,2.0,0,0,0,0,2.6,2.6,0.0,0.0,0,0
scope_exception_2002,scope_exception,2002,memory,unlimited,3,0,1,0,2,2.0,0,0,0,0,2.6,2.6,0.0,0.0,0,0
scope_exception_2002,scope_exception,2002,uncertainty,0,3,0,1,0,2,2.0,0,0,0,0,2.6,2.6,0.0,0.0,0,0
scope_exception_2002,scope_exception,2002,uncertainty,1,3,1,3,0,0,0,1,1,0,0,2.6,0.6000000000000001,2.0,2.0,0,0
scope_exception_2002,scope_exception,2002,uncertainty,2,3,1,3,0,0,0,2,2,0,0,2.6,0.6000000000000001,2.0,2.0,0,0
scope_exception_2002,scope_exception,2002,uncertainty,4,3,1,3,0,0,0,3,3,0,0,2.6,0.0,2.6,2.0,0,0
scope_exception_2002,scope_exception,2002,uncertainty,6,3,1,3,0,0,0,3,3,0,0,2.6,0.0,2.6,2.0,0,0
scope_exception_2002,scope_exception,2002,uncertainty,unlimited,3,1,3,0,0,0,3,3,0,0,2.6,0.0,2.6,2.0,0,0
scope_exception_2002,scope_exception,2002,depth1,0,3,0,1,0,2,2.0,0,0,0,0,2.6,2.6,0.0,0.0,0,0
scope_exception_2002,scope_exception,2002,depth1,1,3,1,3,0,0,0,1,1,0,0,2.6,0.6000000000000001,2.0,2.0,7,0
scope_exception_2002,scope_exception,2002,depth1,2,3,1,3,0,0,0,2,2,0,0,2.6,0.0,2.6,2.0,12,0
scope_exception_2002,scope_exception,2002,depth1,4,3,1,3,0,0,0,2,2,0,0,2.6,0.0,2.6,2.0,12,0
scope_exception_2002,scope_exception,2002,depth1,6,3,1,3,0,0,0,2,2,0,0,2.6,0.0,2.6,2.0,12,0
scope_exception_2002,scope_exception,2002,depth1,unlimited,3,1,3,0,0,0,2,2,0,0,2.6,0.0,2.6,2.0,12,0
scope_exception_2002,scope_exception,2002,completion,0,3,0,1,0,2,2.0,0,0,0,0,2.6,2.6,0.0,0.0,0,0
scope_exception_2002,scope_exception,2002,completion,1,3,1,3,0,0,0,1,1,0,0,2.6,0.6000000000000001,2.0,2.0,0,0
scope_exception_2002,scope_exception,2002,completion,2,3,1,3,0,0,0,2,2,0,0,2.6,0.0,2.6,2.0,0,0
scope_exception_2002,scope_exception,2002,completion,4,3,1,3,0,0,0,2,2,0,0,2.6,0.0,2.6,2.0,0,0
scope_exception_2002,scope_exception,2002,completion,6,3,1,3,0,0,0,2,2,0,0,2.6,0.0,2.6,2.0,0,0
scope_exception_2002,scope_exception,2002,completion,unlimited,3,1,3,0,0,0,2,2,0,0,2.6,0.0,2.6,2.0,0,0
scope_exception_2002,scope_exception,2002,depth2,0,3,0,1,0,2,2.0,0,0,0,0,2.6,2.6,0.0,0.0,0,0
scope_exception_2002,scope_exception,2002,depth2,1,3,1,3,0,0,0,1,1,0,0,2.6,0.6000000000000001,2.0,2.0,7,0
scope_exception_2002,scope_exception,2002,depth2,2,3,1,3,0,0,0,2,2,0,0,2.6,0.0,2.6,2.0,24,0
scope_exception_2002,scope_exception,2002,depth2,4,3,1,3,0,0,0,2,2,0,0,2.6,0.0,2.6,2.0,28,0
scope_exception_2002,scope_exception,2002,depth2,6,3,1,3,0,0,0,2,2,0,0,2.6,0.0,2.6,2.0,28,0
scope_exception_2002,scope_exception,2002,depth2,unlimited,3,1,3,0,0,0,2,2,0,0,2.6,0.0,2.6,2.0,28,0
scope_exception_2002,scope_exception,2002,depth3,0,3,0,1,0,2,2.0,0,0,0,0,2.6,2.6,0.0,0.0,0,0
scope_exception_2002,scope_exception,2002,depth3,1,3,1,3,0,0,0,1,1,0,0,2.6,0.6000000000000001,2.0,2.0,7,0
scope_exception_2002,scope_exception,2002,depth3,2,3,1,3,0,0,0,2,2,0,0,2.6,0.0,2.6,2.0,24,0
scope_exception_2002,scope_exception,2002,depth3,4,3,1,3,0,0,0,2,2,0,0,2.6,0.0,2.6,2.0,36,0
scope_exception_2002,scope_exception,2002,depth3,6,3,1,3,0,0,0,2,2,0,0,2.6,0.0,2.6,2.0,36,0
scope_exception_2002,scope_exception,2002,depth3,unlimited,3,1,3,0,0,0,2,2,0,0,2.6,0.0,2.6,2.0,36,0
scope_exception_2002,scope_exception,2002,generic2,0,3,0,1,0,2,2.0,0,0,0,0,2.6,2.6,0.0,0.0,0,0
scope_exception_2002,scope_exception,2002,generic2,1,3,1,3,0,0,0,1,1,0,0,2.6,0.6000000000000001,2.0,2.0,7,0
scope_exception_2002,scope_exception,2002,generic2,2,3,1,3,0,0,0,2,2,0,0,2.6,0.0,2.6,2.0,24,0
scope_exception_2002,scope_exception,2002,generic2,4,3,1,3,0,0,0,2,2,0,0,2.6,0.0,2.6,2.0,28,0
scope_exception_2002,scope_exception,2002,generic2,6,3,1,3,0,0,0,2,2,0,0,2.6,0.0,2.6,2.0,28,0
scope_exception_2002,scope_exception,2002,generic2,unlimited,3,1,3,0,0,0,2,2,0,0,2.6,0.0,2.6,2.0,28,0
scope_exception_2002,scope_exception,2002,no_scope,0,3,0,1,0,2,2.0,0,0,0,0,2.6,2.6,0.0,0.0,0,0
scope_exception_2002,scope_exception,2002,no_scope,1,3,1,3,0,0,0,1,1,0,0,2.6,0.6000000000000001,2.0,2.0,5,0
scope_exception_2002,scope_exception,2002,no_scope,2,3,1,3,0,0,0,2,2,0,0,2.6,0.0,2.6,2.0,12,0
scope_exception_2002,scope_exception,2002,no_scope,4,3,1,3,0,0,0,2,2,0,0,2.6,0.0,2.6,2.0,12,0
scope_exception_2002,scope_exception,2002,no_scope,6,3,1,3,0,0,0,2,2,0,0,2.6,0.0,2.6,2.0,12,0
scope_exception_2002,scope_exception,2002,no_scope,unlimited,3,1,3,0,0,0,2,2,0,0,2.6,0.0,2.6,2.0,12,0
scope_exception_2002,scope_exception,2002,request_specific,0,3,0,1,0,2,2.0,0,0,0,0,2.6,2.6,0.0,0.0,0,0
scope_exception_2002,scope_exception,2002,request_specific,1,3,0,2,0,1,1.0,1,1,0,0,2.6,1.6,1.0,1.0,15,0
scope_exception_2002,scope_exception,2002,request_specific,2,3,1,3,0,0,0,2,1,1,0,2.6,0.6000000000000001,2.0,2.0,112,0
scope_exception_2002,scope_exception,2002,request_specific,4,3,1,3,0,0,0,3,2,1,0,2.6,0.0,2.6,2.0,223,0
scope_exception_2002,scope_exception,2002,request_specific,6,3,1,3,0,0,0,3,2,1,0,2.6,0.0,2.6,2.0,223,0
scope_exception_2002,scope_exception,2002,request_specific,unlimited,3,1,3,0,0,0,3,2,1,0,2.6,0.0,2.6,2.0,223,0
scope_exception_2003,scope_exception,2003,no_review,0,3,0,1,0,2,2.0,0,0,0,0,2.6,2.6,0.0,0.0,0,0
scope_exception_2003,scope_exception,2003,no_review,1,3,0,1,0,2,2.0,0,0,0,0,2.6,2.6,0.0,0.0,0,0
scope_exception_2003,scope_exception,2003,no_review,2,3,0,1,0,2,2.0,0,0,0,0,2.6,2.6,0.0,0.0,0,0
scope_exception_2003,scope_exception,2003,no_review,4,3,0,1,0,2,2.0,0,0,0,0,2.6,2.6,0.0,0.0,0,0
scope_exception_2003,scope_exception,2003,no_review,6,3,0,1,0,2,2.0,0,0,0,0,2.6,2.6,0.0,0.0,0,0
scope_exception_2003,scope_exception,2003,no_review,unlimited,3,0,1,0,2,2.0,0,0,0,0,2.6,2.6,0.0,0.0,0,0
scope_exception_2003,scope_exception,2003,memory,0,3,0,1,0,2,2.0,0,0,0,0,2.6,2.6,0.0,0.0,0,0
scope_exception_2003,scope_exception,2003,memory,1,3,0,1,0,2,2.0,0,0,0,0,2.6,2.6,0.0,0.0,0,0
scope_exception_2003,scope_exception,2003,memory,2,3,0,1,0,2,2.0,0,0,0,0,2.6,2.6,0.0,0.0,0,0
scope_exception_2003,scope_exception,2003,memory,4,3,0,1,0,2,2.0,0,0,0,0,2.6,2.6,0.0,0.0,0,0
scope_exception_2003,scope_exception,2003,memory,6,3,0,1,0,2,2.0,0,0,0,0,2.6,2.6,0.0,0.0,0,0
scope_exception_2003,scope_exception,2003,memory,unlimited,3,0,1,0,2,2.0,0,0,0,0,2.6,2.6,0.0,0.0,0,0
scope_exception_2003,scope_exception,2003,uncertainty,0,3,0,1,0,2,2.0,0,0,0,0,2.6,2.6,0.0,0.0,0,0
scope_exception_2003,scope_exception,2003,uncertainty,1,3,1,3,0,0,0,1,1,0,0,2.6,0.6000000000000001,2.0,2.0,0,0
scope_exception_2003,scope_exception,2003,uncertainty,2,3,1,3,0,0,0,2,2,0,0,2.6,0.6000000000000001,2.0,2.0,0,0
scope_exception_2003,scope_exception,2003,uncertainty,4,3,1,3,0,0,0,3,3,0,0,2.6,0.0,2.6,2.0,0,0
scope_exception_2003,scope_exception,2003,uncertainty,6,3,1,3,0,0,0,3,3,0,0,2.6,0.0,2.6,2.0,0,0
scope_exception_2003,scope_exception,2003,uncertainty,unlimited,3,1,3,0,0,0,3,3,0,0,2.6,0.0,2.6,2.0,0,0
scope_exception_2003,scope_exception,2003,depth1,0,3,0,1,0,2,2.0,0,0,0,0,2.6,2.6,0.0,0.0,0,0
scope_exception_2003,scope_exception,2003,depth1,1,3,1,3,0,0,0,1,1,0,0,2.6,0.6000000000000001,2.0,2.0,7,0
scope_exception_2003,scope_exception,2003,depth1,2,3,1,3,0,0,0,2,2,0,0,2.6,0.0,2.6,2.0,12,0
scope_exception_2003,scope_exception,2003,depth1,4,3,1,3,0,0,0,2,2,0,0,2.6,0.0,2.6,2.0,12,0
scope_exception_2003,scope_exception,2003,depth1,6,3,1,3,0,0,0,2,2,0,0,2.6,0.0,2.6,2.0,12,0
scope_exception_2003,scope_exception,2003,depth1,unlimited,3,1,3,0,0,0,2,2,0,0,2.6,0.0,2.6,2.0,12,0
scope_exception_2003,scope_exception,2003,completion,0,3,0,1,0,2,2.0,0,0,0,0,2.6,2.6,0.0,0.0,0,0
scope_exception_2003,scope_exception,2003,completion,1,3,1,3,0,0,0,1,1,0,0,2.6,0.6000000000000001,2.0,2.0,0,0
scope_exception_2003,scope_exception,2003,completion,2,3,1,3,0,0,0,2,2,0,0,2.6,0.0,2.6,2.0,0,0
scope_exception_2003,scope_exception,2003,completion,4,3,1,3,0,0,0,2,2,0,0,2.6,0.0,2.6,2.0,0,0
scope_exception_2003,scope_exception,2003,completion,6,3,1,3,0,0,0,2,2,0,0,2.6,0.0,2.6,2.0,0,0
scope_exception_2003,scope_exception,2003,completion,unlimited,3,1,3,0,0,0,2,2,0,0,2.6,0.0,2.6,2.0,0,0
scope_exception_2003,scope_exception,2003,depth2,0,3,0,1,0,2,2.0,0,0,0,0,2.6,2.6,0.0,0.0,0,0
scope_exception_2003,scope_exception,2003,depth2,1,3,1,3,0,0,0,1,1,0,0,2.6,0.6000000000000001,2.0,2.0,7,0
scope_exception_2003,scope_exception,2003,depth2,2,3,1,3,0,0,0,2,2,0,0,2.6,0.0,2.6,2.0,24,0
scope_exception_2003,scope_exception,2003,depth2,4,3,1,3,0,0,0,2,2,0,0,2.6,0.0,2.6,2.0,28,0
scope_exception_2003,scope_exception,2003,depth2,6,3,1,3,0,0,0,2,2,0,0,2.6,0.0,2.6,2.0,28,0
scope_exception_2003,scope_exception,2003,depth2,unlimited,3,1,3,0,0,0,2,2,0,0,2.6,0.0,2.6,2.0,28,0
scope_exception_2003,scope_exception,2003,depth3,0,3,0,1,0,2,2.0,0,0,0,0,2.6,2.6,0.0,0.0,0,0
scope_exception_2003,scope_exception,2003,depth3,1,3,1,3,0,0,0,1,1,0,0,2.6,0.6000000000000001,2.0,2.0,7,0
scope_exception_2003,scope_exception,2003,depth3,2,3,1,3,0,0,0,2,2,0,0,2.6,0.0,2.6,2.0,24,0
scope_exception_2003,scope_exception,2003,depth3,4,3,1,3,0,0,0,2,2,0,0,2.6,0.0,2.6,2.0,36,0
scope_exception_2003,scope_exception,2003,depth3,6,3,1,3,0,0,0,2,2,0,0,2.6,0.0,2.6,2.0,36,0
scope_exception_2003,scope_exception,2003,depth3,unlimited,3,1,3,0,0,0,2,2,0,0,2.6,0.0,2.6,2.0,36,0
scope_exception_2003,scope_exception,2003,generic2,0,3,0,1,0,2,2.0,0,0,0,0,2.6,2.6,0.0,0.0,0,0
scope_exception_2003,scope_exception,2003,generic2,1,3,1,3,0,0,0,1,1,0,0,2.6,0.6000000000000001,2.0,2.0,7,0
scope_exception_2003,scope_exception,2003,generic2,2,3,1,3,0,0,0,2,2,0,0,2.6,0.0,2.6,2.0,24,0
scope_exception_2003,scope_exception,2003,generic2,4,3,1,3,0,0,0,2,2,0,0,2.6,0.0,2.6,2.0,28,0
scope_exception_2003,scope_exception,2003,generic2,6,3,1,3,0,0,0,2,2,0,0,2.6,0.0,2.6,2.0,28,0
scope_exception_2003,scope_exception,2003,generic2,unlimited,3,1,3,0,0,0,2,2,0,0,2.6,0.0,2.6,2.0,28,0
scope_exception_2003,scope_exception,2003,no_scope,0,3,0,1,0,2,2.0,0,0,0,0,2.6,2.6,0.0,0.0,0,0
scope_exception_2003,scope_exception,2003,no_scope,1,3,1,3,0,0,0,1,1,0,0,2.6,0.6000000000000001,2.0,2.0,5,0
scope_exception_2003,scope_exception,2003,no_scope,2,3,1,3,0,0,0,2,2,0,0,2.6,0.0,2.6,2.0,12,0
scope_exception_2003,scope_exception,2003,no_scope,4,3,1,3,0,0,0,2,2,0,0,2.6,0.0,2.6,2.0,12,0
scope_exception_2003,scope_exception,2003,no_scope,6,3,1,3,0,0,0,2,2,0,0,2.6,0.0,2.6,2.0,12,0
scope_exception_2003,scope_exception,2003,no_scope,unlimited,3,1,3,0,0,0,2,2,0,0,2.6,0.0,2.6,2.0,12,0
scope_exception_2003,scope_exception,2003,request_specific,0,3,0,1,0,2,2.0,0,0,0,0,2.6,2.6,0.0,0.0,0,0
scope_exception_2003,scope_exception,2003,request_specific,1,3,0,2,0,1,1.0,1,1,0,0,2.6,1.6,1.0,1.0,15,0
scope_exception_2003,scope_exception,2003,request_specific,2,3,1,3,0,0,0,2,1,1,0,2.6,0.6000000000000001,2.0,2.0,112,0
scope_exception_2003,scope_exception,2003,request_specific,4,3,1,3,0,0,0,3,2,1,0,2.6,0.0,2.6,2.0,223,0
scope_exception_2003,scope_exception,2003,request_specific,6,3,1,3,0,0,0,3,2,1,0,2.6,0.0,2.6,2.0,223,0
scope_exception_2003,scope_exception,2003,request_specific,unlimited,3,1,3,0,0,0,3,2,1,0,2.6,0.0,2.6,2.0,223,0
wrong_sharing_2000,wrong_sharing,2000,no_review,0,3,0,1,2,0,8.0,0,0,0,2,1.9360000000000004,1.9360000000000004,0.0,0.0,0,0
wrong_sharing_2000,wrong_sharing,2000,no_review,1,3,0,1,2,0,8.0,0,0,0,2,1.9360000000000004,1.9360000000000004,0.0,0.0,0,0
wrong_sharing_2000,wrong_sharing,2000,no_review,2,3,0,1,2,0,8.0,0,0,0,2,1.9360000000000004,1.9360000000000004,0.0,0.0,0,0
wrong_sharing_2000,wrong_sharing,2000,no_review,4,3,0,1,2,0,8.0,0,0,0,2,1.9360000000000004,1.9360000000000004,0.0,0.0,0,0
wrong_sharing_2000,wrong_sharing,2000,no_review,6,3,0,1,2,0,8.0,0,0,0,2,1.9360000000000004,1.9360000000000004,0.0,0.0,0,0
wrong_sharing_2000,wrong_sharing,2000,no_review,unlimited,3,0,1,2,0,8.0,0,0,0,2,1.9360000000000004,1.9360000000000004,0.0,0.0,0,0
wrong_sharing_2000,wrong_sharing,2000,memory,0,3,0,1,2,0,8.0,0,0,0,2,1.9360000000000004,1.9360000000000004,0.0,0.0,0,0
wrong_sharing_2000,wrong_sharing,2000,memory,1,3,0,1,2,0,8.0,0,0,0,2,1.9360000000000004,1.9360000000000004,0.0,0.0,0,0
wrong_sharing_2000,wrong_sharing,2000,memory,2,3,0,1,2,0,8.0,0,0,0,2,1.9360000000000004,1.9360000000000004,0.0,0.0,0,0
wrong_sharing_2000,wrong_sharing,2000,memory,4,3,0,1,2,0,8.0,0,0,0,2,1.9360000000000004,1.9360000000000004,0.0,0.0,0,0
wrong_sharing_2000,wrong_sharing,2000,memory,6,3,0,1,2,0,8.0,0,0,0,2,1.9360000000000004,1.9360000000000004,0.0,0.0,0,0
wrong_sharing_2000,wrong_sharing,2000,memory,unlimited,3,0,1,2,0,8.0,0,0,0,2,1.9360000000000004,1.9360000000000004,0.0,0.0,0,0
wrong_sharing_2000,wrong_sharing,2000,uncertainty,0,3,0,1,2,0,8.0,0,0,0,2,1.9360000000000004,1.9360000000000004,0.0,0.0,0,0
wrong_sharing_2000,wrong_sharing,2000,uncertainty,1,3,1,3,0,0,0,1,1,0,0,1.9360000000000004,0.6000000000000001,1.3360000000000003,8.0,0,0
wrong_sharing_2000,wrong_sharing,2000,uncertainty,2,3,1,3,0,0,0,2,2,0,0,1.9360000000000004,0.0,1.9360000000000004,8.0,0,0
wrong_sharing_2000,wrong_sharing,2000,uncertainty,4,3,1,3,0,0,0,3,3,0,0,1.9360000000000004,0.0,1.9360000000000004,8.0,0,0
wrong_sharing_2000,wrong_sharing,2000,uncertainty,6,3,1,3,0,0,0,3,3,0,0,1.9360000000000004,0.0,1.9360000000000004,8.0,0,0
wrong_sharing_2000,wrong_sharing,2000,uncertainty,unlimited,3,1,3,0,0,0,3,3,0,0,1.9360000000000004,0.0,1.9360000000000004,8.0,0,0
wrong_sharing_2000,wrong_sharing,2000,depth1,0,3,0,1,2,0,8.0,0,0,0,2,1.9360000000000004,1.9360000000000004,0.0,0.0,0,0
wrong_sharing_2000,wrong_sharing,2000,depth1,1,3,0,1,2,0,8.0,1,1,0,2,1.9360000000000004,0.16000000000000014,1.7760000000000002,0.0,7,0
wrong_sharing_2000,wrong_sharing,2000,depth1,2,3,1,3,0,0,0,2,2,0,0,1.9360000000000004,0.0,1.9360000000000004,8.0,12,0
wrong_sharing_2000,wrong_sharing,2000,depth1,4,3,1,3,0,0,0,2,2,0,0,1.9360000000000004,0.0,1.9360000000000004,8.0,12,0
wrong_sharing_2000,wrong_sharing,2000,depth1,6,3,1,3,0,0,0,2,2,0,0,1.9360000000000004,0.0,1.9360000000000004,8.0,12,0
wrong_sharing_2000,wrong_sharing,2000,depth1,unlimited,3,1,3,0,0,0,2,2,0,0,1.9360000000000004,0.0,1.9360000000000004,8.0,12,0
wrong_sharing_2000,wrong_sharing,2000,completion,0,3,0,1,2,0,8.0,0,0,0,2,1.9360000000000004,1.9360000000000004,0.0,0.0,0,0
wrong_sharing_2000,wrong_sharing,2000,completion,1,3,1,3,0,0,0,1,1,0,0,1.9360000000000004,0.6000000000000001,1.3360000000000003,8.0,0,0
wrong_sharing_2000,wrong_sharing,2000,completion,2,3,1,3,0,0,0,2,2,0,0,1.9360000000000004,0.0,1.9360000000000004,8.0,0,0
wrong_sharing_2000,wrong_sharing,2000,completion,4,3,1,3,0,0,0,2,2,0,0,1.9360000000000004,0.0,1.9360000000000004,8.0,0,0
wrong_sharing_2000,wrong_sharing,2000,completion,6,3,1,3,0,0,0,2,2,0,0,1.9360000000000004,0.0,1.9360000000000004,8.0,0,0
wrong_sharing_2000,wrong_sharing,2000,completion,unlimited,3,1,3,0,0,0,2,2,0,0,1.9360000000000004,0.0,1.9360000000000004,8.0,0,0
wrong_sharing_2000,wrong_sharing,2000,depth2,0,3,0,1,2,0,8.0,0,0,0,2,1.9360000000000004,1.9360000000000004,0.0,0.0,0,0
wrong_sharing_2000,wrong_sharing,2000,depth2,1,3,0,1,2,0,8.0,1,1,0,2,1.9360000000000004,0.16000000000000014,1.7760000000000002,0.0,7,0
wrong_sharing_2000,wrong_sharing,2000,depth2,2,3,1,3,0,0,0,2,2,0,0,1.9360000000000004,0.0,1.9360000000000004,8.0,24,0
wrong_sharing_2000,wrong_sharing,2000,depth2,4,3,1,3,0,0,0,2,2,0,0,1.9360000000000004,0.0,1.9360000000000004,8.0,28,0
wrong_sharing_2000,wrong_sharing,2000,depth2,6,3,1,3,0,0,0,2,2,0,0,1.9360000000000004,0.0,1.9360000000000004,8.0,28,0
wrong_sharing_2000,wrong_sharing,2000,depth2,unlimited,3,1,3,0,0,0,2,2,0,0,1.9360000000000004,0.0,1.9360000000000004,8.0,28,0
wrong_sharing_2000,wrong_sharing,2000,depth3,0,3,0,1,2,0,8.0,0,0,0,2,1.9360000000000004,1.9360000000000004,0.0,0.0,0,0
wrong_sharing_2000,wrong_sharing,2000,depth3,1,3,0,1,2,0,8.0,1,1,0,2,1.9360000000000004,0.16000000000000014,1.7760000000000002,0.0,7,0
wrong_sharing_2000,wrong_sharing,2000,depth3,2,3,1,3,0,0,0,2,2,0,0,1.9360000000000004,0.0,1.9360000000000004,8.0,24,0
wrong_sharing_2000,wrong_sharing,2000,depth3,4,3,1,3,0,0,0,2,2,0,0,1.9360000000000004,0.0,1.9360000000000004,8.0,36,0
wrong_sharing_2000,wrong_sharing,2000,depth3,6,3,1,3,0,0,0,2,2,0,0,1.9360000000000004,0.0,1.9360000000000004,8.0,36,0
wrong_sharing_2000,wrong_sharing,2000,depth3,unlimited,3,1,3,0,0,0,2,2,0,0,1.9360000000000004,0.0,1.9360000000000004,8.0,36,0
wrong_sharing_2000,wrong_sharing,2000,generic2,0,3,0,1,2,0,8.0,0,0,0,2,1.9360000000000004,1.9360000000000004,0.0,0.0,0,0
wrong_sharing_2000,wrong_sharing,2000,generic2,1,3,0,1,2,0,8.0,1,1,0,2,1.9360000000000004,0.16000000000000014,1.7760000000000002,0.0,7,0
wrong_sharing_2000,wrong_sharing,2000,generic2,2,3,1,3,0,0,0,2,2,0,0,1.9360000000000004,0.0,1.9360000000000004,8.0,24,0
wrong_sharing_2000,wrong_sharing,2000,generic2,4,3,1,3,0,0,0,2,2,0,0,1.9360000000000004,0.0,1.9360000000000004,8.0,28,0
wrong_sharing_2000,wrong_sharing,2000,generic2,6,3,1,3,0,0,0,2,2,0,0,1.9360000000000004,0.0,1.9360000000000004,8.0,28,0
wrong_sharing_2000,wrong_sharing,2000,generic2,unlimited,3,1,3,0,0,0,2,2,0,0,1.9360000000000004,0.0,1.9360000000000004,8.0,28,0
wrong_sharing_2000,wrong_sharing,2000,no_scope,0,3,0,1,2,0,8.0,0,0,0,2,1.9360000000000004,1.9360000000000004,0.0,0.0,0,0
wrong_sharing_2000,wrong_sharing,2000,no_scope,1,3,0,1,2,0,8.0,1,1,0,2,1.9360000000000004,0.16000000000000014,1.7760000000000002,0.0,5,0
wrong_sharing_2000,wrong_sharing,2000,no_scope,2,3,1,3,0,0,0,2,2,0,0,1.9360000000000004,0.0,1.9360000000000004,8.0,12,0
wrong_sharing_2000,wrong_sharing,2000,no_scope,4,3,1,3,0,0,0,2,2,0,0,1.9360000000000004,0.0,1.9360000000000004,8.0,12,0
wrong_sharing_2000,wrong_sharing,2000,no_scope,6,3,1,3,0,0,0,2,2,0,0,1.9360000000000004,0.0,1.9360000000000004,8.0,12,0
wrong_sharing_2000,wrong_sharing,2000,no_scope,unlimited,3,1,3,0,0,0,2,2,0,0,1.9360000000000004,0.0,1.9360000000000004,8.0,12,0
wrong_sharing_2000,wrong_sharing,2000,request_specific,0,3,0,1,2,0,8.0,0,0,0,2,1.9360000000000004,1.9360000000000004,0.0,0.0,0,0
wrong_sharing_2000,wrong_sharing,2000,request_specific,1,3,0,2,1,0,4.0,1,1,0,1,1.9360000000000004,1.2680000000000002,0.6680000000000001,4.0,15,0
wrong_sharing_2000,wrong_sharing,2000,request_specific,2,3,1,3,0,0,0,2,1,1,0,1.9360000000000004,0.6000000000000001,1.3360000000000003,8.0,112,0
wrong_sharing_2000,wrong_sharing,2000,request_specific,4,3,1,3,0,0,0,3,2,1,0,1.9360000000000004,0.0,1.9360000000000004,8.0,223,0
wrong_sharing_2000,wrong_sharing,2000,request_specific,6,3,1,3,0,0,0,3,2,1,0,1.9360000000000004,0.0,1.9360000000000004,8.0,223,0
wrong_sharing_2000,wrong_sharing,2000,request_specific,unlimited,3,1,3,0,0,0,3,2,1,0,1.9360000000000004,0.0,1.9360000000000004,8.0,223,0
wrong_sharing_2001,wrong_sharing,2001,no_review,0,3,1,3,0,0,0,0,0,0,0,1.9360000000000004,1.9360000000000004,0.0,0,0,0
wrong_sharing_2001,wrong_sharing,2001,no_review,1,3,1,3,0,0,0,0,0,0,0,1.9360000000000004,1.9360000000000004,0.0,0,0,0
wrong_sharing_2001,wrong_sharing,2001,no_review,2,3,1,3,0,0,0,0,0,0,0,1.9360000000000004,1.9360000000000004,0.0,0,0,0
wrong_sharing_2001,wrong_sharing,2001,no_review,4,3,1,3,0,0,0,0,0,0,0,1.9360000000000004,1.9360000000000004,0.0,0,0,0
wrong_sharing_2001,wrong_sharing,2001,no_review,6,3,1,3,0,0,0,0,0,0,0,1.9360000000000004,1.9360000000000004,0.0,0,0,0
wrong_sharing_2001,wrong_sharing,2001,no_review,unlimited,3,1,3,0,0,0,0,0,0,0,1.9360000000000004,1.9360000000000004,0.0,0,0,0
wrong_sharing_2001,wrong_sharing,2001,memory,0,3,1,3,0,0,0,0,0,0,0,1.9360000000000004,1.9360000000000004,0.0,0,0,0
wrong_sharing_2001,wrong_sharing,2001,memory,1,3,1,3,0,0,0,0,0,0,0,1.9360000000000004,1.9360000000000004,0.0,0,0,0
wrong_sharing_2001,wrong_sharing,2001,memory,2,3,1,3,0,0,0,0,0,0,0,1.9360000000000004,1.9360000000000004,0.0,0,0,0
wrong_sharing_2001,wrong_sharing,2001,memory,4,3,1,3,0,0,0,0,0,0,0,1.9360000000000004,1.9360000000000004,0.0,0,0,0
wrong_sharing_2001,wrong_sharing,2001,memory,6,3,1,3,0,0,0,0,0,0,0,1.9360000000000004,1.9360000000000004,0.0,0,0,0
wrong_sharing_2001,wrong_sharing,2001,memory,unlimited,3,1,3,0,0,0,0,0,0,0,1.9360000000000004,1.9360000000000004,0.0,0,0,0
wrong_sharing_2001,wrong_sharing,2001,uncertainty,0,3,1,3,0,0,0,0,0,0,0,1.9360000000000004,1.9360000000000004,0.0,0,0,0
wrong_sharing_2001,wrong_sharing,2001,uncertainty,1,3,1,3,0,0,0,1,1,0,0,1.9360000000000004,0.6000000000000001,1.3360000000000003,0,0,0
wrong_sharing_2001,wrong_sharing,2001,uncertainty,2,3,1,3,0,0,0,2,2,0,0,1.9360000000000004,0.0,1.9360000000000004,0,0,0
wrong_sharing_2001,wrong_sharing,2001,uncertainty,4,3,1,3,0,0,0,3,3,0,0,1.9360000000000004,0.0,1.9360000000000004,0,0,0
wrong_sharing_2001,wrong_sharing,2001,uncertainty,6,3,1,3,0,0,0,3,3,0,0,1.9360000000000004,0.0,1.9360000000000004,0,0,0
wrong_sharing_2001,wrong_sharing,2001,uncertainty,unlimited,3,1,3,0,0,0,3,3,0,0,1.9360000000000004,0.0,1.9360000000000004,0,0,0
wrong_sharing_2001,wrong_sharing,2001,depth1,0,3,1,3,0,0,0,0,0,0,0,1.9360000000000004,1.9360000000000004,0.0,0,0,0
wrong_sharing_2001,wrong_sharing,2001,depth1,1,3,1,3,0,0,0,1,1,0,0,1.9360000000000004,0.16000000000000014,1.7760000000000002,0,7,0
wrong_sharing_2001,wrong_sharing,2001,depth1,2,3,1,3,0,0,0,2,2,0,0,1.9360000000000004,0.0,1.9360000000000004,0,12,0
wrong_sharing_2001,wrong_sharing,2001,depth1,4,3,1,3,0,0,0,2,2,0,0,1.9360000000000004,0.0,1.9360000000000004,0,12,0
wrong_sharing_2001,wrong_sharing,2001,depth1,6,3,1,3,0,0,0,2,2,0,0,1.9360000000000004,0.0,1.9360000000000004,0,12,0
wrong_sharing_2001,wrong_sharing,2001,depth1,unlimited,3,1,3,0,0,0,2,2,0,0,1.9360000000000004,0.0,1.9360000000000004,0,12,0
wrong_sharing_2001,wrong_sharing,2001,completion,0,3,1,3,0,0,0,0,0,0,0,1.9360000000000004,1.9360000000000004,0.0,0,0,0
wrong_sharing_2001,wrong_sharing,2001,completion,1,3,1,3,0,0,0,1,1,0,0,1.9360000000000004,0.6000000000000001,1.3360000000000003,0,0,0
wrong_sharing_2001,wrong_sharing,2001,completion,2,3,1,3,0,0,0,2,2,0,0,1.9360000000000004,0.0,1.9360000000000004,0,0,0
wrong_sharing_2001,wrong_sharing,2001,completion,4,3,1,3,0,0,0,2,2,0,0,1.9360000000000004,0.0,1.9360000000000004,0,0,0
wrong_sharing_2001,wrong_sharing,2001,completion,6,3,1,3,0,0,0,2,2,0,0,1.9360000000000004,0.0,1.9360000000000004,0,0,0
wrong_sharing_2001,wrong_sharing,2001,completion,unlimited,3,1,3,0,0,0,2,2,0,0,1.9360000000000004,0.0,1.9360000000000004,0,0,0
wrong_sharing_2001,wrong_sharing,2001,depth2,0,3,1,3,0,0,0,0,0,0,0,1.9360000000000004,1.9360000000000004,0.0,0,0,0
wrong_sharing_2001,wrong_sharing,2001,depth2,1,3,1,3,0,0,0,1,1,0,0,1.9360000000000004,0.16000000000000014,1.7760000000000002,0,7,0
wrong_sharing_2001,wrong_sharing,2001,depth2,2,3,1,3,0,0,0,2,2,0,0,1.9360000000000004,0.0,1.9360000000000004,0,24,0
wrong_sharing_2001,wrong_sharing,2001,depth2,4,3,1,3,0,0,0,2,2,0,0,1.9360000000000004,0.0,1.9360000000000004,0,28,0
wrong_sharing_2001,wrong_sharing,2001,depth2,6,3,1,3,0,0,0,2,2,0,0,1.9360000000000004,0.0,1.9360000000000004,0,28,0
wrong_sharing_2001,wrong_sharing,2001,depth2,unlimited,3,1,3,0,0,0,2,2,0,0,1.9360000000000004,0.0,1.9360000000000004,0,28,0
wrong_sharing_2001,wrong_sharing,2001,depth3,0,3,1,3,0,0,0,0,0,0,0,1.9360000000000004,1.9360000000000004,0.0,0,0,0
wrong_sharing_2001,wrong_sharing,2001,depth3,1,3,1,3,0,0,0,1,1,0,0,1.9360000000000004,0.16000000000000014,1.7760000000000002,0,7,0
wrong_sharing_2001,wrong_sharing,2001,depth3,2,3,1,3,0,0,0,2,2,0,0,1.9360000000000004,0.0,1.9360000000000004,0,24,0
wrong_sharing_2001,wrong_sharing,2001,depth3,4,3,1,3,0,0,0,2,2,0,0,1.9360000000000004,0.0,1.9360000000000004,0,36,0
wrong_sharing_2001,wrong_sharing,2001,depth3,6,3,1,3,0,0,0,2,2,0,0,1.9360000000000004,0.0,1.9360000000000004,0,36,0
wrong_sharing_2001,wrong_sharing,2001,depth3,unlimited,3,1,3,0,0,0,2,2,0,0,1.9360000000000004,0.0,1.9360000000000004,0,36,0
wrong_sharing_2001,wrong_sharing,2001,generic2,0,3,1,3,0,0,0,0,0,0,0,1.9360000000000004,1.9360000000000004,0.0,0,0,0
wrong_sharing_2001,wrong_sharing,2001,generic2,1,3,1,3,0,0,0,1,1,0,0,1.9360000000000004,0.16000000000000014,1.7760000000000002,0,7,0
wrong_sharing_2001,wrong_sharing,2001,generic2,2,3,1,3,0,0,0,2,2,0,0,1.9360000000000004,0.0,1.9360000000000004,0,24,0
wrong_sharing_2001,wrong_sharing,2001,generic2,4,3,1,3,0,0,0,2,2,0,0,1.9360000000000004,0.0,1.9360000000000004,0,28,0
wrong_sharing_2001,wrong_sharing,2001,generic2,6,3,1,3,0,0,0,2,2,0,0,1.9360000000000004,0.0,1.9360000000000004,0,28,0
wrong_sharing_2001,wrong_sharing,2001,generic2,unlimited,3,1,3,0,0,0,2,2,0,0,1.9360000000000004,0.0,1.9360000000000004,0,28,0
wrong_sharing_2001,wrong_sharing,2001,no_scope,0,3,1,3,0,0,0,0,0,0,0,1.9360000000000004,1.9360000000000004,0.0,0,0,0
wrong_sharing_2001,wrong_sharing,2001,no_scope,1,3,1,3,0,0,0,1,1,0,0,1.9360000000000004,0.16000000000000014,1.7760000000000002,0,5,0
wrong_sharing_2001,wrong_sharing,2001,no_scope,2,3,1,3,0,0,0,2,2,0,0,1.9360000000000004,0.0,1.9360000000000004,0,12,0
wrong_sharing_2001,wrong_sharing,2001,no_scope,4,3,1,3,0,0,0,2,2,0,0,1.9360000000000004,0.0,1.9360000000000004,0,12,0
wrong_sharing_2001,wrong_sharing,2001,no_scope,6,3,1,3,0,0,0,2,2,0,0,1.9360000000000004,0.0,1.9360000000000004,0,12,0
wrong_sharing_2001,wrong_sharing,2001,no_scope,unlimited,3,1,3,0,0,0,2,2,0,0,1.9360000000000004,0.0,1.9360000000000004,0,12,0
wrong_sharing_2001,wrong_sharing,2001,request_specific,0,3,1,3,0,0,0,0,0,0,0,1.9360000000000004,1.9360000000000004,0.0,0,0,0
wrong_sharing_2001,wrong_sharing,2001,request_specific,1,3,1,3,0,0,0,1,1,0,0,1.9360000000000004,1.2680000000000002,0.6680000000000001,0,15,0
wrong_sharing_2001,wrong_sharing,2001,request_specific,2,3,1,3,0,0,0,2,1,1,0,1.9360000000000004,0.6000000000000001,1.3360000000000003,0,112,0
wrong_sharing_2001,wrong_sharing,2001,request_specific,4,3,1,3,0,0,0,3,2,1,0,1.9360000000000004,0.0,1.9360000000000004,0,223,0
wrong_sharing_2001,wrong_sharing,2001,request_specific,6,3,1,3,0,0,0,3,2,1,0,1.9360000000000004,0.0,1.9360000000000004,0,223,0
wrong_sharing_2001,wrong_sharing,2001,request_specific,unlimited,3,1,3,0,0,0,3,2,1,0,1.9360000000000004,0.0,1.9360000000000004,0,223,0
wrong_sharing_2002,wrong_sharing,2002,no_review,0,3,0,1,2,0,8.0,0,0,0,2,1.9360000000000004,1.9360000000000004,0.0,0.0,0,0
wrong_sharing_2002,wrong_sharing,2002,no_review,1,3,0,1,2,0,8.0,0,0,0,2,1.9360000000000004,1.9360000000000004,0.0,0.0,0,0
wrong_sharing_2002,wrong_sharing,2002,no_review,2,3,0,1,2,0,8.0,0,0,0,2,1.9360000000000004,1.9360000000000004,0.0,0.0,0,0
wrong_sharing_2002,wrong_sharing,2002,no_review,4,3,0,1,2,0,8.0,0,0,0,2,1.9360000000000004,1.9360000000000004,0.0,0.0,0,0
wrong_sharing_2002,wrong_sharing,2002,no_review,6,3,0,1,2,0,8.0,0,0,0,2,1.9360000000000004,1.9360000000000004,0.0,0.0,0,0
wrong_sharing_2002,wrong_sharing,2002,no_review,unlimited,3,0,1,2,0,8.0,0,0,0,2,1.9360000000000004,1.9360000000000004,0.0,0.0,0,0
wrong_sharing_2002,wrong_sharing,2002,memory,0,3,0,1,2,0,8.0,0,0,0,2,1.9360000000000004,1.9360000000000004,0.0,0.0,0,0
wrong_sharing_2002,wrong_sharing,2002,memory,1,3,0,1,2,0,8.0,0,0,0,2,1.9360000000000004,1.9360000000000004,0.0,0.0,0,0
wrong_sharing_2002,wrong_sharing,2002,memory,2,3,0,1,2,0,8.0,0,0,0,2,1.9360000000000004,1.9360000000000004,0.0,0.0,0,0
wrong_sharing_2002,wrong_sharing,2002,memory,4,3,0,1,2,0,8.0,0,0,0,2,1.9360000000000004,1.9360000000000004,0.0,0.0,0,0
wrong_sharing_2002,wrong_sharing,2002,memory,6,3,0,1,2,0,8.0,0,0,0,2,1.9360000000000004,1.9360000000000004,0.0,0.0,0,0
wrong_sharing_2002,wrong_sharing,2002,memory,unlimited,3,0,1,2,0,8.0,0,0,0,2,1.9360000000000004,1.9360000000000004,0.0,0.0,0,0
wrong_sharing_2002,wrong_sharing,2002,uncertainty,0,3,0,1,2,0,8.0,0,0,0,2,1.9360000000000004,1.9360000000000004,0.0,0.0,0,0
wrong_sharing_2002,wrong_sharing,2002,uncertainty,1,3,1,3,0,0,0,1,1,0,0,1.9360000000000004,0.6000000000000001,1.3360000000000003,8.0,0,0
wrong_sharing_2002,wrong_sharing,2002,uncertainty,2,3,1,3,0,0,0,2,2,0,0,1.9360000000000004,0.0,1.9360000000000004,8.0,0,0
wrong_sharing_2002,wrong_sharing,2002,uncertainty,4,3,1,3,0,0,0,3,3,0,0,1.9360000000000004,0.0,1.9360000000000004,8.0,0,0
wrong_sharing_2002,wrong_sharing,2002,uncertainty,6,3,1,3,0,0,0,3,3,0,0,1.9360000000000004,0.0,1.9360000000000004,8.0,0,0
wrong_sharing_2002,wrong_sharing,2002,uncertainty,unlimited,3,1,3,0,0,0,3,3,0,0,1.9360000000000004,0.0,1.9360000000000004,8.0,0,0
wrong_sharing_2002,wrong_sharing,2002,depth1,0,3,0,1,2,0,8.0,0,0,0,2,1.9360000000000004,1.9360000000000004,0.0,0.0,0,0
wrong_sharing_2002,wrong_sharing,2002,depth1,1,3,0,1,2,0,8.0,1,1,0,2,1.9360000000000004,0.16000000000000014,1.7760000000000002,0.0,7,0
wrong_sharing_2002,wrong_sharing,2002,depth1,2,3,1,3,0,0,0,2,2,0,0,1.9360000000000004,0.0,1.9360000000000004,8.0,12,0
wrong_sharing_2002,wrong_sharing,2002,depth1,4,3,1,3,0,0,0,2,2,0,0,1.9360000000000004,0.0,1.9360000000000004,8.0,12,0
wrong_sharing_2002,wrong_sharing,2002,depth1,6,3,1,3,0,0,0,2,2,0,0,1.9360000000000004,0.0,1.9360000000000004,8.0,12,0
wrong_sharing_2002,wrong_sharing,2002,depth1,unlimited,3,1,3,0,0,0,2,2,0,0,1.9360000000000004,0.0,1.9360000000000004,8.0,12,0
wrong_sharing_2002,wrong_sharing,2002,completion,0,3,0,1,2,0,8.0,0,0,0,2,1.9360000000000004,1.9360000000000004,0.0,0.0,0,0
wrong_sharing_2002,wrong_sharing,2002,completion,1,3,1,3,0,0,0,1,1,0,0,1.9360000000000004,0.6000000000000001,1.3360000000000003,8.0,0,0
wrong_sharing_2002,wrong_sharing,2002,completion,2,3,1,3,0,0,0,2,2,0,0,1.9360000000000004,0.0,1.9360000000000004,8.0,0,0
wrong_sharing_2002,wrong_sharing,2002,completion,4,3,1,3,0,0,0,2,2,0,0,1.9360000000000004,0.0,1.9360000000000004,8.0,0,0
wrong_sharing_2002,wrong_sharing,2002,completion,6,3,1,3,0,0,0,2,2,0,0,1.9360000000000004,0.0,1.9360000000000004,8.0,0,0
wrong_sharing_2002,wrong_sharing,2002,completion,unlimited,3,1,3,0,0,0,2,2,0,0,1.9360000000000004,0.0,1.9360000000000004,8.0,0,0
wrong_sharing_2002,wrong_sharing,2002,depth2,0,3,0,1,2,0,8.0,0,0,0,2,1.9360000000000004,1.9360000000000004,0.0,0.0,0,0
wrong_sharing_2002,wrong_sharing,2002,depth2,1,3,0,1,2,0,8.0,1,1,0,2,1.9360000000000004,0.16000000000000014,1.7760000000000002,0.0,7,0
wrong_sharing_2002,wrong_sharing,2002,depth2,2,3,1,3,0,0,0,2,2,0,0,1.9360000000000004,0.0,1.9360000000000004,8.0,24,0
wrong_sharing_2002,wrong_sharing,2002,depth2,4,3,1,3,0,0,0,2,2,0,0,1.9360000000000004,0.0,1.9360000000000004,8.0,28,0
wrong_sharing_2002,wrong_sharing,2002,depth2,6,3,1,3,0,0,0,2,2,0,0,1.9360000000000004,0.0,1.9360000000000004,8.0,28,0
wrong_sharing_2002,wrong_sharing,2002,depth2,unlimited,3,1,3,0,0,0,2,2,0,0,1.9360000000000004,0.0,1.9360000000000004,8.0,28,0
wrong_sharing_2002,wrong_sharing,2002,depth3,0,3,0,1,2,0,8.0,0,0,0,2,1.9360000000000004,1.9360000000000004,0.0,0.0,0,0
wrong_sharing_2002,wrong_sharing,2002,depth3,1,3,0,1,2,0,8.0,1,1,0,2,1.9360000000000004,0.16000000000000014,1.7760000000000002,0.0,7,0
wrong_sharing_2002,wrong_sharing,2002,depth3,2,3,1,3,0,0,0,2,2,0,0,1.9360000000000004,0.0,1.9360000000000004,8.0,24,0
wrong_sharing_2002,wrong_sharing,2002,depth3,4,3,1,3,0,0,0,2,2,0,0,1.9360000000000004,0.0,1.9360000000000004,8.0,36,0
wrong_sharing_2002,wrong_sharing,2002,depth3,6,3,1,3,0,0,0,2,2,0,0,1.9360000000000004,0.0,1.9360000000000004,8.0,36,0
wrong_sharing_2002,wrong_sharing,2002,depth3,unlimited,3,1,3,0,0,0,2,2,0,0,1.9360000000000004,0.0,1.9360000000000004,8.0,36,0
wrong_sharing_2002,wrong_sharing,2002,generic2,0,3,0,1,2,0,8.0,0,0,0,2,1.9360000000000004,1.9360000000000004,0.0,0.0,0,0
wrong_sharing_2002,wrong_sharing,2002,generic2,1,3,0,1,2,0,8.0,1,1,0,2,1.9360000000000004,0.16000000000000014,1.7760000000000002,0.0,7,0
wrong_sharing_2002,wrong_sharing,2002,generic2,2,3,1,3,0,0,0,2,2,0,0,1.9360000000000004,0.0,1.9360000000000004,8.0,24,0
wrong_sharing_2002,wrong_sharing,2002,generic2,4,3,1,3,0,0,0,2,2,0,0,1.9360000000000004,0.0,1.9360000000000004,8.0,28,0
wrong_sharing_2002,wrong_sharing,2002,generic2,6,3,1,3,0,0,0,2,2,0,0,1.9360000000000004,0.0,1.9360000000000004,8.0,28,0
wrong_sharing_2002,wrong_sharing,2002,generic2,unlimited,3,1,3,0,0,0,2,2,0,0,1.9360000000000004,0.0,1.9360000000000004,8.0,28,0
wrong_sharing_2002,wrong_sharing,2002,no_scope,0,3,0,1,2,0,8.0,0,0,0,2,1.9360000000000004,1.9360000000000004,0.0,0.0,0,0
wrong_sharing_2002,wrong_sharing,2002,no_scope,1,3,0,1,2,0,8.0,1,1,0,2,1.9360000000000004,0.16000000000000014,1.7760000000000002,0.0,5,0
wrong_sharing_2002,wrong_sharing,2002,no_scope,2,3,1,3,0,0,0,2,2,0,0,1.9360000000000004,0.0,1.9360000000000004,8.0,12,0
wrong_sharing_2002,wrong_sharing,2002,no_scope,4,3,1,3,0,0,0,2,2,0,0,1.9360000000000004,0.0,1.9360000000000004,8.0,12,0
wrong_sharing_2002,wrong_sharing,2002,no_scope,6,3,1,3,0,0,0,2,2,0,0,1.9360000000000004,0.0,1.9360000000000004,8.0,12,0
wrong_sharing_2002,wrong_sharing,2002,no_scope,unlimited,3,1,3,0,0,0,2,2,0,0,1.9360000000000004,0.0,1.9360000000000004,8.0,12,0
wrong_sharing_2002,wrong_sharing,2002,request_specific,0,3,0,1,2,0,8.0,0,0,0,2,1.9360000000000004,1.9360000000000004,0.0,0.0,0,0
wrong_sharing_2002,wrong_sharing,2002,request_specific,1,3,0,2,1,0,4.0,1,1,0,1,1.9360000000000004,1.2680000000000002,0.6680000000000001,4.0,15,0
wrong_sharing_2002,wrong_sharing,2002,request_specific,2,3,1,3,0,0,0,2,1,1,0,1.9360000000000004,0.6000000000000001,1.3360000000000003,8.0,112,0
wrong_sharing_2002,wrong_sharing,2002,request_specific,4,3,1,3,0,0,0,3,2,1,0,1.9360000000000004,0.0,1.9360000000000004,8.0,223,0
wrong_sharing_2002,wrong_sharing,2002,request_specific,6,3,1,3,0,0,0,3,2,1,0,1.9360000000000004,0.0,1.9360000000000004,8.0,223,0
wrong_sharing_2002,wrong_sharing,2002,request_specific,unlimited,3,1,3,0,0,0,3,2,1,0,1.9360000000000004,0.0,1.9360000000000004,8.0,223,0
wrong_sharing_2003,wrong_sharing,2003,no_review,0,3,0,1,2,0,8.0,0,0,0,2,1.9360000000000004,1.9360000000000004,0.0,0.0,0,0
wrong_sharing_2003,wrong_sharing,2003,no_review,1,3,0,1,2,0,8.0,0,0,0,2,1.9360000000000004,1.9360000000000004,0.0,0.0,0,0
wrong_sharing_2003,wrong_sharing,2003,no_review,2,3,0,1,2,0,8.0,0,0,0,2,1.9360000000000004,1.9360000000000004,0.0,0.0,0,0
wrong_sharing_2003,wrong_sharing,2003,no_review,4,3,0,1,2,0,8.0,0,0,0,2,1.9360000000000004,1.9360000000000004,0.0,0.0,0,0
wrong_sharing_2003,wrong_sharing,2003,no_review,6,3,0,1,2,0,8.0,0,0,0,2,1.9360000000000004,1.9360000000000004,0.0,0.0,0,0
wrong_sharing_2003,wrong_sharing,2003,no_review,unlimited,3,0,1,2,0,8.0,0,0,0,2,1.9360000000000004,1.9360000000000004,0.0,0.0,0,0
wrong_sharing_2003,wrong_sharing,2003,memory,0,3,0,1,2,0,8.0,0,0,0,2,1.9360000000000004,1.9360000000000004,0.0,0.0,0,0
wrong_sharing_2003,wrong_sharing,2003,memory,1,3,0,1,2,0,8.0,0,0,0,2,1.9360000000000004,1.9360000000000004,0.0,0.0,0,0
wrong_sharing_2003,wrong_sharing,2003,memory,2,3,0,1,2,0,8.0,0,0,0,2,1.9360000000000004,1.9360000000000004,0.0,0.0,0,0
wrong_sharing_2003,wrong_sharing,2003,memory,4,3,0,1,2,0,8.0,0,0,0,2,1.9360000000000004,1.9360000000000004,0.0,0.0,0,0
wrong_sharing_2003,wrong_sharing,2003,memory,6,3,0,1,2,0,8.0,0,0,0,2,1.9360000000000004,1.9360000000000004,0.0,0.0,0,0
wrong_sharing_2003,wrong_sharing,2003,memory,unlimited,3,0,1,2,0,8.0,0,0,0,2,1.9360000000000004,1.9360000000000004,0.0,0.0,0,0
wrong_sharing_2003,wrong_sharing,2003,uncertainty,0,3,0,1,2,0,8.0,0,0,0,2,1.9360000000000004,1.9360000000000004,0.0,0.0,0,0
wrong_sharing_2003,wrong_sharing,2003,uncertainty,1,3,1,3,0,0,0,1,1,0,0,1.9360000000000004,0.6000000000000001,1.3360000000000003,8.0,0,0
wrong_sharing_2003,wrong_sharing,2003,uncertainty,2,3,1,3,0,0,0,2,2,0,0,1.9360000000000004,0.0,1.9360000000000004,8.0,0,0
wrong_sharing_2003,wrong_sharing,2003,uncertainty,4,3,1,3,0,0,0,3,3,0,0,1.9360000000000004,0.0,1.9360000000000004,8.0,0,0
wrong_sharing_2003,wrong_sharing,2003,uncertainty,6,3,1,3,0,0,0,3,3,0,0,1.9360000000000004,0.0,1.9360000000000004,8.0,0,0
wrong_sharing_2003,wrong_sharing,2003,uncertainty,unlimited,3,1,3,0,0,0,3,3,0,0,1.9360000000000004,0.0,1.9360000000000004,8.0,0,0
wrong_sharing_2003,wrong_sharing,2003,depth1,0,3,0,1,2,0,8.0,0,0,0,2,1.9360000000000004,1.9360000000000004,0.0,0.0,0,0
wrong_sharing_2003,wrong_sharing,2003,depth1,1,3,0,1,2,0,8.0,1,1,0,2,1.9360000000000004,0.16000000000000014,1.7760000000000002,0.0,7,0
wrong_sharing_2003,wrong_sharing,2003,depth1,2,3,1,3,0,0,0,2,2,0,0,1.9360000000000004,0.0,1.9360000000000004,8.0,12,0
wrong_sharing_2003,wrong_sharing,2003,depth1,4,3,1,3,0,0,0,2,2,0,0,1.9360000000000004,0.0,1.9360000000000004,8.0,12,0
wrong_sharing_2003,wrong_sharing,2003,depth1,6,3,1,3,0,0,0,2,2,0,0,1.9360000000000004,0.0,1.9360000000000004,8.0,12,0
wrong_sharing_2003,wrong_sharing,2003,depth1,unlimited,3,1,3,0,0,0,2,2,0,0,1.9360000000000004,0.0,1.9360000000000004,8.0,12,0
wrong_sharing_2003,wrong_sharing,2003,completion,0,3,0,1,2,0,8.0,0,0,0,2,1.9360000000000004,1.9360000000000004,0.0,0.0,0,0
wrong_sharing_2003,wrong_sharing,2003,completion,1,3,1,3,0,0,0,1,1,0,0,1.9360000000000004,0.6000000000000001,1.3360000000000003,8.0,0,0
wrong_sharing_2003,wrong_sharing,2003,completion,2,3,1,3,0,0,0,2,2,0,0,1.9360000000000004,0.0,1.9360000000000004,8.0,0,0
wrong_sharing_2003,wrong_sharing,2003,completion,4,3,1,3,0,0,0,2,2,0,0,1.9360000000000004,0.0,1.9360000000000004,8.0,0,0
wrong_sharing_2003,wrong_sharing,2003,completion,6,3,1,3,0,0,0,2,2,0,0,1.9360000000000004,0.0,1.9360000000000004,8.0,0,0
wrong_sharing_2003,wrong_sharing,2003,completion,unlimited,3,1,3,0,0,0,2,2,0,0,1.9360000000000004,0.0,1.9360000000000004,8.0,0,0
wrong_sharing_2003,wrong_sharing,2003,depth2,0,3,0,1,2,0,8.0,0,0,0,2,1.9360000000000004,1.9360000000000004,0.0,0.0,0,0
wrong_sharing_2003,wrong_sharing,2003,depth2,1,3,0,1,2,0,8.0,1,1,0,2,1.9360000000000004,0.16000000000000014,1.7760000000000002,0.0,7,0
wrong_sharing_2003,wrong_sharing,2003,depth2,2,3,1,3,0,0,0,2,2,0,0,1.9360000000000004,0.0,1.9360000000000004,8.0,24,0
wrong_sharing_2003,wrong_sharing,2003,depth2,4,3,1,3,0,0,0,2,2,0,0,1.9360000000000004,0.0,1.9360000000000004,8.0,28,0
wrong_sharing_2003,wrong_sharing,2003,depth2,6,3,1,3,0,0,0,2,2,0,0,1.9360000000000004,0.0,1.9360000000000004,8.0,28,0
wrong_sharing_2003,wrong_sharing,2003,depth2,unlimited,3,1,3,0,0,0,2,2,0,0,1.9360000000000004,0.0,1.9360000000000004,8.0,28,0
wrong_sharing_2003,wrong_sharing,2003,depth3,0,3,0,1,2,0,8.0,0,0,0,2,1.9360000000000004,1.9360000000000004,0.0,0.0,0,0
wrong_sharing_2003,wrong_sharing,2003,depth3,1,3,0,1,2,0,8.0,1,1,0,2,1.9360000000000004,0.16000000000000014,1.7760000000000002,0.0,7,0
wrong_sharing_2003,wrong_sharing,2003,depth3,2,3,1,3,0,0,0,2,2,0,0,1.9360000000000004,0.0,1.9360000000000004,8.0,24,0
wrong_sharing_2003,wrong_sharing,2003,depth3,4,3,1,3,0,0,0,2,2,0,0,1.9360000000000004,0.0,1.9360000000000004,8.0,36,0
wrong_sharing_2003,wrong_sharing,2003,depth3,6,3,1,3,0,0,0,2,2,0,0,1.9360000000000004,0.0,1.9360000000000004,8.0,36,0
wrong_sharing_2003,wrong_sharing,2003,depth3,unlimited,3,1,3,0,0,0,2,2,0,0,1.9360000000000004,0.0,1.9360000000000004,8.0,36,0
wrong_sharing_2003,wrong_sharing,2003,generic2,0,3,0,1,2,0,8.0,0,0,0,2,1.9360000000000004,1.9360000000000004,0.0,0.0,0,0
wrong_sharing_2003,wrong_sharing,2003,generic2,1,3,0,1,2,0,8.0,1,1,0,2,1.9360000000000004,0.16000000000000014,1.7760000000000002,0.0,7,0
wrong_sharing_2003,wrong_sharing,2003,generic2,2,3,1,3,0,0,0,2,2,0,0,1.9360000000000004,0.0,1.9360000000000004,8.0,24,0
wrong_sharing_2003,wrong_sharing,2003,generic2,4,3,1,3,0,0,0,2,2,0,0,1.9360000000000004,0.0,1.9360000000000004,8.0,28,0
wrong_sharing_2003,wrong_sharing,2003,generic2,6,3,1,3,0,0,0,2,2,0,0,1.9360000000000004,0.0,1.9360000000000004,8.0,28,0
wrong_sharing_2003,wrong_sharing,2003,generic2,unlimited,3,1,3,0,0,0,2,2,0,0,1.9360000000000004,0.0,1.9360000000000004,8.0,28,0
wrong_sharing_2003,wrong_sharing,2003,no_scope,0,3,0,1,2,0,8.0,0,0,0,2,1.9360000000000004,1.9360000000000004,0.0,0.0,0,0
wrong_sharing_2003,wrong_sharing,2003,no_scope,1,3,0,1,2,0,8.0,1,1,0,2,1.9360000000000004,0.16000000000000014,1.7760000000000002,0.0,5,0
wrong_sharing_2003,wrong_sharing,2003,no_scope,2,3,1,3,0,0,0,2,2,0,0,1.9360000000000004,0.0,1.9360000000000004,8.0,12,0
wrong_sharing_2003,wrong_sharing,2003,no_scope,4,3,1,3,0,0,0,2,2,0,0,1.9360000000000004,0.0,1.9360000000000004,8.0,12,0
wrong_sharing_2003,wrong_sharing,2003,no_scope,6,3,1,3,0,0,0,2,2,0,0,1.9360000000000004,0.0,1.9360000000000004,8.0,12,0
wrong_sharing_2003,wrong_sharing,2003,no_scope,unlimited,3,1,3,0,0,0,2,2,0,0,1.9360000000000004,0.0,1.9360000000000004,8.0,12,0
wrong_sharing_2003,wrong_sharing,2003,request_specific,0,3,0,1,2,0,8.0,0,0,0,2,1.9360000000000004,1.9360000000000004,0.0,0.0,0,0
wrong_sharing_2003,wrong_sharing,2003,request_specific,1,3,0,2,1,0,4.0,1,1,0,1,1.9360000000000004,1.2680000000000002,0.6680000000000001,4.0,15,0
wrong_sharing_2003,wrong_sharing,2003,request_specific,2,3,1,3,0,0,0,2,1,1,0,1.9360000000000004,0.6000000000000001,1.3360000000000003,8.0,112,0
wrong_sharing_2003,wrong_sharing,2003,request_specific,4,3,1,3,0,0,0,3,2,1,0,1.9360000000000004,0.0,1.9360000000000004,8.0,223,0
wrong_sharing_2003,wrong_sharing,2003,request_specific,6,3,1,3,0,0,0,3,2,1,0,1.9360000000000004,0.0,1.9360000000000004,8.0,223,0
wrong_sharing_2003,wrong_sharing,2003,request_specific,unlimited,3,1,3,0,0,0,3,2,1,0,1.9360000000000004,0.0,1.9360000000000004,8.0,223,0
revision_2000,revision,2000,no_review,0,4,0,3,0,1,1.0,0,0,0,0,1.0,1.0,0.0,0.0,0,0
revision_2000,revision,2000,no_review,1,4,0,3,0,1,1.0,0,0,0,0,1.0,1.0,0.0,0.0,0,0
revision_2000,revision,2000,no_review,2,4,0,3,0,1,1.0,0,0,0,0,1.0,1.0,0.0,0.0,0,0
revision_2000,revision,2000,no_review,4,4,0,3,0,1,1.0,0,0,0,0,1.0,1.0,0.0,0.0,0,0
revision_2000,revision,2000,no_review,6,4,0,3,0,1,1.0,0,0,0,0,1.0,1.0,0.0,0.0,0,0
revision_2000,revision,2000,no_review,unlimited,4,0,3,0,1,1.0,0,0,0,0,1.0,1.0,0.0,0.0,0,0
revision_2000,revision,2000,memory,0,4,0,3,0,1,1.0,0,0,0,0,1.0,1.0,0.0,0.0,0,0
revision_2000,revision,2000,memory,1,4,0,3,0,1,1.0,0,0,0,0,1.0,1.0,0.0,0.0,0,0
revision_2000,revision,2000,memory,2,4,0,3,0,1,1.0,0,0,0,0,1.0,1.0,0.0,0.0,0,0
revision_2000,revision,2000,memory,4,4,0,3,0,1,1.0,0,0,0,0,1.0,1.0,0.0,0.0,0,0
revision_2000,revision,2000,memory,6,4,0,3,0,1,1.0,0,0,0,0,1.0,1.0,0.0,0.0,0,0
revision_2000,revision,2000,memory,unlimited,4,0,3,0,1,1.0,0,0,0,0,1.0,1.0,0.0,0.0,0,0
revision_2000,revision,2000,uncertainty,0,4,0,3,0,1,1.0,0,0,0,0,1.0,1.0,0.0,0.0,0,0
revision_2000,revision,2000,uncertainty,1,4,1,4,0,0,0,1,1,0,0,1.0,0.0,1.0,1.0,0,0
revision_2000,revision,2000,uncertainty,2,4,1,4,0,0,0,1,1,0,0,1.0,0.0,1.0,1.0,0,0
revision_2000,revision,2000,uncertainty,4,4,1,4,0,0,0,1,1,0,0,1.0,0.0,1.0,1.0,0,0
revision_2000,revision,2000,uncertainty,6,4,1,4,0,0,0,1,1,0,0,1.0,0.0,1.0,1.0,0,0
revision_2000,revision,2000,uncertainty,unlimited,4,1,4,0,0,0,1,1,0,0,1.0,0.0,1.0,1.0,0,0
revision_2000,revision,2000,depth1,0,4,0,3,0,1,1.0,0,0,0,0,1.0,1.0,0.0,0.0,0,0
revision_2000,revision,2000,depth1,1,4,1,4,0,0,0,1,1,0,0,1.0,0.0,1.0,1.0,3,0
revision_2000,revision,2000,depth1,2,4,1,4,0,0,0,1,1,0,0,1.0,0.0,1.0,1.0,3,0
revision_2000,revision,2000,depth1,4,4,1,4,0,0,0,1,1,0,0,1.0,0.0,1.0,1.0,3,0
revision_2000,revision,2000,depth1,6,4,1,4,0,0,0,1,1,0,0,1.0,0.0,1.0,1.0,3,0
revision_2000,revision,2000,depth1,unlimited,4,1,4,0,0,0,1,1,0,0,1.0,0.0,1.0,1.0,3,0
revision_2000,revision,2000,completion,0,4,0,3,0,1,1.0,0,0,0,0,1.0,1.0,0.0,0.0,0,0
revision_2000,revision,2000,completion,1,4,1,4,0,0,0,1,1,0,0,1.0,0.0,1.0,1.0,0,0
revision_2000,revision,2000,completion,2,4,1,4,0,0,0,1,1,0,0,1.0,0.0,1.0,1.0,0,0
revision_2000,revision,2000,completion,4,4,1,4,0,0,0,1,1,0,0,1.0,0.0,1.0,1.0,0,0
revision_2000,revision,2000,completion,6,4,1,4,0,0,0,1,1,0,0,1.0,0.0,1.0,1.0,0,0
revision_2000,revision,2000,completion,unlimited,4,1,4,0,0,0,1,1,0,0,1.0,0.0,1.0,1.0,0,0
revision_2000,revision,2000,depth2,0,4,0,3,0,1,1.0,0,0,0,0,1.0,1.0,0.0,0.0,0,0
revision_2000,revision,2000,depth2,1,4,1,4,0,0,0,1,1,0,0,1.0,0.0,1.0,1.0,3,0
revision_2000,revision,2000,depth2,2,4,1,4,0,0,0,1,1,0,0,1.0,0.0,1.0,1.0,3,0
revision_2000,revision,2000,depth2,4,4,1,4,0,0,0,1,1,0,0,1.0,0.0,1.0,1.0,3,0
revision_2000,revision,2000,depth2,6,4,1,4,0,0,0,1,1,0,0,1.0,0.0,1.0,1.0,3,0
revision_2000,revision,2000,depth2,unlimited,4,1,4,0,0,0,1,1,0,0,1.0,0.0,1.0,1.0,3,0
revision_2000,revision,2000,depth3,0,4,0,3,0,1,1.0,0,0,0,0,1.0,1.0,0.0,0.0,0,0
revision_2000,revision,2000,depth3,1,4,1,4,0,0,0,1,1,0,0,1.0,0.0,1.0,1.0,3,0
revision_2000,revision,2000,depth3,2,4,1,4,0,0,0,1,1,0,0,1.0,0.0,1.0,1.0,3,0
revision_2000,revision,2000,depth3,4,4,1,4,0,0,0,1,1,0,0,1.0,0.0,1.0,1.0,3,0
revision_2000,revision,2000,depth3,6,4,1,4,0,0,0,1,1,0,0,1.0,0.0,1.0,1.0,3,0
revision_2000,revision,2000,depth3,unlimited,4,1,4,0,0,0,1,1,0,0,1.0,0.0,1.0,1.0,3,0
revision_2000,revision,2000,generic2,0,4,0,3,0,1,1.0,0,0,0,0,1.0,1.0,0.0,0.0,0,0
revision_2000,revision,2000,generic2,1,4,1,4,0,0,0,1,1,0,0,1.0,0.0,1.0,1.0,3,0
revision_2000,revision,2000,generic2,2,4,1,4,0,0,0,1,1,0,0,1.0,0.0,1.0,1.0,3,0
revision_2000,revision,2000,generic2,4,4,1,4,0,0,0,1,1,0,0,1.0,0.0,1.0,1.0,3,0
revision_2000,revision,2000,generic2,6,4,1,4,0,0,0,1,1,0,0,1.0,0.0,1.0,1.0,3,0
revision_2000,revision,2000,generic2,unlimited,4,1,4,0,0,0,1,1,0,0,1.0,0.0,1.0,1.0,3,0
revision_2000,revision,2000,no_scope,0,4,0,3,0,1,1.0,0,0,0,0,1.0,1.0,0.0,0.0,0,0
revision_2000,revision,2000,no_scope,1,4,1,4,0,0,0,1,1,0,0,1.0,0.0,1.0,1.0,3,0
revision_2000,revision,2000,no_scope,2,4,1,4,0,0,0,1,1,0,0,1.0,0.0,1.0,1.0,3,0
revision_2000,revision,2000,no_scope,4,4,1,4,0,0,0,1,1,0,0,1.0,0.0,1.0,1.0,3,0
revision_2000,revision,2000,no_scope,6,4,1,4,0,0,0,1,1,0,0,1.0,0.0,1.0,1.0,3,0
revision_2000,revision,2000,no_scope,unlimited,4,1,4,0,0,0,1,1,0,0,1.0,0.0,1.0,1.0,3,0
revision_2000,revision,2000,request_specific,0,4,0,3,0,1,1.0,0,0,0,0,1.0,1.0,0.0,0.0,0,0
revision_2000,revision,2000,request_specific,1,4,1,4,0,0,0,1,1,0,0,1.0,0.0,1.0,1.0,3,0
revision_2000,revision,2000,request_specific,2,4,1,4,0,0,0,1,1,0,0,1.0,0.0,1.0,1.0,3,0
revision_2000,revision,2000,request_specific,4,4,1,4,0,0,0,1,1,0,0,1.0,0.0,1.0,1.0,3,0
revision_2000,revision,2000,request_specific,6,4,1,4,0,0,0,1,1,0,0,1.0,0.0,1.0,1.0,3,0
revision_2000,revision,2000,request_specific,unlimited,4,1,4,0,0,0,1,1,0,0,1.0,0.0,1.0,1.0,3,0
revision_2001,revision,2001,no_review,0,4,0,3,0,1,1.0,0,0,0,0,1.0,1.0,0.0,0.0,0,0
revision_2001,revision,2001,no_review,1,4,0,3,0,1,1.0,0,0,0,0,1.0,1.0,0.0,0.0,0,0
revision_2001,revision,2001,no_review,2,4,0,3,0,1,1.0,0,0,0,0,1.0,1.0,0.0,0.0,0,0
revision_2001,revision,2001,no_review,4,4,0,3,0,1,1.0,0,0,0,0,1.0,1.0,0.0,0.0,0,0
revision_2001,revision,2001,no_review,6,4,0,3,0,1,1.0,0,0,0,0,1.0,1.0,0.0,0.0,0,0
revision_2001,revision,2001,no_review,unlimited,4,0,3,0,1,1.0,0,0,0,0,1.0,1.0,0.0,0.0,0,0
revision_2001,revision,2001,memory,0,4,0,3,0,1,1.0,0,0,0,0,1.0,1.0,0.0,0.0,0,0
revision_2001,revision,2001,memory,1,4,0,3,0,1,1.0,0,0,0,0,1.0,1.0,0.0,0.0,0,0
revision_2001,revision,2001,memory,2,4,0,3,0,1,1.0,0,0,0,0,1.0,1.0,0.0,0.0,0,0
revision_2001,revision,2001,memory,4,4,0,3,0,1,1.0,0,0,0,0,1.0,1.0,0.0,0.0,0,0
revision_2001,revision,2001,memory,6,4,0,3,0,1,1.0,0,0,0,0,1.0,1.0,0.0,0.0,0,0
revision_2001,revision,2001,memory,unlimited,4,0,3,0,1,1.0,0,0,0,0,1.0,1.0,0.0,0.0,0,0
revision_2001,revision,2001,uncertainty,0,4,0,3,0,1,1.0,0,0,0,0,1.0,1.0,0.0,0.0,0,0
revision_2001,revision,2001,uncertainty,1,4,1,4,0,0,0,1,1,0,0,1.0,0.0,1.0,1.0,0,0
revision_2001,revision,2001,uncertainty,2,4,1,4,0,0,0,1,1,0,0,1.0,0.0,1.0,1.0,0,0
revision_2001,revision,2001,uncertainty,4,4,1,4,0,0,0,1,1,0,0,1.0,0.0,1.0,1.0,0,0
revision_2001,revision,2001,uncertainty,6,4,1,4,0,0,0,1,1,0,0,1.0,0.0,1.0,1.0,0,0
revision_2001,revision,2001,uncertainty,unlimited,4,1,4,0,0,0,1,1,0,0,1.0,0.0,1.0,1.0,0,0
revision_2001,revision,2001,depth1,0,4,0,3,0,1,1.0,0,0,0,0,1.0,1.0,0.0,0.0,0,0
revision_2001,revision,2001,depth1,1,4,1,4,0,0,0,1,1,0,0,1.0,0.0,1.0,1.0,3,0
revision_2001,revision,2001,depth1,2,4,1,4,0,0,0,1,1,0,0,1.0,0.0,1.0,1.0,3,0
revision_2001,revision,2001,depth1,4,4,1,4,0,0,0,1,1,0,0,1.0,0.0,1.0,1.0,3,0
revision_2001,revision,2001,depth1,6,4,1,4,0,0,0,1,1,0,0,1.0,0.0,1.0,1.0,3,0
revision_2001,revision,2001,depth1,unlimited,4,1,4,0,0,0,1,1,0,0,1.0,0.0,1.0,1.0,3,0
revision_2001,revision,2001,completion,0,4,0,3,0,1,1.0,0,0,0,0,1.0,1.0,0.0,0.0,0,0
revision_2001,revision,2001,completion,1,4,1,4,0,0,0,1,1,0,0,1.0,0.0,1.0,1.0,0,0
revision_2001,revision,2001,completion,2,4,1,4,0,0,0,1,1,0,0,1.0,0.0,1.0,1.0,0,0
revision_2001,revision,2001,completion,4,4,1,4,0,0,0,1,1,0,0,1.0,0.0,1.0,1.0,0,0
revision_2001,revision,2001,completion,6,4,1,4,0,0,0,1,1,0,0,1.0,0.0,1.0,1.0,0,0
revision_2001,revision,2001,completion,unlimited,4,1,4,0,0,0,1,1,0,0,1.0,0.0,1.0,1.0,0,0
revision_2001,revision,2001,depth2,0,4,0,3,0,1,1.0,0,0,0,0,1.0,1.0,0.0,0.0,0,0
revision_2001,revision,2001,depth2,1,4,1,4,0,0,0,1,1,0,0,1.0,0.0,1.0,1.0,3,0
revision_2001,revision,2001,depth2,2,4,1,4,0,0,0,1,1,0,0,1.0,0.0,1.0,1.0,3,0
revision_2001,revision,2001,depth2,4,4,1,4,0,0,0,1,1,0,0,1.0,0.0,1.0,1.0,3,0
revision_2001,revision,2001,depth2,6,4,1,4,0,0,0,1,1,0,0,1.0,0.0,1.0,1.0,3,0
revision_2001,revision,2001,depth2,unlimited,4,1,4,0,0,0,1,1,0,0,1.0,0.0,1.0,1.0,3,0
revision_2001,revision,2001,depth3,0,4,0,3,0,1,1.0,0,0,0,0,1.0,1.0,0.0,0.0,0,0
revision_2001,revision,2001,depth3,1,4,1,4,0,0,0,1,1,0,0,1.0,0.0,1.0,1.0,3,0
revision_2001,revision,2001,depth3,2,4,1,4,0,0,0,1,1,0,0,1.0,0.0,1.0,1.0,3,0
revision_2001,revision,2001,depth3,4,4,1,4,0,0,0,1,1,0,0,1.0,0.0,1.0,1.0,3,0
revision_2001,revision,2001,depth3,6,4,1,4,0,0,0,1,1,0,0,1.0,0.0,1.0,1.0,3,0
revision_2001,revision,2001,depth3,unlimited,4,1,4,0,0,0,1,1,0,0,1.0,0.0,1.0,1.0,3,0
revision_2001,revision,2001,generic2,0,4,0,3,0,1,1.0,0,0,0,0,1.0,1.0,0.0,0.0,0,0
revision_2001,revision,2001,generic2,1,4,1,4,0,0,0,1,1,0,0,1.0,0.0,1.0,1.0,3,0
revision_2001,revision,2001,generic2,2,4,1,4,0,0,0,1,1,0,0,1.0,0.0,1.0,1.0,3,0
revision_2001,revision,2001,generic2,4,4,1,4,0,0,0,1,1,0,0,1.0,0.0,1.0,1.0,3,0
revision_2001,revision,2001,generic2,6,4,1,4,0,0,0,1,1,0,0,1.0,0.0,1.0,1.0,3,0
revision_2001,revision,2001,generic2,unlimited,4,1,4,0,0,0,1,1,0,0,1.0,0.0,1.0,1.0,3,0
revision_2001,revision,2001,no_scope,0,4,0,3,0,1,1.0,0,0,0,0,1.0,1.0,0.0,0.0,0,0
revision_2001,revision,2001,no_scope,1,4,1,4,0,0,0,1,1,0,0,1.0,0.0,1.0,1.0,3,0
revision_2001,revision,2001,no_scope,2,4,1,4,0,0,0,1,1,0,0,1.0,0.0,1.0,1.0,3,0
revision_2001,revision,2001,no_scope,4,4,1,4,0,0,0,1,1,0,0,1.0,0.0,1.0,1.0,3,0
revision_2001,revision,2001,no_scope,6,4,1,4,0,0,0,1,1,0,0,1.0,0.0,1.0,1.0,3,0
revision_2001,revision,2001,no_scope,unlimited,4,1,4,0,0,0,1,1,0,0,1.0,0.0,1.0,1.0,3,0
revision_2001,revision,2001,request_specific,0,4,0,3,0,1,1.0,0,0,0,0,1.0,1.0,0.0,0.0,0,0
revision_2001,revision,2001,request_specific,1,4,1,4,0,0,0,1,1,0,0,1.0,0.0,1.0,1.0,3,0
revision_2001,revision,2001,request_specific,2,4,1,4,0,0,0,1,1,0,0,1.0,0.0,1.0,1.0,3,0
revision_2001,revision,2001,request_specific,4,4,1,4,0,0,0,1,1,0,0,1.0,0.0,1.0,1.0,3,0
revision_2001,revision,2001,request_specific,6,4,1,4,0,0,0,1,1,0,0,1.0,0.0,1.0,1.0,3,0
revision_2001,revision,2001,request_specific,unlimited,4,1,4,0,0,0,1,1,0,0,1.0,0.0,1.0,1.0,3,0
revision_2002,revision,2002,no_review,0,4,0,3,0,1,1.0,0,0,0,0,1.0,1.0,0.0,0.0,0,0
revision_2002,revision,2002,no_review,1,4,0,3,0,1,1.0,0,0,0,0,1.0,1.0,0.0,0.0,0,0
revision_2002,revision,2002,no_review,2,4,0,3,0,1,1.0,0,0,0,0,1.0,1.0,0.0,0.0,0,0
revision_2002,revision,2002,no_review,4,4,0,3,0,1,1.0,0,0,0,0,1.0,1.0,0.0,0.0,0,0
revision_2002,revision,2002,no_review,6,4,0,3,0,1,1.0,0,0,0,0,1.0,1.0,0.0,0.0,0,0
revision_2002,revision,2002,no_review,unlimited,4,0,3,0,1,1.0,0,0,0,0,1.0,1.0,0.0,0.0,0,0
revision_2002,revision,2002,memory,0,4,0,3,0,1,1.0,0,0,0,0,1.0,1.0,0.0,0.0,0,0
revision_2002,revision,2002,memory,1,4,0,3,0,1,1.0,0,0,0,0,1.0,1.0,0.0,0.0,0,0
revision_2002,revision,2002,memory,2,4,0,3,0,1,1.0,0,0,0,0,1.0,1.0,0.0,0.0,0,0
revision_2002,revision,2002,memory,4,4,0,3,0,1,1.0,0,0,0,0,1.0,1.0,0.0,0.0,0,0
revision_2002,revision,2002,memory,6,4,0,3,0,1,1.0,0,0,0,0,1.0,1.0,0.0,0.0,0,0
revision_2002,revision,2002,memory,unlimited,4,0,3,0,1,1.0,0,0,0,0,1.0,1.0,0.0,0.0,0,0
revision_2002,revision,2002,uncertainty,0,4,0,3,0,1,1.0,0,0,0,0,1.0,1.0,0.0,0.0,0,0
revision_2002,revision,2002,uncertainty,1,4,1,4,0,0,0,1,1,0,0,1.0,0.0,1.0,1.0,0,0
revision_2002,revision,2002,uncertainty,2,4,1,4,0,0,0,1,1,0,0,1.0,0.0,1.0,1.0,0,0
revision_2002,revision,2002,uncertainty,4,4,1,4,0,0,0,1,1,0,0,1.0,0.0,1.0,1.0,0,0
revision_2002,revision,2002,uncertainty,6,4,1,4,0,0,0,1,1,0,0,1.0,0.0,1.0,1.0,0,0
revision_2002,revision,2002,uncertainty,unlimited,4,1,4,0,0,0,1,1,0,0,1.0,0.0,1.0,1.0,0,0
revision_2002,revision,2002,depth1,0,4,0,3,0,1,1.0,0,0,0,0,1.0,1.0,0.0,0.0,0,0
revision_2002,revision,2002,depth1,1,4,1,4,0,0,0,1,1,0,0,1.0,0.0,1.0,1.0,3,0
revision_2002,revision,2002,depth1,2,4,1,4,0,0,0,1,1,0,0,1.0,0.0,1.0,1.0,3,0
revision_2002,revision,2002,depth1,4,4,1,4,0,0,0,1,1,0,0,1.0,0.0,1.0,1.0,3,0
revision_2002,revision,2002,depth1,6,4,1,4,0,0,0,1,1,0,0,1.0,0.0,1.0,1.0,3,0
revision_2002,revision,2002,depth1,unlimited,4,1,4,0,0,0,1,1,0,0,1.0,0.0,1.0,1.0,3,0
revision_2002,revision,2002,completion,0,4,0,3,0,1,1.0,0,0,0,0,1.0,1.0,0.0,0.0,0,0
revision_2002,revision,2002,completion,1,4,1,4,0,0,0,1,1,0,0,1.0,0.0,1.0,1.0,0,0
revision_2002,revision,2002,completion,2,4,1,4,0,0,0,1,1,0,0,1.0,0.0,1.0,1.0,0,0
revision_2002,revision,2002,completion,4,4,1,4,0,0,0,1,1,0,0,1.0,0.0,1.0,1.0,0,0
revision_2002,revision,2002,completion,6,4,1,4,0,0,0,1,1,0,0,1.0,0.0,1.0,1.0,0,0
revision_2002,revision,2002,completion,unlimited,4,1,4,0,0,0,1,1,0,0,1.0,0.0,1.0,1.0,0,0
revision_2002,revision,2002,depth2,0,4,0,3,0,1,1.0,0,0,0,0,1.0,1.0,0.0,0.0,0,0
revision_2002,revision,2002,depth2,1,4,1,4,0,0,0,1,1,0,0,1.0,0.0,1.0,1.0,3,0
revision_2002,revision,2002,depth2,2,4,1,4,0,0,0,1,1,0,0,1.0,0.0,1.0,1.0,3,0
revision_2002,revision,2002,depth2,4,4,1,4,0,0,0,1,1,0,0,1.0,0.0,1.0,1.0,3,0
revision_2002,revision,2002,depth2,6,4,1,4,0,0,0,1,1,0,0,1.0,0.0,1.0,1.0,3,0
revision_2002,revision,2002,depth2,unlimited,4,1,4,0,0,0,1,1,0,0,1.0,0.0,1.0,1.0,3,0
revision_2002,revision,2002,depth3,0,4,0,3,0,1,1.0,0,0,0,0,1.0,1.0,0.0,0.0,0,0
revision_2002,revision,2002,depth3,1,4,1,4,0,0,0,1,1,0,0,1.0,0.0,1.0,1.0,3,0
revision_2002,revision,2002,depth3,2,4,1,4,0,0,0,1,1,0,0,1.0,0.0,1.0,1.0,3,0
revision_2002,revision,2002,depth3,4,4,1,4,0,0,0,1,1,0,0,1.0,0.0,1.0,1.0,3,0
revision_2002,revision,2002,depth3,6,4,1,4,0,0,0,1,1,0,0,1.0,0.0,1.0,1.0,3,0
revision_2002,revision,2002,depth3,unlimited,4,1,4,0,0,0,1,1,0,0,1.0,0.0,1.0,1.0,3,0
revision_2002,revision,2002,generic2,0,4,0,3,0,1,1.0,0,0,0,0,1.0,1.0,0.0,0.0,0,0
revision_2002,revision,2002,generic2,1,4,1,4,0,0,0,1,1,0,0,1.0,0.0,1.0,1.0,3,0
revision_2002,revision,2002,generic2,2,4,1,4,0,0,0,1,1,0,0,1.0,0.0,1.0,1.0,3,0
revision_2002,revision,2002,generic2,4,4,1,4,0,0,0,1,1,0,0,1.0,0.0,1.0,1.0,3,0
revision_2002,revision,2002,generic2,6,4,1,4,0,0,0,1,1,0,0,1.0,0.0,1.0,1.0,3,0
revision_2002,revision,2002,generic2,unlimited,4,1,4,0,0,0,1,1,0,0,1.0,0.0,1.0,1.0,3,0
revision_2002,revision,2002,no_scope,0,4,0,3,0,1,1.0,0,0,0,0,1.0,1.0,0.0,0.0,0,0
revision_2002,revision,2002,no_scope,1,4,1,4,0,0,0,1,1,0,0,1.0,0.0,1.0,1.0,3,0
revision_2002,revision,2002,no_scope,2,4,1,4,0,0,0,1,1,0,0,1.0,0.0,1.0,1.0,3,0
revision_2002,revision,2002,no_scope,4,4,1,4,0,0,0,1,1,0,0,1.0,0.0,1.0,1.0,3,0
revision_2002,revision,2002,no_scope,6,4,1,4,0,0,0,1,1,0,0,1.0,0.0,1.0,1.0,3,0
revision_2002,revision,2002,no_scope,unlimited,4,1,4,0,0,0,1,1,0,0,1.0,0.0,1.0,1.0,3,0
revision_2002,revision,2002,request_specific,0,4,0,3,0,1,1.0,0,0,0,0,1.0,1.0,0.0,0.0,0,0
revision_2002,revision,2002,request_specific,1,4,1,4,0,0,0,1,1,0,0,1.0,0.0,1.0,1.0,3,0
revision_2002,revision,2002,request_specific,2,4,1,4,0,0,0,1,1,0,0,1.0,0.0,1.0,1.0,3,0
revision_2002,revision,2002,request_specific,4,4,1,4,0,0,0,1,1,0,0,1.0,0.0,1.0,1.0,3,0
revision_2002,revision,2002,request_specific,6,4,1,4,0,0,0,1,1,0,0,1.0,0.0,1.0,1.0,3,0
revision_2002,revision,2002,request_specific,unlimited,4,1,4,0,0,0,1,1,0,0,1.0,0.0,1.0,1.0,3,0
revision_2003,revision,2003,no_review,0,4,0,3,0,1,1.0,0,0,0,0,1.0,1.0,0.0,0.0,0,0
revision_2003,revision,2003,no_review,1,4,0,3,0,1,1.0,0,0,0,0,1.0,1.0,0.0,0.0,0,0
revision_2003,revision,2003,no_review,2,4,0,3,0,1,1.0,0,0,0,0,1.0,1.0,0.0,0.0,0,0
revision_2003,revision,2003,no_review,4,4,0,3,0,1,1.0,0,0,0,0,1.0,1.0,0.0,0.0,0,0
revision_2003,revision,2003,no_review,6,4,0,3,0,1,1.0,0,0,0,0,1.0,1.0,0.0,0.0,0,0
revision_2003,revision,2003,no_review,unlimited,4,0,3,0,1,1.0,0,0,0,0,1.0,1.0,0.0,0.0,0,0
revision_2003,revision,2003,memory,0,4,0,3,0,1,1.0,0,0,0,0,1.0,1.0,0.0,0.0,0,0
revision_2003,revision,2003,memory,1,4,0,3,0,1,1.0,0,0,0,0,1.0,1.0,0.0,0.0,0,0
revision_2003,revision,2003,memory,2,4,0,3,0,1,1.0,0,0,0,0,1.0,1.0,0.0,0.0,0,0
revision_2003,revision,2003,memory,4,4,0,3,0,1,1.0,0,0,0,0,1.0,1.0,0.0,0.0,0,0
revision_2003,revision,2003,memory,6,4,0,3,0,1,1.0,0,0,0,0,1.0,1.0,0.0,0.0,0,0
revision_2003,revision,2003,memory,unlimited,4,0,3,0,1,1.0,0,0,0,0,1.0,1.0,0.0,0.0,0,0
revision_2003,revision,2003,uncertainty,0,4,0,3,0,1,1.0,0,0,0,0,1.0,1.0,0.0,0.0,0,0
revision_2003,revision,2003,uncertainty,1,4,1,4,0,0,0,1,1,0,0,1.0,0.0,1.0,1.0,0,0
revision_2003,revision,2003,uncertainty,2,4,1,4,0,0,0,1,1,0,0,1.0,0.0,1.0,1.0,0,0
revision_2003,revision,2003,uncertainty,4,4,1,4,0,0,0,1,1,0,0,1.0,0.0,1.0,1.0,0,0
revision_2003,revision,2003,uncertainty,6,4,1,4,0,0,0,1,1,0,0,1.0,0.0,1.0,1.0,0,0
revision_2003,revision,2003,uncertainty,unlimited,4,1,4,0,0,0,1,1,0,0,1.0,0.0,1.0,1.0,0,0
revision_2003,revision,2003,depth1,0,4,0,3,0,1,1.0,0,0,0,0,1.0,1.0,0.0,0.0,0,0
revision_2003,revision,2003,depth1,1,4,1,4,0,0,0,1,1,0,0,1.0,0.0,1.0,1.0,3,0
revision_2003,revision,2003,depth1,2,4,1,4,0,0,0,1,1,0,0,1.0,0.0,1.0,1.0,3,0
revision_2003,revision,2003,depth1,4,4,1,4,0,0,0,1,1,0,0,1.0,0.0,1.0,1.0,3,0
revision_2003,revision,2003,depth1,6,4,1,4,0,0,0,1,1,0,0,1.0,0.0,1.0,1.0,3,0
revision_2003,revision,2003,depth1,unlimited,4,1,4,0,0,0,1,1,0,0,1.0,0.0,1.0,1.0,3,0
revision_2003,revision,2003,completion,0,4,0,3,0,1,1.0,0,0,0,0,1.0,1.0,0.0,0.0,0,0
revision_2003,revision,2003,completion,1,4,1,4,0,0,0,1,1,0,0,1.0,0.0,1.0,1.0,0,0
revision_2003,revision,2003,completion,2,4,1,4,0,0,0,1,1,0,0,1.0,0.0,1.0,1.0,0,0
revision_2003,revision,2003,completion,4,4,1,4,0,0,0,1,1,0,0,1.0,0.0,1.0,1.0,0,0
revision_2003,revision,2003,completion,6,4,1,4,0,0,0,1,1,0,0,1.0,0.0,1.0,1.0,0,0
revision_2003,revision,2003,completion,unlimited,4,1,4,0,0,0,1,1,0,0,1.0,0.0,1.0,1.0,0,0
revision_2003,revision,2003,depth2,0,4,0,3,0,1,1.0,0,0,0,0,1.0,1.0,0.0,0.0,0,0
revision_2003,revision,2003,depth2,1,4,1,4,0,0,0,1,1,0,0,1.0,0.0,1.0,1.0,3,0
revision_2003,revision,2003,depth2,2,4,1,4,0,0,0,1,1,0,0,1.0,0.0,1.0,1.0,3,0
revision_2003,revision,2003,depth2,4,4,1,4,0,0,0,1,1,0,0,1.0,0.0,1.0,1.0,3,0
revision_2003,revision,2003,depth2,6,4,1,4,0,0,0,1,1,0,0,1.0,0.0,1.0,1.0,3,0
revision_2003,revision,2003,depth2,unlimited,4,1,4,0,0,0,1,1,0,0,1.0,0.0,1.0,1.0,3,0
revision_2003,revision,2003,depth3,0,4,0,3,0,1,1.0,0,0,0,0,1.0,1.0,0.0,0.0,0,0
revision_2003,revision,2003,depth3,1,4,1,4,0,0,0,1,1,0,0,1.0,0.0,1.0,1.0,3,0
revision_2003,revision,2003,depth3,2,4,1,4,0,0,0,1,1,0,0,1.0,0.0,1.0,1.0,3,0
revision_2003,revision,2003,depth3,4,4,1,4,0,0,0,1,1,0,0,1.0,0.0,1.0,1.0,3,0
revision_2003,revision,2003,depth3,6,4,1,4,0,0,0,1,1,0,0,1.0,0.0,1.0,1.0,3,0
revision_2003,revision,2003,depth3,unlimited,4,1,4,0,0,0,1,1,0,0,1.0,0.0,1.0,1.0,3,0
revision_2003,revision,2003,generic2,0,4,0,3,0,1,1.0,0,0,0,0,1.0,1.0,0.0,0.0,0,0
revision_2003,revision,2003,generic2,1,4,1,4,0,0,0,1,1,0,0,1.0,0.0,1.0,1.0,3,0
revision_2003,revision,2003,generic2,2,4,1,4,0,0,0,1,1,0,0,1.0,0.0,1.0,1.0,3,0
revision_2003,revision,2003,generic2,4,4,1,4,0,0,0,1,1,0,0,1.0,0.0,1.0,1.0,3,0
revision_2003,revision,2003,generic2,6,4,1,4,0,0,0,1,1,0,0,1.0,0.0,1.0,1.0,3,0
revision_2003,revision,2003,generic2,unlimited,4,1,4,0,0,0,1,1,0,0,1.0,0.0,1.0,1.0,3,0
revision_2003,revision,2003,no_scope,0,4,0,3,0,1,1.0,0,0,0,0,1.0,1.0,0.0,0.0,0,0
revision_2003,revision,2003,no_scope,1,4,1,4,0,0,0,1,1,0,0,1.0,0.0,1.0,1.0,3,0
revision_2003,revision,2003,no_scope,2,4,1,4,0,0,0,1,1,0,0,1.0,0.0,1.0,1.0,3,0
revision_2003,revision,2003,no_scope,4,4,1,4,0,0,0,1,1,0,0,1.0,0.0,1.0,1.0,3,0
revision_2003,revision,2003,no_scope,6,4,1,4,0,0,0,1,1,0,0,1.0,0.0,1.0,1.0,3,0
revision_2003,revision,2003,no_scope,unlimited,4,1,4,0,0,0,1,1,0,0,1.0,0.0,1.0,1.0,3,0
revision_2003,revision,2003,request_specific,0,4,0,3,0,1,1.0,0,0,0,0,1.0,1.0,0.0,0.0,0,0
revision_2003,revision,2003,request_specific,1,4,1,4,0,0,0,1,1,0,0,1.0,0.0,1.0,1.0,3,0
revision_2003,revision,2003,request_specific,2,4,1,4,0,0,0,1,1,0,0,1.0,0.0,1.0,1.0,3,0
revision_2003,revision,2003,request_specific,4,4,1,4,0,0,0,1,1,0,0,1.0,0.0,1.0,1.0,3,0
revision_2003,revision,2003,request_specific,6,4,1,4,0,0,0,1,1,0,0,1.0,0.0,1.0,1.0,3,0
revision_2003,revision,2003,request_specific,unlimited,4,1,4,0,0,0,1,1,0,0,1.0,0.0,1.0,1.0,3,0
revocation_2000,revocation,2000,no_review,0,4,0,0,0,4,4.0,0,0,0,0,1.0,4.0,-3.0,0.0,0,0
revocation_2000,revocation,2000,no_review,1,4,0,0,0,4,4.0,0,0,0,0,1.0,4.0,-3.0,0.0,0,0
revocation_2000,revocation,2000,no_review,2,4,0,0,0,4,4.0,0,0,0,0,1.0,4.0,-3.0,0.0,0,0
revocation_2000,revocation,2000,no_review,4,4,0,0,0,4,4.0,0,0,0,0,1.0,4.0,-3.0,0.0,0,0
revocation_2000,revocation,2000,no_review,6,4,0,0,0,4,4.0,0,0,0,0,1.0,4.0,-3.0,0.0,0,0
revocation_2000,revocation,2000,no_review,unlimited,4,0,0,0,4,4.0,0,0,0,0,1.0,4.0,-3.0,0.0,0,0
revocation_2000,revocation,2000,memory,0,4,0,0,0,4,4.0,0,0,0,0,1.0,4.0,-3.0,0.0,0,0
revocation_2000,revocation,2000,memory,1,4,0,3,0,1,1.0,1,1,0,0,1.0,1.0,0.0,3.0,0,0
revocation_2000,revocation,2000,memory,2,4,0,3,0,1,1.0,1,1,0,0,1.0,1.0,0.0,3.0,0,0
revocation_2000,revocation,2000,memory,4,4,0,3,0,1,1.0,1,1,0,0,1.0,1.0,0.0,3.0,0,0
revocation_2000,revocation,2000,memory,6,4,0,3,0,1,1.0,1,1,0,0,1.0,1.0,0.0,3.0,0,0
revocation_2000,revocation,2000,memory,unlimited,4,0,3,0,1,1.0,1,1,0,0,1.0,1.0,0.0,3.0,0,0
revocation_2000,revocation,2000,uncertainty,0,4,0,0,0,4,4.0,0,0,0,0,1.0,4.0,-3.0,0.0,0,0
revocation_2000,revocation,2000,uncertainty,1,4,0,1,0,3,3.0,1,1,0,0,1.0,3.0,-2.0,1.0,0,0
revocation_2000,revocation,2000,uncertainty,2,4,1,4,0,0,0,2,2,0,0,1.0,0.0,1.0,4.0,0,0
revocation_2000,revocation,2000,uncertainty,4,4,1,4,0,0,0,2,2,0,0,1.0,0.0,1.0,4.0,0,0
revocation_2000,revocation,2000,uncertainty,6,4,1,4,0,0,0,2,2,0,0,1.0,0.0,1.0,4.0,0,0
revocation_2000,revocation,2000,uncertainty,unlimited,4,1,4,0,0,0,2,2,0,0,1.0,0.0,1.0,4.0,0,0
revocation_2000,revocation,2000,depth1,0,4,0,0,0,4,4.0,0,0,0,0,1.0,4.0,-3.0,0.0,0,0
revocation_2000,revocation,2000,depth1,1,4,0,1,0,3,3.0,1,1,0,0,1.0,3.0,-2.0,1.0,3,0
revocation_2000,revocation,2000,depth1,2,4,1,4,0,0,0,2,2,0,0,1.0,0.0,1.0,4.0,5,0
revocation_2000,revocation,2000,depth1,4,4,1,4,0,0,0,2,2,0,0,1.0,0.0,1.0,4.0,5,0
revocation_2000,revocation,2000,depth1,6,4,1,4,0,0,0,2,2,0,0,1.0,0.0,1.0,4.0,5,0
revocation_2000,revocation,2000,depth1,unlimited,4,1,4,0,0,0,2,2,0,0,1.0,0.0,1.0,4.0,5,0
revocation_2000,revocation,2000,completion,0,4,0,0,0,4,4.0,0,0,0,0,1.0,4.0,-3.0,0.0,0,0
revocation_2000,revocation,2000,completion,1,4,0,1,0,3,3.0,1,1,0,0,1.0,3.0,-2.0,1.0,0,0
revocation_2000,revocation,2000,completion,2,4,1,4,0,0,0,2,2,0,0,1.0,0.0,1.0,4.0,0,0
revocation_2000,revocation,2000,completion,4,4,1,4,0,0,0,2,2,0,0,1.0,0.0,1.0,4.0,0,0
revocation_2000,revocation,2000,completion,6,4,1,4,0,0,0,2,2,0,0,1.0,0.0,1.0,4.0,0,0
revocation_2000,revocation,2000,completion,unlimited,4,1,4,0,0,0,2,2,0,0,1.0,0.0,1.0,4.0,0,0
revocation_2000,revocation,2000,depth2,0,4,0,0,0,4,4.0,0,0,0,0,1.0,4.0,-3.0,0.0,0,0
revocation_2000,revocation,2000,depth2,1,4,0,1,0,3,3.0,1,1,0,0,1.0,3.0,-2.0,1.0,3,0
revocation_2000,revocation,2000,depth2,2,4,1,4,0,0,0,2,2,0,0,1.0,0.0,1.0,4.0,5,0
revocation_2000,revocation,2000,depth2,4,4,1,4,0,0,0,2,2,0,0,1.0,0.0,1.0,4.0,5,0
revocation_2000,revocation,2000,depth2,6,4,1,4,0,0,0,2,2,0,0,1.0,0.0,1.0,4.0,5,0
revocation_2000,revocation,2000,depth2,unlimited,4,1,4,0,0,0,2,2,0,0,1.0,0.0,1.0,4.0,5,0
revocation_2000,revocation,2000,depth3,0,4,0,0,0,4,4.0,0,0,0,0,1.0,4.0,-3.0,0.0,0,0
revocation_2000,revocation,2000,depth3,1,4,0,1,0,3,3.0,1,1,0,0,1.0,3.0,-2.0,1.0,3,0
revocation_2000,revocation,2000,depth3,2,4,1,4,0,0,0,2,2,0,0,1.0,0.0,1.0,4.0,5,0
revocation_2000,revocation,2000,depth3,4,4,1,4,0,0,0,2,2,0,0,1.0,0.0,1.0,4.0,5,0
revocation_2000,revocation,2000,depth3,6,4,1,4,0,0,0,2,2,0,0,1.0,0.0,1.0,4.0,5,0
revocation_2000,revocation,2000,depth3,unlimited,4,1,4,0,0,0,2,2,0,0,1.0,0.0,1.0,4.0,5,0
revocation_2000,revocation,2000,generic2,0,4,0,0,0,4,4.0,0,0,0,0,1.0,4.0,-3.0,0.0,0,0
revocation_2000,revocation,2000,generic2,1,4,0,1,0,3,3.0,1,1,0,0,1.0,3.0,-2.0,1.0,3,0
revocation_2000,revocation,2000,generic2,2,4,1,4,0,0,0,2,2,0,0,1.0,0.0,1.0,4.0,5,0
revocation_2000,revocation,2000,generic2,4,4,1,4,0,0,0,2,2,0,0,1.0,0.0,1.0,4.0,5,0
revocation_2000,revocation,2000,generic2,6,4,1,4,0,0,0,2,2,0,0,1.0,0.0,1.0,4.0,5,0
revocation_2000,revocation,2000,generic2,unlimited,4,1,4,0,0,0,2,2,0,0,1.0,0.0,1.0,4.0,5,0
revocation_2000,revocation,2000,no_scope,0,4,0,0,0,4,4.0,0,0,0,0,1.0,4.0,-3.0,0.0,0,0
revocation_2000,revocation,2000,no_scope,1,4,0,1,0,3,3.0,1,1,0,0,1.0,3.0,-2.0,1.0,3,0
revocation_2000,revocation,2000,no_scope,2,4,1,4,0,0,0,2,2,0,0,1.0,0.0,1.0,4.0,5,0
revocation_2000,revocation,2000,no_scope,4,4,1,4,0,0,0,2,2,0,0,1.0,0.0,1.0,4.0,5,0
revocation_2000,revocation,2000,no_scope,6,4,1,4,0,0,0,2,2,0,0,1.0,0.0,1.0,4.0,5,0
revocation_2000,revocation,2000,no_scope,unlimited,4,1,4,0,0,0,2,2,0,0,1.0,0.0,1.0,4.0,5,0
revocation_2000,revocation,2000,request_specific,0,4,0,0,0,4,4.0,0,0,0,0,1.0,4.0,-3.0,0.0,0,0
revocation_2000,revocation,2000,request_specific,1,4,0,1,0,3,3.0,1,1,0,0,1.0,3.0,-2.0,1.0,3,0
revocation_2000,revocation,2000,request_specific,2,4,0,2,0,2,2.0,2,2,0,0,1.0,2.0,-1.0,2.0,7,0
revocation_2000,revocation,2000,request_specific,4,4,1,4,0,0,0,4,2,2,0,1.0,0.0,1.0,4.0,16,0
revocation_2000,revocation,2000,request_specific,6,4,1,4,0,0,0,4,2,2,0,1.0,0.0,1.0,4.0,16,0
revocation_2000,revocation,2000,request_specific,unlimited,4,1,4,0,0,0,4,2,2,0,1.0,0.0,1.0,4.0,16,0
revocation_2001,revocation,2001,no_review,0,4,0,0,0,4,4.0,0,0,0,0,1.0,4.0,-3.0,0.0,0,0
revocation_2001,revocation,2001,no_review,1,4,0,0,0,4,4.0,0,0,0,0,1.0,4.0,-3.0,0.0,0,0
revocation_2001,revocation,2001,no_review,2,4,0,0,0,4,4.0,0,0,0,0,1.0,4.0,-3.0,0.0,0,0
revocation_2001,revocation,2001,no_review,4,4,0,0,0,4,4.0,0,0,0,0,1.0,4.0,-3.0,0.0,0,0
revocation_2001,revocation,2001,no_review,6,4,0,0,0,4,4.0,0,0,0,0,1.0,4.0,-3.0,0.0,0,0
revocation_2001,revocation,2001,no_review,unlimited,4,0,0,0,4,4.0,0,0,0,0,1.0,4.0,-3.0,0.0,0,0
revocation_2001,revocation,2001,memory,0,4,0,0,0,4,4.0,0,0,0,0,1.0,4.0,-3.0,0.0,0,0
revocation_2001,revocation,2001,memory,1,4,0,3,0,1,1.0,1,1,0,0,1.0,1.0,0.0,3.0,0,0
revocation_2001,revocation,2001,memory,2,4,0,3,0,1,1.0,1,1,0,0,1.0,1.0,0.0,3.0,0,0
revocation_2001,revocation,2001,memory,4,4,0,3,0,1,1.0,1,1,0,0,1.0,1.0,0.0,3.0,0,0
revocation_2001,revocation,2001,memory,6,4,0,3,0,1,1.0,1,1,0,0,1.0,1.0,0.0,3.0,0,0
revocation_2001,revocation,2001,memory,unlimited,4,0,3,0,1,1.0,1,1,0,0,1.0,1.0,0.0,3.0,0,0
revocation_2001,revocation,2001,uncertainty,0,4,0,0,0,4,4.0,0,0,0,0,1.0,4.0,-3.0,0.0,0,0
revocation_2001,revocation,2001,uncertainty,1,4,0,1,0,3,3.0,1,1,0,0,1.0,3.0,-2.0,1.0,0,0
revocation_2001,revocation,2001,uncertainty,2,4,1,4,0,0,0,2,2,0,0,1.0,0.0,1.0,4.0,0,0
revocation_2001,revocation,2001,uncertainty,4,4,1,4,0,0,0,2,2,0,0,1.0,0.0,1.0,4.0,0,0
revocation_2001,revocation,2001,uncertainty,6,4,1,4,0,0,0,2,2,0,0,1.0,0.0,1.0,4.0,0,0
revocation_2001,revocation,2001,uncertainty,unlimited,4,1,4,0,0,0,2,2,0,0,1.0,0.0,1.0,4.0,0,0
revocation_2001,revocation,2001,depth1,0,4,0,0,0,4,4.0,0,0,0,0,1.0,4.0,-3.0,0.0,0,0
revocation_2001,revocation,2001,depth1,1,4,0,1,0,3,3.0,1,1,0,0,1.0,3.0,-2.0,1.0,3,0
revocation_2001,revocation,2001,depth1,2,4,1,4,0,0,0,2,2,0,0,1.0,0.0,1.0,4.0,5,0
revocation_2001,revocation,2001,depth1,4,4,1,4,0,0,0,2,2,0,0,1.0,0.0,1.0,4.0,5,0
revocation_2001,revocation,2001,depth1,6,4,1,4,0,0,0,2,2,0,0,1.0,0.0,1.0,4.0,5,0
revocation_2001,revocation,2001,depth1,unlimited,4,1,4,0,0,0,2,2,0,0,1.0,0.0,1.0,4.0,5,0
revocation_2001,revocation,2001,completion,0,4,0,0,0,4,4.0,0,0,0,0,1.0,4.0,-3.0,0.0,0,0
revocation_2001,revocation,2001,completion,1,4,0,1,0,3,3.0,1,1,0,0,1.0,3.0,-2.0,1.0,0,0
revocation_2001,revocation,2001,completion,2,4,1,4,0,0,0,2,2,0,0,1.0,0.0,1.0,4.0,0,0
revocation_2001,revocation,2001,completion,4,4,1,4,0,0,0,2,2,0,0,1.0,0.0,1.0,4.0,0,0
revocation_2001,revocation,2001,completion,6,4,1,4,0,0,0,2,2,0,0,1.0,0.0,1.0,4.0,0,0
revocation_2001,revocation,2001,completion,unlimited,4,1,4,0,0,0,2,2,0,0,1.0,0.0,1.0,4.0,0,0
revocation_2001,revocation,2001,depth2,0,4,0,0,0,4,4.0,0,0,0,0,1.0,4.0,-3.0,0.0,0,0
revocation_2001,revocation,2001,depth2,1,4,0,1,0,3,3.0,1,1,0,0,1.0,3.0,-2.0,1.0,3,0
revocation_2001,revocation,2001,depth2,2,4,1,4,0,0,0,2,2,0,0,1.0,0.0,1.0,4.0,5,0
revocation_2001,revocation,2001,depth2,4,4,1,4,0,0,0,2,2,0,0,1.0,0.0,1.0,4.0,5,0
revocation_2001,revocation,2001,depth2,6,4,1,4,0,0,0,2,2,0,0,1.0,0.0,1.0,4.0,5,0
revocation_2001,revocation,2001,depth2,unlimited,4,1,4,0,0,0,2,2,0,0,1.0,0.0,1.0,4.0,5,0
revocation_2001,revocation,2001,depth3,0,4,0,0,0,4,4.0,0,0,0,0,1.0,4.0,-3.0,0.0,0,0
revocation_2001,revocation,2001,depth3,1,4,0,1,0,3,3.0,1,1,0,0,1.0,3.0,-2.0,1.0,3,0
revocation_2001,revocation,2001,depth3,2,4,1,4,0,0,0,2,2,0,0,1.0,0.0,1.0,4.0,5,0
revocation_2001,revocation,2001,depth3,4,4,1,4,0,0,0,2,2,0,0,1.0,0.0,1.0,4.0,5,0
revocation_2001,revocation,2001,depth3,6,4,1,4,0,0,0,2,2,0,0,1.0,0.0,1.0,4.0,5,0
revocation_2001,revocation,2001,depth3,unlimited,4,1,4,0,0,0,2,2,0,0,1.0,0.0,1.0,4.0,5,0
revocation_2001,revocation,2001,generic2,0,4,0,0,0,4,4.0,0,0,0,0,1.0,4.0,-3.0,0.0,0,0
revocation_2001,revocation,2001,generic2,1,4,0,1,0,3,3.0,1,1,0,0,1.0,3.0,-2.0,1.0,3,0
revocation_2001,revocation,2001,generic2,2,4,1,4,0,0,0,2,2,0,0,1.0,0.0,1.0,4.0,5,0
revocation_2001,revocation,2001,generic2,4,4,1,4,0,0,0,2,2,0,0,1.0,0.0,1.0,4.0,5,0
revocation_2001,revocation,2001,generic2,6,4,1,4,0,0,0,2,2,0,0,1.0,0.0,1.0,4.0,5,0
revocation_2001,revocation,2001,generic2,unlimited,4,1,4,0,0,0,2,2,0,0,1.0,0.0,1.0,4.0,5,0
revocation_2001,revocation,2001,no_scope,0,4,0,0,0,4,4.0,0,0,0,0,1.0,4.0,-3.0,0.0,0,0
revocation_2001,revocation,2001,no_scope,1,4,0,1,0,3,3.0,1,1,0,0,1.0,3.0,-2.0,1.0,3,0
revocation_2001,revocation,2001,no_scope,2,4,1,4,0,0,0,2,2,0,0,1.0,0.0,1.0,4.0,5,0
revocation_2001,revocation,2001,no_scope,4,4,1,4,0,0,0,2,2,0,0,1.0,0.0,1.0,4.0,5,0
revocation_2001,revocation,2001,no_scope,6,4,1,4,0,0,0,2,2,0,0,1.0,0.0,1.0,4.0,5,0
revocation_2001,revocation,2001,no_scope,unlimited,4,1,4,0,0,0,2,2,0,0,1.0,0.0,1.0,4.0,5,0
revocation_2001,revocation,2001,request_specific,0,4,0,0,0,4,4.0,0,0,0,0,1.0,4.0,-3.0,0.0,0,0
revocation_2001,revocation,2001,request_specific,1,4,0,1,0,3,3.0,1,1,0,0,1.0,3.0,-2.0,1.0,3,0
revocation_2001,revocation,2001,request_specific,2,4,0,2,0,2,2.0,2,2,0,0,1.0,2.0,-1.0,2.0,7,0
revocation_2001,revocation,2001,request_specific,4,4,1,4,0,0,0,4,2,2,0,1.0,0.0,1.0,4.0,16,0
revocation_2001,revocation,2001,request_specific,6,4,1,4,0,0,0,4,2,2,0,1.0,0.0,1.0,4.0,16,0
revocation_2001,revocation,2001,request_specific,unlimited,4,1,4,0,0,0,4,2,2,0,1.0,0.0,1.0,4.0,16,0
revocation_2002,revocation,2002,no_review,0,4,0,0,0,4,4.0,0,0,0,0,1.0,4.0,-3.0,0.0,0,0
revocation_2002,revocation,2002,no_review,1,4,0,0,0,4,4.0,0,0,0,0,1.0,4.0,-3.0,0.0,0,0
revocation_2002,revocation,2002,no_review,2,4,0,0,0,4,4.0,0,0,0,0,1.0,4.0,-3.0,0.0,0,0
revocation_2002,revocation,2002,no_review,4,4,0,0,0,4,4.0,0,0,0,0,1.0,4.0,-3.0,0.0,0,0
revocation_2002,revocation,2002,no_review,6,4,0,0,0,4,4.0,0,0,0,0,1.0,4.0,-3.0,0.0,0,0
revocation_2002,revocation,2002,no_review,unlimited,4,0,0,0,4,4.0,0,0,0,0,1.0,4.0,-3.0,0.0,0,0
revocation_2002,revocation,2002,memory,0,4,0,0,0,4,4.0,0,0,0,0,1.0,4.0,-3.0,0.0,0,0
revocation_2002,revocation,2002,memory,1,4,0,3,0,1,1.0,1,1,0,0,1.0,1.0,0.0,3.0,0,0
revocation_2002,revocation,2002,memory,2,4,0,3,0,1,1.0,1,1,0,0,1.0,1.0,0.0,3.0,0,0
revocation_2002,revocation,2002,memory,4,4,0,3,0,1,1.0,1,1,0,0,1.0,1.0,0.0,3.0,0,0
revocation_2002,revocation,2002,memory,6,4,0,3,0,1,1.0,1,1,0,0,1.0,1.0,0.0,3.0,0,0
revocation_2002,revocation,2002,memory,unlimited,4,0,3,0,1,1.0,1,1,0,0,1.0,1.0,0.0,3.0,0,0
revocation_2002,revocation,2002,uncertainty,0,4,0,0,0,4,4.0,0,0,0,0,1.0,4.0,-3.0,0.0,0,0
revocation_2002,revocation,2002,uncertainty,1,4,0,1,0,3,3.0,1,1,0,0,1.0,3.0,-2.0,1.0,0,0
revocation_2002,revocation,2002,uncertainty,2,4,1,4,0,0,0,2,2,0,0,1.0,0.0,1.0,4.0,0,0
revocation_2002,revocation,2002,uncertainty,4,4,1,4,0,0,0,2,2,0,0,1.0,0.0,1.0,4.0,0,0
revocation_2002,revocation,2002,uncertainty,6,4,1,4,0,0,0,2,2,0,0,1.0,0.0,1.0,4.0,0,0
revocation_2002,revocation,2002,uncertainty,unlimited,4,1,4,0,0,0,2,2,0,0,1.0,0.0,1.0,4.0,0,0
revocation_2002,revocation,2002,depth1,0,4,0,0,0,4,4.0,0,0,0,0,1.0,4.0,-3.0,0.0,0,0
revocation_2002,revocation,2002,depth1,1,4,0,1,0,3,3.0,1,1,0,0,1.0,3.0,-2.0,1.0,3,0
revocation_2002,revocation,2002,depth1,2,4,1,4,0,0,0,2,2,0,0,1.0,0.0,1.0,4.0,5,0
revocation_2002,revocation,2002,depth1,4,4,1,4,0,0,0,2,2,0,0,1.0,0.0,1.0,4.0,5,0
revocation_2002,revocation,2002,depth1,6,4,1,4,0,0,0,2,2,0,0,1.0,0.0,1.0,4.0,5,0
revocation_2002,revocation,2002,depth1,unlimited,4,1,4,0,0,0,2,2,0,0,1.0,0.0,1.0,4.0,5,0
revocation_2002,revocation,2002,completion,0,4,0,0,0,4,4.0,0,0,0,0,1.0,4.0,-3.0,0.0,0,0
revocation_2002,revocation,2002,completion,1,4,0,1,0,3,3.0,1,1,0,0,1.0,3.0,-2.0,1.0,0,0
revocation_2002,revocation,2002,completion,2,4,1,4,0,0,0,2,2,0,0,1.0,0.0,1.0,4.0,0,0
revocation_2002,revocation,2002,completion,4,4,1,4,0,0,0,2,2,0,0,1.0,0.0,1.0,4.0,0,0
revocation_2002,revocation,2002,completion,6,4,1,4,0,0,0,2,2,0,0,1.0,0.0,1.0,4.0,0,0
revocation_2002,revocation,2002,completion,unlimited,4,1,4,0,0,0,2,2,0,0,1.0,0.0,1.0,4.0,0,0
revocation_2002,revocation,2002,depth2,0,4,0,0,0,4,4.0,0,0,0,0,1.0,4.0,-3.0,0.0,0,0
revocation_2002,revocation,2002,depth2,1,4,0,1,0,3,3.0,1,1,0,0,1.0,3.0,-2.0,1.0,3,0
revocation_2002,revocation,2002,depth2,2,4,1,4,0,0,0,2,2,0,0,1.0,0.0,1.0,4.0,5,0
revocation_2002,revocation,2002,depth2,4,4,1,4,0,0,0,2,2,0,0,1.0,0.0,1.0,4.0,5,0
revocation_2002,revocation,2002,depth2,6,4,1,4,0,0,0,2,2,0,0,1.0,0.0,1.0,4.0,5,0
revocation_2002,revocation,2002,depth2,unlimited,4,1,4,0,0,0,2,2,0,0,1.0,0.0,1.0,4.0,5,0
revocation_2002,revocation,2002,depth3,0,4,0,0,0,4,4.0,0,0,0,0,1.0,4.0,-3.0,0.0,0,0
revocation_2002,revocation,2002,depth3,1,4,0,1,0,3,3.0,1,1,0,0,1.0,3.0,-2.0,1.0,3,0
revocation_2002,revocation,2002,depth3,2,4,1,4,0,0,0,2,2,0,0,1.0,0.0,1.0,4.0,5,0
revocation_2002,revocation,2002,depth3,4,4,1,4,0,0,0,2,2,0,0,1.0,0.0,1.0,4.0,5,0
revocation_2002,revocation,2002,depth3,6,4,1,4,0,0,0,2,2,0,0,1.0,0.0,1.0,4.0,5,0
revocation_2002,revocation,2002,depth3,unlimited,4,1,4,0,0,0,2,2,0,0,1.0,0.0,1.0,4.0,5,0
revocation_2002,revocation,2002,generic2,0,4,0,0,0,4,4.0,0,0,0,0,1.0,4.0,-3.0,0.0,0,0
revocation_2002,revocation,2002,generic2,1,4,0,1,0,3,3.0,1,1,0,0,1.0,3.0,-2.0,1.0,3,0
revocation_2002,revocation,2002,generic2,2,4,1,4,0,0,0,2,2,0,0,1.0,0.0,1.0,4.0,5,0
revocation_2002,revocation,2002,generic2,4,4,1,4,0,0,0,2,2,0,0,1.0,0.0,1.0,4.0,5,0
revocation_2002,revocation,2002,generic2,6,4,1,4,0,0,0,2,2,0,0,1.0,0.0,1.0,4.0,5,0
revocation_2002,revocation,2002,generic2,unlimited,4,1,4,0,0,0,2,2,0,0,1.0,0.0,1.0,4.0,5,0
revocation_2002,revocation,2002,no_scope,0,4,0,0,0,4,4.0,0,0,0,0,1.0,4.0,-3.0,0.0,0,0
revocation_2002,revocation,2002,no_scope,1,4,0,1,0,3,3.0,1,1,0,0,1.0,3.0,-2.0,1.0,3,0
revocation_2002,revocation,2002,no_scope,2,4,1,4,0,0,0,2,2,0,0,1.0,0.0,1.0,4.0,5,0
revocation_2002,revocation,2002,no_scope,4,4,1,4,0,0,0,2,2,0,0,1.0,0.0,1.0,4.0,5,0
revocation_2002,revocation,2002,no_scope,6,4,1,4,0,0,0,2,2,0,0,1.0,0.0,1.0,4.0,5,0
revocation_2002,revocation,2002,no_scope,unlimited,4,1,4,0,0,0,2,2,0,0,1.0,0.0,1.0,4.0,5,0
revocation_2002,revocation,2002,request_specific,0,4,0,0,0,4,4.0,0,0,0,0,1.0,4.0,-3.0,0.0,0,0
revocation_2002,revocation,2002,request_specific,1,4,0,1,0,3,3.0,1,1,0,0,1.0,3.0,-2.0,1.0,3,0
revocation_2002,revocation,2002,request_specific,2,4,0,2,0,2,2.0,2,2,0,0,1.0,2.0,-1.0,2.0,7,0
revocation_2002,revocation,2002,request_specific,4,4,1,4,0,0,0,4,2,2,0,1.0,0.0,1.0,4.0,16,0
revocation_2002,revocation,2002,request_specific,6,4,1,4,0,0,0,4,2,2,0,1.0,0.0,1.0,4.0,16,0
revocation_2002,revocation,2002,request_specific,unlimited,4,1,4,0,0,0,4,2,2,0,1.0,0.0,1.0,4.0,16,0
revocation_2003,revocation,2003,no_review,0,4,0,0,0,4,4.0,0,0,0,0,1.0,4.0,-3.0,0.0,0,0
revocation_2003,revocation,2003,no_review,1,4,0,0,0,4,4.0,0,0,0,0,1.0,4.0,-3.0,0.0,0,0
revocation_2003,revocation,2003,no_review,2,4,0,0,0,4,4.0,0,0,0,0,1.0,4.0,-3.0,0.0,0,0
revocation_2003,revocation,2003,no_review,4,4,0,0,0,4,4.0,0,0,0,0,1.0,4.0,-3.0,0.0,0,0
revocation_2003,revocation,2003,no_review,6,4,0,0,0,4,4.0,0,0,0,0,1.0,4.0,-3.0,0.0,0,0
revocation_2003,revocation,2003,no_review,unlimited,4,0,0,0,4,4.0,0,0,0,0,1.0,4.0,-3.0,0.0,0,0
revocation_2003,revocation,2003,memory,0,4,0,0,0,4,4.0,0,0,0,0,1.0,4.0,-3.0,0.0,0,0
revocation_2003,revocation,2003,memory,1,4,0,3,0,1,1.0,1,1,0,0,1.0,1.0,0.0,3.0,0,0
revocation_2003,revocation,2003,memory,2,4,0,3,0,1,1.0,1,1,0,0,1.0,1.0,0.0,3.0,0,0
revocation_2003,revocation,2003,memory,4,4,0,3,0,1,1.0,1,1,0,0,1.0,1.0,0.0,3.0,0,0
revocation_2003,revocation,2003,memory,6,4,0,3,0,1,1.0,1,1,0,0,1.0,1.0,0.0,3.0,0,0
revocation_2003,revocation,2003,memory,unlimited,4,0,3,0,1,1.0,1,1,0,0,1.0,1.0,0.0,3.0,0,0
revocation_2003,revocation,2003,uncertainty,0,4,0,0,0,4,4.0,0,0,0,0,1.0,4.0,-3.0,0.0,0,0
revocation_2003,revocation,2003,uncertainty,1,4,0,1,0,3,3.0,1,1,0,0,1.0,3.0,-2.0,1.0,0,0
revocation_2003,revocation,2003,uncertainty,2,4,1,4,0,0,0,2,2,0,0,1.0,0.0,1.0,4.0,0,0
revocation_2003,revocation,2003,uncertainty,4,4,1,4,0,0,0,2,2,0,0,1.0,0.0,1.0,4.0,0,0
revocation_2003,revocation,2003,uncertainty,6,4,1,4,0,0,0,2,2,0,0,1.0,0.0,1.0,4.0,0,0
revocation_2003,revocation,2003,uncertainty,unlimited,4,1,4,0,0,0,2,2,0,0,1.0,0.0,1.0,4.0,0,0
revocation_2003,revocation,2003,depth1,0,4,0,0,0,4,4.0,0,0,0,0,1.0,4.0,-3.0,0.0,0,0
revocation_2003,revocation,2003,depth1,1,4,0,1,0,3,3.0,1,1,0,0,1.0,3.0,-2.0,1.0,3,0
revocation_2003,revocation,2003,depth1,2,4,1,4,0,0,0,2,2,0,0,1.0,0.0,1.0,4.0,5,0
revocation_2003,revocation,2003,depth1,4,4,1,4,0,0,0,2,2,0,0,1.0,0.0,1.0,4.0,5,0
revocation_2003,revocation,2003,depth1,6,4,1,4,0,0,0,2,2,0,0,1.0,0.0,1.0,4.0,5,0
revocation_2003,revocation,2003,depth1,unlimited,4,1,4,0,0,0,2,2,0,0,1.0,0.0,1.0,4.0,5,0
revocation_2003,revocation,2003,completion,0,4,0,0,0,4,4.0,0,0,0,0,1.0,4.0,-3.0,0.0,0,0
revocation_2003,revocation,2003,completion,1,4,0,1,0,3,3.0,1,1,0,0,1.0,3.0,-2.0,1.0,0,0
revocation_2003,revocation,2003,completion,2,4,1,4,0,0,0,2,2,0,0,1.0,0.0,1.0,4.0,0,0
revocation_2003,revocation,2003,completion,4,4,1,4,0,0,0,2,2,0,0,1.0,0.0,1.0,4.0,0,0
revocation_2003,revocation,2003,completion,6,4,1,4,0,0,0,2,2,0,0,1.0,0.0,1.0,4.0,0,0
revocation_2003,revocation,2003,completion,unlimited,4,1,4,0,0,0,2,2,0,0,1.0,0.0,1.0,4.0,0,0
revocation_2003,revocation,2003,depth2,0,4,0,0,0,4,4.0,0,0,0,0,1.0,4.0,-3.0,0.0,0,0
revocation_2003,revocation,2003,depth2,1,4,0,1,0,3,3.0,1,1,0,0,1.0,3.0,-2.0,1.0,3,0
revocation_2003,revocation,2003,depth2,2,4,1,4,0,0,0,2,2,0,0,1.0,0.0,1.0,4.0,5,0
revocation_2003,revocation,2003,depth2,4,4,1,4,0,0,0,2,2,0,0,1.0,0.0,1.0,4.0,5,0
revocation_2003,revocation,2003,depth2,6,4,1,4,0,0,0,2,2,0,0,1.0,0.0,1.0,4.0,5,0
revocation_2003,revocation,2003,depth2,unlimited,4,1,4,0,0,0,2,2,0,0,1.0,0.0,1.0,4.0,5,0
revocation_2003,revocation,2003,depth3,0,4,0,0,0,4,4.0,0,0,0,0,1.0,4.0,-3.0,0.0,0,0
revocation_2003,revocation,2003,depth3,1,4,0,1,0,3,3.0,1,1,0,0,1.0,3.0,-2.0,1.0,3,0
revocation_2003,revocation,2003,depth3,2,4,1,4,0,0,0,2,2,0,0,1.0,0.0,1.0,4.0,5,0
revocation_2003,revocation,2003,depth3,4,4,1,4,0,0,0,2,2,0,0,1.0,0.0,1.0,4.0,5,0
revocation_2003,revocation,2003,depth3,6,4,1,4,0,0,0,2,2,0,0,1.0,0.0,1.0,4.0,5,0
revocation_2003,revocation,2003,depth3,unlimited,4,1,4,0,0,0,2,2,0,0,1.0,0.0,1.0,4.0,5,0
revocation_2003,revocation,2003,generic2,0,4,0,0,0,4,4.0,0,0,0,0,1.0,4.0,-3.0,0.0,0,0
revocation_2003,revocation,2003,generic2,1,4,0,1,0,3,3.0,1,1,0,0,1.0,3.0,-2.0,1.0,3,0
revocation_2003,revocation,2003,generic2,2,4,1,4,0,0,0,2,2,0,0,1.0,0.0,1.0,4.0,5,0
revocation_2003,revocation,2003,generic2,4,4,1,4,0,0,0,2,2,0,0,1.0,0.0,1.0,4.0,5,0
revocation_2003,revocation,2003,generic2,6,4,1,4,0,0,0,2,2,0,0,1.0,0.0,1.0,4.0,5,0
revocation_2003,revocation,2003,generic2,unlimited,4,1,4,0,0,0,2,2,0,0,1.0,0.0,1.0,4.0,5,0
revocation_2003,revocation,2003,no_scope,0,4,0,0,0,4,4.0,0,0,0,0,1.0,4.0,-3.0,0.0,0,0
revocation_2003,revocation,2003,no_scope,1,4,0,1,0,3,3.0,1,1,0,0,1.0,3.0,-2.0,1.0,3,0
revocation_2003,revocation,2003,no_scope,2,4,1,4,0,0,0,2,2,0,0,1.0,0.0,1.0,4.0,5,0
revocation_2003,revocation,2003,no_scope,4,4,1,4,0,0,0,2,2,0,0,1.0,0.0,1.0,4.0,5,0
revocation_2003,revocation,2003,no_scope,6,4,1,4,0,0,0,2,2,0,0,1.0,0.0,1.0,4.0,5,0
revocation_2003,revocation,2003,no_scope,unlimited,4,1,4,0,0,0,2,2,0,0,1.0,0.0,1.0,4.0,5,0
revocation_2003,revocation,2003,request_specific,0,4,0,0,0,4,4.0,0,0,0,0,1.0,4.0,-3.0,0.0,0,0
revocation_2003,revocation,2003,request_specific,1,4,0,1,0,3,3.0,1,1,0,0,1.0,3.0,-2.0,1.0,3,0
revocation_2003,revocation,2003,request_specific,2,4,0,2,0,2,2.0,2,2,0,0,1.0,2.0,-1.0,2.0,7,0
revocation_2003,revocation,2003,request_specific,4,4,1,4,0,0,0,4,2,2,0,1.0,0.0,1.0,4.0,16,0
revocation_2003,revocation,2003,request_specific,6,4,1,4,0,0,0,4,2,2,0,1.0,0.0,1.0,4.0,16,0
revocation_2003,revocation,2003,request_specific,unlimited,4,1,4,0,0,0,4,2,2,0,1.0,0.0,1.0,4.0,16,0
noisy_response_2000,noisy_response,2000,no_review,0,4,0,0,0,4,4.0,0,0,0,0,4.0,4.0,0.0,0.0,0,0
noisy_response_2000,noisy_response,2000,no_review,1,4,0,0,0,4,4.0,0,0,0,0,4.0,4.0,0.0,0.0,0,0
noisy_response_2000,noisy_response,2000,no_review,2,4,0,0,0,4,4.0,0,0,0,0,4.0,4.0,0.0,0.0,0,0
noisy_response_2000,noisy_response,2000,no_review,4,4,0,0,0,4,4.0,0,0,0,0,4.0,4.0,0.0,0.0,0,0
noisy_response_2000,noisy_response,2000,no_review,6,4,0,0,0,4,4.0,0,0,0,0,4.0,4.0,0.0,0.0,0,0
noisy_response_2000,noisy_response,2000,no_review,unlimited,4,0,0,0,4,4.0,0,0,0,0,4.0,4.0,0.0,0.0,0,0
noisy_response_2000,noisy_response,2000,memory,0,4,0,0,0,4,4.0,0,0,0,0,4.0,4.0,0.0,0.0,0,0
noisy_response_2000,noisy_response,2000,memory,1,4,0,0,0,4,4.0,0,0,0,0,4.0,4.0,0.0,0.0,0,0
noisy_response_2000,noisy_response,2000,memory,2,4,0,0,0,4,4.0,0,0,0,0,4.0,4.0,0.0,0.0,0,0
noisy_response_2000,noisy_response,2000,memory,4,4,0,0,0,4,4.0,0,0,0,0,4.0,4.0,0.0,0.0,0,0
noisy_response_2000,noisy_response,2000,memory,6,4,0,0,0,4,4.0,0,0,0,0,4.0,4.0,0.0,0.0,0,0
noisy_response_2000,noisy_response,2000,memory,unlimited,4,0,0,0,4,4.0,0,0,0,0,4.0,4.0,0.0,0.0,0,0
noisy_response_2000,noisy_response,2000,uncertainty,0,4,0,0,0,4,4.0,0,0,0,0,4.0,4.0,0.0,0.0,0,0
noisy_response_2000,noisy_response,2000,uncertainty,1,4,0,1,0,3,3.0,1,1,0,0,4.0,3.8,0.20000000000000018,1.0,0,0
noisy_response_2000,noisy_response,2000,uncertainty,2,4,0,2,0,2,2.0,2,2,0,0,4.0,3.1870967741935488,0.8129032258064512,2.0,0,0
noisy_response_2000,noisy_response,2000,uncertainty,4,4,0,2,0,2,2.0,4,4,0,0,4.0,3.1870967741935488,0.8129032258064512,2.0,0,0
noisy_response_2000,noisy_response,2000,uncertainty,6,4,0,2,0,2,2.0,4,4,0,0,4.0,3.1870967741935488,0.8129032258064512,2.0,0,0
noisy_response_2000,noisy_response,2000,uncertainty,unlimited,4,0,2,0,2,2.0,4,4,0,0,4.0,3.1870967741935488,0.8129032258064512,2.0,0,0
noisy_response_2000,noisy_response,2000,depth1,0,4,0,0,0,4,4.0,0,0,0,0,4.0,4.0,0.0,0.0,0,0
noisy_response_2000,noisy_response,2000,depth1,1,4,0,1,0,3,3.0,1,1,0,0,4.0,3.387096774193549,0.6129032258064511,1.0,9,0
noisy_response_2000,noisy_response,2000,depth1,2,4,0,1,0,3,3.0,2,2,0,0,4.0,3.387096774193549,0.6129032258064511,1.0,16,0
noisy_response_2000,noisy_response,2000,depth1,4,4,0,2,0,2,2.0,4,4,0,0,4.0,3.1870967741935488,0.8129032258064512,2.0,24,0
noisy_response_2000,noisy_response,2000,depth1,6,4,0,2,0,2,2.0,4,4,0,0,4.0,3.1870967741935488,0.8129032258064512,2.0,24,0
noisy_response_2000,noisy_response,2000,depth1,unlimited,4,0,2,0,2,2.0,4,4,0,0,4.0,3.1870967741935488,0.8129032258064512,2.0,24,0
noisy_response_2000,noisy_response,2000,completion,0,4,0,0,0,4,4.0,0,0,0,0,4.0,4.0,0.0,0.0,0,0
noisy_response_2000,noisy_response,2000,completion,1,4,0,1,0,3,3.0,1,1,0,0,4.0,3.387096774193549,0.6129032258064511,1.0,0,0
noisy_response_2000,noisy_response,2000,completion,2,4,0,1,0,3,3.0,2,2,0,0,4.0,3.387096774193549,0.6129032258064511,1.0,0,0
noisy_response_2000,noisy_response,2000,completion,4,4,0,2,0,2,2.0,4,4,0,0,4.0,3.1870967741935488,0.8129032258064512,2.0,0,0
noisy_response_2000,noisy_response,2000,completion,6,4,0,2,0,2,2.0,4,4,0,0,4.0,3.1870967741935488,0.8129032258064512,2.0,0,0
noisy_response_2000,noisy_response,2000,completion,unlimited,4,0,2,0,2,2.0,4,4,0,0,4.0,3.1870967741935488,0.8129032258064512,2.0,0,0
noisy_response_2000,noisy_response,2000,depth2,0,4,0,0,0,4,4.0,0,0,0,0,4.0,4.0,0.0,0.0,0,0
noisy_response_2000,noisy_response,2000,depth2,1,4,0,1,0,3,3.0,1,1,0,0,4.0,3.387096774193549,0.6129032258064511,1.0,9,0
noisy_response_2000,noisy_response,2000,depth2,2,4,0,1,0,3,3.0,2,2,0,0,4.0,3.387096774193549,0.6129032258064511,1.0,40,0
noisy_response_2000,noisy_response,2000,depth2,4,4,0,2,0,2,2.0,4,4,0,0,4.0,3.1870967741935488,0.8129032258064512,2.0,64,0
noisy_response_2000,noisy_response,2000,depth2,6,4,0,2,0,2,2.0,4,4,0,0,4.0,3.1870967741935488,0.8129032258064512,2.0,64,0
noisy_response_2000,noisy_response,2000,depth2,unlimited,4,0,2,0,2,2.0,4,4,0,0,4.0,3.1870967741935488,0.8129032258064512,2.0,64,0
noisy_response_2000,noisy_response,2000,depth3,0,4,0,0,0,4,4.0,0,0,0,0,4.0,4.0,0.0,0.0,0,0
noisy_response_2000,noisy_response,2000,depth3,1,4,0,1,0,3,3.0,1,1,0,0,4.0,3.387096774193549,0.6129032258064511,1.0,9,0
noisy_response_2000,noisy_response,2000,depth3,2,4,0,1,0,3,3.0,2,2,0,0,4.0,3.387096774193549,0.6129032258064511,1.0,40,0
noisy_response_2000,noisy_response,2000,depth3,4,4,0,2,0,2,2.0,4,4,0,0,4.0,3.1870967741935488,0.8129032258064512,2.0,104,0
noisy_response_2000,noisy_response,2000,depth3,6,4,0,2,0,2,2.0,4,4,0,0,4.0,3.1870967741935488,0.8129032258064512,2.0,104,0
noisy_response_2000,noisy_response,2000,depth3,unlimited,4,0,2,0,2,2.0,4,4,0,0,4.0,3.1870967741935488,0.8129032258064512,2.0,104,0
noisy_response_2000,noisy_response,2000,generic2,0,4,0,0,0,4,4.0,0,0,0,0,4.0,4.0,0.0,0.0,0,0
noisy_response_2000,noisy_response,2000,generic2,1,4,0,1,0,3,3.0,1,1,0,0,4.0,3.387096774193549,0.6129032258064511,1.0,9,0
noisy_response_2000,noisy_response,2000,generic2,2,4,0,1,0,3,3.0,2,2,0,0,4.0,3.387096774193549,0.6129032258064511,1.0,40,0
noisy_response_2000,noisy_response,2000,generic2,4,4,0,2,0,2,2.0,4,4,0,0,4.0,3.1870967741935488,0.8129032258064512,2.0,64,0
noisy_response_2000,noisy_response,2000,generic2,6,4,0,2,0,2,2.0,4,4,0,0,4.0,3.1870967741935488,0.8129032258064512,2.0,64,0
noisy_response_2000,noisy_response,2000,generic2,unlimited,4,0,2,0,2,2.0,4,4,0,0,4.0,3.1870967741935488,0.8129032258064512,2.0,64,0
noisy_response_2000,noisy_response,2000,no_scope,0,4,0,0,0,4,4.0,0,0,0,0,4.0,4.0,0.0,0.0,0,0
noisy_response_2000,noisy_response,2000,no_scope,1,4,0,1,0,3,3.0,1,1,0,0,4.0,3.387096774193549,0.6129032258064511,1.0,9,0
noisy_response_2000,noisy_response,2000,no_scope,2,4,0,1,0,3,3.0,2,2,0,0,4.0,3.387096774193549,0.6129032258064511,1.0,40,0
noisy_response_2000,noisy_response,2000,no_scope,4,4,0,2,0,2,2.0,4,4,0,0,4.0,3.1870967741935488,0.8129032258064512,2.0,64,0
noisy_response_2000,noisy_response,2000,no_scope,6,4,0,2,0,2,2.0,4,4,0,0,4.0,3.1870967741935488,0.8129032258064512,2.0,64,0
noisy_response_2000,noisy_response,2000,no_scope,unlimited,4,0,2,0,2,2.0,4,4,0,0,4.0,3.1870967741935488,0.8129032258064512,2.0,64,0
noisy_response_2000,noisy_response,2000,request_specific,0,4,0,0,0,4,4.0,0,0,0,0,4.0,4.0,0.0,0.0,0,0
noisy_response_2000,noisy_response,2000,request_specific,1,4,0,1,0,3,3.0,1,1,0,0,4.0,3.387096774193549,0.6129032258064511,1.0,9,0
noisy_response_2000,noisy_response,2000,request_specific,2,4,0,1,0,3,3.0,2,2,0,0,4.0,3.387096774193549,0.6129032258064511,1.0,40,0
noisy_response_2000,noisy_response,2000,request_specific,4,4,0,2,0,2,2.0,4,4,0,0,4.0,3.1870967741935488,0.8129032258064512,2.0,64,0
noisy_response_2000,noisy_response,2000,request_specific,6,4,0,2,0,2,2.0,4,4,0,0,4.0,3.1870967741935488,0.8129032258064512,2.0,64,0
noisy_response_2000,noisy_response,2000,request_specific,unlimited,4,0,2,0,2,2.0,4,4,0,0,4.0,3.1870967741935488,0.8129032258064512,2.0,64,0
noisy_response_2001,noisy_response,2001,no_review,0,4,0,2,1,1,5.0,0,0,0,0,2.1999999999999997,2.1999999999999997,0.0,0.0,0,0
noisy_response_2001,noisy_response,2001,no_review,1,4,0,2,1,1,5.0,0,0,0,0,2.1999999999999997,2.1999999999999997,0.0,0.0,0,0
noisy_response_2001,noisy_response,2001,no_review,2,4,0,2,1,1,5.0,0,0,0,0,2.1999999999999997,2.1999999999999997,0.0,0.0,0,0
noisy_response_2001,noisy_response,2001,no_review,4,4,0,2,1,1,5.0,0,0,0,0,2.1999999999999997,2.1999999999999997,0.0,0.0,0,0
noisy_response_2001,noisy_response,2001,no_review,6,4,0,2,1,1,5.0,0,0,0,0,2.1999999999999997,2.1999999999999997,0.0,0.0,0,0
noisy_response_2001,noisy_response,2001,no_review,unlimited,4,0,2,1,1,5.0,0,0,0,0,2.1999999999999997,2.1999999999999997,0.0,0.0,0,0
noisy_response_2001,noisy_response,2001,memory,0,4,0,2,1,1,5.0,0,0,0,0,2.1999999999999997,2.1999999999999997,0.0,0.0,0,0
noisy_response_2001,noisy_response,2001,memory,1,4,0,2,1,1,5.0,0,0,0,0,2.1999999999999997,2.1999999999999997,0.0,0.0,0,0
noisy_response_2001,noisy_response,2001,memory,2,4,0,2,1,1,5.0,0,0,0,0,2.1999999999999997,2.1999999999999997,0.0,0.0,0,0
noisy_response_2001,noisy_response,2001,memory,4,4,0,2,1,1,5.0,0,0,0,0,2.1999999999999997,2.1999999999999997,0.0,0.0,0,0
noisy_response_2001,noisy_response,2001,memory,6,4,0,2,1,1,5.0,0,0,0,0,2.1999999999999997,2.1999999999999997,0.0,0.0,0,0
noisy_response_2001,noisy_response,2001,memory,unlimited,4,0,2,1,1,5.0,0,0,0,0,2.1999999999999997,2.1999999999999997,0.0,0.0,0,0
noisy_response_2001,noisy_response,2001,uncertainty,0,4,0,2,1,1,5.0,0,0,0,0,2.1999999999999997,2.1999999999999997,0.0,0.0,0,0
noisy_response_2001,noisy_response,2001,uncertainty,1,4,0,3,1,0,4.0,1,1,0,0,2.1999999999999997,1.9999999999999996,0.20000000000000018,1.0,0,0
noisy_response_2001,noisy_response,2001,uncertainty,2,4,0,3,1,0,4.0,2,2,0,0,2.1999999999999997,1.708108108108108,0.49189189189189175,1.0,0,0
noisy_response_2001,noisy_response,2001,uncertainty,4,4,0,3,0,1,1.0,4,4,0,0,2.1999999999999997,2.0162162162162165,0.18378378378378324,4.0,0,0
noisy_response_2001,noisy_response,2001,uncertainty,6,4,0,3,0,1,1.0,4,4,0,0,2.1999999999999997,2.0162162162162165,0.18378378378378324,4.0,0,0
noisy_response_2001,noisy_response,2001,uncertainty,unlimited,4,0,3,0,1,1.0,4,4,0,0,2.1999999999999997,2.0162162162162165,0.18378378378378324,4.0,0,0
noisy_response_2001,noisy_response,2001,depth1,0,4,0,2,1,1,5.0,0,0,0,0,2.1999999999999997,2.1999999999999997,0.0,0.0,0,0
noisy_response_2001,noisy_response,2001,depth1,1,4,0,3,1,0,4.0,1,1,0,0,2.1999999999999997,1.9999999999999996,0.20000000000000018,1.0,9,0
noisy_response_2001,noisy_response,2001,depth1,2,4,0,3,1,0,4.0,2,2,0,0,2.1999999999999997,1.708108108108108,0.49189189189189175,1.0,16,0
noisy_response_2001,noisy_response,2001,depth1,4,4,0,3,0,1,1.0,4,4,0,0,2.1999999999999997,2.0162162162162165,0.18378378378378324,4.0,24,0
noisy_response_2001,noisy_response,2001,depth1,6,4,0,3,0,1,1.0,4,4,0,0,2.1999999999999997,2.0162162162162165,0.18378378378378324,4.0,24,0
noisy_response_2001,noisy_response,2001,depth1,unlimited,4,0,3,0,1,1.0,4,4,0,0,2.1999999999999997,2.0162162162162165,0.18378378378378324,4.0,24,0
noisy_response_2001,noisy_response,2001,completion,0,4,0,2,1,1,5.0,0,0,0,0,2.1999999999999997,2.1999999999999997,0.0,0.0,0,0
noisy_response_2001,noisy_response,2001,completion,1,4,0,3,1,0,4.0,1,1,0,0,2.1999999999999997,1.9999999999999996,0.20000000000000018,1.0,0,0
noisy_response_2001,noisy_response,2001,completion,2,4,0,3,1,0,4.0,2,2,0,0,2.1999999999999997,1.708108108108108,0.49189189189189175,1.0,0,0
noisy_response_2001,noisy_response,2001,completion,4,4,0,3,0,1,1.0,4,4,0,0,2.1999999999999997,2.0162162162162165,0.18378378378378324,4.0,0,0
noisy_response_2001,noisy_response,2001,completion,6,4,0,3,0,1,1.0,4,4,0,0,2.1999999999999997,2.0162162162162165,0.18378378378378324,4.0,0,0
noisy_response_2001,noisy_response,2001,completion,unlimited,4,0,3,0,1,1.0,4,4,0,0,2.1999999999999997,2.0162162162162165,0.18378378378378324,4.0,0,0
noisy_response_2001,noisy_response,2001,depth2,0,4,0,2,1,1,5.0,0,0,0,0,2.1999999999999997,2.1999999999999997,0.0,0.0,0,0
noisy_response_2001,noisy_response,2001,depth2,1,4,0,3,1,0,4.0,1,1,0,0,2.1999999999999997,1.9999999999999996,0.20000000000000018,1.0,9,0
noisy_response_2001,noisy_response,2001,depth2,2,4,0,3,1,0,4.0,2,2,0,0,2.1999999999999997,1.708108108108108,0.49189189189189175,1.0,40,0
noisy_response_2001,noisy_response,2001,depth2,4,4,0,3,0,1,1.0,4,4,0,0,2.1999999999999997,2.0162162162162165,0.18378378378378324,4.0,64,0
noisy_response_2001,noisy_response,2001,depth2,6,4,0,3,0,1,1.0,4,4,0,0,2.1999999999999997,2.0162162162162165,0.18378378378378324,4.0,64,0
noisy_response_2001,noisy_response,2001,depth2,unlimited,4,0,3,0,1,1.0,4,4,0,0,2.1999999999999997,2.0162162162162165,0.18378378378378324,4.0,64,0
noisy_response_2001,noisy_response,2001,depth3,0,4,0,2,1,1,5.0,0,0,0,0,2.1999999999999997,2.1999999999999997,0.0,0.0,0,0
noisy_response_2001,noisy_response,2001,depth3,1,4,0,3,1,0,4.0,1,1,0,0,2.1999999999999997,1.9999999999999996,0.20000000000000018,1.0,9,0
noisy_response_2001,noisy_response,2001,depth3,2,4,0,3,1,0,4.0,2,2,0,0,2.1999999999999997,1.708108108108108,0.49189189189189175,1.0,40,0
noisy_response_2001,noisy_response,2001,depth3,4,4,0,3,0,1,1.0,4,4,0,0,2.1999999999999997,2.0162162162162165,0.18378378378378324,4.0,104,0
noisy_response_2001,noisy_response,2001,depth3,6,4,0,3,0,1,1.0,4,4,0,0,2.1999999999999997,2.0162162162162165,0.18378378378378324,4.0,104,0
noisy_response_2001,noisy_response,2001,depth3,unlimited,4,0,3,0,1,1.0,4,4,0,0,2.1999999999999997,2.0162162162162165,0.18378378378378324,4.0,104,0
noisy_response_2001,noisy_response,2001,generic2,0,4,0,2,1,1,5.0,0,0,0,0,2.1999999999999997,2.1999999999999997,0.0,0.0,0,0
noisy_response_2001,noisy_response,2001,generic2,1,4,0,3,1,0,4.0,1,1,0,0,2.1999999999999997,1.9999999999999996,0.20000000000000018,1.0,9,0
noisy_response_2001,noisy_response,2001,generic2,2,4,0,3,1,0,4.0,2,2,0,0,2.1999999999999997,1.708108108108108,0.49189189189189175,1.0,40,0
noisy_response_2001,noisy_response,2001,generic2,4,4,0,3,0,1,1.0,4,4,0,0,2.1999999999999997,2.0162162162162165,0.18378378378378324,4.0,64,0
noisy_response_2001,noisy_response,2001,generic2,6,4,0,3,0,1,1.0,4,4,0,0,2.1999999999999997,2.0162162162162165,0.18378378378378324,4.0,64,0
noisy_response_2001,noisy_response,2001,generic2,unlimited,4,0,3,0,1,1.0,4,4,0,0,2.1999999999999997,2.0162162162162165,0.18378378378378324,4.0,64,0
noisy_response_2001,noisy_response,2001,no_scope,0,4,0,2,1,1,5.0,0,0,0,0,2.1999999999999997,2.1999999999999997,0.0,0.0,0,0
noisy_response_2001,noisy_response,2001,no_scope,1,4,0,3,1,0,4.0,1,1,0,0,2.1999999999999997,1.9999999999999996,0.20000000000000018,1.0,9,0
noisy_response_2001,noisy_response,2001,no_scope,2,4,0,3,1,0,4.0,2,2,0,0,2.1999999999999997,1.708108108108108,0.49189189189189175,1.0,40,0
noisy_response_2001,noisy_response,2001,no_scope,4,4,0,3,0,1,1.0,4,4,0,0,2.1999999999999997,2.0162162162162165,0.18378378378378324,4.0,64,0
noisy_response_2001,noisy_response,2001,no_scope,6,4,0,3,0,1,1.0,4,4,0,0,2.1999999999999997,2.0162162162162165,0.18378378378378324,4.0,64,0
noisy_response_2001,noisy_response,2001,no_scope,unlimited,4,0,3,0,1,1.0,4,4,0,0,2.1999999999999997,2.0162162162162165,0.18378378378378324,4.0,64,0
noisy_response_2001,noisy_response,2001,request_specific,0,4,0,2,1,1,5.0,0,0,0,0,2.1999999999999997,2.1999999999999997,0.0,0.0,0,0
noisy_response_2001,noisy_response,2001,request_specific,1,4,0,3,1,0,4.0,1,1,0,0,2.1999999999999997,1.9999999999999996,0.20000000000000018,1.0,9,0
noisy_response_2001,noisy_response,2001,request_specific,2,4,0,3,1,0,4.0,2,2,0,0,2.1999999999999997,1.708108108108108,0.49189189189189175,1.0,40,0
noisy_response_2001,noisy_response,2001,request_specific,4,4,0,3,0,1,1.0,4,4,0,0,2.1999999999999997,2.0162162162162165,0.18378378378378324,4.0,64,0
noisy_response_2001,noisy_response,2001,request_specific,6,4,0,3,0,1,1.0,4,4,0,0,2.1999999999999997,2.0162162162162165,0.18378378378378324,4.0,64,0
noisy_response_2001,noisy_response,2001,request_specific,unlimited,4,0,3,0,1,1.0,4,4,0,0,2.1999999999999997,2.0162162162162165,0.18378378378378324,4.0,64,0
noisy_response_2002,noisy_response,2002,no_review,0,4,0,2,0,2,2.0,0,0,0,0,2.8,2.8,0.0,0.0,0,0
noisy_response_2002,noisy_response,2002,no_review,1,4,0,2,0,2,2.0,0,0,0,0,2.8,2.8,0.0,0.0,0,0
noisy_response_2002,noisy_response,2002,no_review,2,4,0,2,0,2,2.0,0,0,0,0,2.8,2.8,0.0,0.0,0,0
noisy_response_2002,noisy_response,2002,no_review,4,4,0,2,0,2,2.0,0,0,0,0,2.8,2.8,0.0,0.0,0,0
noisy_response_2002,noisy_response,2002,no_review,6,4,0,2,0,2,2.0,0,0,0,0,2.8,2.8,0.0,0.0,0,0
noisy_response_2002,noisy_response,2002,no_review,unlimited,4,0,2,0,2,2.0,0,0,0,0,2.8,2.8,0.0,0.0,0,0
noisy_response_2002,noisy_response,2002,memory,0,4,0,2,0,2,2.0,0,0,0,0,2.8,2.8,0.0,0.0,0,0
noisy_response_2002,noisy_response,2002,memory,1,4,0,2,0,2,2.0,0,0,0,0,2.8,2.8,0.0,0.0,0,0
noisy_response_2002,noisy_response,2002,memory,2,4,0,2,0,2,2.0,0,0,0,0,2.8,2.8,0.0,0.0,0,0
noisy_response_2002,noisy_response,2002,memory,4,4,0,2,0,2,2.0,0,0,0,0,2.8,2.8,0.0,0.0,0,0
noisy_response_2002,noisy_response,2002,memory,6,4,0,2,0,2,2.0,0,0,0,0,2.8,2.8,0.0,0.0,0,0
noisy_response_2002,noisy_response,2002,memory,unlimited,4,0,2,0,2,2.0,0,0,0,0,2.8,2.8,0.0,0.0,0,0
noisy_response_2002,noisy_response,2002,uncertainty,0,4,0,2,0,2,2.0,0,0,0,0,2.8,2.8,0.0,0.0,0,0
noisy_response_2002,noisy_response,2002,uncertainty,1,4,0,2,0,2,2.0,1,1,0,0,2.8,2.8,0.0,0.0,0,0
noisy_response_2002,noisy_response,2002,uncertainty,2,4,0,2,0,2,2.0,2,2,0,0,2.8,2.8,0.0,0.0,0,0
noisy_response_2002,noisy_response,2002,uncertainty,4,4,0,2,0,2,2.0,4,4,0,0,2.8,2.2162162162162167,0.5837837837837832,0.0,0,0
noisy_response_2002,noisy_response,2002,uncertainty,6,4,0,2,0,2,2.0,4,4,0,0,2.8,2.2162162162162167,0.5837837837837832,0.0,0,0
noisy_response_2002,noisy_response,2002,uncertainty,unlimited,4,0,2,0,2,2.0,4,4,0,0,2.8,2.2162162162162167,0.5837837837837832,0.0,0,0
noisy_response_2002,noisy_response,2002,depth1,0,4,0,2,0,2,2.0,0,0,0,0,2.8,2.8,0.0,0.0,0,0
noisy_response_2002,noisy_response,2002,depth1,1,4,0,2,0,2,2.0,1,1,0,0,2.8,2.8,0.0,0.0,9,0
noisy_response_2002,noisy_response,2002,depth1,2,4,0,2,0,2,2.0,2,2,0,0,2.8,2.8,0.0,0.0,16,0
noisy_response_2002,noisy_response,2002,depth1,4,4,0,2,0,2,2.0,4,4,0,0,2.8,2.2162162162162167,0.5837837837837832,0.0,24,0
noisy_response_2002,noisy_response,2002,depth1,6,4,0,2,0,2,2.0,4,4,0,0,2.8,2.2162162162162167,0.5837837837837832,0.0,24,0
noisy_response_2002,noisy_response,2002,depth1,unlimited,4,0,2,0,2,2.0,4,4,0,0,2.8,2.2162162162162167,0.5837837837837832,0.0,24,0
noisy_response_2002,noisy_response,2002,completion,0,4,0,2,0,2,2.0,0,0,0,0,2.8,2.8,0.0,0.0,0,0
noisy_response_2002,noisy_response,2002,completion,1,4,0,2,0,2,2.0,1,1,0,0,2.8,2.8,0.0,0.0,0,0
noisy_response_2002,noisy_response,2002,completion,2,4,0,2,0,2,2.0,2,2,0,0,2.8,2.8,0.0,0.0,0,0
noisy_response_2002,noisy_response,2002,completion,4,4,0,2,0,2,2.0,4,4,0,0,2.8,2.2162162162162167,0.5837837837837832,0.0,0,0
noisy_response_2002,noisy_response,2002,completion,6,4,0,2,0,2,2.0,4,4,0,0,2.8,2.2162162162162167,0.5837837837837832,0.0,0,0
noisy_response_2002,noisy_response,2002,completion,unlimited,4,0,2,0,2,2.0,4,4,0,0,2.8,2.2162162162162167,0.5837837837837832,0.0,0,0
noisy_response_2002,noisy_response,2002,depth2,0,4,0,2,0,2,2.0,0,0,0,0,2.8,2.8,0.0,0.0,0,0
noisy_response_2002,noisy_response,2002,depth2,1,4,0,2,0,2,2.0,1,1,0,0,2.8,2.8,0.0,0.0,9,0
noisy_response_2002,noisy_response,2002,depth2,2,4,0,2,0,2,2.0,2,2,0,0,2.8,2.8,0.0,0.0,40,0
noisy_response_2002,noisy_response,2002,depth2,4,4,0,2,0,2,2.0,4,4,0,0,2.8,2.2162162162162167,0.5837837837837832,0.0,64,0
noisy_response_2002,noisy_response,2002,depth2,6,4,0,2,0,2,2.0,4,4,0,0,2.8,2.2162162162162167,0.5837837837837832,0.0,64,0
noisy_response_2002,noisy_response,2002,depth2,unlimited,4,0,2,0,2,2.0,4,4,0,0,2.8,2.2162162162162167,0.5837837837837832,0.0,64,0
noisy_response_2002,noisy_response,2002,depth3,0,4,0,2,0,2,2.0,0,0,0,0,2.8,2.8,0.0,0.0,0,0
noisy_response_2002,noisy_response,2002,depth3,1,4,0,2,0,2,2.0,1,1,0,0,2.8,2.8,0.0,0.0,9,0
noisy_response_2002,noisy_response,2002,depth3,2,4,0,2,0,2,2.0,2,2,0,0,2.8,2.8,0.0,0.0,40,0
noisy_response_2002,noisy_response,2002,depth3,4,4,0,2,0,2,2.0,4,4,0,0,2.8,2.2162162162162167,0.5837837837837832,0.0,104,0
noisy_response_2002,noisy_response,2002,depth3,6,4,0,2,0,2,2.0,4,4,0,0,2.8,2.2162162162162167,0.5837837837837832,0.0,104,0
noisy_response_2002,noisy_response,2002,depth3,unlimited,4,0,2,0,2,2.0,4,4,0,0,2.8,2.2162162162162167,0.5837837837837832,0.0,104,0
noisy_response_2002,noisy_response,2002,generic2,0,4,0,2,0,2,2.0,0,0,0,0,2.8,2.8,0.0,0.0,0,0
noisy_response_2002,noisy_response,2002,generic2,1,4,0,2,0,2,2.0,1,1,0,0,2.8,2.8,0.0,0.0,9,0
noisy_response_2002,noisy_response,2002,generic2,2,4,0,2,0,2,2.0,2,2,0,0,2.8,2.8,0.0,0.0,40,0
noisy_response_2002,noisy_response,2002,generic2,4,4,0,2,0,2,2.0,4,4,0,0,2.8,2.2162162162162167,0.5837837837837832,0.0,64,0
noisy_response_2002,noisy_response,2002,generic2,6,4,0,2,0,2,2.0,4,4,0,0,2.8,2.2162162162162167,0.5837837837837832,0.0,64,0
noisy_response_2002,noisy_response,2002,generic2,unlimited,4,0,2,0,2,2.0,4,4,0,0,2.8,2.2162162162162167,0.5837837837837832,0.0,64,0
noisy_response_2002,noisy_response,2002,no_scope,0,4,0,2,0,2,2.0,0,0,0,0,2.8,2.8,0.0,0.0,0,0
noisy_response_2002,noisy_response,2002,no_scope,1,4,0,2,0,2,2.0,1,1,0,0,2.8,2.8,0.0,0.0,9,0
noisy_response_2002,noisy_response,2002,no_scope,2,4,0,2,0,2,2.0,2,2,0,0,2.8,2.8,0.0,0.0,40,0
noisy_response_2002,noisy_response,2002,no_scope,4,4,0,2,0,2,2.0,4,4,0,0,2.8,2.2162162162162167,0.5837837837837832,0.0,64,0
noisy_response_2002,noisy_response,2002,no_scope,6,4,0,2,0,2,2.0,4,4,0,0,2.8,2.2162162162162167,0.5837837837837832,0.0,64,0
noisy_response_2002,noisy_response,2002,no_scope,unlimited,4,0,2,0,2,2.0,4,4,0,0,2.8,2.2162162162162167,0.5837837837837832,0.0,64,0
noisy_response_2002,noisy_response,2002,request_specific,0,4,0,2,0,2,2.0,0,0,0,0,2.8,2.8,0.0,0.0,0,0
noisy_response_2002,noisy_response,2002,request_specific,1,4,0,2,0,2,2.0,1,1,0,0,2.8,2.8,0.0,0.0,9,0
noisy_response_2002,noisy_response,2002,request_specific,2,4,0,2,0,2,2.0,2,2,0,0,2.8,2.8,0.0,0.0,40,0
noisy_response_2002,noisy_response,2002,request_specific,4,4,0,2,0,2,2.0,4,4,0,0,2.8,2.2162162162162167,0.5837837837837832,0.0,64,0
noisy_response_2002,noisy_response,2002,request_specific,6,4,0,2,0,2,2.0,4,4,0,0,2.8,2.2162162162162167,0.5837837837837832,0.0,64,0
noisy_response_2002,noisy_response,2002,request_specific,unlimited,4,0,2,0,2,2.0,4,4,0,0,2.8,2.2162162162162167,0.5837837837837832,0.0,64,0
noisy_response_2003,noisy_response,2003,no_review,0,4,0,1,0,3,3.0,0,0,0,0,3.4,3.4,0.0,0.0,0,0
noisy_response_2003,noisy_response,2003,no_review,1,4,0,1,0,3,3.0,0,0,0,0,3.4,3.4,0.0,0.0,0,0
noisy_response_2003,noisy_response,2003,no_review,2,4,0,1,0,3,3.0,0,0,0,0,3.4,3.4,0.0,0.0,0,0
noisy_response_2003,noisy_response,2003,no_review,4,4,0,1,0,3,3.0,0,0,0,0,3.4,3.4,0.0,0.0,0,0
noisy_response_2003,noisy_response,2003,no_review,6,4,0,1,0,3,3.0,0,0,0,0,3.4,3.4,0.0,0.0,0,0
noisy_response_2003,noisy_response,2003,no_review,unlimited,4,0,1,0,3,3.0,0,0,0,0,3.4,3.4,0.0,0.0,0,0
noisy_response_2003,noisy_response,2003,memory,0,4,0,1,0,3,3.0,0,0,0,0,3.4,3.4,0.0,0.0,0,0
noisy_response_2003,noisy_response,2003,memory,1,4,0,1,0,3,3.0,0,0,0,0,3.4,3.4,0.0,0.0,0,0
noisy_response_2003,noisy_response,2003,memory,2,4,0,1,0,3,3.0,0,0,0,0,3.4,3.4,0.0,0.0,0,0
noisy_response_2003,noisy_response,2003,memory,4,4,0,1,0,3,3.0,0,0,0,0,3.4,3.4,0.0,0.0,0,0
noisy_response_2003,noisy_response,2003,memory,6,4,0,1,0,3,3.0,0,0,0,0,3.4,3.4,0.0,0.0,0,0
noisy_response_2003,noisy_response,2003,memory,unlimited,4,0,1,0,3,3.0,0,0,0,0,3.4,3.4,0.0,0.0,0,0
noisy_response_2003,noisy_response,2003,uncertainty,0,4,0,1,0,3,3.0,0,0,0,0,3.4,3.4,0.0,0.0,0,0
noisy_response_2003,noisy_response,2003,uncertainty,1,4,0,2,0,2,2.0,1,1,0,0,3.4,3.1999999999999997,0.20000000000000018,1.0,0,0
noisy_response_2003,noisy_response,2003,uncertainty,2,4,0,3,0,1,1.0,2,2,0,0,3.4,2.5870967741935487,0.8129032258064512,2.0,0,0
noisy_response_2003,noisy_response,2003,uncertainty,4,4,0,3,0,1,1.0,4,4,0,0,3.4,2.295204882301657,1.1047951176983428,2.0,0,0
noisy_response_2003,noisy_response,2003,uncertainty,6,4,0,3,0,1,1.0,4,4,0,0,3.4,2.295204882301657,1.1047951176983428,2.0,0,0
noisy_response_2003,noisy_response,2003,uncertainty,unlimited,4,0,3,0,1,1.0,4,4,0,0,3.4,2.295204882301657,1.1047951176983428,2.0,0,0
noisy_response_2003,noisy_response,2003,depth1,0,4,0,1,0,3,3.0,0,0,0,0,3.4,3.4,0.0,0.0,0,0
noisy_response_2003,noisy_response,2003,depth1,1,4,0,2,0,2,2.0,1,1,0,0,3.4,2.787096774193549,0.6129032258064511,1.0,9,0
noisy_response_2003,noisy_response,2003,depth1,2,4,0,2,0,2,2.0,2,2,0,0,3.4,2.787096774193549,0.6129032258064511,1.0,16,0
noisy_response_2003,noisy_response,2003,depth1,4,4,0,3,0,1,1.0,4,4,0,0,3.4,2.295204882301657,1.1047951176983428,2.0,24,0
noisy_response_2003,noisy_response,2003,depth1,6,4,0,3,0,1,1.0,4,4,0,0,3.4,2.295204882301657,1.1047951176983428,2.0,24,0
noisy_response_2003,noisy_response,2003,depth1,unlimited,4,0,3,0,1,1.0,4,4,0,0,3.4,2.295204882301657,1.1047951176983428,2.0,24,0
noisy_response_2003,noisy_response,2003,completion,0,4,0,1,0,3,3.0,0,0,0,0,3.4,3.4,0.0,0.0,0,0
noisy_response_2003,noisy_response,2003,completion,1,4,0,2,0,2,2.0,1,1,0,0,3.4,3.1999999999999997,0.20000000000000018,1.0,0,0
noisy_response_2003,noisy_response,2003,completion,2,4,0,3,0,1,1.0,2,2,0,0,3.4,2.5870967741935487,0.8129032258064512,2.0,0,0
noisy_response_2003,noisy_response,2003,completion,4,4,0,3,0,1,1.0,4,4,0,0,3.4,2.295204882301657,1.1047951176983428,2.0,0,0
noisy_response_2003,noisy_response,2003,completion,6,4,0,3,0,1,1.0,4,4,0,0,3.4,2.295204882301657,1.1047951176983428,2.0,0,0
noisy_response_2003,noisy_response,2003,completion,unlimited,4,0,3,0,1,1.0,4,4,0,0,3.4,2.295204882301657,1.1047951176983428,2.0,0,0
noisy_response_2003,noisy_response,2003,depth2,0,4,0,1,0,3,3.0,0,0,0,0,3.4,3.4,0.0,0.0,0,0
noisy_response_2003,noisy_response,2003,depth2,1,4,0,2,0,2,2.0,1,1,0,0,3.4,2.787096774193549,0.6129032258064511,1.0,9,0
noisy_response_2003,noisy_response,2003,depth2,2,4,0,2,0,2,2.0,2,2,0,0,3.4,2.787096774193549,0.6129032258064511,1.0,40,0
noisy_response_2003,noisy_response,2003,depth2,4,4,0,3,0,1,1.0,4,4,0,0,3.4,2.295204882301657,1.1047951176983428,2.0,64,0
noisy_response_2003,noisy_response,2003,depth2,6,4,0,3,0,1,1.0,4,4,0,0,3.4,2.295204882301657,1.1047951176983428,2.0,64,0
noisy_response_2003,noisy_response,2003,depth2,unlimited,4,0,3,0,1,1.0,4,4,0,0,3.4,2.295204882301657,1.1047951176983428,2.0,64,0
noisy_response_2003,noisy_response,2003,depth3,0,4,0,1,0,3,3.0,0,0,0,0,3.4,3.4,0.0,0.0,0,0
noisy_response_2003,noisy_response,2003,depth3,1,4,0,2,0,2,2.0,1,1,0,0,3.4,2.787096774193549,0.6129032258064511,1.0,9,0
noisy_response_2003,noisy_response,2003,depth3,2,4,0,2,0,2,2.0,2,2,0,0,3.4,2.787096774193549,0.6129032258064511,1.0,40,0
noisy_response_2003,noisy_response,2003,depth3,4,4,0,3,0,1,1.0,4,4,0,0,3.4,2.295204882301657,1.1047951176983428,2.0,104,0
noisy_response_2003,noisy_response,2003,depth3,6,4,0,3,0,1,1.0,4,4,0,0,3.4,2.295204882301657,1.1047951176983428,2.0,104,0
noisy_response_2003,noisy_response,2003,depth3,unlimited,4,0,3,0,1,1.0,4,4,0,0,3.4,2.295204882301657,1.1047951176983428,2.0,104,0
noisy_response_2003,noisy_response,2003,generic2,0,4,0,1,0,3,3.0,0,0,0,0,3.4,3.4,0.0,0.0,0,0
noisy_response_2003,noisy_response,2003,generic2,1,4,0,2,0,2,2.0,1,1,0,0,3.4,2.787096774193549,0.6129032258064511,1.0,9,0
noisy_response_2003,noisy_response,2003,generic2,2,4,0,2,0,2,2.0,2,2,0,0,3.4,2.787096774193549,0.6129032258064511,1.0,40,0
noisy_response_2003,noisy_response,2003,generic2,4,4,0,3,0,1,1.0,4,4,0,0,3.4,2.295204882301657,1.1047951176983428,2.0,64,0
noisy_response_2003,noisy_response,2003,generic2,6,4,0,3,0,1,1.0,4,4,0,0,3.4,2.295204882301657,1.1047951176983428,2.0,64,0
noisy_response_2003,noisy_response,2003,generic2,unlimited,4,0,3,0,1,1.0,4,4,0,0,3.4,2.295204882301657,1.1047951176983428,2.0,64,0
noisy_response_2003,noisy_response,2003,no_scope,0,4,0,1,0,3,3.0,0,0,0,0,3.4,3.4,0.0,0.0,0,0
noisy_response_2003,noisy_response,2003,no_scope,1,4,0,2,0,2,2.0,1,1,0,0,3.4,2.787096774193549,0.6129032258064511,1.0,9,0
noisy_response_2003,noisy_response,2003,no_scope,2,4,0,2,0,2,2.0,2,2,0,0,3.4,2.787096774193549,0.6129032258064511,1.0,40,0
noisy_response_2003,noisy_response,2003,no_scope,4,4,0,3,0,1,1.0,4,4,0,0,3.4,2.295204882301657,1.1047951176983428,2.0,64,0
noisy_response_2003,noisy_response,2003,no_scope,6,4,0,3,0,1,1.0,4,4,0,0,3.4,2.295204882301657,1.1047951176983428,2.0,64,0
noisy_response_2003,noisy_response,2003,no_scope,unlimited,4,0,3,0,1,1.0,4,4,0,0,3.4,2.295204882301657,1.1047951176983428,2.0,64,0
noisy_response_2003,noisy_response,2003,request_specific,0,4,0,1,0,3,3.0,0,0,0,0,3.4,3.4,0.0,0.0,0,0
noisy_response_2003,noisy_response,2003,request_specific,1,4,0,2,0,2,2.0,1,1,0,0,3.4,2.787096774193549,0.6129032258064511,1.0,9,0
noisy_response_2003,noisy_response,2003,request_specific,2,4,0,2,0,2,2.0,2,2,0,0,3.4,2.787096774193549,0.6129032258064511,1.0,40,0
noisy_response_2003,noisy_response,2003,request_specific,4,4,0,3,0,1,1.0,4,4,0,0,3.4,2.295204882301657,1.1047951176983428,2.0,64,0
noisy_response_2003,noisy_response,2003,request_specific,6,4,0,3,0,1,1.0,4,4,0,0,3.4,2.295204882301657,1.1047951176983428,2.0,64,0
noisy_response_2003,noisy_response,2003,request_specific,unlimited,4,0,3,0,1,1.0,4,4,0,0,3.4,2.295204882301657,1.1047951176983428,2.0,64,0
unresolved_response_2000,unresolved_response,2000,no_review,0,4,0,0,0,4,4.0,0,0,0,0,4.0,4.0,0.0,0.0,0,0
unresolved_response_2000,unresolved_response,2000,no_review,1,4,0,0,0,4,4.0,0,0,0,0,4.0,4.0,0.0,0.0,0,0
unresolved_response_2000,unresolved_response,2000,no_review,2,4,0,0,0,4,4.0,0,0,0,0,4.0,4.0,0.0,0.0,0,0
unresolved_response_2000,unresolved_response,2000,no_review,4,4,0,0,0,4,4.0,0,0,0,0,4.0,4.0,0.0,0.0,0,0
unresolved_response_2000,unresolved_response,2000,no_review,6,4,0,0,0,4,4.0,0,0,0,0,4.0,4.0,0.0,0.0,0,0
unresolved_response_2000,unresolved_response,2000,no_review,unlimited,4,0,0,0,4,4.0,0,0,0,0,4.0,4.0,0.0,0.0,0,0
unresolved_response_2000,unresolved_response,2000,memory,0,4,0,0,0,4,4.0,0,0,0,0,4.0,4.0,0.0,0.0,0,0
unresolved_response_2000,unresolved_response,2000,memory,1,4,0,0,0,4,4.0,0,0,0,0,4.0,4.0,0.0,0.0,0,0
unresolved_response_2000,unresolved_response,2000,memory,2,4,0,0,0,4,4.0,0,0,0,0,4.0,4.0,0.0,0.0,0,0
unresolved_response_2000,unresolved_response,2000,memory,4,4,0,0,0,4,4.0,0,0,0,0,4.0,4.0,0.0,0.0,0,0
unresolved_response_2000,unresolved_response,2000,memory,6,4,0,0,0,4,4.0,0,0,0,0,4.0,4.0,0.0,0.0,0,0
unresolved_response_2000,unresolved_response,2000,memory,unlimited,4,0,0,0,4,4.0,0,0,0,0,4.0,4.0,0.0,0.0,0,0
unresolved_response_2000,unresolved_response,2000,uncertainty,0,4,0,0,0,4,4.0,0,0,0,0,4.0,4.0,0.0,0.0,0,0
unresolved_response_2000,unresolved_response,2000,uncertainty,1,4,0,1,0,3,3.0,1,1,0,0,4.0,3.0,1.0,1.0,0,0
unresolved_response_2000,unresolved_response,2000,uncertainty,2,4,0,1,0,3,3.0,2,2,0,0,4.0,3.0,1.0,1.0,0,0
unresolved_response_2000,unresolved_response,2000,uncertainty,4,4,0,2,0,2,2.0,4,4,0,0,4.0,2.0,2.0,2.0,0,0
unresolved_response_2000,unresolved_response,2000,uncertainty,6,4,0,2,0,2,2.0,4,4,0,0,4.0,2.0,2.0,2.0,0,0
unresolved_response_2000,unresolved_response,2000,uncertainty,unlimited,4,0,2,0,2,2.0,4,4,0,0,4.0,2.0,2.0,2.0,0,0
unresolved_response_2000,unresolved_response,2000,depth1,0,4,0,0,0,4,4.0,0,0,0,0,4.0,4.0,0.0,0.0,0,0
unresolved_response_2000,unresolved_response,2000,depth1,1,4,0,0,0,4,4.0,1,1,0,0,4.0,4.0,0.0,0.0,13,0
unresolved_response_2000,unresolved_response,2000,depth1,2,4,0,0,0,4,4.0,2,2,0,0,4.0,4.0,0.0,0.0,23,0
unresolved_response_2000,unresolved_response,2000,depth1,4,4,0,2,0,2,2.0,4,4,0,0,4.0,2.0,2.0,2.0,34,0
unresolved_response_2000,unresolved_response,2000,depth1,6,4,0,2,0,2,2.0,4,4,0,0,4.0,2.0,2.0,2.0,34,0
unresolved_response_2000,unresolved_response,2000,depth1,unlimited,4,0,2,0,2,2.0,4,4,0,0,4.0,2.0,2.0,2.0,34,0
unresolved_response_2000,unresolved_response,2000,completion,0,4,0,0,0,4,4.0,0,0,0,0,4.0,4.0,0.0,0.0,0,0
unresolved_response_2000,unresolved_response,2000,completion,1,4,0,0,0,4,4.0,1,1,0,0,4.0,4.0,0.0,0.0,0,0
unresolved_response_2000,unresolved_response,2000,completion,2,4,0,0,0,4,4.0,2,2,0,0,4.0,4.0,0.0,0.0,0,0
unresolved_response_2000,unresolved_response,2000,completion,4,4,0,2,0,2,2.0,4,4,0,0,4.0,2.0,2.0,2.0,0,0
unresolved_response_2000,unresolved_response,2000,completion,6,4,0,2,0,2,2.0,4,4,0,0,4.0,2.0,2.0,2.0,0,0
unresolved_response_2000,unresolved_response,2000,completion,unlimited,4,0,2,0,2,2.0,4,4,0,0,4.0,2.0,2.0,2.0,0,0
unresolved_response_2000,unresolved_response,2000,depth2,0,4,0,0,0,4,4.0,0,0,0,0,4.0,4.0,0.0,0.0,0,0
unresolved_response_2000,unresolved_response,2000,depth2,1,4,0,0,0,4,4.0,1,1,0,0,4.0,4.0,0.0,0.0,13,0
unresolved_response_2000,unresolved_response,2000,depth2,2,4,0,0,0,4,4.0,2,2,0,0,4.0,4.0,0.0,0.0,77,0
unresolved_response_2000,unresolved_response,2000,depth2,4,4,0,2,0,2,2.0,4,4,0,0,4.0,2.0,2.0,2.0,124,0
unresolved_response_2000,unresolved_response,2000,depth2,6,4,0,2,0,2,2.0,4,4,0,0,4.0,2.0,2.0,2.0,124,0
unresolved_response_2000,unresolved_response,2000,depth2,unlimited,4,0,2,0,2,2.0,4,4,0,0,4.0,2.0,2.0,2.0,124,0
unresolved_response_2000,unresolved_response,2000,depth3,0,4,0,0,0,4,4.0,0,0,0,0,4.0,4.0,0.0,0.0,0,0
unresolved_response_2000,unresolved_response,2000,depth3,1,4,0,0,0,4,4.0,1,1,0,0,4.0,4.0,0.0,0.0,13,0
unresolved_response_2000,unresolved_response,2000,depth3,2,4,0,0,0,4,4.0,2,2,0,0,4.0,4.0,0.0,0.0,77,0
unresolved_response_2000,unresolved_response,2000,depth3,4,4,0,2,0,2,2.0,4,4,0,0,4.0,2.0,2.0,2.0,259,0
unresolved_response_2000,unresolved_response,2000,depth3,6,4,0,2,0,2,2.0,4,4,0,0,4.0,2.0,2.0,2.0,259,0
unresolved_response_2000,unresolved_response,2000,depth3,unlimited,4,0,2,0,2,2.0,4,4,0,0,4.0,2.0,2.0,2.0,259,0
unresolved_response_2000,unresolved_response,2000,generic2,0,4,0,0,0,4,4.0,0,0,0,0,4.0,4.0,0.0,0.0,0,0
unresolved_response_2000,unresolved_response,2000,generic2,1,4,0,0,0,4,4.0,1,1,0,0,4.0,4.0,0.0,0.0,13,0
unresolved_response_2000,unresolved_response,2000,generic2,2,4,0,0,0,4,4.0,2,2,0,0,4.0,4.0,0.0,0.0,77,0
unresolved_response_2000,unresolved_response,2000,generic2,4,4,0,2,0,2,2.0,4,4,0,0,4.0,2.0,2.0,2.0,124,0
unresolved_response_2000,unresolved_response,2000,generic2,6,4,0,2,0,2,2.0,4,4,0,0,4.0,2.0,2.0,2.0,124,0
unresolved_response_2000,unresolved_response,2000,generic2,unlimited,4,0,2,0,2,2.0,4,4,0,0,4.0,2.0,2.0,2.0,124,0
unresolved_response_2000,unresolved_response,2000,no_scope,0,4,0,0,0,4,4.0,0,0,0,0,4.0,4.0,0.0,0.0,0,0
unresolved_response_2000,unresolved_response,2000,no_scope,1,4,0,0,0,4,4.0,1,1,0,0,4.0,4.0,0.0,0.0,13,0
unresolved_response_2000,unresolved_response,2000,no_scope,2,4,0,0,0,4,4.0,2,2,0,0,4.0,4.0,0.0,0.0,77,0
unresolved_response_2000,unresolved_response,2000,no_scope,4,4,0,2,0,2,2.0,4,4,0,0,4.0,2.0,2.0,2.0,124,0
unresolved_response_2000,unresolved_response,2000,no_scope,6,4,0,2,0,2,2.0,4,4,0,0,4.0,2.0,2.0,2.0,124,0
unresolved_response_2000,unresolved_response,2000,no_scope,unlimited,4,0,2,0,2,2.0,4,4,0,0,4.0,2.0,2.0,2.0,124,0
unresolved_response_2000,unresolved_response,2000,request_specific,0,4,0,0,0,4,4.0,0,0,0,0,4.0,4.0,0.0,0.0,0,0
unresolved_response_2000,unresolved_response,2000,request_specific,1,4,0,0,0,4,4.0,1,1,0,0,4.0,4.0,0.0,0.0,13,0
unresolved_response_2000,unresolved_response,2000,request_specific,2,4,0,0,0,4,4.0,2,2,0,0,4.0,4.0,0.0,0.0,77,0
unresolved_response_2000,unresolved_response,2000,request_specific,4,4,0,2,0,2,2.0,4,4,0,0,4.0,2.0,2.0,2.0,124,0
unresolved_response_2000,unresolved_response,2000,request_specific,6,4,0,2,0,2,2.0,4,4,0,0,4.0,2.0,2.0,2.0,124,0
unresolved_response_2000,unresolved_response,2000,request_specific,unlimited,4,0,2,0,2,2.0,4,4,0,0,4.0,2.0,2.0,2.0,124,0
unresolved_response_2001,unresolved_response,2001,no_review,0,4,0,2,1,1,5.0,0,0,0,0,2.1999999999999997,2.1999999999999997,0.0,0.0,0,0
unresolved_response_2001,unresolved_response,2001,no_review,1,4,0,2,1,1,5.0,0,0,0,0,2.1999999999999997,2.1999999999999997,0.0,0.0,0,0
unresolved_response_2001,unresolved_response,2001,no_review,2,4,0,2,1,1,5.0,0,0,0,0,2.1999999999999997,2.1999999999999997,0.0,0.0,0,0
unresolved_response_2001,unresolved_response,2001,no_review,4,4,0,2,1,1,5.0,0,0,0,0,2.1999999999999997,2.1999999999999997,0.0,0.0,0,0
unresolved_response_2001,unresolved_response,2001,no_review,6,4,0,2,1,1,5.0,0,0,0,0,2.1999999999999997,2.1999999999999997,0.0,0.0,0,0
unresolved_response_2001,unresolved_response,2001,no_review,unlimited,4,0,2,1,1,5.0,0,0,0,0,2.1999999999999997,2.1999999999999997,0.0,0.0,0,0
unresolved_response_2001,unresolved_response,2001,memory,0,4,0,2,1,1,5.0,0,0,0,0,2.1999999999999997,2.1999999999999997,0.0,0.0,0,0
unresolved_response_2001,unresolved_response,2001,memory,1,4,0,2,1,1,5.0,0,0,0,0,2.1999999999999997,2.1999999999999997,0.0,0.0,0,0
unresolved_response_2001,unresolved_response,2001,memory,2,4,0,2,1,1,5.0,0,0,0,0,2.1999999999999997,2.1999999999999997,0.0,0.0,0,0
unresolved_response_2001,unresolved_response,2001,memory,4,4,0,2,1,1,5.0,0,0,0,0,2.1999999999999997,2.1999999999999997,0.0,0.0,0,0
unresolved_response_2001,unresolved_response,2001,memory,6,4,0,2,1,1,5.0,0,0,0,0,2.1999999999999997,2.1999999999999997,0.0,0.0,0,0
unresolved_response_2001,unresolved_response,2001,memory,unlimited,4,0,2,1,1,5.0,0,0,0,0,2.1999999999999997,2.1999999999999997,0.0,0.0,0,0
unresolved_response_2001,unresolved_response,2001,uncertainty,0,4,0,2,1,1,5.0,0,0,0,0,2.1999999999999997,2.1999999999999997,0.0,0.0,0,0
unresolved_response_2001,unresolved_response,2001,uncertainty,1,4,0,3,1,0,4.0,1,1,0,0,2.1999999999999997,1.1999999999999997,1.0,1.0,0,0
unresolved_response_2001,unresolved_response,2001,uncertainty,2,4,0,3,1,0,4.0,2,2,0,0,2.1999999999999997,0.7999999999999998,1.4,1.0,0,0
unresolved_response_2001,unresolved_response,2001,uncertainty,4,4,1,4,0,0,0,4,4,0,0,2.1999999999999997,0.0,2.1999999999999997,5.0,0,0
unresolved_response_2001,unresolved_response,2001,uncertainty,6,4,1,4,0,0,0,4,4,0,0,2.1999999999999997,0.0,2.1999999999999997,5.0,0,0
unresolved_response_2001,unresolved_response,2001,uncertainty,unlimited,4,1,4,0,0,0,4,4,0,0,2.1999999999999997,0.0,2.1999999999999997,5.0,0,0
unresolved_response_2001,unresolved_response,2001,depth1,0,4,0,2,1,1,5.0,0,0,0,0,2.1999999999999997,2.1999999999999997,0.0,0.0,0,0
unresolved_response_2001,unresolved_response,2001,depth1,1,4,0,3,1,0,4.0,1,1,0,0,2.1999999999999997,1.1999999999999997,1.0,1.0,13,0
unresolved_response_2001,unresolved_response,2001,depth1,2,4,0,3,1,0,4.0,2,2,0,0,2.1999999999999997,0.7999999999999998,1.4,1.0,23,0
unresolved_response_2001,unresolved_response,2001,depth1,4,4,1,4,0,0,0,4,4,0,0,2.1999999999999997,0.0,2.1999999999999997,5.0,34,0
unresolved_response_2001,unresolved_response,2001,depth1,6,4,1,4,0,0,0,4,4,0,0,2.1999999999999997,0.0,2.1999999999999997,5.0,34,0
unresolved_response_2001,unresolved_response,2001,depth1,unlimited,4,1,4,0,0,0,4,4,0,0,2.1999999999999997,0.0,2.1999999999999997,5.0,34,0
unresolved_response_2001,unresolved_response,2001,completion,0,4,0,2,1,1,5.0,0,0,0,0,2.1999999999999997,2.1999999999999997,0.0,0.0,0,0
unresolved_response_2001,unresolved_response,2001,completion,1,4,0,3,1,0,4.0,1,1,0,0,2.1999999999999997,1.1999999999999997,1.0,1.0,0,0
unresolved_response_2001,unresolved_response,2001,completion,2,4,0,3,1,0,4.0,2,2,0,0,2.1999999999999997,0.7999999999999998,1.4,1.0,0,0
unresolved_response_2001,unresolved_response,2001,completion,4,4,1,4,0,0,0,4,4,0,0,2.1999999999999997,0.0,2.1999999999999997,5.0,0,0
unresolved_response_2001,unresolved_response,2001,completion,6,4,1,4,0,0,0,4,4,0,0,2.1999999999999997,0.0,2.1999999999999997,5.0,0,0
unresolved_response_2001,unresolved_response,2001,completion,unlimited,4,1,4,0,0,0,4,4,0,0,2.1999999999999997,0.0,2.1999999999999997,5.0,0,0
unresolved_response_2001,unresolved_response,2001,depth2,0,4,0,2,1,1,5.0,0,0,0,0,2.1999999999999997,2.1999999999999997,0.0,0.0,0,0
unresolved_response_2001,unresolved_response,2001,depth2,1,4,0,3,1,0,4.0,1,1,0,0,2.1999999999999997,1.1999999999999997,1.0,1.0,13,0
unresolved_response_2001,unresolved_response,2001,depth2,2,4,0,3,1,0,4.0,2,2,0,0,2.1999999999999997,0.7999999999999998,1.4,1.0,77,0
unresolved_response_2001,unresolved_response,2001,depth2,4,4,1,4,0,0,0,4,4,0,0,2.1999999999999997,0.0,2.1999999999999997,5.0,124,0
unresolved_response_2001,unresolved_response,2001,depth2,6,4,1,4,0,0,0,4,4,0,0,2.1999999999999997,0.0,2.1999999999999997,5.0,124,0
unresolved_response_2001,unresolved_response,2001,depth2,unlimited,4,1,4,0,0,0,4,4,0,0,2.1999999999999997,0.0,2.1999999999999997,5.0,124,0
unresolved_response_2001,unresolved_response,2001,depth3,0,4,0,2,1,1,5.0,0,0,0,0,2.1999999999999997,2.1999999999999997,0.0,0.0,0,0
unresolved_response_2001,unresolved_response,2001,depth3,1,4,0,3,1,0,4.0,1,1,0,0,2.1999999999999997,1.1999999999999997,1.0,1.0,13,0
unresolved_response_2001,unresolved_response,2001,depth3,2,4,0,3,1,0,4.0,2,2,0,0,2.1999999999999997,0.7999999999999998,1.4,1.0,77,0
unresolved_response_2001,unresolved_response,2001,depth3,4,4,1,4,0,0,0,4,4,0,0,2.1999999999999997,0.0,2.1999999999999997,5.0,259,0
unresolved_response_2001,unresolved_response,2001,depth3,6,4,1,4,0,0,0,4,4,0,0,2.1999999999999997,0.0,2.1999999999999997,5.0,259,0
unresolved_response_2001,unresolved_response,2001,depth3,unlimited,4,1,4,0,0,0,4,4,0,0,2.1999999999999997,0.0,2.1999999999999997,5.0,259,0
unresolved_response_2001,unresolved_response,2001,generic2,0,4,0,2,1,1,5.0,0,0,0,0,2.1999999999999997,2.1999999999999997,0.0,0.0,0,0
unresolved_response_2001,unresolved_response,2001,generic2,1,4,0,3,1,0,4.0,1,1,0,0,2.1999999999999997,1.1999999999999997,1.0,1.0,13,0
unresolved_response_2001,unresolved_response,2001,generic2,2,4,0,3,1,0,4.0,2,2,0,0,2.1999999999999997,0.7999999999999998,1.4,1.0,77,0
unresolved_response_2001,unresolved_response,2001,generic2,4,4,1,4,0,0,0,4,4,0,0,2.1999999999999997,0.0,2.1999999999999997,5.0,124,0
unresolved_response_2001,unresolved_response,2001,generic2,6,4,1,4,0,0,0,4,4,0,0,2.1999999999999997,0.0,2.1999999999999997,5.0,124,0
unresolved_response_2001,unresolved_response,2001,generic2,unlimited,4,1,4,0,0,0,4,4,0,0,2.1999999999999997,0.0,2.1999999999999997,5.0,124,0
unresolved_response_2001,unresolved_response,2001,no_scope,0,4,0,2,1,1,5.0,0,0,0,0,2.1999999999999997,2.1999999999999997,0.0,0.0,0,0
unresolved_response_2001,unresolved_response,2001,no_scope,1,4,0,3,1,0,4.0,1,1,0,0,2.1999999999999997,1.1999999999999997,1.0,1.0,13,0
unresolved_response_2001,unresolved_response,2001,no_scope,2,4,0,3,1,0,4.0,2,2,0,0,2.1999999999999997,0.7999999999999998,1.4,1.0,77,0
unresolved_response_2001,unresolved_response,2001,no_scope,4,4,1,4,0,0,0,4,4,0,0,2.1999999999999997,0.0,2.1999999999999997,5.0,124,0
unresolved_response_2001,unresolved_response,2001,no_scope,6,4,1,4,0,0,0,4,4,0,0,2.1999999999999997,0.0,2.1999999999999997,5.0,124,0
unresolved_response_2001,unresolved_response,2001,no_scope,unlimited,4,1,4,0,0,0,4,4,0,0,2.1999999999999997,0.0,2.1999999999999997,5.0,124,0
unresolved_response_2001,unresolved_response,2001,request_specific,0,4,0,2,1,1,5.0,0,0,0,0,2.1999999999999997,2.1999999999999997,0.0,0.0,0,0
unresolved_response_2001,unresolved_response,2001,request_specific,1,4,0,3,1,0,4.0,1,1,0,0,2.1999999999999997,1.1999999999999997,1.0,1.0,13,0
unresolved_response_2001,unresolved_response,2001,request_specific,2,4,0,3,1,0,4.0,2,2,0,0,2.1999999999999997,0.7999999999999998,1.4,1.0,77,0
unresolved_response_2001,unresolved_response,2001,request_specific,4,4,1,4,0,0,0,4,4,0,0,2.1999999999999997,0.0,2.1999999999999997,5.0,124,0
unresolved_response_2001,unresolved_response,2001,request_specific,6,4,1,4,0,0,0,4,4,0,0,2.1999999999999997,0.0,2.1999999999999997,5.0,124,0
unresolved_response_2001,unresolved_response,2001,request_specific,unlimited,4,1,4,0,0,0,4,4,0,0,2.1999999999999997,0.0,2.1999999999999997,5.0,124,0
unresolved_response_2002,unresolved_response,2002,no_review,0,4,0,2,0,2,2.0,0,0,0,0,2.8,2.8,0.0,0.0,0,0
unresolved_response_2002,unresolved_response,2002,no_review,1,4,0,2,0,2,2.0,0,0,0,0,2.8,2.8,0.0,0.0,0,0
unresolved_response_2002,unresolved_response,2002,no_review,2,4,0,2,0,2,2.0,0,0,0,0,2.8,2.8,0.0,0.0,0,0
unresolved_response_2002,unresolved_response,2002,no_review,4,4,0,2,0,2,2.0,0,0,0,0,2.8,2.8,0.0,0.0,0,0
unresolved_response_2002,unresolved_response,2002,no_review,6,4,0,2,0,2,2.0,0,0,0,0,2.8,2.8,0.0,0.0,0,0
unresolved_response_2002,unresolved_response,2002,no_review,unlimited,4,0,2,0,2,2.0,0,0,0,0,2.8,2.8,0.0,0.0,0,0
unresolved_response_2002,unresolved_response,2002,memory,0,4,0,2,0,2,2.0,0,0,0,0,2.8,2.8,0.0,0.0,0,0
unresolved_response_2002,unresolved_response,2002,memory,1,4,0,2,0,2,2.0,0,0,0,0,2.8,2.8,0.0,0.0,0,0
unresolved_response_2002,unresolved_response,2002,memory,2,4,0,2,0,2,2.0,0,0,0,0,2.8,2.8,0.0,0.0,0,0
unresolved_response_2002,unresolved_response,2002,memory,4,4,0,2,0,2,2.0,0,0,0,0,2.8,2.8,0.0,0.0,0,0
unresolved_response_2002,unresolved_response,2002,memory,6,4,0,2,0,2,2.0,0,0,0,0,2.8,2.8,0.0,0.0,0,0
unresolved_response_2002,unresolved_response,2002,memory,unlimited,4,0,2,0,2,2.0,0,0,0,0,2.8,2.8,0.0,0.0,0,0
unresolved_response_2002,unresolved_response,2002,uncertainty,0,4,0,2,0,2,2.0,0,0,0,0,2.8,2.8,0.0,0.0,0,0
unresolved_response_2002,unresolved_response,2002,uncertainty,1,4,0,3,0,1,1.0,1,1,0,0,2.8,1.7999999999999998,1.0,1.0,0,0
unresolved_response_2002,unresolved_response,2002,uncertainty,2,4,0,3,0,1,1.0,2,2,0,0,2.8,1.7999999999999998,1.0,1.0,0,0
unresolved_response_2002,unresolved_response,2002,uncertainty,4,4,0,3,0,1,1.0,4,4,0,0,2.8,1.0,1.7999999999999998,1.0,0,0
unresolved_response_2002,unresolved_response,2002,uncertainty,6,4,0,3,0,1,1.0,4,4,0,0,2.8,1.0,1.7999999999999998,1.0,0,0
unresolved_response_2002,unresolved_response,2002,uncertainty,unlimited,4,0,3,0,1,1.0,4,4,0,0,2.8,1.0,1.7999999999999998,1.0,0,0
unresolved_response_2002,unresolved_response,2002,depth1,0,4,0,2,0,2,2.0,0,0,0,0,2.8,2.8,0.0,0.0,0,0
unresolved_response_2002,unresolved_response,2002,depth1,1,4,0,3,0,1,1.0,1,1,0,0,2.8,1.7999999999999998,1.0,1.0,13,0
unresolved_response_2002,unresolved_response,2002,depth1,2,4,0,3,0,1,1.0,2,2,0,0,2.8,1.7999999999999998,1.0,1.0,23,0
unresolved_response_2002,unresolved_response,2002,depth1,4,4,0,3,0,1,1.0,4,4,0,0,2.8,1.0,1.7999999999999998,1.0,34,0
unresolved_response_2002,unresolved_response,2002,depth1,6,4,0,3,0,1,1.0,4,4,0,0,2.8,1.0,1.7999999999999998,1.0,34,0
unresolved_response_2002,unresolved_response,2002,depth1,unlimited,4,0,3,0,1,1.0,4,4,0,0,2.8,1.0,1.7999999999999998,1.0,34,0
unresolved_response_2002,unresolved_response,2002,completion,0,4,0,2,0,2,2.0,0,0,0,0,2.8,2.8,0.0,0.0,0,0
unresolved_response_2002,unresolved_response,2002,completion,1,4,0,3,0,1,1.0,1,1,0,0,2.8,1.7999999999999998,1.0,1.0,0,0
unresolved_response_2002,unresolved_response,2002,completion,2,4,0,3,0,1,1.0,2,2,0,0,2.8,1.7999999999999998,1.0,1.0,0,0
unresolved_response_2002,unresolved_response,2002,completion,4,4,0,3,0,1,1.0,4,4,0,0,2.8,1.0,1.7999999999999998,1.0,0,0
unresolved_response_2002,unresolved_response,2002,completion,6,4,0,3,0,1,1.0,4,4,0,0,2.8,1.0,1.7999999999999998,1.0,0,0
unresolved_response_2002,unresolved_response,2002,completion,unlimited,4,0,3,0,1,1.0,4,4,0,0,2.8,1.0,1.7999999999999998,1.0,0,0
unresolved_response_2002,unresolved_response,2002,depth2,0,4,0,2,0,2,2.0,0,0,0,0,2.8,2.8,0.0,0.0,0,0
unresolved_response_2002,unresolved_response,2002,depth2,1,4,0,3,0,1,1.0,1,1,0,0,2.8,1.7999999999999998,1.0,1.0,13,0
unresolved_response_2002,unresolved_response,2002,depth2,2,4,0,3,0,1,1.0,2,2,0,0,2.8,1.7999999999999998,1.0,1.0,77,0
unresolved_response_2002,unresolved_response,2002,depth2,4,4,0,3,0,1,1.0,4,4,0,0,2.8,1.0,1.7999999999999998,1.0,124,0
unresolved_response_2002,unresolved_response,2002,depth2,6,4,0,3,0,1,1.0,4,4,0,0,2.8,1.0,1.7999999999999998,1.0,124,0
unresolved_response_2002,unresolved_response,2002,depth2,unlimited,4,0,3,0,1,1.0,4,4,0,0,2.8,1.0,1.7999999999999998,1.0,124,0
unresolved_response_2002,unresolved_response,2002,depth3,0,4,0,2,0,2,2.0,0,0,0,0,2.8,2.8,0.0,0.0,0,0
unresolved_response_2002,unresolved_response,2002,depth3,1,4,0,3,0,1,1.0,1,1,0,0,2.8,1.7999999999999998,1.0,1.0,13,0
unresolved_response_2002,unresolved_response,2002,depth3,2,4,0,3,0,1,1.0,2,2,0,0,2.8,1.7999999999999998,1.0,1.0,77,0
unresolved_response_2002,unresolved_response,2002,depth3,4,4,0,3,0,1,1.0,4,4,0,0,2.8,1.0,1.7999999999999998,1.0,259,0
unresolved_response_2002,unresolved_response,2002,depth3,6,4,0,3,0,1,1.0,4,4,0,0,2.8,1.0,1.7999999999999998,1.0,259,0
unresolved_response_2002,unresolved_response,2002,depth3,unlimited,4,0,3,0,1,1.0,4,4,0,0,2.8,1.0,1.7999999999999998,1.0,259,0
unresolved_response_2002,unresolved_response,2002,generic2,0,4,0,2,0,2,2.0,0,0,0,0,2.8,2.8,0.0,0.0,0,0
unresolved_response_2002,unresolved_response,2002,generic2,1,4,0,3,0,1,1.0,1,1,0,0,2.8,1.7999999999999998,1.0,1.0,13,0
unresolved_response_2002,unresolved_response,2002,generic2,2,4,0,3,0,1,1.0,2,2,0,0,2.8,1.7999999999999998,1.0,1.0,77,0
unresolved_response_2002,unresolved_response,2002,generic2,4,4,0,3,0,1,1.0,4,4,0,0,2.8,1.0,1.7999999999999998,1.0,124,0
unresolved_response_2002,unresolved_response,2002,generic2,6,4,0,3,0,1,1.0,4,4,0,0,2.8,1.0,1.7999999999999998,1.0,124,0
unresolved_response_2002,unresolved_response,2002,generic2,unlimited,4,0,3,0,1,1.0,4,4,0,0,2.8,1.0,1.7999999999999998,1.0,124,0
unresolved_response_2002,unresolved_response,2002,no_scope,0,4,0,2,0,2,2.0,0,0,0,0,2.8,2.8,0.0,0.0,0,0
unresolved_response_2002,unresolved_response,2002,no_scope,1,4,0,3,0,1,1.0,1,1,0,0,2.8,1.7999999999999998,1.0,1.0,13,0
unresolved_response_2002,unresolved_response,2002,no_scope,2,4,0,3,0,1,1.0,2,2,0,0,2.8,1.7999999999999998,1.0,1.0,77,0
unresolved_response_2002,unresolved_response,2002,no_scope,4,4,0,3,0,1,1.0,4,4,0,0,2.8,1.0,1.7999999999999998,1.0,124,0
unresolved_response_2002,unresolved_response,2002,no_scope,6,4,0,3,0,1,1.0,4,4,0,0,2.8,1.0,1.7999999999999998,1.0,124,0
unresolved_response_2002,unresolved_response,2002,no_scope,unlimited,4,0,3,0,1,1.0,4,4,0,0,2.8,1.0,1.7999999999999998,1.0,124,0
unresolved_response_2002,unresolved_response,2002,request_specific,0,4,0,2,0,2,2.0,0,0,0,0,2.8,2.8,0.0,0.0,0,0
unresolved_response_2002,unresolved_response,2002,request_specific,1,4,0,3,0,1,1.0,1,1,0,0,2.8,1.7999999999999998,1.0,1.0,13,0
unresolved_response_2002,unresolved_response,2002,request_specific,2,4,0,3,0,1,1.0,2,2,0,0,2.8,1.7999999999999998,1.0,1.0,77,0
unresolved_response_2002,unresolved_response,2002,request_specific,4,4,0,3,0,1,1.0,4,4,0,0,2.8,1.0,1.7999999999999998,1.0,124,0
unresolved_response_2002,unresolved_response,2002,request_specific,6,4,0,3,0,1,1.0,4,4,0,0,2.8,1.0,1.7999999999999998,1.0,124,0
unresolved_response_2002,unresolved_response,2002,request_specific,unlimited,4,0,3,0,1,1.0,4,4,0,0,2.8,1.0,1.7999999999999998,1.0,124,0
unresolved_response_2003,unresolved_response,2003,no_review,0,4,0,1,0,3,3.0,0,0,0,0,3.4,3.4,0.0,0.0,0,0
unresolved_response_2003,unresolved_response,2003,no_review,1,4,0,1,0,3,3.0,0,0,0,0,3.4,3.4,0.0,0.0,0,0
unresolved_response_2003,unresolved_response,2003,no_review,2,4,0,1,0,3,3.0,0,0,0,0,3.4,3.4,0.0,0.0,0,0
unresolved_response_2003,unresolved_response,2003,no_review,4,4,0,1,0,3,3.0,0,0,0,0,3.4,3.4,0.0,0.0,0,0
unresolved_response_2003,unresolved_response,2003,no_review,6,4,0,1,0,3,3.0,0,0,0,0,3.4,3.4,0.0,0.0,0,0
unresolved_response_2003,unresolved_response,2003,no_review,unlimited,4,0,1,0,3,3.0,0,0,0,0,3.4,3.4,0.0,0.0,0,0
unresolved_response_2003,unresolved_response,2003,memory,0,4,0,1,0,3,3.0,0,0,0,0,3.4,3.4,0.0,0.0,0,0
unresolved_response_2003,unresolved_response,2003,memory,1,4,0,1,0,3,3.0,0,0,0,0,3.4,3.4,0.0,0.0,0,0
unresolved_response_2003,unresolved_response,2003,memory,2,4,0,1,0,3,3.0,0,0,0,0,3.4,3.4,0.0,0.0,0,0
unresolved_response_2003,unresolved_response,2003,memory,4,4,0,1,0,3,3.0,0,0,0,0,3.4,3.4,0.0,0.0,0,0
unresolved_response_2003,unresolved_response,2003,memory,6,4,0,1,0,3,3.0,0,0,0,0,3.4,3.4,0.0,0.0,0,0
unresolved_response_2003,unresolved_response,2003,memory,unlimited,4,0,1,0,3,3.0,0,0,0,0,3.4,3.4,0.0,0.0,0,0
unresolved_response_2003,unresolved_response,2003,uncertainty,0,4,0,1,0,3,3.0,0,0,0,0,3.4,3.4,0.0,0.0,0,0
unresolved_response_2003,unresolved_response,2003,uncertainty,1,4,0,2,0,2,2.0,1,1,0,0,3.4,2.4,1.0,1.0,0,0
unresolved_response_2003,unresolved_response,2003,uncertainty,2,4,0,2,0,2,2.0,2,2,0,0,3.4,2.4,1.0,1.0,0,0
unresolved_response_2003,unresolved_response,2003,uncertainty,4,4,0,2,0,2,2.0,4,4,0,0,3.4,2.0,1.4,1.0,0,0
unresolved_response_2003,unresolved_response,2003,uncertainty,6,4,0,2,0,2,2.0,4,4,0,0,3.4,2.0,1.4,1.0,0,0
unresolved_response_2003,unresolved_response,2003,uncertainty,unlimited,4,0,2,0,2,2.0,4,4,0,0,3.4,2.0,1.4,1.0,0,0
unresolved_response_2003,unresolved_response,2003,depth1,0,4,0,1,0,3,3.0,0,0,0,0,3.4,3.4,0.0,0.0,0,0
unresolved_response_2003,unresolved_response,2003,depth1,1,4,0,2,0,2,2.0,1,1,0,0,3.4,2.4,1.0,1.0,13,0
unresolved_response_2003,unresolved_response,2003,depth1,2,4,0,2,0,2,2.0,2,2,0,0,3.4,2.4,1.0,1.0,23,0
unresolved_response_2003,unresolved_response,2003,depth1,4,4,0,2,0,2,2.0,4,4,0,0,3.4,2.0,1.4,1.0,34,0
unresolved_response_2003,unresolved_response,2003,depth1,6,4,0,2,0,2,2.0,4,4,0,0,3.4,2.0,1.4,1.0,34,0
unresolved_response_2003,unresolved_response,2003,depth1,unlimited,4,0,2,0,2,2.0,4,4,0,0,3.4,2.0,1.4,1.0,34,0
unresolved_response_2003,unresolved_response,2003,completion,0,4,0,1,0,3,3.0,0,0,0,0,3.4,3.4,0.0,0.0,0,0
unresolved_response_2003,unresolved_response,2003,completion,1,4,0,2,0,2,2.0,1,1,0,0,3.4,2.4,1.0,1.0,0,0
unresolved_response_2003,unresolved_response,2003,completion,2,4,0,2,0,2,2.0,2,2,0,0,3.4,2.4,1.0,1.0,0,0
unresolved_response_2003,unresolved_response,2003,completion,4,4,0,2,0,2,2.0,4,4,0,0,3.4,2.0,1.4,1.0,0,0
unresolved_response_2003,unresolved_response,2003,completion,6,4,0,2,0,2,2.0,4,4,0,0,3.4,2.0,1.4,1.0,0,0
unresolved_response_2003,unresolved_response,2003,completion,unlimited,4,0,2,0,2,2.0,4,4,0,0,3.4,2.0,1.4,1.0,0,0
unresolved_response_2003,unresolved_response,2003,depth2,0,4,0,1,0,3,3.0,0,0,0,0,3.4,3.4,0.0,0.0,0,0
unresolved_response_2003,unresolved_response,2003,depth2,1,4,0,2,0,2,2.0,1,1,0,0,3.4,2.4,1.0,1.0,13,0
unresolved_response_2003,unresolved_response,2003,depth2,2,4,0,2,0,2,2.0,2,2,0,0,3.4,2.4,1.0,1.0,77,0
unresolved_response_2003,unresolved_response,2003,depth2,4,4,0,2,0,2,2.0,4,4,0,0,3.4,2.0,1.4,1.0,124,0
unresolved_response_2003,unresolved_response,2003,depth2,6,4,0,2,0,2,2.0,4,4,0,0,3.4,2.0,1.4,1.0,124,0
unresolved_response_2003,unresolved_response,2003,depth2,unlimited,4,0,2,0,2,2.0,4,4,0,0,3.4,2.0,1.4,1.0,124,0
unresolved_response_2003,unresolved_response,2003,depth3,0,4,0,1,0,3,3.0,0,0,0,0,3.4,3.4,0.0,0.0,0,0
unresolved_response_2003,unresolved_response,2003,depth3,1,4,0,2,0,2,2.0,1,1,0,0,3.4,2.4,1.0,1.0,13,0
unresolved_response_2003,unresolved_response,2003,depth3,2,4,0,2,0,2,2.0,2,2,0,0,3.4,2.4,1.0,1.0,77,0
unresolved_response_2003,unresolved_response,2003,depth3,4,4,0,2,0,2,2.0,4,4,0,0,3.4,2.0,1.4,1.0,259,0
unresolved_response_2003,unresolved_response,2003,depth3,6,4,0,2,0,2,2.0,4,4,0,0,3.4,2.0,1.4,1.0,259,0
unresolved_response_2003,unresolved_response,2003,depth3,unlimited,4,0,2,0,2,2.0,4,4,0,0,3.4,2.0,1.4,1.0,259,0
unresolved_response_2003,unresolved_response,2003,generic2,0,4,0,1,0,3,3.0,0,0,0,0,3.4,3.4,0.0,0.0,0,0
unresolved_response_2003,unresolved_response,2003,generic2,1,4,0,2,0,2,2.0,1,1,0,0,3.4,2.4,1.0,1.0,13,0
unresolved_response_2003,unresolved_response,2003,generic2,2,4,0,2,0,2,2.0,2,2,0,0,3.4,2.4,1.0,1.0,77,0
unresolved_response_2003,unresolved_response,2003,generic2,4,4,0,2,0,2,2.0,4,4,0,0,3.4,2.0,1.4,1.0,124,0
unresolved_response_2003,unresolved_response,2003,generic2,6,4,0,2,0,2,2.0,4,4,0,0,3.4,2.0,1.4,1.0,124,0
unresolved_response_2003,unresolved_response,2003,generic2,unlimited,4,0,2,0,2,2.0,4,4,0,0,3.4,2.0,1.4,1.0,124,0
unresolved_response_2003,unresolved_response,2003,no_scope,0,4,0,1,0,3,3.0,0,0,0,0,3.4,3.4,0.0,0.0,0,0
unresolved_response_2003,unresolved_response,2003,no_scope,1,4,0,2,0,2,2.0,1,1,0,0,3.4,2.4,1.0,1.0,13,0
unresolved_response_2003,unresolved_response,2003,no_scope,2,4,0,2,0,2,2.0,2,2,0,0,3.4,2.4,1.0,1.0,77,0
unresolved_response_2003,unresolved_response,2003,no_scope,4,4,0,2,0,2,2.0,4,4,0,0,3.4,2.0,1.4,1.0,124,0
unresolved_response_2003,unresolved_response,2003,no_scope,6,4,0,2,0,2,2.0,4,4,0,0,3.4,2.0,1.4,1.0,124,0
unresolved_response_2003,unresolved_response,2003,no_scope,unlimited,4,0,2,0,2,2.0,4,4,0,0,3.4,2.0,1.4,1.0,124,0
unresolved_response_2003,unresolved_response,2003,request_specific,0,4,0,1,0,3,3.0,0,0,0,0,3.4,3.4,0.0,0.0,0,0
unresolved_response_2003,unresolved_response,2003,request_specific,1,4,0,2,0,2,2.0,1,1,0,0,3.4,2.4,1.0,1.0,13,0
unresolved_response_2003,unresolved_response,2003,request_specific,2,4,0,2,0,2,2.0,2,2,0,0,3.4,2.4,1.0,1.0,77,0
unresolved_response_2003,unresolved_response,2003,request_specific,4,4,0,2,0,2,2.0,4,4,0,0,3.4,2.0,1.4,1.0,124,0
unresolved_response_2003,unresolved_response,2003,request_specific,6,4,0,2,0,2,2.0,4,4,0,0,3.4,2.0,1.4,1.0,124,0
unresolved_response_2003,unresolved_response,2003,request_specific,unlimited,4,0,2,0,2,2.0,4,4,0,0,3.4,2.0,1.4,1.0,124,0
memory_suffices_2000,memory_suffices,2000,no_review,0,4,1,4,0,0,0,0,0,0,0,0.0,0.0,0.0,0,0,0
memory_suffices_2000,memory_suffices,2000,no_review,1,4,1,4,0,0,0,0,0,0,0,0.0,0.0,0.0,0,0,0
memory_suffices_2000,memory_suffices,2000,no_review,2,4,1,4,0,0,0,0,0,0,0,0.0,0.0,0.0,0,0,0
memory_suffices_2000,memory_suffices,2000,no_review,4,4,1,4,0,0,0,0,0,0,0,0.0,0.0,0.0,0,0,0
memory_suffices_2000,memory_suffices,2000,no_review,6,4,1,4,0,0,0,0,0,0,0,0.0,0.0,0.0,0,0,0
memory_suffices_2000,memory_suffices,2000,no_review,unlimited,4,1,4,0,0,0,0,0,0,0,0.0,0.0,0.0,0,0,0
memory_suffices_2000,memory_suffices,2000,memory,0,4,1,4,0,0,0,0,0,0,0,0.0,0.0,0.0,0,0,0
memory_suffices_2000,memory_suffices,2000,memory,1,4,1,4,0,0,0,0,0,0,0,0.0,0.0,0.0,0,0,0
memory_suffices_2000,memory_suffices,2000,memory,2,4,1,4,0,0,0,0,0,0,0,0.0,0.0,0.0,0,0,0
memory_suffices_2000,memory_suffices,2000,memory,4,4,1,4,0,0,0,0,0,0,0,0.0,0.0,0.0,0,0,0
memory_suffices_2000,memory_suffices,2000,memory,6,4,1,4,0,0,0,0,0,0,0,0.0,0.0,0.0,0,0,0
memory_suffices_2000,memory_suffices,2000,memory,unlimited,4,1,4,0,0,0,0,0,0,0,0.0,0.0,0.0,0,0,0
memory_suffices_2000,memory_suffices,2000,uncertainty,0,4,1,4,0,0,0,0,0,0,0,0.0,0.0,0.0,0,0,0
memory_suffices_2000,memory_suffices,2000,uncertainty,1,4,1,4,0,0,0,0,0,0,0,0.0,0.0,0.0,0,0,0
memory_suffices_2000,memory_suffices,2000,uncertainty,2,4,1,4,0,0,0,0,0,0,0,0.0,0.0,0.0,0,0,0
memory_suffices_2000,memory_suffices,2000,uncertainty,4,4,1,4,0,0,0,0,0,0,0,0.0,0.0,0.0,0,0,0
memory_suffices_2000,memory_suffices,2000,uncertainty,6,4,1,4,0,0,0,0,0,0,0,0.0,0.0,0.0,0,0,0
memory_suffices_2000,memory_suffices,2000,uncertainty,unlimited,4,1,4,0,0,0,0,0,0,0,0.0,0.0,0.0,0,0,0
memory_suffices_2000,memory_suffices,2000,depth1,0,4,1,4,0,0,0,0,0,0,0,0.0,0.0,0.0,0,0,0
memory_suffices_2000,memory_suffices,2000,depth1,1,4,1,4,0,0,0,0,0,0,0,0.0,0.0,0.0,0,0,0
memory_suffices_2000,memory_suffices,2000,depth1,2,4,1,4,0,0,0,0,0,0,0,0.0,0.0,0.0,0,0,0
memory_suffices_2000,memory_suffices,2000,depth1,4,4,1,4,0,0,0,0,0,0,0,0.0,0.0,0.0,0,0,0
memory_suffices_2000,memory_suffices,2000,depth1,6,4,1,4,0,0,0,0,0,0,0,0.0,0.0,0.0,0,0,0
memory_suffices_2000,memory_suffices,2000,depth1,unlimited,4,1,4,0,0,0,0,0,0,0,0.0,0.0,0.0,0,0,0
memory_suffices_2000,memory_suffices,2000,completion,0,4,1,4,0,0,0,0,0,0,0,0.0,0.0,0.0,0,0,0
memory_suffices_2000,memory_suffices,2000,completion,1,4,1,4,0,0,0,0,0,0,0,0.0,0.0,0.0,0,0,0
memory_suffices_2000,memory_suffices,2000,completion,2,4,1,4,0,0,0,0,0,0,0,0.0,0.0,0.0,0,0,0
memory_suffices_2000,memory_suffices,2000,completion,4,4,1,4,0,0,0,0,0,0,0,0.0,0.0,0.0,0,0,0
memory_suffices_2000,memory_suffices,2000,completion,6,4,1,4,0,0,0,0,0,0,0,0.0,0.0,0.0,0,0,0
memory_suffices_2000,memory_suffices,2000,completion,unlimited,4,1,4,0,0,0,0,0,0,0,0.0,0.0,0.0,0,0,0
memory_suffices_2000,memory_suffices,2000,depth2,0,4,1,4,0,0,0,0,0,0,0,0.0,0.0,0.0,0,0,0
memory_suffices_2000,memory_suffices,2000,depth2,1,4,1,4,0,0,0,0,0,0,0,0.0,0.0,0.0,0,0,0
memory_suffices_2000,memory_suffices,2000,depth2,2,4,1,4,0,0,0,0,0,0,0,0.0,0.0,0.0,0,0,0
memory_suffices_2000,memory_suffices,2000,depth2,4,4,1,4,0,0,0,0,0,0,0,0.0,0.0,0.0,0,0,0
memory_suffices_2000,memory_suffices,2000,depth2,6,4,1,4,0,0,0,0,0,0,0,0.0,0.0,0.0,0,0,0
memory_suffices_2000,memory_suffices,2000,depth2,unlimited,4,1,4,0,0,0,0,0,0,0,0.0,0.0,0.0,0,0,0
memory_suffices_2000,memory_suffices,2000,depth3,0,4,1,4,0,0,0,0,0,0,0,0.0,0.0,0.0,0,0,0
memory_suffices_2000,memory_suffices,2000,depth3,1,4,1,4,0,0,0,0,0,0,0,0.0,0.0,0.0,0,0,0
memory_suffices_2000,memory_suffices,2000,depth3,2,4,1,4,0,0,0,0,0,0,0,0.0,0.0,0.0,0,0,0
memory_suffices_2000,memory_suffices,2000,depth3,4,4,1,4,0,0,0,0,0,0,0,0.0,0.0,0.0,0,0,0
memory_suffices_2000,memory_suffices,2000,depth3,6,4,1,4,0,0,0,0,0,0,0,0.0,0.0,0.0,0,0,0
memory_suffices_2000,memory_suffices,2000,depth3,unlimited,4,1,4,0,0,0,0,0,0,0,0.0,0.0,0.0,0,0,0
memory_suffices_2000,memory_suffices,2000,generic2,0,4,1,4,0,0,0,0,0,0,0,0.0,0.0,0.0,0,0,0
memory_suffices_2000,memory_suffices,2000,generic2,1,4,1,4,0,0,0,0,0,0,0,0.0,0.0,0.0,0,0,0
memory_suffices_2000,memory_suffices,2000,generic2,2,4,1,4,0,0,0,0,0,0,0,0.0,0.0,0.0,0,0,0
memory_suffices_2000,memory_suffices,2000,generic2,4,4,1,4,0,0,0,0,0,0,0,0.0,0.0,0.0,0,0,0
memory_suffices_2000,memory_suffices,2000,generic2,6,4,1,4,0,0,0,0,0,0,0,0.0,0.0,0.0,0,0,0
memory_suffices_2000,memory_suffices,2000,generic2,unlimited,4,1,4,0,0,0,0,0,0,0,0.0,0.0,0.0,0,0,0
memory_suffices_2000,memory_suffices,2000,no_scope,0,4,1,4,0,0,0,0,0,0,0,0.0,0.0,0.0,0,0,0
memory_suffices_2000,memory_suffices,2000,no_scope,1,4,1,4,0,0,0,0,0,0,0,0.0,0.0,0.0,0,0,0
memory_suffices_2000,memory_suffices,2000,no_scope,2,4,1,4,0,0,0,0,0,0,0,0.0,0.0,0.0,0,0,0
memory_suffices_2000,memory_suffices,2000,no_scope,4,4,1,4,0,0,0,0,0,0,0,0.0,0.0,0.0,0,0,0
memory_suffices_2000,memory_suffices,2000,no_scope,6,4,1,4,0,0,0,0,0,0,0,0.0,0.0,0.0,0,0,0
memory_suffices_2000,memory_suffices,2000,no_scope,unlimited,4,1,4,0,0,0,0,0,0,0,0.0,0.0,0.0,0,0,0
memory_suffices_2000,memory_suffices,2000,request_specific,0,4,1,4,0,0,0,0,0,0,0,0.0,0.0,0.0,0,0,0
memory_suffices_2000,memory_suffices,2000,request_specific,1,4,1,4,0,0,0,0,0,0,0,0.0,0.0,0.0,0,0,0
memory_suffices_2000,memory_suffices,2000,request_specific,2,4,1,4,0,0,0,0,0,0,0,0.0,0.0,0.0,0,0,0
memory_suffices_2000,memory_suffices,2000,request_specific,4,4,1,4,0,0,0,0,0,0,0,0.0,0.0,0.0,0,0,0
memory_suffices_2000,memory_suffices,2000,request_specific,6,4,1,4,0,0,0,0,0,0,0,0.0,0.0,0.0,0,0,0
memory_suffices_2000,memory_suffices,2000,request_specific,unlimited,4,1,4,0,0,0,0,0,0,0,0.0,0.0,0.0,0,0,0
memory_suffices_2001,memory_suffices,2001,no_review,0,4,1,4,0,0,0,0,0,0,0,0.0,0.0,0.0,0,0,0
memory_suffices_2001,memory_suffices,2001,no_review,1,4,1,4,0,0,0,0,0,0,0,0.0,0.0,0.0,0,0,0
memory_suffices_2001,memory_suffices,2001,no_review,2,4,1,4,0,0,0,0,0,0,0,0.0,0.0,0.0,0,0,0
memory_suffices_2001,memory_suffices,2001,no_review,4,4,1,4,0,0,0,0,0,0,0,0.0,0.0,0.0,0,0,0
memory_suffices_2001,memory_suffices,2001,no_review,6,4,1,4,0,0,0,0,0,0,0,0.0,0.0,0.0,0,0,0
memory_suffices_2001,memory_suffices,2001,no_review,unlimited,4,1,4,0,0,0,0,0,0,0,0.0,0.0,0.0,0,0,0
memory_suffices_2001,memory_suffices,2001,memory,0,4,1,4,0,0,0,0,0,0,0,0.0,0.0,0.0,0,0,0
memory_suffices_2001,memory_suffices,2001,memory,1,4,1,4,0,0,0,0,0,0,0,0.0,0.0,0.0,0,0,0
memory_suffices_2001,memory_suffices,2001,memory,2,4,1,4,0,0,0,0,0,0,0,0.0,0.0,0.0,0,0,0
memory_suffices_2001,memory_suffices,2001,memory,4,4,1,4,0,0,0,0,0,0,0,0.0,0.0,0.0,0,0,0
memory_suffices_2001,memory_suffices,2001,memory,6,4,1,4,0,0,0,0,0,0,0,0.0,0.0,0.0,0,0,0
memory_suffices_2001,memory_suffices,2001,memory,unlimited,4,1,4,0,0,0,0,0,0,0,0.0,0.0,0.0,0,0,0
memory_suffices_2001,memory_suffices,2001,uncertainty,0,4,1,4,0,0,0,0,0,0,0,0.0,0.0,0.0,0,0,0
memory_suffices_2001,memory_suffices,2001,uncertainty,1,4,1,4,0,0,0,0,0,0,0,0.0,0.0,0.0,0,0,0
memory_suffices_2001,memory_suffices,2001,uncertainty,2,4,1,4,0,0,0,0,0,0,0,0.0,0.0,0.0,0,0,0
memory_suffices_2001,memory_suffices,2001,uncertainty,4,4,1,4,0,0,0,0,0,0,0,0.0,0.0,0.0,0,0,0
memory_suffices_2001,memory_suffices,2001,uncertainty,6,4,1,4,0,0,0,0,0,0,0,0.0,0.0,0.0,0,0,0
memory_suffices_2001,memory_suffices,2001,uncertainty,unlimited,4,1,4,0,0,0,0,0,0,0,0.0,0.0,0.0,0,0,0
memory_suffices_2001,memory_suffices,2001,depth1,0,4,1,4,0,0,0,0,0,0,0,0.0,0.0,0.0,0,0,0
memory_suffices_2001,memory_suffices,2001,depth1,1,4,1,4,0,0,0,0,0,0,0,0.0,0.0,0.0,0,0,0
memory_suffices_2001,memory_suffices,2001,depth1,2,4,1,4,0,0,0,0,0,0,0,0.0,0.0,0.0,0,0,0
memory_suffices_2001,memory_suffices,2001,depth1,4,4,1,4,0,0,0,0,0,0,0,0.0,0.0,0.0,0,0,0
memory_suffices_2001,memory_suffices,2001,depth1,6,4,1,4,0,0,0,0,0,0,0,0.0,0.0,0.0,0,0,0
memory_suffices_2001,memory_suffices,2001,depth1,unlimited,4,1,4,0,0,0,0,0,0,0,0.0,0.0,0.0,0,0,0
memory_suffices_2001,memory_suffices,2001,completion,0,4,1,4,0,0,0,0,0,0,0,0.0,0.0,0.0,0,0,0
memory_suffices_2001,memory_suffices,2001,completion,1,4,1,4,0,0,0,0,0,0,0,0.0,0.0,0.0,0,0,0
memory_suffices_2001,memory_suffices,2001,completion,2,4,1,4,0,0,0,0,0,0,0,0.0,0.0,0.0,0,0,0
memory_suffices_2001,memory_suffices,2001,completion,4,4,1,4,0,0,0,0,0,0,0,0.0,0.0,0.0,0,0,0
memory_suffices_2001,memory_suffices,2001,completion,6,4,1,4,0,0,0,0,0,0,0,0.0,0.0,0.0,0,0,0
memory_suffices_2001,memory_suffices,2001,completion,unlimited,4,1,4,0,0,0,0,0,0,0,0.0,0.0,0.0,0,0,0
memory_suffices_2001,memory_suffices,2001,depth2,0,4,1,4,0,0,0,0,0,0,0,0.0,0.0,0.0,0,0,0
memory_suffices_2001,memory_suffices,2001,depth2,1,4,1,4,0,0,0,0,0,0,0,0.0,0.0,0.0,0,0,0
memory_suffices_2001,memory_suffices,2001,depth2,2,4,1,4,0,0,0,0,0,0,0,0.0,0.0,0.0,0,0,0
memory_suffices_2001,memory_suffices,2001,depth2,4,4,1,4,0,0,0,0,0,0,0,0.0,0.0,0.0,0,0,0
memory_suffices_2001,memory_suffices,2001,depth2,6,4,1,4,0,0,0,0,0,0,0,0.0,0.0,0.0,0,0,0
memory_suffices_2001,memory_suffices,2001,depth2,unlimited,4,1,4,0,0,0,0,0,0,0,0.0,0.0,0.0,0,0,0
memory_suffices_2001,memory_suffices,2001,depth3,0,4,1,4,0,0,0,0,0,0,0,0.0,0.0,0.0,0,0,0
memory_suffices_2001,memory_suffices,2001,depth3,1,4,1,4,0,0,0,0,0,0,0,0.0,0.0,0.0,0,0,0
memory_suffices_2001,memory_suffices,2001,depth3,2,4,1,4,0,0,0,0,0,0,0,0.0,0.0,0.0,0,0,0
memory_suffices_2001,memory_suffices,2001,depth3,4,4,1,4,0,0,0,0,0,0,0,0.0,0.0,0.0,0,0,0
memory_suffices_2001,memory_suffices,2001,depth3,6,4,1,4,0,0,0,0,0,0,0,0.0,0.0,0.0,0,0,0
memory_suffices_2001,memory_suffices,2001,depth3,unlimited,4,1,4,0,0,0,0,0,0,0,0.0,0.0,0.0,0,0,0
memory_suffices_2001,memory_suffices,2001,generic2,0,4,1,4,0,0,0,0,0,0,0,0.0,0.0,0.0,0,0,0
memory_suffices_2001,memory_suffices,2001,generic2,1,4,1,4,0,0,0,0,0,0,0,0.0,0.0,0.0,0,0,0
memory_suffices_2001,memory_suffices,2001,generic2,2,4,1,4,0,0,0,0,0,0,0,0.0,0.0,0.0,0,0,0
memory_suffices_2001,memory_suffices,2001,generic2,4,4,1,4,0,0,0,0,0,0,0,0.0,0.0,0.0,0,0,0
memory_suffices_2001,memory_suffices,2001,generic2,6,4,1,4,0,0,0,0,0,0,0,0.0,0.0,0.0,0,0,0
memory_suffices_2001,memory_suffices,2001,generic2,unlimited,4,1,4,0,0,0,0,0,0,0,0.0,0.0,0.0,0,0,0
memory_suffices_2001,memory_suffices,2001,no_scope,0,4,1,4,0,0,0,0,0,0,0,0.0,0.0,0.0,0,0,0
memory_suffices_2001,memory_suffices,2001,no_scope,1,4,1,4,0,0,0,0,0,0,0,0.0,0.0,0.0,0,0,0
memory_suffices_2001,memory_suffices,2001,no_scope,2,4,1,4,0,0,0,0,0,0,0,0.0,0.0,0.0,0,0,0
memory_suffices_2001,memory_suffices,2001,no_scope,4,4,1,4,0,0,0,0,0,0,0,0.0,0.0,0.0,0,0,0
memory_suffices_2001,memory_suffices,2001,no_scope,6,4,1,4,0,0,0,0,0,0,0,0.0,0.0,0.0,0,0,0
memory_suffices_2001,memory_suffices,2001,no_scope,unlimited,4,1,4,0,0,0,0,0,0,0,0.0,0.0,0.0,0,0,0
memory_suffices_2001,memory_suffices,2001,request_specific,0,4,1,4,0,0,0,0,0,0,0,0.0,0.0,0.0,0,0,0
memory_suffices_2001,memory_suffices,2001,request_specific,1,4,1,4,0,0,0,0,0,0,0,0.0,0.0,0.0,0,0,0
memory_suffices_2001,memory_suffices,2001,request_specific,2,4,1,4,0,0,0,0,0,0,0,0.0,0.0,0.0,0,0,0
memory_suffices_2001,memory_suffices,2001,request_specific,4,4,1,4,0,0,0,0,0,0,0,0.0,0.0,0.0,0,0,0
memory_suffices_2001,memory_suffices,2001,request_specific,6,4,1,4,0,0,0,0,0,0,0,0.0,0.0,0.0,0,0,0
memory_suffices_2001,memory_suffices,2001,request_specific,unlimited,4,1,4,0,0,0,0,0,0,0,0.0,0.0,0.0,0,0,0
memory_suffices_2002,memory_suffices,2002,no_review,0,4,1,4,0,0,0,0,0,0,0,0.0,0.0,0.0,0,0,0
memory_suffices_2002,memory_suffices,2002,no_review,1,4,1,4,0,0,0,0,0,0,0,0.0,0.0,0.0,0,0,0
memory_suffices_2002,memory_suffices,2002,no_review,2,4,1,4,0,0,0,0,0,0,0,0.0,0.0,0.0,0,0,0
memory_suffices_2002,memory_suffices,2002,no_review,4,4,1,4,0,0,0,0,0,0,0,0.0,0.0,0.0,0,0,0
memory_suffices_2002,memory_suffices,2002,no_review,6,4,1,4,0,0,0,0,0,0,0,0.0,0.0,0.0,0,0,0
memory_suffices_2002,memory_suffices,2002,no_review,unlimited,4,1,4,0,0,0,0,0,0,0,0.0,0.0,0.0,0,0,0
memory_suffices_2002,memory_suffices,2002,memory,0,4,1,4,0,0,0,0,0,0,0,0.0,0.0,0.0,0,0,0
memory_suffices_2002,memory_suffices,2002,memory,1,4,1,4,0,0,0,0,0,0,0,0.0,0.0,0.0,0,0,0
memory_suffices_2002,memory_suffices,2002,memory,2,4,1,4,0,0,0,0,0,0,0,0.0,0.0,0.0,0,0,0
memory_suffices_2002,memory_suffices,2002,memory,4,4,1,4,0,0,0,0,0,0,0,0.0,0.0,0.0,0,0,0
memory_suffices_2002,memory_suffices,2002,memory,6,4,1,4,0,0,0,0,0,0,0,0.0,0.0,0.0,0,0,0
memory_suffices_2002,memory_suffices,2002,memory,unlimited,4,1,4,0,0,0,0,0,0,0,0.0,0.0,0.0,0,0,0
memory_suffices_2002,memory_suffices,2002,uncertainty,0,4,1,4,0,0,0,0,0,0,0,0.0,0.0,0.0,0,0,0
memory_suffices_2002,memory_suffices,2002,uncertainty,1,4,1,4,0,0,0,0,0,0,0,0.0,0.0,0.0,0,0,0
memory_suffices_2002,memory_suffices,2002,uncertainty,2,4,1,4,0,0,0,0,0,0,0,0.0,0.0,0.0,0,0,0
memory_suffices_2002,memory_suffices,2002,uncertainty,4,4,1,4,0,0,0,0,0,0,0,0.0,0.0,0.0,0,0,0
memory_suffices_2002,memory_suffices,2002,uncertainty,6,4,1,4,0,0,0,0,0,0,0,0.0,0.0,0.0,0,0,0
memory_suffices_2002,memory_suffices,2002,uncertainty,unlimited,4,1,4,0,0,0,0,0,0,0,0.0,0.0,0.0,0,0,0
memory_suffices_2002,memory_suffices,2002,depth1,0,4,1,4,0,0,0,0,0,0,0,0.0,0.0,0.0,0,0,0
memory_suffices_2002,memory_suffices,2002,depth1,1,4,1,4,0,0,0,0,0,0,0,0.0,0.0,0.0,0,0,0
memory_suffices_2002,memory_suffices,2002,depth1,2,4,1,4,0,0,0,0,0,0,0,0.0,0.0,0.0,0,0,0
memory_suffices_2002,memory_suffices,2002,depth1,4,4,1,4,0,0,0,0,0,0,0,0.0,0.0,0.0,0,0,0
memory_suffices_2002,memory_suffices,2002,depth1,6,4,1,4,0,0,0,0,0,0,0,0.0,0.0,0.0,0,0,0
memory_suffices_2002,memory_suffices,2002,depth1,unlimited,4,1,4,0,0,0,0,0,0,0,0.0,0.0,0.0,0,0,0
memory_suffices_2002,memory_suffices,2002,completion,0,4,1,4,0,0,0,0,0,0,0,0.0,0.0,0.0,0,0,0
memory_suffices_2002,memory_suffices,2002,completion,1,4,1,4,0,0,0,0,0,0,0,0.0,0.0,0.0,0,0,0
memory_suffices_2002,memory_suffices,2002,completion,2,4,1,4,0,0,0,0,0,0,0,0.0,0.0,0.0,0,0,0
memory_suffices_2002,memory_suffices,2002,completion,4,4,1,4,0,0,0,0,0,0,0,0.0,0.0,0.0,0,0,0
memory_suffices_2002,memory_suffices,2002,completion,6,4,1,4,0,0,0,0,0,0,0,0.0,0.0,0.0,0,0,0
memory_suffices_2002,memory_suffices,2002,completion,unlimited,4,1,4,0,0,0,0,0,0,0,0.0,0.0,0.0,0,0,0
memory_suffices_2002,memory_suffices,2002,depth2,0,4,1,4,0,0,0,0,0,0,0,0.0,0.0,0.0,0,0,0
memory_suffices_2002,memory_suffices,2002,depth2,1,4,1,4,0,0,0,0,0,0,0,0.0,0.0,0.0,0,0,0
memory_suffices_2002,memory_suffices,2002,depth2,2,4,1,4,0,0,0,0,0,0,0,0.0,0.0,0.0,0,0,0
memory_suffices_2002,memory_suffices,2002,depth2,4,4,1,4,0,0,0,0,0,0,0,0.0,0.0,0.0,0,0,0
memory_suffices_2002,memory_suffices,2002,depth2,6,4,1,4,0,0,0,0,0,0,0,0.0,0.0,0.0,0,0,0
memory_suffices_2002,memory_suffices,2002,depth2,unlimited,4,1,4,0,0,0,0,0,0,0,0.0,0.0,0.0,0,0,0
memory_suffices_2002,memory_suffices,2002,depth3,0,4,1,4,0,0,0,0,0,0,0,0.0,0.0,0.0,0,0,0
memory_suffices_2002,memory_suffices,2002,depth3,1,4,1,4,0,0,0,0,0,0,0,0.0,0.0,0.0,0,0,0
memory_suffices_2002,memory_suffices,2002,depth3,2,4,1,4,0,0,0,0,0,0,0,0.0,0.0,0.0,0,0,0
memory_suffices_2002,memory_suffices,2002,depth3,4,4,1,4,0,0,0,0,0,0,0,0.0,0.0,0.0,0,0,0
memory_suffices_2002,memory_suffices,2002,depth3,6,4,1,4,0,0,0,0,0,0,0,0.0,0.0,0.0,0,0,0
memory_suffices_2002,memory_suffices,2002,depth3,unlimited,4,1,4,0,0,0,0,0,0,0,0.0,0.0,0.0,0,0,0
memory_suffices_2002,memory_suffices,2002,generic2,0,4,1,4,0,0,0,0,0,0,0,0.0,0.0,0.0,0,0,0
memory_suffices_2002,memory_suffices,2002,generic2,1,4,1,4,0,0,0,0,0,0,0,0.0,0.0,0.0,0,0,0
memory_suffices_2002,memory_suffices,2002,generic2,2,4,1,4,0,0,0,0,0,0,0,0.0,0.0,0.0,0,0,0
memory_suffices_2002,memory_suffices,2002,generic2,4,4,1,4,0,0,0,0,0,0,0,0.0,0.0,0.0,0,0,0
memory_suffices_2002,memory_suffices,2002,generic2,6,4,1,4,0,0,0,0,0,0,0,0.0,0.0,0.0,0,0,0
memory_suffices_2002,memory_suffices,2002,generic2,unlimited,4,1,4,0,0,0,0,0,0,0,0.0,0.0,0.0,0,0,0
memory_suffices_2002,memory_suffices,2002,no_scope,0,4,1,4,0,0,0,0,0,0,0,0.0,0.0,0.0,0,0,0
memory_suffices_2002,memory_suffices,2002,no_scope,1,4,1,4,0,0,0,0,0,0,0,0.0,0.0,0.0,0,0,0
memory_suffices_2002,memory_suffices,2002,no_scope,2,4,1,4,0,0,0,0,0,0,0,0.0,0.0,0.0,0,0,0
memory_suffices_2002,memory_suffices,2002,no_scope,4,4,1,4,0,0,0,0,0,0,0,0.0,0.0,0.0,0,0,0
memory_suffices_2002,memory_suffices,2002,no_scope,6,4,1,4,0,0,0,0,0,0,0,0.0,0.0,0.0,0,0,0
memory_suffices_2002,memory_suffices,2002,no_scope,unlimited,4,1,4,0,0,0,0,0,0,0,0.0,0.0,0.0,0,0,0
memory_suffices_2002,memory_suffices,2002,request_specific,0,4,1,4,0,0,0,0,0,0,0,0.0,0.0,0.0,0,0,0
memory_suffices_2002,memory_suffices,2002,request_specific,1,4,1,4,0,0,0,0,0,0,0,0.0,0.0,0.0,0,0,0
memory_suffices_2002,memory_suffices,2002,request_specific,2,4,1,4,0,0,0,0,0,0,0,0.0,0.0,0.0,0,0,0
memory_suffices_2002,memory_suffices,2002,request_specific,4,4,1,4,0,0,0,0,0,0,0,0.0,0.0,0.0,0,0,0
memory_suffices_2002,memory_suffices,2002,request_specific,6,4,1,4,0,0,0,0,0,0,0,0.0,0.0,0.0,0,0,0
memory_suffices_2002,memory_suffices,2002,request_specific,unlimited,4,1,4,0,0,0,0,0,0,0,0.0,0.0,0.0,0,0,0
memory_suffices_2003,memory_suffices,2003,no_review,0,4,1,4,0,0,0,0,0,0,0,0.0,0.0,0.0,0,0,0
memory_suffices_2003,memory_suffices,2003,no_review,1,4,1,4,0,0,0,0,0,0,0,0.0,0.0,0.0,0,0,0
memory_suffices_2003,memory_suffices,2003,no_review,2,4,1,4,0,0,0,0,0,0,0,0.0,0.0,0.0,0,0,0
memory_suffices_2003,memory_suffices,2003,no_review,4,4,1,4,0,0,0,0,0,0,0,0.0,0.0,0.0,0,0,0
memory_suffices_2003,memory_suffices,2003,no_review,6,4,1,4,0,0,0,0,0,0,0,0.0,0.0,0.0,0,0,0
memory_suffices_2003,memory_suffices,2003,no_review,unlimited,4,1,4,0,0,0,0,0,0,0,0.0,0.0,0.0,0,0,0
memory_suffices_2003,memory_suffices,2003,memory,0,4,1,4,0,0,0,0,0,0,0,0.0,0.0,0.0,0,0,0
memory_suffices_2003,memory_suffices,2003,memory,1,4,1,4,0,0,0,0,0,0,0,0.0,0.0,0.0,0,0,0
memory_suffices_2003,memory_suffices,2003,memory,2,4,1,4,0,0,0,0,0,0,0,0.0,0.0,0.0,0,0,0
memory_suffices_2003,memory_suffices,2003,memory,4,4,1,4,0,0,0,0,0,0,0,0.0,0.0,0.0,0,0,0
memory_suffices_2003,memory_suffices,2003,memory,6,4,1,4,0,0,0,0,0,0,0,0.0,0.0,0.0,0,0,0
memory_suffices_2003,memory_suffices,2003,memory,unlimited,4,1,4,0,0,0,0,0,0,0,0.0,0.0,0.0,0,0,0
memory_suffices_2003,memory_suffices,2003,uncertainty,0,4,1,4,0,0,0,0,0,0,0,0.0,0.0,0.0,0,0,0
memory_suffices_2003,memory_suffices,2003,uncertainty,1,4,1,4,0,0,0,0,0,0,0,0.0,0.0,0.0,0,0,0
memory_suffices_2003,memory_suffices,2003,uncertainty,2,4,1,4,0,0,0,0,0,0,0,0.0,0.0,0.0,0,0,0
memory_suffices_2003,memory_suffices,2003,uncertainty,4,4,1,4,0,0,0,0,0,0,0,0.0,0.0,0.0,0,0,0
memory_suffices_2003,memory_suffices,2003,uncertainty,6,4,1,4,0,0,0,0,0,0,0,0.0,0.0,0.0,0,0,0
memory_suffices_2003,memory_suffices,2003,uncertainty,unlimited,4,1,4,0,0,0,0,0,0,0,0.0,0.0,0.0,0,0,0
memory_suffices_2003,memory_suffices,2003,depth1,0,4,1,4,0,0,0,0,0,0,0,0.0,0.0,0.0,0,0,0
memory_suffices_2003,memory_suffices,2003,depth1,1,4,1,4,0,0,0,0,0,0,0,0.0,0.0,0.0,0,0,0
memory_suffices_2003,memory_suffices,2003,depth1,2,4,1,4,0,0,0,0,0,0,0,0.0,0.0,0.0,0,0,0
memory_suffices_2003,memory_suffices,2003,depth1,4,4,1,4,0,0,0,0,0,0,0,0.0,0.0,0.0,0,0,0
memory_suffices_2003,memory_suffices,2003,depth1,6,4,1,4,0,0,0,0,0,0,0,0.0,0.0,0.0,0,0,0
memory_suffices_2003,memory_suffices,2003,depth1,unlimited,4,1,4,0,0,0,0,0,0,0,0.0,0.0,0.0,0,0,0
memory_suffices_2003,memory_suffices,2003,completion,0,4,1,4,0,0,0,0,0,0,0,0.0,0.0,0.0,0,0,0
memory_suffices_2003,memory_suffices,2003,completion,1,4,1,4,0,0,0,0,0,0,0,0.0,0.0,0.0,0,0,0
memory_suffices_2003,memory_suffices,2003,completion,2,4,1,4,0,0,0,0,0,0,0,0.0,0.0,0.0,0,0,0
memory_suffices_2003,memory_suffices,2003,completion,4,4,1,4,0,0,0,0,0,0,0,0.0,0.0,0.0,0,0,0
memory_suffices_2003,memory_suffices,2003,completion,6,4,1,4,0,0,0,0,0,0,0,0.0,0.0,0.0,0,0,0
memory_suffices_2003,memory_suffices,2003,completion,unlimited,4,1,4,0,0,0,0,0,0,0,0.0,0.0,0.0,0,0,0
memory_suffices_2003,memory_suffices,2003,depth2,0,4,1,4,0,0,0,0,0,0,0,0.0,0.0,0.0,0,0,0
memory_suffices_2003,memory_suffices,2003,depth2,1,4,1,4,0,0,0,0,0,0,0,0.0,0.0,0.0,0,0,0
memory_suffices_2003,memory_suffices,2003,depth2,2,4,1,4,0,0,0,0,0,0,0,0.0,0.0,0.0,0,0,0
memory_suffices_2003,memory_suffices,2003,depth2,4,4,1,4,0,0,0,0,0,0,0,0.0,0.0,0.0,0,0,0
memory_suffices_2003,memory_suffices,2003,depth2,6,4,1,4,0,0,0,0,0,0,0,0.0,0.0,0.0,0,0,0
memory_suffices_2003,memory_suffices,2003,depth2,unlimited,4,1,4,0,0,0,0,0,0,0,0.0,0.0,0.0,0,0,0
memory_suffices_2003,memory_suffices,2003,depth3,0,4,1,4,0,0,0,0,0,0,0,0.0,0.0,0.0,0,0,0
memory_suffices_2003,memory_suffices,2003,depth3,1,4,1,4,0,0,0,0,0,0,0,0.0,0.0,0.0,0,0,0
memory_suffices_2003,memory_suffices,2003,depth3,2,4,1,4,0,0,0,0,0,0,0,0.0,0.0,0.0,0,0,0
memory_suffices_2003,memory_suffices,2003,depth3,4,4,1,4,0,0,0,0,0,0,0,0.0,0.0,0.0,0,0,0
memory_suffices_2003,memory_suffices,2003,depth3,6,4,1,4,0,0,0,0,0,0,0,0.0,0.0,0.0,0,0,0
memory_suffices_2003,memory_suffices,2003,depth3,unlimited,4,1,4,0,0,0,0,0,0,0,0.0,0.0,0.0,0,0,0
memory_suffices_2003,memory_suffices,2003,generic2,0,4,1,4,0,0,0,0,0,0,0,0.0,0.0,0.0,0,0,0
memory_suffices_2003,memory_suffices,2003,generic2,1,4,1,4,0,0,0,0,0,0,0,0.0,0.0,0.0,0,0,0
memory_suffices_2003,memory_suffices,2003,generic2,2,4,1,4,0,0,0,0,0,0,0,0.0,0.0,0.0,0,0,0
memory_suffices_2003,memory_suffices,2003,generic2,4,4,1,4,0,0,0,0,0,0,0,0.0,0.0,0.0,0,0,0
memory_suffices_2003,memory_suffices,2003,generic2,6,4,1,4,0,0,0,0,0,0,0,0.0,0.0,0.0,0,0,0
memory_suffices_2003,memory_suffices,2003,generic2,unlimited,4,1,4,0,0,0,0,0,0,0,0.0,0.0,0.0,0,0,0
memory_suffices_2003,memory_suffices,2003,no_scope,0,4,1,4,0,0,0,0,0,0,0,0.0,0.0,0.0,0,0,0
memory_suffices_2003,memory_suffices,2003,no_scope,1,4,1,4,0,0,0,0,0,0,0,0.0,0.0,0.0,0,0,0
memory_suffices_2003,memory_suffices,2003,no_scope,2,4,1,4,0,0,0,0,0,0,0,0.0,0.0,0.0,0,0,0
memory_suffices_2003,memory_suffices,2003,no_scope,4,4,1,4,0,0,0,0,0,0,0,0.0,0.0,0.0,0,0,0
memory_suffices_2003,memory_suffices,2003,no_scope,6,4,1,4,0,0,0,0,0,0,0,0.0,0.0,0.0,0,0,0
memory_suffices_2003,memory_suffices,2003,no_scope,unlimited,4,1,4,0,0,0,0,0,0,0,0.0,0.0,0.0,0,0,0
memory_suffices_2003,memory_suffices,2003,request_specific,0,4,1,4,0,0,0,0,0,0,0,0.0,0.0,0.0,0,0,0
memory_suffices_2003,memory_suffices,2003,request_specific,1,4,1,4,0,0,0,0,0,0,0,0.0,0.0,0.0,0,0,0
memory_suffices_2003,memory_suffices,2003,request_specific,2,4,1,4,0,0,0,0,0,0,0,0.0,0.0,0.0,0,0,0
memory_suffices_2003,memory_suffices,2003,request_specific,4,4,1,4,0,0,0,0,0,0,0,0.0,0.0,0.0,0,0,0
memory_suffices_2003,memory_suffices,2003,request_specific,6,4,1,4,0,0,0,0,0,0,0,0.0,0.0,0.0,0,0,0
memory_suffices_2003,memory_suffices,2003,request_specific,unlimited,4,1,4,0,0,0,0,0,0,0,0.0,0.0,0.0,0,0,0
zero_value_2000,zero_value,2000,no_review,0,4,0,0,0,4,0.0,0,0,0,0,0.0,0.0,0.0,0.0,0,0
zero_value_2000,zero_value,2000,no_review,1,4,0,0,0,4,0.0,0,0,0,0,0.0,0.0,0.0,0.0,0,0
zero_value_2000,zero_value,2000,no_review,2,4,0,0,0,4,0.0,0,0,0,0,0.0,0.0,0.0,0.0,0,0
zero_value_2000,zero_value,2000,no_review,4,4,0,0,0,4,0.0,0,0,0,0,0.0,0.0,0.0,0.0,0,0
zero_value_2000,zero_value,2000,no_review,6,4,0,0,0,4,0.0,0,0,0,0,0.0,0.0,0.0,0.0,0,0
zero_value_2000,zero_value,2000,no_review,unlimited,4,0,0,0,4,0.0,0,0,0,0,0.0,0.0,0.0,0.0,0,0
zero_value_2000,zero_value,2000,memory,0,4,0,0,0,4,0.0,0,0,0,0,0.0,0.0,0.0,0.0,0,0
zero_value_2000,zero_value,2000,memory,1,4,0,0,0,4,0.0,0,0,0,0,0.0,0.0,0.0,0.0,0,0
zero_value_2000,zero_value,2000,memory,2,4,0,0,0,4,0.0,0,0,0,0,0.0,0.0,0.0,0.0,0,0
zero_value_2000,zero_value,2000,memory,4,4,0,0,0,4,0.0,0,0,0,0,0.0,0.0,0.0,0.0,0,0
zero_value_2000,zero_value,2000,memory,6,4,0,0,0,4,0.0,0,0,0,0,0.0,0.0,0.0,0.0,0,0
zero_value_2000,zero_value,2000,memory,unlimited,4,0,0,0,4,0.0,0,0,0,0,0.0,0.0,0.0,0.0,0,0
zero_value_2000,zero_value,2000,uncertainty,0,4,0,0,0,4,0.0,0,0,0,0,0.0,0.0,0.0,0.0,0,0
zero_value_2000,zero_value,2000,uncertainty,1,4,0,0,0,4,0.0,1,1,0,0,0.0,0.0,0.0,0.0,0,0
zero_value_2000,zero_value,2000,uncertainty,2,4,0,0,0,4,0.0,2,2,0,0,0.0,0.0,0.0,0.0,0,0
zero_value_2000,zero_value,2000,uncertainty,4,4,0,0,0,4,0.0,4,4,0,0,0.0,0.0,0.0,0.0,0,0
zero_value_2000,zero_value,2000,uncertainty,6,4,0,0,0,4,0.0,4,4,0,0,0.0,0.0,0.0,0.0,0,0
zero_value_2000,zero_value,2000,uncertainty,unlimited,4,0,0,0,4,0.0,4,4,0,0,0.0,0.0,0.0,0.0,0,0
zero_value_2000,zero_value,2000,depth1,0,4,0,0,0,4,0.0,0,0,0,0,0.0,0.0,0.0,0.0,0,0
zero_value_2000,zero_value,2000,depth1,1,4,0,0,0,4,0.0,0,0,0,0,0.0,0.0,0.0,0.0,0,0
zero_value_2000,zero_value,2000,depth1,2,4,0,0,0,4,0.0,0,0,0,0,0.0,0.0,0.0,0.0,0,0
zero_value_2000,zero_value,2000,depth1,4,4,0,0,0,4,0.0,0,0,0,0,0.0,0.0,0.0,0.0,0,0
zero_value_2000,zero_value,2000,depth1,6,4,0,0,0,4,0.0,0,0,0,0,0.0,0.0,0.0,0.0,0,0
zero_value_2000,zero_value,2000,depth1,unlimited,4,0,0,0,4,0.0,0,0,0,0,0.0,0.0,0.0,0.0,0,0
zero_value_2000,zero_value,2000,completion,0,4,0,0,0,4,0.0,0,0,0,0,0.0,0.0,0.0,0.0,0,0
zero_value_2000,zero_value,2000,completion,1,4,0,0,0,4,0.0,0,0,0,0,0.0,0.0,0.0,0.0,0,0
zero_value_2000,zero_value,2000,completion,2,4,0,0,0,4,0.0,0,0,0,0,0.0,0.0,0.0,0.0,0,0
zero_value_2000,zero_value,2000,completion,4,4,0,0,0,4,0.0,0,0,0,0,0.0,0.0,0.0,0.0,0,0
zero_value_2000,zero_value,2000,completion,6,4,0,0,0,4,0.0,0,0,0,0,0.0,0.0,0.0,0.0,0,0
zero_value_2000,zero_value,2000,completion,unlimited,4,0,0,0,4,0.0,0,0,0,0,0.0,0.0,0.0,0.0,0,0
zero_value_2000,zero_value,2000,depth2,0,4,0,0,0,4,0.0,0,0,0,0,0.0,0.0,0.0,0.0,0,0
zero_value_2000,zero_value,2000,depth2,1,4,0,0,0,4,0.0,0,0,0,0,0.0,0.0,0.0,0.0,0,0
zero_value_2000,zero_value,2000,depth2,2,4,0,0,0,4,0.0,0,0,0,0,0.0,0.0,0.0,0.0,0,0
zero_value_2000,zero_value,2000,depth2,4,4,0,0,0,4,0.0,0,0,0,0,0.0,0.0,0.0,0.0,0,0
zero_value_2000,zero_value,2000,depth2,6,4,0,0,0,4,0.0,0,0,0,0,0.0,0.0,0.0,0.0,0,0
zero_value_2000,zero_value,2000,depth2,unlimited,4,0,0,0,4,0.0,0,0,0,0,0.0,0.0,0.0,0.0,0,0
zero_value_2000,zero_value,2000,depth3,0,4,0,0,0,4,0.0,0,0,0,0,0.0,0.0,0.0,0.0,0,0
zero_value_2000,zero_value,2000,depth3,1,4,0,0,0,4,0.0,0,0,0,0,0.0,0.0,0.0,0.0,0,0
zero_value_2000,zero_value,2000,depth3,2,4,0,0,0,4,0.0,0,0,0,0,0.0,0.0,0.0,0.0,0,0
zero_value_2000,zero_value,2000,depth3,4,4,0,0,0,4,0.0,0,0,0,0,0.0,0.0,0.0,0.0,0,0
zero_value_2000,zero_value,2000,depth3,6,4,0,0,0,4,0.0,0,0,0,0,0.0,0.0,0.0,0.0,0,0
zero_value_2000,zero_value,2000,depth3,unlimited,4,0,0,0,4,0.0,0,0,0,0,0.0,0.0,0.0,0.0,0,0
zero_value_2000,zero_value,2000,generic2,0,4,0,0,0,4,0.0,0,0,0,0,0.0,0.0,0.0,0.0,0,0
zero_value_2000,zero_value,2000,generic2,1,4,0,0,0,4,0.0,0,0,0,0,0.0,0.0,0.0,0.0,0,0
zero_value_2000,zero_value,2000,generic2,2,4,0,0,0,4,0.0,0,0,0,0,0.0,0.0,0.0,0.0,0,0
zero_value_2000,zero_value,2000,generic2,4,4,0,0,0,4,0.0,0,0,0,0,0.0,0.0,0.0,0.0,0,0
zero_value_2000,zero_value,2000,generic2,6,4,0,0,0,4,0.0,0,0,0,0,0.0,0.0,0.0,0.0,0,0
zero_value_2000,zero_value,2000,generic2,unlimited,4,0,0,0,4,0.0,0,0,0,0,0.0,0.0,0.0,0.0,0,0
zero_value_2000,zero_value,2000,no_scope,0,4,0,0,0,4,0.0,0,0,0,0,0.0,0.0,0.0,0.0,0,0
zero_value_2000,zero_value,2000,no_scope,1,4,0,0,0,4,0.0,0,0,0,0,0.0,0.0,0.0,0.0,0,0
zero_value_2000,zero_value,2000,no_scope,2,4,0,0,0,4,0.0,0,0,0,0,0.0,0.0,0.0,0.0,0,0
zero_value_2000,zero_value,2000,no_scope,4,4,0,0,0,4,0.0,0,0,0,0,0.0,0.0,0.0,0.0,0,0
zero_value_2000,zero_value,2000,no_scope,6,4,0,0,0,4,0.0,0,0,0,0,0.0,0.0,0.0,0.0,0,0
zero_value_2000,zero_value,2000,no_scope,unlimited,4,0,0,0,4,0.0,0,0,0,0,0.0,0.0,0.0,0.0,0,0
zero_value_2000,zero_value,2000,request_specific,0,4,0,0,0,4,0.0,0,0,0,0,0.0,0.0,0.0,0.0,0,0
zero_value_2000,zero_value,2000,request_specific,1,4,0,0,0,4,0.0,0,0,0,0,0.0,0.0,0.0,0.0,0,0
zero_value_2000,zero_value,2000,request_specific,2,4,0,0,0,4,0.0,0,0,0,0,0.0,0.0,0.0,0.0,0,0
zero_value_2000,zero_value,2000,request_specific,4,4,0,0,0,4,0.0,0,0,0,0,0.0,0.0,0.0,0.0,0,0
zero_value_2000,zero_value,2000,request_specific,6,4,0,0,0,4,0.0,0,0,0,0,0.0,0.0,0.0,0.0,0,0
zero_value_2000,zero_value,2000,request_specific,unlimited,4,0,0,0,4,0.0,0,0,0,0,0.0,0.0,0.0,0.0,0,0
zero_value_2001,zero_value,2001,no_review,0,4,0,0,0,4,0.0,0,0,0,0,0.0,0.0,0.0,0.0,0,0
zero_value_2001,zero_value,2001,no_review,1,4,0,0,0,4,0.0,0,0,0,0,0.0,0.0,0.0,0.0,0,0
zero_value_2001,zero_value,2001,no_review,2,4,0,0,0,4,0.0,0,0,0,0,0.0,0.0,0.0,0.0,0,0
zero_value_2001,zero_value,2001,no_review,4,4,0,0,0,4,0.0,0,0,0,0,0.0,0.0,0.0,0.0,0,0
zero_value_2001,zero_value,2001,no_review,6,4,0,0,0,4,0.0,0,0,0,0,0.0,0.0,0.0,0.0,0,0
zero_value_2001,zero_value,2001,no_review,unlimited,4,0,0,0,4,0.0,0,0,0,0,0.0,0.0,0.0,0.0,0,0
zero_value_2001,zero_value,2001,memory,0,4,0,0,0,4,0.0,0,0,0,0,0.0,0.0,0.0,0.0,0,0
zero_value_2001,zero_value,2001,memory,1,4,0,0,0,4,0.0,0,0,0,0,0.0,0.0,0.0,0.0,0,0
zero_value_2001,zero_value,2001,memory,2,4,0,0,0,4,0.0,0,0,0,0,0.0,0.0,0.0,0.0,0,0
zero_value_2001,zero_value,2001,memory,4,4,0,0,0,4,0.0,0,0,0,0,0.0,0.0,0.0,0.0,0,0
zero_value_2001,zero_value,2001,memory,6,4,0,0,0,4,0.0,0,0,0,0,0.0,0.0,0.0,0.0,0,0
zero_value_2001,zero_value,2001,memory,unlimited,4,0,0,0,4,0.0,0,0,0,0,0.0,0.0,0.0,0.0,0,0
zero_value_2001,zero_value,2001,uncertainty,0,4,0,0,0,4,0.0,0,0,0,0,0.0,0.0,0.0,0.0,0,0
zero_value_2001,zero_value,2001,uncertainty,1,4,0,0,0,4,0.0,1,1,0,0,0.0,0.0,0.0,0.0,0,0
zero_value_2001,zero_value,2001,uncertainty,2,4,0,0,0,4,0.0,2,2,0,0,0.0,0.0,0.0,0.0,0,0
zero_value_2001,zero_value,2001,uncertainty,4,4,0,0,0,4,0.0,4,4,0,0,0.0,0.0,0.0,0.0,0,0
zero_value_2001,zero_value,2001,uncertainty,6,4,0,0,0,4,0.0,4,4,0,0,0.0,0.0,0.0,0.0,0,0
zero_value_2001,zero_value,2001,uncertainty,unlimited,4,0,0,0,4,0.0,4,4,0,0,0.0,0.0,0.0,0.0,0,0
zero_value_2001,zero_value,2001,depth1,0,4,0,0,0,4,0.0,0,0,0,0,0.0,0.0,0.0,0.0,0,0
zero_value_2001,zero_value,2001,depth1,1,4,0,0,0,4,0.0,0,0,0,0,0.0,0.0,0.0,0.0,0,0
zero_value_2001,zero_value,2001,depth1,2,4,0,0,0,4,0.0,0,0,0,0,0.0,0.0,0.0,0.0,0,0
zero_value_2001,zero_value,2001,depth1,4,4,0,0,0,4,0.0,0,0,0,0,0.0,0.0,0.0,0.0,0,0
zero_value_2001,zero_value,2001,depth1,6,4,0,0,0,4,0.0,0,0,0,0,0.0,0.0,0.0,0.0,0,0
zero_value_2001,zero_value,2001,depth1,unlimited,4,0,0,0,4,0.0,0,0,0,0,0.0,0.0,0.0,0.0,0,0
zero_value_2001,zero_value,2001,completion,0,4,0,0,0,4,0.0,0,0,0,0,0.0,0.0,0.0,0.0,0,0
zero_value_2001,zero_value,2001,completion,1,4,0,0,0,4,0.0,0,0,0,0,0.0,0.0,0.0,0.0,0,0
zero_value_2001,zero_value,2001,completion,2,4,0,0,0,4,0.0,0,0,0,0,0.0,0.0,0.0,0.0,0,0
zero_value_2001,zero_value,2001,completion,4,4,0,0,0,4,0.0,0,0,0,0,0.0,0.0,0.0,0.0,0,0
zero_value_2001,zero_value,2001,completion,6,4,0,0,0,4,0.0,0,0,0,0,0.0,0.0,0.0,0.0,0,0
zero_value_2001,zero_value,2001,completion,unlimited,4,0,0,0,4,0.0,0,0,0,0,0.0,0.0,0.0,0.0,0,0
zero_value_2001,zero_value,2001,depth2,0,4,0,0,0,4,0.0,0,0,0,0,0.0,0.0,0.0,0.0,0,0
zero_value_2001,zero_value,2001,depth2,1,4,0,0,0,4,0.0,0,0,0,0,0.0,0.0,0.0,0.0,0,0
zero_value_2001,zero_value,2001,depth2,2,4,0,0,0,4,0.0,0,0,0,0,0.0,0.0,0.0,0.0,0,0
zero_value_2001,zero_value,2001,depth2,4,4,0,0,0,4,0.0,0,0,0,0,0.0,0.0,0.0,0.0,0,0
zero_value_2001,zero_value,2001,depth2,6,4,0,0,0,4,0.0,0,0,0,0,0.0,0.0,0.0,0.0,0,0
zero_value_2001,zero_value,2001,depth2,unlimited,4,0,0,0,4,0.0,0,0,0,0,0.0,0.0,0.0,0.0,0,0
zero_value_2001,zero_value,2001,depth3,0,4,0,0,0,4,0.0,0,0,0,0,0.0,0.0,0.0,0.0,0,0
zero_value_2001,zero_value,2001,depth3,1,4,0,0,0,4,0.0,0,0,0,0,0.0,0.0,0.0,0.0,0,0
zero_value_2001,zero_value,2001,depth3,2,4,0,0,0,4,0.0,0,0,0,0,0.0,0.0,0.0,0.0,0,0
zero_value_2001,zero_value,2001,depth3,4,4,0,0,0,4,0.0,0,0,0,0,0.0,0.0,0.0,0.0,0,0
zero_value_2001,zero_value,2001,depth3,6,4,0,0,0,4,0.0,0,0,0,0,0.0,0.0,0.0,0.0,0,0
zero_value_2001,zero_value,2001,depth3,unlimited,4,0,0,0,4,0.0,0,0,0,0,0.0,0.0,0.0,0.0,0,0
zero_value_2001,zero_value,2001,generic2,0,4,0,0,0,4,0.0,0,0,0,0,0.0,0.0,0.0,0.0,0,0
zero_value_2001,zero_value,2001,generic2,1,4,0,0,0,4,0.0,0,0,0,0,0.0,0.0,0.0,0.0,0,0
zero_value_2001,zero_value,2001,generic2,2,4,0,0,0,4,0.0,0,0,0,0,0.0,0.0,0.0,0.0,0,0
zero_value_2001,zero_value,2001,generic2,4,4,0,0,0,4,0.0,0,0,0,0,0.0,0.0,0.0,0.0,0,0
zero_value_2001,zero_value,2001,generic2,6,4,0,0,0,4,0.0,0,0,0,0,0.0,0.0,0.0,0.0,0,0
zero_value_2001,zero_value,2001,generic2,unlimited,4,0,0,0,4,0.0,0,0,0,0,0.0,0.0,0.0,0.0,0,0
zero_value_2001,zero_value,2001,no_scope,0,4,0,0,0,4,0.0,0,0,0,0,0.0,0.0,0.0,0.0,0,0
zero_value_2001,zero_value,2001,no_scope,1,4,0,0,0,4,0.0,0,0,0,0,0.0,0.0,0.0,0.0,0,0
zero_value_2001,zero_value,2001,no_scope,2,4,0,0,0,4,0.0,0,0,0,0,0.0,0.0,0.0,0.0,0,0
zero_value_2001,zero_value,2001,no_scope,4,4,0,0,0,4,0.0,0,0,0,0,0.0,0.0,0.0,0.0,0,0
zero_value_2001,zero_value,2001,no_scope,6,4,0,0,0,4,0.0,0,0,0,0,0.0,0.0,0.0,0.0,0,0
zero_value_2001,zero_value,2001,no_scope,unlimited,4,0,0,0,4,0.0,0,0,0,0,0.0,0.0,0.0,0.0,0,0
zero_value_2001,zero_value,2001,request_specific,0,4,0,0,0,4,0.0,0,0,0,0,0.0,0.0,0.0,0.0,0,0
zero_value_2001,zero_value,2001,request_specific,1,4,0,0,0,4,0.0,0,0,0,0,0.0,0.0,0.0,0.0,0,0
zero_value_2001,zero_value,2001,request_specific,2,4,0,0,0,4,0.0,0,0,0,0,0.0,0.0,0.0,0.0,0,0
zero_value_2001,zero_value,2001,request_specific,4,4,0,0,0,4,0.0,0,0,0,0,0.0,0.0,0.0,0.0,0,0
zero_value_2001,zero_value,2001,request_specific,6,4,0,0,0,4,0.0,0,0,0,0,0.0,0.0,0.0,0.0,0,0
zero_value_2001,zero_value,2001,request_specific,unlimited,4,0,0,0,4,0.0,0,0,0,0,0.0,0.0,0.0,0.0,0,0
zero_value_2002,zero_value,2002,no_review,0,4,0,0,0,4,0.0,0,0,0,0,0.0,0.0,0.0,0.0,0,0
zero_value_2002,zero_value,2002,no_review,1,4,0,0,0,4,0.0,0,0,0,0,0.0,0.0,0.0,0.0,0,0
zero_value_2002,zero_value,2002,no_review,2,4,0,0,0,4,0.0,0,0,0,0,0.0,0.0,0.0,0.0,0,0
zero_value_2002,zero_value,2002,no_review,4,4,0,0,0,4,0.0,0,0,0,0,0.0,0.0,0.0,0.0,0,0
zero_value_2002,zero_value,2002,no_review,6,4,0,0,0,4,0.0,0,0,0,0,0.0,0.0,0.0,0.0,0,0
zero_value_2002,zero_value,2002,no_review,unlimited,4,0,0,0,4,0.0,0,0,0,0,0.0,0.0,0.0,0.0,0,0
zero_value_2002,zero_value,2002,memory,0,4,0,0,0,4,0.0,0,0,0,0,0.0,0.0,0.0,0.0,0,0
zero_value_2002,zero_value,2002,memory,1,4,0,0,0,4,0.0,0,0,0,0,0.0,0.0,0.0,0.0,0,0
zero_value_2002,zero_value,2002,memory,2,4,0,0,0,4,0.0,0,0,0,0,0.0,0.0,0.0,0.0,0,0
zero_value_2002,zero_value,2002,memory,4,4,0,0,0,4,0.0,0,0,0,0,0.0,0.0,0.0,0.0,0,0
zero_value_2002,zero_value,2002,memory,6,4,0,0,0,4,0.0,0,0,0,0,0.0,0.0,0.0,0.0,0,0
zero_value_2002,zero_value,2002,memory,unlimited,4,0,0,0,4,0.0,0,0,0,0,0.0,0.0,0.0,0.0,0,0
zero_value_2002,zero_value,2002,uncertainty,0,4,0,0,0,4,0.0,0,0,0,0,0.0,0.0,0.0,0.0,0,0
zero_value_2002,zero_value,2002,uncertainty,1,4,0,0,0,4,0.0,1,1,0,0,0.0,0.0,0.0,0.0,0,0
zero_value_2002,zero_value,2002,uncertainty,2,4,0,0,0,4,0.0,2,2,0,0,0.0,0.0,0.0,0.0,0,0
zero_value_2002,zero_value,2002,uncertainty,4,4,0,0,0,4,0.0,4,4,0,0,0.0,0.0,0.0,0.0,0,0
zero_value_2002,zero_value,2002,uncertainty,6,4,0,0,0,4,0.0,4,4,0,0,0.0,0.0,0.0,0.0,0,0
zero_value_2002,zero_value,2002,uncertainty,unlimited,4,0,0,0,4,0.0,4,4,0,0,0.0,0.0,0.0,0.0,0,0
zero_value_2002,zero_value,2002,depth1,0,4,0,0,0,4,0.0,0,0,0,0,0.0,0.0,0.0,0.0,0,0
zero_value_2002,zero_value,2002,depth1,1,4,0,0,0,4,0.0,0,0,0,0,0.0,0.0,0.0,0.0,0,0
zero_value_2002,zero_value,2002,depth1,2,4,0,0,0,4,0.0,0,0,0,0,0.0,0.0,0.0,0.0,0,0
zero_value_2002,zero_value,2002,depth1,4,4,0,0,0,4,0.0,0,0,0,0,0.0,0.0,0.0,0.0,0,0
zero_value_2002,zero_value,2002,depth1,6,4,0,0,0,4,0.0,0,0,0,0,0.0,0.0,0.0,0.0,0,0
zero_value_2002,zero_value,2002,depth1,unlimited,4,0,0,0,4,0.0,0,0,0,0,0.0,0.0,0.0,0.0,0,0
zero_value_2002,zero_value,2002,completion,0,4,0,0,0,4,0.0,0,0,0,0,0.0,0.0,0.0,0.0,0,0
zero_value_2002,zero_value,2002,completion,1,4,0,0,0,4,0.0,0,0,0,0,0.0,0.0,0.0,0.0,0,0
zero_value_2002,zero_value,2002,completion,2,4,0,0,0,4,0.0,0,0,0,0,0.0,0.0,0.0,0.0,0,0
zero_value_2002,zero_value,2002,completion,4,4,0,0,0,4,0.0,0,0,0,0,0.0,0.0,0.0,0.0,0,0
zero_value_2002,zero_value,2002,completion,6,4,0,0,0,4,0.0,0,0,0,0,0.0,0.0,0.0,0.0,0,0
zero_value_2002,zero_value,2002,completion,unlimited,4,0,0,0,4,0.0,0,0,0,0,0.0,0.0,0.0,0.0,0,0
zero_value_2002,zero_value,2002,depth2,0,4,0,0,0,4,0.0,0,0,0,0,0.0,0.0,0.0,0.0,0,0
zero_value_2002,zero_value,2002,depth2,1,4,0,0,0,4,0.0,0,0,0,0,0.0,0.0,0.0,0.0,0,0
zero_value_2002,zero_value,2002,depth2,2,4,0,0,0,4,0.0,0,0,0,0,0.0,0.0,0.0,0.0,0,0
zero_value_2002,zero_value,2002,depth2,4,4,0,0,0,4,0.0,0,0,0,0,0.0,0.0,0.0,0.0,0,0
zero_value_2002,zero_value,2002,depth2,6,4,0,0,0,4,0.0,0,0,0,0,0.0,0.0,0.0,0.0,0,0
zero_value_2002,zero_value,2002,depth2,unlimited,4,0,0,0,4,0.0,0,0,0,0,0.0,0.0,0.0,0.0,0,0
zero_value_2002,zero_value,2002,depth3,0,4,0,0,0,4,0.0,0,0,0,0,0.0,0.0,0.0,0.0,0,0
zero_value_2002,zero_value,2002,depth3,1,4,0,0,0,4,0.0,0,0,0,0,0.0,0.0,0.0,0.0,0,0
zero_value_2002,zero_value,2002,depth3,2,4,0,0,0,4,0.0,0,0,0,0,0.0,0.0,0.0,0.0,0,0
zero_value_2002,zero_value,2002,depth3,4,4,0,0,0,4,0.0,0,0,0,0,0.0,0.0,0.0,0.0,0,0
zero_value_2002,zero_value,2002,depth3,6,4,0,0,0,4,0.0,0,0,0,0,0.0,0.0,0.0,0.0,0,0
zero_value_2002,zero_value,2002,depth3,unlimited,4,0,0,0,4,0.0,0,0,0,0,0.0,0.0,0.0,0.0,0,0
zero_value_2002,zero_value,2002,generic2,0,4,0,0,0,4,0.0,0,0,0,0,0.0,0.0,0.0,0.0,0,0
zero_value_2002,zero_value,2002,generic2,1,4,0,0,0,4,0.0,0,0,0,0,0.0,0.0,0.0,0.0,0,0
zero_value_2002,zero_value,2002,generic2,2,4,0,0,0,4,0.0,0,0,0,0,0.0,0.0,0.0,0.0,0,0
zero_value_2002,zero_value,2002,generic2,4,4,0,0,0,4,0.0,0,0,0,0,0.0,0.0,0.0,0.0,0,0
zero_value_2002,zero_value,2002,generic2,6,4,0,0,0,4,0.0,0,0,0,0,0.0,0.0,0.0,0.0,0,0
zero_value_2002,zero_value,2002,generic2,unlimited,4,0,0,0,4,0.0,0,0,0,0,0.0,0.0,0.0,0.0,0,0
zero_value_2002,zero_value,2002,no_scope,0,4,0,0,0,4,0.0,0,0,0,0,0.0,0.0,0.0,0.0,0,0
zero_value_2002,zero_value,2002,no_scope,1,4,0,0,0,4,0.0,0,0,0,0,0.0,0.0,0.0,0.0,0,0
zero_value_2002,zero_value,2002,no_scope,2,4,0,0,0,4,0.0,0,0,0,0,0.0,0.0,0.0,0.0,0,0
zero_value_2002,zero_value,2002,no_scope,4,4,0,0,0,4,0.0,0,0,0,0,0.0,0.0,0.0,0.0,0,0
zero_value_2002,zero_value,2002,no_scope,6,4,0,0,0,4,0.0,0,0,0,0,0.0,0.0,0.0,0.0,0,0
zero_value_2002,zero_value,2002,no_scope,unlimited,4,0,0,0,4,0.0,0,0,0,0,0.0,0.0,0.0,0.0,0,0
zero_value_2002,zero_value,2002,request_specific,0,4,0,0,0,4,0.0,0,0,0,0,0.0,0.0,0.0,0.0,0,0
zero_value_2002,zero_value,2002,request_specific,1,4,0,0,0,4,0.0,0,0,0,0,0.0,0.0,0.0,0.0,0,0
zero_value_2002,zero_value,2002,request_specific,2,4,0,0,0,4,0.0,0,0,0,0,0.0,0.0,0.0,0.0,0,0
zero_value_2002,zero_value,2002,request_specific,4,4,0,0,0,4,0.0,0,0,0,0,0.0,0.0,0.0,0.0,0,0
zero_value_2002,zero_value,2002,request_specific,6,4,0,0,0,4,0.0,0,0,0,0,0.0,0.0,0.0,0.0,0,0
zero_value_2002,zero_value,2002,request_specific,unlimited,4,0,0,0,4,0.0,0,0,0,0,0.0,0.0,0.0,0.0,0,0
zero_value_2003,zero_value,2003,no_review,0,4,0,0,0,4,0.0,0,0,0,0,0.0,0.0,0.0,0.0,0,0
zero_value_2003,zero_value,2003,no_review,1,4,0,0,0,4,0.0,0,0,0,0,0.0,0.0,0.0,0.0,0,0
zero_value_2003,zero_value,2003,no_review,2,4,0,0,0,4,0.0,0,0,0,0,0.0,0.0,0.0,0.0,0,0
zero_value_2003,zero_value,2003,no_review,4,4,0,0,0,4,0.0,0,0,0,0,0.0,0.0,0.0,0.0,0,0
zero_value_2003,zero_value,2003,no_review,6,4,0,0,0,4,0.0,0,0,0,0,0.0,0.0,0.0,0.0,0,0
zero_value_2003,zero_value,2003,no_review,unlimited,4,0,0,0,4,0.0,0,0,0,0,0.0,0.0,0.0,0.0,0,0
zero_value_2003,zero_value,2003,memory,0,4,0,0,0,4,0.0,0,0,0,0,0.0,0.0,0.0,0.0,0,0
zero_value_2003,zero_value,2003,memory,1,4,0,0,0,4,0.0,0,0,0,0,0.0,0.0,0.0,0.0,0,0
zero_value_2003,zero_value,2003,memory,2,4,0,0,0,4,0.0,0,0,0,0,0.0,0.0,0.0,0.0,0,0
zero_value_2003,zero_value,2003,memory,4,4,0,0,0,4,0.0,0,0,0,0,0.0,0.0,0.0,0.0,0,0
zero_value_2003,zero_value,2003,memory,6,4,0,0,0,4,0.0,0,0,0,0,0.0,0.0,0.0,0.0,0,0
zero_value_2003,zero_value,2003,memory,unlimited,4,0,0,0,4,0.0,0,0,0,0,0.0,0.0,0.0,0.0,0,0
zero_value_2003,zero_value,2003,uncertainty,0,4,0,0,0,4,0.0,0,0,0,0,0.0,0.0,0.0,0.0,0,0
zero_value_2003,zero_value,2003,uncertainty,1,4,0,0,0,4,0.0,1,1,0,0,0.0,0.0,0.0,0.0,0,0
zero_value_2003,zero_value,2003,uncertainty,2,4,0,0,0,4,0.0,2,2,0,0,0.0,0.0,0.0,0.0,0,0
zero_value_2003,zero_value,2003,uncertainty,4,4,0,0,0,4,0.0,4,4,0,0,0.0,0.0,0.0,0.0,0,0
zero_value_2003,zero_value,2003,uncertainty,6,4,0,0,0,4,0.0,4,4,0,0,0.0,0.0,0.0,0.0,0,0
zero_value_2003,zero_value,2003,uncertainty,unlimited,4,0,0,0,4,0.0,4,4,0,0,0.0,0.0,0.0,0.0,0,0
zero_value_2003,zero_value,2003,depth1,0,4,0,0,0,4,0.0,0,0,0,0,0.0,0.0,0.0,0.0,0,0
zero_value_2003,zero_value,2003,depth1,1,4,0,0,0,4,0.0,0,0,0,0,0.0,0.0,0.0,0.0,0,0
zero_value_2003,zero_value,2003,depth1,2,4,0,0,0,4,0.0,0,0,0,0,0.0,0.0,0.0,0.0,0,0
zero_value_2003,zero_value,2003,depth1,4,4,0,0,0,4,0.0,0,0,0,0,0.0,0.0,0.0,0.0,0,0
zero_value_2003,zero_value,2003,depth1,6,4,0,0,0,4,0.0,0,0,0,0,0.0,0.0,0.0,0.0,0,0
zero_value_2003,zero_value,2003,depth1,unlimited,4,0,0,0,4,0.0,0,0,0,0,0.0,0.0,0.0,0.0,0,0
zero_value_2003,zero_value,2003,completion,0,4,0,0,0,4,0.0,0,0,0,0,0.0,0.0,0.0,0.0,0,0
zero_value_2003,zero_value,2003,completion,1,4,0,0,0,4,0.0,0,0,0,0,0.0,0.0,0.0,0.0,0,0
zero_value_2003,zero_value,2003,completion,2,4,0,0,0,4,0.0,0,0,0,0,0.0,0.0,0.0,0.0,0,0
zero_value_2003,zero_value,2003,completion,4,4,0,0,0,4,0.0,0,0,0,0,0.0,0.0,0.0,0.0,0,0
zero_value_2003,zero_value,2003,completion,6,4,0,0,0,4,0.0,0,0,0,0,0.0,0.0,0.0,0.0,0,0
zero_value_2003,zero_value,2003,completion,unlimited,4,0,0,0,4,0.0,0,0,0,0,0.0,0.0,0.0,0.0,0,0
zero_value_2003,zero_value,2003,depth2,0,4,0,0,0,4,0.0,0,0,0,0,0.0,0.0,0.0,0.0,0,0
zero_value_2003,zero_value,2003,depth2,1,4,0,0,0,4,0.0,0,0,0,0,0.0,0.0,0.0,0.0,0,0
zero_value_2003,zero_value,2003,depth2,2,4,0,0,0,4,0.0,0,0,0,0,0.0,0.0,0.0,0.0,0,0
zero_value_2003,zero_value,2003,depth2,4,4,0,0,0,4,0.0,0,0,0,0,0.0,0.0,0.0,0.0,0,0
zero_value_2003,zero_value,2003,depth2,6,4,0,0,0,4,0.0,0,0,0,0,0.0,0.0,0.0,0.0,0,0
zero_value_2003,zero_value,2003,depth2,unlimited,4,0,0,0,4,0.0,0,0,0,0,0.0,0.0,0.0,0.0,0,0
zero_value_2003,zero_value,2003,depth3,0,4,0,0,0,4,0.0,0,0,0,0,0.0,0.0,0.0,0.0,0,0
zero_value_2003,zero_value,2003,depth3,1,4,0,0,0,4,0.0,0,0,0,0,0.0,0.0,0.0,0.0,0,0
zero_value_2003,zero_value,2003,depth3,2,4,0,0,0,4,0.0,0,0,0,0,0.0,0.0,0.0,0.0,0,0
zero_value_2003,zero_value,2003,depth3,4,4,0,0,0,4,0.0,0,0,0,0,0.0,0.0,0.0,0.0,0,0
zero_value_2003,zero_value,2003,depth3,6,4,0,0,0,4,0.0,0,0,0,0,0.0,0.0,0.0,0.0,0,0
zero_value_2003,zero_value,2003,depth3,unlimited,4,0,0,0,4,0.0,0,0,0,0,0.0,0.0,0.0,0.0,0,0
zero_value_2003,zero_value,2003,generic2,0,4,0,0,0,4,0.0,0,0,0,0,0.0,0.0,0.0,0.0,0,0
zero_value_2003,zero_value,2003,generic2,1,4,0,0,0,4,0.0,0,0,0,0,0.0,0.0,0.0,0.0,0,0
zero_value_2003,zero_value,2003,generic2,2,4,0,0,0,4,0.0,0,0,0,0,0.0,0.0,0.0,0.0,0,0
zero_value_2003,zero_value,2003,generic2,4,4,0,0,0,4,0.0,0,0,0,0,0.0,0.0,0.0,0.0,0,0
zero_value_2003,zero_value,2003,generic2,6,4,0,0,0,4,0.0,0,0,0,0,0.0,0.0,0.0,0.0,0,0
zero_value_2003,zero_value,2003,generic2,unlimited,4,0,0,0,4,0.0,0,0,0,0,0.0,0.0,0.0,0.0,0,0
zero_value_2003,zero_value,2003,no_scope,0,4,0,0,0,4,0.0,0,0,0,0,0.0,0.0,0.0,0.0,0,0
zero_value_2003,zero_value,2003,no_scope,1,4,0,0,0,4,0.0,0,0,0,0,0.0,0.0,0.0,0.0,0,0
zero_value_2003,zero_value,2003,no_scope,2,4,0,0,0,4,0.0,0,0,0,0,0.0,0.0,0.0,0.0,0,0
zero_value_2003,zero_value,2003,no_scope,4,4,0,0,0,4,0.0,0,0,0,0,0.0,0.0,0.0,0.0,0,0
zero_value_2003,zero_value,2003,no_scope,6,4,0,0,0,4,0.0,0,0,0,0,0.0,0.0,0.0,0.0,0,0
zero_value_2003,zero_value,2003,no_scope,unlimited,4,0,0,0,4,0.0,0,0,0,0,0.0,0.0,0.0,0.0,0,0
zero_value_2003,zero_value,2003,request_specific,0,4,0,0,0,4,0.0,0,0,0,0,0.0,0.0,0.0,0.0,0,0
zero_value_2003,zero_value,2003,request_specific,1,4,0,0,0,4,0.0,0,0,0,0,0.0,0.0,0.0,0.0,0,0
zero_value_2003,zero_value,2003,request_specific,2,4,0,0,0,4,0.0,0,0,0,0,0.0,0.0,0.0,0.0,0,0
zero_value_2003,zero_value,2003,request_specific,4,4,0,0,0,4,0.0,0,0,0,0,0.0,0.0,0.0,0.0,0,0
zero_value_2003,zero_value,2003,request_specific,6,4,0,0,0,4,0.0,0,0,0,0,0.0,0.0,0.0,0.0,0,0
zero_value_2003,zero_value,2003,request_specific,unlimited,4,0,0,0,4,0.0,0,0,0,0,0.0,0.0,0.0,0.0,0,0
large_generic_trap_2000,large_generic_trap,2000,no_review,0,13,0,0,0,13,5.800000000000002,0,0,0,0,5.800000000000002,5.800000000000002,0.0,0.0,0,0
large_generic_trap_2000,large_generic_trap,2000,no_review,1,13,0,0,0,13,5.800000000000002,0,0,0,0,5.800000000000002,5.800000000000002,0.0,0.0,0,0
large_generic_trap_2000,large_generic_trap,2000,no_review,2,13,0,0,0,13,5.800000000000002,0,0,0,0,5.800000000000002,5.800000000000002,0.0,0.0,0,0
large_generic_trap_2000,large_generic_trap,2000,no_review,4,13,0,0,0,13,5.800000000000002,0,0,0,0,5.800000000000002,5.800000000000002,0.0,0.0,0,0
large_generic_trap_2000,large_generic_trap,2000,no_review,6,13,0,0,0,13,5.800000000000002,0,0,0,0,5.800000000000002,5.800000000000002,0.0,0.0,0,0
large_generic_trap_2000,large_generic_trap,2000,no_review,unlimited,13,0,0,0,13,5.800000000000002,0,0,0,0,5.800000000000002,5.800000000000002,0.0,0.0,0,0
large_generic_trap_2000,large_generic_trap,2000,memory,0,13,0,0,0,13,5.800000000000002,0,0,0,0,5.800000000000002,5.800000000000002,0.0,0.0,0,0
large_generic_trap_2000,large_generic_trap,2000,memory,1,13,0,0,0,13,5.800000000000002,0,0,0,0,5.800000000000002,5.800000000000002,0.0,0.0,0,0
large_generic_trap_2000,large_generic_trap,2000,memory,2,13,0,0,0,13,5.800000000000002,0,0,0,0,5.800000000000002,5.800000000000002,0.0,0.0,0,0
large_generic_trap_2000,large_generic_trap,2000,memory,4,13,0,0,0,13,5.800000000000002,0,0,0,0,5.800000000000002,5.800000000000002,0.0,0.0,0,0
large_generic_trap_2000,large_generic_trap,2000,memory,6,13,0,0,0,13,5.800000000000002,0,0,0,0,5.800000000000002,5.800000000000002,0.0,0.0,0,0
large_generic_trap_2000,large_generic_trap,2000,memory,unlimited,13,0,0,0,13,5.800000000000002,0,0,0,0,5.800000000000002,5.800000000000002,0.0,0.0,0,0
large_generic_trap_2000,large_generic_trap,2000,uncertainty,0,13,0,0,0,13,5.800000000000002,0,0,0,0,5.800000000000002,5.800000000000002,0.0,0.0,0,0
large_generic_trap_2000,large_generic_trap,2000,uncertainty,1,13,0,1,0,12,5.600000000000001,1,1,0,0,5.800000000000002,5.600000000000001,0.20000000000000018,0.20000000000000018,0,0
large_generic_trap_2000,large_generic_trap,2000,uncertainty,2,13,0,2,0,11,5.400000000000001,2,2,0,0,5.800000000000002,5.400000000000001,0.40000000000000036,0.40000000000000036,0,0
large_generic_trap_2000,large_generic_trap,2000,uncertainty,4,13,0,4,0,9,5.000000000000001,4,4,0,0,5.800000000000002,5.000000000000001,0.8000000000000007,0.8000000000000007,0,0
large_generic_trap_2000,large_generic_trap,2000,uncertainty,6,13,0,6,0,7,4.6000000000000005,6,6,0,0,5.800000000000002,4.6000000000000005,1.200000000000001,1.200000000000001,0,0
large_generic_trap_2000,large_generic_trap,2000,uncertainty,unlimited,13,1,13,0,0,0,12,12,0,0,5.800000000000002,0.0,5.800000000000002,5.800000000000002,0,0
large_generic_trap_2000,large_generic_trap,2000,depth1,0,13,0,0,0,13,5.800000000000002,0,0,0,0,5.800000000000002,5.800000000000002,0.0,0.0,0,0
large_generic_trap_2000,large_generic_trap,2000,depth1,1,13,0,1,0,12,4.800000000000002,1,1,0,0,5.800000000000002,4.800000000000002,1.0,1.0,17,0
large_generic_trap_2000,large_generic_trap,2000,depth1,2,13,0,2,0,11,4.600000000000001,2,2,0,0,5.800000000000002,4.600000000000001,1.2000000000000002,1.2000000000000002,34,0
large_generic_trap_2000,large_generic_trap,2000,depth1,4,13,0,4,0,9,4.200000000000001,4,4,0,0,5.800000000000002,4.200000000000001,1.6000000000000005,1.6000000000000005,68,0
large_generic_trap_2000,large_generic_trap,2000,depth1,6,13,0,6,0,7,3.8000000000000007,6,6,0,0,5.800000000000002,3.8000000000000007,2.000000000000001,2.000000000000001,100,0
large_generic_trap_2000,large_generic_trap,2000,depth1,unlimited,13,0,10,0,3,3.0,10,10,0,0,5.800000000000002,3.0,2.8000000000000016,2.8000000000000016,140,0
large_generic_trap_2000,large_generic_trap,2000,completion,0,13,0,0,0,13,5.800000000000002,0,0,0,0,5.800000000000002,5.800000000000002,0.0,0.0,0,0
large_generic_trap_2000,large_generic_trap,2000,completion,1,13,0,1,0,12,4.800000000000002,1,1,0,0,5.800000000000002,4.800000000000002,1.0,1.0,0,0
large_generic_trap_2000,large_generic_trap,2000,completion,2,13,0,2,0,11,4.600000000000001,2,2,0,0,5.800000000000002,4.600000000000001,1.2000000000000002,1.2000000000000002,0,0
large_generic_trap_2000,large_generic_trap,2000,completion,4,13,0,4,0,9,4.200000000000001,4,4,0,0,5.800000000000002,4.200000000000001,1.6000000000000005,1.6000000000000005,0,0
large_generic_trap_2000,large_generic_trap,2000,completion,6,13,0,6,0,7,3.8000000000000007,6,6,0,0,5.800000000000002,3.8000000000000007,2.000000000000001,2.000000000000001,0,0
large_generic_trap_2000,large_generic_trap,2000,completion,unlimited,13,1,13,0,0,0,12,12,0,0,5.800000000000002,0.0,5.800000000000002,5.800000000000002,0,0
large_generic_trap_2000,large_generic_trap,2000,depth2,0,13,0,0,0,13,5.800000000000002,0,0,0,0,5.800000000000002,5.800000000000002,0.0,0.0,0,0
large_generic_trap_2000,large_generic_trap,2000,depth2,1,13,0,1,0,12,4.800000000000002,1,1,0,0,5.800000000000002,4.800000000000002,1.0,1.0,17,0
large_generic_trap_2000,large_generic_trap,2000,depth2,2,13,0,3,0,10,2.8000000000000003,2,2,0,0,5.800000000000002,2.8000000000000003,3.0000000000000013,3.0000000000000013,226,0
large_generic_trap_2000,large_generic_trap,2000,depth2,4,13,0,5,0,8,1.5999999999999999,4,4,0,0,5.800000000000002,1.5999999999999999,4.200000000000002,4.200000000000002,500,0
large_generic_trap_2000,large_generic_trap,2000,depth2,6,13,0,7,0,6,1.2,6,6,0,0,5.800000000000002,1.2,4.600000000000001,4.600000000000001,788,0
large_generic_trap_2000,large_generic_trap,2000,depth2,unlimited,13,1,13,0,0,0,12,12,0,0,5.800000000000002,0.0,5.800000000000002,5.800000000000002,1060,0
large_generic_trap_2000,large_generic_trap,2000,depth3,0,13,0,0,0,13,5.800000000000002,0,0,0,0,5.800000000000002,5.800000000000002,0.0,0.0,0,0
large_generic_trap_2000,large_generic_trap,2000,depth3,1,13,0,1,0,12,4.800000000000002,1,1,0,0,5.800000000000002,4.800000000000002,1.0,1.0,17,0
large_generic_trap_2000,large_generic_trap,2000,depth3,2,13,0,3,0,10,2.8000000000000003,2,2,0,0,5.800000000000002,2.8000000000000003,3.0000000000000013,3.0000000000000013,226,0
large_generic_trap_2000,large_generic_trap,2000,depth3,4,13,0,5,0,8,1.5999999999999999,4,4,0,0,5.800000000000002,1.5999999999999999,4.200000000000002,4.200000000000002,2420,0
large_generic_trap_2000,large_generic_trap,2000,depth3,6,13,0,7,0,6,1.2,6,6,0,0,5.800000000000002,1.2,4.600000000000001,4.600000000000001,4340,0
large_generic_trap_2000,large_generic_trap,2000,depth3,unlimited,13,1,13,0,0,0,12,12,0,0,5.800000000000002,0.0,5.800000000000002,5.800000000000002,5620,0
large_generic_trap_2000,large_generic_trap,2000,generic2,0,13,0,0,0,13,5.800000000000002,0,0,0,0,5.800000000000002,5.800000000000002,0.0,0.0,0,0
large_generic_trap_2000,large_generic_trap,2000,generic2,1,13,0,1,0,12,4.800000000000002,1,1,0,0,5.800000000000002,4.800000000000002,1.0,1.0,17,0
large_generic_trap_2000,large_generic_trap,2000,generic2,2,13,0,2,0,11,4.600000000000001,2,2,0,0,5.800000000000002,4.600000000000001,1.2000000000000002,1.2000000000000002,178,0
large_generic_trap_2000,large_generic_trap,2000,generic2,4,13,0,4,0,9,4.200000000000001,4,4,0,0,5.800000000000002,4.200000000000001,1.6000000000000005,1.6000000000000005,500,0
large_generic_trap_2000,large_generic_trap,2000,generic2,6,13,0,7,0,6,1.2,6,6,0,0,5.800000000000002,1.2,4.600000000000001,4.600000000000001,788,0
large_generic_trap_2000,large_generic_trap,2000,generic2,unlimited,13,1,13,0,0,0,12,12,0,0,5.800000000000002,0.0,5.800000000000002,5.800000000000002,1060,0
large_generic_trap_2000,large_generic_trap,2000,no_scope,0,13,0,0,0,13,5.800000000000002,0,0,0,0,5.800000000000002,5.800000000000002,0.0,0.0,0,0
large_generic_trap_2000,large_generic_trap,2000,no_scope,1,13,0,1,0,12,4.800000000000002,1,1,0,0,5.800000000000002,4.800000000000002,1.0,1.0,17,0
large_generic_trap_2000,large_generic_trap,2000,no_scope,2,13,0,3,0,10,2.8000000000000003,2,2,0,0,5.800000000000002,2.8000000000000003,3.0000000000000013,3.0000000000000013,226,0
large_generic_trap_2000,large_generic_trap,2000,no_scope,4,13,0,5,0,8,1.5999999999999999,4,4,0,0,5.800000000000002,1.5999999999999999,4.200000000000002,4.200000000000002,500,0
large_generic_trap_2000,large_generic_trap,2000,no_scope,6,13,0,7,0,6,1.2,6,6,0,0,5.800000000000002,1.2,4.600000000000001,4.600000000000001,788,0
large_generic_trap_2000,large_generic_trap,2000,no_scope,unlimited,13,1,13,0,0,0,12,12,0,0,5.800000000000002,0.0,5.800000000000002,5.800000000000002,1060,0
large_generic_trap_2000,large_generic_trap,2000,request_specific,0,13,0,0,0,13,5.800000000000002,0,0,0,0,5.800000000000002,5.800000000000002,0.0,0.0,0,0
large_generic_trap_2000,large_generic_trap,2000,request_specific,1,13,0,1,0,12,4.800000000000002,1,1,0,0,5.800000000000002,4.800000000000002,1.0,1.0,17,0
large_generic_trap_2000,large_generic_trap,2000,request_specific,2,13,0,2,0,11,4.600000000000001,2,2,0,0,5.800000000000002,4.600000000000001,1.2000000000000002,1.2000000000000002,274,0
large_generic_trap_2000,large_generic_trap,2000,request_specific,4,13,0,3,0,10,3.6000000000000014,4,4,0,0,5.800000000000002,3.6000000000000014,2.2,2.2,580,0
large_generic_trap_2000,large_generic_trap,2000,request_specific,6,13,0,4,0,9,2.6,6,4,2,0,5.800000000000002,2.6,3.2000000000000015,3.2000000000000015,870,0
large_generic_trap_2000,large_generic_trap,2000,request_specific,unlimited,13,1,13,0,0,0,16,12,4,0,5.800000000000002,0.0,5.800000000000002,5.800000000000002,1704,0
large_generic_trap_2001,large_generic_trap,2001,no_review,0,13,0,0,0,13,5.800000000000002,0,0,0,0,5.800000000000002,5.800000000000002,0.0,0.0,0,0
large_generic_trap_2001,large_generic_trap,2001,no_review,1,13,0,0,0,13,5.800000000000002,0,0,0,0,5.800000000000002,5.800000000000002,0.0,0.0,0,0
large_generic_trap_2001,large_generic_trap,2001,no_review,2,13,0,0,0,13,5.800000000000002,0,0,0,0,5.800000000000002,5.800000000000002,0.0,0.0,0,0
large_generic_trap_2001,large_generic_trap,2001,no_review,4,13,0,0,0,13,5.800000000000002,0,0,0,0,5.800000000000002,5.800000000000002,0.0,0.0,0,0
large_generic_trap_2001,large_generic_trap,2001,no_review,6,13,0,0,0,13,5.800000000000002,0,0,0,0,5.800000000000002,5.800000000000002,0.0,0.0,0,0
large_generic_trap_2001,large_generic_trap,2001,no_review,unlimited,13,0,0,0,13,5.800000000000002,0,0,0,0,5.800000000000002,5.800000000000002,0.0,0.0,0,0
large_generic_trap_2001,large_generic_trap,2001,memory,0,13,0,0,0,13,5.800000000000002,0,0,0,0,5.800000000000002,5.800000000000002,0.0,0.0,0,0
large_generic_trap_2001,large_generic_trap,2001,memory,1,13,0,0,0,13,5.800000000000002,0,0,0,0,5.800000000000002,5.800000000000002,0.0,0.0,0,0
large_generic_trap_2001,large_generic_trap,2001,memory,2,13,0,0,0,13,5.800000000000002,0,0,0,0,5.800000000000002,5.800000000000002,0.0,0.0,0,0
large_generic_trap_2001,large_generic_trap,2001,memory,4,13,0,0,0,13,5.800000000000002,0,0,0,0,5.800000000000002,5.800000000000002,0.0,0.0,0,0
large_generic_trap_2001,large_generic_trap,2001,memory,6,13,0,0,0,13,5.800000000000002,0,0,0,0,5.800000000000002,5.800000000000002,0.0,0.0,0,0
large_generic_trap_2001,large_generic_trap,2001,memory,unlimited,13,0,0,0,13,5.800000000000002,0,0,0,0,5.800000000000002,5.800000000000002,0.0,0.0,0,0
large_generic_trap_2001,large_generic_trap,2001,uncertainty,0,13,0,0,0,13,5.800000000000002,0,0,0,0,5.800000000000002,5.800000000000002,0.0,0.0,0,0
large_generic_trap_2001,large_generic_trap,2001,uncertainty,1,13,0,1,0,12,5.600000000000001,1,1,0,0,5.800000000000002,5.600000000000001,0.20000000000000018,0.20000000000000018,0,0
large_generic_trap_2001,large_generic_trap,2001,uncertainty,2,13,0,2,0,11,5.400000000000001,2,2,0,0,5.800000000000002,5.400000000000001,0.40000000000000036,0.40000000000000036,0,0
large_generic_trap_2001,large_generic_trap,2001,uncertainty,4,13,0,4,0,9,5.000000000000001,4,4,0,0,5.800000000000002,5.000000000000001,0.8000000000000007,0.8000000000000007,0,0
large_generic_trap_2001,large_generic_trap,2001,uncertainty,6,13,0,6,0,7,4.6000000000000005,6,6,0,0,5.800000000000002,4.6000000000000005,1.200000000000001,1.200000000000001,0,0
large_generic_trap_2001,large_generic_trap,2001,uncertainty,unlimited,13,1,13,0,0,0,12,12,0,0,5.800000000000002,0.0,5.800000000000002,5.800000000000002,0,0
large_generic_trap_2001,large_generic_trap,2001,depth1,0,13,0,0,0,13,5.800000000000002,0,0,0,0,5.800000000000002,5.800000000000002,0.0,0.0,0,0
large_generic_trap_2001,large_generic_trap,2001,depth1,1,13,0,1,0,12,4.800000000000002,1,1,0,0,5.800000000000002,4.800000000000002,1.0,1.0,17,0
large_generic_trap_2001,large_generic_trap,2001,depth1,2,13,0,2,0,11,4.600000000000001,2,2,0,0,5.800000000000002,4.600000000000001,1.2000000000000002,1.2000000000000002,34,0
large_generic_trap_2001,large_generic_trap,2001,depth1,4,13,0,4,0,9,4.200000000000001,4,4,0,0,5.800000000000002,4.200000000000001,1.6000000000000005,1.6000000000000005,68,0
large_generic_trap_2001,large_generic_trap,2001,depth1,6,13,0,6,0,7,3.8000000000000007,6,6,0,0,5.800000000000002,3.8000000000000007,2.000000000000001,2.000000000000001,100,0
large_generic_trap_2001,large_generic_trap,2001,depth1,unlimited,13,0,10,0,3,3.0,10,10,0,0,5.800000000000002,3.0,2.8000000000000016,2.8000000000000016,140,0
large_generic_trap_2001,large_generic_trap,2001,completion,0,13,0,0,0,13,5.800000000000002,0,0,0,0,5.800000000000002,5.800000000000002,0.0,0.0,0,0
large_generic_trap_2001,large_generic_trap,2001,completion,1,13,0,1,0,12,4.800000000000002,1,1,0,0,5.800000000000002,4.800000000000002,1.0,1.0,0,0
large_generic_trap_2001,large_generic_trap,2001,completion,2,13,0,2,0,11,4.600000000000001,2,2,0,0,5.800000000000002,4.600000000000001,1.2000000000000002,1.2000000000000002,0,0
large_generic_trap_2001,large_generic_trap,2001,completion,4,13,0,4,0,9,4.200000000000001,4,4,0,0,5.800000000000002,4.200000000000001,1.6000000000000005,1.6000000000000005,0,0
large_generic_trap_2001,large_generic_trap,2001,completion,6,13,0,6,0,7,3.8000000000000007,6,6,0,0,5.800000000000002,3.8000000000000007,2.000000000000001,2.000000000000001,0,0
large_generic_trap_2001,large_generic_trap,2001,completion,unlimited,13,1,13,0,0,0,12,12,0,0,5.800000000000002,0.0,5.800000000000002,5.800000000000002,0,0
large_generic_trap_2001,large_generic_trap,2001,depth2,0,13,0,0,0,13,5.800000000000002,0,0,0,0,5.800000000000002,5.800000000000002,0.0,0.0,0,0
large_generic_trap_2001,large_generic_trap,2001,depth2,1,13,0,1,0,12,4.800000000000002,1,1,0,0,5.800000000000002,4.800000000000002,1.0,1.0,17,0
large_generic_trap_2001,large_generic_trap,2001,depth2,2,13,0,3,0,10,2.8000000000000003,2,2,0,0,5.800000000000002,2.8000000000000003,3.0000000000000013,3.0000000000000013,226,0
large_generic_trap_2001,large_generic_trap,2001,depth2,4,13,0,5,0,8,1.5999999999999999,4,4,0,0,5.800000000000002,1.5999999999999999,4.200000000000002,4.200000000000002,500,0
large_generic_trap_2001,large_generic_trap,2001,depth2,6,13,0,7,0,6,1.2,6,6,0,0,5.800000000000002,1.2,4.600000000000001,4.600000000000001,788,0
large_generic_trap_2001,large_generic_trap,2001,depth2,unlimited,13,1,13,0,0,0,12,12,0,0,5.800000000000002,0.0,5.800000000000002,5.800000000000002,1060,0
large_generic_trap_2001,large_generic_trap,2001,depth3,0,13,0,0,0,13,5.800000000000002,0,0,0,0,5.800000000000002,5.800000000000002,0.0,0.0,0,0
large_generic_trap_2001,large_generic_trap,2001,depth3,1,13,0,1,0,12,4.800000000000002,1,1,0,0,5.800000000000002,4.800000000000002,1.0,1.0,17,0
large_generic_trap_2001,large_generic_trap,2001,depth3,2,13,0,3,0,10,2.8000000000000003,2,2,0,0,5.800000000000002,2.8000000000000003,3.0000000000000013,3.0000000000000013,226,0
large_generic_trap_2001,large_generic_trap,2001,depth3,4,13,0,5,0,8,1.5999999999999999,4,4,0,0,5.800000000000002,1.5999999999999999,4.200000000000002,4.200000000000002,2420,0
large_generic_trap_2001,large_generic_trap,2001,depth3,6,13,0,7,0,6,1.2,6,6,0,0,5.800000000000002,1.2,4.600000000000001,4.600000000000001,4340,0
large_generic_trap_2001,large_generic_trap,2001,depth3,unlimited,13,1,13,0,0,0,12,12,0,0,5.800000000000002,0.0,5.800000000000002,5.800000000000002,5620,0
large_generic_trap_2001,large_generic_trap,2001,generic2,0,13,0,0,0,13,5.800000000000002,0,0,0,0,5.800000000000002,5.800000000000002,0.0,0.0,0,0
large_generic_trap_2001,large_generic_trap,2001,generic2,1,13,0,1,0,12,4.800000000000002,1,1,0,0,5.800000000000002,4.800000000000002,1.0,1.0,17,0
large_generic_trap_2001,large_generic_trap,2001,generic2,2,13,0,2,0,11,4.600000000000001,2,2,0,0,5.800000000000002,4.600000000000001,1.2000000000000002,1.2000000000000002,178,0
large_generic_trap_2001,large_generic_trap,2001,generic2,4,13,0,4,0,9,4.200000000000001,4,4,0,0,5.800000000000002,4.200000000000001,1.6000000000000005,1.6000000000000005,500,0
large_generic_trap_2001,large_generic_trap,2001,generic2,6,13,0,7,0,6,1.2,6,6,0,0,5.800000000000002,1.2,4.600000000000001,4.600000000000001,788,0
large_generic_trap_2001,large_generic_trap,2001,generic2,unlimited,13,1,13,0,0,0,12,12,0,0,5.800000000000002,0.0,5.800000000000002,5.800000000000002,1060,0
large_generic_trap_2001,large_generic_trap,2001,no_scope,0,13,0,0,0,13,5.800000000000002,0,0,0,0,5.800000000000002,5.800000000000002,0.0,0.0,0,0
large_generic_trap_2001,large_generic_trap,2001,no_scope,1,13,0,1,0,12,4.800000000000002,1,1,0,0,5.800000000000002,4.800000000000002,1.0,1.0,17,0
large_generic_trap_2001,large_generic_trap,2001,no_scope,2,13,0,3,0,10,2.8000000000000003,2,2,0,0,5.800000000000002,2.8000000000000003,3.0000000000000013,3.0000000000000013,226,0
large_generic_trap_2001,large_generic_trap,2001,no_scope,4,13,0,5,0,8,1.5999999999999999,4,4,0,0,5.800000000000002,1.5999999999999999,4.200000000000002,4.200000000000002,500,0
large_generic_trap_2001,large_generic_trap,2001,no_scope,6,13,0,7,0,6,1.2,6,6,0,0,5.800000000000002,1.2,4.600000000000001,4.600000000000001,788,0
large_generic_trap_2001,large_generic_trap,2001,no_scope,unlimited,13,1,13,0,0,0,12,12,0,0,5.800000000000002,0.0,5.800000000000002,5.800000000000002,1060,0
large_generic_trap_2001,large_generic_trap,2001,request_specific,0,13,0,0,0,13,5.800000000000002,0,0,0,0,5.800000000000002,5.800000000000002,0.0,0.0,0,0
large_generic_trap_2001,large_generic_trap,2001,request_specific,1,13,0,1,0,12,4.800000000000002,1,1,0,0,5.800000000000002,4.800000000000002,1.0,1.0,17,0
large_generic_trap_2001,large_generic_trap,2001,request_specific,2,13,0,2,0,11,4.600000000000001,2,2,0,0,5.800000000000002,4.600000000000001,1.2000000000000002,1.2000000000000002,274,0
large_generic_trap_2001,large_generic_trap,2001,request_specific,4,13,0,3,0,10,3.6000000000000014,4,4,0,0,5.800000000000002,3.6000000000000014,2.2,2.2,580,0
large_generic_trap_2001,large_generic_trap,2001,request_specific,6,13,0,4,0,9,2.6,6,4,2,0,5.800000000000002,2.6,3.2000000000000015,3.2000000000000015,870,0
large_generic_trap_2001,large_generic_trap,2001,request_specific,unlimited,13,1,13,0,0,0,16,12,4,0,5.800000000000002,0.0,5.800000000000002,5.800000000000002,1704,0
large_generic_trap_2002,large_generic_trap,2002,no_review,0,13,0,0,0,13,5.800000000000002,0,0,0,0,5.800000000000002,5.800000000000002,0.0,0.0,0,0
large_generic_trap_2002,large_generic_trap,2002,no_review,1,13,0,0,0,13,5.800000000000002,0,0,0,0,5.800000000000002,5.800000000000002,0.0,0.0,0,0
large_generic_trap_2002,large_generic_trap,2002,no_review,2,13,0,0,0,13,5.800000000000002,0,0,0,0,5.800000000000002,5.800000000000002,0.0,0.0,0,0
large_generic_trap_2002,large_generic_trap,2002,no_review,4,13,0,0,0,13,5.800000000000002,0,0,0,0,5.800000000000002,5.800000000000002,0.0,0.0,0,0
large_generic_trap_2002,large_generic_trap,2002,no_review,6,13,0,0,0,13,5.800000000000002,0,0,0,0,5.800000000000002,5.800000000000002,0.0,0.0,0,0
large_generic_trap_2002,large_generic_trap,2002,no_review,unlimited,13,0,0,0,13,5.800000000000002,0,0,0,0,5.800000000000002,5.800000000000002,0.0,0.0,0,0
large_generic_trap_2002,large_generic_trap,2002,memory,0,13,0,0,0,13,5.800000000000002,0,0,0,0,5.800000000000002,5.800000000000002,0.0,0.0,0,0
large_generic_trap_2002,large_generic_trap,2002,memory,1,13,0,0,0,13,5.800000000000002,0,0,0,0,5.800000000000002,5.800000000000002,0.0,0.0,0,0
large_generic_trap_2002,large_generic_trap,2002,memory,2,13,0,0,0,13,5.800000000000002,0,0,0,0,5.800000000000002,5.800000000000002,0.0,0.0,0,0
large_generic_trap_2002,large_generic_trap,2002,memory,4,13,0,0,0,13,5.800000000000002,0,0,0,0,5.800000000000002,5.800000000000002,0.0,0.0,0,0
large_generic_trap_2002,large_generic_trap,2002,memory,6,13,0,0,0,13,5.800000000000002,0,0,0,0,5.800000000000002,5.800000000000002,0.0,0.0,0,0
large_generic_trap_2002,large_generic_trap,2002,memory,unlimited,13,0,0,0,13,5.800000000000002,0,0,0,0,5.800000000000002,5.800000000000002,0.0,0.0,0,0
large_generic_trap_2002,large_generic_trap,2002,uncertainty,0,13,0,0,0,13,5.800000000000002,0,0,0,0,5.800000000000002,5.800000000000002,0.0,0.0,0,0
large_generic_trap_2002,large_generic_trap,2002,uncertainty,1,13,0,1,0,12,5.600000000000001,1,1,0,0,5.800000000000002,5.600000000000001,0.20000000000000018,0.20000000000000018,0,0
large_generic_trap_2002,large_generic_trap,2002,uncertainty,2,13,0,2,0,11,5.400000000000001,2,2,0,0,5.800000000000002,5.400000000000001,0.40000000000000036,0.40000000000000036,0,0
large_generic_trap_2002,large_generic_trap,2002,uncertainty,4,13,0,4,0,9,5.000000000000001,4,4,0,0,5.800000000000002,5.000000000000001,0.8000000000000007,0.8000000000000007,0,0
large_generic_trap_2002,large_generic_trap,2002,uncertainty,6,13,0,6,0,7,4.6000000000000005,6,6,0,0,5.800000000000002,4.6000000000000005,1.200000000000001,1.200000000000001,0,0
large_generic_trap_2002,large_generic_trap,2002,uncertainty,unlimited,13,1,13,0,0,0,12,12,0,0,5.800000000000002,0.0,5.800000000000002,5.800000000000002,0,0
large_generic_trap_2002,large_generic_trap,2002,depth1,0,13,0,0,0,13,5.800000000000002,0,0,0,0,5.800000000000002,5.800000000000002,0.0,0.0,0,0
large_generic_trap_2002,large_generic_trap,2002,depth1,1,13,0,1,0,12,4.800000000000002,1,1,0,0,5.800000000000002,4.800000000000002,1.0,1.0,17,0
large_generic_trap_2002,large_generic_trap,2002,depth1,2,13,0,2,0,11,4.600000000000001,2,2,0,0,5.800000000000002,4.600000000000001,1.2000000000000002,1.2000000000000002,34,0
large_generic_trap_2002,large_generic_trap,2002,depth1,4,13,0,4,0,9,4.200000000000001,4,4,0,0,5.800000000000002,4.200000000000001,1.6000000000000005,1.6000000000000005,68,0
large_generic_trap_2002,large_generic_trap,2002,depth1,6,13,0,6,0,7,3.8000000000000007,6,6,0,0,5.800000000000002,3.8000000000000007,2.000000000000001,2.000000000000001,100,0
large_generic_trap_2002,large_generic_trap,2002,depth1,unlimited,13,0,10,0,3,3.0,10,10,0,0,5.800000000000002,3.0,2.8000000000000016,2.8000000000000016,140,0
large_generic_trap_2002,large_generic_trap,2002,completion,0,13,0,0,0,13,5.800000000000002,0,0,0,0,5.800000000000002,5.800000000000002,0.0,0.0,0,0
large_generic_trap_2002,large_generic_trap,2002,completion,1,13,0,1,0,12,4.800000000000002,1,1,0,0,5.800000000000002,4.800000000000002,1.0,1.0,0,0
large_generic_trap_2002,large_generic_trap,2002,completion,2,13,0,2,0,11,4.600000000000001,2,2,0,0,5.800000000000002,4.600000000000001,1.2000000000000002,1.2000000000000002,0,0
large_generic_trap_2002,large_generic_trap,2002,completion,4,13,0,4,0,9,4.200000000000001,4,4,0,0,5.800000000000002,4.200000000000001,1.6000000000000005,1.6000000000000005,0,0
large_generic_trap_2002,large_generic_trap,2002,completion,6,13,0,6,0,7,3.8000000000000007,6,6,0,0,5.800000000000002,3.8000000000000007,2.000000000000001,2.000000000000001,0,0
large_generic_trap_2002,large_generic_trap,2002,completion,unlimited,13,1,13,0,0,0,12,12,0,0,5.800000000000002,0.0,5.800000000000002,5.800000000000002,0,0
large_generic_trap_2002,large_generic_trap,2002,depth2,0,13,0,0,0,13,5.800000000000002,0,0,0,0,5.800000000000002,5.800000000000002,0.0,0.0,0,0
large_generic_trap_2002,large_generic_trap,2002,depth2,1,13,0,1,0,12,4.800000000000002,1,1,0,0,5.800000000000002,4.800000000000002,1.0,1.0,17,0
large_generic_trap_2002,large_generic_trap,2002,depth2,2,13,0,3,0,10,2.8000000000000003,2,2,0,0,5.800000000000002,2.8000000000000003,3.0000000000000013,3.0000000000000013,226,0
large_generic_trap_2002,large_generic_trap,2002,depth2,4,13,0,5,0,8,1.5999999999999999,4,4,0,0,5.800000000000002,1.5999999999999999,4.200000000000002,4.200000000000002,500,0
large_generic_trap_2002,large_generic_trap,2002,depth2,6,13,0,7,0,6,1.2,6,6,0,0,5.800000000000002,1.2,4.600000000000001,4.600000000000001,788,0
large_generic_trap_2002,large_generic_trap,2002,depth2,unlimited,13,1,13,0,0,0,12,12,0,0,5.800000000000002,0.0,5.800000000000002,5.800000000000002,1060,0
large_generic_trap_2002,large_generic_trap,2002,depth3,0,13,0,0,0,13,5.800000000000002,0,0,0,0,5.800000000000002,5.800000000000002,0.0,0.0,0,0
large_generic_trap_2002,large_generic_trap,2002,depth3,1,13,0,1,0,12,4.800000000000002,1,1,0,0,5.800000000000002,4.800000000000002,1.0,1.0,17,0
large_generic_trap_2002,large_generic_trap,2002,depth3,2,13,0,3,0,10,2.8000000000000003,2,2,0,0,5.800000000000002,2.8000000000000003,3.0000000000000013,3.0000000000000013,226,0
large_generic_trap_2002,large_generic_trap,2002,depth3,4,13,0,5,0,8,1.5999999999999999,4,4,0,0,5.800000000000002,1.5999999999999999,4.200000000000002,4.200000000000002,2420,0
large_generic_trap_2002,large_generic_trap,2002,depth3,6,13,0,7,0,6,1.2,6,6,0,0,5.800000000000002,1.2,4.600000000000001,4.600000000000001,4340,0
large_generic_trap_2002,large_generic_trap,2002,depth3,unlimited,13,1,13,0,0,0,12,12,0,0,5.800000000000002,0.0,5.800000000000002,5.800000000000002,5620,0
large_generic_trap_2002,large_generic_trap,2002,generic2,0,13,0,0,0,13,5.800000000000002,0,0,0,0,5.800000000000002,5.800000000000002,0.0,0.0,0,0
large_generic_trap_2002,large_generic_trap,2002,generic2,1,13,0,1,0,12,4.800000000000002,1,1,0,0,5.800000000000002,4.800000000000002,1.0,1.0,17,0
large_generic_trap_2002,large_generic_trap,2002,generic2,2,13,0,2,0,11,4.600000000000001,2,2,0,0,5.800000000000002,4.600000000000001,1.2000000000000002,1.2000000000000002,178,0
large_generic_trap_2002,large_generic_trap,2002,generic2,4,13,0,4,0,9,4.200000000000001,4,4,0,0,5.800000000000002,4.200000000000001,1.6000000000000005,1.6000000000000005,500,0
large_generic_trap_2002,large_generic_trap,2002,generic2,6,13,0,7,0,6,1.2,6,6,0,0,5.800000000000002,1.2,4.600000000000001,4.600000000000001,788,0
large_generic_trap_2002,large_generic_trap,2002,generic2,unlimited,13,1,13,0,0,0,12,12,0,0,5.800000000000002,0.0,5.800000000000002,5.800000000000002,1060,0
large_generic_trap_2002,large_generic_trap,2002,no_scope,0,13,0,0,0,13,5.800000000000002,0,0,0,0,5.800000000000002,5.800000000000002,0.0,0.0,0,0
large_generic_trap_2002,large_generic_trap,2002,no_scope,1,13,0,1,0,12,4.800000000000002,1,1,0,0,5.800000000000002,4.800000000000002,1.0,1.0,17,0
large_generic_trap_2002,large_generic_trap,2002,no_scope,2,13,0,3,0,10,2.8000000000000003,2,2,0,0,5.800000000000002,2.8000000000000003,3.0000000000000013,3.0000000000000013,226,0
large_generic_trap_2002,large_generic_trap,2002,no_scope,4,13,0,5,0,8,1.5999999999999999,4,4,0,0,5.800000000000002,1.5999999999999999,4.200000000000002,4.200000000000002,500,0
large_generic_trap_2002,large_generic_trap,2002,no_scope,6,13,0,7,0,6,1.2,6,6,0,0,5.800000000000002,1.2,4.600000000000001,4.600000000000001,788,0
large_generic_trap_2002,large_generic_trap,2002,no_scope,unlimited,13,1,13,0,0,0,12,12,0,0,5.800000000000002,0.0,5.800000000000002,5.800000000000002,1060,0
large_generic_trap_2002,large_generic_trap,2002,request_specific,0,13,0,0,0,13,5.800000000000002,0,0,0,0,5.800000000000002,5.800000000000002,0.0,0.0,0,0
large_generic_trap_2002,large_generic_trap,2002,request_specific,1,13,0,1,0,12,4.800000000000002,1,1,0,0,5.800000000000002,4.800000000000002,1.0,1.0,17,0
large_generic_trap_2002,large_generic_trap,2002,request_specific,2,13,0,2,0,11,4.600000000000001,2,2,0,0,5.800000000000002,4.600000000000001,1.2000000000000002,1.2000000000000002,274,0
large_generic_trap_2002,large_generic_trap,2002,request_specific,4,13,0,3,0,10,3.6000000000000014,4,4,0,0,5.800000000000002,3.6000000000000014,2.2,2.2,580,0
large_generic_trap_2002,large_generic_trap,2002,request_specific,6,13,0,4,0,9,2.6,6,4,2,0,5.800000000000002,2.6,3.2000000000000015,3.2000000000000015,870,0
large_generic_trap_2002,large_generic_trap,2002,request_specific,unlimited,13,1,13,0,0,0,16,12,4,0,5.800000000000002,0.0,5.800000000000002,5.800000000000002,1704,0
large_generic_trap_2003,large_generic_trap,2003,no_review,0,13,0,0,0,13,5.800000000000002,0,0,0,0,5.800000000000002,5.800000000000002,0.0,0.0,0,0
large_generic_trap_2003,large_generic_trap,2003,no_review,1,13,0,0,0,13,5.800000000000002,0,0,0,0,5.800000000000002,5.800000000000002,0.0,0.0,0,0
large_generic_trap_2003,large_generic_trap,2003,no_review,2,13,0,0,0,13,5.800000000000002,0,0,0,0,5.800000000000002,5.800000000000002,0.0,0.0,0,0
large_generic_trap_2003,large_generic_trap,2003,no_review,4,13,0,0,0,13,5.800000000000002,0,0,0,0,5.800000000000002,5.800000000000002,0.0,0.0,0,0
large_generic_trap_2003,large_generic_trap,2003,no_review,6,13,0,0,0,13,5.800000000000002,0,0,0,0,5.800000000000002,5.800000000000002,0.0,0.0,0,0
large_generic_trap_2003,large_generic_trap,2003,no_review,unlimited,13,0,0,0,13,5.800000000000002,0,0,0,0,5.800000000000002,5.800000000000002,0.0,0.0,0,0
large_generic_trap_2003,large_generic_trap,2003,memory,0,13,0,0,0,13,5.800000000000002,0,0,0,0,5.800000000000002,5.800000000000002,0.0,0.0,0,0
large_generic_trap_2003,large_generic_trap,2003,memory,1,13,0,0,0,13,5.800000000000002,0,0,0,0,5.800000000000002,5.800000000000002,0.0,0.0,0,0
large_generic_trap_2003,large_generic_trap,2003,memory,2,13,0,0,0,13,5.800000000000002,0,0,0,0,5.800000000000002,5.800000000000002,0.0,0.0,0,0
large_generic_trap_2003,large_generic_trap,2003,memory,4,13,0,0,0,13,5.800000000000002,0,0,0,0,5.800000000000002,5.800000000000002,0.0,0.0,0,0
large_generic_trap_2003,large_generic_trap,2003,memory,6,13,0,0,0,13,5.800000000000002,0,0,0,0,5.800000000000002,5.800000000000002,0.0,0.0,0,0
large_generic_trap_2003,large_generic_trap,2003,memory,unlimited,13,0,0,0,13,5.800000000000002,0,0,0,0,5.800000000000002,5.800000000000002,0.0,0.0,0,0
large_generic_trap_2003,large_generic_trap,2003,uncertainty,0,13,0,0,0,13,5.800000000000002,0,0,0,0,5.800000000000002,5.800000000000002,0.0,0.0,0,0
large_generic_trap_2003,large_generic_trap,2003,uncertainty,1,13,0,1,0,12,5.600000000000001,1,1,0,0,5.800000000000002,5.600000000000001,0.20000000000000018,0.20000000000000018,0,0
large_generic_trap_2003,large_generic_trap,2003,uncertainty,2,13,0,2,0,11,5.400000000000001,2,2,0,0,5.800000000000002,5.400000000000001,0.40000000000000036,0.40000000000000036,0,0
large_generic_trap_2003,large_generic_trap,2003,uncertainty,4,13,0,4,0,9,5.000000000000001,4,4,0,0,5.800000000000002,5.000000000000001,0.8000000000000007,0.8000000000000007,0,0
large_generic_trap_2003,large_generic_trap,2003,uncertainty,6,13,0,6,0,7,4.6000000000000005,6,6,0,0,5.800000000000002,4.6000000000000005,1.200000000000001,1.200000000000001,0,0
large_generic_trap_2003,large_generic_trap,2003,uncertainty,unlimited,13,1,13,0,0,0,12,12,0,0,5.800000000000002,0.0,5.800000000000002,5.800000000000002,0,0
large_generic_trap_2003,large_generic_trap,2003,depth1,0,13,0,0,0,13,5.800000000000002,0,0,0,0,5.800000000000002,5.800000000000002,0.0,0.0,0,0
large_generic_trap_2003,large_generic_trap,2003,depth1,1,13,0,1,0,12,4.800000000000002,1,1,0,0,5.800000000000002,4.800000000000002,1.0,1.0,17,0
large_generic_trap_2003,large_generic_trap,2003,depth1,2,13,0,2,0,11,4.600000000000001,2,2,0,0,5.800000000000002,4.600000000000001,1.2000000000000002,1.2000000000000002,34,0
large_generic_trap_2003,large_generic_trap,2003,depth1,4,13,0,4,0,9,4.200000000000001,4,4,0,0,5.800000000000002,4.200000000000001,1.6000000000000005,1.6000000000000005,68,0
large_generic_trap_2003,large_generic_trap,2003,depth1,6,13,0,6,0,7,3.8000000000000007,6,6,0,0,5.800000000000002,3.8000000000000007,2.000000000000001,2.000000000000001,100,0
large_generic_trap_2003,large_generic_trap,2003,depth1,unlimited,13,0,10,0,3,3.0,10,10,0,0,5.800000000000002,3.0,2.8000000000000016,2.8000000000000016,140,0
large_generic_trap_2003,large_generic_trap,2003,completion,0,13,0,0,0,13,5.800000000000002,0,0,0,0,5.800000000000002,5.800000000000002,0.0,0.0,0,0
large_generic_trap_2003,large_generic_trap,2003,completion,1,13,0,1,0,12,4.800000000000002,1,1,0,0,5.800000000000002,4.800000000000002,1.0,1.0,0,0
large_generic_trap_2003,large_generic_trap,2003,completion,2,13,0,2,0,11,4.600000000000001,2,2,0,0,5.800000000000002,4.600000000000001,1.2000000000000002,1.2000000000000002,0,0
large_generic_trap_2003,large_generic_trap,2003,completion,4,13,0,4,0,9,4.200000000000001,4,4,0,0,5.800000000000002,4.200000000000001,1.6000000000000005,1.6000000000000005,0,0
large_generic_trap_2003,large_generic_trap,2003,completion,6,13,0,6,0,7,3.8000000000000007,6,6,0,0,5.800000000000002,3.8000000000000007,2.000000000000001,2.000000000000001,0,0
large_generic_trap_2003,large_generic_trap,2003,completion,unlimited,13,1,13,0,0,0,12,12,0,0,5.800000000000002,0.0,5.800000000000002,5.800000000000002,0,0
large_generic_trap_2003,large_generic_trap,2003,depth2,0,13,0,0,0,13,5.800000000000002,0,0,0,0,5.800000000000002,5.800000000000002,0.0,0.0,0,0
large_generic_trap_2003,large_generic_trap,2003,depth2,1,13,0,1,0,12,4.800000000000002,1,1,0,0,5.800000000000002,4.800000000000002,1.0,1.0,17,0
large_generic_trap_2003,large_generic_trap,2003,depth2,2,13,0,3,0,10,2.8000000000000003,2,2,0,0,5.800000000000002,2.8000000000000003,3.0000000000000013,3.0000000000000013,226,0
large_generic_trap_2003,large_generic_trap,2003,depth2,4,13,0,5,0,8,1.5999999999999999,4,4,0,0,5.800000000000002,1.5999999999999999,4.200000000000002,4.200000000000002,500,0
large_generic_trap_2003,large_generic_trap,2003,depth2,6,13,0,7,0,6,1.2,6,6,0,0,5.800000000000002,1.2,4.600000000000001,4.600000000000001,788,0
large_generic_trap_2003,large_generic_trap,2003,depth2,unlimited,13,1,13,0,0,0,12,12,0,0,5.800000000000002,0.0,5.800000000000002,5.800000000000002,1060,0
large_generic_trap_2003,large_generic_trap,2003,depth3,0,13,0,0,0,13,5.800000000000002,0,0,0,0,5.800000000000002,5.800000000000002,0.0,0.0,0,0
large_generic_trap_2003,large_generic_trap,2003,depth3,1,13,0,1,0,12,4.800000000000002,1,1,0,0,5.800000000000002,4.800000000000002,1.0,1.0,17,0
large_generic_trap_2003,large_generic_trap,2003,depth3,2,13,0,3,0,10,2.8000000000000003,2,2,0,0,5.800000000000002,2.8000000000000003,3.0000000000000013,3.0000000000000013,226,0
large_generic_trap_2003,large_generic_trap,2003,depth3,4,13,0,5,0,8,1.5999999999999999,4,4,0,0,5.800000000000002,1.5999999999999999,4.200000000000002,4.200000000000002,2420,0
large_generic_trap_2003,large_generic_trap,2003,depth3,6,13,0,7,0,6,1.2,6,6,0,0,5.800000000000002,1.2,4.600000000000001,4.600000000000001,4340,0
large_generic_trap_2003,large_generic_trap,2003,depth3,unlimited,13,1,13,0,0,0,12,12,0,0,5.800000000000002,0.0,5.800000000000002,5.800000000000002,5620,0
large_generic_trap_2003,large_generic_trap,2003,generic2,0,13,0,0,0,13,5.800000000000002,0,0,0,0,5.800000000000002,5.800000000000002,0.0,0.0,0,0
large_generic_trap_2003,large_generic_trap,2003,generic2,1,13,0,1,0,12,4.800000000000002,1,1,0,0,5.800000000000002,4.800000000000002,1.0,1.0,17,0
large_generic_trap_2003,large_generic_trap,2003,generic2,2,13,0,2,0,11,4.600000000000001,2,2,0,0,5.800000000000002,4.600000000000001,1.2000000000000002,1.2000000000000002,178,0
large_generic_trap_2003,large_generic_trap,2003,generic2,4,13,0,4,0,9,4.200000000000001,4,4,0,0,5.800000000000002,4.200000000000001,1.6000000000000005,1.6000000000000005,500,0
large_generic_trap_2003,large_generic_trap,2003,generic2,6,13,0,7,0,6,1.2,6,6,0,0,5.800000000000002,1.2,4.600000000000001,4.600000000000001,788,0
large_generic_trap_2003,large_generic_trap,2003,generic2,unlimited,13,1,13,0,0,0,12,12,0,0,5.800000000000002,0.0,5.800000000000002,5.800000000000002,1060,0
large_generic_trap_2003,large_generic_trap,2003,no_scope,0,13,0,0,0,13,5.800000000000002,0,0,0,0,5.800000000000002,5.800000000000002,0.0,0.0,0,0
large_generic_trap_2003,large_generic_trap,2003,no_scope,1,13,0,1,0,12,4.800000000000002,1,1,0,0,5.800000000000002,4.800000000000002,1.0,1.0,17,0
large_generic_trap_2003,large_generic_trap,2003,no_scope,2,13,0,3,0,10,2.8000000000000003,2,2,0,0,5.800000000000002,2.8000000000000003,3.0000000000000013,3.0000000000000013,226,0
large_generic_trap_2003,large_generic_trap,2003,no_scope,4,13,0,5,0,8,1.5999999999999999,4,4,0,0,5.800000000000002,1.5999999999999999,4.200000000000002,4.200000000000002,500,0
large_generic_trap_2003,large_generic_trap,2003,no_scope,6,13,0,7,0,6,1.2,6,6,0,0,5.800000000000002,1.2,4.600000000000001,4.600000000000001,788,0
large_generic_trap_2003,large_generic_trap,2003,no_scope,unlimited,13,1,13,0,0,0,12,12,0,0,5.800000000000002,0.0,5.800000000000002,5.800000000000002,1060,0
large_generic_trap_2003,large_generic_trap,2003,request_specific,0,13,0,0,0,13,5.800000000000002,0,0,0,0,5.800000000000002,5.800000000000002,0.0,0.0,0,0
large_generic_trap_2003,large_generic_trap,2003,request_specific,1,13,0,1,0,12,4.800000000000002,1,1,0,0,5.800000000000002,4.800000000000002,1.0,1.0,17,0
large_generic_trap_2003,large_generic_trap,2003,request_specific,2,13,0,2,0,11,4.600000000000001,2,2,0,0,5.800000000000002,4.600000000000001,1.2000000000000002,1.2000000000000002,274,0
large_generic_trap_2003,large_generic_trap,2003,request_specific,4,13,0,3,0,10,3.6000000000000014,4,4,0,0,5.800000000000002,3.6000000000000014,2.2,2.2,580,0
large_generic_trap_2003,large_generic_trap,2003,request_specific,6,13,0,4,0,9,2.6,6,4,2,0,5.800000000000002,2.6,3.2000000000000015,3.2000000000000015,870,0
large_generic_trap_2003,large_generic_trap,2003,request_specific,unlimited,13,1,13,0,0,0,16,12,4,0,5.800000000000002,0.0,5.800000000000002,5.800000000000002,1704,0
misspecified_2000,misspecified,2000,no_review,0,4,0,2,2,0,8.0,0,0,0,0,0.9600000000000009,0.9600000000000009,0.0,0.0,0,0
misspecified_2000,misspecified,2000,no_review,1,4,0,2,2,0,8.0,0,0,0,0,0.9600000000000009,0.9600000000000009,0.0,0.0,0,0
misspecified_2000,misspecified,2000,no_review,2,4,0,2,2,0,8.0,0,0,0,0,0.9600000000000009,0.9600000000000009,0.0,0.0,0,0
misspecified_2000,misspecified,2000,no_review,4,4,0,2,2,0,8.0,0,0,0,0,0.9600000000000009,0.9600000000000009,0.0,0.0,0,0
misspecified_2000,misspecified,2000,no_review,6,4,0,2,2,0,8.0,0,0,0,0,0.9600000000000009,0.9600000000000009,0.0,0.0,0,0
misspecified_2000,misspecified,2000,no_review,unlimited,4,0,2,2,0,8.0,0,0,0,0,0.9600000000000009,0.9600000000000009,0.0,0.0,0,0
misspecified_2000,misspecified,2000,memory,0,4,0,2,2,0,8.0,0,0,0,0,0.9600000000000009,0.9600000000000009,0.0,0.0,0,0
misspecified_2000,misspecified,2000,memory,1,4,0,2,2,0,8.0,0,0,0,0,0.9600000000000009,0.9600000000000009,0.0,0.0,0,0
misspecified_2000,misspecified,2000,memory,2,4,0,2,2,0,8.0,0,0,0,0,0.9600000000000009,0.9600000000000009,0.0,0.0,0,0
misspecified_2000,misspecified,2000,memory,4,4,0,2,2,0,8.0,0,0,0,0,0.9600000000000009,0.9600000000000009,0.0,0.0,0,0
misspecified_2000,misspecified,2000,memory,6,4,0,2,2,0,8.0,0,0,0,0,0.9600000000000009,0.9600000000000009,0.0,0.0,0,0
misspecified_2000,misspecified,2000,memory,unlimited,4,0,2,2,0,8.0,0,0,0,0,0.9600000000000009,0.9600000000000009,0.0,0.0,0,0
misspecified_2000,misspecified,2000,uncertainty,0,4,0,2,2,0,8.0,0,0,0,0,0.9600000000000009,0.9600000000000009,0.0,0.0,0,0
misspecified_2000,misspecified,2000,uncertainty,1,4,0,2,2,0,8.0,1,1,0,0,0.9600000000000009,0.7200000000000006,0.2400000000000002,0.0,0,0
misspecified_2000,misspecified,2000,uncertainty,2,4,0,3,1,0,4.0,2,2,0,0,0.9600000000000009,0.4800000000000004,0.4800000000000004,4.0,0,0
misspecified_2000,misspecified,2000,uncertainty,4,4,1,4,0,0,0,4,4,0,0,0.9600000000000009,0.0,0.9600000000000009,8.0,0,0
misspecified_2000,misspecified,2000,uncertainty,6,4,1,4,0,0,0,4,4,0,0,0.9600000000000009,0.0,0.9600000000000009,8.0,0,0
misspecified_2000,misspecified,2000,uncertainty,unlimited,4,1,4,0,0,0,4,4,0,0,0.9600000000000009,0.0,0.9600000000000009,8.0,0,0
misspecified_2000,misspecified,2000,depth1,0,4,0,2,2,0,8.0,0,0,0,0,0.9600000000000009,0.9600000000000009,0.0,0.0,0,0
misspecified_2000,misspecified,2000,depth1,1,4,0,2,2,0,8.0,1,1,0,0,0.9600000000000009,0.7200000000000006,0.2400000000000002,0.0,9,0
misspecified_2000,misspecified,2000,depth1,2,4,0,3,1,0,4.0,2,2,0,0,0.9600000000000009,0.4800000000000004,0.4800000000000004,4.0,16,0
misspecified_2000,misspecified,2000,depth1,4,4,1,4,0,0,0,4,4,0,0,0.9600000000000009,0.0,0.9600000000000009,8.0,24,0
misspecified_2000,misspecified,2000,depth1,6,4,1,4,0,0,0,4,4,0,0,0.9600000000000009,0.0,0.9600000000000009,8.0,24,0
misspecified_2000,misspecified,2000,depth1,unlimited,4,1,4,0,0,0,4,4,0,0,0.9600000000000009,0.0,0.9600000000000009,8.0,24,0
misspecified_2000,misspecified,2000,completion,0,4,0,2,2,0,8.0,0,0,0,0,0.9600000000000009,0.9600000000000009,0.0,0.0,0,0
misspecified_2000,misspecified,2000,completion,1,4,0,2,2,0,8.0,1,1,0,0,0.9600000000000009,0.7200000000000006,0.2400000000000002,0.0,0,0
misspecified_2000,misspecified,2000,completion,2,4,0,3,1,0,4.0,2,2,0,0,0.9600000000000009,0.4800000000000004,0.4800000000000004,4.0,0,0
misspecified_2000,misspecified,2000,completion,4,4,1,4,0,0,0,4,4,0,0,0.9600000000000009,0.0,0.9600000000000009,8.0,0,0
misspecified_2000,misspecified,2000,completion,6,4,1,4,0,0,0,4,4,0,0,0.9600000000000009,0.0,0.9600000000000009,8.0,0,0
misspecified_2000,misspecified,2000,completion,unlimited,4,1,4,0,0,0,4,4,0,0,0.9600000000000009,0.0,0.9600000000000009,8.0,0,0
misspecified_2000,misspecified,2000,depth2,0,4,0,2,2,0,8.0,0,0,0,0,0.9600000000000009,0.9600000000000009,0.0,0.0,0,0
misspecified_2000,misspecified,2000,depth2,1,4,0,2,2,0,8.0,1,1,0,0,0.9600000000000009,0.7200000000000006,0.2400000000000002,0.0,9,0
misspecified_2000,misspecified,2000,depth2,2,4,0,3,1,0,4.0,2,2,0,0,0.9600000000000009,0.4800000000000004,0.4800000000000004,4.0,40,0
misspecified_2000,misspecified,2000,depth2,4,4,1,4,0,0,0,4,4,0,0,0.9600000000000009,0.0,0.9600000000000009,8.0,64,0
misspecified_2000,misspecified,2000,depth2,6,4,1,4,0,0,0,4,4,0,0,0.9600000000000009,0.0,0.9600000000000009,8.0,64,0
misspecified_2000,misspecified,2000,depth2,unlimited,4,1,4,0,0,0,4,4,0,0,0.9600000000000009,0.0,0.9600000000000009,8.0,64,0
misspecified_2000,misspecified,2000,depth3,0,4,0,2,2,0,8.0,0,0,0,0,0.9600000000000009,0.9600000000000009,0.0,0.0,0,0
misspecified_2000,misspecified,2000,depth3,1,4,0,2,2,0,8.0,1,1,0,0,0.9600000000000009,0.7200000000000006,0.2400000000000002,0.0,9,0
misspecified_2000,misspecified,2000,depth3,2,4,0,3,1,0,4.0,2,2,0,0,0.9600000000000009,0.4800000000000004,0.4800000000000004,4.0,40,0
misspecified_2000,misspecified,2000,depth3,4,4,1,4,0,0,0,4,4,0,0,0.9600000000000009,0.0,0.9600000000000009,8.0,104,0
misspecified_2000,misspecified,2000,depth3,6,4,1,4,0,0,0,4,4,0,0,0.9600000000000009,0.0,0.9600000000000009,8.0,104,0
misspecified_2000,misspecified,2000,depth3,unlimited,4,1,4,0,0,0,4,4,0,0,0.9600000000000009,0.0,0.9600000000000009,8.0,104,0
misspecified_2000,misspecified,2000,generic2,0,4,0,2,2,0,8.0,0,0,0,0,0.9600000000000009,0.9600000000000009,0.0,0.0,0,0
misspecified_2000,misspecified,2000,generic2,1,4,0,2,2,0,8.0,1,1,0,0,0.9600000000000009,0.7200000000000006,0.2400000000000002,0.0,9,0
misspecified_2000,misspecified,2000,generic2,2,4,0,3,1,0,4.0,2,2,0,0,0.9600000000000009,0.4800000000000004,0.4800000000000004,4.0,40,0
misspecified_2000,misspecified,2000,generic2,4,4,1,4,0,0,0,4,4,0,0,0.9600000000000009,0.0,0.9600000000000009,8.0,64,0
misspecified_2000,misspecified,2000,generic2,6,4,1,4,0,0,0,4,4,0,0,0.9600000000000009,0.0,0.9600000000000009,8.0,64,0
misspecified_2000,misspecified,2000,generic2,unlimited,4,1,4,0,0,0,4,4,0,0,0.9600000000000009,0.0,0.9600000000000009,8.0,64,0
misspecified_2000,misspecified,2000,no_scope,0,4,0,2,2,0,8.0,0,0,0,0,0.9600000000000009,0.9600000000000009,0.0,0.0,0,0
misspecified_2000,misspecified,2000,no_scope,1,4,0,2,2,0,8.0,1,1,0,0,0.9600000000000009,0.7200000000000006,0.2400000000000002,0.0,9,0
misspecified_2000,misspecified,2000,no_scope,2,4,0,3,1,0,4.0,2,2,0,0,0.9600000000000009,0.4800000000000004,0.4800000000000004,4.0,40,0
misspecified_2000,misspecified,2000,no_scope,4,4,1,4,0,0,0,4,4,0,0,0.9600000000000009,0.0,0.9600000000000009,8.0,64,0
misspecified_2000,misspecified,2000,no_scope,6,4,1,4,0,0,0,4,4,0,0,0.9600000000000009,0.0,0.9600000000000009,8.0,64,0
misspecified_2000,misspecified,2000,no_scope,unlimited,4,1,4,0,0,0,4,4,0,0,0.9600000000000009,0.0,0.9600000000000009,8.0,64,0
misspecified_2000,misspecified,2000,request_specific,0,4,0,2,2,0,8.0,0,0,0,0,0.9600000000000009,0.9600000000000009,0.0,0.0,0,0
misspecified_2000,misspecified,2000,request_specific,1,4,0,2,2,0,8.0,1,1,0,0,0.9600000000000009,0.7200000000000006,0.2400000000000002,0.0,9,0
misspecified_2000,misspecified,2000,request_specific,2,4,0,3,1,0,4.0,2,2,0,0,0.9600000000000009,0.4800000000000004,0.4800000000000004,4.0,40,0
misspecified_2000,misspecified,2000,request_specific,4,4,1,4,0,0,0,4,4,0,0,0.9600000000000009,0.0,0.9600000000000009,8.0,64,0
misspecified_2000,misspecified,2000,request_specific,6,4,1,4,0,0,0,4,4,0,0,0.9600000000000009,0.0,0.9600000000000009,8.0,64,0
misspecified_2000,misspecified,2000,request_specific,unlimited,4,1,4,0,0,0,4,4,0,0,0.9600000000000009,0.0,0.9600000000000009,8.0,64,0
misspecified_2001,misspecified,2001,no_review,0,4,0,2,2,0,8.0,0,0,0,0,0.9600000000000009,0.9600000000000009,0.0,0.0,0,0
misspecified_2001,misspecified,2001,no_review,1,4,0,2,2,0,8.0,0,0,0,0,0.9600000000000009,0.9600000000000009,0.0,0.0,0,0
misspecified_2001,misspecified,2001,no_review,2,4,0,2,2,0,8.0,0,0,0,0,0.9600000000000009,0.9600000000000009,0.0,0.0,0,0
misspecified_2001,misspecified,2001,no_review,4,4,0,2,2,0,8.0,0,0,0,0,0.9600000000000009,0.9600000000000009,0.0,0.0,0,0
misspecified_2001,misspecified,2001,no_review,6,4,0,2,2,0,8.0,0,0,0,0,0.9600000000000009,0.9600000000000009,0.0,0.0,0,0
misspecified_2001,misspecified,2001,no_review,unlimited,4,0,2,2,0,8.0,0,0,0,0,0.9600000000000009,0.9600000000000009,0.0,0.0,0,0
misspecified_2001,misspecified,2001,memory,0,4,0,2,2,0,8.0,0,0,0,0,0.9600000000000009,0.9600000000000009,0.0,0.0,0,0
misspecified_2001,misspecified,2001,memory,1,4,0,2,2,0,8.0,0,0,0,0,0.9600000000000009,0.9600000000000009,0.0,0.0,0,0
misspecified_2001,misspecified,2001,memory,2,4,0,2,2,0,8.0,0,0,0,0,0.9600000000000009,0.9600000000000009,0.0,0.0,0,0
misspecified_2001,misspecified,2001,memory,4,4,0,2,2,0,8.0,0,0,0,0,0.9600000000000009,0.9600000000000009,0.0,0.0,0,0
misspecified_2001,misspecified,2001,memory,6,4,0,2,2,0,8.0,0,0,0,0,0.9600000000000009,0.9600000000000009,0.0,0.0,0,0
misspecified_2001,misspecified,2001,memory,unlimited,4,0,2,2,0,8.0,0,0,0,0,0.9600000000000009,0.9600000000000009,0.0,0.0,0,0
misspecified_2001,misspecified,2001,uncertainty,0,4,0,2,2,0,8.0,0,0,0,0,0.9600000000000009,0.9600000000000009,0.0,0.0,0,0
misspecified_2001,misspecified,2001,uncertainty,1,4,0,3,1,0,4.0,1,1,0,0,0.9600000000000009,0.7200000000000006,0.2400000000000002,4.0,0,0
misspecified_2001,misspecified,2001,uncertainty,2,4,0,3,1,0,4.0,2,2,0,0,0.9600000000000009,0.4800000000000004,0.4800000000000004,4.0,0,0
misspecified_2001,misspecified,2001,uncertainty,4,4,1,4,0,0,0,4,4,0,0,0.9600000000000009,0.0,0.9600000000000009,8.0,0,0
misspecified_2001,misspecified,2001,uncertainty,6,4,1,4,0,0,0,4,4,0,0,0.9600000000000009,0.0,0.9600000000000009,8.0,0,0
misspecified_2001,misspecified,2001,uncertainty,unlimited,4,1,4,0,0,0,4,4,0,0,0.9600000000000009,0.0,0.9600000000000009,8.0,0,0
misspecified_2001,misspecified,2001,depth1,0,4,0,2,2,0,8.0,0,0,0,0,0.9600000000000009,0.9600000000000009,0.0,0.0,0,0
misspecified_2001,misspecified,2001,depth1,1,4,0,3,1,0,4.0,1,1,0,0,0.9600000000000009,0.7200000000000006,0.2400000000000002,4.0,9,0
misspecified_2001,misspecified,2001,depth1,2,4,0,3,1,0,4.0,2,2,0,0,0.9600000000000009,0.4800000000000004,0.4800000000000004,4.0,16,0
misspecified_2001,misspecified,2001,depth1,4,4,1,4,0,0,0,4,4,0,0,0.9600000000000009,0.0,0.9600000000000009,8.0,24,0
misspecified_2001,misspecified,2001,depth1,6,4,1,4,0,0,0,4,4,0,0,0.9600000000000009,0.0,0.9600000000000009,8.0,24,0
misspecified_2001,misspecified,2001,depth1,unlimited,4,1,4,0,0,0,4,4,0,0,0.9600000000000009,0.0,0.9600000000000009,8.0,24,0
misspecified_2001,misspecified,2001,completion,0,4,0,2,2,0,8.0,0,0,0,0,0.9600000000000009,0.9600000000000009,0.0,0.0,0,0
misspecified_2001,misspecified,2001,completion,1,4,0,3,1,0,4.0,1,1,0,0,0.9600000000000009,0.7200000000000006,0.2400000000000002,4.0,0,0
misspecified_2001,misspecified,2001,completion,2,4,0,3,1,0,4.0,2,2,0,0,0.9600000000000009,0.4800000000000004,0.4800000000000004,4.0,0,0
misspecified_2001,misspecified,2001,completion,4,4,1,4,0,0,0,4,4,0,0,0.9600000000000009,0.0,0.9600000000000009,8.0,0,0
misspecified_2001,misspecified,2001,completion,6,4,1,4,0,0,0,4,4,0,0,0.9600000000000009,0.0,0.9600000000000009,8.0,0,0
misspecified_2001,misspecified,2001,completion,unlimited,4,1,4,0,0,0,4,4,0,0,0.9600000000000009,0.0,0.9600000000000009,8.0,0,0
misspecified_2001,misspecified,2001,depth2,0,4,0,2,2,0,8.0,0,0,0,0,0.9600000000000009,0.9600000000000009,0.0,0.0,0,0
misspecified_2001,misspecified,2001,depth2,1,4,0,3,1,0,4.0,1,1,0,0,0.9600000000000009,0.7200000000000006,0.2400000000000002,4.0,9,0
misspecified_2001,misspecified,2001,depth2,2,4,0,3,1,0,4.0,2,2,0,0,0.9600000000000009,0.4800000000000004,0.4800000000000004,4.0,40,0
misspecified_2001,misspecified,2001,depth2,4,4,1,4,0,0,0,4,4,0,0,0.9600000000000009,0.0,0.9600000000000009,8.0,64,0
misspecified_2001,misspecified,2001,depth2,6,4,1,4,0,0,0,4,4,0,0,0.9600000000000009,0.0,0.9600000000000009,8.0,64,0
misspecified_2001,misspecified,2001,depth2,unlimited,4,1,4,0,0,0,4,4,0,0,0.9600000000000009,0.0,0.9600000000000009,8.0,64,0
misspecified_2001,misspecified,2001,depth3,0,4,0,2,2,0,8.0,0,0,0,0,0.9600000000000009,0.9600000000000009,0.0,0.0,0,0
misspecified_2001,misspecified,2001,depth3,1,4,0,3,1,0,4.0,1,1,0,0,0.9600000000000009,0.7200000000000006,0.2400000000000002,4.0,9,0
misspecified_2001,misspecified,2001,depth3,2,4,0,3,1,0,4.0,2,2,0,0,0.9600000000000009,0.4800000000000004,0.4800000000000004,4.0,40,0
misspecified_2001,misspecified,2001,depth3,4,4,1,4,0,0,0,4,4,0,0,0.9600000000000009,0.0,0.9600000000000009,8.0,104,0
misspecified_2001,misspecified,2001,depth3,6,4,1,4,0,0,0,4,4,0,0,0.9600000000000009,0.0,0.9600000000000009,8.0,104,0
misspecified_2001,misspecified,2001,depth3,unlimited,4,1,4,0,0,0,4,4,0,0,0.9600000000000009,0.0,0.9600000000000009,8.0,104,0
misspecified_2001,misspecified,2001,generic2,0,4,0,2,2,0,8.0,0,0,0,0,0.9600000000000009,0.9600000000000009,0.0,0.0,0,0
misspecified_2001,misspecified,2001,generic2,1,4,0,3,1,0,4.0,1,1,0,0,0.9600000000000009,0.7200000000000006,0.2400000000000002,4.0,9,0
misspecified_2001,misspecified,2001,generic2,2,4,0,3,1,0,4.0,2,2,0,0,0.9600000000000009,0.4800000000000004,0.4800000000000004,4.0,40,0
misspecified_2001,misspecified,2001,generic2,4,4,1,4,0,0,0,4,4,0,0,0.9600000000000009,0.0,0.9600000000000009,8.0,64,0
misspecified_2001,misspecified,2001,generic2,6,4,1,4,0,0,0,4,4,0,0,0.9600000000000009,0.0,0.9600000000000009,8.0,64,0
misspecified_2001,misspecified,2001,generic2,unlimited,4,1,4,0,0,0,4,4,0,0,0.9600000000000009,0.0,0.9600000000000009,8.0,64,0
misspecified_2001,misspecified,2001,no_scope,0,4,0,2,2,0,8.0,0,0,0,0,0.9600000000000009,0.9600000000000009,0.0,0.0,0,0
misspecified_2001,misspecified,2001,no_scope,1,4,0,3,1,0,4.0,1,1,0,0,0.9600000000000009,0.7200000000000006,0.2400000000000002,4.0,9,0
misspecified_2001,misspecified,2001,no_scope,2,4,0,3,1,0,4.0,2,2,0,0,0.9600000000000009,0.4800000000000004,0.4800000000000004,4.0,40,0
misspecified_2001,misspecified,2001,no_scope,4,4,1,4,0,0,0,4,4,0,0,0.9600000000000009,0.0,0.9600000000000009,8.0,64,0
misspecified_2001,misspecified,2001,no_scope,6,4,1,4,0,0,0,4,4,0,0,0.9600000000000009,0.0,0.9600000000000009,8.0,64,0
misspecified_2001,misspecified,2001,no_scope,unlimited,4,1,4,0,0,0,4,4,0,0,0.9600000000000009,0.0,0.9600000000000009,8.0,64,0
misspecified_2001,misspecified,2001,request_specific,0,4,0,2,2,0,8.0,0,0,0,0,0.9600000000000009,0.9600000000000009,0.0,0.0,0,0
misspecified_2001,misspecified,2001,request_specific,1,4,0,3,1,0,4.0,1,1,0,0,0.9600000000000009,0.7200000000000006,0.2400000000000002,4.0,9,0
misspecified_2001,misspecified,2001,request_specific,2,4,0,3,1,0,4.0,2,2,0,0,0.9600000000000009,0.4800000000000004,0.4800000000000004,4.0,40,0
misspecified_2001,misspecified,2001,request_specific,4,4,1,4,0,0,0,4,4,0,0,0.9600000000000009,0.0,0.9600000000000009,8.0,64,0
misspecified_2001,misspecified,2001,request_specific,6,4,1,4,0,0,0,4,4,0,0,0.9600000000000009,0.0,0.9600000000000009,8.0,64,0
misspecified_2001,misspecified,2001,request_specific,unlimited,4,1,4,0,0,0,4,4,0,0,0.9600000000000009,0.0,0.9600000000000009,8.0,64,0
misspecified_2002,misspecified,2002,no_review,0,4,0,1,3,0,12.0,0,0,0,0,0.9600000000000009,0.9600000000000009,0.0,0.0,0,0
misspecified_2002,misspecified,2002,no_review,1,4,0,1,3,0,12.0,0,0,0,0,0.9600000000000009,0.9600000000000009,0.0,0.0,0,0
misspecified_2002,misspecified,2002,no_review,2,4,0,1,3,0,12.0,0,0,0,0,0.9600000000000009,0.9600000000000009,0.0,0.0,0,0
misspecified_2002,misspecified,2002,no_review,4,4,0,1,3,0,12.0,0,0,0,0,0.9600000000000009,0.9600000000000009,0.0,0.0,0,0
misspecified_2002,misspecified,2002,no_review,6,4,0,1,3,0,12.0,0,0,0,0,0.9600000000000009,0.9600000000000009,0.0,0.0,0,0
misspecified_2002,misspecified,2002,no_review,unlimited,4,0,1,3,0,12.0,0,0,0,0,0.9600000000000009,0.9600000000000009,0.0,0.0,0,0
misspecified_2002,misspecified,2002,memory,0,4,0,1,3,0,12.0,0,0,0,0,0.9600000000000009,0.9600000000000009,0.0,0.0,0,0
misspecified_2002,misspecified,2002,memory,1,4,0,1,3,0,12.0,0,0,0,0,0.9600000000000009,0.9600000000000009,0.0,0.0,0,0
misspecified_2002,misspecified,2002,memory,2,4,0,1,3,0,12.0,0,0,0,0,0.9600000000000009,0.9600000000000009,0.0,0.0,0,0
misspecified_2002,misspecified,2002,memory,4,4,0,1,3,0,12.0,0,0,0,0,0.9600000000000009,0.9600000000000009,0.0,0.0,0,0
misspecified_2002,misspecified,2002,memory,6,4,0,1,3,0,12.0,0,0,0,0,0.9600000000000009,0.9600000000000009,0.0,0.0,0,0
misspecified_2002,misspecified,2002,memory,unlimited,4,0,1,3,0,12.0,0,0,0,0,0.9600000000000009,0.9600000000000009,0.0,0.0,0,0
misspecified_2002,misspecified,2002,uncertainty,0,4,0,1,3,0,12.0,0,0,0,0,0.9600000000000009,0.9600000000000009,0.0,0.0,0,0
misspecified_2002,misspecified,2002,uncertainty,1,4,0,2,2,0,8.0,1,1,0,0,0.9600000000000009,0.7200000000000006,0.2400000000000002,4.0,0,0
misspecified_2002,misspecified,2002,uncertainty,2,4,0,2,2,0,8.0,2,2,0,0,0.9600000000000009,0.4800000000000004,0.4800000000000004,4.0,0,0
misspecified_2002,misspecified,2002,uncertainty,4,4,1,4,0,0,0,4,4,0,0,0.9600000000000009,0.0,0.9600000000000009,12.0,0,0
misspecified_2002,misspecified,2002,uncertainty,6,4,1,4,0,0,0,4,4,0,0,0.9600000000000009,0.0,0.9600000000000009,12.0,0,0
misspecified_2002,misspecified,2002,uncertainty,unlimited,4,1,4,0,0,0,4,4,0,0,0.9600000000000009,0.0,0.9600000000000009,12.0,0,0
misspecified_2002,misspecified,2002,depth1,0,4,0,1,3,0,12.0,0,0,0,0,0.9600000000000009,0.9600000000000009,0.0,0.0,0,0
misspecified_2002,misspecified,2002,depth1,1,4,0,2,2,0,8.0,1,1,0,0,0.9600000000000009,0.7200000000000006,0.2400000000000002,4.0,9,0
misspecified_2002,misspecified,2002,depth1,2,4,0,2,2,0,8.0,2,2,0,0,0.9600000000000009,0.4800000000000004,0.4800000000000004,4.0,16,0
misspecified_2002,misspecified,2002,depth1,4,4,1,4,0,0,0,4,4,0,0,0.9600000000000009,0.0,0.9600000000000009,12.0,24,0
misspecified_2002,misspecified,2002,depth1,6,4,1,4,0,0,0,4,4,0,0,0.9600000000000009,0.0,0.9600000000000009,12.0,24,0
misspecified_2002,misspecified,2002,depth1,unlimited,4,1,4,0,0,0,4,4,0,0,0.9600000000000009,0.0,0.9600000000000009,12.0,24,0
misspecified_2002,misspecified,2002,completion,0,4,0,1,3,0,12.0,0,0,0,0,0.9600000000000009,0.9600000000000009,0.0,0.0,0,0
misspecified_2002,misspecified,2002,completion,1,4,0,2,2,0,8.0,1,1,0,0,0.9600000000000009,0.7200000000000006,0.2400000000000002,4.0,0,0
misspecified_2002,misspecified,2002,completion,2,4,0,2,2,0,8.0,2,2,0,0,0.9600000000000009,0.4800000000000004,0.4800000000000004,4.0,0,0
misspecified_2002,misspecified,2002,completion,4,4,1,4,0,0,0,4,4,0,0,0.9600000000000009,0.0,0.9600000000000009,12.0,0,0
misspecified_2002,misspecified,2002,completion,6,4,1,4,0,0,0,4,4,0,0,0.9600000000000009,0.0,0.9600000000000009,12.0,0,0
misspecified_2002,misspecified,2002,completion,unlimited,4,1,4,0,0,0,4,4,0,0,0.9600000000000009,0.0,0.9600000000000009,12.0,0,0
misspecified_2002,misspecified,2002,depth2,0,4,0,1,3,0,12.0,0,0,0,0,0.9600000000000009,0.9600000000000009,0.0,0.0,0,0
misspecified_2002,misspecified,2002,depth2,1,4,0,2,2,0,8.0,1,1,0,0,0.9600000000000009,0.7200000000000006,0.2400000000000002,4.0,9,0
misspecified_2002,misspecified,2002,depth2,2,4,0,2,2,0,8.0,2,2,0,0,0.9600000000000009,0.4800000000000004,0.4800000000000004,4.0,40,0
misspecified_2002,misspecified,2002,depth2,4,4,1,4,0,0,0,4,4,0,0,0.9600000000000009,0.0,0.9600000000000009,12.0,64,0
misspecified_2002,misspecified,2002,depth2,6,4,1,4,0,0,0,4,4,0,0,0.9600000000000009,0.0,0.9600000000000009,12.0,64,0
misspecified_2002,misspecified,2002,depth2,unlimited,4,1,4,0,0,0,4,4,0,0,0.9600000000000009,0.0,0.9600000000000009,12.0,64,0
misspecified_2002,misspecified,2002,depth3,0,4,0,1,3,0,12.0,0,0,0,0,0.9600000000000009,0.9600000000000009,0.0,0.0,0,0
misspecified_2002,misspecified,2002,depth3,1,4,0,2,2,0,8.0,1,1,0,0,0.9600000000000009,0.7200000000000006,0.2400000000000002,4.0,9,0
misspecified_2002,misspecified,2002,depth3,2,4,0,2,2,0,8.0,2,2,0,0,0.9600000000000009,0.4800000000000004,0.4800000000000004,4.0,40,0
misspecified_2002,misspecified,2002,depth3,4,4,1,4,0,0,0,4,4,0,0,0.9600000000000009,0.0,0.9600000000000009,12.0,104,0
misspecified_2002,misspecified,2002,depth3,6,4,1,4,0,0,0,4,4,0,0,0.9600000000000009,0.0,0.9600000000000009,12.0,104,0
misspecified_2002,misspecified,2002,depth3,unlimited,4,1,4,0,0,0,4,4,0,0,0.9600000000000009,0.0,0.9600000000000009,12.0,104,0
misspecified_2002,misspecified,2002,generic2,0,4,0,1,3,0,12.0,0,0,0,0,0.9600000000000009,0.9600000000000009,0.0,0.0,0,0
misspecified_2002,misspecified,2002,generic2,1,4,0,2,2,0,8.0,1,1,0,0,0.9600000000000009,0.7200000000000006,0.2400000000000002,4.0,9,0
misspecified_2002,misspecified,2002,generic2,2,4,0,2,2,0,8.0,2,2,0,0,0.9600000000000009,0.4800000000000004,0.4800000000000004,4.0,40,0
misspecified_2002,misspecified,2002,generic2,4,4,1,4,0,0,0,4,4,0,0,0.9600000000000009,0.0,0.9600000000000009,12.0,64,0
misspecified_2002,misspecified,2002,generic2,6,4,1,4,0,0,0,4,4,0,0,0.9600000000000009,0.0,0.9600000000000009,12.0,64,0
misspecified_2002,misspecified,2002,generic2,unlimited,4,1,4,0,0,0,4,4,0,0,0.9600000000000009,0.0,0.9600000000000009,12.0,64,0
misspecified_2002,misspecified,2002,no_scope,0,4,0,1,3,0,12.0,0,0,0,0,0.9600000000000009,0.9600000000000009,0.0,0.0,0,0
misspecified_2002,misspecified,2002,no_scope,1,4,0,2,2,0,8.0,1,1,0,0,0.9600000000000009,0.7200000000000006,0.2400000000000002,4.0,9,0
misspecified_2002,misspecified,2002,no_scope,2,4,0,2,2,0,8.0,2,2,0,0,0.9600000000000009,0.4800000000000004,0.4800000000000004,4.0,40,0
misspecified_2002,misspecified,2002,no_scope,4,4,1,4,0,0,0,4,4,0,0,0.9600000000000009,0.0,0.9600000000000009,12.0,64,0
misspecified_2002,misspecified,2002,no_scope,6,4,1,4,0,0,0,4,4,0,0,0.9600000000000009,0.0,0.9600000000000009,12.0,64,0
misspecified_2002,misspecified,2002,no_scope,unlimited,4,1,4,0,0,0,4,4,0,0,0.9600000000000009,0.0,0.9600000000000009,12.0,64,0
misspecified_2002,misspecified,2002,request_specific,0,4,0,1,3,0,12.0,0,0,0,0,0.9600000000000009,0.9600000000000009,0.0,0.0,0,0
misspecified_2002,misspecified,2002,request_specific,1,4,0,2,2,0,8.0,1,1,0,0,0.9600000000000009,0.7200000000000006,0.2400000000000002,4.0,9,0
misspecified_2002,misspecified,2002,request_specific,2,4,0,2,2,0,8.0,2,2,0,0,0.9600000000000009,0.4800000000000004,0.4800000000000004,4.0,40,0
misspecified_2002,misspecified,2002,request_specific,4,4,1,4,0,0,0,4,4,0,0,0.9600000000000009,0.0,0.9600000000000009,12.0,64,0
misspecified_2002,misspecified,2002,request_specific,6,4,1,4,0,0,0,4,4,0,0,0.9600000000000009,0.0,0.9600000000000009,12.0,64,0
misspecified_2002,misspecified,2002,request_specific,unlimited,4,1,4,0,0,0,4,4,0,0,0.9600000000000009,0.0,0.9600000000000009,12.0,64,0
misspecified_2003,misspecified,2003,no_review,0,4,0,2,2,0,8.0,0,0,0,0,0.9600000000000009,0.9600000000000009,0.0,0.0,0,0
misspecified_2003,misspecified,2003,no_review,1,4,0,2,2,0,8.0,0,0,0,0,0.9600000000000009,0.9600000000000009,0.0,0.0,0,0
misspecified_2003,misspecified,2003,no_review,2,4,0,2,2,0,8.0,0,0,0,0,0.9600000000000009,0.9600000000000009,0.0,0.0,0,0
misspecified_2003,misspecified,2003,no_review,4,4,0,2,2,0,8.0,0,0,0,0,0.9600000000000009,0.9600000000000009,0.0,0.0,0,0
misspecified_2003,misspecified,2003,no_review,6,4,0,2,2,0,8.0,0,0,0,0,0.9600000000000009,0.9600000000000009,0.0,0.0,0,0
misspecified_2003,misspecified,2003,no_review,unlimited,4,0,2,2,0,8.0,0,0,0,0,0.9600000000000009,0.9600000000000009,0.0,0.0,0,0
misspecified_2003,misspecified,2003,memory,0,4,0,2,2,0,8.0,0,0,0,0,0.9600000000000009,0.9600000000000009,0.0,0.0,0,0
misspecified_2003,misspecified,2003,memory,1,4,0,2,2,0,8.0,0,0,0,0,0.9600000000000009,0.9600000000000009,0.0,0.0,0,0
misspecified_2003,misspecified,2003,memory,2,4,0,2,2,0,8.0,0,0,0,0,0.9600000000000009,0.9600000000000009,0.0,0.0,0,0
misspecified_2003,misspecified,2003,memory,4,4,0,2,2,0,8.0,0,0,0,0,0.9600000000000009,0.9600000000000009,0.0,0.0,0,0
misspecified_2003,misspecified,2003,memory,6,4,0,2,2,0,8.0,0,0,0,0,0.9600000000000009,0.9600000000000009,0.0,0.0,0,0
misspecified_2003,misspecified,2003,memory,unlimited,4,0,2,2,0,8.0,0,0,0,0,0.9600000000000009,0.9600000000000009,0.0,0.0,0,0
misspecified_2003,misspecified,2003,uncertainty,0,4,0,2,2,0,8.0,0,0,0,0,0.9600000000000009,0.9600000000000009,0.0,0.0,0,0
misspecified_2003,misspecified,2003,uncertainty,1,4,0,2,2,0,8.0,1,1,0,0,0.9600000000000009,0.7200000000000006,0.2400000000000002,0.0,0,0
misspecified_2003,misspecified,2003,uncertainty,2,4,0,3,1,0,4.0,2,2,0,0,0.9600000000000009,0.4800000000000004,0.4800000000000004,4.0,0,0
misspecified_2003,misspecified,2003,uncertainty,4,4,1,4,0,0,0,4,4,0,0,0.9600000000000009,0.0,0.9600000000000009,8.0,0,0
misspecified_2003,misspecified,2003,uncertainty,6,4,1,4,0,0,0,4,4,0,0,0.9600000000000009,0.0,0.9600000000000009,8.0,0,0
misspecified_2003,misspecified,2003,uncertainty,unlimited,4,1,4,0,0,0,4,4,0,0,0.9600000000000009,0.0,0.9600000000000009,8.0,0,0
misspecified_2003,misspecified,2003,depth1,0,4,0,2,2,0,8.0,0,0,0,0,0.9600000000000009,0.9600000000000009,0.0,0.0,0,0
misspecified_2003,misspecified,2003,depth1,1,4,0,2,2,0,8.0,1,1,0,0,0.9600000000000009,0.7200000000000006,0.2400000000000002,0.0,9,0
misspecified_2003,misspecified,2003,depth1,2,4,0,3,1,0,4.0,2,2,0,0,0.9600000000000009,0.4800000000000004,0.4800000000000004,4.0,16,0
misspecified_2003,misspecified,2003,depth1,4,4,1,4,0,0,0,4,4,0,0,0.9600000000000009,0.0,0.9600000000000009,8.0,24,0
misspecified_2003,misspecified,2003,depth1,6,4,1,4,0,0,0,4,4,0,0,0.9600000000000009,0.0,0.9600000000000009,8.0,24,0
misspecified_2003,misspecified,2003,depth1,unlimited,4,1,4,0,0,0,4,4,0,0,0.9600000000000009,0.0,0.9600000000000009,8.0,24,0
misspecified_2003,misspecified,2003,completion,0,4,0,2,2,0,8.0,0,0,0,0,0.9600000000000009,0.9600000000000009,0.0,0.0,0,0
misspecified_2003,misspecified,2003,completion,1,4,0,2,2,0,8.0,1,1,0,0,0.9600000000000009,0.7200000000000006,0.2400000000000002,0.0,0,0
misspecified_2003,misspecified,2003,completion,2,4,0,3,1,0,4.0,2,2,0,0,0.9600000000000009,0.4800000000000004,0.4800000000000004,4.0,0,0
misspecified_2003,misspecified,2003,completion,4,4,1,4,0,0,0,4,4,0,0,0.9600000000000009,0.0,0.9600000000000009,8.0,0,0
misspecified_2003,misspecified,2003,completion,6,4,1,4,0,0,0,4,4,0,0,0.9600000000000009,0.0,0.9600000000000009,8.0,0,0
misspecified_2003,misspecified,2003,completion,unlimited,4,1,4,0,0,0,4,4,0,0,0.9600000000000009,0.0,0.9600000000000009,8.0,0,0
misspecified_2003,misspecified,2003,depth2,0,4,0,2,2,0,8.0,0,0,0,0,0.9600000000000009,0.9600000000000009,0.0,0.0,0,0
misspecified_2003,misspecified,2003,depth2,1,4,0,2,2,0,8.0,1,1,0,0,0.9600000000000009,0.7200000000000006,0.2400000000000002,0.0,9,0
misspecified_2003,misspecified,2003,depth2,2,4,0,3,1,0,4.0,2,2,0,0,0.9600000000000009,0.4800000000000004,0.4800000000000004,4.0,40,0
misspecified_2003,misspecified,2003,depth2,4,4,1,4,0,0,0,4,4,0,0,0.9600000000000009,0.0,0.9600000000000009,8.0,64,0
misspecified_2003,misspecified,2003,depth2,6,4,1,4,0,0,0,4,4,0,0,0.9600000000000009,0.0,0.9600000000000009,8.0,64,0
misspecified_2003,misspecified,2003,depth2,unlimited,4,1,4,0,0,0,4,4,0,0,0.9600000000000009,0.0,0.9600000000000009,8.0,64,0
misspecified_2003,misspecified,2003,depth3,0,4,0,2,2,0,8.0,0,0,0,0,0.9600000000000009,0.9600000000000009,0.0,0.0,0,0
misspecified_2003,misspecified,2003,depth3,1,4,0,2,2,0,8.0,1,1,0,0,0.9600000000000009,0.7200000000000006,0.2400000000000002,0.0,9,0
misspecified_2003,misspecified,2003,depth3,2,4,0,3,1,0,4.0,2,2,0,0,0.9600000000000009,0.4800000000000004,0.4800000000000004,4.0,40,0
misspecified_2003,misspecified,2003,depth3,4,4,1,4,0,0,0,4,4,0,0,0.9600000000000009,0.0,0.9600000000000009,8.0,104,0
misspecified_2003,misspecified,2003,depth3,6,4,1,4,0,0,0,4,4,0,0,0.9600000000000009,0.0,0.9600000000000009,8.0,104,0
misspecified_2003,misspecified,2003,depth3,unlimited,4,1,4,0,0,0,4,4,0,0,0.9600000000000009,0.0,0.9600000000000009,8.0,104,0
misspecified_2003,misspecified,2003,generic2,0,4,0,2,2,0,8.0,0,0,0,0,0.9600000000000009,0.9600000000000009,0.0,0.0,0,0
misspecified_2003,misspecified,2003,generic2,1,4,0,2,2,0,8.0,1,1,0,0,0.9600000000000009,0.7200000000000006,0.2400000000000002,0.0,9,0
misspecified_2003,misspecified,2003,generic2,2,4,0,3,1,0,4.0,2,2,0,0,0.9600000000000009,0.4800000000000004,0.4800000000000004,4.0,40,0
misspecified_2003,misspecified,2003,generic2,4,4,1,4,0,0,0,4,4,0,0,0.9600000000000009,0.0,0.9600000000000009,8.0,64,0
misspecified_2003,misspecified,2003,generic2,6,4,1,4,0,0,0,4,4,0,0,0.9600000000000009,0.0,0.9600000000000009,8.0,64,0
misspecified_2003,misspecified,2003,generic2,unlimited,4,1,4,0,0,0,4,4,0,0,0.9600000000000009,0.0,0.9600000000000009,8.0,64,0
misspecified_2003,misspecified,2003,no_scope,0,4,0,2,2,0,8.0,0,0,0,0,0.9600000000000009,0.9600000000000009,0.0,0.0,0,0
misspecified_2003,misspecified,2003,no_scope,1,4,0,2,2,0,8.0,1,1,0,0,0.9600000000000009,0.7200000000000006,0.2400000000000002,0.0,9,0
misspecified_2003,misspecified,2003,no_scope,2,4,0,3,1,0,4.0,2,2,0,0,0.9600000000000009,0.4800000000000004,0.4800000000000004,4.0,40,0
misspecified_2003,misspecified,2003,no_scope,4,4,1,4,0,0,0,4,4,0,0,0.9600000000000009,0.0,0.9600000000000009,8.0,64,0
misspecified_2003,misspecified,2003,no_scope,6,4,1,4,0,0,0,4,4,0,0,0.9600000000000009,0.0,0.9600000000000009,8.0,64,0
misspecified_2003,misspecified,2003,no_scope,unlimited,4,1,4,0,0,0,4,4,0,0,0.9600000000000009,0.0,0.9600000000000009,8.0,64,0
misspecified_2003,misspecified,2003,request_specific,0,4,0,2,2,0,8.0,0,0,0,0,0.9600000000000009,0.9600000000000009,0.0,0.0,0,0
misspecified_2003,misspecified,2003,request_specific,1,4,0,2,2,0,8.0,1,1,0,0,0.9600000000000009,0.7200000000000006,0.2400000000000002,0.0,9,0
misspecified_2003,misspecified,2003,request_specific,2,4,0,3,1,0,4.0,2,2,0,0,0.9600000000000009,0.4800000000000004,0.4800000000000004,4.0,40,0
misspecified_2003,misspecified,2003,request_specific,4,4,1,4,0,0,0,4,4,0,0,0.9600000000000009,0.0,0.9600000000000009,8.0,64,0
misspecified_2003,misspecified,2003,request_specific,6,4,1,4,0,0,0,4,4,0,0,0.9600000000000009,0.0,0.9600000000000009,8.0,64,0
misspecified_2003,misspecified,2003,request_specific,unlimited,4,1,4,0,0,0,4,4,0,0,0.9600000000000009,0.0,0.9600000000000009,8.0,64,0
