seed,policy,job_id,agreement,initial_error,primary,secondary,p_error,reviewed,review_ticks,bin,brier_frozen
300,fcfs,a0j0,True,1,replace_filter,replace_filter,0.14606741573033707,True,1,agree,0.729200858477465
300,fcfs,a1j0,True,0,replace_filter,replace_filter,0.14606741573033707,True,1,agree,0.021335689938139123
300,fcfs,a2j0,True,0,reset_sensor,reset_sensor,0.14606741573033707,True,1,agree,0.021335689938139123
300,fcfs,a0j1,True,0,replace_filter,replace_filter,0.14606741573033707,True,1,agree,0.021335689938139123
300,fcfs,a1j1,True,0,replace_filter,replace_filter,0.14606741573033707,True,1,agree,0.021335689938139123
300,fcfs,a2j1,True,0,replace_filter,replace_filter,0.14606741573033707,True,1,agree,0.021335689938139123
300,uncertainty,a0j0,True,1,replace_filter,replace_filter,0.14606741573033707,True,1,agree,0.729200858477465
300,uncertainty,a1j0,True,0,replace_filter,replace_filter,0.14606741573033707,True,1,agree,0.021335689938139123
300,uncertainty,a2j0,True,0,reset_sensor,reset_sensor,0.14606741573033707,True,1,agree,0.021335689938139123
300,uncertainty,a0j1,True,0,replace_filter,replace_filter,0.14606741573033707,True,1,agree,0.021335689938139123
300,uncertainty,a1j1,True,0,replace_filter,replace_filter,0.14606741573033707,True,1,agree,0.021335689938139123
300,uncertainty,a2j1,True,0,replace_filter,replace_filter,0.14606741573033707,True,1,agree,0.021335689938139123
300,myopic,a0j0,True,1,replace_filter,replace_filter,0.14606741573033707,True,1,agree,0.729200858477465
300,myopic,a1j0,True,0,replace_filter,replace_filter,0.14606741573033707,True,1,agree,0.021335689938139123
300,myopic,a2j0,True,0,reset_sensor,reset_sensor,0.14606741573033707,True,1,agree,0.021335689938139123
300,myopic,a0j1,True,0,replace_filter,replace_filter,0.14606741573033707,True,1,agree,0.021335689938139123
300,myopic,a1j1,True,0,replace_filter,replace_filter,0.14606741573033707,True,1,agree,0.021335689938139123
300,myopic,a2j1,True,0,replace_filter,replace_filter,0.14606741573033707,True,1,agree,0.021335689938139123
300,greedy,a0j0,True,1,replace_filter,replace_filter,0.14606741573033707,True,1,agree,0.729200858477465
300,greedy,a1j0,True,0,replace_filter,replace_filter,0.14606741573033707,True,1,agree,0.021335689938139123
300,greedy,a2j0,True,0,reset_sensor,reset_sensor,0.14606741573033707,True,1,agree,0.021335689938139123
300,greedy,a0j1,True,0,replace_filter,replace_filter,0.14606741573033707,True,1,agree,0.021335689938139123
300,greedy,a1j1,True,0,replace_filter,replace_filter,0.14606741573033707,True,1,agree,0.021335689938139123
300,greedy,a2j1,True,0,replace_filter,replace_filter,0.14606741573033707,True,1,agree,0.021335689938139123
300,edf,a0j0,True,1,replace_filter,replace_filter,0.14606741573033707,True,1,agree,0.729200858477465
300,edf,a1j0,True,0,replace_filter,replace_filter,0.14606741573033707,True,1,agree,0.021335689938139123
300,edf,a2j0,True,0,reset_sensor,reset_sensor,0.14606741573033707,True,1,agree,0.021335689938139123
300,edf,a0j1,True,0,replace_filter,replace_filter,0.14606741573033707,True,1,agree,0.021335689938139123
300,edf,a1j1,True,0,replace_filter,replace_filter,0.14606741573033707,True,1,agree,0.021335689938139123
300,edf,a2j1,True,0,replace_filter,replace_filter,0.14606741573033707,True,1,agree,0.021335689938139123
300,delay,a0j0,True,1,replace_filter,replace_filter,0.14606741573033707,True,1,agree,0.729200858477465
300,delay,a1j0,True,0,replace_filter,replace_filter,0.14606741573033707,True,1,agree,0.021335689938139123
300,delay,a2j0,True,0,reset_sensor,reset_sensor,0.14606741573033707,True,1,agree,0.021335689938139123
300,delay,a0j1,True,0,replace_filter,replace_filter,0.14606741573033707,True,1,agree,0.021335689938139123
300,delay,a1j1,True,0,replace_filter,replace_filter,0.14606741573033707,True,1,agree,0.021335689938139123
300,delay,a2j1,True,0,replace_filter,replace_filter,0.14606741573033707,True,1,agree,0.021335689938139123
300,uncertainty,a0j0,True,1,replace_filter,replace_filter,0.14606741573033707,True,2,agree,0.729200858477465
300,uncertainty,a1j0,True,0,replace_filter,replace_filter,0.14606741573033707,False,2,agree,0.021335689938139123
300,uncertainty,a2j0,True,0,reset_sensor,reset_sensor,0.14606741573033707,True,2,agree,0.021335689938139123
300,uncertainty,a0j1,True,0,replace_filter,replace_filter,0.14606741573033707,True,2,agree,0.021335689938139123
300,uncertainty,a1j1,True,0,replace_filter,replace_filter,0.14606741573033707,True,2,agree,0.021335689938139123
300,uncertainty,a2j1,True,0,replace_filter,replace_filter,0.14606741573033707,False,2,agree,0.021335689938139123
300,myopic,a0j0,True,1,replace_filter,replace_filter,0.14606741573033707,True,2,agree,0.729200858477465
300,myopic,a1j0,True,0,replace_filter,replace_filter,0.14606741573033707,True,2,agree,0.021335689938139123
300,myopic,a2j0,True,0,reset_sensor,reset_sensor,0.14606741573033707,False,2,agree,0.021335689938139123
300,myopic,a0j1,True,0,replace_filter,replace_filter,0.14606741573033707,True,2,agree,0.021335689938139123
300,myopic,a1j1,True,0,replace_filter,replace_filter,0.14606741573033707,True,2,agree,0.021335689938139123
300,myopic,a2j1,True,0,replace_filter,replace_filter,0.14606741573033707,False,2,agree,0.021335689938139123
300,greedy,a0j0,True,1,replace_filter,replace_filter,0.14606741573033707,True,2,agree,0.729200858477465
300,greedy,a1j0,True,0,replace_filter,replace_filter,0.14606741573033707,True,2,agree,0.021335689938139123
300,greedy,a2j0,True,0,reset_sensor,reset_sensor,0.14606741573033707,False,2,agree,0.021335689938139123
300,greedy,a0j1,True,0,replace_filter,replace_filter,0.14606741573033707,True,2,agree,0.021335689938139123
300,greedy,a1j1,True,0,replace_filter,replace_filter,0.14606741573033707,True,2,agree,0.021335689938139123
300,greedy,a2j1,True,0,replace_filter,replace_filter,0.14606741573033707,False,2,agree,0.021335689938139123
300,edf,a0j0,True,1,replace_filter,replace_filter,0.14606741573033707,True,2,agree,0.729200858477465
300,edf,a1j0,True,0,replace_filter,replace_filter,0.14606741573033707,True,2,agree,0.021335689938139123
300,edf,a2j0,True,0,reset_sensor,reset_sensor,0.14606741573033707,False,2,agree,0.021335689938139123
300,edf,a0j1,True,0,replace_filter,replace_filter,0.14606741573033707,True,2,agree,0.021335689938139123
300,edf,a1j1,True,0,replace_filter,replace_filter,0.14606741573033707,True,2,agree,0.021335689938139123
300,edf,a2j1,True,0,replace_filter,replace_filter,0.14606741573033707,False,2,agree,0.021335689938139123
300,delay,a0j0,True,1,replace_filter,replace_filter,0.14606741573033707,True,2,agree,0.729200858477465
300,delay,a1j0,True,0,replace_filter,replace_filter,0.14606741573033707,True,2,agree,0.021335689938139123
300,delay,a2j0,True,0,reset_sensor,reset_sensor,0.14606741573033707,False,2,agree,0.021335689938139123
300,delay,a0j1,True,0,replace_filter,replace_filter,0.14606741573033707,True,2,agree,0.021335689938139123
300,delay,a1j1,True,0,replace_filter,replace_filter,0.14606741573033707,True,2,agree,0.021335689938139123
300,delay,a2j1,True,0,replace_filter,replace_filter,0.14606741573033707,False,2,agree,0.021335689938139123
300,fcfs,a0j0,True,1,replace_filter,replace_filter,0.14606741573033707,True,2,agree,0.729200858477465
300,fcfs,a1j0,True,0,replace_filter,replace_filter,0.14606741573033707,False,2,agree,0.021335689938139123
300,fcfs,a2j0,True,0,reset_sensor,reset_sensor,0.14606741573033707,True,2,agree,0.021335689938139123
300,fcfs,a0j1,True,0,replace_filter,replace_filter,0.14606741573033707,True,2,agree,0.021335689938139123
300,fcfs,a1j1,True,0,replace_filter,replace_filter,0.14606741573033707,True,2,agree,0.021335689938139123
300,fcfs,a2j1,True,0,replace_filter,replace_filter,0.14606741573033707,False,2,agree,0.021335689938139123
301,myopic,a0j0,True,0,replace_filter,replace_filter,0.14606741573033707,True,2,agree,0.021335689938139123
301,myopic,a1j0,True,0,reset_sensor,reset_sensor,0.14606741573033707,True,2,agree,0.021335689938139123
301,myopic,a2j0,True,0,replace_filter,replace_filter,0.14606741573033707,False,2,agree,0.021335689938139123
301,myopic,a0j1,True,0,replace_filter,replace_filter,0.14606741573033707,True,2,agree,0.021335689938139123
301,myopic,a1j1,True,0,replace_filter,replace_filter,0.14606741573033707,False,2,agree,0.021335689938139123
301,myopic,a2j1,True,0,replace_filter,replace_filter,0.14606741573033707,True,2,agree,0.021335689938139123
301,greedy,a0j0,True,0,replace_filter,replace_filter,0.14606741573033707,True,2,agree,0.021335689938139123
301,greedy,a1j0,True,0,reset_sensor,reset_sensor,0.14606741573033707,True,2,agree,0.021335689938139123
301,greedy,a2j0,True,0,replace_filter,replace_filter,0.14606741573033707,False,2,agree,0.021335689938139123
301,greedy,a0j1,True,0,replace_filter,replace_filter,0.14606741573033707,True,2,agree,0.021335689938139123
301,greedy,a1j1,True,0,replace_filter,replace_filter,0.14606741573033707,False,2,agree,0.021335689938139123
301,greedy,a2j1,True,0,replace_filter,replace_filter,0.14606741573033707,True,2,agree,0.021335689938139123
301,edf,a0j0,True,0,replace_filter,replace_filter,0.14606741573033707,False,2,agree,0.021335689938139123
301,edf,a1j0,True,0,reset_sensor,reset_sensor,0.14606741573033707,True,2,agree,0.021335689938139123
301,edf,a2j0,True,0,replace_filter,replace_filter,0.14606741573033707,True,2,agree,0.021335689938139123
301,edf,a0j1,True,0,replace_filter,replace_filter,0.14606741573033707,False,2,agree,0.021335689938139123
301,edf,a1j1,True,0,replace_filter,replace_filter,0.14606741573033707,True,2,agree,0.021335689938139123
301,edf,a2j1,True,0,replace_filter,replace_filter,0.14606741573033707,True,2,agree,0.021335689938139123
301,delay,a0j0,True,0,replace_filter,replace_filter,0.14606741573033707,True,2,agree,0.021335689938139123
301,delay,a1j0,True,0,reset_sensor,reset_sensor,0.14606741573033707,False,2,agree,0.021335689938139123
301,delay,a2j0,True,0,replace_filter,replace_filter,0.14606741573033707,True,2,agree,0.021335689938139123
301,delay,a0j1,True,0,replace_filter,replace_filter,0.14606741573033707,False,2,agree,0.021335689938139123
301,delay,a1j1,True,0,replace_filter,replace_filter,0.14606741573033707,True,2,agree,0.021335689938139123
301,delay,a2j1,True,0,replace_filter,replace_filter,0.14606741573033707,True,2,agree,0.021335689938139123
301,fcfs,a0j0,True,0,replace_filter,replace_filter,0.14606741573033707,True,2,agree,0.021335689938139123
301,fcfs,a1j0,True,0,reset_sensor,reset_sensor,0.14606741573033707,True,2,agree,0.021335689938139123
301,fcfs,a2j0,True,0,replace_filter,replace_filter,0.14606741573033707,False,2,agree,0.021335689938139123
301,fcfs,a0j1,True,0,replace_filter,replace_filter,0.14606741573033707,True,2,agree,0.021335689938139123
301,fcfs,a1j1,True,0,replace_filter,replace_filter,0.14606741573033707,False,2,agree,0.021335689938139123
301,fcfs,a2j1,True,0,replace_filter,replace_filter,0.14606741573033707,True,2,agree,0.021335689938139123
301,uncertainty,a0j0,True,0,replace_filter,replace_filter,0.14606741573033707,True,2,agree,0.021335689938139123
301,uncertainty,a1j0,True,0,reset_sensor,reset_sensor,0.14606741573033707,True,2,agree,0.021335689938139123
301,uncertainty,a2j0,True,0,replace_filter,replace_filter,0.14606741573033707,False,2,agree,0.021335689938139123
301,uncertainty,a0j1,True,0,replace_filter,replace_filter,0.14606741573033707,True,2,agree,0.021335689938139123
301,uncertainty,a1j1,True,0,replace_filter,replace_filter,0.14606741573033707,False,2,agree,0.021335689938139123
301,uncertainty,a2j1,True,0,replace_filter,replace_filter,0.14606741573033707,True,2,agree,0.021335689938139123
301,greedy,a0j0,True,0,replace_filter,replace_filter,0.14606741573033707,True,1,agree,0.021335689938139123
301,greedy,a1j0,True,0,reset_sensor,reset_sensor,0.14606741573033707,True,1,agree,0.021335689938139123
301,greedy,a2j0,True,0,replace_filter,replace_filter,0.14606741573033707,True,1,agree,0.021335689938139123
301,greedy,a0j1,True,0,replace_filter,replace_filter,0.14606741573033707,True,1,agree,0.021335689938139123
301,greedy,a1j1,True,0,replace_filter,replace_filter,0.14606741573033707,True,1,agree,0.021335689938139123
301,greedy,a2j1,True,0,replace_filter,replace_filter,0.14606741573033707,True,1,agree,0.021335689938139123
301,edf,a0j0,True,0,replace_filter,replace_filter,0.14606741573033707,True,1,agree,0.021335689938139123
301,edf,a1j0,True,0,reset_sensor,reset_sensor,0.14606741573033707,True,1,agree,0.021335689938139123
301,edf,a2j0,True,0,replace_filter,replace_filter,0.14606741573033707,True,1,agree,0.021335689938139123
301,edf,a0j1,True,0,replace_filter,replace_filter,0.14606741573033707,True,1,agree,0.021335689938139123
301,edf,a1j1,True,0,replace_filter,replace_filter,0.14606741573033707,True,1,agree,0.021335689938139123
301,edf,a2j1,True,0,replace_filter,replace_filter,0.14606741573033707,True,1,agree,0.021335689938139123
301,delay,a0j0,True,0,replace_filter,replace_filter,0.14606741573033707,True,1,agree,0.021335689938139123
301,delay,a1j0,True,0,reset_sensor,reset_sensor,0.14606741573033707,True,1,agree,0.021335689938139123
301,delay,a2j0,True,0,replace_filter,replace_filter,0.14606741573033707,True,1,agree,0.021335689938139123
301,delay,a0j1,True,0,replace_filter,replace_filter,0.14606741573033707,True,1,agree,0.021335689938139123
301,delay,a1j1,True,0,replace_filter,replace_filter,0.14606741573033707,True,1,agree,0.021335689938139123
301,delay,a2j1,True,0,replace_filter,replace_filter,0.14606741573033707,True,1,agree,0.021335689938139123
301,fcfs,a0j0,True,0,replace_filter,replace_filter,0.14606741573033707,True,1,agree,0.021335689938139123
301,fcfs,a1j0,True,0,reset_sensor,reset_sensor,0.14606741573033707,True,1,agree,0.021335689938139123
301,fcfs,a2j0,True,0,replace_filter,replace_filter,0.14606741573033707,False,1,agree,0.021335689938139123
301,fcfs,a0j1,True,0,replace_filter,replace_filter,0.14606741573033707,True,1,agree,0.021335689938139123
301,fcfs,a1j1,True,0,replace_filter,replace_filter,0.14606741573033707,True,1,agree,0.021335689938139123
301,fcfs,a2j1,True,0,replace_filter,replace_filter,0.14606741573033707,True,1,agree,0.021335689938139123
301,uncertainty,a0j0,True,0,replace_filter,replace_filter,0.14606741573033707,True,1,agree,0.021335689938139123
301,uncertainty,a1j0,True,0,reset_sensor,reset_sensor,0.14606741573033707,True,1,agree,0.021335689938139123
301,uncertainty,a2j0,True,0,replace_filter,replace_filter,0.14606741573033707,False,1,agree,0.021335689938139123
301,uncertainty,a0j1,True,0,replace_filter,replace_filter,0.14606741573033707,True,1,agree,0.021335689938139123
301,uncertainty,a1j1,True,0,replace_filter,replace_filter,0.14606741573033707,True,1,agree,0.021335689938139123
301,uncertainty,a2j1,True,0,replace_filter,replace_filter,0.14606741573033707,True,1,agree,0.021335689938139123
301,myopic,a0j0,True,0,replace_filter,replace_filter,0.14606741573033707,True,1,agree,0.021335689938139123
301,myopic,a1j0,True,0,reset_sensor,reset_sensor,0.14606741573033707,True,1,agree,0.021335689938139123
301,myopic,a2j0,True,0,replace_filter,replace_filter,0.14606741573033707,True,1,agree,0.021335689938139123
301,myopic,a0j1,True,0,replace_filter,replace_filter,0.14606741573033707,True,1,agree,0.021335689938139123
301,myopic,a1j1,True,0,replace_filter,replace_filter,0.14606741573033707,True,1,agree,0.021335689938139123
301,myopic,a2j1,True,0,replace_filter,replace_filter,0.14606741573033707,True,1,agree,0.021335689938139123
302,edf,a0j0,True,0,reset_sensor,reset_sensor,0.14606741573033707,True,1,agree,0.021335689938139123
302,edf,a1j0,True,0,replace_filter,replace_filter,0.14606741573033707,True,1,agree,0.021335689938139123
302,edf,a2j0,True,0,reset_sensor,reset_sensor,0.14606741573033707,True,1,agree,0.021335689938139123
302,edf,a0j1,True,0,replace_filter,replace_filter,0.14606741573033707,True,1,agree,0.021335689938139123
302,edf,a1j1,True,0,replace_filter,replace_filter,0.14606741573033707,True,1,agree,0.021335689938139123
302,edf,a2j1,True,1,replace_filter,replace_filter,0.14606741573033707,True,1,agree,0.729200858477465
302,delay,a0j0,True,0,reset_sensor,reset_sensor,0.14606741573033707,True,1,agree,0.021335689938139123
302,delay,a1j0,True,0,replace_filter,replace_filter,0.14606741573033707,True,1,agree,0.021335689938139123
302,delay,a2j0,True,0,reset_sensor,reset_sensor,0.14606741573033707,True,1,agree,0.021335689938139123
302,delay,a0j1,True,0,replace_filter,replace_filter,0.14606741573033707,True,1,agree,0.021335689938139123
302,delay,a1j1,True,0,replace_filter,replace_filter,0.14606741573033707,True,1,agree,0.021335689938139123
302,delay,a2j1,True,1,replace_filter,replace_filter,0.14606741573033707,True,1,agree,0.729200858477465
302,fcfs,a0j0,True,0,reset_sensor,reset_sensor,0.14606741573033707,True,1,agree,0.021335689938139123
302,fcfs,a1j0,True,0,replace_filter,replace_filter,0.14606741573033707,True,1,agree,0.021335689938139123
302,fcfs,a2j0,True,0,reset_sensor,reset_sensor,0.14606741573033707,True,1,agree,0.021335689938139123
302,fcfs,a0j1,True,0,replace_filter,replace_filter,0.14606741573033707,True,1,agree,0.021335689938139123
302,fcfs,a1j1,True,0,replace_filter,replace_filter,0.14606741573033707,True,1,agree,0.021335689938139123
302,fcfs,a2j1,True,1,replace_filter,replace_filter,0.14606741573033707,False,1,agree,0.729200858477465
302,uncertainty,a0j0,True,0,reset_sensor,reset_sensor,0.14606741573033707,True,1,agree,0.021335689938139123
302,uncertainty,a1j0,True,0,replace_filter,replace_filter,0.14606741573033707,True,1,agree,0.021335689938139123
302,uncertainty,a2j0,True,0,reset_sensor,reset_sensor,0.14606741573033707,True,1,agree,0.021335689938139123
302,uncertainty,a0j1,True,0,replace_filter,replace_filter,0.14606741573033707,True,1,agree,0.021335689938139123
302,uncertainty,a1j1,True,0,replace_filter,replace_filter,0.14606741573033707,True,1,agree,0.021335689938139123
302,uncertainty,a2j1,True,1,replace_filter,replace_filter,0.14606741573033707,False,1,agree,0.729200858477465
302,myopic,a0j0,True,0,reset_sensor,reset_sensor,0.14606741573033707,True,1,agree,0.021335689938139123
302,myopic,a1j0,True,0,replace_filter,replace_filter,0.14606741573033707,True,1,agree,0.021335689938139123
302,myopic,a2j0,True,0,reset_sensor,reset_sensor,0.14606741573033707,True,1,agree,0.021335689938139123
302,myopic,a0j1,True,0,replace_filter,replace_filter,0.14606741573033707,True,1,agree,0.021335689938139123
302,myopic,a1j1,True,0,replace_filter,replace_filter,0.14606741573033707,True,1,agree,0.021335689938139123
302,myopic,a2j1,True,1,replace_filter,replace_filter,0.14606741573033707,False,1,agree,0.729200858477465
302,greedy,a0j0,True,0,reset_sensor,reset_sensor,0.14606741573033707,True,1,agree,0.021335689938139123
302,greedy,a1j0,True,0,replace_filter,replace_filter,0.14606741573033707,True,1,agree,0.021335689938139123
302,greedy,a2j0,True,0,reset_sensor,reset_sensor,0.14606741573033707,True,1,agree,0.021335689938139123
302,greedy,a0j1,True,0,replace_filter,replace_filter,0.14606741573033707,True,1,agree,0.021335689938139123
302,greedy,a1j1,True,0,replace_filter,replace_filter,0.14606741573033707,True,1,agree,0.021335689938139123
302,greedy,a2j1,True,1,replace_filter,replace_filter,0.14606741573033707,False,1,agree,0.729200858477465
302,delay,a0j0,True,0,reset_sensor,reset_sensor,0.14606741573033707,True,2,agree,0.021335689938139123
302,delay,a1j0,True,0,replace_filter,replace_filter,0.14606741573033707,True,2,agree,0.021335689938139123
302,delay,a2j0,True,0,reset_sensor,reset_sensor,0.14606741573033707,False,2,agree,0.021335689938139123
302,delay,a0j1,True,0,replace_filter,replace_filter,0.14606741573033707,True,2,agree,0.021335689938139123
302,delay,a1j1,True,0,replace_filter,replace_filter,0.14606741573033707,True,2,agree,0.021335689938139123
302,delay,a2j1,True,1,replace_filter,replace_filter,0.14606741573033707,False,2,agree,0.729200858477465
302,fcfs,a0j0,True,0,reset_sensor,reset_sensor,0.14606741573033707,True,2,agree,0.021335689938139123
302,fcfs,a1j0,True,0,replace_filter,replace_filter,0.14606741573033707,False,2,agree,0.021335689938139123
302,fcfs,a2j0,True,0,reset_sensor,reset_sensor,0.14606741573033707,True,2,agree,0.021335689938139123
302,fcfs,a0j1,True,0,replace_filter,replace_filter,0.14606741573033707,True,2,agree,0.021335689938139123
302,fcfs,a1j1,True,0,replace_filter,replace_filter,0.14606741573033707,True,2,agree,0.021335689938139123
302,fcfs,a2j1,True,1,replace_filter,replace_filter,0.14606741573033707,False,2,agree,0.729200858477465
302,uncertainty,a0j0,True,0,reset_sensor,reset_sensor,0.14606741573033707,True,2,agree,0.021335689938139123
302,uncertainty,a1j0,True,0,replace_filter,replace_filter,0.14606741573033707,False,2,agree,0.021335689938139123
302,uncertainty,a2j0,True,0,reset_sensor,reset_sensor,0.14606741573033707,True,2,agree,0.021335689938139123
302,uncertainty,a0j1,True,0,replace_filter,replace_filter,0.14606741573033707,True,2,agree,0.021335689938139123
302,uncertainty,a1j1,True,0,replace_filter,replace_filter,0.14606741573033707,True,2,agree,0.021335689938139123
302,uncertainty,a2j1,True,1,replace_filter,replace_filter,0.14606741573033707,False,2,agree,0.729200858477465
302,myopic,a0j0,True,0,reset_sensor,reset_sensor,0.14606741573033707,True,2,agree,0.021335689938139123
302,myopic,a1j0,True,0,replace_filter,replace_filter,0.14606741573033707,True,2,agree,0.021335689938139123
302,myopic,a2j0,True,0,reset_sensor,reset_sensor,0.14606741573033707,False,2,agree,0.021335689938139123
302,myopic,a0j1,True,0,replace_filter,replace_filter,0.14606741573033707,True,2,agree,0.021335689938139123
302,myopic,a1j1,True,0,replace_filter,replace_filter,0.14606741573033707,True,2,agree,0.021335689938139123
302,myopic,a2j1,True,1,replace_filter,replace_filter,0.14606741573033707,False,2,agree,0.729200858477465
302,greedy,a0j0,True,0,reset_sensor,reset_sensor,0.14606741573033707,True,2,agree,0.021335689938139123
302,greedy,a1j0,True,0,replace_filter,replace_filter,0.14606741573033707,True,2,agree,0.021335689938139123
302,greedy,a2j0,True,0,reset_sensor,reset_sensor,0.14606741573033707,False,2,agree,0.021335689938139123
302,greedy,a0j1,True,0,replace_filter,replace_filter,0.14606741573033707,True,2,agree,0.021335689938139123
302,greedy,a1j1,True,0,replace_filter,replace_filter,0.14606741573033707,True,2,agree,0.021335689938139123
302,greedy,a2j1,True,1,replace_filter,replace_filter,0.14606741573033707,False,2,agree,0.729200858477465
302,edf,a0j0,True,0,reset_sensor,reset_sensor,0.14606741573033707,False,2,agree,0.021335689938139123
302,edf,a1j0,True,0,replace_filter,replace_filter,0.14606741573033707,True,2,agree,0.021335689938139123
302,edf,a2j0,True,0,reset_sensor,reset_sensor,0.14606741573033707,True,2,agree,0.021335689938139123
302,edf,a0j1,True,0,replace_filter,replace_filter,0.14606741573033707,False,2,agree,0.021335689938139123
302,edf,a1j1,True,0,replace_filter,replace_filter,0.14606741573033707,True,2,agree,0.021335689938139123
302,edf,a2j1,True,1,replace_filter,replace_filter,0.14606741573033707,True,2,agree,0.729200858477465
303,fcfs,a0j0,True,1,replace_filter,replace_filter,0.14606741573033707,True,2,agree,0.729200858477465
303,fcfs,a1j0,True,1,replace_filter,replace_filter,0.14606741573033707,False,2,agree,0.729200858477465
303,fcfs,a2j0,True,0,replace_filter,replace_filter,0.14606741573033707,True,2,agree,0.021335689938139123
303,fcfs,a0j1,True,0,replace_filter,replace_filter,0.14606741573033707,True,2,agree,0.021335689938139123
303,fcfs,a1j1,True,0,replace_filter,replace_filter,0.14606741573033707,False,2,agree,0.021335689938139123
303,fcfs,a2j1,True,1,replace_filter,replace_filter,0.14606741573033707,True,2,agree,0.729200858477465
303,uncertainty,a0j0,True,1,replace_filter,replace_filter,0.14606741573033707,True,2,agree,0.729200858477465
303,uncertainty,a1j0,True,1,replace_filter,replace_filter,0.14606741573033707,False,2,agree,0.729200858477465
303,uncertainty,a2j0,True,0,replace_filter,replace_filter,0.14606741573033707,True,2,agree,0.021335689938139123
303,uncertainty,a0j1,True,0,replace_filter,replace_filter,0.14606741573033707,True,2,agree,0.021335689938139123
303,uncertainty,a1j1,True,0,replace_filter,replace_filter,0.14606741573033707,False,2,agree,0.021335689938139123
303,uncertainty,a2j1,True,1,replace_filter,replace_filter,0.14606741573033707,True,2,agree,0.729200858477465
303,myopic,a0j0,True,1,replace_filter,replace_filter,0.14606741573033707,True,2,agree,0.729200858477465
303,myopic,a1j0,True,1,replace_filter,replace_filter,0.14606741573033707,False,2,agree,0.729200858477465
303,myopic,a2j0,True,0,replace_filter,replace_filter,0.14606741573033707,True,2,agree,0.021335689938139123
303,myopic,a0j1,True,0,replace_filter,replace_filter,0.14606741573033707,True,2,agree,0.021335689938139123
303,myopic,a1j1,True,0,replace_filter,replace_filter,0.14606741573033707,False,2,agree,0.021335689938139123
303,myopic,a2j1,True,1,replace_filter,replace_filter,0.14606741573033707,True,2,agree,0.729200858477465
303,greedy,a0j0,True,1,replace_filter,replace_filter,0.14606741573033707,True,2,agree,0.729200858477465
303,greedy,a1j0,True,1,replace_filter,replace_filter,0.14606741573033707,False,2,agree,0.729200858477465
303,greedy,a2j0,True,0,replace_filter,replace_filter,0.14606741573033707,True,2,agree,0.021335689938139123
303,greedy,a0j1,True,0,replace_filter,replace_filter,0.14606741573033707,True,2,agree,0.021335689938139123
303,greedy,a1j1,True,0,replace_filter,replace_filter,0.14606741573033707,False,2,agree,0.021335689938139123
303,greedy,a2j1,True,1,replace_filter,replace_filter,0.14606741573033707,True,2,agree,0.729200858477465
303,edf,a0j0,True,1,replace_filter,replace_filter,0.14606741573033707,False,2,agree,0.729200858477465
303,edf,a1j0,True,1,replace_filter,replace_filter,0.14606741573033707,True,2,agree,0.729200858477465
303,edf,a2j0,True,0,replace_filter,replace_filter,0.14606741573033707,True,2,agree,0.021335689938139123
303,edf,a0j1,True,0,replace_filter,replace_filter,0.14606741573033707,True,2,agree,0.021335689938139123
303,edf,a1j1,True,0,replace_filter,replace_filter,0.14606741573033707,True,2,agree,0.021335689938139123
303,edf,a2j1,True,1,replace_filter,replace_filter,0.14606741573033707,False,2,agree,0.729200858477465
303,delay,a0j0,True,1,replace_filter,replace_filter,0.14606741573033707,False,2,agree,0.729200858477465
303,delay,a1j0,True,1,replace_filter,replace_filter,0.14606741573033707,True,2,agree,0.729200858477465
303,delay,a2j0,True,0,replace_filter,replace_filter,0.14606741573033707,True,2,agree,0.021335689938139123
303,delay,a0j1,True,0,replace_filter,replace_filter,0.14606741573033707,False,2,agree,0.021335689938139123
303,delay,a1j1,True,0,replace_filter,replace_filter,0.14606741573033707,True,2,agree,0.021335689938139123
303,delay,a2j1,True,1,replace_filter,replace_filter,0.14606741573033707,True,2,agree,0.729200858477465
303,uncertainty,a0j0,True,1,replace_filter,replace_filter,0.14606741573033707,True,1,agree,0.729200858477465
303,uncertainty,a1j0,True,1,replace_filter,replace_filter,0.14606741573033707,True,1,agree,0.729200858477465
303,uncertainty,a2j0,True,0,replace_filter,replace_filter,0.14606741573033707,True,1,agree,0.021335689938139123
303,uncertainty,a0j1,True,0,replace_filter,replace_filter,0.14606741573033707,True,1,agree,0.021335689938139123
303,uncertainty,a1j1,True,0,replace_filter,replace_filter,0.14606741573033707,True,1,agree,0.021335689938139123
303,uncertainty,a2j1,True,1,replace_filter,replace_filter,0.14606741573033707,True,1,agree,0.729200858477465
303,myopic,a0j0,True,1,replace_filter,replace_filter,0.14606741573033707,True,1,agree,0.729200858477465
303,myopic,a1j0,True,1,replace_filter,replace_filter,0.14606741573033707,True,1,agree,0.729200858477465
303,myopic,a2j0,True,0,replace_filter,replace_filter,0.14606741573033707,True,1,agree,0.021335689938139123
303,myopic,a0j1,True,0,replace_filter,replace_filter,0.14606741573033707,True,1,agree,0.021335689938139123
303,myopic,a1j1,True,0,replace_filter,replace_filter,0.14606741573033707,True,1,agree,0.021335689938139123
303,myopic,a2j1,True,1,replace_filter,replace_filter,0.14606741573033707,True,1,agree,0.729200858477465
303,greedy,a0j0,True,1,replace_filter,replace_filter,0.14606741573033707,True,1,agree,0.729200858477465
303,greedy,a1j0,True,1,replace_filter,replace_filter,0.14606741573033707,True,1,agree,0.729200858477465
303,greedy,a2j0,True,0,replace_filter,replace_filter,0.14606741573033707,True,1,agree,0.021335689938139123
303,greedy,a0j1,True,0,replace_filter,replace_filter,0.14606741573033707,True,1,agree,0.021335689938139123
303,greedy,a1j1,True,0,replace_filter,replace_filter,0.14606741573033707,True,1,agree,0.021335689938139123
303,greedy,a2j1,True,1,replace_filter,replace_filter,0.14606741573033707,True,1,agree,0.729200858477465
303,edf,a0j0,True,1,replace_filter,replace_filter,0.14606741573033707,True,1,agree,0.729200858477465
303,edf,a1j0,True,1,replace_filter,replace_filter,0.14606741573033707,True,1,agree,0.729200858477465
303,edf,a2j0,True,0,replace_filter,replace_filter,0.14606741573033707,True,1,agree,0.021335689938139123
303,edf,a0j1,True,0,replace_filter,replace_filter,0.14606741573033707,True,1,agree,0.021335689938139123
303,edf,a1j1,True,0,replace_filter,replace_filter,0.14606741573033707,True,1,agree,0.021335689938139123
303,edf,a2j1,True,1,replace_filter,replace_filter,0.14606741573033707,True,1,agree,0.729200858477465
303,delay,a0j0,True,1,replace_filter,replace_filter,0.14606741573033707,True,1,agree,0.729200858477465
303,delay,a1j0,True,1,replace_filter,replace_filter,0.14606741573033707,True,1,agree,0.729200858477465
303,delay,a2j0,True,0,replace_filter,replace_filter,0.14606741573033707,True,1,agree,0.021335689938139123
303,delay,a0j1,True,0,replace_filter,replace_filter,0.14606741573033707,True,1,agree,0.021335689938139123
303,delay,a1j1,True,0,replace_filter,replace_filter,0.14606741573033707,True,1,agree,0.021335689938139123
303,delay,a2j1,True,1,replace_filter,replace_filter,0.14606741573033707,True,1,agree,0.729200858477465
303,fcfs,a0j0,True,1,replace_filter,replace_filter,0.14606741573033707,True,1,agree,0.729200858477465
303,fcfs,a1j0,True,1,replace_filter,replace_filter,0.14606741573033707,True,1,agree,0.729200858477465
303,fcfs,a2j0,True,0,replace_filter,replace_filter,0.14606741573033707,True,1,agree,0.021335689938139123
303,fcfs,a0j1,True,0,replace_filter,replace_filter,0.14606741573033707,True,1,agree,0.021335689938139123
303,fcfs,a1j1,True,0,replace_filter,replace_filter,0.14606741573033707,True,1,agree,0.021335689938139123
303,fcfs,a2j1,True,1,replace_filter,replace_filter,0.14606741573033707,True,1,agree,0.729200858477465
304,myopic,a0j0,True,0,replace_filter,replace_filter,0.14606741573033707,True,1,agree,0.021335689938139123
304,myopic,a1j0,True,1,replace_filter,replace_filter,0.14606741573033707,True,1,agree,0.729200858477465
304,myopic,a2j0,True,0,replace_filter,replace_filter,0.14606741573033707,True,1,agree,0.021335689938139123
304,myopic,a0j1,True,1,replace_filter,replace_filter,0.14606741573033707,True,1,agree,0.729200858477465
304,myopic,a1j1,False,0,replace_filter,reset_sensor,0.1836734693877551,True,1,disagree,0.03373594335693461
304,myopic,a2j1,True,1,replace_filter,replace_filter,0.14606741573033707,True,1,agree,0.729200858477465
304,greedy,a0j0,True,0,replace_filter,replace_filter,0.14606741573033707,True,1,agree,0.021335689938139123
304,greedy,a1j0,True,1,replace_filter,replace_filter,0.14606741573033707,True,1,agree,0.729200858477465
304,greedy,a2j0,True,0,replace_filter,replace_filter,0.14606741573033707,True,1,agree,0.021335689938139123
304,greedy,a0j1,True,1,replace_filter,replace_filter,0.14606741573033707,True,1,agree,0.729200858477465
304,greedy,a1j1,True,1,reset_sensor,reset_sensor,0.14606741573033707,True,1,agree,0.729200858477465
304,greedy,a2j1,True,1,replace_filter,replace_filter,0.14606741573033707,True,1,agree,0.729200858477465
304,edf,a0j0,True,0,replace_filter,replace_filter,0.14606741573033707,True,1,agree,0.021335689938139123
304,edf,a1j0,True,1,replace_filter,replace_filter,0.14606741573033707,True,1,agree,0.729200858477465
304,edf,a2j0,True,0,replace_filter,replace_filter,0.14606741573033707,True,1,agree,0.021335689938139123
304,edf,a0j1,True,1,replace_filter,replace_filter,0.14606741573033707,True,1,agree,0.729200858477465
304,edf,a1j1,True,1,reset_sensor,reset_sensor,0.14606741573033707,True,1,agree,0.729200858477465
304,edf,a2j1,True,1,replace_filter,replace_filter,0.14606741573033707,True,1,agree,0.729200858477465
304,delay,a0j0,True,0,replace_filter,replace_filter,0.14606741573033707,True,1,agree,0.021335689938139123
304,delay,a1j0,True,1,replace_filter,replace_filter,0.14606741573033707,True,1,agree,0.729200858477465
304,delay,a2j0,True,0,replace_filter,replace_filter,0.14606741573033707,True,1,agree,0.021335689938139123
304,delay,a0j1,True,1,replace_filter,replace_filter,0.14606741573033707,True,1,agree,0.729200858477465
304,delay,a1j1,True,0,replace_filter,replace_filter,0.14606741573033707,True,1,agree,0.021335689938139123
304,delay,a2j1,True,1,replace_filter,replace_filter,0.14606741573033707,True,1,agree,0.729200858477465
304,fcfs,a0j0,True,0,replace_filter,replace_filter,0.14606741573033707,True,1,agree,0.021335689938139123
304,fcfs,a1j0,True,1,replace_filter,replace_filter,0.14606741573033707,True,1,agree,0.729200858477465
304,fcfs,a2j0,True,0,replace_filter,replace_filter,0.14606741573033707,True,1,agree,0.021335689938139123
304,fcfs,a0j1,True,1,replace_filter,replace_filter,0.14606741573033707,True,1,agree,0.729200858477465
304,fcfs,a1j1,True,0,replace_filter,replace_filter,0.14606741573033707,True,1,agree,0.021335689938139123
304,fcfs,a2j1,True,1,replace_filter,replace_filter,0.14606741573033707,True,1,agree,0.729200858477465
304,uncertainty,a0j0,True,0,replace_filter,replace_filter,0.14606741573033707,True,1,agree,0.021335689938139123
304,uncertainty,a1j0,True,1,replace_filter,replace_filter,0.14606741573033707,True,1,agree,0.729200858477465
304,uncertainty,a2j0,True,0,replace_filter,replace_filter,0.14606741573033707,True,1,agree,0.021335689938139123
304,uncertainty,a0j1,True,1,replace_filter,replace_filter,0.14606741573033707,True,1,agree,0.729200858477465
304,uncertainty,a1j1,True,0,replace_filter,replace_filter,0.14606741573033707,True,1,agree,0.021335689938139123
304,uncertainty,a2j1,True,1,replace_filter,replace_filter,0.14606741573033707,True,1,agree,0.729200858477465
304,greedy,a0j0,True,0,replace_filter,replace_filter,0.14606741573033707,False,2,agree,0.021335689938139123
304,greedy,a1j0,True,1,replace_filter,replace_filter,0.14606741573033707,True,2,agree,0.729200858477465
304,greedy,a2j0,True,0,replace_filter,replace_filter,0.14606741573033707,True,2,agree,0.021335689938139123
304,greedy,a0j1,True,1,replace_filter,replace_filter,0.14606741573033707,True,2,agree,0.729200858477465
304,greedy,a1j1,True,1,reset_sensor,reset_sensor,0.14606741573033707,False,2,agree,0.729200858477465
304,greedy,a2j1,True,1,replace_filter,replace_filter,0.14606741573033707,True,2,agree,0.729200858477465
304,edf,a0j0,True,0,replace_filter,replace_filter,0.14606741573033707,True,2,agree,0.021335689938139123
304,edf,a1j0,True,1,replace_filter,replace_filter,0.14606741573033707,False,2,agree,0.729200858477465
304,edf,a2j0,True,0,replace_filter,replace_filter,0.14606741573033707,True,2,agree,0.021335689938139123
304,edf,a0j1,True,1,replace_filter,replace_filter,0.14606741573033707,True,2,agree,0.729200858477465
304,edf,a1j1,True,0,replace_filter,replace_filter,0.14606741573033707,True,2,agree,0.021335689938139123
304,edf,a2j1,True,1,replace_filter,replace_filter,0.14606741573033707,False,2,agree,0.729200858477465
304,delay,a0j0,True,0,replace_filter,replace_filter,0.14606741573033707,True,2,agree,0.021335689938139123
304,delay,a1j0,True,1,replace_filter,replace_filter,0.14606741573033707,False,2,agree,0.729200858477465
304,delay,a2j0,True,0,replace_filter,replace_filter,0.14606741573033707,True,2,agree,0.021335689938139123
304,delay,a0j1,True,1,replace_filter,replace_filter,0.14606741573033707,True,2,agree,0.729200858477465
304,delay,a1j1,True,0,replace_filter,replace_filter,0.14606741573033707,True,2,agree,0.021335689938139123
304,delay,a2j1,True,1,replace_filter,replace_filter,0.14606741573033707,False,2,agree,0.729200858477465
304,fcfs,a0j0,True,0,replace_filter,replace_filter,0.14606741573033707,True,2,agree,0.021335689938139123
304,fcfs,a1j0,True,1,replace_filter,replace_filter,0.14606741573033707,True,2,agree,0.729200858477465
304,fcfs,a2j0,True,0,replace_filter,replace_filter,0.14606741573033707,False,2,agree,0.021335689938139123
304,fcfs,a0j1,True,1,replace_filter,replace_filter,0.14606741573033707,True,2,agree,0.729200858477465
304,fcfs,a1j1,True,1,reset_sensor,reset_sensor,0.14606741573033707,False,2,agree,0.729200858477465
304,fcfs,a2j1,True,1,replace_filter,replace_filter,0.14606741573033707,True,2,agree,0.729200858477465
304,uncertainty,a0j0,True,0,replace_filter,replace_filter,0.14606741573033707,True,2,agree,0.021335689938139123
304,uncertainty,a1j0,True,1,replace_filter,replace_filter,0.14606741573033707,True,2,agree,0.729200858477465
304,uncertainty,a2j0,True,0,replace_filter,replace_filter,0.14606741573033707,False,2,agree,0.021335689938139123
304,uncertainty,a0j1,True,1,replace_filter,replace_filter,0.14606741573033707,True,2,agree,0.729200858477465
304,uncertainty,a1j1,True,1,reset_sensor,reset_sensor,0.14606741573033707,False,2,agree,0.729200858477465
304,uncertainty,a2j1,True,1,replace_filter,replace_filter,0.14606741573033707,True,2,agree,0.729200858477465
304,myopic,a0j0,True,0,replace_filter,replace_filter,0.14606741573033707,False,2,agree,0.021335689938139123
304,myopic,a1j0,True,1,replace_filter,replace_filter,0.14606741573033707,True,2,agree,0.729200858477465
304,myopic,a2j0,True,0,replace_filter,replace_filter,0.14606741573033707,True,2,agree,0.021335689938139123
304,myopic,a0j1,True,1,replace_filter,replace_filter,0.14606741573033707,True,2,agree,0.729200858477465
304,myopic,a1j1,True,1,reset_sensor,reset_sensor,0.14606741573033707,False,2,agree,0.729200858477465
304,myopic,a2j1,True,1,replace_filter,replace_filter,0.14606741573033707,True,2,agree,0.729200858477465
305,edf,a0j0,True,0,replace_filter,replace_filter,0.14606741573033707,True,2,agree,0.021335689938139123
305,edf,a1j0,True,1,reset_sensor,reset_sensor,0.14606741573033707,False,2,agree,0.729200858477465
305,edf,a2j0,True,1,replace_filter,replace_filter,0.14606741573033707,True,2,agree,0.729200858477465
305,edf,a0j1,True,0,reset_sensor,reset_sensor,0.14606741573033707,True,2,agree,0.021335689938139123
305,edf,a1j1,True,0,reset_sensor,reset_sensor,0.14606741573033707,False,2,agree,0.021335689938139123
305,edf,a2j1,True,0,reset_sensor,reset_sensor,0.14606741573033707,True,2,agree,0.021335689938139123
305,delay,a0j0,True,0,replace_filter,replace_filter,0.14606741573033707,True,2,agree,0.021335689938139123
305,delay,a1j0,True,1,reset_sensor,reset_sensor,0.14606741573033707,True,2,agree,0.729200858477465
305,delay,a2j0,True,1,replace_filter,replace_filter,0.14606741573033707,False,2,agree,0.729200858477465
305,delay,a0j1,True,0,reset_sensor,reset_sensor,0.14606741573033707,True,2,agree,0.021335689938139123
305,delay,a1j1,True,0,reset_sensor,reset_sensor,0.14606741573033707,False,2,agree,0.021335689938139123
305,delay,a2j1,True,0,reset_sensor,reset_sensor,0.14606741573033707,True,2,agree,0.021335689938139123
305,fcfs,a0j0,True,0,replace_filter,replace_filter,0.14606741573033707,True,2,agree,0.021335689938139123
305,fcfs,a1j0,True,1,reset_sensor,reset_sensor,0.14606741573033707,True,2,agree,0.729200858477465
305,fcfs,a2j0,True,1,replace_filter,replace_filter,0.14606741573033707,False,2,agree,0.729200858477465
305,fcfs,a0j1,True,0,reset_sensor,reset_sensor,0.14606741573033707,True,2,agree,0.021335689938139123
305,fcfs,a1j1,True,0,reset_sensor,reset_sensor,0.14606741573033707,True,2,agree,0.021335689938139123
305,fcfs,a2j1,True,0,reset_sensor,reset_sensor,0.14606741573033707,False,2,agree,0.021335689938139123
305,uncertainty,a0j0,True,0,replace_filter,replace_filter,0.14606741573033707,True,2,agree,0.021335689938139123
305,uncertainty,a1j0,True,1,reset_sensor,reset_sensor,0.14606741573033707,True,2,agree,0.729200858477465
305,uncertainty,a2j0,True,1,replace_filter,replace_filter,0.14606741573033707,False,2,agree,0.729200858477465
305,uncertainty,a0j1,True,0,reset_sensor,reset_sensor,0.14606741573033707,True,2,agree,0.021335689938139123
305,uncertainty,a1j1,True,0,reset_sensor,reset_sensor,0.14606741573033707,True,2,agree,0.021335689938139123
305,uncertainty,a2j1,True,0,reset_sensor,reset_sensor,0.14606741573033707,False,2,agree,0.021335689938139123
305,myopic,a0j0,True,0,replace_filter,replace_filter,0.14606741573033707,True,2,agree,0.021335689938139123
305,myopic,a1j0,True,1,reset_sensor,reset_sensor,0.14606741573033707,True,2,agree,0.729200858477465
305,myopic,a2j0,True,1,replace_filter,replace_filter,0.14606741573033707,False,2,agree,0.729200858477465
305,myopic,a0j1,True,0,reset_sensor,reset_sensor,0.14606741573033707,True,2,agree,0.021335689938139123
305,myopic,a1j1,True,0,reset_sensor,reset_sensor,0.14606741573033707,False,2,agree,0.021335689938139123
305,myopic,a2j1,True,0,reset_sensor,reset_sensor,0.14606741573033707,True,2,agree,0.021335689938139123
305,greedy,a0j0,True,0,replace_filter,replace_filter,0.14606741573033707,True,2,agree,0.021335689938139123
305,greedy,a1j0,True,1,reset_sensor,reset_sensor,0.14606741573033707,True,2,agree,0.729200858477465
305,greedy,a2j0,True,1,replace_filter,replace_filter,0.14606741573033707,False,2,agree,0.729200858477465
305,greedy,a0j1,True,0,reset_sensor,reset_sensor,0.14606741573033707,True,2,agree,0.021335689938139123
305,greedy,a1j1,True,0,reset_sensor,reset_sensor,0.14606741573033707,False,2,agree,0.021335689938139123
305,greedy,a2j1,True,0,reset_sensor,reset_sensor,0.14606741573033707,True,2,agree,0.021335689938139123
305,delay,a0j0,True,0,replace_filter,replace_filter,0.14606741573033707,True,1,agree,0.021335689938139123
305,delay,a1j0,True,1,reset_sensor,reset_sensor,0.14606741573033707,True,1,agree,0.729200858477465
305,delay,a2j0,True,1,replace_filter,replace_filter,0.14606741573033707,True,1,agree,0.729200858477465
305,delay,a0j1,True,0,reset_sensor,reset_sensor,0.14606741573033707,True,1,agree,0.021335689938139123
305,delay,a1j1,True,0,reset_sensor,reset_sensor,0.14606741573033707,True,1,agree,0.021335689938139123
305,delay,a2j1,True,0,reset_sensor,reset_sensor,0.14606741573033707,True,1,agree,0.021335689938139123
305,fcfs,a0j0,True,0,replace_filter,replace_filter,0.14606741573033707,True,1,agree,0.021335689938139123
305,fcfs,a1j0,True,1,reset_sensor,reset_sensor,0.14606741573033707,True,1,agree,0.729200858477465
305,fcfs,a2j0,True,1,replace_filter,replace_filter,0.14606741573033707,False,1,agree,0.729200858477465
305,fcfs,a0j1,True,0,reset_sensor,reset_sensor,0.14606741573033707,True,1,agree,0.021335689938139123
305,fcfs,a1j1,True,0,reset_sensor,reset_sensor,0.14606741573033707,True,1,agree,0.021335689938139123
305,fcfs,a2j1,True,0,reset_sensor,reset_sensor,0.14606741573033707,True,1,agree,0.021335689938139123
305,uncertainty,a0j0,True,0,replace_filter,replace_filter,0.14606741573033707,True,1,agree,0.021335689938139123
305,uncertainty,a1j0,True,1,reset_sensor,reset_sensor,0.14606741573033707,True,1,agree,0.729200858477465
305,uncertainty,a2j0,True,1,replace_filter,replace_filter,0.14606741573033707,False,1,agree,0.729200858477465
305,uncertainty,a0j1,True,0,reset_sensor,reset_sensor,0.14606741573033707,True,1,agree,0.021335689938139123
305,uncertainty,a1j1,True,0,reset_sensor,reset_sensor,0.14606741573033707,True,1,agree,0.021335689938139123
305,uncertainty,a2j1,True,0,reset_sensor,reset_sensor,0.14606741573033707,True,1,agree,0.021335689938139123
305,myopic,a0j0,True,0,replace_filter,replace_filter,0.14606741573033707,True,1,agree,0.021335689938139123
305,myopic,a1j0,True,1,reset_sensor,reset_sensor,0.14606741573033707,True,1,agree,0.729200858477465
305,myopic,a2j0,True,1,replace_filter,replace_filter,0.14606741573033707,False,1,agree,0.729200858477465
305,myopic,a0j1,True,0,reset_sensor,reset_sensor,0.14606741573033707,True,1,agree,0.021335689938139123
305,myopic,a1j1,True,0,reset_sensor,reset_sensor,0.14606741573033707,True,1,agree,0.021335689938139123
305,myopic,a2j1,True,0,reset_sensor,reset_sensor,0.14606741573033707,True,1,agree,0.021335689938139123
305,greedy,a0j0,True,0,replace_filter,replace_filter,0.14606741573033707,True,1,agree,0.021335689938139123
305,greedy,a1j0,True,1,reset_sensor,reset_sensor,0.14606741573033707,True,1,agree,0.729200858477465
305,greedy,a2j0,True,1,replace_filter,replace_filter,0.14606741573033707,False,1,agree,0.729200858477465
305,greedy,a0j1,True,0,reset_sensor,reset_sensor,0.14606741573033707,True,1,agree,0.021335689938139123
305,greedy,a1j1,True,0,reset_sensor,reset_sensor,0.14606741573033707,True,1,agree,0.021335689938139123
305,greedy,a2j1,True,0,reset_sensor,reset_sensor,0.14606741573033707,True,1,agree,0.021335689938139123
305,edf,a0j0,True,0,replace_filter,replace_filter,0.14606741573033707,True,1,agree,0.021335689938139123
305,edf,a1j0,True,1,reset_sensor,reset_sensor,0.14606741573033707,True,1,agree,0.729200858477465
305,edf,a2j0,True,1,replace_filter,replace_filter,0.14606741573033707,True,1,agree,0.729200858477465
305,edf,a0j1,True,0,reset_sensor,reset_sensor,0.14606741573033707,True,1,agree,0.021335689938139123
305,edf,a1j1,True,0,reset_sensor,reset_sensor,0.14606741573033707,True,1,agree,0.021335689938139123
305,edf,a2j1,True,0,reset_sensor,reset_sensor,0.14606741573033707,True,1,agree,0.021335689938139123
306,fcfs,a0j0,True,1,replace_filter,replace_filter,0.14606741573033707,True,1,agree,0.729200858477465
306,fcfs,a1j0,True,0,replace_filter,replace_filter,0.14606741573033707,True,1,agree,0.021335689938139123
306,fcfs,a2j0,False,1,replace_filter,reset_sensor,0.1836734693877551,True,1,disagree,0.6663890045814245
306,fcfs,a0j1,True,0,reset_sensor,reset_sensor,0.14606741573033707,True,1,agree,0.021335689938139123
306,fcfs,a1j1,True,0,replace_filter,replace_filter,0.14606741573033707,True,1,agree,0.021335689938139123
306,fcfs,a2j1,True,0,reset_sensor,reset_sensor,0.14606741573033707,True,1,agree,0.021335689938139123
306,uncertainty,a0j0,True,1,replace_filter,replace_filter,0.14606741573033707,True,1,agree,0.729200858477465
306,uncertainty,a1j0,True,0,replace_filter,replace_filter,0.14606741573033707,True,1,agree,0.021335689938139123
306,uncertainty,a2j0,False,1,replace_filter,reset_sensor,0.1836734693877551,True,1,disagree,0.6663890045814245
306,uncertainty,a0j1,True,0,reset_sensor,reset_sensor,0.14606741573033707,True,1,agree,0.021335689938139123
306,uncertainty,a1j1,True,0,replace_filter,replace_filter,0.14606741573033707,True,1,agree,0.021335689938139123
306,uncertainty,a2j1,True,0,reset_sensor,reset_sensor,0.14606741573033707,True,1,agree,0.021335689938139123
306,myopic,a0j0,True,1,replace_filter,replace_filter,0.14606741573033707,True,1,agree,0.729200858477465
306,myopic,a1j0,True,0,replace_filter,replace_filter,0.14606741573033707,True,1,agree,0.021335689938139123
306,myopic,a2j0,False,1,replace_filter,reset_sensor,0.1836734693877551,True,1,disagree,0.6663890045814245
306,myopic,a0j1,True,0,reset_sensor,reset_sensor,0.14606741573033707,True,1,agree,0.021335689938139123
306,myopic,a1j1,True,0,replace_filter,replace_filter,0.14606741573033707,True,1,agree,0.021335689938139123
306,myopic,a2j1,True,0,reset_sensor,reset_sensor,0.14606741573033707,True,1,agree,0.021335689938139123
306,greedy,a0j0,True,1,replace_filter,replace_filter,0.14606741573033707,True,1,agree,0.729200858477465
306,greedy,a1j0,True,0,replace_filter,replace_filter,0.14606741573033707,True,1,agree,0.021335689938139123
306,greedy,a2j0,False,1,replace_filter,reset_sensor,0.1836734693877551,True,1,disagree,0.6663890045814245
306,greedy,a0j1,True,0,reset_sensor,reset_sensor,0.14606741573033707,True,1,agree,0.021335689938139123
306,greedy,a1j1,True,0,replace_filter,replace_filter,0.14606741573033707,True,1,agree,0.021335689938139123
306,greedy,a2j1,True,0,reset_sensor,reset_sensor,0.14606741573033707,True,1,agree,0.021335689938139123
306,edf,a0j0,True,1,replace_filter,replace_filter,0.14606741573033707,True,1,agree,0.729200858477465
306,edf,a1j0,True,0,replace_filter,replace_filter,0.14606741573033707,True,1,agree,0.021335689938139123
306,edf,a2j0,False,1,replace_filter,reset_sensor,0.1836734693877551,True,1,disagree,0.6663890045814245
306,edf,a0j1,True,0,reset_sensor,reset_sensor,0.14606741573033707,True,1,agree,0.021335689938139123
306,edf,a1j1,True,0,replace_filter,replace_filter,0.14606741573033707,True,1,agree,0.021335689938139123
306,edf,a2j1,True,0,reset_sensor,reset_sensor,0.14606741573033707,True,1,agree,0.021335689938139123
306,delay,a0j0,True,1,replace_filter,replace_filter,0.14606741573033707,True,1,agree,0.729200858477465
306,delay,a1j0,True,0,replace_filter,replace_filter,0.14606741573033707,True,1,agree,0.021335689938139123
306,delay,a2j0,False,1,replace_filter,reset_sensor,0.1836734693877551,True,1,disagree,0.6663890045814245
306,delay,a0j1,True,0,reset_sensor,reset_sensor,0.14606741573033707,True,1,agree,0.021335689938139123
306,delay,a1j1,True,0,replace_filter,replace_filter,0.14606741573033707,True,1,agree,0.021335689938139123
306,delay,a2j1,True,0,reset_sensor,reset_sensor,0.14606741573033707,True,1,agree,0.021335689938139123
306,uncertainty,a0j0,True,1,replace_filter,replace_filter,0.14606741573033707,False,2,agree,0.729200858477465
306,uncertainty,a1j0,True,0,replace_filter,replace_filter,0.14606741573033707,True,2,agree,0.021335689938139123
306,uncertainty,a2j0,False,1,replace_filter,reset_sensor,0.1836734693877551,True,2,disagree,0.6663890045814245
306,uncertainty,a0j1,True,0,reset_sensor,reset_sensor,0.14606741573033707,True,2,agree,0.021335689938139123
306,uncertainty,a1j1,True,0,replace_filter,replace_filter,0.14606741573033707,False,2,agree,0.021335689938139123
306,uncertainty,a2j1,True,0,reset_sensor,reset_sensor,0.14606741573033707,True,2,agree,0.021335689938139123
306,myopic,a0j0,True,1,replace_filter,replace_filter,0.14606741573033707,False,2,agree,0.729200858477465
306,myopic,a1j0,True,0,replace_filter,replace_filter,0.14606741573033707,True,2,agree,0.021335689938139123
306,myopic,a2j0,False,1,replace_filter,reset_sensor,0.1836734693877551,True,2,disagree,0.6663890045814245
306,myopic,a0j1,True,0,reset_sensor,reset_sensor,0.14606741573033707,True,2,agree,0.021335689938139123
306,myopic,a1j1,True,0,replace_filter,replace_filter,0.14606741573033707,False,2,agree,0.021335689938139123
306,myopic,a2j1,True,0,reset_sensor,reset_sensor,0.14606741573033707,True,2,agree,0.021335689938139123
306,greedy,a0j0,True,1,replace_filter,replace_filter,0.14606741573033707,False,2,agree,0.729200858477465
306,greedy,a1j0,True,0,replace_filter,replace_filter,0.14606741573033707,True,2,agree,0.021335689938139123
306,greedy,a2j0,False,1,replace_filter,reset_sensor,0.1836734693877551,True,2,disagree,0.6663890045814245
306,greedy,a0j1,True,0,reset_sensor,reset_sensor,0.14606741573033707,True,2,agree,0.021335689938139123
306,greedy,a1j1,True,0,replace_filter,replace_filter,0.14606741573033707,False,2,agree,0.021335689938139123
306,greedy,a2j1,True,0,reset_sensor,reset_sensor,0.14606741573033707,True,2,agree,0.021335689938139123
306,edf,a0j0,True,1,replace_filter,replace_filter,0.14606741573033707,True,2,agree,0.729200858477465
306,edf,a1j0,True,0,replace_filter,replace_filter,0.14606741573033707,True,2,agree,0.021335689938139123
306,edf,a2j0,False,1,replace_filter,reset_sensor,0.1836734693877551,False,2,disagree,0.6663890045814245
306,edf,a0j1,True,0,reset_sensor,reset_sensor,0.14606741573033707,False,2,agree,0.021335689938139123
306,edf,a1j1,True,0,replace_filter,replace_filter,0.14606741573033707,True,2,agree,0.021335689938139123
306,edf,a2j1,True,0,reset_sensor,reset_sensor,0.14606741573033707,True,2,agree,0.021335689938139123
306,delay,a0j0,True,1,replace_filter,replace_filter,0.14606741573033707,True,2,agree,0.729200858477465
306,delay,a1j0,True,0,replace_filter,replace_filter,0.14606741573033707,True,2,agree,0.021335689938139123
306,delay,a2j0,False,1,replace_filter,reset_sensor,0.1836734693877551,False,2,disagree,0.6663890045814245
306,delay,a0j1,True,0,reset_sensor,reset_sensor,0.14606741573033707,True,2,agree,0.021335689938139123
306,delay,a1j1,True,0,replace_filter,replace_filter,0.14606741573033707,True,2,agree,0.021335689938139123
306,delay,a2j1,True,0,reset_sensor,reset_sensor,0.14606741573033707,False,2,agree,0.021335689938139123
306,fcfs,a0j0,True,1,replace_filter,replace_filter,0.14606741573033707,True,2,agree,0.729200858477465
306,fcfs,a1j0,True,0,replace_filter,replace_filter,0.14606741573033707,True,2,agree,0.021335689938139123
306,fcfs,a2j0,False,1,replace_filter,reset_sensor,0.1836734693877551,False,2,disagree,0.6663890045814245
306,fcfs,a0j1,True,0,reset_sensor,reset_sensor,0.14606741573033707,True,2,agree,0.021335689938139123
306,fcfs,a1j1,True,0,replace_filter,replace_filter,0.14606741573033707,False,2,agree,0.021335689938139123
306,fcfs,a2j1,True,0,reset_sensor,reset_sensor,0.14606741573033707,True,2,agree,0.021335689938139123
307,myopic,a0j0,True,1,replace_filter,replace_filter,0.14606741573033707,True,2,agree,0.729200858477465
307,myopic,a1j0,True,0,replace_filter,replace_filter,0.14606741573033707,False,2,agree,0.021335689938139123
307,myopic,a2j0,True,0,reset_sensor,reset_sensor,0.14606741573033707,True,2,agree,0.021335689938139123
307,myopic,a0j1,True,1,reset_sensor,reset_sensor,0.14606741573033707,False,2,agree,0.729200858477465
307,myopic,a1j1,True,1,replace_filter,replace_filter,0.14606741573033707,True,2,agree,0.729200858477465
307,myopic,a2j1,True,1,reset_sensor,reset_sensor,0.14606741573033707,True,2,agree,0.729200858477465
307,greedy,a0j0,True,1,replace_filter,replace_filter,0.14606741573033707,True,2,agree,0.729200858477465
307,greedy,a1j0,True,0,replace_filter,replace_filter,0.14606741573033707,False,2,agree,0.021335689938139123
307,greedy,a2j0,True,0,reset_sensor,reset_sensor,0.14606741573033707,True,2,agree,0.021335689938139123
307,greedy,a0j1,True,1,reset_sensor,reset_sensor,0.14606741573033707,False,2,agree,0.729200858477465
307,greedy,a1j1,True,1,replace_filter,replace_filter,0.14606741573033707,True,2,agree,0.729200858477465
307,greedy,a2j1,True,1,reset_sensor,reset_sensor,0.14606741573033707,True,2,agree,0.729200858477465
307,edf,a0j0,True,1,replace_filter,replace_filter,0.14606741573033707,True,2,agree,0.729200858477465
307,edf,a1j0,True,0,replace_filter,replace_filter,0.14606741573033707,True,2,agree,0.021335689938139123
307,edf,a2j0,True,0,reset_sensor,reset_sensor,0.14606741573033707,False,2,agree,0.021335689938139123
307,edf,a0j1,True,1,reset_sensor,reset_sensor,0.14606741573033707,True,2,agree,0.729200858477465
307,edf,a1j1,True,1,replace_filter,replace_filter,0.14606741573033707,False,2,agree,0.729200858477465
307,edf,a2j1,True,1,reset_sensor,reset_sensor,0.14606741573033707,True,2,agree,0.729200858477465
307,delay,a0j0,True,1,replace_filter,replace_filter,0.14606741573033707,False,2,agree,0.729200858477465
307,delay,a1j0,True,0,replace_filter,replace_filter,0.14606741573033707,True,2,agree,0.021335689938139123
307,delay,a2j0,True,0,reset_sensor,reset_sensor,0.14606741573033707,True,2,agree,0.021335689938139123
307,delay,a0j1,True,1,reset_sensor,reset_sensor,0.14606741573033707,True,2,agree,0.729200858477465
307,delay,a1j1,True,1,replace_filter,replace_filter,0.14606741573033707,True,2,agree,0.729200858477465
307,delay,a2j1,True,1,reset_sensor,reset_sensor,0.14606741573033707,False,2,agree,0.729200858477465
307,fcfs,a0j0,True,1,replace_filter,replace_filter,0.14606741573033707,True,2,agree,0.729200858477465
307,fcfs,a1j0,True,0,replace_filter,replace_filter,0.14606741573033707,False,2,agree,0.021335689938139123
307,fcfs,a2j0,True,0,reset_sensor,reset_sensor,0.14606741573033707,True,2,agree,0.021335689938139123
307,fcfs,a0j1,True,1,reset_sensor,reset_sensor,0.14606741573033707,True,2,agree,0.729200858477465
307,fcfs,a1j1,True,1,replace_filter,replace_filter,0.14606741573033707,True,2,agree,0.729200858477465
307,fcfs,a2j1,True,1,reset_sensor,reset_sensor,0.14606741573033707,False,2,agree,0.729200858477465
307,uncertainty,a0j0,True,1,replace_filter,replace_filter,0.14606741573033707,True,2,agree,0.729200858477465
307,uncertainty,a1j0,True,0,replace_filter,replace_filter,0.14606741573033707,False,2,agree,0.021335689938139123
307,uncertainty,a2j0,True,0,reset_sensor,reset_sensor,0.14606741573033707,True,2,agree,0.021335689938139123
307,uncertainty,a0j1,True,1,reset_sensor,reset_sensor,0.14606741573033707,True,2,agree,0.729200858477465
307,uncertainty,a1j1,True,1,replace_filter,replace_filter,0.14606741573033707,True,2,agree,0.729200858477465
307,uncertainty,a2j1,True,1,reset_sensor,reset_sensor,0.14606741573033707,False,2,agree,0.729200858477465
307,greedy,a0j0,True,1,replace_filter,replace_filter,0.14606741573033707,True,1,agree,0.729200858477465
307,greedy,a1j0,True,0,replace_filter,replace_filter,0.14606741573033707,True,1,agree,0.021335689938139123
307,greedy,a2j0,True,0,reset_sensor,reset_sensor,0.14606741573033707,True,1,agree,0.021335689938139123
307,greedy,a0j1,True,1,reset_sensor,reset_sensor,0.14606741573033707,True,1,agree,0.729200858477465
307,greedy,a1j1,True,1,replace_filter,replace_filter,0.14606741573033707,True,1,agree,0.729200858477465
307,greedy,a2j1,True,1,reset_sensor,reset_sensor,0.14606741573033707,True,1,agree,0.729200858477465
307,edf,a0j0,True,1,replace_filter,replace_filter,0.14606741573033707,True,1,agree,0.729200858477465
307,edf,a1j0,True,0,replace_filter,replace_filter,0.14606741573033707,True,1,agree,0.021335689938139123
307,edf,a2j0,True,0,reset_sensor,reset_sensor,0.14606741573033707,True,1,agree,0.021335689938139123
307,edf,a0j1,True,1,reset_sensor,reset_sensor,0.14606741573033707,True,1,agree,0.729200858477465
307,edf,a1j1,True,1,replace_filter,replace_filter,0.14606741573033707,True,1,agree,0.729200858477465
307,edf,a2j1,True,1,reset_sensor,reset_sensor,0.14606741573033707,True,1,agree,0.729200858477465
307,delay,a0j0,True,1,replace_filter,replace_filter,0.14606741573033707,True,1,agree,0.729200858477465
307,delay,a1j0,True,0,replace_filter,replace_filter,0.14606741573033707,True,1,agree,0.021335689938139123
307,delay,a2j0,True,0,reset_sensor,reset_sensor,0.14606741573033707,True,1,agree,0.021335689938139123
307,delay,a0j1,True,1,reset_sensor,reset_sensor,0.14606741573033707,True,1,agree,0.729200858477465
307,delay,a1j1,True,1,replace_filter,replace_filter,0.14606741573033707,True,1,agree,0.729200858477465
307,delay,a2j1,True,1,reset_sensor,reset_sensor,0.14606741573033707,True,1,agree,0.729200858477465
307,fcfs,a0j0,True,1,replace_filter,replace_filter,0.14606741573033707,True,1,agree,0.729200858477465
307,fcfs,a1j0,True,0,replace_filter,replace_filter,0.14606741573033707,True,1,agree,0.021335689938139123
307,fcfs,a2j0,True,0,reset_sensor,reset_sensor,0.14606741573033707,True,1,agree,0.021335689938139123
307,fcfs,a0j1,True,1,reset_sensor,reset_sensor,0.14606741573033707,True,1,agree,0.729200858477465
307,fcfs,a1j1,True,1,replace_filter,replace_filter,0.14606741573033707,True,1,agree,0.729200858477465
307,fcfs,a2j1,True,1,reset_sensor,reset_sensor,0.14606741573033707,True,1,agree,0.729200858477465
307,uncertainty,a0j0,True,1,replace_filter,replace_filter,0.14606741573033707,True,1,agree,0.729200858477465
307,uncertainty,a1j0,True,0,replace_filter,replace_filter,0.14606741573033707,True,1,agree,0.021335689938139123
307,uncertainty,a2j0,True,0,reset_sensor,reset_sensor,0.14606741573033707,True,1,agree,0.021335689938139123
307,uncertainty,a0j1,True,1,reset_sensor,reset_sensor,0.14606741573033707,True,1,agree,0.729200858477465
307,uncertainty,a1j1,True,1,replace_filter,replace_filter,0.14606741573033707,True,1,agree,0.729200858477465
307,uncertainty,a2j1,True,1,reset_sensor,reset_sensor,0.14606741573033707,True,1,agree,0.729200858477465
307,myopic,a0j0,True,1,replace_filter,replace_filter,0.14606741573033707,True,1,agree,0.729200858477465
307,myopic,a1j0,True,0,replace_filter,replace_filter,0.14606741573033707,True,1,agree,0.021335689938139123
307,myopic,a2j0,True,0,reset_sensor,reset_sensor,0.14606741573033707,True,1,agree,0.021335689938139123
307,myopic,a0j1,True,1,reset_sensor,reset_sensor,0.14606741573033707,True,1,agree,0.729200858477465
307,myopic,a1j1,True,1,replace_filter,replace_filter,0.14606741573033707,True,1,agree,0.729200858477465
307,myopic,a2j1,True,1,reset_sensor,reset_sensor,0.14606741573033707,True,1,agree,0.729200858477465
308,edf,a0j0,True,0,replace_filter,replace_filter,0.14606741573033707,True,1,agree,0.021335689938139123
308,edf,a1j0,True,1,replace_filter,replace_filter,0.14606741573033707,True,1,agree,0.729200858477465
308,edf,a2j0,True,0,reset_sensor,reset_sensor,0.14606741573033707,True,1,agree,0.021335689938139123
308,edf,a0j1,True,0,reset_sensor,reset_sensor,0.14606741573033707,True,1,agree,0.021335689938139123
308,edf,a1j1,True,0,reset_sensor,reset_sensor,0.14606741573033707,True,1,agree,0.021335689938139123
308,edf,a2j1,True,1,replace_filter,replace_filter,0.14606741573033707,True,1,agree,0.729200858477465
308,delay,a0j0,True,0,replace_filter,replace_filter,0.14606741573033707,True,1,agree,0.021335689938139123
308,delay,a1j0,True,1,replace_filter,replace_filter,0.14606741573033707,True,1,agree,0.729200858477465
308,delay,a2j0,True,0,reset_sensor,reset_sensor,0.14606741573033707,True,1,agree,0.021335689938139123
308,delay,a0j1,True,0,reset_sensor,reset_sensor,0.14606741573033707,True,1,agree,0.021335689938139123
308,delay,a1j1,True,0,reset_sensor,reset_sensor,0.14606741573033707,True,1,agree,0.021335689938139123
308,delay,a2j1,True,1,replace_filter,replace_filter,0.14606741573033707,True,1,agree,0.729200858477465
308,fcfs,a0j0,True,0,replace_filter,replace_filter,0.14606741573033707,True,1,agree,0.021335689938139123
308,fcfs,a1j0,True,1,replace_filter,replace_filter,0.14606741573033707,True,1,agree,0.729200858477465
308,fcfs,a2j0,True,0,reset_sensor,reset_sensor,0.14606741573033707,False,1,agree,0.021335689938139123
308,fcfs,a0j1,True,0,reset_sensor,reset_sensor,0.14606741573033707,True,1,agree,0.021335689938139123
308,fcfs,a1j1,True,0,reset_sensor,reset_sensor,0.14606741573033707,True,1,agree,0.021335689938139123
308,fcfs,a2j1,True,1,replace_filter,replace_filter,0.14606741573033707,False,1,agree,0.729200858477465
308,uncertainty,a0j0,True,0,replace_filter,replace_filter,0.14606741573033707,True,1,agree,0.021335689938139123
308,uncertainty,a1j0,True,1,replace_filter,replace_filter,0.14606741573033707,True,1,agree,0.729200858477465
308,uncertainty,a2j0,True,0,reset_sensor,reset_sensor,0.14606741573033707,False,1,agree,0.021335689938139123
308,uncertainty,a0j1,True,0,reset_sensor,reset_sensor,0.14606741573033707,True,1,agree,0.021335689938139123
308,uncertainty,a1j1,True,0,reset_sensor,reset_sensor,0.14606741573033707,True,1,agree,0.021335689938139123
308,uncertainty,a2j1,True,1,replace_filter,replace_filter,0.14606741573033707,False,1,agree,0.729200858477465
308,myopic,a0j0,True,0,replace_filter,replace_filter,0.14606741573033707,True,1,agree,0.021335689938139123
308,myopic,a1j0,True,1,replace_filter,replace_filter,0.14606741573033707,True,1,agree,0.729200858477465
308,myopic,a2j0,True,0,reset_sensor,reset_sensor,0.14606741573033707,True,1,agree,0.021335689938139123
308,myopic,a0j1,True,0,reset_sensor,reset_sensor,0.14606741573033707,True,1,agree,0.021335689938139123
308,myopic,a1j1,True,0,reset_sensor,reset_sensor,0.14606741573033707,True,1,agree,0.021335689938139123
308,myopic,a2j1,True,1,replace_filter,replace_filter,0.14606741573033707,True,1,agree,0.729200858477465
308,greedy,a0j0,True,0,replace_filter,replace_filter,0.14606741573033707,True,1,agree,0.021335689938139123
308,greedy,a1j0,True,1,replace_filter,replace_filter,0.14606741573033707,True,1,agree,0.729200858477465
308,greedy,a2j0,True,0,reset_sensor,reset_sensor,0.14606741573033707,True,1,agree,0.021335689938139123
308,greedy,a0j1,True,0,reset_sensor,reset_sensor,0.14606741573033707,True,1,agree,0.021335689938139123
308,greedy,a1j1,True,0,reset_sensor,reset_sensor,0.14606741573033707,True,1,agree,0.021335689938139123
308,greedy,a2j1,True,1,replace_filter,replace_filter,0.14606741573033707,True,1,agree,0.729200858477465
308,delay,a0j0,True,0,replace_filter,replace_filter,0.14606741573033707,True,2,agree,0.021335689938139123
308,delay,a1j0,True,1,replace_filter,replace_filter,0.14606741573033707,False,2,agree,0.729200858477465
308,delay,a2j0,True,0,reset_sensor,reset_sensor,0.14606741573033707,True,2,agree,0.021335689938139123
308,delay,a0j1,True,0,reset_sensor,reset_sensor,0.14606741573033707,True,2,agree,0.021335689938139123
308,delay,a1j1,True,0,reset_sensor,reset_sensor,0.14606741573033707,False,2,agree,0.021335689938139123
308,delay,a2j1,True,1,replace_filter,replace_filter,0.14606741573033707,True,2,agree,0.729200858477465
308,fcfs,a0j0,True,0,replace_filter,replace_filter,0.14606741573033707,True,2,agree,0.021335689938139123
308,fcfs,a1j0,True,1,replace_filter,replace_filter,0.14606741573033707,True,2,agree,0.729200858477465
308,fcfs,a2j0,True,0,reset_sensor,reset_sensor,0.14606741573033707,False,2,agree,0.021335689938139123
308,fcfs,a0j1,True,0,reset_sensor,reset_sensor,0.14606741573033707,True,2,agree,0.021335689938139123
308,fcfs,a1j1,True,0,reset_sensor,reset_sensor,0.14606741573033707,True,2,agree,0.021335689938139123
308,fcfs,a2j1,True,1,replace_filter,replace_filter,0.14606741573033707,False,2,agree,0.729200858477465
308,uncertainty,a0j0,True,0,replace_filter,replace_filter,0.14606741573033707,True,2,agree,0.021335689938139123
308,uncertainty,a1j0,True,1,replace_filter,replace_filter,0.14606741573033707,True,2,agree,0.729200858477465
308,uncertainty,a2j0,True,0,reset_sensor,reset_sensor,0.14606741573033707,False,2,agree,0.021335689938139123
308,uncertainty,a0j1,True,0,reset_sensor,reset_sensor,0.14606741573033707,True,2,agree,0.021335689938139123
308,uncertainty,a1j1,True,0,reset_sensor,reset_sensor,0.14606741573033707,True,2,agree,0.021335689938139123
308,uncertainty,a2j1,True,1,replace_filter,replace_filter,0.14606741573033707,False,2,agree,0.729200858477465
308,myopic,a0j0,True,0,replace_filter,replace_filter,0.14606741573033707,True,2,agree,0.021335689938139123
308,myopic,a1j0,True,1,replace_filter,replace_filter,0.14606741573033707,True,2,agree,0.729200858477465
308,myopic,a2j0,True,0,reset_sensor,reset_sensor,0.14606741573033707,False,2,agree,0.021335689938139123
308,myopic,a0j1,True,0,reset_sensor,reset_sensor,0.14606741573033707,True,2,agree,0.021335689938139123
308,myopic,a1j1,True,0,reset_sensor,reset_sensor,0.14606741573033707,True,2,agree,0.021335689938139123
308,myopic,a2j1,True,1,replace_filter,replace_filter,0.14606741573033707,False,2,agree,0.729200858477465
308,greedy,a0j0,True,0,replace_filter,replace_filter,0.14606741573033707,True,2,agree,0.021335689938139123
308,greedy,a1j0,True,1,replace_filter,replace_filter,0.14606741573033707,True,2,agree,0.729200858477465
308,greedy,a2j0,True,0,reset_sensor,reset_sensor,0.14606741573033707,False,2,agree,0.021335689938139123
308,greedy,a0j1,True,0,reset_sensor,reset_sensor,0.14606741573033707,True,2,agree,0.021335689938139123
308,greedy,a1j1,True,0,reset_sensor,reset_sensor,0.14606741573033707,True,2,agree,0.021335689938139123
308,greedy,a2j1,True,1,replace_filter,replace_filter,0.14606741573033707,False,2,agree,0.729200858477465
308,edf,a0j0,True,0,replace_filter,replace_filter,0.14606741573033707,True,2,agree,0.021335689938139123
308,edf,a1j0,True,1,replace_filter,replace_filter,0.14606741573033707,False,2,agree,0.729200858477465
308,edf,a2j0,True,0,reset_sensor,reset_sensor,0.14606741573033707,True,2,agree,0.021335689938139123
308,edf,a0j1,True,0,reset_sensor,reset_sensor,0.14606741573033707,True,2,agree,0.021335689938139123
308,edf,a1j1,True,0,reset_sensor,reset_sensor,0.14606741573033707,False,2,agree,0.021335689938139123
308,edf,a2j1,True,1,replace_filter,replace_filter,0.14606741573033707,True,2,agree,0.729200858477465
309,fcfs,a0j0,True,0,reset_sensor,reset_sensor,0.14606741573033707,True,2,agree,0.021335689938139123
309,fcfs,a1j0,True,0,reset_sensor,reset_sensor,0.14606741573033707,True,2,agree,0.021335689938139123
309,fcfs,a2j0,True,0,replace_filter,replace_filter,0.14606741573033707,False,2,agree,0.021335689938139123
309,fcfs,a0j1,True,0,reset_sensor,reset_sensor,0.14606741573033707,True,2,agree,0.021335689938139123
309,fcfs,a1j1,True,0,reset_sensor,reset_sensor,0.14606741573033707,True,2,agree,0.021335689938139123
309,fcfs,a2j1,False,0,reset_sensor,replace_filter,0.1836734693877551,False,2,disagree,0.03373594335693461
309,uncertainty,a0j0,True,0,reset_sensor,reset_sensor,0.14606741573033707,True,2,agree,0.021335689938139123
309,uncertainty,a1j0,True,0,reset_sensor,reset_sensor,0.14606741573033707,True,2,agree,0.021335689938139123
309,uncertainty,a2j0,True,0,replace_filter,replace_filter,0.14606741573033707,False,2,agree,0.021335689938139123
309,uncertainty,a0j1,True,0,reset_sensor,reset_sensor,0.14606741573033707,True,2,agree,0.021335689938139123
309,uncertainty,a1j1,True,0,reset_sensor,reset_sensor,0.14606741573033707,False,2,agree,0.021335689938139123
309,uncertainty,a2j1,False,0,reset_sensor,replace_filter,0.1836734693877551,True,2,disagree,0.03373594335693461
309,myopic,a0j0,True,0,reset_sensor,reset_sensor,0.14606741573033707,False,2,agree,0.021335689938139123
309,myopic,a1j0,True,0,reset_sensor,reset_sensor,0.14606741573033707,True,2,agree,0.021335689938139123
309,myopic,a2j0,True,0,replace_filter,replace_filter,0.14606741573033707,True,2,agree,0.021335689938139123
309,myopic,a0j1,True,0,reset_sensor,reset_sensor,0.14606741573033707,True,2,agree,0.021335689938139123
309,myopic,a1j1,True,0,reset_sensor,reset_sensor,0.14606741573033707,True,2,agree,0.021335689938139123
309,myopic,a2j1,True,0,reset_sensor,reset_sensor,0.14606741573033707,False,2,agree,0.021335689938139123
309,greedy,a0j0,True,0,reset_sensor,reset_sensor,0.14606741573033707,False,2,agree,0.021335689938139123
309,greedy,a1j0,True,0,reset_sensor,reset_sensor,0.14606741573033707,True,2,agree,0.021335689938139123
309,greedy,a2j0,True,0,replace_filter,replace_filter,0.14606741573033707,True,2,agree,0.021335689938139123
309,greedy,a0j1,True,0,reset_sensor,reset_sensor,0.14606741573033707,True,2,agree,0.021335689938139123
309,greedy,a1j1,True,0,reset_sensor,reset_sensor,0.14606741573033707,True,2,agree,0.021335689938139123
309,greedy,a2j1,True,0,reset_sensor,reset_sensor,0.14606741573033707,False,2,agree,0.021335689938139123
309,edf,a0j0,True,0,reset_sensor,reset_sensor,0.14606741573033707,False,2,agree,0.021335689938139123
309,edf,a1j0,True,0,reset_sensor,reset_sensor,0.14606741573033707,True,2,agree,0.021335689938139123
309,edf,a2j0,True,0,replace_filter,replace_filter,0.14606741573033707,True,2,agree,0.021335689938139123
309,edf,a0j1,True,0,reset_sensor,reset_sensor,0.14606741573033707,True,2,agree,0.021335689938139123
309,edf,a1j1,True,0,reset_sensor,reset_sensor,0.14606741573033707,False,2,agree,0.021335689938139123
309,edf,a2j1,True,0,reset_sensor,reset_sensor,0.14606741573033707,True,2,agree,0.021335689938139123
309,delay,a0j0,True,0,reset_sensor,reset_sensor,0.14606741573033707,False,2,agree,0.021335689938139123
309,delay,a1j0,True,0,reset_sensor,reset_sensor,0.14606741573033707,True,2,agree,0.021335689938139123
309,delay,a2j0,True,0,replace_filter,replace_filter,0.14606741573033707,True,2,agree,0.021335689938139123
309,delay,a0j1,True,0,reset_sensor,reset_sensor,0.14606741573033707,True,2,agree,0.021335689938139123
309,delay,a1j1,True,0,reset_sensor,reset_sensor,0.14606741573033707,True,2,agree,0.021335689938139123
309,delay,a2j1,True,0,reset_sensor,reset_sensor,0.14606741573033707,False,2,agree,0.021335689938139123
309,uncertainty,a0j0,True,0,reset_sensor,reset_sensor,0.14606741573033707,True,1,agree,0.021335689938139123
309,uncertainty,a1j0,True,0,reset_sensor,reset_sensor,0.14606741573033707,True,1,agree,0.021335689938139123
309,uncertainty,a2j0,True,0,replace_filter,replace_filter,0.14606741573033707,False,1,agree,0.021335689938139123
309,uncertainty,a0j1,True,0,reset_sensor,reset_sensor,0.14606741573033707,True,1,agree,0.021335689938139123
309,uncertainty,a1j1,True,0,reset_sensor,reset_sensor,0.14606741573033707,True,1,agree,0.021335689938139123
309,uncertainty,a2j1,False,0,reset_sensor,replace_filter,0.1836734693877551,True,1,disagree,0.03373594335693461
309,myopic,a0j0,True,0,reset_sensor,reset_sensor,0.14606741573033707,True,1,agree,0.021335689938139123
309,myopic,a1j0,True,0,reset_sensor,reset_sensor,0.14606741573033707,True,1,agree,0.021335689938139123
309,myopic,a2j0,True,0,replace_filter,replace_filter,0.14606741573033707,True,1,agree,0.021335689938139123
309,myopic,a0j1,True,0,reset_sensor,reset_sensor,0.14606741573033707,True,1,agree,0.021335689938139123
309,myopic,a1j1,True,0,reset_sensor,reset_sensor,0.14606741573033707,True,1,agree,0.021335689938139123
309,myopic,a2j1,True,0,reset_sensor,reset_sensor,0.14606741573033707,False,1,agree,0.021335689938139123
309,greedy,a0j0,True,0,reset_sensor,reset_sensor,0.14606741573033707,True,1,agree,0.021335689938139123
309,greedy,a1j0,True,0,reset_sensor,reset_sensor,0.14606741573033707,True,1,agree,0.021335689938139123
309,greedy,a2j0,True,0,replace_filter,replace_filter,0.14606741573033707,True,1,agree,0.021335689938139123
309,greedy,a0j1,True,0,reset_sensor,reset_sensor,0.14606741573033707,True,1,agree,0.021335689938139123
309,greedy,a1j1,True,0,reset_sensor,reset_sensor,0.14606741573033707,True,1,agree,0.021335689938139123
309,greedy,a2j1,True,0,reset_sensor,reset_sensor,0.14606741573033707,False,1,agree,0.021335689938139123
309,edf,a0j0,True,0,reset_sensor,reset_sensor,0.14606741573033707,True,1,agree,0.021335689938139123
309,edf,a1j0,True,0,reset_sensor,reset_sensor,0.14606741573033707,True,1,agree,0.021335689938139123
309,edf,a2j0,True,0,replace_filter,replace_filter,0.14606741573033707,True,1,agree,0.021335689938139123
309,edf,a0j1,True,0,reset_sensor,reset_sensor,0.14606741573033707,True,1,agree,0.021335689938139123
309,edf,a1j1,True,0,reset_sensor,reset_sensor,0.14606741573033707,True,1,agree,0.021335689938139123
309,edf,a2j1,True,0,reset_sensor,reset_sensor,0.14606741573033707,True,1,agree,0.021335689938139123
309,delay,a0j0,True,0,reset_sensor,reset_sensor,0.14606741573033707,True,1,agree,0.021335689938139123
309,delay,a1j0,True,0,reset_sensor,reset_sensor,0.14606741573033707,True,1,agree,0.021335689938139123
309,delay,a2j0,True,0,replace_filter,replace_filter,0.14606741573033707,True,1,agree,0.021335689938139123
309,delay,a0j1,True,0,reset_sensor,reset_sensor,0.14606741573033707,True,1,agree,0.021335689938139123
309,delay,a1j1,True,0,reset_sensor,reset_sensor,0.14606741573033707,True,1,agree,0.021335689938139123
309,delay,a2j1,True,0,reset_sensor,reset_sensor,0.14606741573033707,True,1,agree,0.021335689938139123
309,fcfs,a0j0,True,0,reset_sensor,reset_sensor,0.14606741573033707,True,1,agree,0.021335689938139123
309,fcfs,a1j0,True,0,reset_sensor,reset_sensor,0.14606741573033707,True,1,agree,0.021335689938139123
309,fcfs,a2j0,True,0,replace_filter,replace_filter,0.14606741573033707,False,1,agree,0.021335689938139123
309,fcfs,a0j1,True,0,reset_sensor,reset_sensor,0.14606741573033707,True,1,agree,0.021335689938139123
309,fcfs,a1j1,True,0,reset_sensor,reset_sensor,0.14606741573033707,True,1,agree,0.021335689938139123
309,fcfs,a2j1,False,0,reset_sensor,replace_filter,0.1836734693877551,False,1,disagree,0.03373594335693461
310,myopic,a0j0,False,1,reset_sensor,replace_filter,0.1836734693877551,True,1,disagree,0.6663890045814245
310,myopic,a1j0,True,0,replace_filter,replace_filter,0.14606741573033707,True,1,agree,0.021335689938139123
310,myopic,a2j0,True,0,reset_sensor,reset_sensor,0.14606741573033707,True,1,agree,0.021335689938139123
310,myopic,a0j1,True,0,replace_filter,replace_filter,0.14606741573033707,True,1,agree,0.021335689938139123
310,myopic,a1j1,True,0,reset_sensor,reset_sensor,0.14606741573033707,True,1,agree,0.021335689938139123
310,myopic,a2j1,True,0,replace_filter,replace_filter,0.14606741573033707,True,1,agree,0.021335689938139123
310,greedy,a0j0,False,1,reset_sensor,replace_filter,0.1836734693877551,True,1,disagree,0.6663890045814245
310,greedy,a1j0,True,0,replace_filter,replace_filter,0.14606741573033707,True,1,agree,0.021335689938139123
310,greedy,a2j0,True,0,reset_sensor,reset_sensor,0.14606741573033707,True,1,agree,0.021335689938139123
310,greedy,a0j1,True,0,replace_filter,replace_filter,0.14606741573033707,True,1,agree,0.021335689938139123
310,greedy,a1j1,True,0,reset_sensor,reset_sensor,0.14606741573033707,True,1,agree,0.021335689938139123
310,greedy,a2j1,True,0,replace_filter,replace_filter,0.14606741573033707,True,1,agree,0.021335689938139123
310,edf,a0j0,False,1,reset_sensor,replace_filter,0.1836734693877551,True,1,disagree,0.6663890045814245
310,edf,a1j0,True,0,replace_filter,replace_filter,0.14606741573033707,True,1,agree,0.021335689938139123
310,edf,a2j0,True,0,reset_sensor,reset_sensor,0.14606741573033707,True,1,agree,0.021335689938139123
310,edf,a0j1,True,0,replace_filter,replace_filter,0.14606741573033707,True,1,agree,0.021335689938139123
310,edf,a1j1,True,0,reset_sensor,reset_sensor,0.14606741573033707,True,1,agree,0.021335689938139123
310,edf,a2j1,True,0,replace_filter,replace_filter,0.14606741573033707,True,1,agree,0.021335689938139123
310,delay,a0j0,False,1,reset_sensor,replace_filter,0.1836734693877551,True,1,disagree,0.6663890045814245
310,delay,a1j0,True,0,replace_filter,replace_filter,0.14606741573033707,True,1,agree,0.021335689938139123
310,delay,a2j0,True,0,reset_sensor,reset_sensor,0.14606741573033707,True,1,agree,0.021335689938139123
310,delay,a0j1,True,0,replace_filter,replace_filter,0.14606741573033707,True,1,agree,0.021335689938139123
310,delay,a1j1,True,0,reset_sensor,reset_sensor,0.14606741573033707,True,1,agree,0.021335689938139123
310,delay,a2j1,True,0,replace_filter,replace_filter,0.14606741573033707,True,1,agree,0.021335689938139123
310,fcfs,a0j0,False,1,reset_sensor,replace_filter,0.1836734693877551,True,1,disagree,0.6663890045814245
310,fcfs,a1j0,True,0,replace_filter,replace_filter,0.14606741573033707,True,1,agree,0.021335689938139123
310,fcfs,a2j0,True,0,reset_sensor,reset_sensor,0.14606741573033707,False,1,agree,0.021335689938139123
310,fcfs,a0j1,True,0,replace_filter,replace_filter,0.14606741573033707,True,1,agree,0.021335689938139123
310,fcfs,a1j1,True,0,reset_sensor,reset_sensor,0.14606741573033707,True,1,agree,0.021335689938139123
310,fcfs,a2j1,True,0,replace_filter,replace_filter,0.14606741573033707,True,1,agree,0.021335689938139123
310,uncertainty,a0j0,False,1,reset_sensor,replace_filter,0.1836734693877551,True,1,disagree,0.6663890045814245
310,uncertainty,a1j0,True,0,replace_filter,replace_filter,0.14606741573033707,True,1,agree,0.021335689938139123
310,uncertainty,a2j0,True,0,reset_sensor,reset_sensor,0.14606741573033707,False,1,agree,0.021335689938139123
310,uncertainty,a0j1,True,0,replace_filter,replace_filter,0.14606741573033707,True,1,agree,0.021335689938139123
310,uncertainty,a1j1,True,0,reset_sensor,reset_sensor,0.14606741573033707,True,1,agree,0.021335689938139123
310,uncertainty,a2j1,True,0,replace_filter,replace_filter,0.14606741573033707,True,1,agree,0.021335689938139123
310,greedy,a0j0,False,1,reset_sensor,replace_filter,0.1836734693877551,True,2,disagree,0.6663890045814245
310,greedy,a1j0,True,0,replace_filter,replace_filter,0.14606741573033707,True,2,agree,0.021335689938139123
310,greedy,a2j0,True,0,reset_sensor,reset_sensor,0.14606741573033707,False,2,agree,0.021335689938139123
310,greedy,a0j1,True,0,replace_filter,replace_filter,0.14606741573033707,True,2,agree,0.021335689938139123
310,greedy,a1j1,True,0,reset_sensor,reset_sensor,0.14606741573033707,False,2,agree,0.021335689938139123
310,greedy,a2j1,True,0,replace_filter,replace_filter,0.14606741573033707,True,2,agree,0.021335689938139123
310,edf,a0j0,False,1,reset_sensor,replace_filter,0.1836734693877551,False,2,disagree,0.6663890045814245
310,edf,a1j0,True,0,replace_filter,replace_filter,0.14606741573033707,True,2,agree,0.021335689938139123
310,edf,a2j0,True,0,reset_sensor,reset_sensor,0.14606741573033707,True,2,agree,0.021335689938139123
310,edf,a0j1,True,1,reset_sensor,reset_sensor,0.14606741573033707,True,2,agree,0.729200858477465
310,edf,a1j1,True,0,reset_sensor,reset_sensor,0.14606741573033707,True,2,agree,0.021335689938139123
310,edf,a2j1,True,0,replace_filter,replace_filter,0.14606741573033707,False,2,agree,0.021335689938139123
310,delay,a0j0,False,1,reset_sensor,replace_filter,0.1836734693877551,False,2,disagree,0.6663890045814245
310,delay,a1j0,True,0,replace_filter,replace_filter,0.14606741573033707,True,2,agree,0.021335689938139123
310,delay,a2j0,True,0,reset_sensor,reset_sensor,0.14606741573033707,True,2,agree,0.021335689938139123
310,delay,a0j1,True,1,reset_sensor,reset_sensor,0.14606741573033707,True,2,agree,0.729200858477465
310,delay,a1j1,True,0,reset_sensor,reset_sensor,0.14606741573033707,True,2,agree,0.021335689938139123
310,delay,a2j1,True,0,replace_filter,replace_filter,0.14606741573033707,False,2,agree,0.021335689938139123
310,fcfs,a0j0,False,1,reset_sensor,replace_filter,0.1836734693877551,True,2,disagree,0.6663890045814245
310,fcfs,a1j0,True,0,replace_filter,replace_filter,0.14606741573033707,True,2,agree,0.021335689938139123
310,fcfs,a2j0,True,0,reset_sensor,reset_sensor,0.14606741573033707,False,2,agree,0.021335689938139123
310,fcfs,a0j1,True,0,replace_filter,replace_filter,0.14606741573033707,True,2,agree,0.021335689938139123
310,fcfs,a1j1,True,0,reset_sensor,reset_sensor,0.14606741573033707,False,2,agree,0.021335689938139123
310,fcfs,a2j1,True,0,replace_filter,replace_filter,0.14606741573033707,True,2,agree,0.021335689938139123
310,uncertainty,a0j0,False,1,reset_sensor,replace_filter,0.1836734693877551,True,2,disagree,0.6663890045814245
310,uncertainty,a1j0,True,0,replace_filter,replace_filter,0.14606741573033707,True,2,agree,0.021335689938139123
310,uncertainty,a2j0,True,0,reset_sensor,reset_sensor,0.14606741573033707,False,2,agree,0.021335689938139123
310,uncertainty,a0j1,True,0,replace_filter,replace_filter,0.14606741573033707,True,2,agree,0.021335689938139123
310,uncertainty,a1j1,True,0,reset_sensor,reset_sensor,0.14606741573033707,False,2,agree,0.021335689938139123
310,uncertainty,a2j1,True,0,replace_filter,replace_filter,0.14606741573033707,True,2,agree,0.021335689938139123
310,myopic,a0j0,False,1,reset_sensor,replace_filter,0.1836734693877551,True,2,disagree,0.6663890045814245
310,myopic,a1j0,True,0,replace_filter,replace_filter,0.14606741573033707,True,2,agree,0.021335689938139123
310,myopic,a2j0,True,0,reset_sensor,reset_sensor,0.14606741573033707,False,2,agree,0.021335689938139123
310,myopic,a0j1,True,0,replace_filter,replace_filter,0.14606741573033707,True,2,agree,0.021335689938139123
310,myopic,a1j1,True,0,reset_sensor,reset_sensor,0.14606741573033707,False,2,agree,0.021335689938139123
310,myopic,a2j1,True,0,replace_filter,replace_filter,0.14606741573033707,True,2,agree,0.021335689938139123
311,edf,a0j0,True,0,replace_filter,replace_filter,0.14606741573033707,True,2,agree,0.021335689938139123
311,edf,a1j0,True,0,replace_filter,replace_filter,0.14606741573033707,True,2,agree,0.021335689938139123
311,edf,a2j0,True,1,replace_filter,replace_filter,0.14606741573033707,False,2,agree,0.729200858477465
311,edf,a0j1,True,0,replace_filter,replace_filter,0.14606741573033707,True,2,agree,0.021335689938139123
311,edf,a1j1,True,0,reset_sensor,reset_sensor,0.14606741573033707,False,2,agree,0.021335689938139123
311,edf,a2j1,True,1,replace_filter,replace_filter,0.14606741573033707,True,2,agree,0.729200858477465
311,delay,a0j0,True,0,replace_filter,replace_filter,0.14606741573033707,False,2,agree,0.021335689938139123
311,delay,a1j0,True,0,replace_filter,replace_filter,0.14606741573033707,True,2,agree,0.021335689938139123
311,delay,a2j0,True,1,replace_filter,replace_filter,0.14606741573033707,True,2,agree,0.729200858477465
311,delay,a0j1,True,0,replace_filter,replace_filter,0.14606741573033707,False,2,agree,0.021335689938139123
311,delay,a1j1,True,0,reset_sensor,reset_sensor,0.14606741573033707,True,2,agree,0.021335689938139123
311,delay,a2j1,True,1,replace_filter,replace_filter,0.14606741573033707,True,2,agree,0.729200858477465
311,fcfs,a0j0,True,0,replace_filter,replace_filter,0.14606741573033707,True,2,agree,0.021335689938139123
311,fcfs,a1j0,True,0,replace_filter,replace_filter,0.14606741573033707,False,2,agree,0.021335689938139123
311,fcfs,a2j0,True,1,replace_filter,replace_filter,0.14606741573033707,True,2,agree,0.729200858477465
311,fcfs,a0j1,True,0,replace_filter,replace_filter,0.14606741573033707,True,2,agree,0.021335689938139123
311,fcfs,a1j1,True,0,reset_sensor,reset_sensor,0.14606741573033707,True,2,agree,0.021335689938139123
311,fcfs,a2j1,True,1,replace_filter,replace_filter,0.14606741573033707,False,2,agree,0.729200858477465
311,uncertainty,a0j0,True,0,replace_filter,replace_filter,0.14606741573033707,True,2,agree,0.021335689938139123
311,uncertainty,a1j0,True,0,replace_filter,replace_filter,0.14606741573033707,False,2,agree,0.021335689938139123
311,uncertainty,a2j0,True,1,replace_filter,replace_filter,0.14606741573033707,True,2,agree,0.729200858477465
311,uncertainty,a0j1,True,0,replace_filter,replace_filter,0.14606741573033707,True,2,agree,0.021335689938139123
311,uncertainty,a1j1,True,0,reset_sensor,reset_sensor,0.14606741573033707,True,2,agree,0.021335689938139123
311,uncertainty,a2j1,True,1,replace_filter,replace_filter,0.14606741573033707,False,2,agree,0.729200858477465
311,myopic,a0j0,True,0,replace_filter,replace_filter,0.14606741573033707,True,2,agree,0.021335689938139123
311,myopic,a1j0,True,0,replace_filter,replace_filter,0.14606741573033707,False,2,agree,0.021335689938139123
311,myopic,a2j0,True,1,replace_filter,replace_filter,0.14606741573033707,True,2,agree,0.729200858477465
311,myopic,a0j1,True,0,replace_filter,replace_filter,0.14606741573033707,False,2,agree,0.021335689938139123
311,myopic,a1j1,True,0,reset_sensor,reset_sensor,0.14606741573033707,True,2,agree,0.021335689938139123
311,myopic,a2j1,True,1,replace_filter,replace_filter,0.14606741573033707,True,2,agree,0.729200858477465
311,greedy,a0j0,True,0,replace_filter,replace_filter,0.14606741573033707,True,2,agree,0.021335689938139123
311,greedy,a1j0,True,0,replace_filter,replace_filter,0.14606741573033707,False,2,agree,0.021335689938139123
311,greedy,a2j0,True,1,replace_filter,replace_filter,0.14606741573033707,True,2,agree,0.729200858477465
311,greedy,a0j1,True,0,replace_filter,replace_filter,0.14606741573033707,False,2,agree,0.021335689938139123
311,greedy,a1j1,True,0,reset_sensor,reset_sensor,0.14606741573033707,True,2,agree,0.021335689938139123
311,greedy,a2j1,True,1,replace_filter,replace_filter,0.14606741573033707,True,2,agree,0.729200858477465
311,delay,a0j0,True,0,replace_filter,replace_filter,0.14606741573033707,True,1,agree,0.021335689938139123
311,delay,a1j0,True,0,replace_filter,replace_filter,0.14606741573033707,True,1,agree,0.021335689938139123
311,delay,a2j0,True,1,replace_filter,replace_filter,0.14606741573033707,True,1,agree,0.729200858477465
311,delay,a0j1,True,0,replace_filter,replace_filter,0.14606741573033707,True,1,agree,0.021335689938139123
311,delay,a1j1,True,0,reset_sensor,reset_sensor,0.14606741573033707,True,1,agree,0.021335689938139123
311,delay,a2j1,True,1,replace_filter,replace_filter,0.14606741573033707,True,1,agree,0.729200858477465
311,fcfs,a0j0,True,0,replace_filter,replace_filter,0.14606741573033707,True,1,agree,0.021335689938139123
311,fcfs,a1j0,True,0,replace_filter,replace_filter,0.14606741573033707,True,1,agree,0.021335689938139123
311,fcfs,a2j0,True,1,replace_filter,replace_filter,0.14606741573033707,True,1,agree,0.729200858477465
311,fcfs,a0j1,True,0,replace_filter,replace_filter,0.14606741573033707,True,1,agree,0.021335689938139123
311,fcfs,a1j1,True,0,reset_sensor,reset_sensor,0.14606741573033707,True,1,agree,0.021335689938139123
311,fcfs,a2j1,True,1,replace_filter,replace_filter,0.14606741573033707,False,1,agree,0.729200858477465
311,uncertainty,a0j0,True,0,replace_filter,replace_filter,0.14606741573033707,True,1,agree,0.021335689938139123
311,uncertainty,a1j0,True,0,replace_filter,replace_filter,0.14606741573033707,True,1,agree,0.021335689938139123
311,uncertainty,a2j0,True,1,replace_filter,replace_filter,0.14606741573033707,True,1,agree,0.729200858477465
311,uncertainty,a0j1,True,0,replace_filter,replace_filter,0.14606741573033707,True,1,agree,0.021335689938139123
311,uncertainty,a1j1,True,0,reset_sensor,reset_sensor,0.14606741573033707,True,1,agree,0.021335689938139123
311,uncertainty,a2j1,True,1,replace_filter,replace_filter,0.14606741573033707,False,1,agree,0.729200858477465
311,myopic,a0j0,True,0,replace_filter,replace_filter,0.14606741573033707,True,1,agree,0.021335689938139123
311,myopic,a1j0,True,0,replace_filter,replace_filter,0.14606741573033707,True,1,agree,0.021335689938139123
311,myopic,a2j0,True,1,replace_filter,replace_filter,0.14606741573033707,True,1,agree,0.729200858477465
311,myopic,a0j1,True,0,replace_filter,replace_filter,0.14606741573033707,True,1,agree,0.021335689938139123
311,myopic,a1j1,True,0,reset_sensor,reset_sensor,0.14606741573033707,True,1,agree,0.021335689938139123
311,myopic,a2j1,True,1,replace_filter,replace_filter,0.14606741573033707,True,1,agree,0.729200858477465
311,greedy,a0j0,True,0,replace_filter,replace_filter,0.14606741573033707,True,1,agree,0.021335689938139123
311,greedy,a1j0,True,0,replace_filter,replace_filter,0.14606741573033707,True,1,agree,0.021335689938139123
311,greedy,a2j0,True,1,replace_filter,replace_filter,0.14606741573033707,True,1,agree,0.729200858477465
311,greedy,a0j1,True,0,replace_filter,replace_filter,0.14606741573033707,True,1,agree,0.021335689938139123
311,greedy,a1j1,True,0,reset_sensor,reset_sensor,0.14606741573033707,True,1,agree,0.021335689938139123
311,greedy,a2j1,True,1,replace_filter,replace_filter,0.14606741573033707,True,1,agree,0.729200858477465
311,edf,a0j0,True,0,replace_filter,replace_filter,0.14606741573033707,True,1,agree,0.021335689938139123
311,edf,a1j0,True,0,replace_filter,replace_filter,0.14606741573033707,True,1,agree,0.021335689938139123
311,edf,a2j0,True,1,replace_filter,replace_filter,0.14606741573033707,True,1,agree,0.729200858477465
311,edf,a0j1,True,0,replace_filter,replace_filter,0.14606741573033707,True,1,agree,0.021335689938139123
311,edf,a1j1,True,0,reset_sensor,reset_sensor,0.14606741573033707,True,1,agree,0.021335689938139123
311,edf,a2j1,True,1,replace_filter,replace_filter,0.14606741573033707,True,1,agree,0.729200858477465
312,fcfs,a0j0,True,1,replace_filter,replace_filter,0.14606741573033707,True,1,agree,0.729200858477465
312,fcfs,a1j0,True,0,replace_filter,replace_filter,0.14606741573033707,True,1,agree,0.021335689938139123
312,fcfs,a2j0,True,0,reset_sensor,reset_sensor,0.14606741573033707,False,1,agree,0.021335689938139123
312,fcfs,a0j1,True,0,replace_filter,replace_filter,0.14606741573033707,True,1,agree,0.021335689938139123
312,fcfs,a1j1,True,1,replace_filter,replace_filter,0.14606741573033707,True,1,agree,0.729200858477465
312,fcfs,a2j1,True,0,replace_filter,replace_filter,0.14606741573033707,True,1,agree,0.021335689938139123
312,uncertainty,a0j0,True,1,replace_filter,replace_filter,0.14606741573033707,True,1,agree,0.729200858477465
312,uncertainty,a1j0,True,0,replace_filter,replace_filter,0.14606741573033707,True,1,agree,0.021335689938139123
312,uncertainty,a2j0,True,0,reset_sensor,reset_sensor,0.14606741573033707,False,1,agree,0.021335689938139123
312,uncertainty,a0j1,True,0,replace_filter,replace_filter,0.14606741573033707,True,1,agree,0.021335689938139123
312,uncertainty,a1j1,True,1,replace_filter,replace_filter,0.14606741573033707,True,1,agree,0.729200858477465
312,uncertainty,a2j1,True,0,replace_filter,replace_filter,0.14606741573033707,True,1,agree,0.021335689938139123
312,myopic,a0j0,True,1,replace_filter,replace_filter,0.14606741573033707,True,1,agree,0.729200858477465
312,myopic,a1j0,True,0,replace_filter,replace_filter,0.14606741573033707,True,1,agree,0.021335689938139123
312,myopic,a2j0,True,0,reset_sensor,reset_sensor,0.14606741573033707,False,1,agree,0.021335689938139123
312,myopic,a0j1,True,0,replace_filter,replace_filter,0.14606741573033707,True,1,agree,0.021335689938139123
312,myopic,a1j1,True,1,replace_filter,replace_filter,0.14606741573033707,True,1,agree,0.729200858477465
312,myopic,a2j1,True,0,replace_filter,replace_filter,0.14606741573033707,True,1,agree,0.021335689938139123
312,greedy,a0j0,True,1,replace_filter,replace_filter,0.14606741573033707,True,1,agree,0.729200858477465
312,greedy,a1j0,True,0,replace_filter,replace_filter,0.14606741573033707,True,1,agree,0.021335689938139123
312,greedy,a2j0,True,0,reset_sensor,reset_sensor,0.14606741573033707,False,1,agree,0.021335689938139123
312,greedy,a0j1,True,0,replace_filter,replace_filter,0.14606741573033707,True,1,agree,0.021335689938139123
312,greedy,a1j1,True,1,replace_filter,replace_filter,0.14606741573033707,True,1,agree,0.729200858477465
312,greedy,a2j1,True,0,replace_filter,replace_filter,0.14606741573033707,True,1,agree,0.021335689938139123
312,edf,a0j0,True,1,replace_filter,replace_filter,0.14606741573033707,True,1,agree,0.729200858477465
312,edf,a1j0,True,0,replace_filter,replace_filter,0.14606741573033707,True,1,agree,0.021335689938139123
312,edf,a2j0,True,0,reset_sensor,reset_sensor,0.14606741573033707,True,1,agree,0.021335689938139123
312,edf,a0j1,True,0,replace_filter,replace_filter,0.14606741573033707,True,1,agree,0.021335689938139123
312,edf,a1j1,True,1,replace_filter,replace_filter,0.14606741573033707,True,1,agree,0.729200858477465
312,edf,a2j1,True,0,replace_filter,replace_filter,0.14606741573033707,True,1,agree,0.021335689938139123
312,delay,a0j0,True,1,replace_filter,replace_filter,0.14606741573033707,True,1,agree,0.729200858477465
312,delay,a1j0,True,0,replace_filter,replace_filter,0.14606741573033707,True,1,agree,0.021335689938139123
312,delay,a2j0,True,0,reset_sensor,reset_sensor,0.14606741573033707,True,1,agree,0.021335689938139123
312,delay,a0j1,True,0,replace_filter,replace_filter,0.14606741573033707,True,1,agree,0.021335689938139123
312,delay,a1j1,True,1,replace_filter,replace_filter,0.14606741573033707,True,1,agree,0.729200858477465
312,delay,a2j1,True,0,replace_filter,replace_filter,0.14606741573033707,True,1,agree,0.021335689938139123
312,uncertainty,a0j0,True,1,replace_filter,replace_filter,0.14606741573033707,True,2,agree,0.729200858477465
312,uncertainty,a1j0,True,0,replace_filter,replace_filter,0.14606741573033707,True,2,agree,0.021335689938139123
312,uncertainty,a2j0,True,0,reset_sensor,reset_sensor,0.14606741573033707,False,2,agree,0.021335689938139123
312,uncertainty,a0j1,True,0,replace_filter,replace_filter,0.14606741573033707,True,2,agree,0.021335689938139123
312,uncertainty,a1j1,True,1,replace_filter,replace_filter,0.14606741573033707,True,2,agree,0.729200858477465
312,uncertainty,a2j1,True,0,replace_filter,replace_filter,0.14606741573033707,False,2,agree,0.021335689938139123
312,myopic,a0j0,True,1,replace_filter,replace_filter,0.14606741573033707,True,2,agree,0.729200858477465
312,myopic,a1j0,True,0,replace_filter,replace_filter,0.14606741573033707,True,2,agree,0.021335689938139123
312,myopic,a2j0,True,0,reset_sensor,reset_sensor,0.14606741573033707,False,2,agree,0.021335689938139123
312,myopic,a0j1,True,0,replace_filter,replace_filter,0.14606741573033707,False,2,agree,0.021335689938139123
312,myopic,a1j1,True,1,replace_filter,replace_filter,0.14606741573033707,True,2,agree,0.729200858477465
312,myopic,a2j1,True,0,replace_filter,replace_filter,0.14606741573033707,True,2,agree,0.021335689938139123
312,greedy,a0j0,True,1,replace_filter,replace_filter,0.14606741573033707,True,2,agree,0.729200858477465
312,greedy,a1j0,True,0,replace_filter,replace_filter,0.14606741573033707,True,2,agree,0.021335689938139123
312,greedy,a2j0,True,0,reset_sensor,reset_sensor,0.14606741573033707,False,2,agree,0.021335689938139123
312,greedy,a0j1,True,0,replace_filter,replace_filter,0.14606741573033707,False,2,agree,0.021335689938139123
312,greedy,a1j1,True,1,replace_filter,replace_filter,0.14606741573033707,True,2,agree,0.729200858477465
312,greedy,a2j1,True,0,replace_filter,replace_filter,0.14606741573033707,True,2,agree,0.021335689938139123
312,edf,a0j0,True,1,replace_filter,replace_filter,0.14606741573033707,False,2,agree,0.729200858477465
312,edf,a1j0,True,0,replace_filter,replace_filter,0.14606741573033707,True,2,agree,0.021335689938139123
312,edf,a2j0,True,0,reset_sensor,reset_sensor,0.14606741573033707,True,2,agree,0.021335689938139123
312,edf,a0j1,True,0,replace_filter,replace_filter,0.14606741573033707,True,2,agree,0.021335689938139123
312,edf,a1j1,True,1,replace_filter,replace_filter,0.14606741573033707,True,2,agree,0.729200858477465
312,edf,a2j1,True,0,replace_filter,replace_filter,0.14606741573033707,False,2,agree,0.021335689938139123
312,delay,a0j0,True,1,replace_filter,replace_filter,0.14606741573033707,True,2,agree,0.729200858477465
312,delay,a1j0,True,0,replace_filter,replace_filter,0.14606741573033707,True,2,agree,0.021335689938139123
312,delay,a2j0,True,0,reset_sensor,reset_sensor,0.14606741573033707,False,2,agree,0.021335689938139123
312,delay,a0j1,True,0,replace_filter,replace_filter,0.14606741573033707,True,2,agree,0.021335689938139123
312,delay,a1j1,True,1,replace_filter,replace_filter,0.14606741573033707,True,2,agree,0.729200858477465
312,delay,a2j1,True,0,replace_filter,replace_filter,0.14606741573033707,False,2,agree,0.021335689938139123
312,fcfs,a0j0,True,1,replace_filter,replace_filter,0.14606741573033707,True,2,agree,0.729200858477465
312,fcfs,a1j0,True,0,replace_filter,replace_filter,0.14606741573033707,True,2,agree,0.021335689938139123
312,fcfs,a2j0,True,0,reset_sensor,reset_sensor,0.14606741573033707,False,2,agree,0.021335689938139123
312,fcfs,a0j1,True,0,replace_filter,replace_filter,0.14606741573033707,True,2,agree,0.021335689938139123
312,fcfs,a1j1,True,1,replace_filter,replace_filter,0.14606741573033707,True,2,agree,0.729200858477465
312,fcfs,a2j1,True,0,replace_filter,replace_filter,0.14606741573033707,False,2,agree,0.021335689938139123
313,myopic,a0j0,True,0,reset_sensor,reset_sensor,0.14606741573033707,False,2,agree,0.021335689938139123
313,myopic,a1j0,True,0,replace_filter,replace_filter,0.14606741573033707,True,2,agree,0.021335689938139123
313,myopic,a2j0,True,0,reset_sensor,reset_sensor,0.14606741573033707,True,2,agree,0.021335689938139123
313,myopic,a0j1,True,0,reset_sensor,reset_sensor,0.14606741573033707,True,2,agree,0.021335689938139123
313,myopic,a1j1,True,0,reset_sensor,reset_sensor,0.14606741573033707,False,2,agree,0.021335689938139123
313,myopic,a2j1,True,0,replace_filter,replace_filter,0.14606741573033707,True,2,agree,0.021335689938139123
313,greedy,a0j0,True,0,reset_sensor,reset_sensor,0.14606741573033707,False,2,agree,0.021335689938139123
313,greedy,a1j0,True,0,replace_filter,replace_filter,0.14606741573033707,True,2,agree,0.021335689938139123
313,greedy,a2j0,True,0,reset_sensor,reset_sensor,0.14606741573033707,True,2,agree,0.021335689938139123
313,greedy,a0j1,True,0,reset_sensor,reset_sensor,0.14606741573033707,True,2,agree,0.021335689938139123
313,greedy,a1j1,True,0,reset_sensor,reset_sensor,0.14606741573033707,False,2,agree,0.021335689938139123
313,greedy,a2j1,True,0,replace_filter,replace_filter,0.14606741573033707,True,2,agree,0.021335689938139123
313,edf,a0j0,True,0,reset_sensor,reset_sensor,0.14606741573033707,True,2,agree,0.021335689938139123
313,edf,a1j0,True,0,replace_filter,replace_filter,0.14606741573033707,True,2,agree,0.021335689938139123
313,edf,a2j0,True,0,reset_sensor,reset_sensor,0.14606741573033707,False,2,agree,0.021335689938139123
313,edf,a0j1,False,1,replace_filter,reset_sensor,0.1836734693877551,True,2,disagree,0.6663890045814245
313,edf,a1j1,True,0,reset_sensor,reset_sensor,0.14606741573033707,False,2,agree,0.021335689938139123
313,edf,a2j1,True,0,replace_filter,replace_filter,0.14606741573033707,True,2,agree,0.021335689938139123
313,delay,a0j0,True,0,reset_sensor,reset_sensor,0.14606741573033707,True,2,agree,0.021335689938139123
313,delay,a1j0,True,0,replace_filter,replace_filter,0.14606741573033707,True,2,agree,0.021335689938139123
313,delay,a2j0,True,0,reset_sensor,reset_sensor,0.14606741573033707,False,2,agree,0.021335689938139123
313,delay,a0j1,False,1,replace_filter,reset_sensor,0.1836734693877551,True,2,disagree,0.6663890045814245
313,delay,a1j1,True,0,reset_sensor,reset_sensor,0.14606741573033707,False,2,agree,0.021335689938139123
313,delay,a2j1,True,0,replace_filter,replace_filter,0.14606741573033707,True,2,agree,0.021335689938139123
313,fcfs,a0j0,True,0,reset_sensor,reset_sensor,0.14606741573033707,True,2,agree,0.021335689938139123
313,fcfs,a1j0,True,0,replace_filter,replace_filter,0.14606741573033707,True,2,agree,0.021335689938139123
313,fcfs,a2j0,True,0,reset_sensor,reset_sensor,0.14606741573033707,False,2,agree,0.021335689938139123
313,fcfs,a0j1,False,1,replace_filter,reset_sensor,0.1836734693877551,True,2,disagree,0.6663890045814245
313,fcfs,a1j1,True,0,reset_sensor,reset_sensor,0.14606741573033707,True,2,agree,0.021335689938139123
313,fcfs,a2j1,True,0,replace_filter,replace_filter,0.14606741573033707,False,2,agree,0.021335689938139123
313,uncertainty,a0j0,True,0,reset_sensor,reset_sensor,0.14606741573033707,True,2,agree,0.021335689938139123
313,uncertainty,a1j0,True,0,replace_filter,replace_filter,0.14606741573033707,True,2,agree,0.021335689938139123
313,uncertainty,a2j0,True,0,reset_sensor,reset_sensor,0.14606741573033707,False,2,agree,0.021335689938139123
313,uncertainty,a0j1,False,1,replace_filter,reset_sensor,0.1836734693877551,True,2,disagree,0.6663890045814245
313,uncertainty,a1j1,True,0,reset_sensor,reset_sensor,0.14606741573033707,True,2,agree,0.021335689938139123
313,uncertainty,a2j1,True,0,replace_filter,replace_filter,0.14606741573033707,False,2,agree,0.021335689938139123
313,greedy,a0j0,True,0,reset_sensor,reset_sensor,0.14606741573033707,True,1,agree,0.021335689938139123
313,greedy,a1j0,True,0,replace_filter,replace_filter,0.14606741573033707,True,1,agree,0.021335689938139123
313,greedy,a2j0,True,0,reset_sensor,reset_sensor,0.14606741573033707,True,1,agree,0.021335689938139123
313,greedy,a0j1,False,1,replace_filter,reset_sensor,0.1836734693877551,True,1,disagree,0.6663890045814245
313,greedy,a1j1,True,0,reset_sensor,reset_sensor,0.14606741573033707,True,1,agree,0.021335689938139123
313,greedy,a2j1,True,0,replace_filter,replace_filter,0.14606741573033707,True,1,agree,0.021335689938139123
313,edf,a0j0,True,0,reset_sensor,reset_sensor,0.14606741573033707,True,1,agree,0.021335689938139123
313,edf,a1j0,True,0,replace_filter,replace_filter,0.14606741573033707,True,1,agree,0.021335689938139123
313,edf,a2j0,True,0,reset_sensor,reset_sensor,0.14606741573033707,True,1,agree,0.021335689938139123
313,edf,a0j1,False,1,replace_filter,reset_sensor,0.1836734693877551,True,1,disagree,0.6663890045814245
313,edf,a1j1,True,0,reset_sensor,reset_sensor,0.14606741573033707,True,1,agree,0.021335689938139123
313,edf,a2j1,True,0,replace_filter,replace_filter,0.14606741573033707,True,1,agree,0.021335689938139123
313,delay,a0j0,True,0,reset_sensor,reset_sensor,0.14606741573033707,True,1,agree,0.021335689938139123
313,delay,a1j0,True,0,replace_filter,replace_filter,0.14606741573033707,True,1,agree,0.021335689938139123
313,delay,a2j0,True,0,reset_sensor,reset_sensor,0.14606741573033707,True,1,agree,0.021335689938139123
313,delay,a0j1,False,1,replace_filter,reset_sensor,0.1836734693877551,True,1,disagree,0.6663890045814245
313,delay,a1j1,True,0,reset_sensor,reset_sensor,0.14606741573033707,True,1,agree,0.021335689938139123
313,delay,a2j1,True,0,replace_filter,replace_filter,0.14606741573033707,True,1,agree,0.021335689938139123
313,fcfs,a0j0,True,0,reset_sensor,reset_sensor,0.14606741573033707,True,1,agree,0.021335689938139123
313,fcfs,a1j0,True,0,replace_filter,replace_filter,0.14606741573033707,True,1,agree,0.021335689938139123
313,fcfs,a2j0,True,0,reset_sensor,reset_sensor,0.14606741573033707,True,1,agree,0.021335689938139123
313,fcfs,a0j1,False,1,replace_filter,reset_sensor,0.1836734693877551,True,1,disagree,0.6663890045814245
313,fcfs,a1j1,True,0,reset_sensor,reset_sensor,0.14606741573033707,True,1,agree,0.021335689938139123
313,fcfs,a2j1,True,0,replace_filter,replace_filter,0.14606741573033707,True,1,agree,0.021335689938139123
313,uncertainty,a0j0,True,0,reset_sensor,reset_sensor,0.14606741573033707,True,1,agree,0.021335689938139123
313,uncertainty,a1j0,True,0,replace_filter,replace_filter,0.14606741573033707,True,1,agree,0.021335689938139123
313,uncertainty,a2j0,True,0,reset_sensor,reset_sensor,0.14606741573033707,True,1,agree,0.021335689938139123
313,uncertainty,a0j1,False,1,replace_filter,reset_sensor,0.1836734693877551,True,1,disagree,0.6663890045814245
313,uncertainty,a1j1,True,0,reset_sensor,reset_sensor,0.14606741573033707,True,1,agree,0.021335689938139123
313,uncertainty,a2j1,True,0,replace_filter,replace_filter,0.14606741573033707,True,1,agree,0.021335689938139123
313,myopic,a0j0,True,0,reset_sensor,reset_sensor,0.14606741573033707,True,1,agree,0.021335689938139123
313,myopic,a1j0,True,0,replace_filter,replace_filter,0.14606741573033707,True,1,agree,0.021335689938139123
313,myopic,a2j0,True,0,reset_sensor,reset_sensor,0.14606741573033707,True,1,agree,0.021335689938139123
313,myopic,a0j1,False,1,replace_filter,reset_sensor,0.1836734693877551,True,1,disagree,0.6663890045814245
313,myopic,a1j1,True,0,reset_sensor,reset_sensor,0.14606741573033707,True,1,agree,0.021335689938139123
313,myopic,a2j1,True,0,replace_filter,replace_filter,0.14606741573033707,True,1,agree,0.021335689938139123
314,edf,a0j0,True,0,reset_sensor,reset_sensor,0.14606741573033707,True,1,agree,0.021335689938139123
314,edf,a1j0,True,0,reset_sensor,reset_sensor,0.14606741573033707,True,1,agree,0.021335689938139123
314,edf,a2j0,True,0,replace_filter,replace_filter,0.14606741573033707,True,1,agree,0.021335689938139123
314,edf,a0j1,True,1,replace_filter,replace_filter,0.14606741573033707,True,1,agree,0.729200858477465
314,edf,a1j1,True,0,replace_filter,replace_filter,0.14606741573033707,True,1,agree,0.021335689938139123
314,edf,a2j1,True,0,replace_filter,replace_filter,0.14606741573033707,True,1,agree,0.021335689938139123
314,delay,a0j0,True,0,reset_sensor,reset_sensor,0.14606741573033707,True,1,agree,0.021335689938139123
314,delay,a1j0,True,0,reset_sensor,reset_sensor,0.14606741573033707,True,1,agree,0.021335689938139123
314,delay,a2j0,True,0,replace_filter,replace_filter,0.14606741573033707,True,1,agree,0.021335689938139123
314,delay,a0j1,True,1,replace_filter,replace_filter,0.14606741573033707,True,1,agree,0.729200858477465
314,delay,a1j1,True,0,replace_filter,replace_filter,0.14606741573033707,True,1,agree,0.021335689938139123
314,delay,a2j1,True,0,replace_filter,replace_filter,0.14606741573033707,True,1,agree,0.021335689938139123
314,fcfs,a0j0,True,0,reset_sensor,reset_sensor,0.14606741573033707,True,1,agree,0.021335689938139123
314,fcfs,a1j0,True,0,reset_sensor,reset_sensor,0.14606741573033707,True,1,agree,0.021335689938139123
314,fcfs,a2j0,True,0,replace_filter,replace_filter,0.14606741573033707,False,1,agree,0.021335689938139123
314,fcfs,a0j1,True,1,replace_filter,replace_filter,0.14606741573033707,True,1,agree,0.729200858477465
314,fcfs,a1j1,True,0,replace_filter,replace_filter,0.14606741573033707,True,1,agree,0.021335689938139123
314,fcfs,a2j1,True,0,replace_filter,replace_filter,0.14606741573033707,True,1,agree,0.021335689938139123
314,uncertainty,a0j0,True,0,reset_sensor,reset_sensor,0.14606741573033707,True,1,agree,0.021335689938139123
314,uncertainty,a1j0,True,0,reset_sensor,reset_sensor,0.14606741573033707,True,1,agree,0.021335689938139123
314,uncertainty,a2j0,True,0,replace_filter,replace_filter,0.14606741573033707,False,1,agree,0.021335689938139123
314,uncertainty,a0j1,True,1,replace_filter,replace_filter,0.14606741573033707,True,1,agree,0.729200858477465
314,uncertainty,a1j1,True,0,replace_filter,replace_filter,0.14606741573033707,True,1,agree,0.021335689938139123
314,uncertainty,a2j1,True,0,replace_filter,replace_filter,0.14606741573033707,True,1,agree,0.021335689938139123
314,myopic,a0j0,True,0,reset_sensor,reset_sensor,0.14606741573033707,True,1,agree,0.021335689938139123
314,myopic,a1j0,True,0,reset_sensor,reset_sensor,0.14606741573033707,True,1,agree,0.021335689938139123
314,myopic,a2j0,True,0,replace_filter,replace_filter,0.14606741573033707,True,1,agree,0.021335689938139123
314,myopic,a0j1,True,1,replace_filter,replace_filter,0.14606741573033707,False,1,agree,0.729200858477465
314,myopic,a1j1,True,0,replace_filter,replace_filter,0.14606741573033707,True,1,agree,0.021335689938139123
314,myopic,a2j1,True,0,replace_filter,replace_filter,0.14606741573033707,True,1,agree,0.021335689938139123
314,greedy,a0j0,True,0,reset_sensor,reset_sensor,0.14606741573033707,True,1,agree,0.021335689938139123
314,greedy,a1j0,True,0,reset_sensor,reset_sensor,0.14606741573033707,True,1,agree,0.021335689938139123
314,greedy,a2j0,True,0,replace_filter,replace_filter,0.14606741573033707,True,1,agree,0.021335689938139123
314,greedy,a0j1,True,1,replace_filter,replace_filter,0.14606741573033707,False,1,agree,0.729200858477465
314,greedy,a1j1,True,0,replace_filter,replace_filter,0.14606741573033707,True,1,agree,0.021335689938139123
314,greedy,a2j1,True,0,replace_filter,replace_filter,0.14606741573033707,True,1,agree,0.021335689938139123
314,delay,a0j0,True,0,reset_sensor,reset_sensor,0.14606741573033707,True,2,agree,0.021335689938139123
314,delay,a1j0,True,0,reset_sensor,reset_sensor,0.14606741573033707,False,2,agree,0.021335689938139123
314,delay,a2j0,True,0,replace_filter,replace_filter,0.14606741573033707,True,2,agree,0.021335689938139123
314,delay,a0j1,True,1,replace_filter,replace_filter,0.14606741573033707,False,2,agree,0.729200858477465
314,delay,a1j1,True,0,replace_filter,replace_filter,0.14606741573033707,True,2,agree,0.021335689938139123
314,delay,a2j1,True,0,replace_filter,replace_filter,0.14606741573033707,True,2,agree,0.021335689938139123
314,fcfs,a0j0,True,0,reset_sensor,reset_sensor,0.14606741573033707,True,2,agree,0.021335689938139123
314,fcfs,a1j0,True,0,reset_sensor,reset_sensor,0.14606741573033707,True,2,agree,0.021335689938139123
314,fcfs,a2j0,True,0,replace_filter,replace_filter,0.14606741573033707,False,2,agree,0.021335689938139123
314,fcfs,a0j1,True,1,replace_filter,replace_filter,0.14606741573033707,True,2,agree,0.729200858477465
314,fcfs,a1j1,True,0,replace_filter,replace_filter,0.14606741573033707,True,2,agree,0.021335689938139123
314,fcfs,a2j1,True,0,replace_filter,replace_filter,0.14606741573033707,False,2,agree,0.021335689938139123
314,uncertainty,a0j0,True,0,reset_sensor,reset_sensor,0.14606741573033707,True,2,agree,0.021335689938139123
314,uncertainty,a1j0,True,0,reset_sensor,reset_sensor,0.14606741573033707,True,2,agree,0.021335689938139123
314,uncertainty,a2j0,True,0,replace_filter,replace_filter,0.14606741573033707,False,2,agree,0.021335689938139123
314,uncertainty,a0j1,True,1,replace_filter,replace_filter,0.14606741573033707,True,2,agree,0.729200858477465
314,uncertainty,a1j1,True,0,replace_filter,replace_filter,0.14606741573033707,True,2,agree,0.021335689938139123
314,uncertainty,a2j1,True,0,replace_filter,replace_filter,0.14606741573033707,False,2,agree,0.021335689938139123
314,myopic,a0j0,True,0,reset_sensor,reset_sensor,0.14606741573033707,True,2,agree,0.021335689938139123
314,myopic,a1j0,True,0,reset_sensor,reset_sensor,0.14606741573033707,True,2,agree,0.021335689938139123
314,myopic,a2j0,True,0,replace_filter,replace_filter,0.14606741573033707,False,2,agree,0.021335689938139123
314,myopic,a0j1,True,1,replace_filter,replace_filter,0.14606741573033707,False,2,agree,0.729200858477465
314,myopic,a1j1,True,0,replace_filter,replace_filter,0.14606741573033707,True,2,agree,0.021335689938139123
314,myopic,a2j1,True,0,replace_filter,replace_filter,0.14606741573033707,True,2,agree,0.021335689938139123
314,greedy,a0j0,True,0,reset_sensor,reset_sensor,0.14606741573033707,True,2,agree,0.021335689938139123
314,greedy,a1j0,True,0,reset_sensor,reset_sensor,0.14606741573033707,True,2,agree,0.021335689938139123
314,greedy,a2j0,True,0,replace_filter,replace_filter,0.14606741573033707,False,2,agree,0.021335689938139123
314,greedy,a0j1,True,1,replace_filter,replace_filter,0.14606741573033707,False,2,agree,0.729200858477465
314,greedy,a1j1,True,0,replace_filter,replace_filter,0.14606741573033707,True,2,agree,0.021335689938139123
314,greedy,a2j1,True,0,replace_filter,replace_filter,0.14606741573033707,True,2,agree,0.021335689938139123
314,edf,a0j0,True,0,reset_sensor,reset_sensor,0.14606741573033707,False,2,agree,0.021335689938139123
314,edf,a1j0,True,0,reset_sensor,reset_sensor,0.14606741573033707,True,2,agree,0.021335689938139123
314,edf,a2j0,True,0,replace_filter,replace_filter,0.14606741573033707,True,2,agree,0.021335689938139123
314,edf,a0j1,True,0,reset_sensor,reset_sensor,0.14606741573033707,True,2,agree,0.021335689938139123
314,edf,a1j1,True,0,replace_filter,replace_filter,0.14606741573033707,False,2,agree,0.021335689938139123
314,edf,a2j1,True,0,replace_filter,replace_filter,0.14606741573033707,True,2,agree,0.021335689938139123
315,fcfs,a0j0,True,0,reset_sensor,reset_sensor,0.14606741573033707,True,2,agree,0.021335689938139123
315,fcfs,a1j0,True,0,replace_filter,replace_filter,0.14606741573033707,True,2,agree,0.021335689938139123
315,fcfs,a2j0,True,0,reset_sensor,reset_sensor,0.14606741573033707,False,2,agree,0.021335689938139123
315,fcfs,a0j1,True,0,reset_sensor,reset_sensor,0.14606741573033707,True,2,agree,0.021335689938139123
315,fcfs,a1j1,False,0,reset_sensor,replace_filter,0.1836734693877551,False,2,disagree,0.03373594335693461
315,fcfs,a2j1,False,0,reset_sensor,replace_filter,0.1836734693877551,True,2,disagree,0.03373594335693461
315,uncertainty,a0j0,True,0,reset_sensor,reset_sensor,0.14606741573033707,True,2,agree,0.021335689938139123
315,uncertainty,a1j0,True,0,replace_filter,replace_filter,0.14606741573033707,True,2,agree,0.021335689938139123
315,uncertainty,a2j0,True,0,reset_sensor,reset_sensor,0.14606741573033707,False,2,agree,0.021335689938139123
315,uncertainty,a0j1,True,0,reset_sensor,reset_sensor,0.14606741573033707,False,2,agree,0.021335689938139123
315,uncertainty,a1j1,False,0,reset_sensor,replace_filter,0.1836734693877551,True,2,disagree,0.03373594335693461
315,uncertainty,a2j1,False,0,reset_sensor,replace_filter,0.1836734693877551,True,2,disagree,0.03373594335693461
315,myopic,a0j0,True,0,reset_sensor,reset_sensor,0.14606741573033707,False,2,agree,0.021335689938139123
315,myopic,a1j0,True,0,replace_filter,replace_filter,0.14606741573033707,True,2,agree,0.021335689938139123
315,myopic,a2j0,True,0,reset_sensor,reset_sensor,0.14606741573033707,True,2,agree,0.021335689938139123
315,myopic,a0j1,True,0,reset_sensor,reset_sensor,0.14606741573033707,True,2,agree,0.021335689938139123
315,myopic,a1j1,False,0,reset_sensor,replace_filter,0.1836734693877551,False,2,disagree,0.03373594335693461
315,myopic,a2j1,True,1,replace_filter,replace_filter,0.14606741573033707,True,2,agree,0.729200858477465
315,greedy,a0j0,True,0,reset_sensor,reset_sensor,0.14606741573033707,False,2,agree,0.021335689938139123
315,greedy,a1j0,True,0,replace_filter,replace_filter,0.14606741573033707,True,2,agree,0.021335689938139123
315,greedy,a2j0,True,0,reset_sensor,reset_sensor,0.14606741573033707,True,2,agree,0.021335689938139123
315,greedy,a0j1,True,0,reset_sensor,reset_sensor,0.14606741573033707,True,2,agree,0.021335689938139123
315,greedy,a1j1,False,0,reset_sensor,replace_filter,0.1836734693877551,False,2,disagree,0.03373594335693461
315,greedy,a2j1,True,1,replace_filter,replace_filter,0.14606741573033707,True,2,agree,0.729200858477465
315,edf,a0j0,True,0,reset_sensor,reset_sensor,0.14606741573033707,True,2,agree,0.021335689938139123
315,edf,a1j0,True,0,replace_filter,replace_filter,0.14606741573033707,False,2,agree,0.021335689938139123
315,edf,a2j0,True,0,reset_sensor,reset_sensor,0.14606741573033707,True,2,agree,0.021335689938139123
315,edf,a0j1,True,0,reset_sensor,reset_sensor,0.14606741573033707,False,2,agree,0.021335689938139123
315,edf,a1j1,True,0,reset_sensor,reset_sensor,0.14606741573033707,True,2,agree,0.021335689938139123
315,edf,a2j1,True,1,replace_filter,replace_filter,0.14606741573033707,True,2,agree,0.729200858477465
315,delay,a0j0,True,0,reset_sensor,reset_sensor,0.14606741573033707,False,2,agree,0.021335689938139123
315,delay,a1j0,True,0,replace_filter,replace_filter,0.14606741573033707,True,2,agree,0.021335689938139123
315,delay,a2j0,True,0,reset_sensor,reset_sensor,0.14606741573033707,True,2,agree,0.021335689938139123
315,delay,a0j1,True,0,reset_sensor,reset_sensor,0.14606741573033707,True,2,agree,0.021335689938139123
315,delay,a1j1,False,0,reset_sensor,replace_filter,0.1836734693877551,False,2,disagree,0.03373594335693461
315,delay,a2j1,False,0,reset_sensor,replace_filter,0.1836734693877551,True,2,disagree,0.03373594335693461
315,uncertainty,a0j0,True,0,reset_sensor,reset_sensor,0.14606741573033707,True,1,agree,0.021335689938139123
315,uncertainty,a1j0,True,0,replace_filter,replace_filter,0.14606741573033707,True,1,agree,0.021335689938139123
315,uncertainty,a2j0,True,0,reset_sensor,reset_sensor,0.14606741573033707,True,1,agree,0.021335689938139123
315,uncertainty,a0j1,True,0,reset_sensor,reset_sensor,0.14606741573033707,True,1,agree,0.021335689938139123
315,uncertainty,a1j1,False,0,reset_sensor,replace_filter,0.1836734693877551,True,1,disagree,0.03373594335693461
315,uncertainty,a2j1,True,1,replace_filter,replace_filter,0.14606741573033707,True,1,agree,0.729200858477465
315,myopic,a0j0,True,0,reset_sensor,reset_sensor,0.14606741573033707,False,1,agree,0.021335689938139123
315,myopic,a1j0,True,0,replace_filter,replace_filter,0.14606741573033707,True,1,agree,0.021335689938139123
315,myopic,a2j0,True,0,reset_sensor,reset_sensor,0.14606741573033707,True,1,agree,0.021335689938139123
315,myopic,a0j1,True,0,reset_sensor,reset_sensor,0.14606741573033707,True,1,agree,0.021335689938139123
315,myopic,a1j1,False,0,reset_sensor,replace_filter,0.1836734693877551,False,1,disagree,0.03373594335693461
315,myopic,a2j1,True,1,replace_filter,replace_filter,0.14606741573033707,True,1,agree,0.729200858477465
315,greedy,a0j0,True,0,reset_sensor,reset_sensor,0.14606741573033707,False,1,agree,0.021335689938139123
315,greedy,a1j0,True,0,replace_filter,replace_filter,0.14606741573033707,True,1,agree,0.021335689938139123
315,greedy,a2j0,True,0,reset_sensor,reset_sensor,0.14606741573033707,True,1,agree,0.021335689938139123
315,greedy,a0j1,True,0,reset_sensor,reset_sensor,0.14606741573033707,True,1,agree,0.021335689938139123
315,greedy,a1j1,False,0,reset_sensor,replace_filter,0.1836734693877551,False,1,disagree,0.03373594335693461
315,greedy,a2j1,True,1,replace_filter,replace_filter,0.14606741573033707,True,1,agree,0.729200858477465
315,edf,a0j0,True,0,reset_sensor,reset_sensor,0.14606741573033707,True,1,agree,0.021335689938139123
315,edf,a1j0,True,0,replace_filter,replace_filter,0.14606741573033707,True,1,agree,0.021335689938139123
315,edf,a2j0,True,0,reset_sensor,reset_sensor,0.14606741573033707,True,1,agree,0.021335689938139123
315,edf,a0j1,True,0,reset_sensor,reset_sensor,0.14606741573033707,True,1,agree,0.021335689938139123
315,edf,a1j1,False,0,reset_sensor,replace_filter,0.1836734693877551,True,1,disagree,0.03373594335693461
315,edf,a2j1,True,1,replace_filter,replace_filter,0.14606741573033707,True,1,agree,0.729200858477465
315,delay,a0j0,True,0,reset_sensor,reset_sensor,0.14606741573033707,True,1,agree,0.021335689938139123
315,delay,a1j0,True,0,replace_filter,replace_filter,0.14606741573033707,True,1,agree,0.021335689938139123
315,delay,a2j0,True,0,reset_sensor,reset_sensor,0.14606741573033707,True,1,agree,0.021335689938139123
315,delay,a0j1,True,0,reset_sensor,reset_sensor,0.14606741573033707,True,1,agree,0.021335689938139123
315,delay,a1j1,False,0,reset_sensor,replace_filter,0.1836734693877551,True,1,disagree,0.03373594335693461
315,delay,a2j1,True,1,replace_filter,replace_filter,0.14606741573033707,True,1,agree,0.729200858477465
315,fcfs,a0j0,True,0,reset_sensor,reset_sensor,0.14606741573033707,True,1,agree,0.021335689938139123
315,fcfs,a1j0,True,0,replace_filter,replace_filter,0.14606741573033707,True,1,agree,0.021335689938139123
315,fcfs,a2j0,True,0,reset_sensor,reset_sensor,0.14606741573033707,True,1,agree,0.021335689938139123
315,fcfs,a0j1,True,0,reset_sensor,reset_sensor,0.14606741573033707,True,1,agree,0.021335689938139123
315,fcfs,a1j1,False,0,reset_sensor,replace_filter,0.1836734693877551,True,1,disagree,0.03373594335693461
315,fcfs,a2j1,True,1,replace_filter,replace_filter,0.14606741573033707,True,1,agree,0.729200858477465
