bundle_id,variant,review_duration,comparison,metric,difference
evaluation_00,reference,1,search-greedy,operational_loss,0.0
evaluation_01,reference,1,search-greedy,operational_loss,0.0
evaluation_02,reference,1,search-greedy,operational_loss,0.0
evaluation_03,reference,1,search-greedy,operational_loss,0.0
evaluation_04,reference,1,search-greedy,operational_loss,0.0
evaluation_05,reference,1,search-greedy,operational_loss,0.0
evaluation_06,reference,1,search-greedy,operational_loss,0.0
evaluation_07,reference,1,search-greedy,operational_loss,0.0
evaluation_08,reference,1,search-greedy,operational_loss,0.0
evaluation_09,reference,1,search-greedy,operational_loss,0.0
evaluation_10,reference,1,search-greedy,operational_loss,0.0
evaluation_11,reference,1,search-greedy,operational_loss,0.0
evaluation_12,reference,1,search-greedy,operational_loss,0.0
evaluation_13,reference,1,search-greedy,operational_loss,0.0
evaluation_14,reference,1,search-greedy,operational_loss,0.0
evaluation_15,reference,1,search-greedy,operational_loss,0.0
evaluation_16,reference,1,search-greedy,operational_loss,0.0
evaluation_17,reference,1,search-greedy,operational_loss,0.0
evaluation_18,reference,1,search-greedy,operational_loss,0.0
evaluation_19,reference,1,search-greedy,operational_loss,0.0
evaluation_20,reference,1,search-greedy,operational_loss,0.0
evaluation_21,reference,1,search-greedy,operational_loss,0.0
evaluation_22,reference,1,search-greedy,operational_loss,0.0
evaluation_23,reference,1,search-greedy,operational_loss,0.0
evaluation_24,reference,1,search-greedy,operational_loss,0.0
evaluation_25,reference,1,search-greedy,operational_loss,0.0
evaluation_26,reference,1,search-greedy,operational_loss,0.0
evaluation_27,reference,1,search-greedy,operational_loss,0.0
evaluation_28,reference,1,search-greedy,operational_loss,0.0
evaluation_29,reference,1,search-greedy,operational_loss,0.0
evaluation_30,reference,1,search-greedy,operational_loss,0.0
evaluation_31,reference,1,search-greedy,operational_loss,0.0
evaluation_00,reference,1,search-greedy,task_completed,0.0
evaluation_01,reference,1,search-greedy,task_completed,0.0
evaluation_02,reference,1,search-greedy,task_completed,0.0
evaluation_03,reference,1,search-greedy,task_completed,0.0
evaluation_04,reference,1,search-greedy,task_completed,0.0
evaluation_05,reference,1,search-greedy,task_completed,0.0
evaluation_06,reference,1,search-greedy,task_completed,0.0
evaluation_07,reference,1,search-greedy,task_completed,0.0
evaluation_08,reference,1,search-greedy,task_completed,0.0
evaluation_09,reference,1,search-greedy,task_completed,0.0
evaluation_10,reference,1,search-greedy,task_completed,0.0
evaluation_11,reference,1,search-greedy,task_completed,0.0
evaluation_12,reference,1,search-greedy,task_completed,0.0
evaluation_13,reference,1,search-greedy,task_completed,0.0
evaluation_14,reference,1,search-greedy,task_completed,0.0
evaluation_15,reference,1,search-greedy,task_completed,0.0
evaluation_16,reference,1,search-greedy,task_completed,0.0
evaluation_17,reference,1,search-greedy,task_completed,0.0
evaluation_18,reference,1,search-greedy,task_completed,0.0
evaluation_19,reference,1,search-greedy,task_completed,0.0
evaluation_20,reference,1,search-greedy,task_completed,0.0
evaluation_21,reference,1,search-greedy,task_completed,0.0
evaluation_22,reference,1,search-greedy,task_completed,0.0
evaluation_23,reference,1,search-greedy,task_completed,0.0
evaluation_24,reference,1,search-greedy,task_completed,0.0
evaluation_25,reference,1,search-greedy,task_completed,0.0
evaluation_26,reference,1,search-greedy,task_completed,0.0
evaluation_27,reference,1,search-greedy,task_completed,0.0
evaluation_28,reference,1,search-greedy,task_completed,0.0
evaluation_29,reference,1,search-greedy,task_completed,0.0
evaluation_30,reference,1,search-greedy,task_completed,0.0
evaluation_31,reference,1,search-greedy,task_completed,0.0
evaluation_00,reference,1,search-greedy,wrong_transactions,0.0
evaluation_01,reference,1,search-greedy,wrong_transactions,0.0
evaluation_02,reference,1,search-greedy,wrong_transactions,0.0
evaluation_03,reference,1,search-greedy,wrong_transactions,0.0
evaluation_04,reference,1,search-greedy,wrong_transactions,0.0
evaluation_05,reference,1,search-greedy,wrong_transactions,0.0
evaluation_06,reference,1,search-greedy,wrong_transactions,0.0
evaluation_07,reference,1,search-greedy,wrong_transactions,0.0
evaluation_08,reference,1,search-greedy,wrong_transactions,0.0
evaluation_09,reference,1,search-greedy,wrong_transactions,0.0
evaluation_10,reference,1,search-greedy,wrong_transactions,0.0
evaluation_11,reference,1,search-greedy,wrong_transactions,0.0
evaluation_12,reference,1,search-greedy,wrong_transactions,0.0
evaluation_13,reference,1,search-greedy,wrong_transactions,0.0
evaluation_14,reference,1,search-greedy,wrong_transactions,0.0
evaluation_15,reference,1,search-greedy,wrong_transactions,0.0
evaluation_16,reference,1,search-greedy,wrong_transactions,0.0
evaluation_17,reference,1,search-greedy,wrong_transactions,0.0
evaluation_18,reference,1,search-greedy,wrong_transactions,0.0
evaluation_19,reference,1,search-greedy,wrong_transactions,0.0
evaluation_20,reference,1,search-greedy,wrong_transactions,0.0
evaluation_21,reference,1,search-greedy,wrong_transactions,0.0
evaluation_22,reference,1,search-greedy,wrong_transactions,0.0
evaluation_23,reference,1,search-greedy,wrong_transactions,0.0
evaluation_24,reference,1,search-greedy,wrong_transactions,0.0
evaluation_25,reference,1,search-greedy,wrong_transactions,0.0
evaluation_26,reference,1,search-greedy,wrong_transactions,0.0
evaluation_27,reference,1,search-greedy,wrong_transactions,0.0
evaluation_28,reference,1,search-greedy,wrong_transactions,0.0
evaluation_29,reference,1,search-greedy,wrong_transactions,0.0
evaluation_30,reference,1,search-greedy,wrong_transactions,0.0
evaluation_31,reference,1,search-greedy,wrong_transactions,0.0
evaluation_00,reference,1,search-greedy,review_busy_ticks,0.0
evaluation_01,reference,1,search-greedy,review_busy_ticks,0.0
evaluation_02,reference,1,search-greedy,review_busy_ticks,0.0
evaluation_03,reference,1,search-greedy,review_busy_ticks,0.0
evaluation_04,reference,1,search-greedy,review_busy_ticks,0.0
evaluation_05,reference,1,search-greedy,review_busy_ticks,0.0
evaluation_06,reference,1,search-greedy,review_busy_ticks,0.0
evaluation_07,reference,1,search-greedy,review_busy_ticks,0.0
evaluation_08,reference,1,search-greedy,review_busy_ticks,0.0
evaluation_09,reference,1,search-greedy,review_busy_ticks,0.6666666666666665
evaluation_10,reference,1,search-greedy,review_busy_ticks,0.0
evaluation_11,reference,1,search-greedy,review_busy_ticks,0.3333333333333335
evaluation_12,reference,1,search-greedy,review_busy_ticks,0.3333333333333335
evaluation_13,reference,1,search-greedy,review_busy_ticks,0.0
evaluation_14,reference,1,search-greedy,review_busy_ticks,0.0
evaluation_15,reference,1,search-greedy,review_busy_ticks,0.0
evaluation_16,reference,1,search-greedy,review_busy_ticks,0.0
evaluation_17,reference,1,search-greedy,review_busy_ticks,0.0
evaluation_18,reference,1,search-greedy,review_busy_ticks,0.0
evaluation_19,reference,1,search-greedy,review_busy_ticks,0.0
evaluation_20,reference,1,search-greedy,review_busy_ticks,0.0
evaluation_21,reference,1,search-greedy,review_busy_ticks,1.0
evaluation_22,reference,1,search-greedy,review_busy_ticks,0.6666666666666665
evaluation_23,reference,1,search-greedy,review_busy_ticks,0.0
evaluation_24,reference,1,search-greedy,review_busy_ticks,0.0
evaluation_25,reference,1,search-greedy,review_busy_ticks,0.0
evaluation_26,reference,1,search-greedy,review_busy_ticks,0.0
evaluation_27,reference,1,search-greedy,review_busy_ticks,0.0
evaluation_28,reference,1,search-greedy,review_busy_ticks,0.0
evaluation_29,reference,1,search-greedy,review_busy_ticks,0.0
evaluation_30,reference,1,search-greedy,review_busy_ticks,0.0
evaluation_31,reference,1,search-greedy,review_busy_ticks,0.0
evaluation_00,reference,1,search-edf,operational_loss,0.0
evaluation_01,reference,1,search-edf,operational_loss,0.0
evaluation_02,reference,1,search-edf,operational_loss,0.0
evaluation_03,reference,1,search-edf,operational_loss,0.0
evaluation_04,reference,1,search-edf,operational_loss,0.0
evaluation_05,reference,1,search-edf,operational_loss,0.0
evaluation_06,reference,1,search-edf,operational_loss,0.0
evaluation_07,reference,1,search-edf,operational_loss,0.0
evaluation_08,reference,1,search-edf,operational_loss,0.0
evaluation_09,reference,1,search-edf,operational_loss,0.0
evaluation_10,reference,1,search-edf,operational_loss,0.0
evaluation_11,reference,1,search-edf,operational_loss,0.0
evaluation_12,reference,1,search-edf,operational_loss,0.0
evaluation_13,reference,1,search-edf,operational_loss,0.0
evaluation_14,reference,1,search-edf,operational_loss,0.0
evaluation_15,reference,1,search-edf,operational_loss,0.0
evaluation_16,reference,1,search-edf,operational_loss,0.0
evaluation_17,reference,1,search-edf,operational_loss,0.0
evaluation_18,reference,1,search-edf,operational_loss,0.0
evaluation_19,reference,1,search-edf,operational_loss,0.0
evaluation_20,reference,1,search-edf,operational_loss,0.0
evaluation_21,reference,1,search-edf,operational_loss,0.0
evaluation_22,reference,1,search-edf,operational_loss,0.0
evaluation_23,reference,1,search-edf,operational_loss,0.0
evaluation_24,reference,1,search-edf,operational_loss,0.0
evaluation_25,reference,1,search-edf,operational_loss,0.0
evaluation_26,reference,1,search-edf,operational_loss,0.0
evaluation_27,reference,1,search-edf,operational_loss,0.0
evaluation_28,reference,1,search-edf,operational_loss,0.0
evaluation_29,reference,1,search-edf,operational_loss,0.0
evaluation_30,reference,1,search-edf,operational_loss,0.0
evaluation_31,reference,1,search-edf,operational_loss,0.0
evaluation_00,reference,1,search-edf,task_completed,0.0
evaluation_01,reference,1,search-edf,task_completed,0.0
evaluation_02,reference,1,search-edf,task_completed,0.0
evaluation_03,reference,1,search-edf,task_completed,0.0
evaluation_04,reference,1,search-edf,task_completed,0.0
evaluation_05,reference,1,search-edf,task_completed,0.0
evaluation_06,reference,1,search-edf,task_completed,0.0
evaluation_07,reference,1,search-edf,task_completed,0.0
evaluation_08,reference,1,search-edf,task_completed,0.0
evaluation_09,reference,1,search-edf,task_completed,0.0
evaluation_10,reference,1,search-edf,task_completed,0.0
evaluation_11,reference,1,search-edf,task_completed,0.0
evaluation_12,reference,1,search-edf,task_completed,0.0
evaluation_13,reference,1,search-edf,task_completed,0.0
evaluation_14,reference,1,search-edf,task_completed,0.0
evaluation_15,reference,1,search-edf,task_completed,0.0
evaluation_16,reference,1,search-edf,task_completed,0.0
evaluation_17,reference,1,search-edf,task_completed,0.0
evaluation_18,reference,1,search-edf,task_completed,0.0
evaluation_19,reference,1,search-edf,task_completed,0.0
evaluation_20,reference,1,search-edf,task_completed,0.0
evaluation_21,reference,1,search-edf,task_completed,0.0
evaluation_22,reference,1,search-edf,task_completed,0.0
evaluation_23,reference,1,search-edf,task_completed,0.0
evaluation_24,reference,1,search-edf,task_completed,0.0
evaluation_25,reference,1,search-edf,task_completed,0.0
evaluation_26,reference,1,search-edf,task_completed,0.0
evaluation_27,reference,1,search-edf,task_completed,0.0
evaluation_28,reference,1,search-edf,task_completed,0.0
evaluation_29,reference,1,search-edf,task_completed,0.0
evaluation_30,reference,1,search-edf,task_completed,0.0
evaluation_31,reference,1,search-edf,task_completed,0.0
evaluation_00,reference,1,search-edf,wrong_transactions,0.0
evaluation_01,reference,1,search-edf,wrong_transactions,0.0
evaluation_02,reference,1,search-edf,wrong_transactions,0.0
evaluation_03,reference,1,search-edf,wrong_transactions,0.0
evaluation_04,reference,1,search-edf,wrong_transactions,0.0
evaluation_05,reference,1,search-edf,wrong_transactions,0.0
evaluation_06,reference,1,search-edf,wrong_transactions,0.0
evaluation_07,reference,1,search-edf,wrong_transactions,0.0
evaluation_08,reference,1,search-edf,wrong_transactions,0.0
evaluation_09,reference,1,search-edf,wrong_transactions,0.0
evaluation_10,reference,1,search-edf,wrong_transactions,0.0
evaluation_11,reference,1,search-edf,wrong_transactions,0.0
evaluation_12,reference,1,search-edf,wrong_transactions,0.0
evaluation_13,reference,1,search-edf,wrong_transactions,0.0
evaluation_14,reference,1,search-edf,wrong_transactions,0.0
evaluation_15,reference,1,search-edf,wrong_transactions,0.0
evaluation_16,reference,1,search-edf,wrong_transactions,0.0
evaluation_17,reference,1,search-edf,wrong_transactions,0.0
evaluation_18,reference,1,search-edf,wrong_transactions,0.0
evaluation_19,reference,1,search-edf,wrong_transactions,0.0
evaluation_20,reference,1,search-edf,wrong_transactions,0.0
evaluation_21,reference,1,search-edf,wrong_transactions,0.0
evaluation_22,reference,1,search-edf,wrong_transactions,0.0
evaluation_23,reference,1,search-edf,wrong_transactions,0.0
evaluation_24,reference,1,search-edf,wrong_transactions,0.0
evaluation_25,reference,1,search-edf,wrong_transactions,0.0
evaluation_26,reference,1,search-edf,wrong_transactions,0.0
evaluation_27,reference,1,search-edf,wrong_transactions,0.0
evaluation_28,reference,1,search-edf,wrong_transactions,0.0
evaluation_29,reference,1,search-edf,wrong_transactions,0.0
evaluation_30,reference,1,search-edf,wrong_transactions,0.0
evaluation_31,reference,1,search-edf,wrong_transactions,0.0
evaluation_00,reference,1,search-edf,review_busy_ticks,0.0
evaluation_01,reference,1,search-edf,review_busy_ticks,0.0
evaluation_02,reference,1,search-edf,review_busy_ticks,0.0
evaluation_03,reference,1,search-edf,review_busy_ticks,0.0
evaluation_04,reference,1,search-edf,review_busy_ticks,0.0
evaluation_05,reference,1,search-edf,review_busy_ticks,0.0
evaluation_06,reference,1,search-edf,review_busy_ticks,0.0
evaluation_07,reference,1,search-edf,review_busy_ticks,0.0
evaluation_08,reference,1,search-edf,review_busy_ticks,0.0
evaluation_09,reference,1,search-edf,review_busy_ticks,0.0
evaluation_10,reference,1,search-edf,review_busy_ticks,0.0
evaluation_11,reference,1,search-edf,review_busy_ticks,0.0
evaluation_12,reference,1,search-edf,review_busy_ticks,0.0
evaluation_13,reference,1,search-edf,review_busy_ticks,0.0
evaluation_14,reference,1,search-edf,review_busy_ticks,0.0
evaluation_15,reference,1,search-edf,review_busy_ticks,0.0
evaluation_16,reference,1,search-edf,review_busy_ticks,0.0
evaluation_17,reference,1,search-edf,review_busy_ticks,0.0
evaluation_18,reference,1,search-edf,review_busy_ticks,0.0
evaluation_19,reference,1,search-edf,review_busy_ticks,0.0
evaluation_20,reference,1,search-edf,review_busy_ticks,0.0
evaluation_21,reference,1,search-edf,review_busy_ticks,0.0
evaluation_22,reference,1,search-edf,review_busy_ticks,0.0
evaluation_23,reference,1,search-edf,review_busy_ticks,0.0
evaluation_24,reference,1,search-edf,review_busy_ticks,0.0
evaluation_25,reference,1,search-edf,review_busy_ticks,0.0
evaluation_26,reference,1,search-edf,review_busy_ticks,0.0
evaluation_27,reference,1,search-edf,review_busy_ticks,0.0
evaluation_28,reference,1,search-edf,review_busy_ticks,0.0
evaluation_29,reference,1,search-edf,review_busy_ticks,0.0
evaluation_30,reference,1,search-edf,review_busy_ticks,0.0
evaluation_31,reference,1,search-edf,review_busy_ticks,0.0
evaluation_00,reference,1,search-fcfs,operational_loss,0.0
evaluation_01,reference,1,search-fcfs,operational_loss,0.0
evaluation_02,reference,1,search-fcfs,operational_loss,0.0
evaluation_03,reference,1,search-fcfs,operational_loss,0.0
evaluation_04,reference,1,search-fcfs,operational_loss,0.0
evaluation_05,reference,1,search-fcfs,operational_loss,0.0
evaluation_06,reference,1,search-fcfs,operational_loss,0.0
evaluation_07,reference,1,search-fcfs,operational_loss,0.0
evaluation_08,reference,1,search-fcfs,operational_loss,0.0
evaluation_09,reference,1,search-fcfs,operational_loss,0.0
evaluation_10,reference,1,search-fcfs,operational_loss,0.0
evaluation_11,reference,1,search-fcfs,operational_loss,0.0
evaluation_12,reference,1,search-fcfs,operational_loss,0.0
evaluation_13,reference,1,search-fcfs,operational_loss,0.0
evaluation_14,reference,1,search-fcfs,operational_loss,0.0
evaluation_15,reference,1,search-fcfs,operational_loss,0.0
evaluation_16,reference,1,search-fcfs,operational_loss,0.0
evaluation_17,reference,1,search-fcfs,operational_loss,0.0
evaluation_18,reference,1,search-fcfs,operational_loss,0.0
evaluation_19,reference,1,search-fcfs,operational_loss,0.0
evaluation_20,reference,1,search-fcfs,operational_loss,0.0
evaluation_21,reference,1,search-fcfs,operational_loss,0.0
evaluation_22,reference,1,search-fcfs,operational_loss,0.0
evaluation_23,reference,1,search-fcfs,operational_loss,0.0
evaluation_24,reference,1,search-fcfs,operational_loss,0.0
evaluation_25,reference,1,search-fcfs,operational_loss,0.0
evaluation_26,reference,1,search-fcfs,operational_loss,0.0
evaluation_27,reference,1,search-fcfs,operational_loss,0.0
evaluation_28,reference,1,search-fcfs,operational_loss,0.0
evaluation_29,reference,1,search-fcfs,operational_loss,0.0
evaluation_30,reference,1,search-fcfs,operational_loss,0.0
evaluation_31,reference,1,search-fcfs,operational_loss,0.0
evaluation_00,reference,1,search-fcfs,task_completed,0.0
evaluation_01,reference,1,search-fcfs,task_completed,0.0
evaluation_02,reference,1,search-fcfs,task_completed,0.0
evaluation_03,reference,1,search-fcfs,task_completed,0.0
evaluation_04,reference,1,search-fcfs,task_completed,0.0
evaluation_05,reference,1,search-fcfs,task_completed,0.0
evaluation_06,reference,1,search-fcfs,task_completed,0.0
evaluation_07,reference,1,search-fcfs,task_completed,0.0
evaluation_08,reference,1,search-fcfs,task_completed,0.0
evaluation_09,reference,1,search-fcfs,task_completed,0.0
evaluation_10,reference,1,search-fcfs,task_completed,0.0
evaluation_11,reference,1,search-fcfs,task_completed,0.0
evaluation_12,reference,1,search-fcfs,task_completed,0.0
evaluation_13,reference,1,search-fcfs,task_completed,0.0
evaluation_14,reference,1,search-fcfs,task_completed,0.0
evaluation_15,reference,1,search-fcfs,task_completed,0.0
evaluation_16,reference,1,search-fcfs,task_completed,0.0
evaluation_17,reference,1,search-fcfs,task_completed,0.0
evaluation_18,reference,1,search-fcfs,task_completed,0.0
evaluation_19,reference,1,search-fcfs,task_completed,0.0
evaluation_20,reference,1,search-fcfs,task_completed,0.0
evaluation_21,reference,1,search-fcfs,task_completed,0.0
evaluation_22,reference,1,search-fcfs,task_completed,0.0
evaluation_23,reference,1,search-fcfs,task_completed,0.0
evaluation_24,reference,1,search-fcfs,task_completed,0.0
evaluation_25,reference,1,search-fcfs,task_completed,0.0
evaluation_26,reference,1,search-fcfs,task_completed,0.0
evaluation_27,reference,1,search-fcfs,task_completed,0.0
evaluation_28,reference,1,search-fcfs,task_completed,0.0
evaluation_29,reference,1,search-fcfs,task_completed,0.0
evaluation_30,reference,1,search-fcfs,task_completed,0.0
evaluation_31,reference,1,search-fcfs,task_completed,0.0
evaluation_00,reference,1,search-fcfs,wrong_transactions,0.0
evaluation_01,reference,1,search-fcfs,wrong_transactions,0.0
evaluation_02,reference,1,search-fcfs,wrong_transactions,0.0
evaluation_03,reference,1,search-fcfs,wrong_transactions,0.0
evaluation_04,reference,1,search-fcfs,wrong_transactions,0.0
evaluation_05,reference,1,search-fcfs,wrong_transactions,0.0
evaluation_06,reference,1,search-fcfs,wrong_transactions,0.0
evaluation_07,reference,1,search-fcfs,wrong_transactions,0.0
evaluation_08,reference,1,search-fcfs,wrong_transactions,0.0
evaluation_09,reference,1,search-fcfs,wrong_transactions,0.0
evaluation_10,reference,1,search-fcfs,wrong_transactions,0.0
evaluation_11,reference,1,search-fcfs,wrong_transactions,0.0
evaluation_12,reference,1,search-fcfs,wrong_transactions,0.0
evaluation_13,reference,1,search-fcfs,wrong_transactions,0.0
evaluation_14,reference,1,search-fcfs,wrong_transactions,0.0
evaluation_15,reference,1,search-fcfs,wrong_transactions,0.0
evaluation_16,reference,1,search-fcfs,wrong_transactions,0.0
evaluation_17,reference,1,search-fcfs,wrong_transactions,0.0
evaluation_18,reference,1,search-fcfs,wrong_transactions,0.0
evaluation_19,reference,1,search-fcfs,wrong_transactions,0.0
evaluation_20,reference,1,search-fcfs,wrong_transactions,0.0
evaluation_21,reference,1,search-fcfs,wrong_transactions,0.0
evaluation_22,reference,1,search-fcfs,wrong_transactions,0.0
evaluation_23,reference,1,search-fcfs,wrong_transactions,0.0
evaluation_24,reference,1,search-fcfs,wrong_transactions,0.0
evaluation_25,reference,1,search-fcfs,wrong_transactions,0.0
evaluation_26,reference,1,search-fcfs,wrong_transactions,0.0
evaluation_27,reference,1,search-fcfs,wrong_transactions,0.0
evaluation_28,reference,1,search-fcfs,wrong_transactions,0.0
evaluation_29,reference,1,search-fcfs,wrong_transactions,0.0
evaluation_30,reference,1,search-fcfs,wrong_transactions,0.0
evaluation_31,reference,1,search-fcfs,wrong_transactions,0.0
evaluation_00,reference,1,search-fcfs,review_busy_ticks,0.0
evaluation_01,reference,1,search-fcfs,review_busy_ticks,0.0
evaluation_02,reference,1,search-fcfs,review_busy_ticks,0.0
evaluation_03,reference,1,search-fcfs,review_busy_ticks,0.0
evaluation_04,reference,1,search-fcfs,review_busy_ticks,0.0
evaluation_05,reference,1,search-fcfs,review_busy_ticks,0.0
evaluation_06,reference,1,search-fcfs,review_busy_ticks,0.0
evaluation_07,reference,1,search-fcfs,review_busy_ticks,0.0
evaluation_08,reference,1,search-fcfs,review_busy_ticks,0.0
evaluation_09,reference,1,search-fcfs,review_busy_ticks,0.0
evaluation_10,reference,1,search-fcfs,review_busy_ticks,0.0
evaluation_11,reference,1,search-fcfs,review_busy_ticks,0.0
evaluation_12,reference,1,search-fcfs,review_busy_ticks,0.0
evaluation_13,reference,1,search-fcfs,review_busy_ticks,0.0
evaluation_14,reference,1,search-fcfs,review_busy_ticks,0.0
evaluation_15,reference,1,search-fcfs,review_busy_ticks,0.0
evaluation_16,reference,1,search-fcfs,review_busy_ticks,0.0
evaluation_17,reference,1,search-fcfs,review_busy_ticks,0.0
evaluation_18,reference,1,search-fcfs,review_busy_ticks,0.0
evaluation_19,reference,1,search-fcfs,review_busy_ticks,0.0
evaluation_20,reference,1,search-fcfs,review_busy_ticks,0.0
evaluation_21,reference,1,search-fcfs,review_busy_ticks,0.0
evaluation_22,reference,1,search-fcfs,review_busy_ticks,0.0
evaluation_23,reference,1,search-fcfs,review_busy_ticks,0.0
evaluation_24,reference,1,search-fcfs,review_busy_ticks,0.0
evaluation_25,reference,1,search-fcfs,review_busy_ticks,0.0
evaluation_26,reference,1,search-fcfs,review_busy_ticks,0.0
evaluation_27,reference,1,search-fcfs,review_busy_ticks,0.0
evaluation_28,reference,1,search-fcfs,review_busy_ticks,0.0
evaluation_29,reference,1,search-fcfs,review_busy_ticks,0.0
evaluation_30,reference,1,search-fcfs,review_busy_ticks,0.0
evaluation_31,reference,1,search-fcfs,review_busy_ticks,0.0
evaluation_00,reference,1,search-uncertainty,operational_loss,0.0
evaluation_01,reference,1,search-uncertainty,operational_loss,0.0
evaluation_02,reference,1,search-uncertainty,operational_loss,0.0
evaluation_03,reference,1,search-uncertainty,operational_loss,0.0
evaluation_04,reference,1,search-uncertainty,operational_loss,0.0
evaluation_05,reference,1,search-uncertainty,operational_loss,0.0
evaluation_06,reference,1,search-uncertainty,operational_loss,0.0
evaluation_07,reference,1,search-uncertainty,operational_loss,0.0
evaluation_08,reference,1,search-uncertainty,operational_loss,0.0
evaluation_09,reference,1,search-uncertainty,operational_loss,0.0
evaluation_10,reference,1,search-uncertainty,operational_loss,0.0
evaluation_11,reference,1,search-uncertainty,operational_loss,0.0
evaluation_12,reference,1,search-uncertainty,operational_loss,0.0
evaluation_13,reference,1,search-uncertainty,operational_loss,0.0
evaluation_14,reference,1,search-uncertainty,operational_loss,0.0
evaluation_15,reference,1,search-uncertainty,operational_loss,0.0
evaluation_16,reference,1,search-uncertainty,operational_loss,0.0
evaluation_17,reference,1,search-uncertainty,operational_loss,0.0
evaluation_18,reference,1,search-uncertainty,operational_loss,0.0
evaluation_19,reference,1,search-uncertainty,operational_loss,0.0
evaluation_20,reference,1,search-uncertainty,operational_loss,0.0
evaluation_21,reference,1,search-uncertainty,operational_loss,0.0
evaluation_22,reference,1,search-uncertainty,operational_loss,0.0
evaluation_23,reference,1,search-uncertainty,operational_loss,0.0
evaluation_24,reference,1,search-uncertainty,operational_loss,0.0
evaluation_25,reference,1,search-uncertainty,operational_loss,0.0
evaluation_26,reference,1,search-uncertainty,operational_loss,0.0
evaluation_27,reference,1,search-uncertainty,operational_loss,0.0
evaluation_28,reference,1,search-uncertainty,operational_loss,0.0
evaluation_29,reference,1,search-uncertainty,operational_loss,0.0
evaluation_30,reference,1,search-uncertainty,operational_loss,0.0
evaluation_31,reference,1,search-uncertainty,operational_loss,0.0
evaluation_00,reference,1,search-uncertainty,task_completed,0.0
evaluation_01,reference,1,search-uncertainty,task_completed,0.0
evaluation_02,reference,1,search-uncertainty,task_completed,0.0
evaluation_03,reference,1,search-uncertainty,task_completed,0.0
evaluation_04,reference,1,search-uncertainty,task_completed,0.0
evaluation_05,reference,1,search-uncertainty,task_completed,0.0
evaluation_06,reference,1,search-uncertainty,task_completed,0.0
evaluation_07,reference,1,search-uncertainty,task_completed,0.0
evaluation_08,reference,1,search-uncertainty,task_completed,0.0
evaluation_09,reference,1,search-uncertainty,task_completed,0.0
evaluation_10,reference,1,search-uncertainty,task_completed,0.0
evaluation_11,reference,1,search-uncertainty,task_completed,0.0
evaluation_12,reference,1,search-uncertainty,task_completed,0.0
evaluation_13,reference,1,search-uncertainty,task_completed,0.0
evaluation_14,reference,1,search-uncertainty,task_completed,0.0
evaluation_15,reference,1,search-uncertainty,task_completed,0.0
evaluation_16,reference,1,search-uncertainty,task_completed,0.0
evaluation_17,reference,1,search-uncertainty,task_completed,0.0
evaluation_18,reference,1,search-uncertainty,task_completed,0.0
evaluation_19,reference,1,search-uncertainty,task_completed,0.0
evaluation_20,reference,1,search-uncertainty,task_completed,0.0
evaluation_21,reference,1,search-uncertainty,task_completed,0.0
evaluation_22,reference,1,search-uncertainty,task_completed,0.0
evaluation_23,reference,1,search-uncertainty,task_completed,0.0
evaluation_24,reference,1,search-uncertainty,task_completed,0.0
evaluation_25,reference,1,search-uncertainty,task_completed,0.0
evaluation_26,reference,1,search-uncertainty,task_completed,0.0
evaluation_27,reference,1,search-uncertainty,task_completed,0.0
evaluation_28,reference,1,search-uncertainty,task_completed,0.0
evaluation_29,reference,1,search-uncertainty,task_completed,0.0
evaluation_30,reference,1,search-uncertainty,task_completed,0.0
evaluation_31,reference,1,search-uncertainty,task_completed,0.0
evaluation_00,reference,1,search-uncertainty,wrong_transactions,0.0
evaluation_01,reference,1,search-uncertainty,wrong_transactions,0.0
evaluation_02,reference,1,search-uncertainty,wrong_transactions,0.0
evaluation_03,reference,1,search-uncertainty,wrong_transactions,0.0
evaluation_04,reference,1,search-uncertainty,wrong_transactions,0.0
evaluation_05,reference,1,search-uncertainty,wrong_transactions,0.0
evaluation_06,reference,1,search-uncertainty,wrong_transactions,0.0
evaluation_07,reference,1,search-uncertainty,wrong_transactions,0.0
evaluation_08,reference,1,search-uncertainty,wrong_transactions,0.0
evaluation_09,reference,1,search-uncertainty,wrong_transactions,0.0
evaluation_10,reference,1,search-uncertainty,wrong_transactions,0.0
evaluation_11,reference,1,search-uncertainty,wrong_transactions,0.0
evaluation_12,reference,1,search-uncertainty,wrong_transactions,0.0
evaluation_13,reference,1,search-uncertainty,wrong_transactions,0.0
evaluation_14,reference,1,search-uncertainty,wrong_transactions,0.0
evaluation_15,reference,1,search-uncertainty,wrong_transactions,0.0
evaluation_16,reference,1,search-uncertainty,wrong_transactions,0.0
evaluation_17,reference,1,search-uncertainty,wrong_transactions,0.0
evaluation_18,reference,1,search-uncertainty,wrong_transactions,0.0
evaluation_19,reference,1,search-uncertainty,wrong_transactions,0.0
evaluation_20,reference,1,search-uncertainty,wrong_transactions,0.0
evaluation_21,reference,1,search-uncertainty,wrong_transactions,0.0
evaluation_22,reference,1,search-uncertainty,wrong_transactions,0.0
evaluation_23,reference,1,search-uncertainty,wrong_transactions,0.0
evaluation_24,reference,1,search-uncertainty,wrong_transactions,0.0
evaluation_25,reference,1,search-uncertainty,wrong_transactions,0.0
evaluation_26,reference,1,search-uncertainty,wrong_transactions,0.0
evaluation_27,reference,1,search-uncertainty,wrong_transactions,0.0
evaluation_28,reference,1,search-uncertainty,wrong_transactions,0.0
evaluation_29,reference,1,search-uncertainty,wrong_transactions,0.0
evaluation_30,reference,1,search-uncertainty,wrong_transactions,0.0
evaluation_31,reference,1,search-uncertainty,wrong_transactions,0.0
evaluation_00,reference,1,search-uncertainty,review_busy_ticks,0.0
evaluation_01,reference,1,search-uncertainty,review_busy_ticks,0.0
evaluation_02,reference,1,search-uncertainty,review_busy_ticks,0.0
evaluation_03,reference,1,search-uncertainty,review_busy_ticks,0.0
evaluation_04,reference,1,search-uncertainty,review_busy_ticks,0.0
evaluation_05,reference,1,search-uncertainty,review_busy_ticks,0.0
evaluation_06,reference,1,search-uncertainty,review_busy_ticks,0.0
evaluation_07,reference,1,search-uncertainty,review_busy_ticks,0.0
evaluation_08,reference,1,search-uncertainty,review_busy_ticks,0.0
evaluation_09,reference,1,search-uncertainty,review_busy_ticks,0.6666666666666665
evaluation_10,reference,1,search-uncertainty,review_busy_ticks,0.0
evaluation_11,reference,1,search-uncertainty,review_busy_ticks,0.3333333333333335
evaluation_12,reference,1,search-uncertainty,review_busy_ticks,0.3333333333333335
evaluation_13,reference,1,search-uncertainty,review_busy_ticks,0.0
evaluation_14,reference,1,search-uncertainty,review_busy_ticks,0.0
evaluation_15,reference,1,search-uncertainty,review_busy_ticks,0.0
evaluation_16,reference,1,search-uncertainty,review_busy_ticks,0.0
evaluation_17,reference,1,search-uncertainty,review_busy_ticks,0.0
evaluation_18,reference,1,search-uncertainty,review_busy_ticks,0.0
evaluation_19,reference,1,search-uncertainty,review_busy_ticks,0.0
evaluation_20,reference,1,search-uncertainty,review_busy_ticks,0.0
evaluation_21,reference,1,search-uncertainty,review_busy_ticks,1.0
evaluation_22,reference,1,search-uncertainty,review_busy_ticks,0.6666666666666665
evaluation_23,reference,1,search-uncertainty,review_busy_ticks,0.0
evaluation_24,reference,1,search-uncertainty,review_busy_ticks,0.0
evaluation_25,reference,1,search-uncertainty,review_busy_ticks,0.0
evaluation_26,reference,1,search-uncertainty,review_busy_ticks,0.0
evaluation_27,reference,1,search-uncertainty,review_busy_ticks,0.0
evaluation_28,reference,1,search-uncertainty,review_busy_ticks,0.0
evaluation_29,reference,1,search-uncertainty,review_busy_ticks,0.0
evaluation_30,reference,1,search-uncertainty,review_busy_ticks,0.0
evaluation_31,reference,1,search-uncertainty,review_busy_ticks,0.0
evaluation_00,reference,1,search-no_review,operational_loss,-21.333333333333336
evaluation_01,reference,1,search-no_review,operational_loss,-5.333333333333334
evaluation_02,reference,1,search-no_review,operational_loss,0.0
evaluation_03,reference,1,search-no_review,operational_loss,-12.0
evaluation_04,reference,1,search-no_review,operational_loss,-12.0
evaluation_05,reference,1,search-no_review,operational_loss,-5.333333333333333
evaluation_06,reference,1,search-no_review,operational_loss,0.0
evaluation_07,reference,1,search-no_review,operational_loss,0.0
evaluation_08,reference,1,search-no_review,operational_loss,-2.6666666666666665
evaluation_09,reference,1,search-no_review,operational_loss,-15.999999999999998
evaluation_10,reference,1,search-no_review,operational_loss,-5.333333333333334
evaluation_11,reference,1,search-no_review,operational_loss,-5.333333333333334
evaluation_12,reference,1,search-no_review,operational_loss,-5.333333333333334
evaluation_13,reference,1,search-no_review,operational_loss,-8.0
evaluation_14,reference,1,search-no_review,operational_loss,-28.0
evaluation_15,reference,1,search-no_review,operational_loss,-5.333333333333334
evaluation_16,reference,1,search-no_review,operational_loss,-4.0
evaluation_17,reference,1,search-no_review,operational_loss,0.0
evaluation_18,reference,1,search-no_review,operational_loss,-4.0
evaluation_19,reference,1,search-no_review,operational_loss,0.0
evaluation_20,reference,1,search-no_review,operational_loss,0.0
evaluation_21,reference,1,search-no_review,operational_loss,-12.0
evaluation_22,reference,1,search-no_review,operational_loss,-15.999999999999998
evaluation_23,reference,1,search-no_review,operational_loss,0.0
evaluation_24,reference,1,search-no_review,operational_loss,0.0
evaluation_25,reference,1,search-no_review,operational_loss,-12.0
evaluation_26,reference,1,search-no_review,operational_loss,0.0
evaluation_27,reference,1,search-no_review,operational_loss,0.0
evaluation_28,reference,1,search-no_review,operational_loss,-13.333333333333334
evaluation_29,reference,1,search-no_review,operational_loss,0.0
evaluation_30,reference,1,search-no_review,operational_loss,0.0
evaluation_31,reference,1,search-no_review,operational_loss,0.0
evaluation_00,reference,1,search-no_review,task_completed,1.6666666666666665
evaluation_01,reference,1,search-no_review,task_completed,0.6666666666666667
evaluation_02,reference,1,search-no_review,task_completed,0.0
evaluation_03,reference,1,search-no_review,task_completed,1.0
evaluation_04,reference,1,search-no_review,task_completed,0.9999999999999998
evaluation_05,reference,1,search-no_review,task_completed,0.6666666666666667
evaluation_06,reference,1,search-no_review,task_completed,0.0
evaluation_07,reference,1,search-no_review,task_completed,0.0
evaluation_08,reference,1,search-no_review,task_completed,0.3333333333333335
evaluation_09,reference,1,search-no_review,task_completed,1.6666666666666665
evaluation_10,reference,1,search-no_review,task_completed,0.3333333333333335
evaluation_11,reference,1,search-no_review,task_completed,0.3333333333333335
evaluation_12,reference,1,search-no_review,task_completed,0.3333333333333335
evaluation_13,reference,1,search-no_review,task_completed,0.9999999999999998
evaluation_14,reference,1,search-no_review,task_completed,2.0
evaluation_15,reference,1,search-no_review,task_completed,0.6666666666666665
evaluation_16,reference,1,search-no_review,task_completed,0.33333333333333326
evaluation_17,reference,1,search-no_review,task_completed,0.0
evaluation_18,reference,1,search-no_review,task_completed,0.3333333333333335
evaluation_19,reference,1,search-no_review,task_completed,0.0
evaluation_20,reference,1,search-no_review,task_completed,0.0
evaluation_21,reference,1,search-no_review,task_completed,1.0
evaluation_22,reference,1,search-no_review,task_completed,0.9999999999999998
evaluation_23,reference,1,search-no_review,task_completed,0.0
evaluation_24,reference,1,search-no_review,task_completed,0.0
evaluation_25,reference,1,search-no_review,task_completed,1.3333333333333333
evaluation_26,reference,1,search-no_review,task_completed,0.0
evaluation_27,reference,1,search-no_review,task_completed,0.0
evaluation_28,reference,1,search-no_review,task_completed,1.3333333333333335
evaluation_29,reference,1,search-no_review,task_completed,0.0
evaluation_30,reference,1,search-no_review,task_completed,0.0
evaluation_31,reference,1,search-no_review,task_completed,0.0
evaluation_00,reference,1,search-no_review,wrong_transactions,-1.6666666666666667
evaluation_01,reference,1,search-no_review,wrong_transactions,-0.6666666666666666
evaluation_02,reference,1,search-no_review,wrong_transactions,0.0
evaluation_03,reference,1,search-no_review,wrong_transactions,-1.0
evaluation_04,reference,1,search-no_review,wrong_transactions,-1.0
evaluation_05,reference,1,search-no_review,wrong_transactions,-0.6666666666666666
evaluation_06,reference,1,search-no_review,wrong_transactions,0.0
evaluation_07,reference,1,search-no_review,wrong_transactions,0.0
evaluation_08,reference,1,search-no_review,wrong_transactions,-0.3333333333333333
evaluation_09,reference,1,search-no_review,wrong_transactions,-1.6666666666666667
evaluation_10,reference,1,search-no_review,wrong_transactions,-0.3333333333333333
evaluation_11,reference,1,search-no_review,wrong_transactions,-0.3333333333333333
evaluation_12,reference,1,search-no_review,wrong_transactions,-0.3333333333333333
evaluation_13,reference,1,search-no_review,wrong_transactions,-1.0
evaluation_14,reference,1,search-no_review,wrong_transactions,-2.0
evaluation_15,reference,1,search-no_review,wrong_transactions,-0.6666666666666666
evaluation_16,reference,1,search-no_review,wrong_transactions,-0.3333333333333333
evaluation_17,reference,1,search-no_review,wrong_transactions,0.0
evaluation_18,reference,1,search-no_review,wrong_transactions,-0.3333333333333333
evaluation_19,reference,1,search-no_review,wrong_transactions,0.0
evaluation_20,reference,1,search-no_review,wrong_transactions,0.0
evaluation_21,reference,1,search-no_review,wrong_transactions,-1.0
evaluation_22,reference,1,search-no_review,wrong_transactions,-1.0
evaluation_23,reference,1,search-no_review,wrong_transactions,0.0
evaluation_24,reference,1,search-no_review,wrong_transactions,0.0
evaluation_25,reference,1,search-no_review,wrong_transactions,-1.3333333333333333
evaluation_26,reference,1,search-no_review,wrong_transactions,0.0
evaluation_27,reference,1,search-no_review,wrong_transactions,0.0
evaluation_28,reference,1,search-no_review,wrong_transactions,-1.3333333333333333
evaluation_29,reference,1,search-no_review,wrong_transactions,0.0
evaluation_30,reference,1,search-no_review,wrong_transactions,0.0
evaluation_31,reference,1,search-no_review,wrong_transactions,0.0
evaluation_00,reference,1,search-no_review,review_busy_ticks,2.6666666666666665
evaluation_01,reference,1,search-no_review,review_busy_ticks,2.0
evaluation_02,reference,1,search-no_review,review_busy_ticks,2.0
evaluation_03,reference,1,search-no_review,review_busy_ticks,3.0
evaluation_04,reference,1,search-no_review,review_busy_ticks,2.6666666666666665
evaluation_05,reference,1,search-no_review,review_busy_ticks,1.6666666666666667
evaluation_06,reference,1,search-no_review,review_busy_ticks,3.0
evaluation_07,reference,1,search-no_review,review_busy_ticks,1.6666666666666667
evaluation_08,reference,1,search-no_review,review_busy_ticks,2.3333333333333335
evaluation_09,reference,1,search-no_review,review_busy_ticks,2.6666666666666665
evaluation_10,reference,1,search-no_review,review_busy_ticks,2.3333333333333335
evaluation_11,reference,1,search-no_review,review_busy_ticks,2.3333333333333335
evaluation_12,reference,1,search-no_review,review_busy_ticks,2.3333333333333335
evaluation_13,reference,1,search-no_review,review_busy_ticks,2.6666666666666665
evaluation_14,reference,1,search-no_review,review_busy_ticks,2.3333333333333335
evaluation_15,reference,1,search-no_review,review_busy_ticks,2.6666666666666665
evaluation_16,reference,1,search-no_review,review_busy_ticks,2.0
evaluation_17,reference,1,search-no_review,review_busy_ticks,2.0
evaluation_18,reference,1,search-no_review,review_busy_ticks,2.3333333333333335
evaluation_19,reference,1,search-no_review,review_busy_ticks,3.0
evaluation_20,reference,1,search-no_review,review_busy_ticks,2.0
evaluation_21,reference,1,search-no_review,review_busy_ticks,3.0
evaluation_22,reference,1,search-no_review,review_busy_ticks,2.6666666666666665
evaluation_23,reference,1,search-no_review,review_busy_ticks,3.0
evaluation_24,reference,1,search-no_review,review_busy_ticks,3.0
evaluation_25,reference,1,search-no_review,review_busy_ticks,2.6666666666666665
evaluation_26,reference,1,search-no_review,review_busy_ticks,3.0
evaluation_27,reference,1,search-no_review,review_busy_ticks,2.3333333333333335
evaluation_28,reference,1,search-no_review,review_busy_ticks,2.3333333333333335
evaluation_29,reference,1,search-no_review,review_busy_ticks,1.3333333333333333
evaluation_30,reference,1,search-no_review,review_busy_ticks,2.0
evaluation_31,reference,1,search-no_review,review_busy_ticks,2.6666666666666665
evaluation_00,reference,2,search-greedy,operational_loss,0.0
evaluation_01,reference,2,search-greedy,operational_loss,0.0
evaluation_02,reference,2,search-greedy,operational_loss,0.0
evaluation_03,reference,2,search-greedy,operational_loss,0.0
evaluation_04,reference,2,search-greedy,operational_loss,0.0
evaluation_05,reference,2,search-greedy,operational_loss,0.0
evaluation_06,reference,2,search-greedy,operational_loss,0.0
evaluation_07,reference,2,search-greedy,operational_loss,0.0
evaluation_08,reference,2,search-greedy,operational_loss,0.0
evaluation_09,reference,2,search-greedy,operational_loss,8.0
evaluation_10,reference,2,search-greedy,operational_loss,0.0
evaluation_11,reference,2,search-greedy,operational_loss,5.333333333333334
evaluation_12,reference,2,search-greedy,operational_loss,0.0
evaluation_13,reference,2,search-greedy,operational_loss,0.0
evaluation_14,reference,2,search-greedy,operational_loss,0.0
evaluation_15,reference,2,search-greedy,operational_loss,0.0
evaluation_16,reference,2,search-greedy,operational_loss,0.0
evaluation_17,reference,2,search-greedy,operational_loss,0.0
evaluation_18,reference,2,search-greedy,operational_loss,0.0
evaluation_19,reference,2,search-greedy,operational_loss,0.0
evaluation_20,reference,2,search-greedy,operational_loss,0.0
evaluation_21,reference,2,search-greedy,operational_loss,0.0
evaluation_22,reference,2,search-greedy,operational_loss,0.0
evaluation_23,reference,2,search-greedy,operational_loss,0.0
evaluation_24,reference,2,search-greedy,operational_loss,0.0
evaluation_25,reference,2,search-greedy,operational_loss,0.0
evaluation_26,reference,2,search-greedy,operational_loss,0.0
evaluation_27,reference,2,search-greedy,operational_loss,0.0
evaluation_28,reference,2,search-greedy,operational_loss,-5.333333333333334
evaluation_29,reference,2,search-greedy,operational_loss,0.0
evaluation_30,reference,2,search-greedy,operational_loss,0.0
evaluation_31,reference,2,search-greedy,operational_loss,0.0
evaluation_00,reference,2,search-greedy,task_completed,0.0
evaluation_01,reference,2,search-greedy,task_completed,0.0
evaluation_02,reference,2,search-greedy,task_completed,0.0
evaluation_03,reference,2,search-greedy,task_completed,0.0
evaluation_04,reference,2,search-greedy,task_completed,0.0
evaluation_05,reference,2,search-greedy,task_completed,0.0
evaluation_06,reference,2,search-greedy,task_completed,0.0
evaluation_07,reference,2,search-greedy,task_completed,0.0
evaluation_08,reference,2,search-greedy,task_completed,0.0
evaluation_09,reference,2,search-greedy,task_completed,-0.6666666666666665
evaluation_10,reference,2,search-greedy,task_completed,0.0
evaluation_11,reference,2,search-greedy,task_completed,-0.3333333333333335
evaluation_12,reference,2,search-greedy,task_completed,0.0
evaluation_13,reference,2,search-greedy,task_completed,0.0
evaluation_14,reference,2,search-greedy,task_completed,0.0
evaluation_15,reference,2,search-greedy,task_completed,0.0
evaluation_16,reference,2,search-greedy,task_completed,0.0
evaluation_17,reference,2,search-greedy,task_completed,0.0
evaluation_18,reference,2,search-greedy,task_completed,0.0
evaluation_19,reference,2,search-greedy,task_completed,0.0
evaluation_20,reference,2,search-greedy,task_completed,0.0
evaluation_21,reference,2,search-greedy,task_completed,0.0
evaluation_22,reference,2,search-greedy,task_completed,0.0
evaluation_23,reference,2,search-greedy,task_completed,0.0
evaluation_24,reference,2,search-greedy,task_completed,0.0
evaluation_25,reference,2,search-greedy,task_completed,0.0
evaluation_26,reference,2,search-greedy,task_completed,0.0
evaluation_27,reference,2,search-greedy,task_completed,0.0
evaluation_28,reference,2,search-greedy,task_completed,0.6666666666666667
evaluation_29,reference,2,search-greedy,task_completed,0.0
evaluation_30,reference,2,search-greedy,task_completed,0.0
evaluation_31,reference,2,search-greedy,task_completed,0.0
evaluation_00,reference,2,search-greedy,wrong_transactions,0.0
evaluation_01,reference,2,search-greedy,wrong_transactions,0.0
evaluation_02,reference,2,search-greedy,wrong_transactions,0.0
evaluation_03,reference,2,search-greedy,wrong_transactions,0.0
evaluation_04,reference,2,search-greedy,wrong_transactions,0.0
evaluation_05,reference,2,search-greedy,wrong_transactions,0.0
evaluation_06,reference,2,search-greedy,wrong_transactions,0.0
evaluation_07,reference,2,search-greedy,wrong_transactions,0.0
evaluation_08,reference,2,search-greedy,wrong_transactions,0.0
evaluation_09,reference,2,search-greedy,wrong_transactions,0.6666666666666666
evaluation_10,reference,2,search-greedy,wrong_transactions,0.0
evaluation_11,reference,2,search-greedy,wrong_transactions,0.3333333333333333
evaluation_12,reference,2,search-greedy,wrong_transactions,0.0
evaluation_13,reference,2,search-greedy,wrong_transactions,0.0
evaluation_14,reference,2,search-greedy,wrong_transactions,0.0
evaluation_15,reference,2,search-greedy,wrong_transactions,0.0
evaluation_16,reference,2,search-greedy,wrong_transactions,0.0
evaluation_17,reference,2,search-greedy,wrong_transactions,0.0
evaluation_18,reference,2,search-greedy,wrong_transactions,0.0
evaluation_19,reference,2,search-greedy,wrong_transactions,0.0
evaluation_20,reference,2,search-greedy,wrong_transactions,0.0
evaluation_21,reference,2,search-greedy,wrong_transactions,0.0
evaluation_22,reference,2,search-greedy,wrong_transactions,0.0
evaluation_23,reference,2,search-greedy,wrong_transactions,0.0
evaluation_24,reference,2,search-greedy,wrong_transactions,0.0
evaluation_25,reference,2,search-greedy,wrong_transactions,0.0
evaluation_26,reference,2,search-greedy,wrong_transactions,0.0
evaluation_27,reference,2,search-greedy,wrong_transactions,0.0
evaluation_28,reference,2,search-greedy,wrong_transactions,-0.6666666666666666
evaluation_29,reference,2,search-greedy,wrong_transactions,0.0
evaluation_30,reference,2,search-greedy,wrong_transactions,0.0
evaluation_31,reference,2,search-greedy,wrong_transactions,0.0
evaluation_00,reference,2,search-greedy,review_busy_ticks,0.0
evaluation_01,reference,2,search-greedy,review_busy_ticks,0.0
evaluation_02,reference,2,search-greedy,review_busy_ticks,0.0
evaluation_03,reference,2,search-greedy,review_busy_ticks,0.0
evaluation_04,reference,2,search-greedy,review_busy_ticks,1.333333333333333
evaluation_05,reference,2,search-greedy,review_busy_ticks,0.0
evaluation_06,reference,2,search-greedy,review_busy_ticks,0.0
evaluation_07,reference,2,search-greedy,review_busy_ticks,0.0
evaluation_08,reference,2,search-greedy,review_busy_ticks,0.0
evaluation_09,reference,2,search-greedy,review_busy_ticks,0.6666666666666665
evaluation_10,reference,2,search-greedy,review_busy_ticks,0.0
evaluation_11,reference,2,search-greedy,review_busy_ticks,1.3333333333333335
evaluation_12,reference,2,search-greedy,review_busy_ticks,2.0000000000000004
evaluation_13,reference,2,search-greedy,review_busy_ticks,0.0
evaluation_14,reference,2,search-greedy,review_busy_ticks,0.0
evaluation_15,reference,2,search-greedy,review_busy_ticks,1.333333333333333
evaluation_16,reference,2,search-greedy,review_busy_ticks,0.0
evaluation_17,reference,2,search-greedy,review_busy_ticks,0.0
evaluation_18,reference,2,search-greedy,review_busy_ticks,0.0
evaluation_19,reference,2,search-greedy,review_busy_ticks,0.0
evaluation_20,reference,2,search-greedy,review_busy_ticks,0.0
evaluation_21,reference,2,search-greedy,review_busy_ticks,0.0
evaluation_22,reference,2,search-greedy,review_busy_ticks,1.333333333333333
evaluation_23,reference,2,search-greedy,review_busy_ticks,2.0
evaluation_24,reference,2,search-greedy,review_busy_ticks,0.0
evaluation_25,reference,2,search-greedy,review_busy_ticks,1.333333333333333
evaluation_26,reference,2,search-greedy,review_busy_ticks,0.0
evaluation_27,reference,2,search-greedy,review_busy_ticks,0.0
evaluation_28,reference,2,search-greedy,review_busy_ticks,0.0
evaluation_29,reference,2,search-greedy,review_busy_ticks,0.0
evaluation_30,reference,2,search-greedy,review_busy_ticks,2.0
evaluation_31,reference,2,search-greedy,review_busy_ticks,0.6666666666666665
evaluation_00,reference,2,search-edf,operational_loss,0.0
evaluation_01,reference,2,search-edf,operational_loss,0.0
evaluation_02,reference,2,search-edf,operational_loss,0.0
evaluation_03,reference,2,search-edf,operational_loss,-12.0
evaluation_04,reference,2,search-edf,operational_loss,0.0
evaluation_05,reference,2,search-edf,operational_loss,0.0
evaluation_06,reference,2,search-edf,operational_loss,0.0
evaluation_07,reference,2,search-edf,operational_loss,0.0
evaluation_08,reference,2,search-edf,operational_loss,0.0
evaluation_09,reference,2,search-edf,operational_loss,0.0
evaluation_10,reference,2,search-edf,operational_loss,0.0
evaluation_11,reference,2,search-edf,operational_loss,0.0
evaluation_12,reference,2,search-edf,operational_loss,0.0
evaluation_13,reference,2,search-edf,operational_loss,0.0
evaluation_14,reference,2,search-edf,operational_loss,-4.0
evaluation_15,reference,2,search-edf,operational_loss,0.0
evaluation_16,reference,2,search-edf,operational_loss,0.0
evaluation_17,reference,2,search-edf,operational_loss,0.0
evaluation_18,reference,2,search-edf,operational_loss,0.0
evaluation_19,reference,2,search-edf,operational_loss,0.0
evaluation_20,reference,2,search-edf,operational_loss,0.0
evaluation_21,reference,2,search-edf,operational_loss,-12.0
evaluation_22,reference,2,search-edf,operational_loss,0.0
evaluation_23,reference,2,search-edf,operational_loss,0.0
evaluation_24,reference,2,search-edf,operational_loss,0.0
evaluation_25,reference,2,search-edf,operational_loss,0.0
evaluation_26,reference,2,search-edf,operational_loss,0.0
evaluation_27,reference,2,search-edf,operational_loss,0.0
evaluation_28,reference,2,search-edf,operational_loss,0.0
evaluation_29,reference,2,search-edf,operational_loss,0.0
evaluation_30,reference,2,search-edf,operational_loss,0.0
evaluation_31,reference,2,search-edf,operational_loss,0.0
evaluation_00,reference,2,search-edf,task_completed,0.0
evaluation_01,reference,2,search-edf,task_completed,0.0
evaluation_02,reference,2,search-edf,task_completed,0.0
evaluation_03,reference,2,search-edf,task_completed,1.0
evaluation_04,reference,2,search-edf,task_completed,0.0
evaluation_05,reference,2,search-edf,task_completed,0.0
evaluation_06,reference,2,search-edf,task_completed,0.0
evaluation_07,reference,2,search-edf,task_completed,0.0
evaluation_08,reference,2,search-edf,task_completed,0.0
evaluation_09,reference,2,search-edf,task_completed,0.0
evaluation_10,reference,2,search-edf,task_completed,0.0
evaluation_11,reference,2,search-edf,task_completed,0.0
evaluation_12,reference,2,search-edf,task_completed,0.0
evaluation_13,reference,2,search-edf,task_completed,0.0
evaluation_14,reference,2,search-edf,task_completed,0.3333333333333335
evaluation_15,reference,2,search-edf,task_completed,0.0
evaluation_16,reference,2,search-edf,task_completed,0.0
evaluation_17,reference,2,search-edf,task_completed,0.0
evaluation_18,reference,2,search-edf,task_completed,0.0
evaluation_19,reference,2,search-edf,task_completed,0.0
evaluation_20,reference,2,search-edf,task_completed,0.0
evaluation_21,reference,2,search-edf,task_completed,1.0
evaluation_22,reference,2,search-edf,task_completed,0.0
evaluation_23,reference,2,search-edf,task_completed,0.0
evaluation_24,reference,2,search-edf,task_completed,0.0
evaluation_25,reference,2,search-edf,task_completed,0.0
evaluation_26,reference,2,search-edf,task_completed,0.0
evaluation_27,reference,2,search-edf,task_completed,0.0
evaluation_28,reference,2,search-edf,task_completed,0.0
evaluation_29,reference,2,search-edf,task_completed,0.0
evaluation_30,reference,2,search-edf,task_completed,0.0
evaluation_31,reference,2,search-edf,task_completed,0.0
evaluation_00,reference,2,search-edf,wrong_transactions,0.0
evaluation_01,reference,2,search-edf,wrong_transactions,0.0
evaluation_02,reference,2,search-edf,wrong_transactions,0.0
evaluation_03,reference,2,search-edf,wrong_transactions,-1.0
evaluation_04,reference,2,search-edf,wrong_transactions,0.0
evaluation_05,reference,2,search-edf,wrong_transactions,0.0
evaluation_06,reference,2,search-edf,wrong_transactions,0.0
evaluation_07,reference,2,search-edf,wrong_transactions,0.0
evaluation_08,reference,2,search-edf,wrong_transactions,0.0
evaluation_09,reference,2,search-edf,wrong_transactions,0.0
evaluation_10,reference,2,search-edf,wrong_transactions,0.0
evaluation_11,reference,2,search-edf,wrong_transactions,0.0
evaluation_12,reference,2,search-edf,wrong_transactions,0.0
evaluation_13,reference,2,search-edf,wrong_transactions,0.0
evaluation_14,reference,2,search-edf,wrong_transactions,-0.3333333333333333
evaluation_15,reference,2,search-edf,wrong_transactions,0.0
evaluation_16,reference,2,search-edf,wrong_transactions,0.0
evaluation_17,reference,2,search-edf,wrong_transactions,0.0
evaluation_18,reference,2,search-edf,wrong_transactions,0.0
evaluation_19,reference,2,search-edf,wrong_transactions,0.0
evaluation_20,reference,2,search-edf,wrong_transactions,0.0
evaluation_21,reference,2,search-edf,wrong_transactions,-1.0
evaluation_22,reference,2,search-edf,wrong_transactions,0.0
evaluation_23,reference,2,search-edf,wrong_transactions,0.0
evaluation_24,reference,2,search-edf,wrong_transactions,0.0
evaluation_25,reference,2,search-edf,wrong_transactions,0.0
evaluation_26,reference,2,search-edf,wrong_transactions,0.0
evaluation_27,reference,2,search-edf,wrong_transactions,0.0
evaluation_28,reference,2,search-edf,wrong_transactions,0.0
evaluation_29,reference,2,search-edf,wrong_transactions,0.0
evaluation_30,reference,2,search-edf,wrong_transactions,0.0
evaluation_31,reference,2,search-edf,wrong_transactions,0.0
evaluation_00,reference,2,search-edf,review_busy_ticks,0.0
evaluation_01,reference,2,search-edf,review_busy_ticks,0.0
evaluation_02,reference,2,search-edf,review_busy_ticks,0.0
evaluation_03,reference,2,search-edf,review_busy_ticks,0.0
evaluation_04,reference,2,search-edf,review_busy_ticks,0.0
evaluation_05,reference,2,search-edf,review_busy_ticks,0.0
evaluation_06,reference,2,search-edf,review_busy_ticks,0.0
evaluation_07,reference,2,search-edf,review_busy_ticks,0.0
evaluation_08,reference,2,search-edf,review_busy_ticks,0.0
evaluation_09,reference,2,search-edf,review_busy_ticks,0.0
evaluation_10,reference,2,search-edf,review_busy_ticks,0.0
evaluation_11,reference,2,search-edf,review_busy_ticks,0.0
evaluation_12,reference,2,search-edf,review_busy_ticks,0.0
evaluation_13,reference,2,search-edf,review_busy_ticks,0.0
evaluation_14,reference,2,search-edf,review_busy_ticks,0.0
evaluation_15,reference,2,search-edf,review_busy_ticks,0.0
evaluation_16,reference,2,search-edf,review_busy_ticks,0.0
evaluation_17,reference,2,search-edf,review_busy_ticks,0.0
evaluation_18,reference,2,search-edf,review_busy_ticks,0.0
evaluation_19,reference,2,search-edf,review_busy_ticks,0.0
evaluation_20,reference,2,search-edf,review_busy_ticks,0.0
evaluation_21,reference,2,search-edf,review_busy_ticks,0.0
evaluation_22,reference,2,search-edf,review_busy_ticks,0.0
evaluation_23,reference,2,search-edf,review_busy_ticks,0.0
evaluation_24,reference,2,search-edf,review_busy_ticks,0.0
evaluation_25,reference,2,search-edf,review_busy_ticks,0.0
evaluation_26,reference,2,search-edf,review_busy_ticks,0.0
evaluation_27,reference,2,search-edf,review_busy_ticks,0.0
evaluation_28,reference,2,search-edf,review_busy_ticks,0.0
evaluation_29,reference,2,search-edf,review_busy_ticks,0.0
evaluation_30,reference,2,search-edf,review_busy_ticks,0.0
evaluation_31,reference,2,search-edf,review_busy_ticks,0.0
evaluation_00,reference,2,search-fcfs,operational_loss,0.0
evaluation_01,reference,2,search-fcfs,operational_loss,0.0
evaluation_02,reference,2,search-fcfs,operational_loss,0.0
evaluation_03,reference,2,search-fcfs,operational_loss,-12.0
evaluation_04,reference,2,search-fcfs,operational_loss,0.0
evaluation_05,reference,2,search-fcfs,operational_loss,0.0
evaluation_06,reference,2,search-fcfs,operational_loss,0.0
evaluation_07,reference,2,search-fcfs,operational_loss,0.0
evaluation_08,reference,2,search-fcfs,operational_loss,0.0
evaluation_09,reference,2,search-fcfs,operational_loss,0.0
evaluation_10,reference,2,search-fcfs,operational_loss,0.0
evaluation_11,reference,2,search-fcfs,operational_loss,0.0
evaluation_12,reference,2,search-fcfs,operational_loss,0.0
evaluation_13,reference,2,search-fcfs,operational_loss,0.0
evaluation_14,reference,2,search-fcfs,operational_loss,-4.0
evaluation_15,reference,2,search-fcfs,operational_loss,0.0
evaluation_16,reference,2,search-fcfs,operational_loss,0.0
evaluation_17,reference,2,search-fcfs,operational_loss,0.0
evaluation_18,reference,2,search-fcfs,operational_loss,0.0
evaluation_19,reference,2,search-fcfs,operational_loss,0.0
evaluation_20,reference,2,search-fcfs,operational_loss,0.0
evaluation_21,reference,2,search-fcfs,operational_loss,-12.0
evaluation_22,reference,2,search-fcfs,operational_loss,0.0
evaluation_23,reference,2,search-fcfs,operational_loss,0.0
evaluation_24,reference,2,search-fcfs,operational_loss,0.0
evaluation_25,reference,2,search-fcfs,operational_loss,-8.0
evaluation_26,reference,2,search-fcfs,operational_loss,0.0
evaluation_27,reference,2,search-fcfs,operational_loss,0.0
evaluation_28,reference,2,search-fcfs,operational_loss,-5.333333333333334
evaluation_29,reference,2,search-fcfs,operational_loss,0.0
evaluation_30,reference,2,search-fcfs,operational_loss,0.0
evaluation_31,reference,2,search-fcfs,operational_loss,0.0
evaluation_00,reference,2,search-fcfs,task_completed,0.0
evaluation_01,reference,2,search-fcfs,task_completed,0.0
evaluation_02,reference,2,search-fcfs,task_completed,0.0
evaluation_03,reference,2,search-fcfs,task_completed,1.0
evaluation_04,reference,2,search-fcfs,task_completed,0.0
evaluation_05,reference,2,search-fcfs,task_completed,0.0
evaluation_06,reference,2,search-fcfs,task_completed,0.0
evaluation_07,reference,2,search-fcfs,task_completed,0.0
evaluation_08,reference,2,search-fcfs,task_completed,0.0
evaluation_09,reference,2,search-fcfs,task_completed,0.0
evaluation_10,reference,2,search-fcfs,task_completed,0.0
evaluation_11,reference,2,search-fcfs,task_completed,0.0
evaluation_12,reference,2,search-fcfs,task_completed,0.0
evaluation_13,reference,2,search-fcfs,task_completed,0.0
evaluation_14,reference,2,search-fcfs,task_completed,0.3333333333333335
evaluation_15,reference,2,search-fcfs,task_completed,0.0
evaluation_16,reference,2,search-fcfs,task_completed,0.0
evaluation_17,reference,2,search-fcfs,task_completed,0.0
evaluation_18,reference,2,search-fcfs,task_completed,0.0
evaluation_19,reference,2,search-fcfs,task_completed,0.0
evaluation_20,reference,2,search-fcfs,task_completed,0.0
evaluation_21,reference,2,search-fcfs,task_completed,1.0
evaluation_22,reference,2,search-fcfs,task_completed,0.0
evaluation_23,reference,2,search-fcfs,task_completed,0.0
evaluation_24,reference,2,search-fcfs,task_completed,0.0
evaluation_25,reference,2,search-fcfs,task_completed,0.9999999999999998
evaluation_26,reference,2,search-fcfs,task_completed,0.0
evaluation_27,reference,2,search-fcfs,task_completed,0.0
evaluation_28,reference,2,search-fcfs,task_completed,0.6666666666666667
evaluation_29,reference,2,search-fcfs,task_completed,0.0
evaluation_30,reference,2,search-fcfs,task_completed,0.0
evaluation_31,reference,2,search-fcfs,task_completed,0.0
evaluation_00,reference,2,search-fcfs,wrong_transactions,0.0
evaluation_01,reference,2,search-fcfs,wrong_transactions,0.0
evaluation_02,reference,2,search-fcfs,wrong_transactions,0.0
evaluation_03,reference,2,search-fcfs,wrong_transactions,-1.0
evaluation_04,reference,2,search-fcfs,wrong_transactions,0.0
evaluation_05,reference,2,search-fcfs,wrong_transactions,0.0
evaluation_06,reference,2,search-fcfs,wrong_transactions,0.0
evaluation_07,reference,2,search-fcfs,wrong_transactions,0.0
evaluation_08,reference,2,search-fcfs,wrong_transactions,0.0
evaluation_09,reference,2,search-fcfs,wrong_transactions,0.0
evaluation_10,reference,2,search-fcfs,wrong_transactions,0.0
evaluation_11,reference,2,search-fcfs,wrong_transactions,0.0
evaluation_12,reference,2,search-fcfs,wrong_transactions,0.0
evaluation_13,reference,2,search-fcfs,wrong_transactions,0.0
evaluation_14,reference,2,search-fcfs,wrong_transactions,-0.3333333333333333
evaluation_15,reference,2,search-fcfs,wrong_transactions,0.0
evaluation_16,reference,2,search-fcfs,wrong_transactions,0.0
evaluation_17,reference,2,search-fcfs,wrong_transactions,0.0
evaluation_18,reference,2,search-fcfs,wrong_transactions,0.0
evaluation_19,reference,2,search-fcfs,wrong_transactions,0.0
evaluation_20,reference,2,search-fcfs,wrong_transactions,0.0
evaluation_21,reference,2,search-fcfs,wrong_transactions,-1.0
evaluation_22,reference,2,search-fcfs,wrong_transactions,0.0
evaluation_23,reference,2,search-fcfs,wrong_transactions,0.0
evaluation_24,reference,2,search-fcfs,wrong_transactions,0.0
evaluation_25,reference,2,search-fcfs,wrong_transactions,-1.0
evaluation_26,reference,2,search-fcfs,wrong_transactions,0.0
evaluation_27,reference,2,search-fcfs,wrong_transactions,0.0
evaluation_28,reference,2,search-fcfs,wrong_transactions,-0.6666666666666666
evaluation_29,reference,2,search-fcfs,wrong_transactions,0.0
evaluation_30,reference,2,search-fcfs,wrong_transactions,0.0
evaluation_31,reference,2,search-fcfs,wrong_transactions,0.0
evaluation_00,reference,2,search-fcfs,review_busy_ticks,0.0
evaluation_01,reference,2,search-fcfs,review_busy_ticks,0.0
evaluation_02,reference,2,search-fcfs,review_busy_ticks,0.0
evaluation_03,reference,2,search-fcfs,review_busy_ticks,0.0
evaluation_04,reference,2,search-fcfs,review_busy_ticks,0.0
evaluation_05,reference,2,search-fcfs,review_busy_ticks,0.0
evaluation_06,reference,2,search-fcfs,review_busy_ticks,0.0
evaluation_07,reference,2,search-fcfs,review_busy_ticks,0.0
evaluation_08,reference,2,search-fcfs,review_busy_ticks,0.0
evaluation_09,reference,2,search-fcfs,review_busy_ticks,0.0
evaluation_10,reference,2,search-fcfs,review_busy_ticks,0.0
evaluation_11,reference,2,search-fcfs,review_busy_ticks,0.0
evaluation_12,reference,2,search-fcfs,review_busy_ticks,0.0
evaluation_13,reference,2,search-fcfs,review_busy_ticks,0.0
evaluation_14,reference,2,search-fcfs,review_busy_ticks,0.0
evaluation_15,reference,2,search-fcfs,review_busy_ticks,0.0
evaluation_16,reference,2,search-fcfs,review_busy_ticks,0.0
evaluation_17,reference,2,search-fcfs,review_busy_ticks,0.0
evaluation_18,reference,2,search-fcfs,review_busy_ticks,0.0
evaluation_19,reference,2,search-fcfs,review_busy_ticks,0.0
evaluation_20,reference,2,search-fcfs,review_busy_ticks,0.0
evaluation_21,reference,2,search-fcfs,review_busy_ticks,0.0
evaluation_22,reference,2,search-fcfs,review_busy_ticks,1.333333333333333
evaluation_23,reference,2,search-fcfs,review_busy_ticks,0.0
evaluation_24,reference,2,search-fcfs,review_busy_ticks,0.0
evaluation_25,reference,2,search-fcfs,review_busy_ticks,1.9999999999999996
evaluation_26,reference,2,search-fcfs,review_busy_ticks,2.0
evaluation_27,reference,2,search-fcfs,review_busy_ticks,0.0
evaluation_28,reference,2,search-fcfs,review_busy_ticks,0.0
evaluation_29,reference,2,search-fcfs,review_busy_ticks,0.0
evaluation_30,reference,2,search-fcfs,review_busy_ticks,0.0
evaluation_31,reference,2,search-fcfs,review_busy_ticks,0.0
evaluation_00,reference,2,search-uncertainty,operational_loss,0.0
evaluation_01,reference,2,search-uncertainty,operational_loss,0.0
evaluation_02,reference,2,search-uncertainty,operational_loss,0.0
evaluation_03,reference,2,search-uncertainty,operational_loss,0.0
evaluation_04,reference,2,search-uncertainty,operational_loss,0.0
evaluation_05,reference,2,search-uncertainty,operational_loss,0.0
evaluation_06,reference,2,search-uncertainty,operational_loss,0.0
evaluation_07,reference,2,search-uncertainty,operational_loss,0.0
evaluation_08,reference,2,search-uncertainty,operational_loss,0.0
evaluation_09,reference,2,search-uncertainty,operational_loss,8.0
evaluation_10,reference,2,search-uncertainty,operational_loss,0.0
evaluation_11,reference,2,search-uncertainty,operational_loss,5.333333333333334
evaluation_12,reference,2,search-uncertainty,operational_loss,0.0
evaluation_13,reference,2,search-uncertainty,operational_loss,0.0
evaluation_14,reference,2,search-uncertainty,operational_loss,0.0
evaluation_15,reference,2,search-uncertainty,operational_loss,0.0
evaluation_16,reference,2,search-uncertainty,operational_loss,0.0
evaluation_17,reference,2,search-uncertainty,operational_loss,0.0
evaluation_18,reference,2,search-uncertainty,operational_loss,0.0
evaluation_19,reference,2,search-uncertainty,operational_loss,0.0
evaluation_20,reference,2,search-uncertainty,operational_loss,0.0
evaluation_21,reference,2,search-uncertainty,operational_loss,0.0
evaluation_22,reference,2,search-uncertainty,operational_loss,0.0
evaluation_23,reference,2,search-uncertainty,operational_loss,0.0
evaluation_24,reference,2,search-uncertainty,operational_loss,0.0
evaluation_25,reference,2,search-uncertainty,operational_loss,0.0
evaluation_26,reference,2,search-uncertainty,operational_loss,0.0
evaluation_27,reference,2,search-uncertainty,operational_loss,0.0
evaluation_28,reference,2,search-uncertainty,operational_loss,-5.333333333333334
evaluation_29,reference,2,search-uncertainty,operational_loss,0.0
evaluation_30,reference,2,search-uncertainty,operational_loss,0.0
evaluation_31,reference,2,search-uncertainty,operational_loss,0.0
evaluation_00,reference,2,search-uncertainty,task_completed,0.0
evaluation_01,reference,2,search-uncertainty,task_completed,0.0
evaluation_02,reference,2,search-uncertainty,task_completed,0.0
evaluation_03,reference,2,search-uncertainty,task_completed,0.0
evaluation_04,reference,2,search-uncertainty,task_completed,0.0
evaluation_05,reference,2,search-uncertainty,task_completed,0.0
evaluation_06,reference,2,search-uncertainty,task_completed,0.0
evaluation_07,reference,2,search-uncertainty,task_completed,0.0
evaluation_08,reference,2,search-uncertainty,task_completed,0.0
evaluation_09,reference,2,search-uncertainty,task_completed,-0.6666666666666665
evaluation_10,reference,2,search-uncertainty,task_completed,0.0
evaluation_11,reference,2,search-uncertainty,task_completed,-0.3333333333333335
evaluation_12,reference,2,search-uncertainty,task_completed,0.0
evaluation_13,reference,2,search-uncertainty,task_completed,0.0
evaluation_14,reference,2,search-uncertainty,task_completed,0.0
evaluation_15,reference,2,search-uncertainty,task_completed,0.0
evaluation_16,reference,2,search-uncertainty,task_completed,0.0
evaluation_17,reference,2,search-uncertainty,task_completed,0.0
evaluation_18,reference,2,search-uncertainty,task_completed,0.0
evaluation_19,reference,2,search-uncertainty,task_completed,0.0
evaluation_20,reference,2,search-uncertainty,task_completed,0.0
evaluation_21,reference,2,search-uncertainty,task_completed,0.0
evaluation_22,reference,2,search-uncertainty,task_completed,0.0
evaluation_23,reference,2,search-uncertainty,task_completed,0.0
evaluation_24,reference,2,search-uncertainty,task_completed,0.0
evaluation_25,reference,2,search-uncertainty,task_completed,0.0
evaluation_26,reference,2,search-uncertainty,task_completed,0.0
evaluation_27,reference,2,search-uncertainty,task_completed,0.0
evaluation_28,reference,2,search-uncertainty,task_completed,0.6666666666666667
evaluation_29,reference,2,search-uncertainty,task_completed,0.0
evaluation_30,reference,2,search-uncertainty,task_completed,0.0
evaluation_31,reference,2,search-uncertainty,task_completed,0.0
evaluation_00,reference,2,search-uncertainty,wrong_transactions,0.0
evaluation_01,reference,2,search-uncertainty,wrong_transactions,0.0
evaluation_02,reference,2,search-uncertainty,wrong_transactions,0.0
evaluation_03,reference,2,search-uncertainty,wrong_transactions,0.0
evaluation_04,reference,2,search-uncertainty,wrong_transactions,0.0
evaluation_05,reference,2,search-uncertainty,wrong_transactions,0.0
evaluation_06,reference,2,search-uncertainty,wrong_transactions,0.0
evaluation_07,reference,2,search-uncertainty,wrong_transactions,0.0
evaluation_08,reference,2,search-uncertainty,wrong_transactions,0.0
evaluation_09,reference,2,search-uncertainty,wrong_transactions,0.6666666666666666
evaluation_10,reference,2,search-uncertainty,wrong_transactions,0.0
evaluation_11,reference,2,search-uncertainty,wrong_transactions,0.3333333333333333
evaluation_12,reference,2,search-uncertainty,wrong_transactions,0.0
evaluation_13,reference,2,search-uncertainty,wrong_transactions,0.0
evaluation_14,reference,2,search-uncertainty,wrong_transactions,0.0
evaluation_15,reference,2,search-uncertainty,wrong_transactions,0.0
evaluation_16,reference,2,search-uncertainty,wrong_transactions,0.0
evaluation_17,reference,2,search-uncertainty,wrong_transactions,0.0
evaluation_18,reference,2,search-uncertainty,wrong_transactions,0.0
evaluation_19,reference,2,search-uncertainty,wrong_transactions,0.0
evaluation_20,reference,2,search-uncertainty,wrong_transactions,0.0
evaluation_21,reference,2,search-uncertainty,wrong_transactions,0.0
evaluation_22,reference,2,search-uncertainty,wrong_transactions,0.0
evaluation_23,reference,2,search-uncertainty,wrong_transactions,0.0
evaluation_24,reference,2,search-uncertainty,wrong_transactions,0.0
evaluation_25,reference,2,search-uncertainty,wrong_transactions,0.0
evaluation_26,reference,2,search-uncertainty,wrong_transactions,0.0
evaluation_27,reference,2,search-uncertainty,wrong_transactions,0.0
evaluation_28,reference,2,search-uncertainty,wrong_transactions,-0.6666666666666666
evaluation_29,reference,2,search-uncertainty,wrong_transactions,0.0
evaluation_30,reference,2,search-uncertainty,wrong_transactions,0.0
evaluation_31,reference,2,search-uncertainty,wrong_transactions,0.0
evaluation_00,reference,2,search-uncertainty,review_busy_ticks,0.0
evaluation_01,reference,2,search-uncertainty,review_busy_ticks,0.0
evaluation_02,reference,2,search-uncertainty,review_busy_ticks,0.0
evaluation_03,reference,2,search-uncertainty,review_busy_ticks,0.0
evaluation_04,reference,2,search-uncertainty,review_busy_ticks,1.333333333333333
evaluation_05,reference,2,search-uncertainty,review_busy_ticks,0.0
evaluation_06,reference,2,search-uncertainty,review_busy_ticks,0.0
evaluation_07,reference,2,search-uncertainty,review_busy_ticks,0.0
evaluation_08,reference,2,search-uncertainty,review_busy_ticks,0.0
evaluation_09,reference,2,search-uncertainty,review_busy_ticks,0.6666666666666665
evaluation_10,reference,2,search-uncertainty,review_busy_ticks,0.0
evaluation_11,reference,2,search-uncertainty,review_busy_ticks,1.3333333333333335
evaluation_12,reference,2,search-uncertainty,review_busy_ticks,2.0000000000000004
evaluation_13,reference,2,search-uncertainty,review_busy_ticks,0.0
evaluation_14,reference,2,search-uncertainty,review_busy_ticks,0.0
evaluation_15,reference,2,search-uncertainty,review_busy_ticks,1.333333333333333
evaluation_16,reference,2,search-uncertainty,review_busy_ticks,0.0
evaluation_17,reference,2,search-uncertainty,review_busy_ticks,0.0
evaluation_18,reference,2,search-uncertainty,review_busy_ticks,0.0
evaluation_19,reference,2,search-uncertainty,review_busy_ticks,0.0
evaluation_20,reference,2,search-uncertainty,review_busy_ticks,0.0
evaluation_21,reference,2,search-uncertainty,review_busy_ticks,0.0
evaluation_22,reference,2,search-uncertainty,review_busy_ticks,1.333333333333333
evaluation_23,reference,2,search-uncertainty,review_busy_ticks,2.0
evaluation_24,reference,2,search-uncertainty,review_busy_ticks,0.0
evaluation_25,reference,2,search-uncertainty,review_busy_ticks,1.333333333333333
evaluation_26,reference,2,search-uncertainty,review_busy_ticks,0.0
evaluation_27,reference,2,search-uncertainty,review_busy_ticks,0.0
evaluation_28,reference,2,search-uncertainty,review_busy_ticks,0.0
evaluation_29,reference,2,search-uncertainty,review_busy_ticks,0.0
evaluation_30,reference,2,search-uncertainty,review_busy_ticks,2.0
evaluation_31,reference,2,search-uncertainty,review_busy_ticks,0.6666666666666665
evaluation_00,reference,2,search-no_review,operational_loss,-5.333333333333336
evaluation_01,reference,2,search-no_review,operational_loss,-5.333333333333334
evaluation_02,reference,2,search-no_review,operational_loss,0.0
evaluation_03,reference,2,search-no_review,operational_loss,-12.0
evaluation_04,reference,2,search-no_review,operational_loss,-12.0
evaluation_05,reference,2,search-no_review,operational_loss,-5.333333333333333
evaluation_06,reference,2,search-no_review,operational_loss,0.0
evaluation_07,reference,2,search-no_review,operational_loss,0.0
evaluation_08,reference,2,search-no_review,operational_loss,0.0
evaluation_09,reference,2,search-no_review,operational_loss,-7.999999999999998
evaluation_10,reference,2,search-no_review,operational_loss,0.0
evaluation_11,reference,2,search-no_review,operational_loss,0.0
evaluation_12,reference,2,search-no_review,operational_loss,-5.333333333333334
evaluation_13,reference,2,search-no_review,operational_loss,0.0
evaluation_14,reference,2,search-no_review,operational_loss,-28.0
evaluation_15,reference,2,search-no_review,operational_loss,-5.333333333333334
evaluation_16,reference,2,search-no_review,operational_loss,-4.0
evaluation_17,reference,2,search-no_review,operational_loss,0.0
evaluation_18,reference,2,search-no_review,operational_loss,-4.0
evaluation_19,reference,2,search-no_review,operational_loss,0.0
evaluation_20,reference,2,search-no_review,operational_loss,0.0
evaluation_21,reference,2,search-no_review,operational_loss,-12.0
evaluation_22,reference,2,search-no_review,operational_loss,-15.999999999999998
evaluation_23,reference,2,search-no_review,operational_loss,0.0
evaluation_24,reference,2,search-no_review,operational_loss,0.0
evaluation_25,reference,2,search-no_review,operational_loss,-12.0
evaluation_26,reference,2,search-no_review,operational_loss,0.0
evaluation_27,reference,2,search-no_review,operational_loss,0.0
evaluation_28,reference,2,search-no_review,operational_loss,-13.333333333333334
evaluation_29,reference,2,search-no_review,operational_loss,0.0
evaluation_30,reference,2,search-no_review,operational_loss,0.0
evaluation_31,reference,2,search-no_review,operational_loss,0.0
evaluation_00,reference,2,search-no_review,task_completed,0.6666666666666667
evaluation_01,reference,2,search-no_review,task_completed,0.6666666666666667
evaluation_02,reference,2,search-no_review,task_completed,0.0
evaluation_03,reference,2,search-no_review,task_completed,1.0
evaluation_04,reference,2,search-no_review,task_completed,0.9999999999999998
evaluation_05,reference,2,search-no_review,task_completed,0.6666666666666667
evaluation_06,reference,2,search-no_review,task_completed,0.0
evaluation_07,reference,2,search-no_review,task_completed,0.0
evaluation_08,reference,2,search-no_review,task_completed,0.0
evaluation_09,reference,2,search-no_review,task_completed,1.0
evaluation_10,reference,2,search-no_review,task_completed,0.0
evaluation_11,reference,2,search-no_review,task_completed,0.0
evaluation_12,reference,2,search-no_review,task_completed,0.3333333333333335
evaluation_13,reference,2,search-no_review,task_completed,0.0
evaluation_14,reference,2,search-no_review,task_completed,2.0
evaluation_15,reference,2,search-no_review,task_completed,0.6666666666666665
evaluation_16,reference,2,search-no_review,task_completed,0.33333333333333326
evaluation_17,reference,2,search-no_review,task_completed,0.0
evaluation_18,reference,2,search-no_review,task_completed,0.3333333333333335
evaluation_19,reference,2,search-no_review,task_completed,0.0
evaluation_20,reference,2,search-no_review,task_completed,0.0
evaluation_21,reference,2,search-no_review,task_completed,1.0
evaluation_22,reference,2,search-no_review,task_completed,0.9999999999999998
evaluation_23,reference,2,search-no_review,task_completed,0.0
evaluation_24,reference,2,search-no_review,task_completed,0.0
evaluation_25,reference,2,search-no_review,task_completed,1.3333333333333333
evaluation_26,reference,2,search-no_review,task_completed,0.0
evaluation_27,reference,2,search-no_review,task_completed,0.0
evaluation_28,reference,2,search-no_review,task_completed,1.3333333333333335
evaluation_29,reference,2,search-no_review,task_completed,0.0
evaluation_30,reference,2,search-no_review,task_completed,0.0
evaluation_31,reference,2,search-no_review,task_completed,0.0
evaluation_00,reference,2,search-no_review,wrong_transactions,-0.6666666666666667
evaluation_01,reference,2,search-no_review,wrong_transactions,-0.6666666666666666
evaluation_02,reference,2,search-no_review,wrong_transactions,0.0
evaluation_03,reference,2,search-no_review,wrong_transactions,-1.0
evaluation_04,reference,2,search-no_review,wrong_transactions,-1.0
evaluation_05,reference,2,search-no_review,wrong_transactions,-0.6666666666666666
evaluation_06,reference,2,search-no_review,wrong_transactions,0.0
evaluation_07,reference,2,search-no_review,wrong_transactions,0.0
evaluation_08,reference,2,search-no_review,wrong_transactions,0.0
evaluation_09,reference,2,search-no_review,wrong_transactions,-1.0
evaluation_10,reference,2,search-no_review,wrong_transactions,0.0
evaluation_11,reference,2,search-no_review,wrong_transactions,0.0
evaluation_12,reference,2,search-no_review,wrong_transactions,-0.3333333333333333
evaluation_13,reference,2,search-no_review,wrong_transactions,0.0
evaluation_14,reference,2,search-no_review,wrong_transactions,-2.0
evaluation_15,reference,2,search-no_review,wrong_transactions,-0.6666666666666666
evaluation_16,reference,2,search-no_review,wrong_transactions,-0.3333333333333333
evaluation_17,reference,2,search-no_review,wrong_transactions,0.0
evaluation_18,reference,2,search-no_review,wrong_transactions,-0.3333333333333333
evaluation_19,reference,2,search-no_review,wrong_transactions,0.0
evaluation_20,reference,2,search-no_review,wrong_transactions,0.0
evaluation_21,reference,2,search-no_review,wrong_transactions,-1.0
evaluation_22,reference,2,search-no_review,wrong_transactions,-1.0
evaluation_23,reference,2,search-no_review,wrong_transactions,0.0
evaluation_24,reference,2,search-no_review,wrong_transactions,0.0
evaluation_25,reference,2,search-no_review,wrong_transactions,-1.3333333333333333
evaluation_26,reference,2,search-no_review,wrong_transactions,0.0
evaluation_27,reference,2,search-no_review,wrong_transactions,0.0
evaluation_28,reference,2,search-no_review,wrong_transactions,-1.3333333333333333
evaluation_29,reference,2,search-no_review,wrong_transactions,0.0
evaluation_30,reference,2,search-no_review,wrong_transactions,0.0
evaluation_31,reference,2,search-no_review,wrong_transactions,0.0
evaluation_00,reference,2,search-no_review,review_busy_ticks,3.3333333333333335
evaluation_01,reference,2,search-no_review,review_busy_ticks,2.6666666666666665
evaluation_02,reference,2,search-no_review,review_busy_ticks,4.0
evaluation_03,reference,2,search-no_review,review_busy_ticks,4.0
evaluation_04,reference,2,search-no_review,review_busy_ticks,5.333333333333333
evaluation_05,reference,2,search-no_review,review_busy_ticks,2.0
evaluation_06,reference,2,search-no_review,review_busy_ticks,4.0
evaluation_07,reference,2,search-no_review,review_busy_ticks,2.0
evaluation_08,reference,2,search-no_review,review_busy_ticks,4.0
evaluation_09,reference,2,search-no_review,review_busy_ticks,4.0
evaluation_10,reference,2,search-no_review,review_busy_ticks,4.0
evaluation_11,reference,2,search-no_review,review_busy_ticks,4.0
evaluation_12,reference,2,search-no_review,review_busy_ticks,4.666666666666667
evaluation_13,reference,2,search-no_review,review_busy_ticks,3.3333333333333335
evaluation_14,reference,2,search-no_review,review_busy_ticks,4.0
evaluation_15,reference,2,search-no_review,review_busy_ticks,5.333333333333333
evaluation_16,reference,2,search-no_review,review_busy_ticks,2.6666666666666665
evaluation_17,reference,2,search-no_review,review_busy_ticks,4.0
evaluation_18,reference,2,search-no_review,review_busy_ticks,4.0
evaluation_19,reference,2,search-no_review,review_busy_ticks,4.0
evaluation_20,reference,2,search-no_review,review_busy_ticks,4.0
evaluation_21,reference,2,search-no_review,review_busy_ticks,4.0
evaluation_22,reference,2,search-no_review,review_busy_ticks,5.333333333333333
evaluation_23,reference,2,search-no_review,review_busy_ticks,6.0
evaluation_24,reference,2,search-no_review,review_busy_ticks,4.0
evaluation_25,reference,2,search-no_review,review_busy_ticks,5.333333333333333
evaluation_26,reference,2,search-no_review,review_busy_ticks,6.0
evaluation_27,reference,2,search-no_review,review_busy_ticks,2.6666666666666665
evaluation_28,reference,2,search-no_review,review_busy_ticks,3.3333333333333335
evaluation_29,reference,2,search-no_review,review_busy_ticks,2.6666666666666665
evaluation_30,reference,2,search-no_review,review_busy_ticks,4.0
evaluation_31,reference,2,search-no_review,review_busy_ticks,4.0
evaluation_00,approve_block,1,search-greedy,operational_loss,0.0
evaluation_01,approve_block,1,search-greedy,operational_loss,0.0
evaluation_02,approve_block,1,search-greedy,operational_loss,0.0
evaluation_03,approve_block,1,search-greedy,operational_loss,0.0
evaluation_04,approve_block,1,search-greedy,operational_loss,0.0
evaluation_05,approve_block,1,search-greedy,operational_loss,0.0
evaluation_06,approve_block,1,search-greedy,operational_loss,0.0
evaluation_07,approve_block,1,search-greedy,operational_loss,0.0
evaluation_08,approve_block,1,search-greedy,operational_loss,0.0
evaluation_09,approve_block,1,search-greedy,operational_loss,0.0
evaluation_10,approve_block,1,search-greedy,operational_loss,0.0
evaluation_11,approve_block,1,search-greedy,operational_loss,0.0
evaluation_12,approve_block,1,search-greedy,operational_loss,0.0
evaluation_13,approve_block,1,search-greedy,operational_loss,0.0
evaluation_14,approve_block,1,search-greedy,operational_loss,0.0
evaluation_15,approve_block,1,search-greedy,operational_loss,0.0
evaluation_16,approve_block,1,search-greedy,operational_loss,0.0
evaluation_17,approve_block,1,search-greedy,operational_loss,0.0
evaluation_18,approve_block,1,search-greedy,operational_loss,0.0
evaluation_19,approve_block,1,search-greedy,operational_loss,0.0
evaluation_20,approve_block,1,search-greedy,operational_loss,0.0
evaluation_21,approve_block,1,search-greedy,operational_loss,0.0
evaluation_22,approve_block,1,search-greedy,operational_loss,0.0
evaluation_23,approve_block,1,search-greedy,operational_loss,0.0
evaluation_24,approve_block,1,search-greedy,operational_loss,0.0
evaluation_25,approve_block,1,search-greedy,operational_loss,0.0
evaluation_26,approve_block,1,search-greedy,operational_loss,0.0
evaluation_27,approve_block,1,search-greedy,operational_loss,0.0
evaluation_28,approve_block,1,search-greedy,operational_loss,0.0
evaluation_29,approve_block,1,search-greedy,operational_loss,0.0
evaluation_30,approve_block,1,search-greedy,operational_loss,0.0
evaluation_31,approve_block,1,search-greedy,operational_loss,0.0
evaluation_00,approve_block,1,search-greedy,task_completed,0.0
evaluation_01,approve_block,1,search-greedy,task_completed,0.0
evaluation_02,approve_block,1,search-greedy,task_completed,0.0
evaluation_03,approve_block,1,search-greedy,task_completed,0.0
evaluation_04,approve_block,1,search-greedy,task_completed,0.0
evaluation_05,approve_block,1,search-greedy,task_completed,0.0
evaluation_06,approve_block,1,search-greedy,task_completed,0.0
evaluation_07,approve_block,1,search-greedy,task_completed,0.0
evaluation_08,approve_block,1,search-greedy,task_completed,0.0
evaluation_09,approve_block,1,search-greedy,task_completed,0.0
evaluation_10,approve_block,1,search-greedy,task_completed,0.0
evaluation_11,approve_block,1,search-greedy,task_completed,0.0
evaluation_12,approve_block,1,search-greedy,task_completed,0.0
evaluation_13,approve_block,1,search-greedy,task_completed,0.0
evaluation_14,approve_block,1,search-greedy,task_completed,0.0
evaluation_15,approve_block,1,search-greedy,task_completed,0.0
evaluation_16,approve_block,1,search-greedy,task_completed,0.0
evaluation_17,approve_block,1,search-greedy,task_completed,0.0
evaluation_18,approve_block,1,search-greedy,task_completed,0.0
evaluation_19,approve_block,1,search-greedy,task_completed,0.0
evaluation_20,approve_block,1,search-greedy,task_completed,0.0
evaluation_21,approve_block,1,search-greedy,task_completed,0.0
evaluation_22,approve_block,1,search-greedy,task_completed,0.0
evaluation_23,approve_block,1,search-greedy,task_completed,0.0
evaluation_24,approve_block,1,search-greedy,task_completed,0.0
evaluation_25,approve_block,1,search-greedy,task_completed,0.0
evaluation_26,approve_block,1,search-greedy,task_completed,0.0
evaluation_27,approve_block,1,search-greedy,task_completed,0.0
evaluation_28,approve_block,1,search-greedy,task_completed,0.0
evaluation_29,approve_block,1,search-greedy,task_completed,0.0
evaluation_30,approve_block,1,search-greedy,task_completed,0.0
evaluation_31,approve_block,1,search-greedy,task_completed,0.0
evaluation_00,approve_block,1,search-greedy,wrong_transactions,0.0
evaluation_01,approve_block,1,search-greedy,wrong_transactions,0.0
evaluation_02,approve_block,1,search-greedy,wrong_transactions,0.0
evaluation_03,approve_block,1,search-greedy,wrong_transactions,0.0
evaluation_04,approve_block,1,search-greedy,wrong_transactions,0.0
evaluation_05,approve_block,1,search-greedy,wrong_transactions,0.0
evaluation_06,approve_block,1,search-greedy,wrong_transactions,0.0
evaluation_07,approve_block,1,search-greedy,wrong_transactions,0.0
evaluation_08,approve_block,1,search-greedy,wrong_transactions,0.0
evaluation_09,approve_block,1,search-greedy,wrong_transactions,0.0
evaluation_10,approve_block,1,search-greedy,wrong_transactions,0.0
evaluation_11,approve_block,1,search-greedy,wrong_transactions,0.0
evaluation_12,approve_block,1,search-greedy,wrong_transactions,0.0
evaluation_13,approve_block,1,search-greedy,wrong_transactions,0.0
evaluation_14,approve_block,1,search-greedy,wrong_transactions,0.0
evaluation_15,approve_block,1,search-greedy,wrong_transactions,0.0
evaluation_16,approve_block,1,search-greedy,wrong_transactions,0.0
evaluation_17,approve_block,1,search-greedy,wrong_transactions,0.0
evaluation_18,approve_block,1,search-greedy,wrong_transactions,0.0
evaluation_19,approve_block,1,search-greedy,wrong_transactions,0.0
evaluation_20,approve_block,1,search-greedy,wrong_transactions,0.0
evaluation_21,approve_block,1,search-greedy,wrong_transactions,0.0
evaluation_22,approve_block,1,search-greedy,wrong_transactions,0.0
evaluation_23,approve_block,1,search-greedy,wrong_transactions,0.0
evaluation_24,approve_block,1,search-greedy,wrong_transactions,0.0
evaluation_25,approve_block,1,search-greedy,wrong_transactions,0.0
evaluation_26,approve_block,1,search-greedy,wrong_transactions,0.0
evaluation_27,approve_block,1,search-greedy,wrong_transactions,0.0
evaluation_28,approve_block,1,search-greedy,wrong_transactions,0.0
evaluation_29,approve_block,1,search-greedy,wrong_transactions,0.0
evaluation_30,approve_block,1,search-greedy,wrong_transactions,0.0
evaluation_31,approve_block,1,search-greedy,wrong_transactions,0.0
evaluation_00,approve_block,1,search-greedy,review_busy_ticks,0.0
evaluation_01,approve_block,1,search-greedy,review_busy_ticks,0.0
evaluation_02,approve_block,1,search-greedy,review_busy_ticks,0.0
evaluation_03,approve_block,1,search-greedy,review_busy_ticks,0.0
evaluation_04,approve_block,1,search-greedy,review_busy_ticks,0.0
evaluation_05,approve_block,1,search-greedy,review_busy_ticks,0.0
evaluation_06,approve_block,1,search-greedy,review_busy_ticks,0.0
evaluation_07,approve_block,1,search-greedy,review_busy_ticks,0.0
evaluation_08,approve_block,1,search-greedy,review_busy_ticks,0.0
evaluation_09,approve_block,1,search-greedy,review_busy_ticks,0.6666666666666665
evaluation_10,approve_block,1,search-greedy,review_busy_ticks,0.0
evaluation_11,approve_block,1,search-greedy,review_busy_ticks,0.3333333333333335
evaluation_12,approve_block,1,search-greedy,review_busy_ticks,0.3333333333333335
evaluation_13,approve_block,1,search-greedy,review_busy_ticks,0.0
evaluation_14,approve_block,1,search-greedy,review_busy_ticks,0.0
evaluation_15,approve_block,1,search-greedy,review_busy_ticks,0.0
evaluation_16,approve_block,1,search-greedy,review_busy_ticks,0.0
evaluation_17,approve_block,1,search-greedy,review_busy_ticks,0.0
evaluation_18,approve_block,1,search-greedy,review_busy_ticks,0.0
evaluation_19,approve_block,1,search-greedy,review_busy_ticks,0.0
evaluation_20,approve_block,1,search-greedy,review_busy_ticks,0.0
evaluation_21,approve_block,1,search-greedy,review_busy_ticks,1.0
evaluation_22,approve_block,1,search-greedy,review_busy_ticks,0.6666666666666665
evaluation_23,approve_block,1,search-greedy,review_busy_ticks,0.0
evaluation_24,approve_block,1,search-greedy,review_busy_ticks,0.0
evaluation_25,approve_block,1,search-greedy,review_busy_ticks,0.0
evaluation_26,approve_block,1,search-greedy,review_busy_ticks,0.0
evaluation_27,approve_block,1,search-greedy,review_busy_ticks,0.0
evaluation_28,approve_block,1,search-greedy,review_busy_ticks,0.0
evaluation_29,approve_block,1,search-greedy,review_busy_ticks,0.0
evaluation_30,approve_block,1,search-greedy,review_busy_ticks,0.0
evaluation_31,approve_block,1,search-greedy,review_busy_ticks,0.0
evaluation_00,approve_block,1,search-edf,operational_loss,0.0
evaluation_01,approve_block,1,search-edf,operational_loss,0.0
evaluation_02,approve_block,1,search-edf,operational_loss,0.0
evaluation_03,approve_block,1,search-edf,operational_loss,0.0
evaluation_04,approve_block,1,search-edf,operational_loss,0.0
evaluation_05,approve_block,1,search-edf,operational_loss,0.0
evaluation_06,approve_block,1,search-edf,operational_loss,0.0
evaluation_07,approve_block,1,search-edf,operational_loss,0.0
evaluation_08,approve_block,1,search-edf,operational_loss,0.0
evaluation_09,approve_block,1,search-edf,operational_loss,0.0
evaluation_10,approve_block,1,search-edf,operational_loss,0.0
evaluation_11,approve_block,1,search-edf,operational_loss,0.0
evaluation_12,approve_block,1,search-edf,operational_loss,0.0
evaluation_13,approve_block,1,search-edf,operational_loss,0.0
evaluation_14,approve_block,1,search-edf,operational_loss,0.0
evaluation_15,approve_block,1,search-edf,operational_loss,0.0
evaluation_16,approve_block,1,search-edf,operational_loss,0.0
evaluation_17,approve_block,1,search-edf,operational_loss,0.0
evaluation_18,approve_block,1,search-edf,operational_loss,0.0
evaluation_19,approve_block,1,search-edf,operational_loss,0.0
evaluation_20,approve_block,1,search-edf,operational_loss,0.0
evaluation_21,approve_block,1,search-edf,operational_loss,0.0
evaluation_22,approve_block,1,search-edf,operational_loss,0.0
evaluation_23,approve_block,1,search-edf,operational_loss,0.0
evaluation_24,approve_block,1,search-edf,operational_loss,0.0
evaluation_25,approve_block,1,search-edf,operational_loss,0.0
evaluation_26,approve_block,1,search-edf,operational_loss,0.0
evaluation_27,approve_block,1,search-edf,operational_loss,0.0
evaluation_28,approve_block,1,search-edf,operational_loss,0.0
evaluation_29,approve_block,1,search-edf,operational_loss,0.0
evaluation_30,approve_block,1,search-edf,operational_loss,0.0
evaluation_31,approve_block,1,search-edf,operational_loss,0.0
evaluation_00,approve_block,1,search-edf,task_completed,0.0
evaluation_01,approve_block,1,search-edf,task_completed,0.0
evaluation_02,approve_block,1,search-edf,task_completed,0.0
evaluation_03,approve_block,1,search-edf,task_completed,0.0
evaluation_04,approve_block,1,search-edf,task_completed,0.0
evaluation_05,approve_block,1,search-edf,task_completed,0.0
evaluation_06,approve_block,1,search-edf,task_completed,0.0
evaluation_07,approve_block,1,search-edf,task_completed,0.0
evaluation_08,approve_block,1,search-edf,task_completed,0.0
evaluation_09,approve_block,1,search-edf,task_completed,0.0
evaluation_10,approve_block,1,search-edf,task_completed,0.0
evaluation_11,approve_block,1,search-edf,task_completed,0.0
evaluation_12,approve_block,1,search-edf,task_completed,0.0
evaluation_13,approve_block,1,search-edf,task_completed,0.0
evaluation_14,approve_block,1,search-edf,task_completed,0.0
evaluation_15,approve_block,1,search-edf,task_completed,0.0
evaluation_16,approve_block,1,search-edf,task_completed,0.0
evaluation_17,approve_block,1,search-edf,task_completed,0.0
evaluation_18,approve_block,1,search-edf,task_completed,0.0
evaluation_19,approve_block,1,search-edf,task_completed,0.0
evaluation_20,approve_block,1,search-edf,task_completed,0.0
evaluation_21,approve_block,1,search-edf,task_completed,0.0
evaluation_22,approve_block,1,search-edf,task_completed,0.0
evaluation_23,approve_block,1,search-edf,task_completed,0.0
evaluation_24,approve_block,1,search-edf,task_completed,0.0
evaluation_25,approve_block,1,search-edf,task_completed,0.0
evaluation_26,approve_block,1,search-edf,task_completed,0.0
evaluation_27,approve_block,1,search-edf,task_completed,0.0
evaluation_28,approve_block,1,search-edf,task_completed,0.0
evaluation_29,approve_block,1,search-edf,task_completed,0.0
evaluation_30,approve_block,1,search-edf,task_completed,0.0
evaluation_31,approve_block,1,search-edf,task_completed,0.0
evaluation_00,approve_block,1,search-edf,wrong_transactions,0.0
evaluation_01,approve_block,1,search-edf,wrong_transactions,0.0
evaluation_02,approve_block,1,search-edf,wrong_transactions,0.0
evaluation_03,approve_block,1,search-edf,wrong_transactions,0.0
evaluation_04,approve_block,1,search-edf,wrong_transactions,0.0
evaluation_05,approve_block,1,search-edf,wrong_transactions,0.0
evaluation_06,approve_block,1,search-edf,wrong_transactions,0.0
evaluation_07,approve_block,1,search-edf,wrong_transactions,0.0
evaluation_08,approve_block,1,search-edf,wrong_transactions,0.0
evaluation_09,approve_block,1,search-edf,wrong_transactions,0.0
evaluation_10,approve_block,1,search-edf,wrong_transactions,0.0
evaluation_11,approve_block,1,search-edf,wrong_transactions,0.0
evaluation_12,approve_block,1,search-edf,wrong_transactions,0.0
evaluation_13,approve_block,1,search-edf,wrong_transactions,0.0
evaluation_14,approve_block,1,search-edf,wrong_transactions,0.0
evaluation_15,approve_block,1,search-edf,wrong_transactions,0.0
evaluation_16,approve_block,1,search-edf,wrong_transactions,0.0
evaluation_17,approve_block,1,search-edf,wrong_transactions,0.0
evaluation_18,approve_block,1,search-edf,wrong_transactions,0.0
evaluation_19,approve_block,1,search-edf,wrong_transactions,0.0
evaluation_20,approve_block,1,search-edf,wrong_transactions,0.0
evaluation_21,approve_block,1,search-edf,wrong_transactions,0.0
evaluation_22,approve_block,1,search-edf,wrong_transactions,0.0
evaluation_23,approve_block,1,search-edf,wrong_transactions,0.0
evaluation_24,approve_block,1,search-edf,wrong_transactions,0.0
evaluation_25,approve_block,1,search-edf,wrong_transactions,0.0
evaluation_26,approve_block,1,search-edf,wrong_transactions,0.0
evaluation_27,approve_block,1,search-edf,wrong_transactions,0.0
evaluation_28,approve_block,1,search-edf,wrong_transactions,0.0
evaluation_29,approve_block,1,search-edf,wrong_transactions,0.0
evaluation_30,approve_block,1,search-edf,wrong_transactions,0.0
evaluation_31,approve_block,1,search-edf,wrong_transactions,0.0
evaluation_00,approve_block,1,search-edf,review_busy_ticks,0.0
evaluation_01,approve_block,1,search-edf,review_busy_ticks,0.0
evaluation_02,approve_block,1,search-edf,review_busy_ticks,0.0
evaluation_03,approve_block,1,search-edf,review_busy_ticks,0.0
evaluation_04,approve_block,1,search-edf,review_busy_ticks,0.0
evaluation_05,approve_block,1,search-edf,review_busy_ticks,0.0
evaluation_06,approve_block,1,search-edf,review_busy_ticks,0.0
evaluation_07,approve_block,1,search-edf,review_busy_ticks,0.0
evaluation_08,approve_block,1,search-edf,review_busy_ticks,0.0
evaluation_09,approve_block,1,search-edf,review_busy_ticks,0.0
evaluation_10,approve_block,1,search-edf,review_busy_ticks,0.0
evaluation_11,approve_block,1,search-edf,review_busy_ticks,0.0
evaluation_12,approve_block,1,search-edf,review_busy_ticks,0.0
evaluation_13,approve_block,1,search-edf,review_busy_ticks,0.0
evaluation_14,approve_block,1,search-edf,review_busy_ticks,0.0
evaluation_15,approve_block,1,search-edf,review_busy_ticks,0.0
evaluation_16,approve_block,1,search-edf,review_busy_ticks,0.0
evaluation_17,approve_block,1,search-edf,review_busy_ticks,0.0
evaluation_18,approve_block,1,search-edf,review_busy_ticks,0.0
evaluation_19,approve_block,1,search-edf,review_busy_ticks,0.0
evaluation_20,approve_block,1,search-edf,review_busy_ticks,0.0
evaluation_21,approve_block,1,search-edf,review_busy_ticks,0.0
evaluation_22,approve_block,1,search-edf,review_busy_ticks,0.0
evaluation_23,approve_block,1,search-edf,review_busy_ticks,0.0
evaluation_24,approve_block,1,search-edf,review_busy_ticks,0.0
evaluation_25,approve_block,1,search-edf,review_busy_ticks,0.0
evaluation_26,approve_block,1,search-edf,review_busy_ticks,0.0
evaluation_27,approve_block,1,search-edf,review_busy_ticks,0.0
evaluation_28,approve_block,1,search-edf,review_busy_ticks,0.0
evaluation_29,approve_block,1,search-edf,review_busy_ticks,0.0
evaluation_30,approve_block,1,search-edf,review_busy_ticks,0.0
evaluation_31,approve_block,1,search-edf,review_busy_ticks,0.0
evaluation_00,approve_block,1,search-fcfs,operational_loss,0.0
evaluation_01,approve_block,1,search-fcfs,operational_loss,0.0
evaluation_02,approve_block,1,search-fcfs,operational_loss,0.0
evaluation_03,approve_block,1,search-fcfs,operational_loss,0.0
evaluation_04,approve_block,1,search-fcfs,operational_loss,0.0
evaluation_05,approve_block,1,search-fcfs,operational_loss,0.0
evaluation_06,approve_block,1,search-fcfs,operational_loss,0.0
evaluation_07,approve_block,1,search-fcfs,operational_loss,0.0
evaluation_08,approve_block,1,search-fcfs,operational_loss,0.0
evaluation_09,approve_block,1,search-fcfs,operational_loss,0.0
evaluation_10,approve_block,1,search-fcfs,operational_loss,0.0
evaluation_11,approve_block,1,search-fcfs,operational_loss,0.0
evaluation_12,approve_block,1,search-fcfs,operational_loss,0.0
evaluation_13,approve_block,1,search-fcfs,operational_loss,0.0
evaluation_14,approve_block,1,search-fcfs,operational_loss,0.0
evaluation_15,approve_block,1,search-fcfs,operational_loss,0.0
evaluation_16,approve_block,1,search-fcfs,operational_loss,0.0
evaluation_17,approve_block,1,search-fcfs,operational_loss,0.0
evaluation_18,approve_block,1,search-fcfs,operational_loss,0.0
evaluation_19,approve_block,1,search-fcfs,operational_loss,0.0
evaluation_20,approve_block,1,search-fcfs,operational_loss,0.0
evaluation_21,approve_block,1,search-fcfs,operational_loss,0.0
evaluation_22,approve_block,1,search-fcfs,operational_loss,0.0
evaluation_23,approve_block,1,search-fcfs,operational_loss,0.0
evaluation_24,approve_block,1,search-fcfs,operational_loss,0.0
evaluation_25,approve_block,1,search-fcfs,operational_loss,0.0
evaluation_26,approve_block,1,search-fcfs,operational_loss,0.0
evaluation_27,approve_block,1,search-fcfs,operational_loss,0.0
evaluation_28,approve_block,1,search-fcfs,operational_loss,0.0
evaluation_29,approve_block,1,search-fcfs,operational_loss,0.0
evaluation_30,approve_block,1,search-fcfs,operational_loss,0.0
evaluation_31,approve_block,1,search-fcfs,operational_loss,0.0
evaluation_00,approve_block,1,search-fcfs,task_completed,0.0
evaluation_01,approve_block,1,search-fcfs,task_completed,0.0
evaluation_02,approve_block,1,search-fcfs,task_completed,0.0
evaluation_03,approve_block,1,search-fcfs,task_completed,0.0
evaluation_04,approve_block,1,search-fcfs,task_completed,0.0
evaluation_05,approve_block,1,search-fcfs,task_completed,0.0
evaluation_06,approve_block,1,search-fcfs,task_completed,0.0
evaluation_07,approve_block,1,search-fcfs,task_completed,0.0
evaluation_08,approve_block,1,search-fcfs,task_completed,0.0
evaluation_09,approve_block,1,search-fcfs,task_completed,0.0
evaluation_10,approve_block,1,search-fcfs,task_completed,0.0
evaluation_11,approve_block,1,search-fcfs,task_completed,0.0
evaluation_12,approve_block,1,search-fcfs,task_completed,0.0
evaluation_13,approve_block,1,search-fcfs,task_completed,0.0
evaluation_14,approve_block,1,search-fcfs,task_completed,0.0
evaluation_15,approve_block,1,search-fcfs,task_completed,0.0
evaluation_16,approve_block,1,search-fcfs,task_completed,0.0
evaluation_17,approve_block,1,search-fcfs,task_completed,0.0
evaluation_18,approve_block,1,search-fcfs,task_completed,0.0
evaluation_19,approve_block,1,search-fcfs,task_completed,0.0
evaluation_20,approve_block,1,search-fcfs,task_completed,0.0
evaluation_21,approve_block,1,search-fcfs,task_completed,0.0
evaluation_22,approve_block,1,search-fcfs,task_completed,0.0
evaluation_23,approve_block,1,search-fcfs,task_completed,0.0
evaluation_24,approve_block,1,search-fcfs,task_completed,0.0
evaluation_25,approve_block,1,search-fcfs,task_completed,0.0
evaluation_26,approve_block,1,search-fcfs,task_completed,0.0
evaluation_27,approve_block,1,search-fcfs,task_completed,0.0
evaluation_28,approve_block,1,search-fcfs,task_completed,0.0
evaluation_29,approve_block,1,search-fcfs,task_completed,0.0
evaluation_30,approve_block,1,search-fcfs,task_completed,0.0
evaluation_31,approve_block,1,search-fcfs,task_completed,0.0
evaluation_00,approve_block,1,search-fcfs,wrong_transactions,0.0
evaluation_01,approve_block,1,search-fcfs,wrong_transactions,0.0
evaluation_02,approve_block,1,search-fcfs,wrong_transactions,0.0
evaluation_03,approve_block,1,search-fcfs,wrong_transactions,0.0
evaluation_04,approve_block,1,search-fcfs,wrong_transactions,0.0
evaluation_05,approve_block,1,search-fcfs,wrong_transactions,0.0
evaluation_06,approve_block,1,search-fcfs,wrong_transactions,0.0
evaluation_07,approve_block,1,search-fcfs,wrong_transactions,0.0
evaluation_08,approve_block,1,search-fcfs,wrong_transactions,0.0
evaluation_09,approve_block,1,search-fcfs,wrong_transactions,0.0
evaluation_10,approve_block,1,search-fcfs,wrong_transactions,0.0
evaluation_11,approve_block,1,search-fcfs,wrong_transactions,0.0
evaluation_12,approve_block,1,search-fcfs,wrong_transactions,0.0
evaluation_13,approve_block,1,search-fcfs,wrong_transactions,0.0
evaluation_14,approve_block,1,search-fcfs,wrong_transactions,0.0
evaluation_15,approve_block,1,search-fcfs,wrong_transactions,0.0
evaluation_16,approve_block,1,search-fcfs,wrong_transactions,0.0
evaluation_17,approve_block,1,search-fcfs,wrong_transactions,0.0
evaluation_18,approve_block,1,search-fcfs,wrong_transactions,0.0
evaluation_19,approve_block,1,search-fcfs,wrong_transactions,0.0
evaluation_20,approve_block,1,search-fcfs,wrong_transactions,0.0
evaluation_21,approve_block,1,search-fcfs,wrong_transactions,0.0
evaluation_22,approve_block,1,search-fcfs,wrong_transactions,0.0
evaluation_23,approve_block,1,search-fcfs,wrong_transactions,0.0
evaluation_24,approve_block,1,search-fcfs,wrong_transactions,0.0
evaluation_25,approve_block,1,search-fcfs,wrong_transactions,0.0
evaluation_26,approve_block,1,search-fcfs,wrong_transactions,0.0
evaluation_27,approve_block,1,search-fcfs,wrong_transactions,0.0
evaluation_28,approve_block,1,search-fcfs,wrong_transactions,0.0
evaluation_29,approve_block,1,search-fcfs,wrong_transactions,0.0
evaluation_30,approve_block,1,search-fcfs,wrong_transactions,0.0
evaluation_31,approve_block,1,search-fcfs,wrong_transactions,0.0
evaluation_00,approve_block,1,search-fcfs,review_busy_ticks,0.0
evaluation_01,approve_block,1,search-fcfs,review_busy_ticks,0.0
evaluation_02,approve_block,1,search-fcfs,review_busy_ticks,0.0
evaluation_03,approve_block,1,search-fcfs,review_busy_ticks,0.0
evaluation_04,approve_block,1,search-fcfs,review_busy_ticks,0.0
evaluation_05,approve_block,1,search-fcfs,review_busy_ticks,0.0
evaluation_06,approve_block,1,search-fcfs,review_busy_ticks,0.0
evaluation_07,approve_block,1,search-fcfs,review_busy_ticks,0.0
evaluation_08,approve_block,1,search-fcfs,review_busy_ticks,0.0
evaluation_09,approve_block,1,search-fcfs,review_busy_ticks,0.0
evaluation_10,approve_block,1,search-fcfs,review_busy_ticks,0.0
evaluation_11,approve_block,1,search-fcfs,review_busy_ticks,0.0
evaluation_12,approve_block,1,search-fcfs,review_busy_ticks,0.0
evaluation_13,approve_block,1,search-fcfs,review_busy_ticks,0.0
evaluation_14,approve_block,1,search-fcfs,review_busy_ticks,0.0
evaluation_15,approve_block,1,search-fcfs,review_busy_ticks,0.0
evaluation_16,approve_block,1,search-fcfs,review_busy_ticks,0.0
evaluation_17,approve_block,1,search-fcfs,review_busy_ticks,0.0
evaluation_18,approve_block,1,search-fcfs,review_busy_ticks,0.0
evaluation_19,approve_block,1,search-fcfs,review_busy_ticks,0.0
evaluation_20,approve_block,1,search-fcfs,review_busy_ticks,0.0
evaluation_21,approve_block,1,search-fcfs,review_busy_ticks,0.0
evaluation_22,approve_block,1,search-fcfs,review_busy_ticks,0.0
evaluation_23,approve_block,1,search-fcfs,review_busy_ticks,0.0
evaluation_24,approve_block,1,search-fcfs,review_busy_ticks,0.0
evaluation_25,approve_block,1,search-fcfs,review_busy_ticks,0.0
evaluation_26,approve_block,1,search-fcfs,review_busy_ticks,0.0
evaluation_27,approve_block,1,search-fcfs,review_busy_ticks,0.0
evaluation_28,approve_block,1,search-fcfs,review_busy_ticks,0.0
evaluation_29,approve_block,1,search-fcfs,review_busy_ticks,0.0
evaluation_30,approve_block,1,search-fcfs,review_busy_ticks,0.0
evaluation_31,approve_block,1,search-fcfs,review_busy_ticks,0.0
evaluation_00,approve_block,1,search-uncertainty,operational_loss,0.0
evaluation_01,approve_block,1,search-uncertainty,operational_loss,0.0
evaluation_02,approve_block,1,search-uncertainty,operational_loss,0.0
evaluation_03,approve_block,1,search-uncertainty,operational_loss,0.0
evaluation_04,approve_block,1,search-uncertainty,operational_loss,0.0
evaluation_05,approve_block,1,search-uncertainty,operational_loss,0.0
evaluation_06,approve_block,1,search-uncertainty,operational_loss,0.0
evaluation_07,approve_block,1,search-uncertainty,operational_loss,0.0
evaluation_08,approve_block,1,search-uncertainty,operational_loss,0.0
evaluation_09,approve_block,1,search-uncertainty,operational_loss,0.0
evaluation_10,approve_block,1,search-uncertainty,operational_loss,0.0
evaluation_11,approve_block,1,search-uncertainty,operational_loss,0.0
evaluation_12,approve_block,1,search-uncertainty,operational_loss,0.0
evaluation_13,approve_block,1,search-uncertainty,operational_loss,0.0
evaluation_14,approve_block,1,search-uncertainty,operational_loss,0.0
evaluation_15,approve_block,1,search-uncertainty,operational_loss,0.0
evaluation_16,approve_block,1,search-uncertainty,operational_loss,0.0
evaluation_17,approve_block,1,search-uncertainty,operational_loss,0.0
evaluation_18,approve_block,1,search-uncertainty,operational_loss,0.0
evaluation_19,approve_block,1,search-uncertainty,operational_loss,0.0
evaluation_20,approve_block,1,search-uncertainty,operational_loss,0.0
evaluation_21,approve_block,1,search-uncertainty,operational_loss,0.0
evaluation_22,approve_block,1,search-uncertainty,operational_loss,0.0
evaluation_23,approve_block,1,search-uncertainty,operational_loss,0.0
evaluation_24,approve_block,1,search-uncertainty,operational_loss,0.0
evaluation_25,approve_block,1,search-uncertainty,operational_loss,0.0
evaluation_26,approve_block,1,search-uncertainty,operational_loss,0.0
evaluation_27,approve_block,1,search-uncertainty,operational_loss,0.0
evaluation_28,approve_block,1,search-uncertainty,operational_loss,0.0
evaluation_29,approve_block,1,search-uncertainty,operational_loss,0.0
evaluation_30,approve_block,1,search-uncertainty,operational_loss,0.0
evaluation_31,approve_block,1,search-uncertainty,operational_loss,0.0
evaluation_00,approve_block,1,search-uncertainty,task_completed,0.0
evaluation_01,approve_block,1,search-uncertainty,task_completed,0.0
evaluation_02,approve_block,1,search-uncertainty,task_completed,0.0
evaluation_03,approve_block,1,search-uncertainty,task_completed,0.0
evaluation_04,approve_block,1,search-uncertainty,task_completed,0.0
evaluation_05,approve_block,1,search-uncertainty,task_completed,0.0
evaluation_06,approve_block,1,search-uncertainty,task_completed,0.0
evaluation_07,approve_block,1,search-uncertainty,task_completed,0.0
evaluation_08,approve_block,1,search-uncertainty,task_completed,0.0
evaluation_09,approve_block,1,search-uncertainty,task_completed,0.0
evaluation_10,approve_block,1,search-uncertainty,task_completed,0.0
evaluation_11,approve_block,1,search-uncertainty,task_completed,0.0
evaluation_12,approve_block,1,search-uncertainty,task_completed,0.0
evaluation_13,approve_block,1,search-uncertainty,task_completed,0.0
evaluation_14,approve_block,1,search-uncertainty,task_completed,0.0
evaluation_15,approve_block,1,search-uncertainty,task_completed,0.0
evaluation_16,approve_block,1,search-uncertainty,task_completed,0.0
evaluation_17,approve_block,1,search-uncertainty,task_completed,0.0
evaluation_18,approve_block,1,search-uncertainty,task_completed,0.0
evaluation_19,approve_block,1,search-uncertainty,task_completed,0.0
evaluation_20,approve_block,1,search-uncertainty,task_completed,0.0
evaluation_21,approve_block,1,search-uncertainty,task_completed,0.0
evaluation_22,approve_block,1,search-uncertainty,task_completed,0.0
evaluation_23,approve_block,1,search-uncertainty,task_completed,0.0
evaluation_24,approve_block,1,search-uncertainty,task_completed,0.0
evaluation_25,approve_block,1,search-uncertainty,task_completed,0.0
evaluation_26,approve_block,1,search-uncertainty,task_completed,0.0
evaluation_27,approve_block,1,search-uncertainty,task_completed,0.0
evaluation_28,approve_block,1,search-uncertainty,task_completed,0.0
evaluation_29,approve_block,1,search-uncertainty,task_completed,0.0
evaluation_30,approve_block,1,search-uncertainty,task_completed,0.0
evaluation_31,approve_block,1,search-uncertainty,task_completed,0.0
evaluation_00,approve_block,1,search-uncertainty,wrong_transactions,0.0
evaluation_01,approve_block,1,search-uncertainty,wrong_transactions,0.0
evaluation_02,approve_block,1,search-uncertainty,wrong_transactions,0.0
evaluation_03,approve_block,1,search-uncertainty,wrong_transactions,0.0
evaluation_04,approve_block,1,search-uncertainty,wrong_transactions,0.0
evaluation_05,approve_block,1,search-uncertainty,wrong_transactions,0.0
evaluation_06,approve_block,1,search-uncertainty,wrong_transactions,0.0
evaluation_07,approve_block,1,search-uncertainty,wrong_transactions,0.0
evaluation_08,approve_block,1,search-uncertainty,wrong_transactions,0.0
evaluation_09,approve_block,1,search-uncertainty,wrong_transactions,0.0
evaluation_10,approve_block,1,search-uncertainty,wrong_transactions,0.0
evaluation_11,approve_block,1,search-uncertainty,wrong_transactions,0.0
evaluation_12,approve_block,1,search-uncertainty,wrong_transactions,0.0
evaluation_13,approve_block,1,search-uncertainty,wrong_transactions,0.0
evaluation_14,approve_block,1,search-uncertainty,wrong_transactions,0.0
evaluation_15,approve_block,1,search-uncertainty,wrong_transactions,0.0
evaluation_16,approve_block,1,search-uncertainty,wrong_transactions,0.0
evaluation_17,approve_block,1,search-uncertainty,wrong_transactions,0.0
evaluation_18,approve_block,1,search-uncertainty,wrong_transactions,0.0
evaluation_19,approve_block,1,search-uncertainty,wrong_transactions,0.0
evaluation_20,approve_block,1,search-uncertainty,wrong_transactions,0.0
evaluation_21,approve_block,1,search-uncertainty,wrong_transactions,0.0
evaluation_22,approve_block,1,search-uncertainty,wrong_transactions,0.0
evaluation_23,approve_block,1,search-uncertainty,wrong_transactions,0.0
evaluation_24,approve_block,1,search-uncertainty,wrong_transactions,0.0
evaluation_25,approve_block,1,search-uncertainty,wrong_transactions,0.0
evaluation_26,approve_block,1,search-uncertainty,wrong_transactions,0.0
evaluation_27,approve_block,1,search-uncertainty,wrong_transactions,0.0
evaluation_28,approve_block,1,search-uncertainty,wrong_transactions,0.0
evaluation_29,approve_block,1,search-uncertainty,wrong_transactions,0.0
evaluation_30,approve_block,1,search-uncertainty,wrong_transactions,0.0
evaluation_31,approve_block,1,search-uncertainty,wrong_transactions,0.0
evaluation_00,approve_block,1,search-uncertainty,review_busy_ticks,0.0
evaluation_01,approve_block,1,search-uncertainty,review_busy_ticks,0.0
evaluation_02,approve_block,1,search-uncertainty,review_busy_ticks,0.0
evaluation_03,approve_block,1,search-uncertainty,review_busy_ticks,0.0
evaluation_04,approve_block,1,search-uncertainty,review_busy_ticks,0.0
evaluation_05,approve_block,1,search-uncertainty,review_busy_ticks,0.0
evaluation_06,approve_block,1,search-uncertainty,review_busy_ticks,0.0
evaluation_07,approve_block,1,search-uncertainty,review_busy_ticks,0.0
evaluation_08,approve_block,1,search-uncertainty,review_busy_ticks,0.0
evaluation_09,approve_block,1,search-uncertainty,review_busy_ticks,0.6666666666666665
evaluation_10,approve_block,1,search-uncertainty,review_busy_ticks,0.0
evaluation_11,approve_block,1,search-uncertainty,review_busy_ticks,0.3333333333333335
evaluation_12,approve_block,1,search-uncertainty,review_busy_ticks,0.3333333333333335
evaluation_13,approve_block,1,search-uncertainty,review_busy_ticks,0.0
evaluation_14,approve_block,1,search-uncertainty,review_busy_ticks,0.0
evaluation_15,approve_block,1,search-uncertainty,review_busy_ticks,0.0
evaluation_16,approve_block,1,search-uncertainty,review_busy_ticks,0.0
evaluation_17,approve_block,1,search-uncertainty,review_busy_ticks,0.0
evaluation_18,approve_block,1,search-uncertainty,review_busy_ticks,0.0
evaluation_19,approve_block,1,search-uncertainty,review_busy_ticks,0.0
evaluation_20,approve_block,1,search-uncertainty,review_busy_ticks,0.0
evaluation_21,approve_block,1,search-uncertainty,review_busy_ticks,1.0
evaluation_22,approve_block,1,search-uncertainty,review_busy_ticks,0.6666666666666665
evaluation_23,approve_block,1,search-uncertainty,review_busy_ticks,0.0
evaluation_24,approve_block,1,search-uncertainty,review_busy_ticks,0.0
evaluation_25,approve_block,1,search-uncertainty,review_busy_ticks,0.0
evaluation_26,approve_block,1,search-uncertainty,review_busy_ticks,0.0
evaluation_27,approve_block,1,search-uncertainty,review_busy_ticks,0.0
evaluation_28,approve_block,1,search-uncertainty,review_busy_ticks,0.0
evaluation_29,approve_block,1,search-uncertainty,review_busy_ticks,0.0
evaluation_30,approve_block,1,search-uncertainty,review_busy_ticks,0.0
evaluation_31,approve_block,1,search-uncertainty,review_busy_ticks,0.0
evaluation_00,approve_block,1,search-no_review,operational_loss,-14.666666666666668
evaluation_01,approve_block,1,search-no_review,operational_loss,-2.666666666666667
evaluation_02,approve_block,1,search-no_review,operational_loss,0.0
evaluation_03,approve_block,1,search-no_review,operational_loss,-8.0
evaluation_04,approve_block,1,search-no_review,operational_loss,-8.0
evaluation_05,approve_block,1,search-no_review,operational_loss,-2.666666666666666
evaluation_06,approve_block,1,search-no_review,operational_loss,0.0
evaluation_07,approve_block,1,search-no_review,operational_loss,0.0
evaluation_08,approve_block,1,search-no_review,operational_loss,-1.333333333333333
evaluation_09,approve_block,1,search-no_review,operational_loss,-9.333333333333332
evaluation_10,approve_block,1,search-no_review,operational_loss,-4.0
evaluation_11,approve_block,1,search-no_review,operational_loss,-4.0
evaluation_12,approve_block,1,search-no_review,operational_loss,-4.0
evaluation_13,approve_block,1,search-no_review,operational_loss,-4.000000000000001
evaluation_14,approve_block,1,search-no_review,operational_loss,-20.0
evaluation_15,approve_block,1,search-no_review,operational_loss,-2.666666666666667
evaluation_16,approve_block,1,search-no_review,operational_loss,-2.666666666666667
evaluation_17,approve_block,1,search-no_review,operational_loss,0.0
evaluation_18,approve_block,1,search-no_review,operational_loss,-2.666666666666667
evaluation_19,approve_block,1,search-no_review,operational_loss,0.0
evaluation_20,approve_block,1,search-no_review,operational_loss,0.0
evaluation_21,approve_block,1,search-no_review,operational_loss,-8.0
evaluation_22,approve_block,1,search-no_review,operational_loss,-12.0
evaluation_23,approve_block,1,search-no_review,operational_loss,0.0
evaluation_24,approve_block,1,search-no_review,operational_loss,0.0
evaluation_25,approve_block,1,search-no_review,operational_loss,-6.666666666666667
evaluation_26,approve_block,1,search-no_review,operational_loss,0.0
evaluation_27,approve_block,1,search-no_review,operational_loss,0.0
evaluation_28,approve_block,1,search-no_review,operational_loss,-8.0
evaluation_29,approve_block,1,search-no_review,operational_loss,0.0
evaluation_30,approve_block,1,search-no_review,operational_loss,0.0
evaluation_31,approve_block,1,search-no_review,operational_loss,0.0
evaluation_00,approve_block,1,search-no_review,task_completed,0.0
evaluation_01,approve_block,1,search-no_review,task_completed,0.0
evaluation_02,approve_block,1,search-no_review,task_completed,0.0
evaluation_03,approve_block,1,search-no_review,task_completed,0.0
evaluation_04,approve_block,1,search-no_review,task_completed,0.0
evaluation_05,approve_block,1,search-no_review,task_completed,0.0
evaluation_06,approve_block,1,search-no_review,task_completed,0.0
evaluation_07,approve_block,1,search-no_review,task_completed,0.0
evaluation_08,approve_block,1,search-no_review,task_completed,0.0
evaluation_09,approve_block,1,search-no_review,task_completed,0.0
evaluation_10,approve_block,1,search-no_review,task_completed,0.0
evaluation_11,approve_block,1,search-no_review,task_completed,0.0
evaluation_12,approve_block,1,search-no_review,task_completed,0.0
evaluation_13,approve_block,1,search-no_review,task_completed,0.0
evaluation_14,approve_block,1,search-no_review,task_completed,0.0
evaluation_15,approve_block,1,search-no_review,task_completed,0.0
evaluation_16,approve_block,1,search-no_review,task_completed,0.0
evaluation_17,approve_block,1,search-no_review,task_completed,0.0
evaluation_18,approve_block,1,search-no_review,task_completed,0.0
evaluation_19,approve_block,1,search-no_review,task_completed,0.0
evaluation_20,approve_block,1,search-no_review,task_completed,0.0
evaluation_21,approve_block,1,search-no_review,task_completed,0.0
evaluation_22,approve_block,1,search-no_review,task_completed,0.0
evaluation_23,approve_block,1,search-no_review,task_completed,0.0
evaluation_24,approve_block,1,search-no_review,task_completed,0.0
evaluation_25,approve_block,1,search-no_review,task_completed,0.0
evaluation_26,approve_block,1,search-no_review,task_completed,0.0
evaluation_27,approve_block,1,search-no_review,task_completed,0.0
evaluation_28,approve_block,1,search-no_review,task_completed,0.0
evaluation_29,approve_block,1,search-no_review,task_completed,0.0
evaluation_30,approve_block,1,search-no_review,task_completed,0.0
evaluation_31,approve_block,1,search-no_review,task_completed,0.0
evaluation_00,approve_block,1,search-no_review,wrong_transactions,-1.6666666666666667
evaluation_01,approve_block,1,search-no_review,wrong_transactions,-0.6666666666666666
evaluation_02,approve_block,1,search-no_review,wrong_transactions,0.0
evaluation_03,approve_block,1,search-no_review,wrong_transactions,-1.0
evaluation_04,approve_block,1,search-no_review,wrong_transactions,-1.0
evaluation_05,approve_block,1,search-no_review,wrong_transactions,-0.6666666666666666
evaluation_06,approve_block,1,search-no_review,wrong_transactions,0.0
evaluation_07,approve_block,1,search-no_review,wrong_transactions,0.0
evaluation_08,approve_block,1,search-no_review,wrong_transactions,-0.3333333333333333
evaluation_09,approve_block,1,search-no_review,wrong_transactions,-1.6666666666666667
evaluation_10,approve_block,1,search-no_review,wrong_transactions,-0.3333333333333333
evaluation_11,approve_block,1,search-no_review,wrong_transactions,-0.3333333333333333
evaluation_12,approve_block,1,search-no_review,wrong_transactions,-0.3333333333333333
evaluation_13,approve_block,1,search-no_review,wrong_transactions,-1.0
evaluation_14,approve_block,1,search-no_review,wrong_transactions,-2.0
evaluation_15,approve_block,1,search-no_review,wrong_transactions,-0.6666666666666666
evaluation_16,approve_block,1,search-no_review,wrong_transactions,-0.3333333333333333
evaluation_17,approve_block,1,search-no_review,wrong_transactions,0.0
evaluation_18,approve_block,1,search-no_review,wrong_transactions,-0.3333333333333333
evaluation_19,approve_block,1,search-no_review,wrong_transactions,0.0
evaluation_20,approve_block,1,search-no_review,wrong_transactions,0.0
evaluation_21,approve_block,1,search-no_review,wrong_transactions,-1.0
evaluation_22,approve_block,1,search-no_review,wrong_transactions,-1.0
evaluation_23,approve_block,1,search-no_review,wrong_transactions,0.0
evaluation_24,approve_block,1,search-no_review,wrong_transactions,0.0
evaluation_25,approve_block,1,search-no_review,wrong_transactions,-1.3333333333333333
evaluation_26,approve_block,1,search-no_review,wrong_transactions,0.0
evaluation_27,approve_block,1,search-no_review,wrong_transactions,0.0
evaluation_28,approve_block,1,search-no_review,wrong_transactions,-1.3333333333333333
evaluation_29,approve_block,1,search-no_review,wrong_transactions,0.0
evaluation_30,approve_block,1,search-no_review,wrong_transactions,0.0
evaluation_31,approve_block,1,search-no_review,wrong_transactions,0.0
evaluation_00,approve_block,1,search-no_review,review_busy_ticks,2.6666666666666665
evaluation_01,approve_block,1,search-no_review,review_busy_ticks,2.0
evaluation_02,approve_block,1,search-no_review,review_busy_ticks,2.0
evaluation_03,approve_block,1,search-no_review,review_busy_ticks,3.0
evaluation_04,approve_block,1,search-no_review,review_busy_ticks,2.6666666666666665
evaluation_05,approve_block,1,search-no_review,review_busy_ticks,1.6666666666666667
evaluation_06,approve_block,1,search-no_review,review_busy_ticks,3.0
evaluation_07,approve_block,1,search-no_review,review_busy_ticks,1.6666666666666667
evaluation_08,approve_block,1,search-no_review,review_busy_ticks,2.3333333333333335
evaluation_09,approve_block,1,search-no_review,review_busy_ticks,2.6666666666666665
evaluation_10,approve_block,1,search-no_review,review_busy_ticks,2.3333333333333335
evaluation_11,approve_block,1,search-no_review,review_busy_ticks,2.3333333333333335
evaluation_12,approve_block,1,search-no_review,review_busy_ticks,2.3333333333333335
evaluation_13,approve_block,1,search-no_review,review_busy_ticks,2.6666666666666665
evaluation_14,approve_block,1,search-no_review,review_busy_ticks,2.3333333333333335
evaluation_15,approve_block,1,search-no_review,review_busy_ticks,2.6666666666666665
evaluation_16,approve_block,1,search-no_review,review_busy_ticks,2.0
evaluation_17,approve_block,1,search-no_review,review_busy_ticks,2.0
evaluation_18,approve_block,1,search-no_review,review_busy_ticks,2.3333333333333335
evaluation_19,approve_block,1,search-no_review,review_busy_ticks,3.0
evaluation_20,approve_block,1,search-no_review,review_busy_ticks,2.0
evaluation_21,approve_block,1,search-no_review,review_busy_ticks,3.0
evaluation_22,approve_block,1,search-no_review,review_busy_ticks,2.6666666666666665
evaluation_23,approve_block,1,search-no_review,review_busy_ticks,3.0
evaluation_24,approve_block,1,search-no_review,review_busy_ticks,3.0
evaluation_25,approve_block,1,search-no_review,review_busy_ticks,2.6666666666666665
evaluation_26,approve_block,1,search-no_review,review_busy_ticks,3.0
evaluation_27,approve_block,1,search-no_review,review_busy_ticks,2.3333333333333335
evaluation_28,approve_block,1,search-no_review,review_busy_ticks,2.3333333333333335
evaluation_29,approve_block,1,search-no_review,review_busy_ticks,1.3333333333333333
evaluation_30,approve_block,1,search-no_review,review_busy_ticks,2.0
evaluation_31,approve_block,1,search-no_review,review_busy_ticks,2.6666666666666665
evaluation_00,approve_block,2,search-greedy,operational_loss,0.0
evaluation_01,approve_block,2,search-greedy,operational_loss,0.0
evaluation_02,approve_block,2,search-greedy,operational_loss,0.0
evaluation_03,approve_block,2,search-greedy,operational_loss,0.0
evaluation_04,approve_block,2,search-greedy,operational_loss,0.0
evaluation_05,approve_block,2,search-greedy,operational_loss,0.0
evaluation_06,approve_block,2,search-greedy,operational_loss,0.0
evaluation_07,approve_block,2,search-greedy,operational_loss,0.0
evaluation_08,approve_block,2,search-greedy,operational_loss,0.0
evaluation_09,approve_block,2,search-greedy,operational_loss,2.666666666666666
evaluation_10,approve_block,2,search-greedy,operational_loss,0.0
evaluation_11,approve_block,2,search-greedy,operational_loss,4.0
evaluation_12,approve_block,2,search-greedy,operational_loss,0.0
evaluation_13,approve_block,2,search-greedy,operational_loss,0.0
evaluation_14,approve_block,2,search-greedy,operational_loss,0.0
evaluation_15,approve_block,2,search-greedy,operational_loss,0.0
evaluation_16,approve_block,2,search-greedy,operational_loss,0.0
evaluation_17,approve_block,2,search-greedy,operational_loss,0.0
evaluation_18,approve_block,2,search-greedy,operational_loss,0.0
evaluation_19,approve_block,2,search-greedy,operational_loss,0.0
evaluation_20,approve_block,2,search-greedy,operational_loss,0.0
evaluation_21,approve_block,2,search-greedy,operational_loss,0.0
evaluation_22,approve_block,2,search-greedy,operational_loss,0.0
evaluation_23,approve_block,2,search-greedy,operational_loss,0.0
evaluation_24,approve_block,2,search-greedy,operational_loss,0.0
evaluation_25,approve_block,2,search-greedy,operational_loss,0.0
evaluation_26,approve_block,2,search-greedy,operational_loss,0.0
evaluation_27,approve_block,2,search-greedy,operational_loss,0.0
evaluation_28,approve_block,2,search-greedy,operational_loss,-2.666666666666666
evaluation_29,approve_block,2,search-greedy,operational_loss,0.0
evaluation_30,approve_block,2,search-greedy,operational_loss,0.0
evaluation_31,approve_block,2,search-greedy,operational_loss,0.0
evaluation_00,approve_block,2,search-greedy,task_completed,0.0
evaluation_01,approve_block,2,search-greedy,task_completed,0.0
evaluation_02,approve_block,2,search-greedy,task_completed,0.0
evaluation_03,approve_block,2,search-greedy,task_completed,0.0
evaluation_04,approve_block,2,search-greedy,task_completed,0.0
evaluation_05,approve_block,2,search-greedy,task_completed,0.0
evaluation_06,approve_block,2,search-greedy,task_completed,0.0
evaluation_07,approve_block,2,search-greedy,task_completed,0.0
evaluation_08,approve_block,2,search-greedy,task_completed,0.0
evaluation_09,approve_block,2,search-greedy,task_completed,0.0
evaluation_10,approve_block,2,search-greedy,task_completed,0.0
evaluation_11,approve_block,2,search-greedy,task_completed,0.0
evaluation_12,approve_block,2,search-greedy,task_completed,0.0
evaluation_13,approve_block,2,search-greedy,task_completed,0.0
evaluation_14,approve_block,2,search-greedy,task_completed,0.0
evaluation_15,approve_block,2,search-greedy,task_completed,0.0
evaluation_16,approve_block,2,search-greedy,task_completed,0.0
evaluation_17,approve_block,2,search-greedy,task_completed,0.0
evaluation_18,approve_block,2,search-greedy,task_completed,0.0
evaluation_19,approve_block,2,search-greedy,task_completed,0.0
evaluation_20,approve_block,2,search-greedy,task_completed,0.0
evaluation_21,approve_block,2,search-greedy,task_completed,0.0
evaluation_22,approve_block,2,search-greedy,task_completed,0.0
evaluation_23,approve_block,2,search-greedy,task_completed,0.0
evaluation_24,approve_block,2,search-greedy,task_completed,0.0
evaluation_25,approve_block,2,search-greedy,task_completed,0.0
evaluation_26,approve_block,2,search-greedy,task_completed,0.0
evaluation_27,approve_block,2,search-greedy,task_completed,0.0
evaluation_28,approve_block,2,search-greedy,task_completed,0.0
evaluation_29,approve_block,2,search-greedy,task_completed,0.0
evaluation_30,approve_block,2,search-greedy,task_completed,0.0
evaluation_31,approve_block,2,search-greedy,task_completed,0.0
evaluation_00,approve_block,2,search-greedy,wrong_transactions,0.0
evaluation_01,approve_block,2,search-greedy,wrong_transactions,0.0
evaluation_02,approve_block,2,search-greedy,wrong_transactions,0.0
evaluation_03,approve_block,2,search-greedy,wrong_transactions,0.0
evaluation_04,approve_block,2,search-greedy,wrong_transactions,0.0
evaluation_05,approve_block,2,search-greedy,wrong_transactions,0.0
evaluation_06,approve_block,2,search-greedy,wrong_transactions,0.0
evaluation_07,approve_block,2,search-greedy,wrong_transactions,0.0
evaluation_08,approve_block,2,search-greedy,wrong_transactions,0.0
evaluation_09,approve_block,2,search-greedy,wrong_transactions,0.6666666666666666
evaluation_10,approve_block,2,search-greedy,wrong_transactions,0.0
evaluation_11,approve_block,2,search-greedy,wrong_transactions,0.3333333333333333
evaluation_12,approve_block,2,search-greedy,wrong_transactions,0.0
evaluation_13,approve_block,2,search-greedy,wrong_transactions,0.0
evaluation_14,approve_block,2,search-greedy,wrong_transactions,0.0
evaluation_15,approve_block,2,search-greedy,wrong_transactions,0.0
evaluation_16,approve_block,2,search-greedy,wrong_transactions,0.0
evaluation_17,approve_block,2,search-greedy,wrong_transactions,0.0
evaluation_18,approve_block,2,search-greedy,wrong_transactions,0.0
evaluation_19,approve_block,2,search-greedy,wrong_transactions,0.0
evaluation_20,approve_block,2,search-greedy,wrong_transactions,0.0
evaluation_21,approve_block,2,search-greedy,wrong_transactions,0.0
evaluation_22,approve_block,2,search-greedy,wrong_transactions,0.0
evaluation_23,approve_block,2,search-greedy,wrong_transactions,0.0
evaluation_24,approve_block,2,search-greedy,wrong_transactions,0.0
evaluation_25,approve_block,2,search-greedy,wrong_transactions,0.0
evaluation_26,approve_block,2,search-greedy,wrong_transactions,0.0
evaluation_27,approve_block,2,search-greedy,wrong_transactions,0.0
evaluation_28,approve_block,2,search-greedy,wrong_transactions,-0.6666666666666666
evaluation_29,approve_block,2,search-greedy,wrong_transactions,0.0
evaluation_30,approve_block,2,search-greedy,wrong_transactions,0.0
evaluation_31,approve_block,2,search-greedy,wrong_transactions,0.0
evaluation_00,approve_block,2,search-greedy,review_busy_ticks,0.0
evaluation_01,approve_block,2,search-greedy,review_busy_ticks,0.0
evaluation_02,approve_block,2,search-greedy,review_busy_ticks,0.0
evaluation_03,approve_block,2,search-greedy,review_busy_ticks,0.0
evaluation_04,approve_block,2,search-greedy,review_busy_ticks,1.333333333333333
evaluation_05,approve_block,2,search-greedy,review_busy_ticks,0.0
evaluation_06,approve_block,2,search-greedy,review_busy_ticks,0.0
evaluation_07,approve_block,2,search-greedy,review_busy_ticks,0.0
evaluation_08,approve_block,2,search-greedy,review_busy_ticks,0.0
evaluation_09,approve_block,2,search-greedy,review_busy_ticks,0.6666666666666665
evaluation_10,approve_block,2,search-greedy,review_busy_ticks,0.0
evaluation_11,approve_block,2,search-greedy,review_busy_ticks,1.3333333333333335
evaluation_12,approve_block,2,search-greedy,review_busy_ticks,2.0000000000000004
evaluation_13,approve_block,2,search-greedy,review_busy_ticks,0.0
evaluation_14,approve_block,2,search-greedy,review_busy_ticks,0.0
evaluation_15,approve_block,2,search-greedy,review_busy_ticks,1.333333333333333
evaluation_16,approve_block,2,search-greedy,review_busy_ticks,0.0
evaluation_17,approve_block,2,search-greedy,review_busy_ticks,0.0
evaluation_18,approve_block,2,search-greedy,review_busy_ticks,0.0
evaluation_19,approve_block,2,search-greedy,review_busy_ticks,0.0
evaluation_20,approve_block,2,search-greedy,review_busy_ticks,0.0
evaluation_21,approve_block,2,search-greedy,review_busy_ticks,0.0
evaluation_22,approve_block,2,search-greedy,review_busy_ticks,1.333333333333333
evaluation_23,approve_block,2,search-greedy,review_busy_ticks,2.0
evaluation_24,approve_block,2,search-greedy,review_busy_ticks,0.0
evaluation_25,approve_block,2,search-greedy,review_busy_ticks,1.333333333333333
evaluation_26,approve_block,2,search-greedy,review_busy_ticks,0.0
evaluation_27,approve_block,2,search-greedy,review_busy_ticks,0.0
evaluation_28,approve_block,2,search-greedy,review_busy_ticks,0.0
evaluation_29,approve_block,2,search-greedy,review_busy_ticks,0.0
evaluation_30,approve_block,2,search-greedy,review_busy_ticks,2.0
evaluation_31,approve_block,2,search-greedy,review_busy_ticks,0.6666666666666665
evaluation_00,approve_block,2,search-edf,operational_loss,0.0
evaluation_01,approve_block,2,search-edf,operational_loss,0.0
evaluation_02,approve_block,2,search-edf,operational_loss,0.0
evaluation_03,approve_block,2,search-edf,operational_loss,-8.0
evaluation_04,approve_block,2,search-edf,operational_loss,0.0
evaluation_05,approve_block,2,search-edf,operational_loss,0.0
evaluation_06,approve_block,2,search-edf,operational_loss,0.0
evaluation_07,approve_block,2,search-edf,operational_loss,0.0
evaluation_08,approve_block,2,search-edf,operational_loss,0.0
evaluation_09,approve_block,2,search-edf,operational_loss,-2.666666666666668
evaluation_10,approve_block,2,search-edf,operational_loss,0.0
evaluation_11,approve_block,2,search-edf,operational_loss,0.0
evaluation_12,approve_block,2,search-edf,operational_loss,0.0
evaluation_13,approve_block,2,search-edf,operational_loss,0.0
evaluation_14,approve_block,2,search-edf,operational_loss,-2.666666666666668
evaluation_15,approve_block,2,search-edf,operational_loss,0.0
evaluation_16,approve_block,2,search-edf,operational_loss,0.0
evaluation_17,approve_block,2,search-edf,operational_loss,0.0
evaluation_18,approve_block,2,search-edf,operational_loss,0.0
evaluation_19,approve_block,2,search-edf,operational_loss,0.0
evaluation_20,approve_block,2,search-edf,operational_loss,0.0
evaluation_21,approve_block,2,search-edf,operational_loss,-8.0
evaluation_22,approve_block,2,search-edf,operational_loss,0.0
evaluation_23,approve_block,2,search-edf,operational_loss,0.0
evaluation_24,approve_block,2,search-edf,operational_loss,0.0
evaluation_25,approve_block,2,search-edf,operational_loss,0.0
evaluation_26,approve_block,2,search-edf,operational_loss,0.0
evaluation_27,approve_block,2,search-edf,operational_loss,0.0
evaluation_28,approve_block,2,search-edf,operational_loss,0.0
evaluation_29,approve_block,2,search-edf,operational_loss,0.0
evaluation_30,approve_block,2,search-edf,operational_loss,0.0
evaluation_31,approve_block,2,search-edf,operational_loss,0.0
evaluation_00,approve_block,2,search-edf,task_completed,0.0
evaluation_01,approve_block,2,search-edf,task_completed,0.0
evaluation_02,approve_block,2,search-edf,task_completed,0.0
evaluation_03,approve_block,2,search-edf,task_completed,0.0
evaluation_04,approve_block,2,search-edf,task_completed,0.0
evaluation_05,approve_block,2,search-edf,task_completed,0.0
evaluation_06,approve_block,2,search-edf,task_completed,0.0
evaluation_07,approve_block,2,search-edf,task_completed,0.0
evaluation_08,approve_block,2,search-edf,task_completed,0.0
evaluation_09,approve_block,2,search-edf,task_completed,0.0
evaluation_10,approve_block,2,search-edf,task_completed,0.0
evaluation_11,approve_block,2,search-edf,task_completed,0.0
evaluation_12,approve_block,2,search-edf,task_completed,0.0
evaluation_13,approve_block,2,search-edf,task_completed,0.0
evaluation_14,approve_block,2,search-edf,task_completed,0.0
evaluation_15,approve_block,2,search-edf,task_completed,0.0
evaluation_16,approve_block,2,search-edf,task_completed,0.0
evaluation_17,approve_block,2,search-edf,task_completed,0.0
evaluation_18,approve_block,2,search-edf,task_completed,0.0
evaluation_19,approve_block,2,search-edf,task_completed,0.0
evaluation_20,approve_block,2,search-edf,task_completed,0.0
evaluation_21,approve_block,2,search-edf,task_completed,0.0
evaluation_22,approve_block,2,search-edf,task_completed,0.0
evaluation_23,approve_block,2,search-edf,task_completed,0.0
evaluation_24,approve_block,2,search-edf,task_completed,0.0
evaluation_25,approve_block,2,search-edf,task_completed,0.0
evaluation_26,approve_block,2,search-edf,task_completed,0.0
evaluation_27,approve_block,2,search-edf,task_completed,0.0
evaluation_28,approve_block,2,search-edf,task_completed,0.0
evaluation_29,approve_block,2,search-edf,task_completed,0.0
evaluation_30,approve_block,2,search-edf,task_completed,0.0
evaluation_31,approve_block,2,search-edf,task_completed,0.0
evaluation_00,approve_block,2,search-edf,wrong_transactions,0.0
evaluation_01,approve_block,2,search-edf,wrong_transactions,0.0
evaluation_02,approve_block,2,search-edf,wrong_transactions,0.0
evaluation_03,approve_block,2,search-edf,wrong_transactions,-1.0
evaluation_04,approve_block,2,search-edf,wrong_transactions,0.0
evaluation_05,approve_block,2,search-edf,wrong_transactions,0.0
evaluation_06,approve_block,2,search-edf,wrong_transactions,0.0
evaluation_07,approve_block,2,search-edf,wrong_transactions,0.0
evaluation_08,approve_block,2,search-edf,wrong_transactions,0.0
evaluation_09,approve_block,2,search-edf,wrong_transactions,0.0
evaluation_10,approve_block,2,search-edf,wrong_transactions,0.0
evaluation_11,approve_block,2,search-edf,wrong_transactions,0.0
evaluation_12,approve_block,2,search-edf,wrong_transactions,0.0
evaluation_13,approve_block,2,search-edf,wrong_transactions,0.0
evaluation_14,approve_block,2,search-edf,wrong_transactions,-0.3333333333333333
evaluation_15,approve_block,2,search-edf,wrong_transactions,0.0
evaluation_16,approve_block,2,search-edf,wrong_transactions,0.0
evaluation_17,approve_block,2,search-edf,wrong_transactions,0.0
evaluation_18,approve_block,2,search-edf,wrong_transactions,0.0
evaluation_19,approve_block,2,search-edf,wrong_transactions,0.0
evaluation_20,approve_block,2,search-edf,wrong_transactions,0.0
evaluation_21,approve_block,2,search-edf,wrong_transactions,-1.0
evaluation_22,approve_block,2,search-edf,wrong_transactions,0.0
evaluation_23,approve_block,2,search-edf,wrong_transactions,0.0
evaluation_24,approve_block,2,search-edf,wrong_transactions,0.0
evaluation_25,approve_block,2,search-edf,wrong_transactions,0.0
evaluation_26,approve_block,2,search-edf,wrong_transactions,0.0
evaluation_27,approve_block,2,search-edf,wrong_transactions,0.0
evaluation_28,approve_block,2,search-edf,wrong_transactions,0.0
evaluation_29,approve_block,2,search-edf,wrong_transactions,0.0
evaluation_30,approve_block,2,search-edf,wrong_transactions,0.0
evaluation_31,approve_block,2,search-edf,wrong_transactions,0.0
evaluation_00,approve_block,2,search-edf,review_busy_ticks,0.0
evaluation_01,approve_block,2,search-edf,review_busy_ticks,0.0
evaluation_02,approve_block,2,search-edf,review_busy_ticks,0.0
evaluation_03,approve_block,2,search-edf,review_busy_ticks,0.0
evaluation_04,approve_block,2,search-edf,review_busy_ticks,0.0
evaluation_05,approve_block,2,search-edf,review_busy_ticks,0.0
evaluation_06,approve_block,2,search-edf,review_busy_ticks,0.0
evaluation_07,approve_block,2,search-edf,review_busy_ticks,0.0
evaluation_08,approve_block,2,search-edf,review_busy_ticks,0.0
evaluation_09,approve_block,2,search-edf,review_busy_ticks,0.0
evaluation_10,approve_block,2,search-edf,review_busy_ticks,0.0
evaluation_11,approve_block,2,search-edf,review_busy_ticks,0.0
evaluation_12,approve_block,2,search-edf,review_busy_ticks,0.0
evaluation_13,approve_block,2,search-edf,review_busy_ticks,0.0
evaluation_14,approve_block,2,search-edf,review_busy_ticks,0.0
evaluation_15,approve_block,2,search-edf,review_busy_ticks,0.0
evaluation_16,approve_block,2,search-edf,review_busy_ticks,0.0
evaluation_17,approve_block,2,search-edf,review_busy_ticks,0.0
evaluation_18,approve_block,2,search-edf,review_busy_ticks,0.0
evaluation_19,approve_block,2,search-edf,review_busy_ticks,0.0
evaluation_20,approve_block,2,search-edf,review_busy_ticks,0.0
evaluation_21,approve_block,2,search-edf,review_busy_ticks,0.0
evaluation_22,approve_block,2,search-edf,review_busy_ticks,0.0
evaluation_23,approve_block,2,search-edf,review_busy_ticks,0.0
evaluation_24,approve_block,2,search-edf,review_busy_ticks,0.0
evaluation_25,approve_block,2,search-edf,review_busy_ticks,0.0
evaluation_26,approve_block,2,search-edf,review_busy_ticks,0.0
evaluation_27,approve_block,2,search-edf,review_busy_ticks,0.0
evaluation_28,approve_block,2,search-edf,review_busy_ticks,0.0
evaluation_29,approve_block,2,search-edf,review_busy_ticks,0.0
evaluation_30,approve_block,2,search-edf,review_busy_ticks,0.0
evaluation_31,approve_block,2,search-edf,review_busy_ticks,0.0
evaluation_00,approve_block,2,search-fcfs,operational_loss,0.0
evaluation_01,approve_block,2,search-fcfs,operational_loss,0.0
evaluation_02,approve_block,2,search-fcfs,operational_loss,0.0
evaluation_03,approve_block,2,search-fcfs,operational_loss,-8.0
evaluation_04,approve_block,2,search-fcfs,operational_loss,0.0
evaluation_05,approve_block,2,search-fcfs,operational_loss,0.0
evaluation_06,approve_block,2,search-fcfs,operational_loss,0.0
evaluation_07,approve_block,2,search-fcfs,operational_loss,0.0
evaluation_08,approve_block,2,search-fcfs,operational_loss,0.0
evaluation_09,approve_block,2,search-fcfs,operational_loss,-2.666666666666668
evaluation_10,approve_block,2,search-fcfs,operational_loss,0.0
evaluation_11,approve_block,2,search-fcfs,operational_loss,0.0
evaluation_12,approve_block,2,search-fcfs,operational_loss,0.0
evaluation_13,approve_block,2,search-fcfs,operational_loss,0.0
evaluation_14,approve_block,2,search-fcfs,operational_loss,-2.666666666666668
evaluation_15,approve_block,2,search-fcfs,operational_loss,0.0
evaluation_16,approve_block,2,search-fcfs,operational_loss,0.0
evaluation_17,approve_block,2,search-fcfs,operational_loss,0.0
evaluation_18,approve_block,2,search-fcfs,operational_loss,0.0
evaluation_19,approve_block,2,search-fcfs,operational_loss,0.0
evaluation_20,approve_block,2,search-fcfs,operational_loss,0.0
evaluation_21,approve_block,2,search-fcfs,operational_loss,-8.0
evaluation_22,approve_block,2,search-fcfs,operational_loss,0.0
evaluation_23,approve_block,2,search-fcfs,operational_loss,0.0
evaluation_24,approve_block,2,search-fcfs,operational_loss,0.0
evaluation_25,approve_block,2,search-fcfs,operational_loss,-3.999999999999999
evaluation_26,approve_block,2,search-fcfs,operational_loss,0.0
evaluation_27,approve_block,2,search-fcfs,operational_loss,0.0
evaluation_28,approve_block,2,search-fcfs,operational_loss,-2.666666666666666
evaluation_29,approve_block,2,search-fcfs,operational_loss,0.0
evaluation_30,approve_block,2,search-fcfs,operational_loss,0.0
evaluation_31,approve_block,2,search-fcfs,operational_loss,0.0
evaluation_00,approve_block,2,search-fcfs,task_completed,0.0
evaluation_01,approve_block,2,search-fcfs,task_completed,0.0
evaluation_02,approve_block,2,search-fcfs,task_completed,0.0
evaluation_03,approve_block,2,search-fcfs,task_completed,0.0
evaluation_04,approve_block,2,search-fcfs,task_completed,0.0
evaluation_05,approve_block,2,search-fcfs,task_completed,0.0
evaluation_06,approve_block,2,search-fcfs,task_completed,0.0
evaluation_07,approve_block,2,search-fcfs,task_completed,0.0
evaluation_08,approve_block,2,search-fcfs,task_completed,0.0
evaluation_09,approve_block,2,search-fcfs,task_completed,0.0
evaluation_10,approve_block,2,search-fcfs,task_completed,0.0
evaluation_11,approve_block,2,search-fcfs,task_completed,0.0
evaluation_12,approve_block,2,search-fcfs,task_completed,0.0
evaluation_13,approve_block,2,search-fcfs,task_completed,0.0
evaluation_14,approve_block,2,search-fcfs,task_completed,0.0
evaluation_15,approve_block,2,search-fcfs,task_completed,0.0
evaluation_16,approve_block,2,search-fcfs,task_completed,0.0
evaluation_17,approve_block,2,search-fcfs,task_completed,0.0
evaluation_18,approve_block,2,search-fcfs,task_completed,0.0
evaluation_19,approve_block,2,search-fcfs,task_completed,0.0
evaluation_20,approve_block,2,search-fcfs,task_completed,0.0
evaluation_21,approve_block,2,search-fcfs,task_completed,0.0
evaluation_22,approve_block,2,search-fcfs,task_completed,0.0
evaluation_23,approve_block,2,search-fcfs,task_completed,0.0
evaluation_24,approve_block,2,search-fcfs,task_completed,0.0
evaluation_25,approve_block,2,search-fcfs,task_completed,0.0
evaluation_26,approve_block,2,search-fcfs,task_completed,0.0
evaluation_27,approve_block,2,search-fcfs,task_completed,0.0
evaluation_28,approve_block,2,search-fcfs,task_completed,0.0
evaluation_29,approve_block,2,search-fcfs,task_completed,0.0
evaluation_30,approve_block,2,search-fcfs,task_completed,0.0
evaluation_31,approve_block,2,search-fcfs,task_completed,0.0
evaluation_00,approve_block,2,search-fcfs,wrong_transactions,0.0
evaluation_01,approve_block,2,search-fcfs,wrong_transactions,0.0
evaluation_02,approve_block,2,search-fcfs,wrong_transactions,0.0
evaluation_03,approve_block,2,search-fcfs,wrong_transactions,-1.0
evaluation_04,approve_block,2,search-fcfs,wrong_transactions,0.0
evaluation_05,approve_block,2,search-fcfs,wrong_transactions,0.0
evaluation_06,approve_block,2,search-fcfs,wrong_transactions,0.0
evaluation_07,approve_block,2,search-fcfs,wrong_transactions,0.0
evaluation_08,approve_block,2,search-fcfs,wrong_transactions,0.0
evaluation_09,approve_block,2,search-fcfs,wrong_transactions,0.0
evaluation_10,approve_block,2,search-fcfs,wrong_transactions,0.0
evaluation_11,approve_block,2,search-fcfs,wrong_transactions,0.0
evaluation_12,approve_block,2,search-fcfs,wrong_transactions,0.0
evaluation_13,approve_block,2,search-fcfs,wrong_transactions,0.0
evaluation_14,approve_block,2,search-fcfs,wrong_transactions,-0.3333333333333333
evaluation_15,approve_block,2,search-fcfs,wrong_transactions,0.0
evaluation_16,approve_block,2,search-fcfs,wrong_transactions,0.0
evaluation_17,approve_block,2,search-fcfs,wrong_transactions,0.0
evaluation_18,approve_block,2,search-fcfs,wrong_transactions,0.0
evaluation_19,approve_block,2,search-fcfs,wrong_transactions,0.0
evaluation_20,approve_block,2,search-fcfs,wrong_transactions,0.0
evaluation_21,approve_block,2,search-fcfs,wrong_transactions,-1.0
evaluation_22,approve_block,2,search-fcfs,wrong_transactions,0.0
evaluation_23,approve_block,2,search-fcfs,wrong_transactions,0.0
evaluation_24,approve_block,2,search-fcfs,wrong_transactions,0.0
evaluation_25,approve_block,2,search-fcfs,wrong_transactions,-1.0
evaluation_26,approve_block,2,search-fcfs,wrong_transactions,0.0
evaluation_27,approve_block,2,search-fcfs,wrong_transactions,0.0
evaluation_28,approve_block,2,search-fcfs,wrong_transactions,-0.6666666666666666
evaluation_29,approve_block,2,search-fcfs,wrong_transactions,0.0
evaluation_30,approve_block,2,search-fcfs,wrong_transactions,0.0
evaluation_31,approve_block,2,search-fcfs,wrong_transactions,0.0
evaluation_00,approve_block,2,search-fcfs,review_busy_ticks,0.0
evaluation_01,approve_block,2,search-fcfs,review_busy_ticks,0.0
evaluation_02,approve_block,2,search-fcfs,review_busy_ticks,0.0
evaluation_03,approve_block,2,search-fcfs,review_busy_ticks,0.0
evaluation_04,approve_block,2,search-fcfs,review_busy_ticks,0.0
evaluation_05,approve_block,2,search-fcfs,review_busy_ticks,0.0
evaluation_06,approve_block,2,search-fcfs,review_busy_ticks,0.0
evaluation_07,approve_block,2,search-fcfs,review_busy_ticks,0.0
evaluation_08,approve_block,2,search-fcfs,review_busy_ticks,0.0
evaluation_09,approve_block,2,search-fcfs,review_busy_ticks,0.0
evaluation_10,approve_block,2,search-fcfs,review_busy_ticks,0.0
evaluation_11,approve_block,2,search-fcfs,review_busy_ticks,0.0
evaluation_12,approve_block,2,search-fcfs,review_busy_ticks,0.0
evaluation_13,approve_block,2,search-fcfs,review_busy_ticks,0.0
evaluation_14,approve_block,2,search-fcfs,review_busy_ticks,0.0
evaluation_15,approve_block,2,search-fcfs,review_busy_ticks,0.0
evaluation_16,approve_block,2,search-fcfs,review_busy_ticks,0.0
evaluation_17,approve_block,2,search-fcfs,review_busy_ticks,0.0
evaluation_18,approve_block,2,search-fcfs,review_busy_ticks,0.0
evaluation_19,approve_block,2,search-fcfs,review_busy_ticks,0.0
evaluation_20,approve_block,2,search-fcfs,review_busy_ticks,0.0
evaluation_21,approve_block,2,search-fcfs,review_busy_ticks,0.0
evaluation_22,approve_block,2,search-fcfs,review_busy_ticks,1.333333333333333
evaluation_23,approve_block,2,search-fcfs,review_busy_ticks,0.0
evaluation_24,approve_block,2,search-fcfs,review_busy_ticks,0.0
evaluation_25,approve_block,2,search-fcfs,review_busy_ticks,1.9999999999999996
evaluation_26,approve_block,2,search-fcfs,review_busy_ticks,2.0
evaluation_27,approve_block,2,search-fcfs,review_busy_ticks,0.0
evaluation_28,approve_block,2,search-fcfs,review_busy_ticks,0.0
evaluation_29,approve_block,2,search-fcfs,review_busy_ticks,0.0
evaluation_30,approve_block,2,search-fcfs,review_busy_ticks,0.0
evaluation_31,approve_block,2,search-fcfs,review_busy_ticks,0.0
evaluation_00,approve_block,2,search-uncertainty,operational_loss,0.0
evaluation_01,approve_block,2,search-uncertainty,operational_loss,0.0
evaluation_02,approve_block,2,search-uncertainty,operational_loss,0.0
evaluation_03,approve_block,2,search-uncertainty,operational_loss,0.0
evaluation_04,approve_block,2,search-uncertainty,operational_loss,0.0
evaluation_05,approve_block,2,search-uncertainty,operational_loss,0.0
evaluation_06,approve_block,2,search-uncertainty,operational_loss,0.0
evaluation_07,approve_block,2,search-uncertainty,operational_loss,0.0
evaluation_08,approve_block,2,search-uncertainty,operational_loss,0.0
evaluation_09,approve_block,2,search-uncertainty,operational_loss,2.666666666666666
evaluation_10,approve_block,2,search-uncertainty,operational_loss,0.0
evaluation_11,approve_block,2,search-uncertainty,operational_loss,4.0
evaluation_12,approve_block,2,search-uncertainty,operational_loss,0.0
evaluation_13,approve_block,2,search-uncertainty,operational_loss,0.0
evaluation_14,approve_block,2,search-uncertainty,operational_loss,0.0
evaluation_15,approve_block,2,search-uncertainty,operational_loss,0.0
evaluation_16,approve_block,2,search-uncertainty,operational_loss,0.0
evaluation_17,approve_block,2,search-uncertainty,operational_loss,0.0
evaluation_18,approve_block,2,search-uncertainty,operational_loss,0.0
evaluation_19,approve_block,2,search-uncertainty,operational_loss,0.0
evaluation_20,approve_block,2,search-uncertainty,operational_loss,0.0
evaluation_21,approve_block,2,search-uncertainty,operational_loss,0.0
evaluation_22,approve_block,2,search-uncertainty,operational_loss,0.0
evaluation_23,approve_block,2,search-uncertainty,operational_loss,0.0
evaluation_24,approve_block,2,search-uncertainty,operational_loss,0.0
evaluation_25,approve_block,2,search-uncertainty,operational_loss,0.0
evaluation_26,approve_block,2,search-uncertainty,operational_loss,0.0
evaluation_27,approve_block,2,search-uncertainty,operational_loss,0.0
evaluation_28,approve_block,2,search-uncertainty,operational_loss,-2.666666666666666
evaluation_29,approve_block,2,search-uncertainty,operational_loss,0.0
evaluation_30,approve_block,2,search-uncertainty,operational_loss,0.0
evaluation_31,approve_block,2,search-uncertainty,operational_loss,0.0
evaluation_00,approve_block,2,search-uncertainty,task_completed,0.0
evaluation_01,approve_block,2,search-uncertainty,task_completed,0.0
evaluation_02,approve_block,2,search-uncertainty,task_completed,0.0
evaluation_03,approve_block,2,search-uncertainty,task_completed,0.0
evaluation_04,approve_block,2,search-uncertainty,task_completed,0.0
evaluation_05,approve_block,2,search-uncertainty,task_completed,0.0
evaluation_06,approve_block,2,search-uncertainty,task_completed,0.0
evaluation_07,approve_block,2,search-uncertainty,task_completed,0.0
evaluation_08,approve_block,2,search-uncertainty,task_completed,0.0
evaluation_09,approve_block,2,search-uncertainty,task_completed,0.0
evaluation_10,approve_block,2,search-uncertainty,task_completed,0.0
evaluation_11,approve_block,2,search-uncertainty,task_completed,0.0
evaluation_12,approve_block,2,search-uncertainty,task_completed,0.0
evaluation_13,approve_block,2,search-uncertainty,task_completed,0.0
evaluation_14,approve_block,2,search-uncertainty,task_completed,0.0
evaluation_15,approve_block,2,search-uncertainty,task_completed,0.0
evaluation_16,approve_block,2,search-uncertainty,task_completed,0.0
evaluation_17,approve_block,2,search-uncertainty,task_completed,0.0
evaluation_18,approve_block,2,search-uncertainty,task_completed,0.0
evaluation_19,approve_block,2,search-uncertainty,task_completed,0.0
evaluation_20,approve_block,2,search-uncertainty,task_completed,0.0
evaluation_21,approve_block,2,search-uncertainty,task_completed,0.0
evaluation_22,approve_block,2,search-uncertainty,task_completed,0.0
evaluation_23,approve_block,2,search-uncertainty,task_completed,0.0
evaluation_24,approve_block,2,search-uncertainty,task_completed,0.0
evaluation_25,approve_block,2,search-uncertainty,task_completed,0.0
evaluation_26,approve_block,2,search-uncertainty,task_completed,0.0
evaluation_27,approve_block,2,search-uncertainty,task_completed,0.0
evaluation_28,approve_block,2,search-uncertainty,task_completed,0.0
evaluation_29,approve_block,2,search-uncertainty,task_completed,0.0
evaluation_30,approve_block,2,search-uncertainty,task_completed,0.0
evaluation_31,approve_block,2,search-uncertainty,task_completed,0.0
evaluation_00,approve_block,2,search-uncertainty,wrong_transactions,0.0
evaluation_01,approve_block,2,search-uncertainty,wrong_transactions,0.0
evaluation_02,approve_block,2,search-uncertainty,wrong_transactions,0.0
evaluation_03,approve_block,2,search-uncertainty,wrong_transactions,0.0
evaluation_04,approve_block,2,search-uncertainty,wrong_transactions,0.0
evaluation_05,approve_block,2,search-uncertainty,wrong_transactions,0.0
evaluation_06,approve_block,2,search-uncertainty,wrong_transactions,0.0
evaluation_07,approve_block,2,search-uncertainty,wrong_transactions,0.0
evaluation_08,approve_block,2,search-uncertainty,wrong_transactions,0.0
evaluation_09,approve_block,2,search-uncertainty,wrong_transactions,0.6666666666666666
evaluation_10,approve_block,2,search-uncertainty,wrong_transactions,0.0
evaluation_11,approve_block,2,search-uncertainty,wrong_transactions,0.3333333333333333
evaluation_12,approve_block,2,search-uncertainty,wrong_transactions,0.0
evaluation_13,approve_block,2,search-uncertainty,wrong_transactions,0.0
evaluation_14,approve_block,2,search-uncertainty,wrong_transactions,0.0
evaluation_15,approve_block,2,search-uncertainty,wrong_transactions,0.0
evaluation_16,approve_block,2,search-uncertainty,wrong_transactions,0.0
evaluation_17,approve_block,2,search-uncertainty,wrong_transactions,0.0
evaluation_18,approve_block,2,search-uncertainty,wrong_transactions,0.0
evaluation_19,approve_block,2,search-uncertainty,wrong_transactions,0.0
evaluation_20,approve_block,2,search-uncertainty,wrong_transactions,0.0
evaluation_21,approve_block,2,search-uncertainty,wrong_transactions,0.0
evaluation_22,approve_block,2,search-uncertainty,wrong_transactions,0.0
evaluation_23,approve_block,2,search-uncertainty,wrong_transactions,0.0
evaluation_24,approve_block,2,search-uncertainty,wrong_transactions,0.0
evaluation_25,approve_block,2,search-uncertainty,wrong_transactions,0.0
evaluation_26,approve_block,2,search-uncertainty,wrong_transactions,0.0
evaluation_27,approve_block,2,search-uncertainty,wrong_transactions,0.0
evaluation_28,approve_block,2,search-uncertainty,wrong_transactions,-0.6666666666666666
evaluation_29,approve_block,2,search-uncertainty,wrong_transactions,0.0
evaluation_30,approve_block,2,search-uncertainty,wrong_transactions,0.0
evaluation_31,approve_block,2,search-uncertainty,wrong_transactions,0.0
evaluation_00,approve_block,2,search-uncertainty,review_busy_ticks,0.0
evaluation_01,approve_block,2,search-uncertainty,review_busy_ticks,0.0
evaluation_02,approve_block,2,search-uncertainty,review_busy_ticks,0.0
evaluation_03,approve_block,2,search-uncertainty,review_busy_ticks,0.0
evaluation_04,approve_block,2,search-uncertainty,review_busy_ticks,1.333333333333333
evaluation_05,approve_block,2,search-uncertainty,review_busy_ticks,0.0
evaluation_06,approve_block,2,search-uncertainty,review_busy_ticks,0.0
evaluation_07,approve_block,2,search-uncertainty,review_busy_ticks,0.0
evaluation_08,approve_block,2,search-uncertainty,review_busy_ticks,0.0
evaluation_09,approve_block,2,search-uncertainty,review_busy_ticks,0.6666666666666665
evaluation_10,approve_block,2,search-uncertainty,review_busy_ticks,0.0
evaluation_11,approve_block,2,search-uncertainty,review_busy_ticks,1.3333333333333335
evaluation_12,approve_block,2,search-uncertainty,review_busy_ticks,2.0000000000000004
evaluation_13,approve_block,2,search-uncertainty,review_busy_ticks,0.0
evaluation_14,approve_block,2,search-uncertainty,review_busy_ticks,0.0
evaluation_15,approve_block,2,search-uncertainty,review_busy_ticks,1.333333333333333
evaluation_16,approve_block,2,search-uncertainty,review_busy_ticks,0.0
evaluation_17,approve_block,2,search-uncertainty,review_busy_ticks,0.0
evaluation_18,approve_block,2,search-uncertainty,review_busy_ticks,0.0
evaluation_19,approve_block,2,search-uncertainty,review_busy_ticks,0.0
evaluation_20,approve_block,2,search-uncertainty,review_busy_ticks,0.0
evaluation_21,approve_block,2,search-uncertainty,review_busy_ticks,0.0
evaluation_22,approve_block,2,search-uncertainty,review_busy_ticks,1.333333333333333
evaluation_23,approve_block,2,search-uncertainty,review_busy_ticks,2.0
evaluation_24,approve_block,2,search-uncertainty,review_busy_ticks,0.0
evaluation_25,approve_block,2,search-uncertainty,review_busy_ticks,1.333333333333333
evaluation_26,approve_block,2,search-uncertainty,review_busy_ticks,0.0
evaluation_27,approve_block,2,search-uncertainty,review_busy_ticks,0.0
evaluation_28,approve_block,2,search-uncertainty,review_busy_ticks,0.0
evaluation_29,approve_block,2,search-uncertainty,review_busy_ticks,0.0
evaluation_30,approve_block,2,search-uncertainty,review_busy_ticks,2.0
evaluation_31,approve_block,2,search-uncertainty,review_busy_ticks,0.6666666666666665
evaluation_00,approve_block,2,search-no_review,operational_loss,-2.666666666666668
evaluation_01,approve_block,2,search-no_review,operational_loss,-2.666666666666667
evaluation_02,approve_block,2,search-no_review,operational_loss,0.0
evaluation_03,approve_block,2,search-no_review,operational_loss,-8.0
evaluation_04,approve_block,2,search-no_review,operational_loss,-8.0
evaluation_05,approve_block,2,search-no_review,operational_loss,-2.666666666666666
evaluation_06,approve_block,2,search-no_review,operational_loss,0.0
evaluation_07,approve_block,2,search-no_review,operational_loss,0.0
evaluation_08,approve_block,2,search-no_review,operational_loss,0.0
evaluation_09,approve_block,2,search-no_review,operational_loss,-6.666666666666666
evaluation_10,approve_block,2,search-no_review,operational_loss,0.0
evaluation_11,approve_block,2,search-no_review,operational_loss,0.0
evaluation_12,approve_block,2,search-no_review,operational_loss,-4.0
evaluation_13,approve_block,2,search-no_review,operational_loss,0.0
evaluation_14,approve_block,2,search-no_review,operational_loss,-20.0
evaluation_15,approve_block,2,search-no_review,operational_loss,-2.666666666666667
evaluation_16,approve_block,2,search-no_review,operational_loss,-2.666666666666667
evaluation_17,approve_block,2,search-no_review,operational_loss,0.0
evaluation_18,approve_block,2,search-no_review,operational_loss,-2.666666666666667
evaluation_19,approve_block,2,search-no_review,operational_loss,0.0
evaluation_20,approve_block,2,search-no_review,operational_loss,0.0
evaluation_21,approve_block,2,search-no_review,operational_loss,-8.0
evaluation_22,approve_block,2,search-no_review,operational_loss,-12.0
evaluation_23,approve_block,2,search-no_review,operational_loss,0.0
evaluation_24,approve_block,2,search-no_review,operational_loss,0.0
evaluation_25,approve_block,2,search-no_review,operational_loss,-6.666666666666667
evaluation_26,approve_block,2,search-no_review,operational_loss,0.0
evaluation_27,approve_block,2,search-no_review,operational_loss,0.0
evaluation_28,approve_block,2,search-no_review,operational_loss,-8.0
evaluation_29,approve_block,2,search-no_review,operational_loss,0.0
evaluation_30,approve_block,2,search-no_review,operational_loss,0.0
evaluation_31,approve_block,2,search-no_review,operational_loss,0.0
evaluation_00,approve_block,2,search-no_review,task_completed,0.0
evaluation_01,approve_block,2,search-no_review,task_completed,0.0
evaluation_02,approve_block,2,search-no_review,task_completed,0.0
evaluation_03,approve_block,2,search-no_review,task_completed,0.0
evaluation_04,approve_block,2,search-no_review,task_completed,0.0
evaluation_05,approve_block,2,search-no_review,task_completed,0.0
evaluation_06,approve_block,2,search-no_review,task_completed,0.0
evaluation_07,approve_block,2,search-no_review,task_completed,0.0
evaluation_08,approve_block,2,search-no_review,task_completed,0.0
evaluation_09,approve_block,2,search-no_review,task_completed,0.0
evaluation_10,approve_block,2,search-no_review,task_completed,0.0
evaluation_11,approve_block,2,search-no_review,task_completed,0.0
evaluation_12,approve_block,2,search-no_review,task_completed,0.0
evaluation_13,approve_block,2,search-no_review,task_completed,0.0
evaluation_14,approve_block,2,search-no_review,task_completed,0.0
evaluation_15,approve_block,2,search-no_review,task_completed,0.0
evaluation_16,approve_block,2,search-no_review,task_completed,0.0
evaluation_17,approve_block,2,search-no_review,task_completed,0.0
evaluation_18,approve_block,2,search-no_review,task_completed,0.0
evaluation_19,approve_block,2,search-no_review,task_completed,0.0
evaluation_20,approve_block,2,search-no_review,task_completed,0.0
evaluation_21,approve_block,2,search-no_review,task_completed,0.0
evaluation_22,approve_block,2,search-no_review,task_completed,0.0
evaluation_23,approve_block,2,search-no_review,task_completed,0.0
evaluation_24,approve_block,2,search-no_review,task_completed,0.0
evaluation_25,approve_block,2,search-no_review,task_completed,0.0
evaluation_26,approve_block,2,search-no_review,task_completed,0.0
evaluation_27,approve_block,2,search-no_review,task_completed,0.0
evaluation_28,approve_block,2,search-no_review,task_completed,0.0
evaluation_29,approve_block,2,search-no_review,task_completed,0.0
evaluation_30,approve_block,2,search-no_review,task_completed,0.0
evaluation_31,approve_block,2,search-no_review,task_completed,0.0
evaluation_00,approve_block,2,search-no_review,wrong_transactions,-0.6666666666666667
evaluation_01,approve_block,2,search-no_review,wrong_transactions,-0.6666666666666666
evaluation_02,approve_block,2,search-no_review,wrong_transactions,0.0
evaluation_03,approve_block,2,search-no_review,wrong_transactions,-1.0
evaluation_04,approve_block,2,search-no_review,wrong_transactions,-1.0
evaluation_05,approve_block,2,search-no_review,wrong_transactions,-0.6666666666666666
evaluation_06,approve_block,2,search-no_review,wrong_transactions,0.0
evaluation_07,approve_block,2,search-no_review,wrong_transactions,0.0
evaluation_08,approve_block,2,search-no_review,wrong_transactions,0.0
evaluation_09,approve_block,2,search-no_review,wrong_transactions,-1.0
evaluation_10,approve_block,2,search-no_review,wrong_transactions,0.0
evaluation_11,approve_block,2,search-no_review,wrong_transactions,0.0
evaluation_12,approve_block,2,search-no_review,wrong_transactions,-0.3333333333333333
evaluation_13,approve_block,2,search-no_review,wrong_transactions,0.0
evaluation_14,approve_block,2,search-no_review,wrong_transactions,-2.0
evaluation_15,approve_block,2,search-no_review,wrong_transactions,-0.6666666666666666
evaluation_16,approve_block,2,search-no_review,wrong_transactions,-0.3333333333333333
evaluation_17,approve_block,2,search-no_review,wrong_transactions,0.0
evaluation_18,approve_block,2,search-no_review,wrong_transactions,-0.3333333333333333
evaluation_19,approve_block,2,search-no_review,wrong_transactions,0.0
evaluation_20,approve_block,2,search-no_review,wrong_transactions,0.0
evaluation_21,approve_block,2,search-no_review,wrong_transactions,-1.0
evaluation_22,approve_block,2,search-no_review,wrong_transactions,-1.0
evaluation_23,approve_block,2,search-no_review,wrong_transactions,0.0
evaluation_24,approve_block,2,search-no_review,wrong_transactions,0.0
evaluation_25,approve_block,2,search-no_review,wrong_transactions,-1.3333333333333333
evaluation_26,approve_block,2,search-no_review,wrong_transactions,0.0
evaluation_27,approve_block,2,search-no_review,wrong_transactions,0.0
evaluation_28,approve_block,2,search-no_review,wrong_transactions,-1.3333333333333333
evaluation_29,approve_block,2,search-no_review,wrong_transactions,0.0
evaluation_30,approve_block,2,search-no_review,wrong_transactions,0.0
evaluation_31,approve_block,2,search-no_review,wrong_transactions,0.0
evaluation_00,approve_block,2,search-no_review,review_busy_ticks,3.3333333333333335
evaluation_01,approve_block,2,search-no_review,review_busy_ticks,2.6666666666666665
evaluation_02,approve_block,2,search-no_review,review_busy_ticks,4.0
evaluation_03,approve_block,2,search-no_review,review_busy_ticks,4.0
evaluation_04,approve_block,2,search-no_review,review_busy_ticks,5.333333333333333
evaluation_05,approve_block,2,search-no_review,review_busy_ticks,2.0
evaluation_06,approve_block,2,search-no_review,review_busy_ticks,4.0
evaluation_07,approve_block,2,search-no_review,review_busy_ticks,2.0
evaluation_08,approve_block,2,search-no_review,review_busy_ticks,4.0
evaluation_09,approve_block,2,search-no_review,review_busy_ticks,4.0
evaluation_10,approve_block,2,search-no_review,review_busy_ticks,4.0
evaluation_11,approve_block,2,search-no_review,review_busy_ticks,4.0
evaluation_12,approve_block,2,search-no_review,review_busy_ticks,4.666666666666667
evaluation_13,approve_block,2,search-no_review,review_busy_ticks,3.3333333333333335
evaluation_14,approve_block,2,search-no_review,review_busy_ticks,4.0
evaluation_15,approve_block,2,search-no_review,review_busy_ticks,5.333333333333333
evaluation_16,approve_block,2,search-no_review,review_busy_ticks,2.6666666666666665
evaluation_17,approve_block,2,search-no_review,review_busy_ticks,4.0
evaluation_18,approve_block,2,search-no_review,review_busy_ticks,4.0
evaluation_19,approve_block,2,search-no_review,review_busy_ticks,4.0
evaluation_20,approve_block,2,search-no_review,review_busy_ticks,4.0
evaluation_21,approve_block,2,search-no_review,review_busy_ticks,4.0
evaluation_22,approve_block,2,search-no_review,review_busy_ticks,5.333333333333333
evaluation_23,approve_block,2,search-no_review,review_busy_ticks,6.0
evaluation_24,approve_block,2,search-no_review,review_busy_ticks,4.0
evaluation_25,approve_block,2,search-no_review,review_busy_ticks,5.333333333333333
evaluation_26,approve_block,2,search-no_review,review_busy_ticks,6.0
evaluation_27,approve_block,2,search-no_review,review_busy_ticks,2.6666666666666665
evaluation_28,approve_block,2,search-no_review,review_busy_ticks,3.3333333333333335
evaluation_29,approve_block,2,search-no_review,review_busy_ticks,2.6666666666666665
evaluation_30,approve_block,2,search-no_review,review_busy_ticks,4.0
evaluation_31,approve_block,2,search-no_review,review_busy_ticks,4.0
evaluation_00,complexity_time,1,search-greedy,operational_loss,0.0
evaluation_01,complexity_time,1,search-greedy,operational_loss,0.0
evaluation_02,complexity_time,1,search-greedy,operational_loss,0.0
evaluation_03,complexity_time,1,search-greedy,operational_loss,0.0
evaluation_04,complexity_time,1,search-greedy,operational_loss,0.0
evaluation_05,complexity_time,1,search-greedy,operational_loss,0.0
evaluation_06,complexity_time,1,search-greedy,operational_loss,0.0
evaluation_07,complexity_time,1,search-greedy,operational_loss,0.0
evaluation_08,complexity_time,1,search-greedy,operational_loss,0.0
evaluation_09,complexity_time,1,search-greedy,operational_loss,0.0
evaluation_10,complexity_time,1,search-greedy,operational_loss,0.0
evaluation_11,complexity_time,1,search-greedy,operational_loss,0.0
evaluation_12,complexity_time,1,search-greedy,operational_loss,0.0
evaluation_13,complexity_time,1,search-greedy,operational_loss,0.0
evaluation_14,complexity_time,1,search-greedy,operational_loss,0.0
evaluation_15,complexity_time,1,search-greedy,operational_loss,0.0
evaluation_16,complexity_time,1,search-greedy,operational_loss,0.0
evaluation_17,complexity_time,1,search-greedy,operational_loss,0.0
evaluation_18,complexity_time,1,search-greedy,operational_loss,0.0
evaluation_19,complexity_time,1,search-greedy,operational_loss,0.0
evaluation_20,complexity_time,1,search-greedy,operational_loss,0.0
evaluation_21,complexity_time,1,search-greedy,operational_loss,0.0
evaluation_22,complexity_time,1,search-greedy,operational_loss,0.0
evaluation_23,complexity_time,1,search-greedy,operational_loss,0.0
evaluation_24,complexity_time,1,search-greedy,operational_loss,0.0
evaluation_25,complexity_time,1,search-greedy,operational_loss,0.0
evaluation_26,complexity_time,1,search-greedy,operational_loss,0.0
evaluation_27,complexity_time,1,search-greedy,operational_loss,0.0
evaluation_28,complexity_time,1,search-greedy,operational_loss,-2.6666666666666665
evaluation_29,complexity_time,1,search-greedy,operational_loss,0.0
evaluation_30,complexity_time,1,search-greedy,operational_loss,0.0
evaluation_31,complexity_time,1,search-greedy,operational_loss,0.0
evaluation_00,complexity_time,1,search-greedy,task_completed,0.0
evaluation_01,complexity_time,1,search-greedy,task_completed,0.0
evaluation_02,complexity_time,1,search-greedy,task_completed,0.0
evaluation_03,complexity_time,1,search-greedy,task_completed,0.0
evaluation_04,complexity_time,1,search-greedy,task_completed,0.0
evaluation_05,complexity_time,1,search-greedy,task_completed,0.0
evaluation_06,complexity_time,1,search-greedy,task_completed,0.0
evaluation_07,complexity_time,1,search-greedy,task_completed,0.0
evaluation_08,complexity_time,1,search-greedy,task_completed,0.0
evaluation_09,complexity_time,1,search-greedy,task_completed,0.0
evaluation_10,complexity_time,1,search-greedy,task_completed,0.0
evaluation_11,complexity_time,1,search-greedy,task_completed,0.0
evaluation_12,complexity_time,1,search-greedy,task_completed,0.0
evaluation_13,complexity_time,1,search-greedy,task_completed,0.0
evaluation_14,complexity_time,1,search-greedy,task_completed,0.0
evaluation_15,complexity_time,1,search-greedy,task_completed,0.0
evaluation_16,complexity_time,1,search-greedy,task_completed,0.0
evaluation_17,complexity_time,1,search-greedy,task_completed,0.0
evaluation_18,complexity_time,1,search-greedy,task_completed,0.0
evaluation_19,complexity_time,1,search-greedy,task_completed,0.0
evaluation_20,complexity_time,1,search-greedy,task_completed,0.0
evaluation_21,complexity_time,1,search-greedy,task_completed,0.0
evaluation_22,complexity_time,1,search-greedy,task_completed,0.0
evaluation_23,complexity_time,1,search-greedy,task_completed,0.0
evaluation_24,complexity_time,1,search-greedy,task_completed,0.0
evaluation_25,complexity_time,1,search-greedy,task_completed,0.0
evaluation_26,complexity_time,1,search-greedy,task_completed,0.0
evaluation_27,complexity_time,1,search-greedy,task_completed,0.0
evaluation_28,complexity_time,1,search-greedy,task_completed,0.3333333333333335
evaluation_29,complexity_time,1,search-greedy,task_completed,0.0
evaluation_30,complexity_time,1,search-greedy,task_completed,0.0
evaluation_31,complexity_time,1,search-greedy,task_completed,0.0
evaluation_00,complexity_time,1,search-greedy,wrong_transactions,0.0
evaluation_01,complexity_time,1,search-greedy,wrong_transactions,0.0
evaluation_02,complexity_time,1,search-greedy,wrong_transactions,0.0
evaluation_03,complexity_time,1,search-greedy,wrong_transactions,0.0
evaluation_04,complexity_time,1,search-greedy,wrong_transactions,0.0
evaluation_05,complexity_time,1,search-greedy,wrong_transactions,0.0
evaluation_06,complexity_time,1,search-greedy,wrong_transactions,0.0
evaluation_07,complexity_time,1,search-greedy,wrong_transactions,0.0
evaluation_08,complexity_time,1,search-greedy,wrong_transactions,0.0
evaluation_09,complexity_time,1,search-greedy,wrong_transactions,0.0
evaluation_10,complexity_time,1,search-greedy,wrong_transactions,0.0
evaluation_11,complexity_time,1,search-greedy,wrong_transactions,0.0
evaluation_12,complexity_time,1,search-greedy,wrong_transactions,0.0
evaluation_13,complexity_time,1,search-greedy,wrong_transactions,0.0
evaluation_14,complexity_time,1,search-greedy,wrong_transactions,0.0
evaluation_15,complexity_time,1,search-greedy,wrong_transactions,0.0
evaluation_16,complexity_time,1,search-greedy,wrong_transactions,0.0
evaluation_17,complexity_time,1,search-greedy,wrong_transactions,0.0
evaluation_18,complexity_time,1,search-greedy,wrong_transactions,0.0
evaluation_19,complexity_time,1,search-greedy,wrong_transactions,0.0
evaluation_20,complexity_time,1,search-greedy,wrong_transactions,0.0
evaluation_21,complexity_time,1,search-greedy,wrong_transactions,0.0
evaluation_22,complexity_time,1,search-greedy,wrong_transactions,0.0
evaluation_23,complexity_time,1,search-greedy,wrong_transactions,0.0
evaluation_24,complexity_time,1,search-greedy,wrong_transactions,0.0
evaluation_25,complexity_time,1,search-greedy,wrong_transactions,0.0
evaluation_26,complexity_time,1,search-greedy,wrong_transactions,0.0
evaluation_27,complexity_time,1,search-greedy,wrong_transactions,0.0
evaluation_28,complexity_time,1,search-greedy,wrong_transactions,-0.3333333333333333
evaluation_29,complexity_time,1,search-greedy,wrong_transactions,0.0
evaluation_30,complexity_time,1,search-greedy,wrong_transactions,0.0
evaluation_31,complexity_time,1,search-greedy,wrong_transactions,0.0
evaluation_00,complexity_time,1,search-greedy,review_busy_ticks,0.0
evaluation_01,complexity_time,1,search-greedy,review_busy_ticks,0.0
evaluation_02,complexity_time,1,search-greedy,review_busy_ticks,0.0
evaluation_03,complexity_time,1,search-greedy,review_busy_ticks,0.0
evaluation_04,complexity_time,1,search-greedy,review_busy_ticks,0.0
evaluation_05,complexity_time,1,search-greedy,review_busy_ticks,0.0
evaluation_06,complexity_time,1,search-greedy,review_busy_ticks,0.0
evaluation_07,complexity_time,1,search-greedy,review_busy_ticks,0.0
evaluation_08,complexity_time,1,search-greedy,review_busy_ticks,0.0
evaluation_09,complexity_time,1,search-greedy,review_busy_ticks,0.6666666666666665
evaluation_10,complexity_time,1,search-greedy,review_busy_ticks,0.0
evaluation_11,complexity_time,1,search-greedy,review_busy_ticks,0.3333333333333335
evaluation_12,complexity_time,1,search-greedy,review_busy_ticks,0.33333333333333304
evaluation_13,complexity_time,1,search-greedy,review_busy_ticks,0.0
evaluation_14,complexity_time,1,search-greedy,review_busy_ticks,0.0
evaluation_15,complexity_time,1,search-greedy,review_busy_ticks,0.0
evaluation_16,complexity_time,1,search-greedy,review_busy_ticks,0.3333333333333335
evaluation_17,complexity_time,1,search-greedy,review_busy_ticks,0.0
evaluation_18,complexity_time,1,search-greedy,review_busy_ticks,0.33333333333333304
evaluation_19,complexity_time,1,search-greedy,review_busy_ticks,0.0
evaluation_20,complexity_time,1,search-greedy,review_busy_ticks,0.0
evaluation_21,complexity_time,1,search-greedy,review_busy_ticks,1.0
evaluation_22,complexity_time,1,search-greedy,review_busy_ticks,0.6666666666666665
evaluation_23,complexity_time,1,search-greedy,review_busy_ticks,0.0
evaluation_24,complexity_time,1,search-greedy,review_busy_ticks,1.0
evaluation_25,complexity_time,1,search-greedy,review_busy_ticks,0.0
evaluation_26,complexity_time,1,search-greedy,review_busy_ticks,0.0
evaluation_27,complexity_time,1,search-greedy,review_busy_ticks,0.3333333333333335
evaluation_28,complexity_time,1,search-greedy,review_busy_ticks,0.6666666666666665
evaluation_29,complexity_time,1,search-greedy,review_busy_ticks,0.0
evaluation_30,complexity_time,1,search-greedy,review_busy_ticks,0.0
evaluation_31,complexity_time,1,search-greedy,review_busy_ticks,0.0
evaluation_00,complexity_time,1,search-edf,operational_loss,0.0
evaluation_01,complexity_time,1,search-edf,operational_loss,0.0
evaluation_02,complexity_time,1,search-edf,operational_loss,0.0
evaluation_03,complexity_time,1,search-edf,operational_loss,0.0
evaluation_04,complexity_time,1,search-edf,operational_loss,0.0
evaluation_05,complexity_time,1,search-edf,operational_loss,0.0
evaluation_06,complexity_time,1,search-edf,operational_loss,0.0
evaluation_07,complexity_time,1,search-edf,operational_loss,0.0
evaluation_08,complexity_time,1,search-edf,operational_loss,0.0
evaluation_09,complexity_time,1,search-edf,operational_loss,0.0
evaluation_10,complexity_time,1,search-edf,operational_loss,5.333333333333334
evaluation_11,complexity_time,1,search-edf,operational_loss,0.0
evaluation_12,complexity_time,1,search-edf,operational_loss,0.0
evaluation_13,complexity_time,1,search-edf,operational_loss,0.0
evaluation_14,complexity_time,1,search-edf,operational_loss,0.0
evaluation_15,complexity_time,1,search-edf,operational_loss,0.0
evaluation_16,complexity_time,1,search-edf,operational_loss,0.0
evaluation_17,complexity_time,1,search-edf,operational_loss,0.0
evaluation_18,complexity_time,1,search-edf,operational_loss,0.0
evaluation_19,complexity_time,1,search-edf,operational_loss,0.0
evaluation_20,complexity_time,1,search-edf,operational_loss,0.0
evaluation_21,complexity_time,1,search-edf,operational_loss,0.0
evaluation_22,complexity_time,1,search-edf,operational_loss,0.0
evaluation_23,complexity_time,1,search-edf,operational_loss,0.0
evaluation_24,complexity_time,1,search-edf,operational_loss,0.0
evaluation_25,complexity_time,1,search-edf,operational_loss,0.0
evaluation_26,complexity_time,1,search-edf,operational_loss,0.0
evaluation_27,complexity_time,1,search-edf,operational_loss,0.0
evaluation_28,complexity_time,1,search-edf,operational_loss,0.0
evaluation_29,complexity_time,1,search-edf,operational_loss,0.0
evaluation_30,complexity_time,1,search-edf,operational_loss,0.0
evaluation_31,complexity_time,1,search-edf,operational_loss,0.0
evaluation_00,complexity_time,1,search-edf,task_completed,0.0
evaluation_01,complexity_time,1,search-edf,task_completed,0.0
evaluation_02,complexity_time,1,search-edf,task_completed,0.0
evaluation_03,complexity_time,1,search-edf,task_completed,0.0
evaluation_04,complexity_time,1,search-edf,task_completed,0.0
evaluation_05,complexity_time,1,search-edf,task_completed,0.0
evaluation_06,complexity_time,1,search-edf,task_completed,0.0
evaluation_07,complexity_time,1,search-edf,task_completed,0.0
evaluation_08,complexity_time,1,search-edf,task_completed,0.0
evaluation_09,complexity_time,1,search-edf,task_completed,0.0
evaluation_10,complexity_time,1,search-edf,task_completed,-0.3333333333333335
evaluation_11,complexity_time,1,search-edf,task_completed,0.0
evaluation_12,complexity_time,1,search-edf,task_completed,0.0
evaluation_13,complexity_time,1,search-edf,task_completed,0.0
evaluation_14,complexity_time,1,search-edf,task_completed,0.0
evaluation_15,complexity_time,1,search-edf,task_completed,0.0
evaluation_16,complexity_time,1,search-edf,task_completed,0.0
evaluation_17,complexity_time,1,search-edf,task_completed,0.0
evaluation_18,complexity_time,1,search-edf,task_completed,0.0
evaluation_19,complexity_time,1,search-edf,task_completed,0.0
evaluation_20,complexity_time,1,search-edf,task_completed,0.0
evaluation_21,complexity_time,1,search-edf,task_completed,0.0
evaluation_22,complexity_time,1,search-edf,task_completed,0.0
evaluation_23,complexity_time,1,search-edf,task_completed,0.0
evaluation_24,complexity_time,1,search-edf,task_completed,0.0
evaluation_25,complexity_time,1,search-edf,task_completed,0.0
evaluation_26,complexity_time,1,search-edf,task_completed,0.0
evaluation_27,complexity_time,1,search-edf,task_completed,0.0
evaluation_28,complexity_time,1,search-edf,task_completed,0.0
evaluation_29,complexity_time,1,search-edf,task_completed,0.0
evaluation_30,complexity_time,1,search-edf,task_completed,0.0
evaluation_31,complexity_time,1,search-edf,task_completed,0.0
evaluation_00,complexity_time,1,search-edf,wrong_transactions,0.0
evaluation_01,complexity_time,1,search-edf,wrong_transactions,0.0
evaluation_02,complexity_time,1,search-edf,wrong_transactions,0.0
evaluation_03,complexity_time,1,search-edf,wrong_transactions,0.0
evaluation_04,complexity_time,1,search-edf,wrong_transactions,0.0
evaluation_05,complexity_time,1,search-edf,wrong_transactions,0.0
evaluation_06,complexity_time,1,search-edf,wrong_transactions,0.0
evaluation_07,complexity_time,1,search-edf,wrong_transactions,0.0
evaluation_08,complexity_time,1,search-edf,wrong_transactions,0.0
evaluation_09,complexity_time,1,search-edf,wrong_transactions,0.0
evaluation_10,complexity_time,1,search-edf,wrong_transactions,0.3333333333333333
evaluation_11,complexity_time,1,search-edf,wrong_transactions,0.0
evaluation_12,complexity_time,1,search-edf,wrong_transactions,0.0
evaluation_13,complexity_time,1,search-edf,wrong_transactions,0.0
evaluation_14,complexity_time,1,search-edf,wrong_transactions,0.0
evaluation_15,complexity_time,1,search-edf,wrong_transactions,0.0
evaluation_16,complexity_time,1,search-edf,wrong_transactions,0.0
evaluation_17,complexity_time,1,search-edf,wrong_transactions,0.0
evaluation_18,complexity_time,1,search-edf,wrong_transactions,0.0
evaluation_19,complexity_time,1,search-edf,wrong_transactions,0.0
evaluation_20,complexity_time,1,search-edf,wrong_transactions,0.0
evaluation_21,complexity_time,1,search-edf,wrong_transactions,0.0
evaluation_22,complexity_time,1,search-edf,wrong_transactions,0.0
evaluation_23,complexity_time,1,search-edf,wrong_transactions,0.0
evaluation_24,complexity_time,1,search-edf,wrong_transactions,0.0
evaluation_25,complexity_time,1,search-edf,wrong_transactions,0.0
evaluation_26,complexity_time,1,search-edf,wrong_transactions,0.0
evaluation_27,complexity_time,1,search-edf,wrong_transactions,0.0
evaluation_28,complexity_time,1,search-edf,wrong_transactions,0.0
evaluation_29,complexity_time,1,search-edf,wrong_transactions,0.0
evaluation_30,complexity_time,1,search-edf,wrong_transactions,0.0
evaluation_31,complexity_time,1,search-edf,wrong_transactions,0.0
evaluation_00,complexity_time,1,search-edf,review_busy_ticks,0.0
evaluation_01,complexity_time,1,search-edf,review_busy_ticks,0.0
evaluation_02,complexity_time,1,search-edf,review_busy_ticks,0.0
evaluation_03,complexity_time,1,search-edf,review_busy_ticks,0.0
evaluation_04,complexity_time,1,search-edf,review_busy_ticks,0.0
evaluation_05,complexity_time,1,search-edf,review_busy_ticks,0.0
evaluation_06,complexity_time,1,search-edf,review_busy_ticks,0.0
evaluation_07,complexity_time,1,search-edf,review_busy_ticks,0.0
evaluation_08,complexity_time,1,search-edf,review_busy_ticks,0.0
evaluation_09,complexity_time,1,search-edf,review_busy_ticks,0.0
evaluation_10,complexity_time,1,search-edf,review_busy_ticks,-0.6666666666666665
evaluation_11,complexity_time,1,search-edf,review_busy_ticks,0.0
evaluation_12,complexity_time,1,search-edf,review_busy_ticks,0.0
evaluation_13,complexity_time,1,search-edf,review_busy_ticks,0.0
evaluation_14,complexity_time,1,search-edf,review_busy_ticks,0.0
evaluation_15,complexity_time,1,search-edf,review_busy_ticks,0.0
evaluation_16,complexity_time,1,search-edf,review_busy_ticks,0.0
evaluation_17,complexity_time,1,search-edf,review_busy_ticks,0.0
evaluation_18,complexity_time,1,search-edf,review_busy_ticks,0.0
evaluation_19,complexity_time,1,search-edf,review_busy_ticks,0.0
evaluation_20,complexity_time,1,search-edf,review_busy_ticks,0.0
evaluation_21,complexity_time,1,search-edf,review_busy_ticks,0.0
evaluation_22,complexity_time,1,search-edf,review_busy_ticks,0.0
evaluation_23,complexity_time,1,search-edf,review_busy_ticks,0.0
evaluation_24,complexity_time,1,search-edf,review_busy_ticks,0.0
evaluation_25,complexity_time,1,search-edf,review_busy_ticks,0.0
evaluation_26,complexity_time,1,search-edf,review_busy_ticks,0.0
evaluation_27,complexity_time,1,search-edf,review_busy_ticks,0.0
evaluation_28,complexity_time,1,search-edf,review_busy_ticks,0.0
evaluation_29,complexity_time,1,search-edf,review_busy_ticks,0.0
evaluation_30,complexity_time,1,search-edf,review_busy_ticks,0.0
evaluation_31,complexity_time,1,search-edf,review_busy_ticks,0.0
evaluation_00,complexity_time,1,search-fcfs,operational_loss,-10.666666666666666
evaluation_01,complexity_time,1,search-fcfs,operational_loss,0.0
evaluation_02,complexity_time,1,search-fcfs,operational_loss,0.0
evaluation_03,complexity_time,1,search-fcfs,operational_loss,0.0
evaluation_04,complexity_time,1,search-fcfs,operational_loss,0.0
evaluation_05,complexity_time,1,search-fcfs,operational_loss,0.0
evaluation_06,complexity_time,1,search-fcfs,operational_loss,0.0
evaluation_07,complexity_time,1,search-fcfs,operational_loss,0.0
evaluation_08,complexity_time,1,search-fcfs,operational_loss,-2.6666666666666665
evaluation_09,complexity_time,1,search-fcfs,operational_loss,0.0
evaluation_10,complexity_time,1,search-fcfs,operational_loss,0.0
evaluation_11,complexity_time,1,search-fcfs,operational_loss,0.0
evaluation_12,complexity_time,1,search-fcfs,operational_loss,0.0
evaluation_13,complexity_time,1,search-fcfs,operational_loss,0.0
evaluation_14,complexity_time,1,search-fcfs,operational_loss,0.0
evaluation_15,complexity_time,1,search-fcfs,operational_loss,0.0
evaluation_16,complexity_time,1,search-fcfs,operational_loss,0.0
evaluation_17,complexity_time,1,search-fcfs,operational_loss,0.0
evaluation_18,complexity_time,1,search-fcfs,operational_loss,0.0
evaluation_19,complexity_time,1,search-fcfs,operational_loss,0.0
evaluation_20,complexity_time,1,search-fcfs,operational_loss,0.0
evaluation_21,complexity_time,1,search-fcfs,operational_loss,0.0
evaluation_22,complexity_time,1,search-fcfs,operational_loss,0.0
evaluation_23,complexity_time,1,search-fcfs,operational_loss,0.0
evaluation_24,complexity_time,1,search-fcfs,operational_loss,0.0
evaluation_25,complexity_time,1,search-fcfs,operational_loss,0.0
evaluation_26,complexity_time,1,search-fcfs,operational_loss,0.0
evaluation_27,complexity_time,1,search-fcfs,operational_loss,0.0
evaluation_28,complexity_time,1,search-fcfs,operational_loss,-2.6666666666666665
evaluation_29,complexity_time,1,search-fcfs,operational_loss,0.0
evaluation_30,complexity_time,1,search-fcfs,operational_loss,0.0
evaluation_31,complexity_time,1,search-fcfs,operational_loss,0.0
evaluation_00,complexity_time,1,search-fcfs,task_completed,0.6666666666666665
evaluation_01,complexity_time,1,search-fcfs,task_completed,0.0
evaluation_02,complexity_time,1,search-fcfs,task_completed,0.0
evaluation_03,complexity_time,1,search-fcfs,task_completed,0.0
evaluation_04,complexity_time,1,search-fcfs,task_completed,0.0
evaluation_05,complexity_time,1,search-fcfs,task_completed,0.0
evaluation_06,complexity_time,1,search-fcfs,task_completed,0.0
evaluation_07,complexity_time,1,search-fcfs,task_completed,0.0
evaluation_08,complexity_time,1,search-fcfs,task_completed,0.3333333333333335
evaluation_09,complexity_time,1,search-fcfs,task_completed,0.0
evaluation_10,complexity_time,1,search-fcfs,task_completed,0.0
evaluation_11,complexity_time,1,search-fcfs,task_completed,0.0
evaluation_12,complexity_time,1,search-fcfs,task_completed,0.0
evaluation_13,complexity_time,1,search-fcfs,task_completed,0.0
evaluation_14,complexity_time,1,search-fcfs,task_completed,0.0
evaluation_15,complexity_time,1,search-fcfs,task_completed,0.0
evaluation_16,complexity_time,1,search-fcfs,task_completed,0.0
evaluation_17,complexity_time,1,search-fcfs,task_completed,0.0
evaluation_18,complexity_time,1,search-fcfs,task_completed,0.0
evaluation_19,complexity_time,1,search-fcfs,task_completed,0.0
evaluation_20,complexity_time,1,search-fcfs,task_completed,0.0
evaluation_21,complexity_time,1,search-fcfs,task_completed,0.0
evaluation_22,complexity_time,1,search-fcfs,task_completed,0.0
evaluation_23,complexity_time,1,search-fcfs,task_completed,0.0
evaluation_24,complexity_time,1,search-fcfs,task_completed,0.0
evaluation_25,complexity_time,1,search-fcfs,task_completed,0.0
evaluation_26,complexity_time,1,search-fcfs,task_completed,0.0
evaluation_27,complexity_time,1,search-fcfs,task_completed,0.0
evaluation_28,complexity_time,1,search-fcfs,task_completed,0.3333333333333335
evaluation_29,complexity_time,1,search-fcfs,task_completed,0.0
evaluation_30,complexity_time,1,search-fcfs,task_completed,0.0
evaluation_31,complexity_time,1,search-fcfs,task_completed,0.0
evaluation_00,complexity_time,1,search-fcfs,wrong_transactions,-0.6666666666666666
evaluation_01,complexity_time,1,search-fcfs,wrong_transactions,0.0
evaluation_02,complexity_time,1,search-fcfs,wrong_transactions,0.0
evaluation_03,complexity_time,1,search-fcfs,wrong_transactions,0.0
evaluation_04,complexity_time,1,search-fcfs,wrong_transactions,0.0
evaluation_05,complexity_time,1,search-fcfs,wrong_transactions,0.0
evaluation_06,complexity_time,1,search-fcfs,wrong_transactions,0.0
evaluation_07,complexity_time,1,search-fcfs,wrong_transactions,0.0
evaluation_08,complexity_time,1,search-fcfs,wrong_transactions,-0.3333333333333333
evaluation_09,complexity_time,1,search-fcfs,wrong_transactions,0.0
evaluation_10,complexity_time,1,search-fcfs,wrong_transactions,0.0
evaluation_11,complexity_time,1,search-fcfs,wrong_transactions,0.0
evaluation_12,complexity_time,1,search-fcfs,wrong_transactions,0.0
evaluation_13,complexity_time,1,search-fcfs,wrong_transactions,0.0
evaluation_14,complexity_time,1,search-fcfs,wrong_transactions,0.0
evaluation_15,complexity_time,1,search-fcfs,wrong_transactions,0.0
evaluation_16,complexity_time,1,search-fcfs,wrong_transactions,0.0
evaluation_17,complexity_time,1,search-fcfs,wrong_transactions,0.0
evaluation_18,complexity_time,1,search-fcfs,wrong_transactions,0.0
evaluation_19,complexity_time,1,search-fcfs,wrong_transactions,0.0
evaluation_20,complexity_time,1,search-fcfs,wrong_transactions,0.0
evaluation_21,complexity_time,1,search-fcfs,wrong_transactions,0.0
evaluation_22,complexity_time,1,search-fcfs,wrong_transactions,0.0
evaluation_23,complexity_time,1,search-fcfs,wrong_transactions,0.0
evaluation_24,complexity_time,1,search-fcfs,wrong_transactions,0.0
evaluation_25,complexity_time,1,search-fcfs,wrong_transactions,0.0
evaluation_26,complexity_time,1,search-fcfs,wrong_transactions,0.0
evaluation_27,complexity_time,1,search-fcfs,wrong_transactions,0.0
evaluation_28,complexity_time,1,search-fcfs,wrong_transactions,-0.3333333333333333
evaluation_29,complexity_time,1,search-fcfs,wrong_transactions,0.0
evaluation_30,complexity_time,1,search-fcfs,wrong_transactions,0.0
evaluation_31,complexity_time,1,search-fcfs,wrong_transactions,0.0
evaluation_00,complexity_time,1,search-fcfs,review_busy_ticks,0.666666666666667
evaluation_01,complexity_time,1,search-fcfs,review_busy_ticks,0.0
evaluation_02,complexity_time,1,search-fcfs,review_busy_ticks,0.0
evaluation_03,complexity_time,1,search-fcfs,review_busy_ticks,0.0
evaluation_04,complexity_time,1,search-fcfs,review_busy_ticks,0.0
evaluation_05,complexity_time,1,search-fcfs,review_busy_ticks,0.0
evaluation_06,complexity_time,1,search-fcfs,review_busy_ticks,0.0
evaluation_07,complexity_time,1,search-fcfs,review_busy_ticks,0.0
evaluation_08,complexity_time,1,search-fcfs,review_busy_ticks,0.6666666666666665
evaluation_09,complexity_time,1,search-fcfs,review_busy_ticks,0.0
evaluation_10,complexity_time,1,search-fcfs,review_busy_ticks,0.0
evaluation_11,complexity_time,1,search-fcfs,review_busy_ticks,0.0
evaluation_12,complexity_time,1,search-fcfs,review_busy_ticks,0.0
evaluation_13,complexity_time,1,search-fcfs,review_busy_ticks,0.0
evaluation_14,complexity_time,1,search-fcfs,review_busy_ticks,0.0
evaluation_15,complexity_time,1,search-fcfs,review_busy_ticks,0.0
evaluation_16,complexity_time,1,search-fcfs,review_busy_ticks,0.3333333333333335
evaluation_17,complexity_time,1,search-fcfs,review_busy_ticks,0.0
evaluation_18,complexity_time,1,search-fcfs,review_busy_ticks,0.33333333333333304
evaluation_19,complexity_time,1,search-fcfs,review_busy_ticks,0.0
evaluation_20,complexity_time,1,search-fcfs,review_busy_ticks,0.0
evaluation_21,complexity_time,1,search-fcfs,review_busy_ticks,0.0
evaluation_22,complexity_time,1,search-fcfs,review_busy_ticks,0.0
evaluation_23,complexity_time,1,search-fcfs,review_busy_ticks,0.0
evaluation_24,complexity_time,1,search-fcfs,review_busy_ticks,1.0
evaluation_25,complexity_time,1,search-fcfs,review_busy_ticks,0.0
evaluation_26,complexity_time,1,search-fcfs,review_busy_ticks,1.0
evaluation_27,complexity_time,1,search-fcfs,review_busy_ticks,0.3333333333333335
evaluation_28,complexity_time,1,search-fcfs,review_busy_ticks,0.6666666666666665
evaluation_29,complexity_time,1,search-fcfs,review_busy_ticks,0.0
evaluation_30,complexity_time,1,search-fcfs,review_busy_ticks,0.0
evaluation_31,complexity_time,1,search-fcfs,review_busy_ticks,0.0
evaluation_00,complexity_time,1,search-uncertainty,operational_loss,0.0
evaluation_01,complexity_time,1,search-uncertainty,operational_loss,0.0
evaluation_02,complexity_time,1,search-uncertainty,operational_loss,0.0
evaluation_03,complexity_time,1,search-uncertainty,operational_loss,0.0
evaluation_04,complexity_time,1,search-uncertainty,operational_loss,0.0
evaluation_05,complexity_time,1,search-uncertainty,operational_loss,0.0
evaluation_06,complexity_time,1,search-uncertainty,operational_loss,0.0
evaluation_07,complexity_time,1,search-uncertainty,operational_loss,0.0
evaluation_08,complexity_time,1,search-uncertainty,operational_loss,0.0
evaluation_09,complexity_time,1,search-uncertainty,operational_loss,0.0
evaluation_10,complexity_time,1,search-uncertainty,operational_loss,0.0
evaluation_11,complexity_time,1,search-uncertainty,operational_loss,0.0
evaluation_12,complexity_time,1,search-uncertainty,operational_loss,0.0
evaluation_13,complexity_time,1,search-uncertainty,operational_loss,0.0
evaluation_14,complexity_time,1,search-uncertainty,operational_loss,0.0
evaluation_15,complexity_time,1,search-uncertainty,operational_loss,0.0
evaluation_16,complexity_time,1,search-uncertainty,operational_loss,0.0
evaluation_17,complexity_time,1,search-uncertainty,operational_loss,0.0
evaluation_18,complexity_time,1,search-uncertainty,operational_loss,0.0
evaluation_19,complexity_time,1,search-uncertainty,operational_loss,0.0
evaluation_20,complexity_time,1,search-uncertainty,operational_loss,0.0
evaluation_21,complexity_time,1,search-uncertainty,operational_loss,0.0
evaluation_22,complexity_time,1,search-uncertainty,operational_loss,0.0
evaluation_23,complexity_time,1,search-uncertainty,operational_loss,0.0
evaluation_24,complexity_time,1,search-uncertainty,operational_loss,0.0
evaluation_25,complexity_time,1,search-uncertainty,operational_loss,0.0
evaluation_26,complexity_time,1,search-uncertainty,operational_loss,0.0
evaluation_27,complexity_time,1,search-uncertainty,operational_loss,0.0
evaluation_28,complexity_time,1,search-uncertainty,operational_loss,-2.6666666666666665
evaluation_29,complexity_time,1,search-uncertainty,operational_loss,0.0
evaluation_30,complexity_time,1,search-uncertainty,operational_loss,0.0
evaluation_31,complexity_time,1,search-uncertainty,operational_loss,0.0
evaluation_00,complexity_time,1,search-uncertainty,task_completed,0.0
evaluation_01,complexity_time,1,search-uncertainty,task_completed,0.0
evaluation_02,complexity_time,1,search-uncertainty,task_completed,0.0
evaluation_03,complexity_time,1,search-uncertainty,task_completed,0.0
evaluation_04,complexity_time,1,search-uncertainty,task_completed,0.0
evaluation_05,complexity_time,1,search-uncertainty,task_completed,0.0
evaluation_06,complexity_time,1,search-uncertainty,task_completed,0.0
evaluation_07,complexity_time,1,search-uncertainty,task_completed,0.0
evaluation_08,complexity_time,1,search-uncertainty,task_completed,0.0
evaluation_09,complexity_time,1,search-uncertainty,task_completed,0.0
evaluation_10,complexity_time,1,search-uncertainty,task_completed,0.0
evaluation_11,complexity_time,1,search-uncertainty,task_completed,0.0
evaluation_12,complexity_time,1,search-uncertainty,task_completed,0.0
evaluation_13,complexity_time,1,search-uncertainty,task_completed,0.0
evaluation_14,complexity_time,1,search-uncertainty,task_completed,0.0
evaluation_15,complexity_time,1,search-uncertainty,task_completed,0.0
evaluation_16,complexity_time,1,search-uncertainty,task_completed,0.0
evaluation_17,complexity_time,1,search-uncertainty,task_completed,0.0
evaluation_18,complexity_time,1,search-uncertainty,task_completed,0.0
evaluation_19,complexity_time,1,search-uncertainty,task_completed,0.0
evaluation_20,complexity_time,1,search-uncertainty,task_completed,0.0
evaluation_21,complexity_time,1,search-uncertainty,task_completed,0.0
evaluation_22,complexity_time,1,search-uncertainty,task_completed,0.0
evaluation_23,complexity_time,1,search-uncertainty,task_completed,0.0
evaluation_24,complexity_time,1,search-uncertainty,task_completed,0.0
evaluation_25,complexity_time,1,search-uncertainty,task_completed,0.0
evaluation_26,complexity_time,1,search-uncertainty,task_completed,0.0
evaluation_27,complexity_time,1,search-uncertainty,task_completed,0.0
evaluation_28,complexity_time,1,search-uncertainty,task_completed,0.3333333333333335
evaluation_29,complexity_time,1,search-uncertainty,task_completed,0.0
evaluation_30,complexity_time,1,search-uncertainty,task_completed,0.0
evaluation_31,complexity_time,1,search-uncertainty,task_completed,0.0
evaluation_00,complexity_time,1,search-uncertainty,wrong_transactions,0.0
evaluation_01,complexity_time,1,search-uncertainty,wrong_transactions,0.0
evaluation_02,complexity_time,1,search-uncertainty,wrong_transactions,0.0
evaluation_03,complexity_time,1,search-uncertainty,wrong_transactions,0.0
evaluation_04,complexity_time,1,search-uncertainty,wrong_transactions,0.0
evaluation_05,complexity_time,1,search-uncertainty,wrong_transactions,0.0
evaluation_06,complexity_time,1,search-uncertainty,wrong_transactions,0.0
evaluation_07,complexity_time,1,search-uncertainty,wrong_transactions,0.0
evaluation_08,complexity_time,1,search-uncertainty,wrong_transactions,0.0
evaluation_09,complexity_time,1,search-uncertainty,wrong_transactions,0.0
evaluation_10,complexity_time,1,search-uncertainty,wrong_transactions,0.0
evaluation_11,complexity_time,1,search-uncertainty,wrong_transactions,0.0
evaluation_12,complexity_time,1,search-uncertainty,wrong_transactions,0.0
evaluation_13,complexity_time,1,search-uncertainty,wrong_transactions,0.0
evaluation_14,complexity_time,1,search-uncertainty,wrong_transactions,0.0
evaluation_15,complexity_time,1,search-uncertainty,wrong_transactions,0.0
evaluation_16,complexity_time,1,search-uncertainty,wrong_transactions,0.0
evaluation_17,complexity_time,1,search-uncertainty,wrong_transactions,0.0
evaluation_18,complexity_time,1,search-uncertainty,wrong_transactions,0.0
evaluation_19,complexity_time,1,search-uncertainty,wrong_transactions,0.0
evaluation_20,complexity_time,1,search-uncertainty,wrong_transactions,0.0
evaluation_21,complexity_time,1,search-uncertainty,wrong_transactions,0.0
evaluation_22,complexity_time,1,search-uncertainty,wrong_transactions,0.0
evaluation_23,complexity_time,1,search-uncertainty,wrong_transactions,0.0
evaluation_24,complexity_time,1,search-uncertainty,wrong_transactions,0.0
evaluation_25,complexity_time,1,search-uncertainty,wrong_transactions,0.0
evaluation_26,complexity_time,1,search-uncertainty,wrong_transactions,0.0
evaluation_27,complexity_time,1,search-uncertainty,wrong_transactions,0.0
evaluation_28,complexity_time,1,search-uncertainty,wrong_transactions,-0.3333333333333333
evaluation_29,complexity_time,1,search-uncertainty,wrong_transactions,0.0
evaluation_30,complexity_time,1,search-uncertainty,wrong_transactions,0.0
evaluation_31,complexity_time,1,search-uncertainty,wrong_transactions,0.0
evaluation_00,complexity_time,1,search-uncertainty,review_busy_ticks,0.0
evaluation_01,complexity_time,1,search-uncertainty,review_busy_ticks,0.0
evaluation_02,complexity_time,1,search-uncertainty,review_busy_ticks,0.0
evaluation_03,complexity_time,1,search-uncertainty,review_busy_ticks,0.0
evaluation_04,complexity_time,1,search-uncertainty,review_busy_ticks,0.0
evaluation_05,complexity_time,1,search-uncertainty,review_busy_ticks,0.0
evaluation_06,complexity_time,1,search-uncertainty,review_busy_ticks,0.0
evaluation_07,complexity_time,1,search-uncertainty,review_busy_ticks,0.0
evaluation_08,complexity_time,1,search-uncertainty,review_busy_ticks,0.0
evaluation_09,complexity_time,1,search-uncertainty,review_busy_ticks,0.6666666666666665
evaluation_10,complexity_time,1,search-uncertainty,review_busy_ticks,0.0
evaluation_11,complexity_time,1,search-uncertainty,review_busy_ticks,0.3333333333333335
evaluation_12,complexity_time,1,search-uncertainty,review_busy_ticks,0.33333333333333304
evaluation_13,complexity_time,1,search-uncertainty,review_busy_ticks,0.0
evaluation_14,complexity_time,1,search-uncertainty,review_busy_ticks,0.0
evaluation_15,complexity_time,1,search-uncertainty,review_busy_ticks,0.0
evaluation_16,complexity_time,1,search-uncertainty,review_busy_ticks,0.3333333333333335
evaluation_17,complexity_time,1,search-uncertainty,review_busy_ticks,0.0
evaluation_18,complexity_time,1,search-uncertainty,review_busy_ticks,0.33333333333333304
evaluation_19,complexity_time,1,search-uncertainty,review_busy_ticks,0.0
evaluation_20,complexity_time,1,search-uncertainty,review_busy_ticks,0.0
evaluation_21,complexity_time,1,search-uncertainty,review_busy_ticks,1.0
evaluation_22,complexity_time,1,search-uncertainty,review_busy_ticks,0.6666666666666665
evaluation_23,complexity_time,1,search-uncertainty,review_busy_ticks,0.0
evaluation_24,complexity_time,1,search-uncertainty,review_busy_ticks,1.0
evaluation_25,complexity_time,1,search-uncertainty,review_busy_ticks,0.0
evaluation_26,complexity_time,1,search-uncertainty,review_busy_ticks,0.0
evaluation_27,complexity_time,1,search-uncertainty,review_busy_ticks,0.3333333333333335
evaluation_28,complexity_time,1,search-uncertainty,review_busy_ticks,0.6666666666666665
evaluation_29,complexity_time,1,search-uncertainty,review_busy_ticks,0.0
evaluation_30,complexity_time,1,search-uncertainty,review_busy_ticks,0.0
evaluation_31,complexity_time,1,search-uncertainty,review_busy_ticks,0.0
evaluation_00,complexity_time,1,search-no_review,operational_loss,-21.333333333333336
evaluation_01,complexity_time,1,search-no_review,operational_loss,-5.333333333333334
evaluation_02,complexity_time,1,search-no_review,operational_loss,0.0
evaluation_03,complexity_time,1,search-no_review,operational_loss,-12.0
evaluation_04,complexity_time,1,search-no_review,operational_loss,-12.0
evaluation_05,complexity_time,1,search-no_review,operational_loss,-5.333333333333333
evaluation_06,complexity_time,1,search-no_review,operational_loss,0.0
evaluation_07,complexity_time,1,search-no_review,operational_loss,0.0
evaluation_08,complexity_time,1,search-no_review,operational_loss,-2.6666666666666665
evaluation_09,complexity_time,1,search-no_review,operational_loss,-15.999999999999998
evaluation_10,complexity_time,1,search-no_review,operational_loss,0.0
evaluation_11,complexity_time,1,search-no_review,operational_loss,-5.333333333333334
evaluation_12,complexity_time,1,search-no_review,operational_loss,-5.333333333333334
evaluation_13,complexity_time,1,search-no_review,operational_loss,-8.0
evaluation_14,complexity_time,1,search-no_review,operational_loss,-28.0
evaluation_15,complexity_time,1,search-no_review,operational_loss,-5.333333333333334
evaluation_16,complexity_time,1,search-no_review,operational_loss,-4.0
evaluation_17,complexity_time,1,search-no_review,operational_loss,0.0
evaluation_18,complexity_time,1,search-no_review,operational_loss,-4.0
evaluation_19,complexity_time,1,search-no_review,operational_loss,0.0
evaluation_20,complexity_time,1,search-no_review,operational_loss,0.0
evaluation_21,complexity_time,1,search-no_review,operational_loss,-12.0
evaluation_22,complexity_time,1,search-no_review,operational_loss,-15.999999999999998
evaluation_23,complexity_time,1,search-no_review,operational_loss,0.0
evaluation_24,complexity_time,1,search-no_review,operational_loss,0.0
evaluation_25,complexity_time,1,search-no_review,operational_loss,-12.0
evaluation_26,complexity_time,1,search-no_review,operational_loss,0.0
evaluation_27,complexity_time,1,search-no_review,operational_loss,0.0
evaluation_28,complexity_time,1,search-no_review,operational_loss,-13.333333333333334
evaluation_29,complexity_time,1,search-no_review,operational_loss,0.0
evaluation_30,complexity_time,1,search-no_review,operational_loss,0.0
evaluation_31,complexity_time,1,search-no_review,operational_loss,0.0
evaluation_00,complexity_time,1,search-no_review,task_completed,1.6666666666666665
evaluation_01,complexity_time,1,search-no_review,task_completed,0.6666666666666667
evaluation_02,complexity_time,1,search-no_review,task_completed,0.0
evaluation_03,complexity_time,1,search-no_review,task_completed,1.0
evaluation_04,complexity_time,1,search-no_review,task_completed,0.9999999999999998
evaluation_05,complexity_time,1,search-no_review,task_completed,0.6666666666666667
evaluation_06,complexity_time,1,search-no_review,task_completed,0.0
evaluation_07,complexity_time,1,search-no_review,task_completed,0.0
evaluation_08,complexity_time,1,search-no_review,task_completed,0.3333333333333335
evaluation_09,complexity_time,1,search-no_review,task_completed,1.6666666666666665
evaluation_10,complexity_time,1,search-no_review,task_completed,0.0
evaluation_11,complexity_time,1,search-no_review,task_completed,0.3333333333333335
evaluation_12,complexity_time,1,search-no_review,task_completed,0.3333333333333335
evaluation_13,complexity_time,1,search-no_review,task_completed,0.9999999999999998
evaluation_14,complexity_time,1,search-no_review,task_completed,2.0
evaluation_15,complexity_time,1,search-no_review,task_completed,0.6666666666666665
evaluation_16,complexity_time,1,search-no_review,task_completed,0.33333333333333326
evaluation_17,complexity_time,1,search-no_review,task_completed,0.0
evaluation_18,complexity_time,1,search-no_review,task_completed,0.3333333333333335
evaluation_19,complexity_time,1,search-no_review,task_completed,0.0
evaluation_20,complexity_time,1,search-no_review,task_completed,0.0
evaluation_21,complexity_time,1,search-no_review,task_completed,1.0
evaluation_22,complexity_time,1,search-no_review,task_completed,0.9999999999999998
evaluation_23,complexity_time,1,search-no_review,task_completed,0.0
evaluation_24,complexity_time,1,search-no_review,task_completed,0.0
evaluation_25,complexity_time,1,search-no_review,task_completed,1.3333333333333333
evaluation_26,complexity_time,1,search-no_review,task_completed,0.0
evaluation_27,complexity_time,1,search-no_review,task_completed,0.0
evaluation_28,complexity_time,1,search-no_review,task_completed,1.3333333333333335
evaluation_29,complexity_time,1,search-no_review,task_completed,0.0
evaluation_30,complexity_time,1,search-no_review,task_completed,0.0
evaluation_31,complexity_time,1,search-no_review,task_completed,0.0
evaluation_00,complexity_time,1,search-no_review,wrong_transactions,-1.6666666666666667
evaluation_01,complexity_time,1,search-no_review,wrong_transactions,-0.6666666666666666
evaluation_02,complexity_time,1,search-no_review,wrong_transactions,0.0
evaluation_03,complexity_time,1,search-no_review,wrong_transactions,-1.0
evaluation_04,complexity_time,1,search-no_review,wrong_transactions,-1.0
evaluation_05,complexity_time,1,search-no_review,wrong_transactions,-0.6666666666666666
evaluation_06,complexity_time,1,search-no_review,wrong_transactions,0.0
evaluation_07,complexity_time,1,search-no_review,wrong_transactions,0.0
evaluation_08,complexity_time,1,search-no_review,wrong_transactions,-0.3333333333333333
evaluation_09,complexity_time,1,search-no_review,wrong_transactions,-1.6666666666666667
evaluation_10,complexity_time,1,search-no_review,wrong_transactions,0.0
evaluation_11,complexity_time,1,search-no_review,wrong_transactions,-0.3333333333333333
evaluation_12,complexity_time,1,search-no_review,wrong_transactions,-0.3333333333333333
evaluation_13,complexity_time,1,search-no_review,wrong_transactions,-1.0
evaluation_14,complexity_time,1,search-no_review,wrong_transactions,-2.0
evaluation_15,complexity_time,1,search-no_review,wrong_transactions,-0.6666666666666666
evaluation_16,complexity_time,1,search-no_review,wrong_transactions,-0.3333333333333333
evaluation_17,complexity_time,1,search-no_review,wrong_transactions,0.0
evaluation_18,complexity_time,1,search-no_review,wrong_transactions,-0.3333333333333333
evaluation_19,complexity_time,1,search-no_review,wrong_transactions,0.0
evaluation_20,complexity_time,1,search-no_review,wrong_transactions,0.0
evaluation_21,complexity_time,1,search-no_review,wrong_transactions,-1.0
evaluation_22,complexity_time,1,search-no_review,wrong_transactions,-1.0
evaluation_23,complexity_time,1,search-no_review,wrong_transactions,0.0
evaluation_24,complexity_time,1,search-no_review,wrong_transactions,0.0
evaluation_25,complexity_time,1,search-no_review,wrong_transactions,-1.3333333333333333
evaluation_26,complexity_time,1,search-no_review,wrong_transactions,0.0
evaluation_27,complexity_time,1,search-no_review,wrong_transactions,0.0
evaluation_28,complexity_time,1,search-no_review,wrong_transactions,-1.3333333333333333
evaluation_29,complexity_time,1,search-no_review,wrong_transactions,0.0
evaluation_30,complexity_time,1,search-no_review,wrong_transactions,0.0
evaluation_31,complexity_time,1,search-no_review,wrong_transactions,0.0
evaluation_00,complexity_time,1,search-no_review,review_busy_ticks,3.3333333333333335
evaluation_01,complexity_time,1,search-no_review,review_busy_ticks,2.0
evaluation_02,complexity_time,1,search-no_review,review_busy_ticks,2.0
evaluation_03,complexity_time,1,search-no_review,review_busy_ticks,3.0
evaluation_04,complexity_time,1,search-no_review,review_busy_ticks,2.6666666666666665
evaluation_05,complexity_time,1,search-no_review,review_busy_ticks,2.0
evaluation_06,complexity_time,1,search-no_review,review_busy_ticks,3.0
evaluation_07,complexity_time,1,search-no_review,review_busy_ticks,2.3333333333333335
evaluation_08,complexity_time,1,search-no_review,review_busy_ticks,2.6666666666666665
evaluation_09,complexity_time,1,search-no_review,review_busy_ticks,2.6666666666666665
evaluation_10,complexity_time,1,search-no_review,review_busy_ticks,3.0
evaluation_11,complexity_time,1,search-no_review,review_busy_ticks,2.3333333333333335
evaluation_12,complexity_time,1,search-no_review,review_busy_ticks,2.6666666666666665
evaluation_13,complexity_time,1,search-no_review,review_busy_ticks,2.6666666666666665
evaluation_14,complexity_time,1,search-no_review,review_busy_ticks,2.3333333333333335
evaluation_15,complexity_time,1,search-no_review,review_busy_ticks,2.6666666666666665
evaluation_16,complexity_time,1,search-no_review,review_busy_ticks,2.3333333333333335
evaluation_17,complexity_time,1,search-no_review,review_busy_ticks,2.0
evaluation_18,complexity_time,1,search-no_review,review_busy_ticks,2.6666666666666665
evaluation_19,complexity_time,1,search-no_review,review_busy_ticks,3.0
evaluation_20,complexity_time,1,search-no_review,review_busy_ticks,2.0
evaluation_21,complexity_time,1,search-no_review,review_busy_ticks,3.0
evaluation_22,complexity_time,1,search-no_review,review_busy_ticks,2.6666666666666665
evaluation_23,complexity_time,1,search-no_review,review_busy_ticks,3.0
evaluation_24,complexity_time,1,search-no_review,review_busy_ticks,4.0
evaluation_25,complexity_time,1,search-no_review,review_busy_ticks,2.6666666666666665
evaluation_26,complexity_time,1,search-no_review,review_busy_ticks,4.0
evaluation_27,complexity_time,1,search-no_review,review_busy_ticks,3.3333333333333335
evaluation_28,complexity_time,1,search-no_review,review_busy_ticks,2.6666666666666665
evaluation_29,complexity_time,1,search-no_review,review_busy_ticks,1.3333333333333333
evaluation_30,complexity_time,1,search-no_review,review_busy_ticks,2.0
evaluation_31,complexity_time,1,search-no_review,review_busy_ticks,2.6666666666666665
evaluation_00,complexity_time,2,search-greedy,operational_loss,0.0
evaluation_01,complexity_time,2,search-greedy,operational_loss,0.0
evaluation_02,complexity_time,2,search-greedy,operational_loss,0.0
evaluation_03,complexity_time,2,search-greedy,operational_loss,0.0
evaluation_04,complexity_time,2,search-greedy,operational_loss,0.0
evaluation_05,complexity_time,2,search-greedy,operational_loss,0.0
evaluation_06,complexity_time,2,search-greedy,operational_loss,0.0
evaluation_07,complexity_time,2,search-greedy,operational_loss,0.0
evaluation_08,complexity_time,2,search-greedy,operational_loss,0.0
evaluation_09,complexity_time,2,search-greedy,operational_loss,8.0
evaluation_10,complexity_time,2,search-greedy,operational_loss,0.0
evaluation_11,complexity_time,2,search-greedy,operational_loss,5.333333333333334
evaluation_12,complexity_time,2,search-greedy,operational_loss,5.333333333333334
evaluation_13,complexity_time,2,search-greedy,operational_loss,0.0
evaluation_14,complexity_time,2,search-greedy,operational_loss,0.0
evaluation_15,complexity_time,2,search-greedy,operational_loss,0.0
evaluation_16,complexity_time,2,search-greedy,operational_loss,0.0
evaluation_17,complexity_time,2,search-greedy,operational_loss,0.0
evaluation_18,complexity_time,2,search-greedy,operational_loss,0.0
evaluation_19,complexity_time,2,search-greedy,operational_loss,0.0
evaluation_20,complexity_time,2,search-greedy,operational_loss,0.0
evaluation_21,complexity_time,2,search-greedy,operational_loss,0.0
evaluation_22,complexity_time,2,search-greedy,operational_loss,0.0
evaluation_23,complexity_time,2,search-greedy,operational_loss,0.0
evaluation_24,complexity_time,2,search-greedy,operational_loss,0.0
evaluation_25,complexity_time,2,search-greedy,operational_loss,0.0
evaluation_26,complexity_time,2,search-greedy,operational_loss,0.0
evaluation_27,complexity_time,2,search-greedy,operational_loss,0.0
evaluation_28,complexity_time,2,search-greedy,operational_loss,-2.666666666666667
evaluation_29,complexity_time,2,search-greedy,operational_loss,0.0
evaluation_30,complexity_time,2,search-greedy,operational_loss,0.0
evaluation_31,complexity_time,2,search-greedy,operational_loss,0.0
evaluation_00,complexity_time,2,search-greedy,task_completed,0.0
evaluation_01,complexity_time,2,search-greedy,task_completed,0.0
evaluation_02,complexity_time,2,search-greedy,task_completed,0.0
evaluation_03,complexity_time,2,search-greedy,task_completed,0.0
evaluation_04,complexity_time,2,search-greedy,task_completed,0.0
evaluation_05,complexity_time,2,search-greedy,task_completed,0.0
evaluation_06,complexity_time,2,search-greedy,task_completed,0.0
evaluation_07,complexity_time,2,search-greedy,task_completed,0.0
evaluation_08,complexity_time,2,search-greedy,task_completed,0.0
evaluation_09,complexity_time,2,search-greedy,task_completed,-0.6666666666666665
evaluation_10,complexity_time,2,search-greedy,task_completed,0.0
evaluation_11,complexity_time,2,search-greedy,task_completed,-0.3333333333333335
evaluation_12,complexity_time,2,search-greedy,task_completed,-0.3333333333333335
evaluation_13,complexity_time,2,search-greedy,task_completed,0.0
evaluation_14,complexity_time,2,search-greedy,task_completed,0.0
evaluation_15,complexity_time,2,search-greedy,task_completed,0.0
evaluation_16,complexity_time,2,search-greedy,task_completed,0.0
evaluation_17,complexity_time,2,search-greedy,task_completed,0.0
evaluation_18,complexity_time,2,search-greedy,task_completed,0.0
evaluation_19,complexity_time,2,search-greedy,task_completed,0.0
evaluation_20,complexity_time,2,search-greedy,task_completed,0.0
evaluation_21,complexity_time,2,search-greedy,task_completed,0.0
evaluation_22,complexity_time,2,search-greedy,task_completed,0.0
evaluation_23,complexity_time,2,search-greedy,task_completed,0.0
evaluation_24,complexity_time,2,search-greedy,task_completed,0.0
evaluation_25,complexity_time,2,search-greedy,task_completed,0.0
evaluation_26,complexity_time,2,search-greedy,task_completed,0.0
evaluation_27,complexity_time,2,search-greedy,task_completed,0.0
evaluation_28,complexity_time,2,search-greedy,task_completed,0.33333333333333326
evaluation_29,complexity_time,2,search-greedy,task_completed,0.0
evaluation_30,complexity_time,2,search-greedy,task_completed,0.0
evaluation_31,complexity_time,2,search-greedy,task_completed,0.0
evaluation_00,complexity_time,2,search-greedy,wrong_transactions,0.0
evaluation_01,complexity_time,2,search-greedy,wrong_transactions,0.0
evaluation_02,complexity_time,2,search-greedy,wrong_transactions,0.0
evaluation_03,complexity_time,2,search-greedy,wrong_transactions,0.0
evaluation_04,complexity_time,2,search-greedy,wrong_transactions,0.0
evaluation_05,complexity_time,2,search-greedy,wrong_transactions,0.0
evaluation_06,complexity_time,2,search-greedy,wrong_transactions,0.0
evaluation_07,complexity_time,2,search-greedy,wrong_transactions,0.0
evaluation_08,complexity_time,2,search-greedy,wrong_transactions,0.0
evaluation_09,complexity_time,2,search-greedy,wrong_transactions,0.6666666666666666
evaluation_10,complexity_time,2,search-greedy,wrong_transactions,0.0
evaluation_11,complexity_time,2,search-greedy,wrong_transactions,0.3333333333333333
evaluation_12,complexity_time,2,search-greedy,wrong_transactions,0.3333333333333333
evaluation_13,complexity_time,2,search-greedy,wrong_transactions,0.0
evaluation_14,complexity_time,2,search-greedy,wrong_transactions,0.0
evaluation_15,complexity_time,2,search-greedy,wrong_transactions,0.0
evaluation_16,complexity_time,2,search-greedy,wrong_transactions,0.0
evaluation_17,complexity_time,2,search-greedy,wrong_transactions,0.0
evaluation_18,complexity_time,2,search-greedy,wrong_transactions,0.0
evaluation_19,complexity_time,2,search-greedy,wrong_transactions,0.0
evaluation_20,complexity_time,2,search-greedy,wrong_transactions,0.0
evaluation_21,complexity_time,2,search-greedy,wrong_transactions,0.0
evaluation_22,complexity_time,2,search-greedy,wrong_transactions,0.0
evaluation_23,complexity_time,2,search-greedy,wrong_transactions,0.0
evaluation_24,complexity_time,2,search-greedy,wrong_transactions,0.0
evaluation_25,complexity_time,2,search-greedy,wrong_transactions,0.0
evaluation_26,complexity_time,2,search-greedy,wrong_transactions,0.0
evaluation_27,complexity_time,2,search-greedy,wrong_transactions,0.0
evaluation_28,complexity_time,2,search-greedy,wrong_transactions,-0.3333333333333333
evaluation_29,complexity_time,2,search-greedy,wrong_transactions,0.0
evaluation_30,complexity_time,2,search-greedy,wrong_transactions,0.0
evaluation_31,complexity_time,2,search-greedy,wrong_transactions,0.0
evaluation_00,complexity_time,2,search-greedy,review_busy_ticks,0.0
evaluation_01,complexity_time,2,search-greedy,review_busy_ticks,0.0
evaluation_02,complexity_time,2,search-greedy,review_busy_ticks,0.0
evaluation_03,complexity_time,2,search-greedy,review_busy_ticks,0.0
evaluation_04,complexity_time,2,search-greedy,review_busy_ticks,1.333333333333333
evaluation_05,complexity_time,2,search-greedy,review_busy_ticks,0.0
evaluation_06,complexity_time,2,search-greedy,review_busy_ticks,0.0
evaluation_07,complexity_time,2,search-greedy,review_busy_ticks,0.0
evaluation_08,complexity_time,2,search-greedy,review_busy_ticks,0.0
evaluation_09,complexity_time,2,search-greedy,review_busy_ticks,0.6666666666666665
evaluation_10,complexity_time,2,search-greedy,review_busy_ticks,2.0
evaluation_11,complexity_time,2,search-greedy,review_busy_ticks,1.3333333333333335
evaluation_12,complexity_time,2,search-greedy,review_busy_ticks,1.0
evaluation_13,complexity_time,2,search-greedy,review_busy_ticks,0.0
evaluation_14,complexity_time,2,search-greedy,review_busy_ticks,0.0
evaluation_15,complexity_time,2,search-greedy,review_busy_ticks,1.333333333333333
evaluation_16,complexity_time,2,search-greedy,review_busy_ticks,0.6666666666666665
evaluation_17,complexity_time,2,search-greedy,review_busy_ticks,0.0
evaluation_18,complexity_time,2,search-greedy,review_busy_ticks,0.0
evaluation_19,complexity_time,2,search-greedy,review_busy_ticks,0.0
evaluation_20,complexity_time,2,search-greedy,review_busy_ticks,0.0
evaluation_21,complexity_time,2,search-greedy,review_busy_ticks,0.0
evaluation_22,complexity_time,2,search-greedy,review_busy_ticks,1.333333333333333
evaluation_23,complexity_time,2,search-greedy,review_busy_ticks,2.0
evaluation_24,complexity_time,2,search-greedy,review_busy_ticks,0.0
evaluation_25,complexity_time,2,search-greedy,review_busy_ticks,1.333333333333333
evaluation_26,complexity_time,2,search-greedy,review_busy_ticks,0.0
evaluation_27,complexity_time,2,search-greedy,review_busy_ticks,0.6666666666666665
evaluation_28,complexity_time,2,search-greedy,review_busy_ticks,0.0
evaluation_29,complexity_time,2,search-greedy,review_busy_ticks,0.0
evaluation_30,complexity_time,2,search-greedy,review_busy_ticks,2.0
evaluation_31,complexity_time,2,search-greedy,review_busy_ticks,0.6666666666666665
evaluation_00,complexity_time,2,search-edf,operational_loss,0.0
evaluation_01,complexity_time,2,search-edf,operational_loss,0.0
evaluation_02,complexity_time,2,search-edf,operational_loss,0.0
evaluation_03,complexity_time,2,search-edf,operational_loss,-12.0
evaluation_04,complexity_time,2,search-edf,operational_loss,0.0
evaluation_05,complexity_time,2,search-edf,operational_loss,0.0
evaluation_06,complexity_time,2,search-edf,operational_loss,0.0
evaluation_07,complexity_time,2,search-edf,operational_loss,0.0
evaluation_08,complexity_time,2,search-edf,operational_loss,0.0
evaluation_09,complexity_time,2,search-edf,operational_loss,0.0
evaluation_10,complexity_time,2,search-edf,operational_loss,0.0
evaluation_11,complexity_time,2,search-edf,operational_loss,0.0
evaluation_12,complexity_time,2,search-edf,operational_loss,0.0
evaluation_13,complexity_time,2,search-edf,operational_loss,0.0
evaluation_14,complexity_time,2,search-edf,operational_loss,-4.0
evaluation_15,complexity_time,2,search-edf,operational_loss,0.0
evaluation_16,complexity_time,2,search-edf,operational_loss,0.0
evaluation_17,complexity_time,2,search-edf,operational_loss,0.0
evaluation_18,complexity_time,2,search-edf,operational_loss,0.0
evaluation_19,complexity_time,2,search-edf,operational_loss,0.0
evaluation_20,complexity_time,2,search-edf,operational_loss,0.0
evaluation_21,complexity_time,2,search-edf,operational_loss,-12.0
evaluation_22,complexity_time,2,search-edf,operational_loss,0.0
evaluation_23,complexity_time,2,search-edf,operational_loss,0.0
evaluation_24,complexity_time,2,search-edf,operational_loss,0.0
evaluation_25,complexity_time,2,search-edf,operational_loss,0.0
evaluation_26,complexity_time,2,search-edf,operational_loss,0.0
evaluation_27,complexity_time,2,search-edf,operational_loss,0.0
evaluation_28,complexity_time,2,search-edf,operational_loss,0.0
evaluation_29,complexity_time,2,search-edf,operational_loss,0.0
evaluation_30,complexity_time,2,search-edf,operational_loss,0.0
evaluation_31,complexity_time,2,search-edf,operational_loss,0.0
evaluation_00,complexity_time,2,search-edf,task_completed,0.0
evaluation_01,complexity_time,2,search-edf,task_completed,0.0
evaluation_02,complexity_time,2,search-edf,task_completed,0.0
evaluation_03,complexity_time,2,search-edf,task_completed,1.0
evaluation_04,complexity_time,2,search-edf,task_completed,0.0
evaluation_05,complexity_time,2,search-edf,task_completed,0.0
evaluation_06,complexity_time,2,search-edf,task_completed,0.0
evaluation_07,complexity_time,2,search-edf,task_completed,0.0
evaluation_08,complexity_time,2,search-edf,task_completed,0.0
evaluation_09,complexity_time,2,search-edf,task_completed,0.0
evaluation_10,complexity_time,2,search-edf,task_completed,0.0
evaluation_11,complexity_time,2,search-edf,task_completed,0.0
evaluation_12,complexity_time,2,search-edf,task_completed,0.0
evaluation_13,complexity_time,2,search-edf,task_completed,0.0
evaluation_14,complexity_time,2,search-edf,task_completed,0.3333333333333335
evaluation_15,complexity_time,2,search-edf,task_completed,0.0
evaluation_16,complexity_time,2,search-edf,task_completed,0.0
evaluation_17,complexity_time,2,search-edf,task_completed,0.0
evaluation_18,complexity_time,2,search-edf,task_completed,0.0
evaluation_19,complexity_time,2,search-edf,task_completed,0.0
evaluation_20,complexity_time,2,search-edf,task_completed,0.0
evaluation_21,complexity_time,2,search-edf,task_completed,1.0
evaluation_22,complexity_time,2,search-edf,task_completed,0.0
evaluation_23,complexity_time,2,search-edf,task_completed,0.0
evaluation_24,complexity_time,2,search-edf,task_completed,0.0
evaluation_25,complexity_time,2,search-edf,task_completed,0.0
evaluation_26,complexity_time,2,search-edf,task_completed,0.0
evaluation_27,complexity_time,2,search-edf,task_completed,0.0
evaluation_28,complexity_time,2,search-edf,task_completed,0.0
evaluation_29,complexity_time,2,search-edf,task_completed,0.0
evaluation_30,complexity_time,2,search-edf,task_completed,0.0
evaluation_31,complexity_time,2,search-edf,task_completed,0.0
evaluation_00,complexity_time,2,search-edf,wrong_transactions,0.0
evaluation_01,complexity_time,2,search-edf,wrong_transactions,0.0
evaluation_02,complexity_time,2,search-edf,wrong_transactions,0.0
evaluation_03,complexity_time,2,search-edf,wrong_transactions,-1.0
evaluation_04,complexity_time,2,search-edf,wrong_transactions,0.0
evaluation_05,complexity_time,2,search-edf,wrong_transactions,0.0
evaluation_06,complexity_time,2,search-edf,wrong_transactions,0.0
evaluation_07,complexity_time,2,search-edf,wrong_transactions,0.0
evaluation_08,complexity_time,2,search-edf,wrong_transactions,0.0
evaluation_09,complexity_time,2,search-edf,wrong_transactions,0.0
evaluation_10,complexity_time,2,search-edf,wrong_transactions,0.0
evaluation_11,complexity_time,2,search-edf,wrong_transactions,0.0
evaluation_12,complexity_time,2,search-edf,wrong_transactions,0.0
evaluation_13,complexity_time,2,search-edf,wrong_transactions,0.0
evaluation_14,complexity_time,2,search-edf,wrong_transactions,-0.3333333333333333
evaluation_15,complexity_time,2,search-edf,wrong_transactions,0.0
evaluation_16,complexity_time,2,search-edf,wrong_transactions,0.0
evaluation_17,complexity_time,2,search-edf,wrong_transactions,0.0
evaluation_18,complexity_time,2,search-edf,wrong_transactions,0.0
evaluation_19,complexity_time,2,search-edf,wrong_transactions,0.0
evaluation_20,complexity_time,2,search-edf,wrong_transactions,0.0
evaluation_21,complexity_time,2,search-edf,wrong_transactions,-1.0
evaluation_22,complexity_time,2,search-edf,wrong_transactions,0.0
evaluation_23,complexity_time,2,search-edf,wrong_transactions,0.0
evaluation_24,complexity_time,2,search-edf,wrong_transactions,0.0
evaluation_25,complexity_time,2,search-edf,wrong_transactions,0.0
evaluation_26,complexity_time,2,search-edf,wrong_transactions,0.0
evaluation_27,complexity_time,2,search-edf,wrong_transactions,0.0
evaluation_28,complexity_time,2,search-edf,wrong_transactions,0.0
evaluation_29,complexity_time,2,search-edf,wrong_transactions,0.0
evaluation_30,complexity_time,2,search-edf,wrong_transactions,0.0
evaluation_31,complexity_time,2,search-edf,wrong_transactions,0.0
evaluation_00,complexity_time,2,search-edf,review_busy_ticks,0.0
evaluation_01,complexity_time,2,search-edf,review_busy_ticks,0.0
evaluation_02,complexity_time,2,search-edf,review_busy_ticks,0.0
evaluation_03,complexity_time,2,search-edf,review_busy_ticks,0.0
evaluation_04,complexity_time,2,search-edf,review_busy_ticks,0.0
evaluation_05,complexity_time,2,search-edf,review_busy_ticks,0.0
evaluation_06,complexity_time,2,search-edf,review_busy_ticks,0.0
evaluation_07,complexity_time,2,search-edf,review_busy_ticks,0.0
evaluation_08,complexity_time,2,search-edf,review_busy_ticks,0.0
evaluation_09,complexity_time,2,search-edf,review_busy_ticks,0.0
evaluation_10,complexity_time,2,search-edf,review_busy_ticks,0.0
evaluation_11,complexity_time,2,search-edf,review_busy_ticks,0.0
evaluation_12,complexity_time,2,search-edf,review_busy_ticks,0.0
evaluation_13,complexity_time,2,search-edf,review_busy_ticks,0.0
evaluation_14,complexity_time,2,search-edf,review_busy_ticks,0.0
evaluation_15,complexity_time,2,search-edf,review_busy_ticks,0.0
evaluation_16,complexity_time,2,search-edf,review_busy_ticks,0.0
evaluation_17,complexity_time,2,search-edf,review_busy_ticks,0.0
evaluation_18,complexity_time,2,search-edf,review_busy_ticks,0.0
evaluation_19,complexity_time,2,search-edf,review_busy_ticks,0.0
evaluation_20,complexity_time,2,search-edf,review_busy_ticks,0.0
evaluation_21,complexity_time,2,search-edf,review_busy_ticks,0.0
evaluation_22,complexity_time,2,search-edf,review_busy_ticks,0.0
evaluation_23,complexity_time,2,search-edf,review_busy_ticks,0.0
evaluation_24,complexity_time,2,search-edf,review_busy_ticks,0.0
evaluation_25,complexity_time,2,search-edf,review_busy_ticks,0.0
evaluation_26,complexity_time,2,search-edf,review_busy_ticks,0.0
evaluation_27,complexity_time,2,search-edf,review_busy_ticks,0.0
evaluation_28,complexity_time,2,search-edf,review_busy_ticks,0.0
evaluation_29,complexity_time,2,search-edf,review_busy_ticks,0.0
evaluation_30,complexity_time,2,search-edf,review_busy_ticks,0.0
evaluation_31,complexity_time,2,search-edf,review_busy_ticks,0.0
evaluation_00,complexity_time,2,search-fcfs,operational_loss,-5.333333333333336
evaluation_01,complexity_time,2,search-fcfs,operational_loss,0.0
evaluation_02,complexity_time,2,search-fcfs,operational_loss,0.0
evaluation_03,complexity_time,2,search-fcfs,operational_loss,-12.0
evaluation_04,complexity_time,2,search-fcfs,operational_loss,0.0
evaluation_05,complexity_time,2,search-fcfs,operational_loss,0.0
evaluation_06,complexity_time,2,search-fcfs,operational_loss,0.0
evaluation_07,complexity_time,2,search-fcfs,operational_loss,0.0
evaluation_08,complexity_time,2,search-fcfs,operational_loss,0.0
evaluation_09,complexity_time,2,search-fcfs,operational_loss,0.0
evaluation_10,complexity_time,2,search-fcfs,operational_loss,0.0
evaluation_11,complexity_time,2,search-fcfs,operational_loss,0.0
evaluation_12,complexity_time,2,search-fcfs,operational_loss,0.0
evaluation_13,complexity_time,2,search-fcfs,operational_loss,0.0
evaluation_14,complexity_time,2,search-fcfs,operational_loss,-4.0
evaluation_15,complexity_time,2,search-fcfs,operational_loss,0.0
evaluation_16,complexity_time,2,search-fcfs,operational_loss,0.0
evaluation_17,complexity_time,2,search-fcfs,operational_loss,0.0
evaluation_18,complexity_time,2,search-fcfs,operational_loss,0.0
evaluation_19,complexity_time,2,search-fcfs,operational_loss,0.0
evaluation_20,complexity_time,2,search-fcfs,operational_loss,0.0
evaluation_21,complexity_time,2,search-fcfs,operational_loss,-12.0
evaluation_22,complexity_time,2,search-fcfs,operational_loss,0.0
evaluation_23,complexity_time,2,search-fcfs,operational_loss,0.0
evaluation_24,complexity_time,2,search-fcfs,operational_loss,0.0
evaluation_25,complexity_time,2,search-fcfs,operational_loss,-8.0
evaluation_26,complexity_time,2,search-fcfs,operational_loss,0.0
evaluation_27,complexity_time,2,search-fcfs,operational_loss,0.0
evaluation_28,complexity_time,2,search-fcfs,operational_loss,-2.666666666666667
evaluation_29,complexity_time,2,search-fcfs,operational_loss,0.0
evaluation_30,complexity_time,2,search-fcfs,operational_loss,0.0
evaluation_31,complexity_time,2,search-fcfs,operational_loss,0.0
evaluation_00,complexity_time,2,search-fcfs,task_completed,0.6666666666666667
evaluation_01,complexity_time,2,search-fcfs,task_completed,0.0
evaluation_02,complexity_time,2,search-fcfs,task_completed,0.0
evaluation_03,complexity_time,2,search-fcfs,task_completed,1.0
evaluation_04,complexity_time,2,search-fcfs,task_completed,0.0
evaluation_05,complexity_time,2,search-fcfs,task_completed,0.0
evaluation_06,complexity_time,2,search-fcfs,task_completed,0.0
evaluation_07,complexity_time,2,search-fcfs,task_completed,0.0
evaluation_08,complexity_time,2,search-fcfs,task_completed,0.0
evaluation_09,complexity_time,2,search-fcfs,task_completed,0.0
evaluation_10,complexity_time,2,search-fcfs,task_completed,0.0
evaluation_11,complexity_time,2,search-fcfs,task_completed,0.0
evaluation_12,complexity_time,2,search-fcfs,task_completed,0.0
evaluation_13,complexity_time,2,search-fcfs,task_completed,0.0
evaluation_14,complexity_time,2,search-fcfs,task_completed,0.3333333333333335
evaluation_15,complexity_time,2,search-fcfs,task_completed,0.0
evaluation_16,complexity_time,2,search-fcfs,task_completed,0.0
evaluation_17,complexity_time,2,search-fcfs,task_completed,0.0
evaluation_18,complexity_time,2,search-fcfs,task_completed,0.0
evaluation_19,complexity_time,2,search-fcfs,task_completed,0.0
evaluation_20,complexity_time,2,search-fcfs,task_completed,0.0
evaluation_21,complexity_time,2,search-fcfs,task_completed,1.0
evaluation_22,complexity_time,2,search-fcfs,task_completed,0.0
evaluation_23,complexity_time,2,search-fcfs,task_completed,0.0
evaluation_24,complexity_time,2,search-fcfs,task_completed,0.0
evaluation_25,complexity_time,2,search-fcfs,task_completed,0.9999999999999998
evaluation_26,complexity_time,2,search-fcfs,task_completed,0.0
evaluation_27,complexity_time,2,search-fcfs,task_completed,0.0
evaluation_28,complexity_time,2,search-fcfs,task_completed,0.33333333333333326
evaluation_29,complexity_time,2,search-fcfs,task_completed,0.0
evaluation_30,complexity_time,2,search-fcfs,task_completed,0.0
evaluation_31,complexity_time,2,search-fcfs,task_completed,0.0
evaluation_00,complexity_time,2,search-fcfs,wrong_transactions,-0.6666666666666667
evaluation_01,complexity_time,2,search-fcfs,wrong_transactions,0.0
evaluation_02,complexity_time,2,search-fcfs,wrong_transactions,0.0
evaluation_03,complexity_time,2,search-fcfs,wrong_transactions,-1.0
evaluation_04,complexity_time,2,search-fcfs,wrong_transactions,0.0
evaluation_05,complexity_time,2,search-fcfs,wrong_transactions,0.0
evaluation_06,complexity_time,2,search-fcfs,wrong_transactions,0.0
evaluation_07,complexity_time,2,search-fcfs,wrong_transactions,0.0
evaluation_08,complexity_time,2,search-fcfs,wrong_transactions,0.0
evaluation_09,complexity_time,2,search-fcfs,wrong_transactions,0.0
evaluation_10,complexity_time,2,search-fcfs,wrong_transactions,0.0
evaluation_11,complexity_time,2,search-fcfs,wrong_transactions,0.0
evaluation_12,complexity_time,2,search-fcfs,wrong_transactions,0.0
evaluation_13,complexity_time,2,search-fcfs,wrong_transactions,0.0
evaluation_14,complexity_time,2,search-fcfs,wrong_transactions,-0.3333333333333333
evaluation_15,complexity_time,2,search-fcfs,wrong_transactions,0.0
evaluation_16,complexity_time,2,search-fcfs,wrong_transactions,0.0
evaluation_17,complexity_time,2,search-fcfs,wrong_transactions,0.0
evaluation_18,complexity_time,2,search-fcfs,wrong_transactions,0.0
evaluation_19,complexity_time,2,search-fcfs,wrong_transactions,0.0
evaluation_20,complexity_time,2,search-fcfs,wrong_transactions,0.0
evaluation_21,complexity_time,2,search-fcfs,wrong_transactions,-1.0
evaluation_22,complexity_time,2,search-fcfs,wrong_transactions,0.0
evaluation_23,complexity_time,2,search-fcfs,wrong_transactions,0.0
evaluation_24,complexity_time,2,search-fcfs,wrong_transactions,0.0
evaluation_25,complexity_time,2,search-fcfs,wrong_transactions,-1.0
evaluation_26,complexity_time,2,search-fcfs,wrong_transactions,0.0
evaluation_27,complexity_time,2,search-fcfs,wrong_transactions,0.0
evaluation_28,complexity_time,2,search-fcfs,wrong_transactions,-0.3333333333333333
evaluation_29,complexity_time,2,search-fcfs,wrong_transactions,0.0
evaluation_30,complexity_time,2,search-fcfs,wrong_transactions,0.0
evaluation_31,complexity_time,2,search-fcfs,wrong_transactions,0.0
evaluation_00,complexity_time,2,search-fcfs,review_busy_ticks,2.0
evaluation_01,complexity_time,2,search-fcfs,review_busy_ticks,0.0
evaluation_02,complexity_time,2,search-fcfs,review_busy_ticks,0.0
evaluation_03,complexity_time,2,search-fcfs,review_busy_ticks,0.0
evaluation_04,complexity_time,2,search-fcfs,review_busy_ticks,0.0
evaluation_05,complexity_time,2,search-fcfs,review_busy_ticks,0.0
evaluation_06,complexity_time,2,search-fcfs,review_busy_ticks,0.0
evaluation_07,complexity_time,2,search-fcfs,review_busy_ticks,0.0
evaluation_08,complexity_time,2,search-fcfs,review_busy_ticks,0.0
evaluation_09,complexity_time,2,search-fcfs,review_busy_ticks,0.0
evaluation_10,complexity_time,2,search-fcfs,review_busy_ticks,2.0
evaluation_11,complexity_time,2,search-fcfs,review_busy_ticks,0.0
evaluation_12,complexity_time,2,search-fcfs,review_busy_ticks,0.0
evaluation_13,complexity_time,2,search-fcfs,review_busy_ticks,0.0
evaluation_14,complexity_time,2,search-fcfs,review_busy_ticks,0.0
evaluation_15,complexity_time,2,search-fcfs,review_busy_ticks,0.0
evaluation_16,complexity_time,2,search-fcfs,review_busy_ticks,0.0
evaluation_17,complexity_time,2,search-fcfs,review_busy_ticks,0.0
evaluation_18,complexity_time,2,search-fcfs,review_busy_ticks,0.0
evaluation_19,complexity_time,2,search-fcfs,review_busy_ticks,0.0
evaluation_20,complexity_time,2,search-fcfs,review_busy_ticks,0.0
evaluation_21,complexity_time,2,search-fcfs,review_busy_ticks,0.0
evaluation_22,complexity_time,2,search-fcfs,review_busy_ticks,1.333333333333333
evaluation_23,complexity_time,2,search-fcfs,review_busy_ticks,0.0
evaluation_24,complexity_time,2,search-fcfs,review_busy_ticks,0.0
evaluation_25,complexity_time,2,search-fcfs,review_busy_ticks,1.9999999999999996
evaluation_26,complexity_time,2,search-fcfs,review_busy_ticks,-1.0
evaluation_27,complexity_time,2,search-fcfs,review_busy_ticks,0.6666666666666665
evaluation_28,complexity_time,2,search-fcfs,review_busy_ticks,0.0
evaluation_29,complexity_time,2,search-fcfs,review_busy_ticks,0.0
evaluation_30,complexity_time,2,search-fcfs,review_busy_ticks,0.0
evaluation_31,complexity_time,2,search-fcfs,review_busy_ticks,0.0
evaluation_00,complexity_time,2,search-uncertainty,operational_loss,0.0
evaluation_01,complexity_time,2,search-uncertainty,operational_loss,0.0
evaluation_02,complexity_time,2,search-uncertainty,operational_loss,0.0
evaluation_03,complexity_time,2,search-uncertainty,operational_loss,0.0
evaluation_04,complexity_time,2,search-uncertainty,operational_loss,0.0
evaluation_05,complexity_time,2,search-uncertainty,operational_loss,0.0
evaluation_06,complexity_time,2,search-uncertainty,operational_loss,0.0
evaluation_07,complexity_time,2,search-uncertainty,operational_loss,0.0
evaluation_08,complexity_time,2,search-uncertainty,operational_loss,0.0
evaluation_09,complexity_time,2,search-uncertainty,operational_loss,8.0
evaluation_10,complexity_time,2,search-uncertainty,operational_loss,0.0
evaluation_11,complexity_time,2,search-uncertainty,operational_loss,5.333333333333334
evaluation_12,complexity_time,2,search-uncertainty,operational_loss,5.333333333333334
evaluation_13,complexity_time,2,search-uncertainty,operational_loss,0.0
evaluation_14,complexity_time,2,search-uncertainty,operational_loss,0.0
evaluation_15,complexity_time,2,search-uncertainty,operational_loss,0.0
evaluation_16,complexity_time,2,search-uncertainty,operational_loss,0.0
evaluation_17,complexity_time,2,search-uncertainty,operational_loss,0.0
evaluation_18,complexity_time,2,search-uncertainty,operational_loss,0.0
evaluation_19,complexity_time,2,search-uncertainty,operational_loss,0.0
evaluation_20,complexity_time,2,search-uncertainty,operational_loss,0.0
evaluation_21,complexity_time,2,search-uncertainty,operational_loss,0.0
evaluation_22,complexity_time,2,search-uncertainty,operational_loss,0.0
evaluation_23,complexity_time,2,search-uncertainty,operational_loss,0.0
evaluation_24,complexity_time,2,search-uncertainty,operational_loss,0.0
evaluation_25,complexity_time,2,search-uncertainty,operational_loss,0.0
evaluation_26,complexity_time,2,search-uncertainty,operational_loss,0.0
evaluation_27,complexity_time,2,search-uncertainty,operational_loss,0.0
evaluation_28,complexity_time,2,search-uncertainty,operational_loss,-2.666666666666667
evaluation_29,complexity_time,2,search-uncertainty,operational_loss,0.0
evaluation_30,complexity_time,2,search-uncertainty,operational_loss,0.0
evaluation_31,complexity_time,2,search-uncertainty,operational_loss,0.0
evaluation_00,complexity_time,2,search-uncertainty,task_completed,0.0
evaluation_01,complexity_time,2,search-uncertainty,task_completed,0.0
evaluation_02,complexity_time,2,search-uncertainty,task_completed,0.0
evaluation_03,complexity_time,2,search-uncertainty,task_completed,0.0
evaluation_04,complexity_time,2,search-uncertainty,task_completed,0.0
evaluation_05,complexity_time,2,search-uncertainty,task_completed,0.0
evaluation_06,complexity_time,2,search-uncertainty,task_completed,0.0
evaluation_07,complexity_time,2,search-uncertainty,task_completed,0.0
evaluation_08,complexity_time,2,search-uncertainty,task_completed,0.0
evaluation_09,complexity_time,2,search-uncertainty,task_completed,-0.6666666666666665
evaluation_10,complexity_time,2,search-uncertainty,task_completed,0.0
evaluation_11,complexity_time,2,search-uncertainty,task_completed,-0.3333333333333335
evaluation_12,complexity_time,2,search-uncertainty,task_completed,-0.3333333333333335
evaluation_13,complexity_time,2,search-uncertainty,task_completed,0.0
evaluation_14,complexity_time,2,search-uncertainty,task_completed,0.0
evaluation_15,complexity_time,2,search-uncertainty,task_completed,0.0
evaluation_16,complexity_time,2,search-uncertainty,task_completed,0.0
evaluation_17,complexity_time,2,search-uncertainty,task_completed,0.0
evaluation_18,complexity_time,2,search-uncertainty,task_completed,0.0
evaluation_19,complexity_time,2,search-uncertainty,task_completed,0.0
evaluation_20,complexity_time,2,search-uncertainty,task_completed,0.0
evaluation_21,complexity_time,2,search-uncertainty,task_completed,0.0
evaluation_22,complexity_time,2,search-uncertainty,task_completed,0.0
evaluation_23,complexity_time,2,search-uncertainty,task_completed,0.0
evaluation_24,complexity_time,2,search-uncertainty,task_completed,0.0
evaluation_25,complexity_time,2,search-uncertainty,task_completed,0.0
evaluation_26,complexity_time,2,search-uncertainty,task_completed,0.0
evaluation_27,complexity_time,2,search-uncertainty,task_completed,0.0
evaluation_28,complexity_time,2,search-uncertainty,task_completed,0.33333333333333326
evaluation_29,complexity_time,2,search-uncertainty,task_completed,0.0
evaluation_30,complexity_time,2,search-uncertainty,task_completed,0.0
evaluation_31,complexity_time,2,search-uncertainty,task_completed,0.0
evaluation_00,complexity_time,2,search-uncertainty,wrong_transactions,0.0
evaluation_01,complexity_time,2,search-uncertainty,wrong_transactions,0.0
evaluation_02,complexity_time,2,search-uncertainty,wrong_transactions,0.0
evaluation_03,complexity_time,2,search-uncertainty,wrong_transactions,0.0
evaluation_04,complexity_time,2,search-uncertainty,wrong_transactions,0.0
evaluation_05,complexity_time,2,search-uncertainty,wrong_transactions,0.0
evaluation_06,complexity_time,2,search-uncertainty,wrong_transactions,0.0
evaluation_07,complexity_time,2,search-uncertainty,wrong_transactions,0.0
evaluation_08,complexity_time,2,search-uncertainty,wrong_transactions,0.0
evaluation_09,complexity_time,2,search-uncertainty,wrong_transactions,0.6666666666666666
evaluation_10,complexity_time,2,search-uncertainty,wrong_transactions,0.0
evaluation_11,complexity_time,2,search-uncertainty,wrong_transactions,0.3333333333333333
evaluation_12,complexity_time,2,search-uncertainty,wrong_transactions,0.3333333333333333
evaluation_13,complexity_time,2,search-uncertainty,wrong_transactions,0.0
evaluation_14,complexity_time,2,search-uncertainty,wrong_transactions,0.0
evaluation_15,complexity_time,2,search-uncertainty,wrong_transactions,0.0
evaluation_16,complexity_time,2,search-uncertainty,wrong_transactions,0.0
evaluation_17,complexity_time,2,search-uncertainty,wrong_transactions,0.0
evaluation_18,complexity_time,2,search-uncertainty,wrong_transactions,0.0
evaluation_19,complexity_time,2,search-uncertainty,wrong_transactions,0.0
evaluation_20,complexity_time,2,search-uncertainty,wrong_transactions,0.0
evaluation_21,complexity_time,2,search-uncertainty,wrong_transactions,0.0
evaluation_22,complexity_time,2,search-uncertainty,wrong_transactions,0.0
evaluation_23,complexity_time,2,search-uncertainty,wrong_transactions,0.0
evaluation_24,complexity_time,2,search-uncertainty,wrong_transactions,0.0
evaluation_25,complexity_time,2,search-uncertainty,wrong_transactions,0.0
evaluation_26,complexity_time,2,search-uncertainty,wrong_transactions,0.0
evaluation_27,complexity_time,2,search-uncertainty,wrong_transactions,0.0
evaluation_28,complexity_time,2,search-uncertainty,wrong_transactions,-0.3333333333333333
evaluation_29,complexity_time,2,search-uncertainty,wrong_transactions,0.0
evaluation_30,complexity_time,2,search-uncertainty,wrong_transactions,0.0
evaluation_31,complexity_time,2,search-uncertainty,wrong_transactions,0.0
evaluation_00,complexity_time,2,search-uncertainty,review_busy_ticks,0.0
evaluation_01,complexity_time,2,search-uncertainty,review_busy_ticks,0.0
evaluation_02,complexity_time,2,search-uncertainty,review_busy_ticks,0.0
evaluation_03,complexity_time,2,search-uncertainty,review_busy_ticks,0.0
evaluation_04,complexity_time,2,search-uncertainty,review_busy_ticks,1.333333333333333
evaluation_05,complexity_time,2,search-uncertainty,review_busy_ticks,0.0
evaluation_06,complexity_time,2,search-uncertainty,review_busy_ticks,0.0
evaluation_07,complexity_time,2,search-uncertainty,review_busy_ticks,0.0
evaluation_08,complexity_time,2,search-uncertainty,review_busy_ticks,0.0
evaluation_09,complexity_time,2,search-uncertainty,review_busy_ticks,0.6666666666666665
evaluation_10,complexity_time,2,search-uncertainty,review_busy_ticks,2.0
evaluation_11,complexity_time,2,search-uncertainty,review_busy_ticks,1.3333333333333335
evaluation_12,complexity_time,2,search-uncertainty,review_busy_ticks,1.0
evaluation_13,complexity_time,2,search-uncertainty,review_busy_ticks,0.0
evaluation_14,complexity_time,2,search-uncertainty,review_busy_ticks,0.0
evaluation_15,complexity_time,2,search-uncertainty,review_busy_ticks,1.333333333333333
evaluation_16,complexity_time,2,search-uncertainty,review_busy_ticks,0.6666666666666665
evaluation_17,complexity_time,2,search-uncertainty,review_busy_ticks,0.0
evaluation_18,complexity_time,2,search-uncertainty,review_busy_ticks,0.0
evaluation_19,complexity_time,2,search-uncertainty,review_busy_ticks,0.0
evaluation_20,complexity_time,2,search-uncertainty,review_busy_ticks,0.0
evaluation_21,complexity_time,2,search-uncertainty,review_busy_ticks,0.0
evaluation_22,complexity_time,2,search-uncertainty,review_busy_ticks,1.333333333333333
evaluation_23,complexity_time,2,search-uncertainty,review_busy_ticks,2.0
evaluation_24,complexity_time,2,search-uncertainty,review_busy_ticks,0.0
evaluation_25,complexity_time,2,search-uncertainty,review_busy_ticks,1.333333333333333
evaluation_26,complexity_time,2,search-uncertainty,review_busy_ticks,0.0
evaluation_27,complexity_time,2,search-uncertainty,review_busy_ticks,0.6666666666666665
evaluation_28,complexity_time,2,search-uncertainty,review_busy_ticks,0.0
evaluation_29,complexity_time,2,search-uncertainty,review_busy_ticks,0.0
evaluation_30,complexity_time,2,search-uncertainty,review_busy_ticks,2.0
evaluation_31,complexity_time,2,search-uncertainty,review_busy_ticks,0.6666666666666665
evaluation_00,complexity_time,2,search-no_review,operational_loss,-5.333333333333336
evaluation_01,complexity_time,2,search-no_review,operational_loss,-5.333333333333334
evaluation_02,complexity_time,2,search-no_review,operational_loss,0.0
evaluation_03,complexity_time,2,search-no_review,operational_loss,-12.0
evaluation_04,complexity_time,2,search-no_review,operational_loss,-12.0
evaluation_05,complexity_time,2,search-no_review,operational_loss,-5.333333333333333
evaluation_06,complexity_time,2,search-no_review,operational_loss,0.0
evaluation_07,complexity_time,2,search-no_review,operational_loss,0.0
evaluation_08,complexity_time,2,search-no_review,operational_loss,0.0
evaluation_09,complexity_time,2,search-no_review,operational_loss,-7.999999999999998
evaluation_10,complexity_time,2,search-no_review,operational_loss,0.0
evaluation_11,complexity_time,2,search-no_review,operational_loss,0.0
evaluation_12,complexity_time,2,search-no_review,operational_loss,0.0
evaluation_13,complexity_time,2,search-no_review,operational_loss,0.0
evaluation_14,complexity_time,2,search-no_review,operational_loss,-28.0
evaluation_15,complexity_time,2,search-no_review,operational_loss,-5.333333333333334
evaluation_16,complexity_time,2,search-no_review,operational_loss,-4.0
evaluation_17,complexity_time,2,search-no_review,operational_loss,0.0
evaluation_18,complexity_time,2,search-no_review,operational_loss,-4.0
evaluation_19,complexity_time,2,search-no_review,operational_loss,0.0
evaluation_20,complexity_time,2,search-no_review,operational_loss,0.0
evaluation_21,complexity_time,2,search-no_review,operational_loss,-12.0
evaluation_22,complexity_time,2,search-no_review,operational_loss,-15.999999999999998
evaluation_23,complexity_time,2,search-no_review,operational_loss,0.0
evaluation_24,complexity_time,2,search-no_review,operational_loss,0.0
evaluation_25,complexity_time,2,search-no_review,operational_loss,-12.0
evaluation_26,complexity_time,2,search-no_review,operational_loss,0.0
evaluation_27,complexity_time,2,search-no_review,operational_loss,0.0
evaluation_28,complexity_time,2,search-no_review,operational_loss,-10.666666666666668
evaluation_29,complexity_time,2,search-no_review,operational_loss,0.0
evaluation_30,complexity_time,2,search-no_review,operational_loss,0.0
evaluation_31,complexity_time,2,search-no_review,operational_loss,0.0
evaluation_00,complexity_time,2,search-no_review,task_completed,0.6666666666666667
evaluation_01,complexity_time,2,search-no_review,task_completed,0.6666666666666667
evaluation_02,complexity_time,2,search-no_review,task_completed,0.0
evaluation_03,complexity_time,2,search-no_review,task_completed,1.0
evaluation_04,complexity_time,2,search-no_review,task_completed,0.9999999999999998
evaluation_05,complexity_time,2,search-no_review,task_completed,0.6666666666666667
evaluation_06,complexity_time,2,search-no_review,task_completed,0.0
evaluation_07,complexity_time,2,search-no_review,task_completed,0.0
evaluation_08,complexity_time,2,search-no_review,task_completed,0.0
evaluation_09,complexity_time,2,search-no_review,task_completed,1.0
evaluation_10,complexity_time,2,search-no_review,task_completed,0.0
evaluation_11,complexity_time,2,search-no_review,task_completed,0.0
evaluation_12,complexity_time,2,search-no_review,task_completed,0.0
evaluation_13,complexity_time,2,search-no_review,task_completed,0.0
evaluation_14,complexity_time,2,search-no_review,task_completed,2.0
evaluation_15,complexity_time,2,search-no_review,task_completed,0.6666666666666665
evaluation_16,complexity_time,2,search-no_review,task_completed,0.33333333333333326
evaluation_17,complexity_time,2,search-no_review,task_completed,0.0
evaluation_18,complexity_time,2,search-no_review,task_completed,0.3333333333333335
evaluation_19,complexity_time,2,search-no_review,task_completed,0.0
evaluation_20,complexity_time,2,search-no_review,task_completed,0.0
evaluation_21,complexity_time,2,search-no_review,task_completed,1.0
evaluation_22,complexity_time,2,search-no_review,task_completed,0.9999999999999998
evaluation_23,complexity_time,2,search-no_review,task_completed,0.0
evaluation_24,complexity_time,2,search-no_review,task_completed,0.0
evaluation_25,complexity_time,2,search-no_review,task_completed,1.3333333333333333
evaluation_26,complexity_time,2,search-no_review,task_completed,0.0
evaluation_27,complexity_time,2,search-no_review,task_completed,0.0
evaluation_28,complexity_time,2,search-no_review,task_completed,1.0
evaluation_29,complexity_time,2,search-no_review,task_completed,0.0
evaluation_30,complexity_time,2,search-no_review,task_completed,0.0
evaluation_31,complexity_time,2,search-no_review,task_completed,0.0
evaluation_00,complexity_time,2,search-no_review,wrong_transactions,-0.6666666666666667
evaluation_01,complexity_time,2,search-no_review,wrong_transactions,-0.6666666666666666
evaluation_02,complexity_time,2,search-no_review,wrong_transactions,0.0
evaluation_03,complexity_time,2,search-no_review,wrong_transactions,-1.0
evaluation_04,complexity_time,2,search-no_review,wrong_transactions,-1.0
evaluation_05,complexity_time,2,search-no_review,wrong_transactions,-0.6666666666666666
evaluation_06,complexity_time,2,search-no_review,wrong_transactions,0.0
evaluation_07,complexity_time,2,search-no_review,wrong_transactions,0.0
evaluation_08,complexity_time,2,search-no_review,wrong_transactions,0.0
evaluation_09,complexity_time,2,search-no_review,wrong_transactions,-1.0
evaluation_10,complexity_time,2,search-no_review,wrong_transactions,0.0
evaluation_11,complexity_time,2,search-no_review,wrong_transactions,0.0
evaluation_12,complexity_time,2,search-no_review,wrong_transactions,0.0
evaluation_13,complexity_time,2,search-no_review,wrong_transactions,0.0
evaluation_14,complexity_time,2,search-no_review,wrong_transactions,-2.0
evaluation_15,complexity_time,2,search-no_review,wrong_transactions,-0.6666666666666666
evaluation_16,complexity_time,2,search-no_review,wrong_transactions,-0.3333333333333333
evaluation_17,complexity_time,2,search-no_review,wrong_transactions,0.0
evaluation_18,complexity_time,2,search-no_review,wrong_transactions,-0.3333333333333333
evaluation_19,complexity_time,2,search-no_review,wrong_transactions,0.0
evaluation_20,complexity_time,2,search-no_review,wrong_transactions,0.0
evaluation_21,complexity_time,2,search-no_review,wrong_transactions,-1.0
evaluation_22,complexity_time,2,search-no_review,wrong_transactions,-1.0
evaluation_23,complexity_time,2,search-no_review,wrong_transactions,0.0
evaluation_24,complexity_time,2,search-no_review,wrong_transactions,0.0
evaluation_25,complexity_time,2,search-no_review,wrong_transactions,-1.3333333333333333
evaluation_26,complexity_time,2,search-no_review,wrong_transactions,0.0
evaluation_27,complexity_time,2,search-no_review,wrong_transactions,0.0
evaluation_28,complexity_time,2,search-no_review,wrong_transactions,-1.0
evaluation_29,complexity_time,2,search-no_review,wrong_transactions,0.0
evaluation_30,complexity_time,2,search-no_review,wrong_transactions,0.0
evaluation_31,complexity_time,2,search-no_review,wrong_transactions,0.0
evaluation_00,complexity_time,2,search-no_review,review_busy_ticks,4.0
evaluation_01,complexity_time,2,search-no_review,review_busy_ticks,2.6666666666666665
evaluation_02,complexity_time,2,search-no_review,review_busy_ticks,4.0
evaluation_03,complexity_time,2,search-no_review,review_busy_ticks,4.0
evaluation_04,complexity_time,2,search-no_review,review_busy_ticks,5.333333333333333
evaluation_05,complexity_time,2,search-no_review,review_busy_ticks,2.3333333333333335
evaluation_06,complexity_time,2,search-no_review,review_busy_ticks,4.0
evaluation_07,complexity_time,2,search-no_review,review_busy_ticks,2.0
evaluation_08,complexity_time,2,search-no_review,review_busy_ticks,4.0
evaluation_09,complexity_time,2,search-no_review,review_busy_ticks,4.0
evaluation_10,complexity_time,2,search-no_review,review_busy_ticks,5.0
evaluation_11,complexity_time,2,search-no_review,review_busy_ticks,4.0
evaluation_12,complexity_time,2,search-no_review,review_busy_ticks,4.0
evaluation_13,complexity_time,2,search-no_review,review_busy_ticks,3.3333333333333335
evaluation_14,complexity_time,2,search-no_review,review_busy_ticks,4.0
evaluation_15,complexity_time,2,search-no_review,review_busy_ticks,5.333333333333333
evaluation_16,complexity_time,2,search-no_review,review_busy_ticks,3.0
evaluation_17,complexity_time,2,search-no_review,review_busy_ticks,4.0
evaluation_18,complexity_time,2,search-no_review,review_busy_ticks,4.333333333333333
evaluation_19,complexity_time,2,search-no_review,review_busy_ticks,4.0
evaluation_20,complexity_time,2,search-no_review,review_busy_ticks,4.0
evaluation_21,complexity_time,2,search-no_review,review_busy_ticks,4.0
evaluation_22,complexity_time,2,search-no_review,review_busy_ticks,5.333333333333333
evaluation_23,complexity_time,2,search-no_review,review_busy_ticks,6.0
evaluation_24,complexity_time,2,search-no_review,review_busy_ticks,5.0
evaluation_25,complexity_time,2,search-no_review,review_busy_ticks,5.333333333333333
evaluation_26,complexity_time,2,search-no_review,review_busy_ticks,4.0
evaluation_27,complexity_time,2,search-no_review,review_busy_ticks,3.6666666666666665
evaluation_28,complexity_time,2,search-no_review,review_busy_ticks,3.3333333333333335
evaluation_29,complexity_time,2,search-no_review,review_busy_ticks,2.6666666666666665
evaluation_30,complexity_time,2,search-no_review,review_busy_ticks,4.0
evaluation_31,complexity_time,2,search-no_review,review_busy_ticks,4.0
