blocked_unresolved,bundle_id,completed_reviews,corrections,expired_useful_opportunities,greedy_search_different_heads,multi_eligible_dispatches,operational_loss,policy,replicate,review_busy_ticks,review_duration,review_utilization,service_failure_loss,status,task_completed,total_waiting_ticks,unstaged_failures,variant,wrong_transaction_loss,wrong_transactions,planning_seconds,max_planning_seconds
0,evaluation_00,0,0,2,1,3,24,no_review,0,0,2,0.0,8,completed,1,0,0,reference,16,2,0.00019050389528274536,5.31079713255167e-05
0,evaluation_00,2,1,1,1,1,16,fcfs,0,4,2,0.8,4,completed,2,2,0,reference,12,1,7.471011485904455e-05,3.903801552951336e-05
0,evaluation_00,2,1,1,1,1,16,edf,0,4,2,0.8,4,completed,2,2,0,reference,12,1,9.474612306803465e-05,5.181599408388138e-05
0,evaluation_00,2,1,1,1,1,16,uncertainty,0,4,2,0.8,4,completed,2,2,0,reference,12,1,7.65990698710084e-05,4.11720247939229e-05
0,evaluation_00,2,1,1,1,1,16,greedy,0,4,2,0.8,4,completed,2,2,0,reference,12,1,8.645886555314064e-05,4.699896089732647e-05
0,evaluation_00,2,1,1,1,1,16,search,0,4,2,0.8,4,completed,2,2,0,reference,12,1,0.00010486098472028971,5.168898496776819e-05
0,evaluation_00,0,0,2,2,4,24,no_review,0,0,1,0.0,8,completed,1,0,0,reference,16,2,0.00016621011309325695,4.517508205026388e-05
0,evaluation_00,3,2,0,2,2,0,fcfs,0,3,1,0.6,0,completed,3,2,0,reference,0,0,0.00010999187361449003,3.8292957469820976e-05
0,evaluation_00,3,2,0,2,2,0,edf,0,3,1,0.6,0,completed,3,2,0,reference,0,0,0.00010031391866505146,3.4349970519542694e-05
0,evaluation_00,3,2,0,2,2,0,uncertainty,0,3,1,0.6,0,completed,3,2,0,reference,0,0,0.00010461686179041862,3.564194776117802e-05
0,evaluation_00,3,2,0,2,2,0,greedy,0,3,1,0.6,0,completed,3,2,0,reference,0,0,0.0001234050141647458,4.6215951442718506e-05
0,evaluation_00,3,2,0,2,2,0,search,0,3,1,0.6,0,completed,3,2,0,reference,0,0,0.00014970696065574884,6.464403122663498e-05
0,evaluation_00,0,0,2,1,3,24,no_review,0,0,2,0.0,8,completed,1,0,0,approve_block,16,2,0.00018164317589253187,4.565902054309845e-05
1,evaluation_00,2,0,1,1,1,20,fcfs,0,4,2,0.8,8,completed,1,2,0,approve_block,12,1,8.193985559046268e-05,4.383898340165615e-05
1,evaluation_00,2,0,1,1,1,20,edf,0,4,2,0.8,8,completed,1,2,0,approve_block,12,1,9.736104402691126e-05,5.625199992209673e-05
1,evaluation_00,2,0,1,1,1,20,uncertainty,0,4,2,0.8,8,completed,1,2,0,approve_block,12,1,8.989917114377022e-05,5.04200579598546e-05
1,evaluation_00,2,0,1,1,1,20,greedy,0,4,2,0.8,8,completed,1,2,0,approve_block,12,1,8.097593672573566e-05,4.054699093103409e-05
1,evaluation_00,2,0,1,1,1,20,search,0,4,2,0.8,8,completed,1,2,0,approve_block,12,1,0.00014146510511636734,8.064601570367813e-05
0,evaluation_00,0,0,2,2,4,24,no_review,0,0,1,0.0,8,completed,1,0,0,approve_block,16,2,0.0001632600324228406,3.971403930336237e-05
2,evaluation_00,3,0,0,2,2,8,fcfs,0,3,1,0.6,8,completed,1,2,0,approve_block,0,0,9.469606447964907e-05,2.99790408462286e-05
2,evaluation_00,3,0,0,2,2,8,edf,0,3,1,0.6,8,completed,1,2,0,approve_block,0,0,9.479571599513292e-05,3.5093980841338634e-05
2,evaluation_00,3,0,0,2,2,8,uncertainty,0,3,1,0.6,8,completed,1,2,0,approve_block,0,0,0.00010368600487709045,3.439199645072222e-05
2,evaluation_00,3,0,0,2,2,8,greedy,0,3,1,0.6,8,completed,1,2,0,approve_block,0,0,0.00010360009036958218,3.5528093576431274e-05
2,evaluation_00,3,0,0,2,2,8,search,0,3,1,0.6,8,completed,1,2,0,approve_block,0,0,0.00013916112948209047,4.9524009227752686e-05
0,evaluation_00,0,0,2,0,2,24,no_review,0,0,2,0.0,8,completed,1,0,0,complexity_time,16,2,0.0001627361634746194,3.7724035792052746e-05
0,evaluation_00,1,0,2,0,1,24,fcfs,0,2,2,0.4,8,completed,1,0,0,complexity_time,16,2,0.00011303101200610399,4.522001836448908e-05
0,evaluation_00,2,1,1,0,1,16,edf,0,5,2,1.0,4,completed,2,3,0,complexity_time,12,1,7.529696449637413e-05,3.8063968531787395e-05
0,evaluation_00,2,1,1,0,1,16,uncertainty,0,5,2,1.0,4,completed,2,3,0,complexity_time,12,1,0.00010628800373524427,6.708200089633465e-05
0,evaluation_00,2,1,1,0,1,16,greedy,0,5,2,1.0,4,completed,2,3,0,complexity_time,12,1,6.066286005079746e-05,3.3656018786132336e-05
0,evaluation_00,2,1,1,0,1,16,search,0,5,2,1.0,4,completed,2,3,0,complexity_time,12,1,8.859799709171057e-05,4.274607636034489e-05
0,evaluation_00,0,0,2,1,3,24,no_review,0,0,1,0.0,8,completed,1,0,0,complexity_time,16,2,0.0001699428539723158,4.805205389857292e-05
0,evaluation_00,2,1,1,1,2,16,fcfs,0,3,1,0.6,4,completed,2,1,0,complexity_time,12,1,7.225375156849623e-05,3.215193282812834e-05
0,evaluation_00,3,2,0,1,2,0,edf,0,4,1,0.8,0,completed,3,4,0,complexity_time,0,0,0.00013498205225914717,6.557803135365248e-05
0,evaluation_00,3,2,0,1,2,0,uncertainty,0,4,1,0.8,0,completed,3,4,0,complexity_time,0,0,0.00012539583258330822,4.392594564706087e-05
0,evaluation_00,3,2,0,1,2,0,greedy,0,4,1,0.8,0,completed,3,4,0,complexity_time,0,0,0.0001258660340681672,5.426898133009672e-05
0,evaluation_00,3,2,0,1,2,0,search,0,4,1,0.8,0,completed,3,2,0,complexity_time,0,0,0.00011567992623895407,4.5169959776103497e-05
0,evaluation_00,0,0,2,1,3,24,no_review,1,0,2,0.0,8,completed,1,0,0,reference,16,2,0.00015551492106169462,3.2970914617180824e-05
0,evaluation_00,2,1,1,1,1,16,fcfs,1,4,2,0.8,4,completed,2,2,0,reference,12,1,7.184396963566542e-05,3.7591904401779175e-05
0,evaluation_00,2,1,1,1,1,16,edf,1,4,2,0.8,4,completed,2,2,0,reference,12,1,7.886101957410574e-05,4.0553975850343704e-05
0,evaluation_00,2,1,1,1,1,16,uncertainty,1,4,2,0.8,4,completed,2,2,0,reference,12,1,8.388911373913288e-05,4.276004619896412e-05
0,evaluation_00,2,1,1,1,1,16,greedy,1,4,2,0.8,4,completed,2,2,0,reference,12,1,7.239996921271086e-05,3.530306275933981e-05
0,evaluation_00,2,1,1,1,1,16,search,1,4,2,0.8,4,completed,2,2,0,reference,12,1,9.91190318018198e-05,4.83229523524642e-05
0,evaluation_00,0,0,2,2,4,24,no_review,1,0,1,0.0,8,completed,1,0,0,reference,16,2,0.00016773806419223547,3.551202826201916e-05
0,evaluation_00,3,2,0,2,2,0,fcfs,1,3,1,0.6,0,completed,3,2,0,reference,0,0,0.00010309589561074972,3.478198777884245e-05
0,evaluation_00,3,2,0,2,2,0,edf,1,3,1,0.6,0,completed,3,2,0,reference,0,0,0.00010206212755292654,3.3081043511629105e-05
0,evaluation_00,3,2,0,2,2,0,uncertainty,1,3,1,0.6,0,completed,3,2,0,reference,0,0,0.00010325713083148003,3.458303399384022e-05
0,evaluation_00,3,2,0,2,2,0,greedy,1,3,1,0.6,0,completed,3,2,0,reference,0,0,0.00010524899698793888,3.5627977922558784e-05
0,evaluation_00,3,2,0,2,2,0,search,1,3,1,0.6,0,completed,3,2,0,reference,0,0,0.0001277918927371502,4.498299676924944e-05
0,evaluation_00,0,0,2,1,3,24,no_review,1,0,2,0.0,8,completed,1,0,0,approve_block,16,2,0.00018596218433231115,4.948501009494066e-05
1,evaluation_00,2,0,1,1,1,20,fcfs,1,4,2,0.8,8,completed,1,2,0,approve_block,12,1,9.182910434901714e-05,4.8445072025060654e-05
1,evaluation_00,2,0,1,1,1,20,edf,1,4,2,0.8,8,completed,1,2,0,approve_block,12,1,7.545005064457655e-05,3.820203710347414e-05
1,evaluation_00,2,0,1,1,1,20,uncertainty,1,4,2,0.8,8,completed,1,2,0,approve_block,12,1,9.212607983499765e-05,5.397002678364515e-05
1,evaluation_00,2,0,1,1,1,20,greedy,1,4,2,0.8,8,completed,1,2,0,approve_block,12,1,9.622809011489153e-05,5.5012060329318047e-05
1,evaluation_00,2,0,1,1,1,20,search,1,4,2,0.8,8,completed,1,2,0,approve_block,12,1,9.464682079851627e-05,4.554097540676594e-05
0,evaluation_00,0,0,2,2,4,24,no_review,1,0,1,0.0,8,completed,1,0,0,approve_block,16,2,0.00016179110389202833,3.961799666285515e-05
2,evaluation_00,3,0,0,2,2,8,fcfs,1,3,1,0.6,8,completed,1,2,0,approve_block,0,0,0.00010952982120215893,4.472292494028807e-05
2,evaluation_00,3,0,0,2,2,8,edf,1,3,1,0.6,8,completed,1,2,0,approve_block,0,0,0.00010609009768813848,3.8622994907200336e-05
2,evaluation_00,3,0,0,2,2,8,uncertainty,1,3,1,0.6,8,completed,1,2,0,approve_block,0,0,0.00012125726789236069,4.9884081818163395e-05
2,evaluation_00,3,0,0,2,2,8,greedy,1,3,1,0.6,8,completed,1,2,0,approve_block,0,0,0.00010684796143323183,3.726291470229626e-05
2,evaluation_00,3,0,0,2,2,8,search,1,3,1,0.6,8,completed,1,2,0,approve_block,0,0,0.00011843210086226463,4.18670242652297e-05
0,evaluation_00,0,0,2,0,2,24,no_review,1,0,2,0.0,8,completed,1,0,0,complexity_time,16,2,0.0001568949082866311,3.960798494517803e-05
0,evaluation_00,1,0,2,0,1,24,fcfs,1,2,2,0.4,8,completed,1,0,0,complexity_time,16,2,0.00010929093696177006,4.2786006815731525e-05
0,evaluation_00,2,1,1,0,1,16,edf,1,5,2,1.0,4,completed,2,3,0,complexity_time,12,1,7.03190453350544e-05,3.4335069358348846e-05
0,evaluation_00,2,1,1,0,1,16,uncertainty,1,5,2,1.0,4,completed,2,3,0,complexity_time,12,1,9.298196528106928e-05,5.457701627165079e-05
0,evaluation_00,2,1,1,0,1,16,greedy,1,5,2,1.0,4,completed,2,3,0,complexity_time,12,1,6.197101902216673e-05,3.29500762745738e-05
0,evaluation_00,2,1,1,0,1,16,search,1,5,2,1.0,4,completed,2,3,0,complexity_time,12,1,9.905803017318249e-05,5.2338000386953354e-05
0,evaluation_00,0,0,2,1,3,24,no_review,1,0,1,0.0,8,completed,1,0,0,complexity_time,16,2,0.0001829391112551093,4.460208583623171e-05
0,evaluation_00,2,1,1,1,2,16,fcfs,1,3,1,0.6,4,completed,2,1,0,complexity_time,12,1,6.53240131214261e-05,2.9688002541661263e-05
0,evaluation_00,3,2,0,1,2,0,edf,1,4,1,0.8,0,completed,3,4,0,complexity_time,0,0,0.0001217051176354289,4.3102074414491653e-05
0,evaluation_00,3,2,0,1,2,0,uncertainty,1,4,1,0.8,0,completed,3,4,0,complexity_time,0,0,0.00011747528333216906,4.849408287554979e-05
0,evaluation_00,3,2,0,1,2,0,greedy,1,4,1,0.8,0,completed,3,4,0,complexity_time,0,0,0.00014888192526996136,7.420196197926998e-05
0,evaluation_00,3,2,0,1,2,0,search,1,4,1,0.8,0,completed,3,2,0,complexity_time,0,0,0.00012113794218748808,4.304700996726751e-05
0,evaluation_00,0,0,1,0,1,20,no_review,2,0,2,0.0,8,completed,1,0,1,reference,12,1,0.00011752697173506021,3.554602153599262e-05
0,evaluation_00,1,0,1,0,0,20,fcfs,2,2,2,0.4,8,completed,1,0,1,reference,12,1,5.7913013733923435e-05,3.415101673454046e-05
0,evaluation_00,1,0,1,0,0,20,edf,2,2,2,0.4,8,completed,1,0,1,reference,12,1,6.282294634729624e-05,3.189104609191418e-05
0,evaluation_00,1,0,1,0,0,20,uncertainty,2,2,2,0.4,8,completed,1,0,1,reference,12,1,5.4646050557494164e-05,2.6490073651075363e-05
0,evaluation_00,1,0,1,0,0,20,greedy,2,2,2,0.4,8,completed,1,0,1,reference,12,1,5.400204099714756e-05,2.7981004677712917e-05
0,evaluation_00,1,0,1,0,0,20,search,2,2,2,0.4,8,completed,1,0,1,reference,12,1,5.0223199650645256e-05,2.6913010515272617e-05
0,evaluation_00,0,0,1,1,2,20,no_review,2,0,1,0.0,8,completed,1,0,1,reference,12,1,0.00010738009586930275,2.7382979169487953e-05
0,evaluation_00,2,1,0,0,0,4,fcfs,2,2,1,0.4,4,completed,2,0,1,reference,0,0,4.4307089410722256e-05,1.984601840376854e-05
0,evaluation_00,2,1,0,0,0,4,edf,2,2,1,0.4,4,completed,2,0,1,reference,0,0,4.363211337476969e-05,2.0464998669922352e-05
0,evaluation_00,2,1,0,0,0,4,uncertainty,2,2,1,0.4,4,completed,2,0,1,reference,0,0,5.534500814974308e-05,2.47639836743474e-05
0,evaluation_00,2,1,0,0,0,4,greedy,2,2,1,0.4,4,completed,2,0,1,reference,0,0,5.328410770744085e-05,2.3558037355542183e-05
0,evaluation_00,2,1,0,0,0,4,search,2,2,1,0.4,4,completed,2,0,1,reference,0,0,7.744098547846079e-05,4.367902874946594e-05
0,evaluation_00,0,0,1,0,1,20,no_review,2,0,2,0.0,8,completed,1,0,1,approve_block,12,1,0.00012014294043183327,3.748002927750349e-05
0,evaluation_00,1,0,1,0,0,20,fcfs,2,2,2,0.4,8,completed,1,0,1,approve_block,12,1,6.294902414083481e-05,3.0054012313485146e-05
0,evaluation_00,1,0,1,0,0,20,edf,2,2,2,0.4,8,completed,1,0,1,approve_block,12,1,6.038486026227474e-05,3.104691859334707e-05
0,evaluation_00,1,0,1,0,0,20,uncertainty,2,2,2,0.4,8,completed,1,0,1,approve_block,12,1,5.878484807908535e-05,2.9816990718245506e-05
0,evaluation_00,1,0,1,0,0,20,greedy,2,2,2,0.4,8,completed,1,0,1,approve_block,12,1,5.5021955631673336e-05,2.65809940174222e-05
0,evaluation_00,1,0,1,0,0,20,search,2,2,2,0.4,8,completed,1,0,1,approve_block,12,1,6.661796942353249e-05,3.3506075851619244e-05
0,evaluation_00,0,0,1,1,2,20,no_review,2,0,1,0.0,8,completed,1,0,1,approve_block,12,1,9.749096352607012e-05,2.236897125840187e-05
1,evaluation_00,2,0,0,0,0,8,fcfs,2,2,1,0.4,8,completed,1,0,1,approve_block,0,0,4.013709258288145e-05,1.9675004296004772e-05
1,evaluation_00,2,0,0,0,0,8,edf,2,2,1,0.4,8,completed,1,0,1,approve_block,0,0,4.769698716700077e-05,2.3354077711701393e-05
1,evaluation_00,2,0,0,0,0,8,uncertainty,2,2,1,0.4,8,completed,1,0,1,approve_block,0,0,4.863808862864971e-05,2.268003299832344e-05
1,evaluation_00,2,0,0,0,0,8,greedy,2,2,1,0.4,8,completed,1,0,1,approve_block,0,0,4.9732974730432034e-05,2.2536027245223522e-05
1,evaluation_00,2,0,0,0,0,8,search,2,2,1,0.4,8,completed,1,0,1,approve_block,0,0,5.775783210992813e-05,2.6962021365761757e-05
0,evaluation_00,0,0,1,0,1,20,no_review,2,0,2,0.0,8,completed,1,0,1,complexity_time,12,1,0.0001283162273466587,3.7705060094594955e-05
0,evaluation_00,1,0,1,0,0,20,fcfs,2,2,2,0.4,8,completed,1,0,1,complexity_time,12,1,5.961896385997534e-05,3.543600905686617e-05
0,evaluation_00,1,0,1,0,0,20,edf,2,2,2,0.4,8,completed,1,0,1,complexity_time,12,1,5.63629437237978e-05,2.6292982511222363e-05
0,evaluation_00,1,0,1,0,0,20,uncertainty,2,2,2,0.4,8,completed,1,0,1,complexity_time,12,1,5.1593873649835587e-05,2.3631961084902287e-05
0,evaluation_00,1,0,1,0,0,20,greedy,2,2,2,0.4,8,completed,1,0,1,complexity_time,12,1,5.6595075875520706e-05,2.8222915716469288e-05
0,evaluation_00,1,0,1,0,0,20,search,2,2,2,0.4,8,completed,1,0,1,complexity_time,12,1,8.104206062853336e-05,3.625510726124048e-05
0,evaluation_00,0,0,1,1,2,20,no_review,2,0,1,0.0,8,completed,1,0,1,complexity_time,12,1,0.00011552299838513136,3.19179380312562e-05
0,evaluation_00,2,1,0,0,0,4,fcfs,2,2,1,0.4,4,completed,2,0,1,complexity_time,0,0,4.5069027692079544e-05,2.1526007913053036e-05
0,evaluation_00,2,1,0,0,0,4,edf,2,2,1,0.4,4,completed,2,0,1,complexity_time,0,0,4.578614607453346e-05,2.089305780827999e-05
0,evaluation_00,2,1,0,0,0,4,uncertainty,2,2,1,0.4,4,completed,2,0,1,complexity_time,0,0,5.351507570594549e-05,2.44419788941741e-05
0,evaluation_00,2,1,0,0,0,4,greedy,2,2,1,0.4,4,completed,2,0,1,complexity_time,0,0,4.976207856088877e-05,2.3182015866041183e-05
0,evaluation_00,2,1,0,0,0,4,search,2,2,1,0.4,4,completed,2,0,1,complexity_time,0,0,6.023992318660021e-05,2.7653994038701057e-05
0,evaluation_01,1,0,0,0,0,8,fcfs,0,1,1,0.2,8,completed,1,0,2,reference,0,0,2.805795520544052e-05,2.0609935745596886e-05
0,evaluation_01,1,0,0,0,0,8,edf,0,1,1,0.2,8,completed,1,0,2,reference,0,0,3.0504073947668076e-05,2.440204843878746e-05
0,evaluation_01,1,0,0,0,0,8,uncertainty,0,1,1,0.2,8,completed,1,0,2,reference,0,0,3.248581197112799e-05,2.253195270895958e-05
0,evaluation_01,1,0,0,0,0,8,greedy,0,1,1,0.2,8,completed,1,0,2,reference,0,0,2.9251910746097565e-05,2.3204018361866474e-05
0,evaluation_01,1,0,0,0,0,8,search,0,1,1,0.2,8,completed,1,0,2,reference,0,0,3.5219243727624416e-05,2.863910049200058e-05
0,evaluation_01,0,0,0,0,0,8,no_review,0,0,1,0.0,8,completed,1,0,2,reference,0,0,6.286997813731432e-05,2.03100498765707e-05
0,evaluation_01,1,0,0,0,0,8,fcfs,0,2,2,0.4,8,completed,1,0,2,reference,0,0,2.5701243430376053e-05,1.9542057998478413e-05
0,evaluation_01,1,0,0,0,0,8,edf,0,2,2,0.4,8,completed,1,0,2,reference,0,0,2.60260421782732e-05,2.175301779061556e-05
0,evaluation_01,1,0,0,0,0,8,uncertainty,0,2,2,0.4,8,completed,1,0,2,reference,0,0,2.7477974072098732e-05,2.2500986233353615e-05
0,evaluation_01,1,0,0,0,0,8,greedy,0,2,2,0.4,8,completed,1,0,2,reference,0,0,3.482704050838947e-05,2.4236971512436867e-05
0,evaluation_01,1,0,0,0,0,8,search,0,2,2,0.4,8,completed,1,0,2,reference,0,0,2.9742950573563576e-05,2.445897553116083e-05
0,evaluation_01,0,0,0,0,0,8,no_review,0,0,2,0.0,8,completed,1,0,2,reference,0,0,5.4363044910132885e-05,1.6227015294134617e-05
0,evaluation_01,1,0,0,0,0,8,fcfs,0,1,1,0.2,8,completed,1,0,2,approve_block,0,0,3.4686061553657055e-05,2.6346067897975445e-05
0,evaluation_01,1,0,0,0,0,8,edf,0,1,1,0.2,8,completed,1,0,2,approve_block,0,0,2.7148984372615814e-05,2.0824954845011234e-05
0,evaluation_01,1,0,0,0,0,8,uncertainty,0,1,1,0.2,8,completed,1,0,2,approve_block,0,0,2.9233982786536217e-05,2.290797419846058e-05
0,evaluation_01,1,0,0,0,0,8,greedy,0,1,1,0.2,8,completed,1,0,2,approve_block,0,0,2.7921749278903008e-05,2.2006919607520103e-05
0,evaluation_01,1,0,0,0,0,8,search,0,1,1,0.2,8,completed,1,0,2,approve_block,0,0,4.25918260589242e-05,3.639201167970896e-05
0,evaluation_01,0,0,0,0,0,8,no_review,0,0,1,0.0,8,completed,1,0,2,approve_block,0,0,5.978916306048632e-05,2.0213075913488865e-05
0,evaluation_01,1,0,0,0,0,8,fcfs,0,2,2,0.4,8,completed,1,0,2,approve_block,0,0,2.647389192134142e-05,2.0656967535614967e-05
0,evaluation_01,1,0,0,0,0,8,edf,0,2,2,0.4,8,completed,1,0,2,approve_block,0,0,2.5431043468415737e-05,2.119503915309906e-05
0,evaluation_01,1,0,0,0,0,8,uncertainty,0,2,2,0.4,8,completed,1,0,2,approve_block,0,0,2.7450150810182095e-05,2.1981075406074524e-05
0,evaluation_01,1,0,0,0,0,8,greedy,0,2,2,0.4,8,completed,1,0,2,approve_block,0,0,3.458419814705849e-05,2.8106034733355045e-05
0,evaluation_01,1,0,0,0,0,8,search,0,2,2,0.4,8,completed,1,0,2,approve_block,0,0,3.269698936492205e-05,2.5891000404953957e-05
0,evaluation_01,0,0,0,0,0,8,no_review,0,0,2,0.0,8,completed,1,0,2,approve_block,0,0,5.995610263198614e-05,2.0542065612971783e-05
0,evaluation_01,1,0,0,0,0,8,fcfs,0,1,1,0.2,8,completed,1,0,2,complexity_time,0,0,2.5934772565960884e-05,1.9964994862675667e-05
0,evaluation_01,1,0,0,0,0,8,edf,0,1,1,0.2,8,completed,1,0,2,complexity_time,0,0,3.367406316101551e-05,2.7551082894206047e-05
0,evaluation_01,1,0,0,0,0,8,uncertainty,0,1,1,0.2,8,completed,1,0,2,complexity_time,0,0,2.9080314561724663e-05,2.3030093871057034e-05
0,evaluation_01,1,0,0,0,0,8,greedy,0,1,1,0.2,8,completed,1,0,2,complexity_time,0,0,2.815225161612034e-05,2.1210056729614735e-05
0,evaluation_01,1,0,0,0,0,8,search,0,1,1,0.2,8,completed,1,0,2,complexity_time,0,0,3.052700776606798e-05,2.4895998649299145e-05
0,evaluation_01,0,0,0,0,0,8,no_review,0,0,1,0.0,8,completed,1,0,2,complexity_time,0,0,6.288290023803711e-05,2.1341023966670036e-05
0,evaluation_01,1,0,0,0,0,8,fcfs,0,2,2,0.4,8,completed,1,0,2,complexity_time,0,0,2.731208223849535e-05,2.0088045857846737e-05
0,evaluation_01,1,0,0,0,0,8,edf,0,2,2,0.4,8,completed,1,0,2,complexity_time,0,0,2.6194960810244083e-05,2.069899346679449e-05
0,evaluation_01,1,0,0,0,0,8,uncertainty,0,2,2,0.4,8,completed,1,0,2,complexity_time,0,0,2.8226058930158615e-05,2.2378982976078987e-05
0,evaluation_01,1,0,0,0,0,8,greedy,0,2,2,0.4,8,completed,1,0,2,complexity_time,0,0,3.2723997719585896e-05,2.2388063371181488e-05
0,evaluation_01,1,0,0,0,0,8,search,0,2,2,0.4,8,completed,1,0,2,complexity_time,0,0,3.2190000638365746e-05,2.718600444495678e-05
0,evaluation_01,0,0,0,0,0,8,no_review,0,0,2,0.0,8,completed,1,0,2,complexity_time,0,0,6.690097507089376e-05,2.0234030671417713e-05
0,evaluation_01,2,1,0,0,0,4,fcfs,1,2,1,0.4,4,completed,2,0,1,reference,0,0,4.640687257051468e-05,2.0268023945391178e-05
0,evaluation_01,2,1,0,0,0,4,edf,1,2,1,0.4,4,completed,2,0,1,reference,0,0,4.748394712805748e-05,2.1287938579916954e-05
0,evaluation_01,2,1,0,0,0,4,uncertainty,1,2,1,0.4,4,completed,2,0,1,reference,0,0,4.413898568600416e-05,2.149504143744707e-05
0,evaluation_01,2,1,0,0,0,4,greedy,1,2,1,0.4,4,completed,2,0,1,reference,0,0,6.0015940107405186e-05,3.599398769438267e-05
0,evaluation_01,2,1,0,0,0,4,search,1,2,1,0.4,4,completed,2,0,1,reference,0,0,5.605572368949652e-05,2.5489949621260166e-05
0,evaluation_01,0,0,1,1,2,12,no_review,1,0,1,0.0,8,completed,1,0,1,reference,4,1,0.0001049841521307826,2.4087028577923775e-05
0,evaluation_01,1,1,0,0,0,4,fcfs,1,2,2,0.4,4,completed,2,0,1,reference,0,0,8.920009713619947e-05,5.06530050188303e-05
0,evaluation_01,1,1,0,0,0,4,edf,1,2,2,0.4,4,completed,2,0,1,reference,0,0,6.06020912528038e-05,3.23060667142272e-05
0,evaluation_01,1,1,0,0,0,4,uncertainty,1,2,2,0.4,4,completed,2,0,1,reference,0,0,5.6163989938795567e-05,3.0156923457980156e-05
0,evaluation_01,1,1,0,0,0,4,greedy,1,2,2,0.4,4,completed,2,0,1,reference,0,0,7.968081627041101e-05,3.706791903823614e-05
0,evaluation_01,1,1,0,0,0,4,search,1,2,2,0.4,4,completed,2,0,1,reference,0,0,6.58158678561449e-05,2.998090349137783e-05
0,evaluation_01,0,0,1,0,1,12,no_review,1,0,2,0.0,8,completed,1,0,1,reference,4,1,0.00011320412158966064,3.198208287358284e-05
1,evaluation_01,2,0,0,0,0,8,fcfs,1,2,1,0.4,8,completed,1,0,1,approve_block,0,0,6.40718499198556e-05,3.763602580875158e-05
1,evaluation_01,2,0,0,0,0,8,edf,1,2,1,0.4,8,completed,1,0,1,approve_block,0,0,5.2296905778348446e-05,2.55129998549819e-05
1,evaluation_01,2,0,0,0,0,8,uncertainty,1,2,1,0.4,8,completed,1,0,1,approve_block,0,0,4.535773769021034e-05,2.130703069269657e-05
1,evaluation_01,2,0,0,0,0,8,greedy,1,2,1,0.4,8,completed,1,0,1,approve_block,0,0,6.12759031355381e-05,3.2810028642416e-05
1,evaluation_01,2,0,0,0,0,8,search,1,2,1,0.4,8,completed,1,0,1,approve_block,0,0,7.54649518057704e-05,4.476902540773153e-05
0,evaluation_01,0,0,1,1,2,12,no_review,1,0,1,0.0,8,completed,1,0,1,approve_block,4,1,9.971705731004477e-05,2.291204873472452e-05
1,evaluation_01,1,0,0,0,0,8,fcfs,1,2,2,0.4,8,completed,1,0,1,approve_block,0,0,5.281704943627119e-05,2.8804992325603962e-05
1,evaluation_01,1,0,0,0,0,8,edf,1,2,2,0.4,8,completed,1,0,1,approve_block,0,0,6.109301466494799e-05,3.394496161490679e-05
1,evaluation_01,1,0,0,0,0,8,uncertainty,1,2,2,0.4,8,completed,1,0,1,approve_block,0,0,5.43821370229125e-05,2.60830856859684e-05
1,evaluation_01,1,0,0,0,0,8,greedy,1,2,2,0.4,8,completed,1,0,1,approve_block,0,0,5.364685785025358e-05,2.6650959625840187e-05
1,evaluation_01,1,0,0,0,0,8,search,1,2,2,0.4,8,completed,1,0,1,approve_block,0,0,5.846400745213032e-05,2.7172034606337547e-05
0,evaluation_01,0,0,1,0,1,12,no_review,1,0,2,0.0,8,completed,1,0,1,approve_block,4,1,0.00011007813736796379,3.148103132843971e-05
0,evaluation_01,2,1,0,0,0,4,fcfs,1,2,1,0.4,4,completed,2,0,1,complexity_time,0,0,4.4762156903743744e-05,2.000096719712019e-05
0,evaluation_01,2,1,0,0,0,4,edf,1,2,1,0.4,4,completed,2,0,1,complexity_time,0,0,5.2129849791526794e-05,2.4724984541535378e-05
0,evaluation_01,2,1,0,0,0,4,uncertainty,1,2,1,0.4,4,completed,2,0,1,complexity_time,0,0,5.0544971600174904e-05,2.1797954104840755e-05
0,evaluation_01,2,1,0,0,0,4,greedy,1,2,1,0.4,4,completed,2,0,1,complexity_time,0,0,4.7700945287942886e-05,2.205302007496357e-05
0,evaluation_01,2,1,0,0,0,4,search,1,2,1,0.4,4,completed,2,0,1,complexity_time,0,0,6.159592885524035e-05,3.0206050723791122e-05
0,evaluation_01,0,0,1,1,2,12,no_review,1,0,1,0.0,8,completed,1,0,1,complexity_time,4,1,0.00011945003643631935,2.9776012524962425e-05
0,evaluation_01,1,1,0,0,0,4,fcfs,1,2,2,0.4,4,completed,2,0,1,complexity_time,0,0,5.774002056568861e-05,3.210501745343208e-05
0,evaluation_01,1,1,0,0,0,4,edf,1,2,2,0.4,4,completed,2,0,1,complexity_time,0,0,0.00010048691183328629,5.435897037386894e-05
0,evaluation_01,1,1,0,0,0,4,uncertainty,1,2,2,0.4,4,completed,2,0,1,complexity_time,0,0,5.7429890148341656e-05,2.9720948077738285e-05
0,evaluation_01,1,1,0,0,0,4,greedy,1,2,2,0.4,4,completed,2,0,1,complexity_time,0,0,6.69179717078805e-05,3.866804763674736e-05
0,evaluation_01,1,1,0,0,0,4,search,1,2,2,0.4,4,completed,2,0,1,complexity_time,0,0,6.568024400621653e-05,3.6081066355109215e-05
0,evaluation_01,0,0,1,0,1,12,no_review,1,0,2,0.0,8,completed,1,0,1,complexity_time,4,1,0.00012319802772253752,3.277498763054609e-05
0,evaluation_01,3,1,0,1,2,0,fcfs,2,3,1,0.6,0,completed,3,2,0,reference,0,0,0.00010442687198519707,3.9741978980600834e-05
0,evaluation_01,3,1,0,1,2,0,edf,2,3,1,0.6,0,completed,3,2,0,reference,0,0,0.00010116980411112309,3.710796590894461e-05
0,evaluation_01,3,1,0,1,2,0,uncertainty,2,3,1,0.6,0,completed,3,2,0,reference,0,0,0.0001486430410295725,7.740105502307415e-05
0,evaluation_01,3,1,0,1,2,0,greedy,2,3,1,0.6,0,completed,3,2,0,reference,0,0,9.784998837858438e-05,3.369199112057686e-05
0,evaluation_01,3,1,0,1,2,0,search,2,3,1,0.6,0,completed,3,2,0,reference,0,0,0.00014395394828170538,4.670699127018452e-05
0,evaluation_01,0,0,1,2,4,8,no_review,2,0,1,0.0,4,completed,2,0,0,reference,4,1,0.00017471087630838156,4.244095180183649e-05
0,evaluation_01,2,1,0,0,1,0,fcfs,2,4,2,0.8,0,completed,3,2,0,reference,0,0,6.651401054114103e-05,3.1917006708681583e-05
0,evaluation_01,2,1,0,0,1,0,edf,2,4,2,0.8,0,completed,3,2,0,reference,0,0,8.409912697970867e-05,4.653702490031719e-05
0,evaluation_01,2,1,0,0,1,0,uncertainty,2,4,2,0.8,0,completed,3,2,0,reference,0,0,8.308899123221636e-05,4.456297028809786e-05
0,evaluation_01,2,1,0,0,1,0,greedy,2,4,2,0.8,0,completed,3,2,0,reference,0,0,0.00010065606329590082,5.6715100072324276e-05
0,evaluation_01,2,1,0,0,1,0,search,2,4,2,0.8,0,completed,3,2,0,reference,0,0,0.0001113259932026267,6.148801185190678e-05
0,evaluation_01,0,0,1,0,3,8,no_review,2,0,2,0.0,4,completed,2,0,0,reference,4,1,0.00020337291061878204,4.724995233118534e-05
1,evaluation_01,3,0,0,1,2,4,fcfs,2,3,1,0.6,4,completed,2,2,0,approve_block,0,0,0.00010795576963573694,3.546290099620819e-05
1,evaluation_01,3,0,0,1,2,4,edf,2,3,1,0.6,4,completed,2,2,0,approve_block,0,0,0.00016193999908864498,5.492602940648794e-05
1,evaluation_01,3,0,0,1,2,4,uncertainty,2,3,1,0.6,4,completed,2,2,0,approve_block,0,0,0.0001175550278276205,4.430196713656187e-05
1,evaluation_01,3,0,0,1,2,4,greedy,2,3,1,0.6,4,completed,2,2,0,approve_block,0,0,0.0001020070631057024,3.481796011328697e-05
1,evaluation_01,3,0,0,1,2,4,search,2,3,1,0.6,4,completed,2,2,0,approve_block,0,0,0.00013070425484329462,4.5620021410286427e-05
0,evaluation_01,0,0,1,2,4,8,no_review,2,0,1,0.0,4,completed,2,0,0,approve_block,4,1,0.00018743006512522697,4.320999141782522e-05
1,evaluation_01,2,0,0,0,1,4,fcfs,2,4,2,0.8,4,completed,2,2,0,approve_block,0,0,7.472606375813484e-05,4.058005288243294e-05
1,evaluation_01,2,0,0,0,1,4,edf,2,4,2,0.8,4,completed,2,2,0,approve_block,0,0,8.741719648241997e-05,4.9788039177656174e-05
1,evaluation_01,2,0,0,0,1,4,uncertainty,2,4,2,0.8,4,completed,2,2,0,approve_block,0,0,8.590403012931347e-05,4.658196121454239e-05
1,evaluation_01,2,0,0,0,1,4,greedy,2,4,2,0.8,4,completed,2,2,0,approve_block,0,0,9.345193393528461e-05,5.499494727700949e-05
1,evaluation_01,2,0,0,0,1,4,search,2,4,2,0.8,4,completed,2,2,0,approve_block,0,0,9.311840403825045e-05,4.471209831535816e-05
0,evaluation_01,0,0,1,0,3,8,no_review,2,0,2,0.0,4,completed,2,0,0,approve_block,4,1,0.0001743618631735444,3.7752906791865826e-05
0,evaluation_01,3,1,0,1,2,0,fcfs,2,3,1,0.6,0,completed,3,2,0,complexity_time,0,0,8.98480648174882e-05,2.9728980734944344e-05
0,evaluation_01,3,1,0,1,2,0,edf,2,3,1,0.6,0,completed,3,2,0,complexity_time,0,0,0.00011291296686977148,3.615499008446932e-05
0,evaluation_01,3,1,0,1,2,0,uncertainty,2,3,1,0.6,0,completed,3,2,0,complexity_time,0,0,0.00010173721238970757,3.419409040361643e-05
0,evaluation_01,3,1,0,1,2,0,greedy,2,3,1,0.6,0,completed,3,2,0,complexity_time,0,0,0.00011230108793824911,3.7204939872026443e-05
0,evaluation_01,3,1,0,1,2,0,search,2,3,1,0.6,0,completed,3,2,0,complexity_time,0,0,0.00015974801499396563,6.840704008936882e-05
0,evaluation_01,0,0,1,2,4,8,no_review,2,0,1,0.0,4,completed,2,0,0,complexity_time,4,1,0.00021054979879409075,6.463902536779642e-05
0,evaluation_01,2,1,0,0,1,0,fcfs,2,4,2,0.8,0,completed,3,2,0,complexity_time,0,0,7.990899030119181e-05,4.319101572036743e-05
0,evaluation_01,2,1,0,0,1,0,edf,2,4,2,0.8,0,completed,3,2,0,complexity_time,0,0,7.082999218255281e-05,3.386102616786957e-05
0,evaluation_01,2,1,0,0,1,0,uncertainty,2,4,2,0.8,0,completed,3,2,0,complexity_time,0,0,8.828309364616871e-05,5.0813076086342335e-05
0,evaluation_01,2,1,0,0,1,0,greedy,2,4,2,0.8,0,completed,3,2,0,complexity_time,0,0,7.814483251422644e-05,3.881391603499651e-05
0,evaluation_01,2,1,0,0,1,0,search,2,4,2,0.8,0,completed,3,2,0,complexity_time,0,0,0.00010541093070060015,5.698599852621555e-05
0,evaluation_01,0,0,1,0,3,8,no_review,2,0,2,0.0,4,completed,2,0,0,complexity_time,4,1,0.00015880190767347813,3.5572913475334644e-05
0,evaluation_02,2,0,0,0,0,4,edf,0,4,2,0.8,4,completed,2,1,1,reference,0,0,6.34749885648489e-05,3.5980017855763435e-05
0,evaluation_02,2,0,0,0,0,4,uncertainty,0,4,2,0.8,4,completed,2,1,1,reference,0,0,5.152309313416481e-05,2.71450262516737e-05
0,evaluation_02,2,0,0,0,0,4,greedy,0,4,2,0.8,4,completed,2,1,1,reference,0,0,5.969381891191006e-05,3.209791611880064e-05
0,evaluation_02,2,0,0,0,0,4,search,0,4,2,0.8,4,completed,2,1,1,reference,0,0,9.599106851965189e-05,6.495497655123472e-05
0,evaluation_02,0,0,0,0,0,4,no_review,0,0,2,0.0,4,completed,2,0,1,reference,0,0,9.933486580848694e-05,2.971501089632511e-05
0,evaluation_02,2,0,0,0,0,4,fcfs,0,4,2,0.8,4,completed,2,1,1,reference,0,0,4.4592772610485554e-05,2.1431944333016872e-05
0,evaluation_02,2,0,0,0,0,4,edf,0,2,1,0.4,4,completed,2,0,1,reference,0,0,4.873774014413357e-05,2.2648018784821033e-05
0,evaluation_02,2,0,0,0,0,4,uncertainty,0,2,1,0.4,4,completed,2,0,1,reference,0,0,5.038909148424864e-05,2.3142085410654545e-05
0,evaluation_02,2,0,0,0,0,4,greedy,0,2,1,0.4,4,completed,2,0,1,reference,0,0,5.505490116775036e-05,2.523604780435562e-05
0,evaluation_02,2,0,0,0,0,4,search,0,2,1,0.4,4,completed,2,0,1,reference,0,0,5.6932796724140644e-05,2.7624890208244324e-05
0,evaluation_02,0,0,0,1,1,4,no_review,0,0,1,0.0,4,completed,2,0,1,reference,0,0,9.526021312922239e-05,2.6428024284541607e-05
0,evaluation_02,2,0,0,0,0,4,fcfs,0,2,1,0.4,4,completed,2,0,1,reference,0,0,4.454876761883497e-05,2.053496427834034e-05
0,evaluation_02,2,0,0,0,0,4,edf,0,4,2,0.8,4,completed,2,1,1,approve_block,0,0,5.56230079382658e-05,2.9947957955300808e-05
0,evaluation_02,2,0,0,0,0,4,uncertainty,0,4,2,0.8,4,completed,2,1,1,approve_block,0,0,5.466490983963013e-05,2.9447022825479507e-05
0,evaluation_02,2,0,0,0,0,4,greedy,0,4,2,0.8,4,completed,2,1,1,approve_block,0,0,5.978380795568228e-05,3.307696897536516e-05
0,evaluation_02,2,0,0,0,0,4,search,0,4,2,0.8,4,completed,2,1,1,approve_block,0,0,6.868608761578798e-05,3.483204636722803e-05
0,evaluation_02,0,0,0,0,0,4,no_review,0,0,2,0.0,4,completed,2,0,1,approve_block,0,0,9.965000208467245e-05,3.056204877793789e-05
0,evaluation_02,2,0,0,0,0,4,fcfs,0,4,2,0.8,4,completed,2,1,1,approve_block,0,0,7.776706479489803e-05,4.662899300456047e-05
0,evaluation_02,2,0,0,0,0,4,edf,0,2,1,0.4,4,completed,2,0,1,approve_block,0,0,5.176884587854147e-05,2.3829983547329903e-05
0,evaluation_02,2,0,0,0,0,4,uncertainty,0,2,1,0.4,4,completed,2,0,1,approve_block,0,0,4.9313995987176895e-05,2.2875028662383556e-05
0,evaluation_02,2,0,0,0,0,4,greedy,0,2,1,0.4,4,completed,2,0,1,approve_block,0,0,5.118001718074083e-05,2.273893915116787e-05
0,evaluation_02,2,0,0,0,0,4,search,0,2,1,0.4,4,completed,2,0,1,approve_block,0,0,6.273400504142046e-05,2.9579969123005867e-05
0,evaluation_02,0,0,0,1,1,4,no_review,0,0,1,0.0,4,completed,2,0,1,approve_block,0,0,0.00010058307088911533,3.073702100664377e-05
0,evaluation_02,2,0,0,0,0,4,fcfs,0,2,1,0.4,4,completed,2,0,1,approve_block,0,0,4.7307927161455154e-05,2.2446969524025917e-05
0,evaluation_02,2,0,0,0,0,4,edf,0,4,2,0.8,4,completed,2,1,1,complexity_time,0,0,6.819702684879303e-05,3.598094917833805e-05
0,evaluation_02,2,0,0,0,0,4,uncertainty,0,4,2,0.8,4,completed,2,1,1,complexity_time,0,0,4.873506259173155e-05,2.230401150882244e-05
0,evaluation_02,2,0,0,0,0,4,greedy,0,4,2,0.8,4,completed,2,1,1,complexity_time,0,0,5.7369121350347996e-05,3.0472991056740284e-05
0,evaluation_02,2,0,0,0,0,4,search,0,4,2,0.8,4,completed,2,1,1,complexity_time,0,0,7.297797128558159e-05,4.449405241757631e-05
0,evaluation_02,0,0,0,0,0,4,no_review,0,0,2,0.0,4,completed,2,0,1,complexity_time,0,0,0.00010597892105579376,3.121595364063978e-05
0,evaluation_02,2,0,0,0,0,4,fcfs,0,4,2,0.8,4,completed,2,1,1,complexity_time,0,0,5.647994112223387e-05,3.212993033230305e-05
0,evaluation_02,2,0,0,0,0,4,edf,0,2,1,0.4,4,completed,2,0,1,complexity_time,0,0,5.5024982430040836e-05,3.0352966859936714e-05
0,evaluation_02,2,0,0,0,0,4,uncertainty,0,2,1,0.4,4,completed,2,0,1,complexity_time,0,0,4.775216802954674e-05,2.2483989596366882e-05
0,evaluation_02,2,0,0,0,0,4,greedy,0,2,1,0.4,4,completed,2,0,1,complexity_time,0,0,5.009514279663563e-05,2.2693071514368057e-05
0,evaluation_02,2,0,0,0,0,4,search,0,2,1,0.4,4,completed,2,0,1,complexity_time,0,0,5.620194133371115e-05,2.5853049010038376e-05
0,evaluation_02,0,0,0,1,1,4,no_review,0,0,1,0.0,4,completed,2,0,1,complexity_time,0,0,0.00011499912943691015,3.420503344386816e-05
0,evaluation_02,2,0,0,0,0,4,fcfs,0,2,1,0.4,4,completed,2,0,1,complexity_time,0,0,4.961690865457058e-05,2.3341039195656776e-05
0,evaluation_02,2,0,0,0,0,4,edf,1,4,2,0.8,4,completed,2,1,1,reference,0,0,6.724812556058168e-05,4.021008498966694e-05
0,evaluation_02,2,0,0,0,0,4,uncertainty,1,4,2,0.8,4,completed,2,1,1,reference,0,0,7.247389294207096e-05,4.2101950384676456e-05
0,evaluation_02,2,0,0,0,0,4,greedy,1,4,2,0.8,4,completed,2,1,1,reference,0,0,6.767711602151394e-05,4.080706275999546e-05
0,evaluation_02,2,0,0,0,0,4,search,1,4,2,0.8,4,completed,2,1,1,reference,0,0,7.064500823616982e-05,3.835093230009079e-05
0,evaluation_02,0,0,0,0,0,4,no_review,1,0,2,0.0,4,completed,2,0,1,reference,0,0,9.99419717118144e-05,2.9275077395141125e-05
0,evaluation_02,2,0,0,0,0,4,fcfs,1,4,2,0.8,4,completed,2,1,1,reference,0,0,6.444694008678198e-05,3.974896389991045e-05
0,evaluation_02,2,0,0,0,0,4,edf,1,2,1,0.4,4,completed,2,0,1,reference,0,0,5.065987352281809e-05,2.3987027816474438e-05
0,evaluation_02,2,0,0,0,0,4,uncertainty,1,2,1,0.4,4,completed,2,0,1,reference,0,0,5.3527066484093666e-05,2.467096783220768e-05
0,evaluation_02,2,0,0,0,0,4,greedy,1,2,1,0.4,4,completed,2,0,1,reference,0,0,5.92678552493453e-05,2.7581932954490185e-05
0,evaluation_02,2,0,0,0,0,4,search,1,2,1,0.4,4,completed,2,0,1,reference,0,0,5.279493052512407e-05,2.5092042051255703e-05
0,evaluation_02,0,0,0,1,1,4,no_review,1,0,1,0.0,4,completed,2,0,1,reference,0,0,0.00010752410162240267,3.279908560216427e-05
0,evaluation_02,2,0,0,0,0,4,fcfs,1,2,1,0.4,4,completed,2,0,1,reference,0,0,4.8923189751803875e-05,2.2041029296815395e-05
0,evaluation_02,2,0,0,0,0,4,edf,1,4,2,0.8,4,completed,2,1,1,approve_block,0,0,4.676799289882183e-05,2.239900641143322e-05
0,evaluation_02,2,0,0,0,0,4,uncertainty,1,4,2,0.8,4,completed,2,1,1,approve_block,0,0,5.751813296228647e-05,3.209803253412247e-05
0,evaluation_02,2,0,0,0,0,4,greedy,1,4,2,0.8,4,completed,2,1,1,approve_block,0,0,6.532797124236822e-05,3.6146026104688644e-05
0,evaluation_02,2,0,0,0,0,4,search,1,4,2,0.8,4,completed,2,1,1,approve_block,0,0,6.466102786362171e-05,3.4371973015367985e-05
0,evaluation_02,0,0,0,0,0,4,no_review,1,0,2,0.0,4,completed,2,0,1,approve_block,0,0,0.00010546587873250246,3.540096804499626e-05
0,evaluation_02,2,0,0,0,0,4,fcfs,1,4,2,0.8,4,completed,2,1,1,approve_block,0,0,6.669491995126009e-05,3.4397002309560776e-05
0,evaluation_02,2,0,0,0,0,4,edf,1,2,1,0.4,4,completed,2,0,1,approve_block,0,0,4.4276006519794464e-05,2.0897015929222107e-05
0,evaluation_02,2,0,0,0,0,4,uncertainty,1,2,1,0.4,4,completed,2,0,1,approve_block,0,0,4.8021902330219746e-05,2.314907032996416e-05
0,evaluation_02,2,0,0,0,0,4,greedy,1,2,1,0.4,4,completed,2,0,1,approve_block,0,0,5.003891419619322e-05,2.3074913769960403e-05
0,evaluation_02,2,0,0,0,0,4,search,1,2,1,0.4,4,completed,2,0,1,approve_block,0,0,5.0446134991943836e-05,2.62110261246562e-05
0,evaluation_02,0,0,0,1,1,4,no_review,1,0,1,0.0,4,completed,2,0,1,approve_block,0,0,0.00011571694631129503,3.8277008570730686e-05
0,evaluation_02,2,0,0,0,0,4,fcfs,1,2,1,0.4,4,completed,2,0,1,approve_block,0,0,4.6381144784390926e-05,2.1880026906728745e-05
0,evaluation_02,2,0,0,0,0,4,edf,1,4,2,0.8,4,completed,2,1,1,complexity_time,0,0,5.432218313217163e-05,2.987310290336609e-05
0,evaluation_02,2,0,0,0,0,4,uncertainty,1,4,2,0.8,4,completed,2,1,1,complexity_time,0,0,6.453308742493391e-05,3.928400110453367e-05
0,evaluation_02,2,0,0,0,0,4,greedy,1,4,2,0.8,4,completed,2,1,1,complexity_time,0,0,6.441597361117601e-05,3.6748009733855724e-05
0,evaluation_02,2,0,0,0,0,4,search,1,4,2,0.8,4,completed,2,1,1,complexity_time,0,0,9.658082854002714e-05,4.8278016038239e-05
0,evaluation_02,0,0,0,0,0,4,no_review,1,0,2,0.0,4,completed,2,0,1,complexity_time,0,0,0.00010564294643700123,3.581203054636717e-05
0,evaluation_02,2,0,0,0,0,4,fcfs,1,4,2,0.8,4,completed,2,1,1,complexity_time,0,0,5.9017096646130085e-05,2.9471004381775856e-05
0,evaluation_02,2,0,0,0,0,4,edf,1,2,1,0.4,4,completed,2,0,1,complexity_time,0,0,5.127501208335161e-05,2.3769913241267204e-05
0,evaluation_02,2,0,0,0,0,4,uncertainty,1,2,1,0.4,4,completed,2,0,1,complexity_time,0,0,4.9389200285077095e-05,2.297700848430395e-05
0,evaluation_02,2,0,0,0,0,4,greedy,1,2,1,0.4,4,completed,2,0,1,complexity_time,0,0,5.2271061576902866e-05,2.4677952751517296e-05
0,evaluation_02,2,0,0,0,0,4,search,1,2,1,0.4,4,completed,2,0,1,complexity_time,0,0,5.6399847380816936e-05,2.717995084822178e-05
0,evaluation_02,0,0,0,1,1,4,no_review,1,0,1,0.0,4,completed,2,0,1,complexity_time,0,0,0.00010528776329010725,3.2673939131200314e-05
0,evaluation_02,2,0,0,0,0,4,fcfs,1,2,1,0.4,4,completed,2,0,1,complexity_time,0,0,4.497193731367588e-05,2.0026927813887596e-05
0,evaluation_02,2,0,0,0,0,4,edf,2,4,2,0.8,4,completed,2,1,1,reference,0,0,5.767703987658024e-05,3.3386051654815674e-05
0,evaluation_02,2,0,0,0,0,4,uncertainty,2,4,2,0.8,4,completed,2,1,1,reference,0,0,6.43748790025711e-05,3.4819007851183414e-05
0,evaluation_02,2,0,0,0,0,4,greedy,2,4,2,0.8,4,completed,2,1,1,reference,0,0,5.0214934162795544e-05,2.4496926926076412e-05
0,evaluation_02,2,0,0,0,0,4,search,2,4,2,0.8,4,completed,2,1,1,reference,0,0,5.980499554425478e-05,3.060605376958847e-05
0,evaluation_02,0,0,0,0,0,4,no_review,2,0,2,0.0,4,completed,2,0,1,reference,0,0,0.00010240171104669571,3.115902654826641e-05
0,evaluation_02,2,0,0,0,0,4,fcfs,2,4,2,0.8,4,completed,2,1,1,reference,0,0,5.8566220104694366e-05,3.4689088352024555e-05
0,evaluation_02,2,0,0,0,0,4,edf,2,2,1,0.4,4,completed,2,0,1,reference,0,0,5.667004734277725e-05,2.695806324481964e-05
0,evaluation_02,2,0,0,0,0,4,uncertainty,2,2,1,0.4,4,completed,2,0,1,reference,0,0,5.581520963460207e-05,2.44510592892766e-05
0,evaluation_02,2,0,0,0,0,4,greedy,2,2,1,0.4,4,completed,2,0,1,reference,0,0,4.845880903303623e-05,2.3304950445890427e-05
0,evaluation_02,2,0,0,0,0,4,search,2,2,1,0.4,4,completed,2,0,1,reference,0,0,5.831208545714617e-05,2.6857946068048477e-05
0,evaluation_02,0,0,0,1,1,4,no_review,2,0,1,0.0,4,completed,2,0,1,reference,0,0,0.00010942888911813498,3.67569737136364e-05
0,evaluation_02,2,0,0,0,0,4,fcfs,2,2,1,0.4,4,completed,2,0,1,reference,0,0,4.621397238224745e-05,2.3027067072689533e-05
0,evaluation_02,2,0,0,0,0,4,edf,2,4,2,0.8,4,completed,2,1,1,approve_block,0,0,5.165906623005867e-05,2.5470973923802376e-05
0,evaluation_02,2,0,0,0,0,4,uncertainty,2,4,2,0.8,4,completed,2,1,1,approve_block,0,0,6.623286753892899e-05,3.8906000554561615e-05
0,evaluation_02,2,0,0,0,0,4,greedy,2,4,2,0.8,4,completed,2,1,1,approve_block,0,0,6.223598029464483e-05,3.607291728258133e-05
0,evaluation_02,2,0,0,0,0,4,search,2,4,2,0.8,4,completed,2,1,1,approve_block,0,0,6.258510984480381e-05,3.183598164469004e-05
0,evaluation_02,0,0,0,0,0,4,no_review,2,0,2,0.0,4,completed,2,0,1,approve_block,0,0,0.00010183698032051325,3.243202809244394e-05
0,evaluation_02,2,0,0,0,0,4,fcfs,2,4,2,0.8,4,completed,2,1,1,approve_block,0,0,5.635898560285568e-05,3.1442963518202305e-05
0,evaluation_02,2,0,0,0,0,4,edf,2,2,1,0.4,4,completed,2,0,1,approve_block,0,0,4.279392305761576e-05,2.095499075949192e-05
0,evaluation_02,2,0,0,0,0,4,uncertainty,2,2,1,0.4,4,completed,2,0,1,approve_block,0,0,5.006196442991495e-05,2.259307075291872e-05
0,evaluation_02,2,0,0,0,0,4,greedy,2,2,1,0.4,4,completed,2,0,1,approve_block,0,0,4.630396142601967e-05,2.1949992515146732e-05
0,evaluation_02,2,0,0,0,0,4,search,2,2,1,0.4,4,completed,2,0,1,approve_block,0,0,5.6860968470573425e-05,2.6117078959941864e-05
0,evaluation_02,0,0,0,1,1,4,no_review,2,0,1,0.0,4,completed,2,0,1,approve_block,0,0,0.00010931200813502073,3.7773046642541885e-05
0,evaluation_02,2,0,0,0,0,4,fcfs,2,2,1,0.4,4,completed,2,0,1,approve_block,0,0,4.3699867092072964e-05,2.1198997274041176e-05
0,evaluation_02,2,0,0,0,0,4,edf,2,4,2,0.8,4,completed,2,1,1,complexity_time,0,0,6.199500057846308e-05,3.4451019018888474e-05
0,evaluation_02,2,0,0,0,0,4,uncertainty,2,4,2,0.8,4,completed,2,1,1,complexity_time,0,0,5.865294951945543e-05,3.131793346256018e-05
0,evaluation_02,2,0,0,0,0,4,greedy,2,4,2,0.8,4,completed,2,1,1,complexity_time,0,0,6.969203241169453e-05,4.207796882838011e-05
0,evaluation_02,2,0,0,0,0,4,search,2,4,2,0.8,4,completed,2,1,1,complexity_time,0,0,6.882392335683107e-05,3.7579913623631e-05
0,evaluation_02,0,0,0,0,0,4,no_review,2,0,2,0.0,4,completed,2,0,1,complexity_time,0,0,0.00011102692224085331,3.553892020136118e-05
0,evaluation_02,2,0,0,0,0,4,fcfs,2,4,2,0.8,4,completed,2,1,1,complexity_time,0,0,5.208887159824371e-05,2.855097409337759e-05
0,evaluation_02,2,0,0,0,0,4,edf,2,2,1,0.4,4,completed,2,0,1,complexity_time,0,0,5.034997593611479e-05,2.2351043298840523e-05
0,evaluation_02,2,0,0,0,0,4,uncertainty,2,2,1,0.4,4,completed,2,0,1,complexity_time,0,0,5.7875062339007854e-05,2.498505637049675e-05
0,evaluation_02,2,0,0,0,0,4,greedy,2,2,1,0.4,4,completed,2,0,1,complexity_time,0,0,5.5385055020451546e-05,2.5526038371026516e-05
0,evaluation_02,2,0,0,0,0,4,search,2,2,1,0.4,4,completed,2,0,1,complexity_time,0,0,6.169895641505718e-05,2.97910301014781e-05
0,evaluation_02,0,0,0,1,1,4,no_review,2,0,1,0.0,4,completed,2,0,1,complexity_time,0,0,0.00013917603064328432,5.217303987592459e-05
0,evaluation_02,2,0,0,0,0,4,fcfs,2,2,1,0.4,4,completed,2,0,1,complexity_time,0,0,4.4444575905799866e-05,2.097594551742077e-05
0,evaluation_03,3,1,0,1,2,0,uncertainty,0,3,1,0.6,0,completed,3,2,0,reference,0,0,0.00011047604493796825,3.697501961141825e-05
0,evaluation_03,3,1,0,1,2,0,greedy,0,3,1,0.6,0,completed,3,2,0,reference,0,0,0.00010727695189416409,3.629701677709818e-05
0,evaluation_03,3,1,0,1,2,0,search,0,3,1,0.6,0,completed,3,2,0,reference,0,0,0.00011970079503953457,4.2835017666220665e-05
0,evaluation_03,0,0,1,3,5,12,no_review,0,0,1,0.0,4,completed,2,0,0,reference,8,1,0.00016322603914886713,5.088199395686388e-05
0,evaluation_03,3,1,0,1,2,0,fcfs,0,3,1,0.6,0,completed,3,2,0,reference,0,0,9.398988913744688e-05,3.061594907194376e-05
0,evaluation_03,3,1,0,1,2,0,edf,0,3,1,0.6,0,completed,3,2,0,reference,0,0,0.00011273706331849098,4.034792073071003e-05
0,evaluation_03,2,1,0,0,2,0,uncertainty,0,4,2,0.8,0,completed,3,1,0,reference,0,0,0.00012802507262676954,6.035494152456522e-05
0,evaluation_03,2,1,0,0,2,0,greedy,0,4,2,0.8,0,completed,3,1,0,reference,0,0,0.0001413262216374278,7.412408012896776e-05
0,evaluation_03,2,1,0,0,2,0,search,0,4,2,0.8,0,completed,3,1,0,reference,0,0,0.00013547088019549847,5.512707866728306e-05
0,evaluation_03,0,0,1,1,4,12,no_review,0,0,2,0.0,4,completed,2,0,0,reference,8,1,0.00014487910084426403,3.5144039429724216e-05
0,evaluation_03,2,0,1,0,2,12,fcfs,0,4,2,0.8,4,completed,2,2,0,reference,8,1,0.00010801490861922503,3.749795723706484e-05
0,evaluation_03,2,0,1,0,2,12,edf,0,4,2,0.8,4,completed,2,2,0,reference,8,1,9.13119874894619e-05,3.5186996683478355e-05
1,evaluation_03,3,0,0,1,2,4,uncertainty,0,3,1,0.6,4,completed,2,2,0,approve_block,0,0,0.00011243612971156836,3.868900239467621e-05
1,evaluation_03,3,0,0,1,2,4,greedy,0,3,1,0.6,4,completed,2,2,0,approve_block,0,0,0.00010099110659211874,3.450096119195223e-05
1,evaluation_03,3,0,0,1,2,4,search,0,3,1,0.6,4,completed,2,2,0,approve_block,0,0,0.00014704314526170492,5.217606667429209e-05
0,evaluation_03,0,0,1,3,5,12,no_review,0,0,1,0.0,4,completed,2,0,0,approve_block,8,1,0.00016078795306384563,4.499009810388088e-05
1,evaluation_03,3,0,0,1,2,4,fcfs,0,3,1,0.6,4,completed,2,2,0,approve_block,0,0,0.00010173581540584564,3.72159993276e-05
1,evaluation_03,3,0,0,1,2,4,edf,0,3,1,0.6,4,completed,2,2,0,approve_block,0,0,0.00011331797577440739,3.9353035390377045e-05
1,evaluation_03,2,0,0,0,2,4,uncertainty,0,4,2,0.8,4,completed,2,1,0,approve_block,0,0,0.00011005101259797812,4.6298024244606495e-05
1,evaluation_03,2,0,0,0,2,4,greedy,0,4,2,0.8,4,completed,2,1,0,approve_block,0,0,0.00014827994164079428,7.783900946378708e-05
1,evaluation_03,2,0,0,0,2,4,search,0,4,2,0.8,4,completed,2,1,0,approve_block,0,0,0.00013448309618979692,6.139103788882494e-05
0,evaluation_03,0,0,1,1,4,12,no_review,0,0,2,0.0,4,completed,2,0,0,approve_block,8,1,0.00014822196681052446,3.7770951166749e-05
0,evaluation_03,2,0,1,0,2,12,fcfs,0,4,2,0.8,4,completed,2,2,0,approve_block,8,1,0.0001099718501791358,4.5030959881842136e-05
0,evaluation_03,2,0,1,0,2,12,edf,0,4,2,0.8,4,completed,2,2,0,approve_block,8,1,9.340594988316298e-05,3.2769981771707535e-05
0,evaluation_03,3,1,0,1,2,0,uncertainty,0,3,1,0.6,0,completed,3,2,0,complexity_time,0,0,0.00013270089402794838,5.9001962654292583e-05
0,evaluation_03,3,1,0,1,2,0,greedy,0,3,1,0.6,0,completed,3,2,0,complexity_time,0,0,0.00010992505121976137,3.735802602022886e-05
0,evaluation_03,3,1,0,1,2,0,search,0,3,1,0.6,0,completed,3,2,0,complexity_time,0,0,0.00013720092829316854,4.766101483255625e-05
0,evaluation_03,0,0,1,3,5,12,no_review,0,0,1,0.0,4,completed,2,0,0,complexity_time,8,1,0.0001644390868023038,5.032599437981844e-05
0,evaluation_03,3,1,0,1,2,0,fcfs,0,3,1,0.6,0,completed,3,2,0,complexity_time,0,0,9.729410521686077e-05,3.5020988434553146e-05
0,evaluation_03,3,1,0,1,2,0,edf,0,3,1,0.6,0,completed,3,2,0,complexity_time,0,0,0.00011159502901136875,3.9026024751365185e-05
0,evaluation_03,2,1,0,0,2,0,uncertainty,0,4,2,0.8,0,completed,3,1,0,complexity_time,0,0,0.00011315604206174612,4.689802881330252e-05
0,evaluation_03,2,1,0,0,2,0,greedy,0,4,2,0.8,0,completed,3,1,0,complexity_time,0,0,0.00013292604126036167,5.687703378498554e-05
0,evaluation_03,2,1,0,0,2,0,search,0,4,2,0.8,0,completed,3,1,0,complexity_time,0,0,0.00012726709246635437,4.2274012230336666e-05
0,evaluation_03,0,0,1,1,4,12,no_review,0,0,2,0.0,4,completed,2,0,0,complexity_time,8,1,0.0001544071128591895,4.564505070447922e-05
0,evaluation_03,2,0,1,0,2,12,fcfs,0,4,2,0.8,4,completed,2,2,0,complexity_time,8,1,0.00010726694017648697,4.335097037255764e-05
0,evaluation_03,2,0,1,0,2,12,edf,0,4,2,0.8,4,completed,2,2,0,complexity_time,8,1,0.000115945003926754,4.147400613874197e-05
0,evaluation_03,3,1,0,1,2,0,uncertainty,1,3,1,0.6,0,completed,3,2,0,reference,0,0,0.00011076789814978838,3.7053017877042294e-05
0,evaluation_03,3,1,0,1,2,0,greedy,1,3,1,0.6,0,completed,3,2,0,reference,0,0,9.641202632337809e-05,3.3868011087179184e-05
0,evaluation_03,3,1,0,1,2,0,search,1,3,1,0.6,0,completed,3,2,0,reference,0,0,0.00013620196841657162,4.502397496253252e-05
0,evaluation_03,0,0,1,3,5,12,no_review,1,0,1,0.0,4,completed,2,0,0,reference,8,1,0.00014429108705371618,3.3318065106868744e-05
0,evaluation_03,3,1,0,1,2,0,fcfs,1,3,1,0.6,0,completed,3,2,0,reference,0,0,9.630899876356125e-05,3.178301267325878e-05
0,evaluation_03,3,1,0,1,2,0,edf,1,3,1,0.6,0,completed,3,2,0,reference,0,0,0.00010433781426399946,3.5502947866916656e-05
0,evaluation_03,2,1,0,0,2,0,uncertainty,1,4,2,0.8,0,completed,3,1,0,reference,0,0,0.00011185789480805397,4.7631911002099514e-05
0,evaluation_03,2,1,0,0,2,0,greedy,1,4,2,0.8,0,completed,3,1,0,reference,0,0,0.00011974992230534554,5.559297278523445e-05
0,evaluation_03,2,1,0,0,2,0,search,1,4,2,0.8,0,completed,3,1,0,reference,0,0,0.00013734283857047558,5.396595224738121e-05
0,evaluation_03,0,0,1,1,4,12,no_review,1,0,2,0.0,4,completed,2,0,0,reference,8,1,0.00016224710270762444,4.881201311945915e-05
0,evaluation_03,2,0,1,0,2,12,fcfs,1,4,2,0.8,4,completed,2,2,0,reference,8,1,0.00011009711306542158,4.126399289816618e-05
0,evaluation_03,2,0,1,0,2,12,edf,1,4,2,0.8,4,completed,2,2,0,reference,8,1,0.00012081104796379805,4.514900501817465e-05
1,evaluation_03,3,0,0,1,2,4,uncertainty,1,3,1,0.6,4,completed,2,2,0,approve_block,0,0,0.00010382500477135181,3.414496313780546e-05
1,evaluation_03,3,0,0,1,2,4,greedy,1,3,1,0.6,4,completed,2,2,0,approve_block,0,0,8.987111505120993e-05,3.398209810256958e-05
1,evaluation_03,3,0,0,1,2,4,search,1,3,1,0.6,4,completed,2,2,0,approve_block,0,0,0.00013081904035061598,4.67570498585701e-05
0,evaluation_03,0,0,1,3,5,12,no_review,1,0,1,0.0,4,completed,2,0,0,approve_block,8,1,0.00015638209879398346,3.883999306708574e-05
1,evaluation_03,3,0,0,1,2,4,fcfs,1,3,1,0.6,4,completed,2,2,0,approve_block,0,0,0.00010837393347173929,3.947701770812273e-05
1,evaluation_03,3,0,0,1,2,4,edf,1,3,1,0.6,4,completed,2,2,0,approve_block,0,0,8.925283327698708e-05,3.327301237732172e-05
1,evaluation_03,2,0,0,0,2,4,uncertainty,1,4,2,0.8,4,completed,2,1,0,approve_block,0,0,0.00010992400348186493,4.7053094021975994e-05
1,evaluation_03,2,0,0,0,2,4,greedy,1,4,2,0.8,4,completed,2,1,0,approve_block,0,0,0.0001215948723256588,4.5481021516025066e-05
1,evaluation_03,2,0,0,0,2,4,search,1,4,2,0.8,4,completed,2,1,0,approve_block,0,0,0.0001061748480424285,4.28520143032074e-05
0,evaluation_03,0,0,1,1,4,12,no_review,1,0,2,0.0,4,completed,2,0,0,approve_block,8,1,0.00016287993639707565,4.9798982217907906e-05
0,evaluation_03,2,0,1,0,2,12,fcfs,1,4,2,0.8,4,completed,2,2,0,approve_block,8,1,9.999412577599287e-05,3.7035089917480946e-05
0,evaluation_03,2,0,1,0,2,12,edf,1,4,2,0.8,4,completed,2,2,0,approve_block,8,1,0.0001259602140635252,4.993402399122715e-05
0,evaluation_03,3,1,0,1,2,0,uncertainty,1,3,1,0.6,0,completed,3,2,0,complexity_time,0,0,0.00010403094347566366,3.435311373323202e-05
0,evaluation_03,3,1,0,1,2,0,greedy,1,3,1,0.6,0,completed,3,2,0,complexity_time,0,0,9.354588109999895e-05,3.53099312633276e-05
0,evaluation_03,3,1,0,1,2,0,search,1,3,1,0.6,0,completed,3,2,0,complexity_time,0,0,0.0001305451150983572,4.2884028516709805e-05
0,evaluation_03,0,0,1,3,5,12,no_review,1,0,1,0.0,4,completed,2,0,0,complexity_time,8,1,0.0001625110162422061,4.708289634436369e-05
0,evaluation_03,3,1,0,1,2,0,fcfs,1,3,1,0.6,0,completed,3,2,0,complexity_time,0,0,0.0001033680746331811,3.833998925983906e-05
0,evaluation_03,3,1,0,1,2,0,edf,1,3,1,0.6,0,completed,3,2,0,complexity_time,0,0,0.00015108997467905283,7.499090861529112e-05
0,evaluation_03,2,1,0,0,2,0,uncertainty,1,4,2,0.8,0,completed,3,1,0,complexity_time,0,0,0.0001038690097630024,4.026899114251137e-05
0,evaluation_03,2,1,0,0,2,0,greedy,1,4,2,0.8,0,completed,3,1,0,complexity_time,0,0,0.000109856016933918,4.612002521753311e-05
0,evaluation_03,2,1,0,0,2,0,search,1,4,2,0.8,0,completed,3,1,0,complexity_time,0,0,0.0001454680459573865,6.371305789798498e-05
0,evaluation_03,0,0,1,1,4,12,no_review,1,0,2,0.0,4,completed,2,0,0,complexity_time,8,1,0.0001551042078062892,4.695402458310127e-05
0,evaluation_03,2,0,1,0,2,12,fcfs,1,4,2,0.8,4,completed,2,2,0,complexity_time,8,1,0.00010908499825745821,4.905997775495052e-05
0,evaluation_03,2,0,1,0,2,12,edf,1,4,2,0.8,4,completed,2,2,0,complexity_time,8,1,0.00011330912820994854,4.857499152421951e-05
0,evaluation_03,3,1,0,1,2,0,uncertainty,2,3,1,0.6,0,completed,3,2,0,reference,0,0,0.00010691303759813309,3.6503071896731853e-05
0,evaluation_03,3,1,0,1,2,0,greedy,2,3,1,0.6,0,completed,3,2,0,reference,0,0,0.00011433614417910576,4.057004116475582e-05
0,evaluation_03,3,1,0,1,2,0,search,2,3,1,0.6,0,completed,3,2,0,reference,0,0,0.0001309431390836835,4.3064006604254246e-05
0,evaluation_03,0,0,1,3,5,12,no_review,2,0,1,0.0,4,completed,2,0,0,reference,8,1,0.00016905006486922503,5.3344061598181725e-05
0,evaluation_03,3,1,0,1,2,0,fcfs,2,3,1,0.6,0,completed,3,2,0,reference,0,0,9.883998427540064e-05,3.338197711855173e-05
0,evaluation_03,3,1,0,1,2,0,edf,2,3,1,0.6,0,completed,3,2,0,reference,0,0,0.00010647100862115622,3.6939047276973724e-05
0,evaluation_03,2,1,0,0,2,0,uncertainty,2,4,2,0.8,0,completed,3,1,0,reference,0,0,0.00010895403102040291,4.563701804727316e-05
0,evaluation_03,2,1,0,0,2,0,greedy,2,4,2,0.8,0,completed,3,1,0,reference,0,0,0.00013220903929322958,5.682103801518679e-05
0,evaluation_03,2,1,0,0,2,0,search,2,4,2,0.8,0,completed,3,1,0,reference,0,0,0.00011951406486332417,4.9181049689650536e-05
0,evaluation_03,0,0,1,1,4,12,no_review,2,0,2,0.0,4,completed,2,0,0,reference,8,1,0.00015661888755857944,4.3970998376607895e-05
0,evaluation_03,2,0,1,0,2,12,fcfs,2,4,2,0.8,4,completed,2,2,0,reference,8,1,9.928899817168713e-05,3.6766985431313515e-05
0,evaluation_03,2,0,1,0,2,12,edf,2,4,2,0.8,4,completed,2,2,0,reference,8,1,0.0001293059904128313,4.996301140636206e-05
1,evaluation_03,3,0,0,1,2,4,uncertainty,2,3,1,0.6,4,completed,2,2,0,approve_block,0,0,0.00010164815466850996,3.554997965693474e-05
1,evaluation_03,3,0,0,1,2,4,greedy,2,3,1,0.6,4,completed,2,2,0,approve_block,0,0,0.00011168408673256636,3.986398223787546e-05
1,evaluation_03,3,0,0,1,2,4,search,2,3,1,0.6,4,completed,2,2,0,approve_block,0,0,0.00016795704141259193,7.466704118996859e-05
0,evaluation_03,0,0,1,3,5,12,no_review,2,0,1,0.0,4,completed,2,0,0,approve_block,8,1,0.00022140599321573973,7.307995110750198e-05
1,evaluation_03,3,0,0,1,2,4,fcfs,2,3,1,0.6,4,completed,2,2,0,approve_block,0,0,0.00012320303358137608,5.193892866373062e-05
1,evaluation_03,3,0,0,1,2,4,edf,2,3,1,0.6,4,completed,2,2,0,approve_block,0,0,0.00013047701213508844,5.70670235902071e-05
1,evaluation_03,2,0,0,0,2,4,uncertainty,2,4,2,0.8,4,completed,2,1,0,approve_block,0,0,0.0001256931573152542,5.6333024986088276e-05
1,evaluation_03,2,0,0,0,2,4,greedy,2,4,2,0.8,4,completed,2,1,0,approve_block,0,0,0.00013198191300034523,5.3310999646782875e-05
1,evaluation_03,2,0,0,0,2,4,search,2,4,2,0.8,4,completed,2,1,0,approve_block,0,0,0.00012653297744691372,5.120597779750824e-05
0,evaluation_03,0,0,1,1,4,12,no_review,2,0,2,0.0,4,completed,2,0,0,approve_block,8,1,0.00016324396710842848,5.048199091106653e-05
0,evaluation_03,2,0,1,0,2,12,fcfs,2,4,2,0.8,4,completed,2,2,0,approve_block,8,1,0.0001012969296425581,4.298402927815914e-05
0,evaluation_03,2,0,1,0,2,12,edf,2,4,2,0.8,4,completed,2,2,0,approve_block,8,1,0.00013136398047208786,5.332101136445999e-05
0,evaluation_03,3,1,0,1,2,0,uncertainty,2,3,1,0.6,0,completed,3,2,0,complexity_time,0,0,0.00012769107706844807,5.7679018937051296e-05
0,evaluation_03,3,1,0,1,2,0,greedy,2,3,1,0.6,0,completed,3,2,0,complexity_time,0,0,0.00010364910122007132,3.312795888632536e-05
0,evaluation_03,3,1,0,1,2,0,search,2,3,1,0.6,0,completed,3,2,0,complexity_time,0,0,0.00012131908442825079,4.2460975237190723e-05
0,evaluation_03,0,0,1,3,5,12,no_review,2,0,1,0.0,4,completed,2,0,0,complexity_time,8,1,0.00015884079039096832,4.393095150589943e-05
0,evaluation_03,3,1,0,1,2,0,fcfs,2,3,1,0.6,0,completed,3,2,0,complexity_time,0,0,0.00010338693391531706,3.80929559469223e-05
0,evaluation_03,3,1,0,1,2,0,edf,2,3,1,0.6,0,completed,3,2,0,complexity_time,0,0,0.00010839395690709352,3.584090154618025e-05
0,evaluation_03,2,1,0,0,2,0,uncertainty,2,4,2,0.8,0,completed,3,1,0,complexity_time,0,0,0.00011459784582257271,4.935893230140209e-05
0,evaluation_03,2,1,0,0,2,0,greedy,2,4,2,0.8,0,completed,3,1,0,complexity_time,0,0,0.00015186099335551262,7.988105062395334e-05
0,evaluation_03,2,1,0,0,2,0,search,2,4,2,0.8,0,completed,3,1,0,complexity_time,0,0,0.00014787993859499693,6.382795982062817e-05
0,evaluation_03,0,0,1,1,4,12,no_review,2,0,2,0.0,4,completed,2,0,0,complexity_time,8,1,0.0001506948610767722,4.004605580121279e-05
0,evaluation_03,2,0,1,0,2,12,fcfs,2,4,2,0.8,4,completed,2,2,0,complexity_time,8,1,9.198393672704697e-05,3.250897862017155e-05
0,evaluation_03,2,0,1,0,2,12,edf,2,4,2,0.8,4,completed,2,2,0,complexity_time,8,1,0.0001300839940086007,5.360099021345377e-05
0,evaluation_04,2,1,0,0,0,4,greedy,0,4,2,0.6666666666666666,4,completed,2,1,1,reference,0,0,5.50529221072793e-05,2.660299651324749e-05
0,evaluation_04,2,1,0,0,0,4,search,0,4,2,0.6666666666666666,4,completed,2,1,1,reference,0,0,7.713213562965393e-05,3.660109359771013e-05
0,evaluation_04,0,0,1,0,0,16,no_review,0,0,2,0.0,8,completed,1,0,1,reference,8,1,0.00018209591507911682,4.2189029045403004e-05
0,evaluation_04,2,1,0,0,0,4,fcfs,0,4,2,0.6666666666666666,4,completed,2,1,1,reference,0,0,6.055505946278572e-05,3.257801290601492e-05
0,evaluation_04,2,1,0,0,0,4,edf,0,4,2,0.6666666666666666,4,completed,2,1,1,reference,0,0,6.713485345244408e-05,4.054000601172447e-05
0,evaluation_04,2,1,0,0,0,4,uncertainty,0,4,2,0.6666666666666666,4,completed,2,1,1,reference,0,0,6.097101140767336e-05,3.5137985832989216e-05
0,evaluation_04,2,1,0,0,0,4,greedy,0,2,1,0.3333333333333333,4,completed,2,0,1,reference,0,0,6.352702621370554e-05,3.466603811830282e-05
0,evaluation_04,2,1,0,0,0,4,search,0,2,1,0.3333333333333333,4,completed,2,0,1,reference,0,0,7.478310726583004e-05,4.0798913687467575e-05
0,evaluation_04,0,0,1,1,1,16,no_review,0,0,1,0.0,8,completed,1,0,1,reference,8,1,0.00011415500193834305,3.330502659082413e-05
0,evaluation_04,2,1,0,0,0,4,fcfs,0,2,1,0.3333333333333333,4,completed,2,0,1,reference,0,0,6.0516176745295525e-05,3.0768103897571564e-05
0,evaluation_04,2,1,0,0,0,4,edf,0,2,1,0.3333333333333333,4,completed,2,0,1,reference,0,0,4.872819408774376e-05,2.173706889152527e-05
0,evaluation_04,2,1,0,0,0,4,uncertainty,0,2,1,0.3333333333333333,4,completed,2,0,1,reference,0,0,5.0562783144414425e-05,2.3812055587768555e-05
1,evaluation_04,2,0,0,0,0,8,greedy,0,4,2,0.6666666666666666,8,completed,1,1,1,approve_block,0,0,6.480689626187086e-05,3.800599370151758e-05
1,evaluation_04,2,0,0,0,0,8,search,0,4,2,0.6666666666666666,8,completed,1,1,1,approve_block,0,0,8.174905087798834e-05,4.9461028538644314e-05
0,evaluation_04,0,0,1,0,0,16,no_review,0,0,2,0.0,8,completed,1,0,1,approve_block,8,1,0.00010450987610965967,2.424407284706831e-05
1,evaluation_04,2,0,0,0,0,8,fcfs,0,4,2,0.6666666666666666,8,completed,1,1,1,approve_block,0,0,5.970103666186333e-05,3.368104808032513e-05
1,evaluation_04,2,0,0,0,0,8,edf,0,4,2,0.6666666666666666,8,completed,1,1,1,approve_block,0,0,8.376094046980143e-05,3.9334059692919254e-05
1,evaluation_04,2,0,0,0,0,8,uncertainty,0,4,2,0.6666666666666666,8,completed,1,1,1,approve_block,0,0,5.7690893299877644e-05,2.9015005566179752e-05
1,evaluation_04,2,0,0,0,0,8,greedy,0,2,1,0.3333333333333333,8,completed,1,0,1,approve_block,0,0,4.646903835237026e-05,2.3417058400809765e-05
1,evaluation_04,2,0,0,0,0,8,search,0,2,1,0.3333333333333333,8,completed,1,0,1,approve_block,0,0,6.114481948316097e-05,2.742791548371315e-05
0,evaluation_04,0,0,1,1,1,16,no_review,0,0,1,0.0,8,completed,1,0,1,approve_block,8,1,0.00012041907757520676,3.924500197172165e-05
1,evaluation_04,2,0,0,0,0,8,fcfs,0,2,1,0.3333333333333333,8,completed,1,0,1,approve_block,0,0,3.82040161639452e-05,1.722609158605337e-05
1,evaluation_04,2,0,0,0,0,8,edf,0,2,1,0.3333333333333333,8,completed,1,0,1,approve_block,0,0,5.235511343926191e-05,2.278597094118595e-05
1,evaluation_04,2,0,0,0,0,8,uncertainty,0,2,1,0.3333333333333333,8,completed,1,0,1,approve_block,0,0,4.868791438639164e-05,2.1504005417227745e-05
0,evaluation_04,2,1,0,0,0,4,greedy,0,4,2,0.6666666666666666,4,completed,2,1,1,complexity_time,0,0,7.095909677445889e-05,4.33140667155385e-05
0,evaluation_04,2,1,0,0,0,4,search,0,4,2,0.6666666666666666,4,completed,2,1,1,complexity_time,0,0,8.826202247291803e-05,5.5285985581576824e-05
0,evaluation_04,0,0,1,0,0,16,no_review,0,0,2,0.0,8,completed,1,0,1,complexity_time,8,1,0.00015407102182507515,4.452909342944622e-05
0,evaluation_04,2,1,0,0,0,4,fcfs,0,4,2,0.6666666666666666,4,completed,2,1,1,complexity_time,0,0,6.511085666716099e-05,3.888795617967844e-05
0,evaluation_04,2,1,0,0,0,4,edf,0,4,2,0.6666666666666666,4,completed,2,1,1,complexity_time,0,0,6.38678902760148e-05,3.678689245134592e-05
0,evaluation_04,2,1,0,0,0,4,uncertainty,0,4,2,0.6666666666666666,4,completed,2,1,1,complexity_time,0,0,6.705115083605051e-05,3.769004251807928e-05
0,evaluation_04,2,1,0,0,0,4,greedy,0,2,1,0.3333333333333333,4,completed,2,0,1,complexity_time,0,0,5.490903276950121e-05,2.5124987587332726e-05
0,evaluation_04,2,1,0,0,0,4,search,0,2,1,0.3333333333333333,4,completed,2,0,1,complexity_time,0,0,6.035715341567993e-05,2.7082976885139942e-05
0,evaluation_04,0,0,1,1,1,16,no_review,0,0,1,0.0,8,completed,1,0,1,complexity_time,8,1,0.00010862410999834538,2.6349094696342945e-05
0,evaluation_04,2,1,0,0,0,4,fcfs,0,2,1,0.3333333333333333,4,completed,2,0,1,complexity_time,0,0,4.1283899918198586e-05,2.0866980776190758e-05
0,evaluation_04,2,1,0,0,0,4,edf,0,2,1,0.3333333333333333,4,completed,2,0,1,complexity_time,0,0,6.360304541885853e-05,3.518990706652403e-05
0,evaluation_04,2,1,0,0,0,4,uncertainty,0,2,1,0.3333333333333333,4,completed,2,0,1,complexity_time,0,0,4.236202221363783e-05,2.0727980881929398e-05
0,evaluation_04,2,1,0,1,2,0,greedy,1,4,2,0.6666666666666666,0,completed,3,1,0,reference,0,0,8.810206782072783e-05,4.776997957378626e-05
0,evaluation_04,3,1,0,1,2,0,search,1,6,2,1.0,0,completed,3,5,0,reference,0,0,0.00013132288586348295,5.3887953981757164e-05
0,evaluation_04,0,0,1,2,3,12,no_review,1,0,2,0.0,4,completed,2,0,0,reference,8,1,0.00015056715346872807,3.19270184263587e-05
0,evaluation_04,3,1,0,1,2,0,fcfs,1,6,2,1.0,0,completed,3,5,0,reference,0,0,0.00012158008757978678,5.361507646739483e-05
0,evaluation_04,3,1,0,1,2,0,edf,1,6,2,1.0,0,completed,3,5,0,reference,0,0,0.00011256278958171606,4.4169952161610126e-05
0,evaluation_04,2,1,0,1,2,0,uncertainty,1,4,2,0.6666666666666666,0,completed,3,1,0,reference,0,0,9.604694787412882e-05,5.381403025239706e-05
0,evaluation_04,3,1,0,1,2,0,greedy,1,3,1,0.5,0,completed,3,2,0,reference,0,0,0.00011160597205162048,4.031194839626551e-05
0,evaluation_04,3,1,0,1,2,0,search,1,3,1,0.5,0,completed,3,2,0,reference,0,0,0.0001329720253124833,4.344899207353592e-05
0,evaluation_04,0,0,1,3,4,12,no_review,1,0,1,0.0,4,completed,2,0,0,reference,8,1,0.0002006649738177657,5.077105015516281e-05
0,evaluation_04,3,1,0,1,2,0,fcfs,1,3,1,0.5,0,completed,3,2,0,reference,0,0,0.0001374509884044528,5.263090133666992e-05
0,evaluation_04,3,1,0,1,2,0,edf,1,3,1,0.5,0,completed,3,2,0,reference,0,0,9.965908247977495e-05,3.369699697941542e-05
0,evaluation_04,3,1,0,1,2,0,uncertainty,1,3,1,0.5,0,completed,3,2,0,reference,0,0,0.00012128695379942656,4.2921979911625385e-05
1,evaluation_04,2,0,0,1,2,4,greedy,1,4,2,0.6666666666666666,4,completed,2,1,0,approve_block,0,0,8.801079820841551e-05,4.722189623862505e-05
1,evaluation_04,3,0,0,1,2,4,search,1,6,2,1.0,4,completed,2,5,0,approve_block,0,0,0.00012299185618758202,4.169193562120199e-05
0,evaluation_04,0,0,1,2,3,12,no_review,1,0,2,0.0,4,completed,2,0,0,approve_block,8,1,0.00017718609888106585,3.9692968130111694e-05
1,evaluation_04,3,0,0,1,2,4,fcfs,1,6,2,1.0,4,completed,2,5,0,approve_block,0,0,0.00012042501475661993,5.234498530626297e-05
1,evaluation_04,3,0,0,1,2,4,edf,1,6,2,1.0,4,completed,2,5,0,approve_block,0,0,9.854207746684551e-05,3.475905396044254e-05
1,evaluation_04,2,0,0,1,2,4,uncertainty,1,4,2,0.6666666666666666,4,completed,2,1,0,approve_block,0,0,8.160097058862448e-05,4.3270993046462536e-05
1,evaluation_04,3,0,0,1,2,4,greedy,1,3,1,0.5,4,completed,2,2,0,approve_block,0,0,9.056401904672384e-05,3.346404992043972e-05
1,evaluation_04,3,0,0,1,2,4,search,1,3,1,0.5,4,completed,2,2,0,approve_block,0,0,0.00017654197290539742,6.674299947917461e-05
0,evaluation_04,0,0,1,3,4,12,no_review,1,0,1,0.0,4,completed,2,0,0,approve_block,8,1,0.00025883514899760485,7.35230278223753e-05
1,evaluation_04,3,0,0,1,2,4,fcfs,1,3,1,0.5,4,completed,2,2,0,approve_block,0,0,9.378604590892792e-05,3.123399801552296e-05
1,evaluation_04,3,0,0,1,2,4,edf,1,3,1,0.5,4,completed,2,2,0,approve_block,0,0,0.0001013289438560605,3.459095023572445e-05
1,evaluation_04,3,0,0,1,2,4,uncertainty,1,3,1,0.5,4,completed,2,2,0,approve_block,0,0,0.00010832620318979025,3.575801383703947e-05
0,evaluation_04,2,1,0,1,2,0,greedy,1,4,2,0.6666666666666666,0,completed,3,1,0,complexity_time,0,0,9.06909117475152e-05,4.807498771697283e-05
0,evaluation_04,3,1,0,1,2,0,search,1,6,2,1.0,0,completed,3,5,0,complexity_time,0,0,0.00012563506606966257,5.662604235112667e-05
0,evaluation_04,0,0,1,2,3,12,no_review,1,0,2,0.0,4,completed,2,0,0,complexity_time,8,1,0.00017360784113407135,3.8360944017767906e-05
0,evaluation_04,3,1,0,1,2,0,fcfs,1,6,2,1.0,0,completed,3,5,0,complexity_time,0,0,0.00010813900735229254,4.8493966460227966e-05
0,evaluation_04,3,1,0,1,2,0,edf,1,6,2,1.0,0,completed,3,5,0,complexity_time,0,0,0.00010744610335677862,4.133803304284811e-05
0,evaluation_04,2,1,0,1,2,0,uncertainty,1,4,2,0.6666666666666666,0,completed,3,1,0,complexity_time,0,0,8.437794167548418e-05,4.671595524996519e-05
0,evaluation_04,3,1,0,1,2,0,greedy,1,3,1,0.5,0,completed,3,2,0,complexity_time,0,0,0.0001041140640154481,3.448990173637867e-05
0,evaluation_04,3,1,0,1,2,0,search,1,3,1,0.5,0,completed,3,2,0,complexity_time,0,0,0.00013362010940909386,4.380603786557913e-05
0,evaluation_04,0,0,1,3,4,12,no_review,1,0,1,0.0,4,completed,2,0,0,complexity_time,8,1,0.00018479791469871998,4.7396053560078144e-05
0,evaluation_04,3,1,0,1,2,0,fcfs,1,3,1,0.5,0,completed,3,2,0,complexity_time,0,0,0.00010174501221626997,3.253202885389328e-05
0,evaluation_04,3,1,0,1,2,0,edf,1,3,1,0.5,0,completed,3,2,0,complexity_time,0,0,0.00010034919250756502,3.265007399022579e-05
0,evaluation_04,3,1,0,1,2,0,uncertainty,1,3,1,0.5,0,completed,3,2,0,complexity_time,0,0,0.00012607581447809935,5.355989560484886e-05
0,evaluation_04,2,1,0,1,2,0,greedy,2,4,2,0.6666666666666666,0,completed,3,1,0,reference,0,0,8.699181489646435e-05,4.974904004484415e-05
0,evaluation_04,3,1,0,1,2,0,search,2,6,2,1.0,0,completed,3,5,0,reference,0,0,0.00011243508197367191,4.279904533177614e-05
0,evaluation_04,0,0,1,2,3,12,no_review,2,0,2,0.0,4,completed,2,0,0,reference,8,1,0.0001735440455377102,4.0729064494371414e-05
0,evaluation_04,3,1,0,1,2,0,fcfs,2,6,2,1.0,0,completed,3,5,0,reference,0,0,0.00012024701572954655,4.9215974286198616e-05
0,evaluation_04,3,1,0,1,2,0,edf,2,6,2,1.0,0,completed,3,5,0,reference,0,0,0.00012318312656134367,5.268002860248089e-05
0,evaluation_04,2,1,0,1,2,0,uncertainty,2,4,2,0.6666666666666666,0,completed,3,1,0,reference,0,0,0.00010247004684060812,6.211199797689915e-05
0,evaluation_04,3,1,0,1,2,0,greedy,2,3,1,0.5,0,completed,3,2,0,reference,0,0,0.00012612913269549608,4.153710324317217e-05
0,evaluation_04,3,1,0,1,2,0,search,2,3,1,0.5,0,completed,3,2,0,reference,0,0,0.00019078212790191174,8.65620095282793e-05
0,evaluation_04,0,0,1,3,4,12,no_review,2,0,1,0.0,4,completed,2,0,0,reference,8,1,0.00017438107170164585,4.458695184439421e-05
0,evaluation_04,3,1,0,1,2,0,fcfs,2,3,1,0.5,0,completed,3,2,0,reference,0,0,0.00010090915020555258,3.594905138015747e-05
0,evaluation_04,3,1,0,1,2,0,edf,2,3,1,0.5,0,completed,3,2,0,reference,0,0,0.00010204373393207788,3.326695878058672e-05
0,evaluation_04,3,1,0,1,2,0,uncertainty,2,3,1,0.5,0,completed,3,2,0,reference,0,0,9.642587974667549e-05,3.318896051496267e-05
1,evaluation_04,2,0,0,1,2,4,greedy,2,4,2,0.6666666666666666,4,completed,2,1,0,approve_block,0,0,0.00010402605403214693,5.7470984756946564e-05
1,evaluation_04,3,0,0,1,2,4,search,2,6,2,1.0,4,completed,2,5,0,approve_block,0,0,0.00016032718122005463,6.944604683667421e-05
0,evaluation_04,0,0,1,2,3,12,no_review,2,0,2,0.0,4,completed,2,0,0,approve_block,8,1,0.0001652720384299755,3.317301161587238e-05
1,evaluation_04,3,0,0,1,2,4,fcfs,2,6,2,1.0,4,completed,2,5,0,approve_block,0,0,0.0001577091170474887,8.753698784857988e-05
1,evaluation_04,3,0,0,1,2,4,edf,2,6,2,1.0,4,completed,2,5,0,approve_block,0,0,0.00011593906674534082,4.64579788967967e-05
1,evaluation_04,2,0,0,1,2,4,uncertainty,2,4,2,0.6666666666666666,4,completed,2,1,0,approve_block,0,0,9.163597133010626e-05,5.4112053476274014e-05
1,evaluation_04,3,0,0,1,2,4,greedy,2,3,1,0.5,4,completed,2,2,0,approve_block,0,0,0.00015776813961565495,6.22760271653533e-05
1,evaluation_04,3,0,0,1,2,4,search,2,3,1,0.5,4,completed,2,2,0,approve_block,0,0,0.00013116910122334957,4.2899977415800095e-05
0,evaluation_04,0,0,1,3,4,12,no_review,2,0,1,0.0,4,completed,2,0,0,approve_block,8,1,0.00016719778068363667,3.903498873114586e-05
1,evaluation_04,3,0,0,1,2,4,fcfs,2,3,1,0.5,4,completed,2,2,0,approve_block,0,0,0.00011583592277020216,4.371092654764652e-05
1,evaluation_04,3,0,0,1,2,4,edf,2,3,1,0.5,4,completed,2,2,0,approve_block,0,0,0.00011243601329624653,3.432098310440779e-05
1,evaluation_04,3,0,0,1,2,4,uncertainty,2,3,1,0.5,4,completed,2,2,0,approve_block,0,0,0.0001081038499251008,3.7161982618272305e-05
0,evaluation_04,2,1,0,1,2,0,greedy,2,4,2,0.6666666666666666,0,completed,3,1,0,complexity_time,0,0,9.049696382135153e-05,4.755496047437191e-05
0,evaluation_04,3,1,0,1,2,0,search,2,6,2,1.0,0,completed,3,5,0,complexity_time,0,0,0.00013429601676762104,4.7598034143447876e-05
0,evaluation_04,0,0,1,2,3,12,no_review,2,0,2,0.0,4,completed,2,0,0,complexity_time,8,1,0.0001932857558131218,5.644792690873146e-05
0,evaluation_04,3,1,0,1,2,0,fcfs,2,6,2,1.0,0,completed,3,5,0,complexity_time,0,0,0.00012793508358299732,5.3055002354085445e-05
0,evaluation_04,3,1,0,1,2,0,edf,2,6,2,1.0,0,completed,3,5,0,complexity_time,0,0,9.231304284185171e-05,3.560504410415888e-05
0,evaluation_04,2,1,0,1,2,0,uncertainty,2,4,2,0.6666666666666666,0,completed,3,1,0,complexity_time,0,0,9.685882832854986e-05,5.386199336498976e-05
0,evaluation_04,3,1,0,1,2,0,greedy,2,3,1,0.5,0,completed,3,2,0,complexity_time,0,0,0.00011444801930338144,3.8171070627868176e-05
0,evaluation_04,3,1,0,1,2,0,search,2,3,1,0.5,0,completed,3,2,0,complexity_time,0,0,0.00014604791067540646,5.212309770286083e-05
0,evaluation_04,0,0,1,3,4,12,no_review,2,0,1,0.0,4,completed,2,0,0,complexity_time,8,1,0.0001777741126716137,3.968598321080208e-05
0,evaluation_04,3,1,0,1,2,0,fcfs,2,3,1,0.5,0,completed,3,2,0,complexity_time,0,0,0.00013164803385734558,5.286198575049639e-05
0,evaluation_04,3,1,0,1,2,0,edf,2,3,1,0.5,0,completed,3,2,0,complexity_time,0,0,9.99899348244071e-05,3.337999805808067e-05
0,evaluation_04,3,1,0,1,2,0,uncertainty,2,3,1,0.5,0,completed,3,2,0,complexity_time,0,0,0.00010232685599476099,3.389199264347553e-05
0,evaluation_05,2,1,0,0,0,4,search,0,2,1,0.4,4,completed,2,0,1,reference,0,0,5.809403955936432e-05,2.7053989470005035e-05
0,evaluation_05,0,0,1,1,2,12,no_review,0,0,1,0.0,8,completed,1,0,1,reference,4,1,0.00010091287549585104,2.2687017917633057e-05
0,evaluation_05,2,1,0,0,0,4,fcfs,0,2,1,0.4,4,completed,2,0,1,reference,0,0,4.884600639343262e-05,2.2180029191076756e-05
0,evaluation_05,2,1,0,0,0,4,edf,0,2,1,0.4,4,completed,2,0,1,reference,0,0,4.8697926104068756e-05,2.3217988200485706e-05
0,evaluation_05,2,1,0,0,0,4,uncertainty,0,2,1,0.4,4,completed,2,0,1,reference,0,0,4.682608414441347e-05,2.442300319671631e-05
0,evaluation_05,2,1,0,0,0,4,greedy,0,2,1,0.4,4,completed,2,0,1,reference,0,0,5.265767686069012e-05,2.2748950868844986e-05
0,evaluation_05,1,1,0,0,0,4,search,0,2,2,0.4,4,completed,2,0,1,reference,0,0,6.437511183321476e-05,3.0394061468541622e-05
0,evaluation_05,0,0,1,1,1,12,no_review,0,0,2,0.0,8,completed,1,0,1,reference,4,1,0.00010691420175135136,2.4438020773231983e-05
0,evaluation_05,1,1,0,0,0,4,fcfs,0,2,2,0.4,4,completed,2,0,1,reference,0,0,5.784700624644756e-05,3.175798337906599e-05
0,evaluation_05,1,1,0,0,0,4,edf,0,2,2,0.4,4,completed,2,0,1,reference,0,0,6.0657854191958904e-05,3.0210940167307854e-05
0,evaluation_05,1,1,0,0,0,4,uncertainty,0,2,2,0.4,4,completed,2,0,1,reference,0,0,7.46571458876133e-05,4.559406079351902e-05
0,evaluation_05,1,1,0,0,0,4,greedy,0,2,2,0.4,4,completed,2,0,1,reference,0,0,5.255802534520626e-05,2.4392036721110344e-05
1,evaluation_05,2,0,0,0,0,8,search,0,2,1,0.4,8,completed,1,0,1,approve_block,0,0,6.027810741215944e-05,2.832501195371151e-05
0,evaluation_05,0,0,1,1,2,12,no_review,0,0,1,0.0,8,completed,1,0,1,approve_block,4,1,0.00011063506826758385,2.8965063393115997e-05
1,evaluation_05,2,0,0,0,0,8,fcfs,0,2,1,0.4,8,completed,1,0,1,approve_block,0,0,4.64471522718668e-05,1.999910455197096e-05
1,evaluation_05,2,0,0,0,0,8,edf,0,2,1,0.4,8,completed,1,0,1,approve_block,0,0,4.396005533635616e-05,2.2478983737528324e-05
1,evaluation_05,2,0,0,0,0,8,uncertainty,0,2,1,0.4,8,completed,1,0,1,approve_block,0,0,4.7947047278285027e-05,2.2105989046394825e-05
1,evaluation_05,2,0,0,0,0,8,greedy,0,2,1,0.4,8,completed,1,0,1,approve_block,0,0,4.5225140638649464e-05,2.3060012608766556e-05
1,evaluation_05,1,0,0,0,0,8,search,0,2,2,0.4,8,completed,1,0,1,approve_block,0,0,6.0265068896114826e-05,2.8249924071133137e-05
0,evaluation_05,0,0,1,1,1,12,no_review,0,0,2,0.0,8,completed,1,0,1,approve_block,4,1,0.00012718094512820244,3.332097548991442e-05
1,evaluation_05,1,0,0,0,0,8,fcfs,0,2,2,0.4,8,completed,1,0,1,approve_block,0,0,6.495299749076366e-05,3.460200969129801e-05
1,evaluation_05,1,0,0,0,0,8,edf,0,2,2,0.4,8,completed,1,0,1,approve_block,0,0,6.246287375688553e-05,3.064901102334261e-05
1,evaluation_05,1,0,0,0,0,8,uncertainty,0,2,2,0.4,8,completed,1,0,1,approve_block,0,0,6.925303023308516e-05,3.247696440666914e-05
1,evaluation_05,1,0,0,0,0,8,greedy,0,2,2,0.4,8,completed,1,0,1,approve_block,0,0,6.229802966117859e-05,3.318104427307844e-05
0,evaluation_05,2,1,0,0,0,4,search,0,2,1,0.4,4,completed,2,0,1,complexity_time,0,0,6.42391387373209e-05,2.7123023755848408e-05
0,evaluation_05,0,0,1,1,2,12,no_review,0,0,1,0.0,8,completed,1,0,1,complexity_time,4,1,0.00011308712419122458,3.1041912734508514e-05
0,evaluation_05,2,1,0,0,0,4,fcfs,0,2,1,0.4,4,completed,2,0,1,complexity_time,0,0,4.975509364157915e-05,2.1700048819184303e-05
0,evaluation_05,2,1,0,0,0,4,edf,0,2,1,0.4,4,completed,2,0,1,complexity_time,0,0,4.937802441418171e-05,2.2194930352270603e-05
0,evaluation_05,2,1,0,0,0,4,uncertainty,0,2,1,0.4,4,completed,2,0,1,complexity_time,0,0,5.077710375189781e-05,2.1758023649454117e-05
0,evaluation_05,2,1,0,0,0,4,greedy,0,2,1,0.4,4,completed,2,0,1,complexity_time,0,0,6.941298488527536e-05,4.100601654499769e-05
0,evaluation_05,1,1,0,0,0,4,search,0,2,2,0.4,4,completed,2,0,1,complexity_time,0,0,6.753113120794296e-05,3.4849043004214764e-05
0,evaluation_05,0,0,1,1,1,12,no_review,0,0,2,0.0,8,completed,1,0,1,complexity_time,4,1,0.00011599890422075987,3.666500560939312e-05
0,evaluation_05,1,1,0,0,0,4,fcfs,0,2,2,0.4,4,completed,2,0,1,complexity_time,0,0,5.490891635417938e-05,2.6055960915982723e-05
0,evaluation_05,1,1,0,0,0,4,edf,0,2,2,0.4,4,completed,2,0,1,complexity_time,0,0,5.96499303355813e-05,2.9389047995209694e-05
0,evaluation_05,1,1,0,0,0,4,uncertainty,0,2,2,0.4,4,completed,2,0,1,complexity_time,0,0,5.343509837985039e-05,2.641498576849699e-05
0,evaluation_05,1,1,0,0,0,4,greedy,0,2,2,0.4,4,completed,2,0,1,complexity_time,0,0,6.136088632047176e-05,3.22909327223897e-05
0,evaluation_05,2,1,0,0,0,4,search,1,2,1,0.4,4,completed,2,0,1,reference,0,0,5.934096407145262e-05,2.664397470653057e-05
0,evaluation_05,0,0,1,1,2,12,no_review,1,0,1,0.0,8,completed,1,0,1,reference,4,1,0.00011018873192369938,2.891791518777609e-05
0,evaluation_05,2,1,0,0,0,4,fcfs,1,2,1,0.4,4,completed,2,0,1,reference,0,0,4.472397267818451e-05,1.92329753190279e-05
0,evaluation_05,2,1,0,0,0,4,edf,1,2,1,0.4,4,completed,2,0,1,reference,0,0,4.213966894894838e-05,2.0592939108610153e-05
0,evaluation_05,2,1,0,0,0,4,uncertainty,1,2,1,0.4,4,completed,2,0,1,reference,0,0,6.86870189383626e-05,3.668898716568947e-05
0,evaluation_05,2,1,0,0,0,4,greedy,1,2,1,0.4,4,completed,2,0,1,reference,0,0,5.4560136049985886e-05,2.5585060939192772e-05
0,evaluation_05,1,1,0,0,0,4,search,1,2,2,0.4,4,completed,2,0,1,reference,0,0,5.707808304578066e-05,2.760603092610836e-05
0,evaluation_05,0,0,1,1,1,12,no_review,1,0,2,0.0,8,completed,1,0,1,reference,4,1,0.00012126413639634848,3.723101690411568e-05
0,evaluation_05,1,1,0,0,0,4,fcfs,1,2,2,0.4,4,completed,2,0,1,reference,0,0,5.412811879068613e-05,3.0603958293795586e-05
0,evaluation_05,1,1,0,0,0,4,edf,1,2,2,0.4,4,completed,2,0,1,reference,0,0,6.446789484471083e-05,3.792601637542248e-05
0,evaluation_05,1,1,0,0,0,4,uncertainty,1,2,2,0.4,4,completed,2,0,1,reference,0,0,5.954713560640812e-05,3.2273936085402966e-05
0,evaluation_05,1,1,0,0,0,4,greedy,1,2,2,0.4,4,completed,2,0,1,reference,0,0,5.6382850743830204e-05,2.785096876323223e-05
1,evaluation_05,2,0,0,0,0,8,search,1,2,1,0.4,8,completed,1,0,1,approve_block,0,0,6.300979293882847e-05,3.058894071727991e-05
0,evaluation_05,0,0,1,1,2,12,no_review,1,0,1,0.0,8,completed,1,0,1,approve_block,4,1,0.00011397188063710928,3.2251933589577675e-05
1,evaluation_05,2,0,0,0,0,8,fcfs,1,2,1,0.4,8,completed,1,0,1,approve_block,0,0,4.645611625164747e-05,2.0311097614467144e-05
1,evaluation_05,2,0,0,0,0,8,edf,1,2,1,0.4,8,completed,1,0,1,approve_block,0,0,4.682911094278097e-05,2.1621002815663815e-05
1,evaluation_05,2,0,0,0,0,8,uncertainty,1,2,1,0.4,8,completed,1,0,1,approve_block,0,0,4.8852874897420406e-05,2.208305522799492e-05
1,evaluation_05,2,0,0,0,0,8,greedy,1,2,1,0.4,8,completed,1,0,1,approve_block,0,0,5.307921674102545e-05,2.5221961550414562e-05
1,evaluation_05,1,0,0,0,0,8,search,1,2,2,0.4,8,completed,1,0,1,approve_block,0,0,6.0258898884058e-05,2.9275892302393913e-05
0,evaluation_05,0,0,1,1,1,12,no_review,1,0,2,0.0,8,completed,1,0,1,approve_block,4,1,0.00011702999472618103,3.1673931516706944e-05
1,evaluation_05,1,0,0,0,0,8,fcfs,1,2,2,0.4,8,completed,1,0,1,approve_block,0,0,5.887111183255911e-05,3.244401887059212e-05
1,evaluation_05,1,0,0,0,0,8,edf,1,2,2,0.4,8,completed,1,0,1,approve_block,0,0,7.373909465968609e-05,4.345306660979986e-05
1,evaluation_05,1,0,0,0,0,8,uncertainty,1,2,2,0.4,8,completed,1,0,1,approve_block,0,0,5.7914876379072666e-05,2.8815935365855694e-05
1,evaluation_05,1,0,0,0,0,8,greedy,1,2,2,0.4,8,completed,1,0,1,approve_block,0,0,5.315977614372969e-05,2.616096753627062e-05
0,evaluation_05,2,1,0,0,0,4,search,1,3,1,0.6,4,completed,2,1,1,complexity_time,0,0,5.566899199038744e-05,2.6104971766471863e-05
0,evaluation_05,0,0,1,2,2,12,no_review,1,0,1,0.0,8,completed,1,0,1,complexity_time,4,1,0.00010883098002523184,2.8425944037735462e-05
0,evaluation_05,2,1,0,0,0,4,fcfs,1,3,1,0.6,4,completed,2,1,1,complexity_time,0,0,6.356812082231045e-05,3.6863028071820736e-05
0,evaluation_05,2,1,0,0,0,4,edf,1,3,1,0.6,4,completed,2,1,1,complexity_time,0,0,7.67840538173914e-05,5.043006967753172e-05
0,evaluation_05,2,1,0,0,0,4,uncertainty,1,3,1,0.6,4,completed,2,1,1,complexity_time,0,0,5.9818034060299397e-05,3.2469979487359524e-05
0,evaluation_05,2,1,0,0,0,4,greedy,1,3,1,0.6,4,completed,2,1,1,complexity_time,0,0,7.757300045341253e-05,4.801806062459946e-05
0,evaluation_05,1,1,0,0,0,4,search,1,3,2,0.6,4,completed,2,0,1,complexity_time,0,0,3.1773000955581665e-05,2.6362016797065735e-05
0,evaluation_05,0,0,1,0,1,12,no_review,1,0,2,0.0,8,completed,1,0,1,complexity_time,4,1,0.00011975807137787342,3.696302883327007e-05
0,evaluation_05,1,1,0,0,0,4,fcfs,1,3,2,0.6,4,completed,2,0,1,complexity_time,0,0,3.0271010473370552e-05,2.2703083232045174e-05
0,evaluation_05,1,1,0,0,0,4,edf,1,3,2,0.6,4,completed,2,0,1,complexity_time,0,0,2.8814072720706463e-05,2.3209024220705032e-05
0,evaluation_05,1,1,0,0,0,4,uncertainty,1,3,2,0.6,4,completed,2,0,1,complexity_time,0,0,2.7338857762515545e-05,2.1629035472869873e-05
0,evaluation_05,1,1,0,0,0,4,greedy,1,3,2,0.6,4,completed,2,0,1,complexity_time,0,0,2.5979941710829735e-05,2.2218911908566952e-05
0,evaluation_05,1,0,0,0,0,8,search,2,1,1,0.2,8,completed,1,0,2,reference,0,0,3.279990050941706e-05,2.299295738339424e-05
0,evaluation_05,0,0,0,0,0,8,no_review,2,0,1,0.0,8,completed,1,0,2,reference,0,0,3.9736973121762276e-05,1.6528996638953686e-05
0,evaluation_05,1,0,0,0,0,8,fcfs,2,1,1,0.2,8,completed,1,0,2,reference,0,0,2.6386813260614872e-05,1.6171950846910477e-05
0,evaluation_05,1,0,0,0,0,8,edf,2,1,1,0.2,8,completed,1,0,2,reference,0,0,2.893991768360138e-05,1.877197064459324e-05
0,evaluation_05,1,0,0,0,0,8,uncertainty,2,1,1,0.2,8,completed,1,0,2,reference,0,0,2.799718640744686e-05,1.9346014596521854e-05
0,evaluation_05,1,0,0,0,0,8,greedy,2,1,1,0.2,8,completed,1,0,2,reference,0,0,3.06558795273304e-05,1.9964994862675667e-05
0,evaluation_05,1,0,0,0,0,8,search,2,2,2,0.4,8,completed,1,0,2,reference,0,0,3.6995974369347095e-05,2.5345943868160248e-05
0,evaluation_05,0,0,0,0,0,8,no_review,2,0,2,0.0,8,completed,1,0,2,reference,0,0,3.5390956327319145e-05,1.5379046089947224e-05
0,evaluation_05,1,0,0,0,0,8,fcfs,2,2,2,0.4,8,completed,1,0,2,reference,0,0,2.7265050448477268e-05,1.7567072063684464e-05
0,evaluation_05,1,0,0,0,0,8,edf,2,2,2,0.4,8,completed,1,0,2,reference,0,0,2.7501140721142292e-05,1.8678954802453518e-05
0,evaluation_05,1,0,0,0,0,8,uncertainty,2,2,2,0.4,8,completed,1,0,2,reference,0,0,2.8771930374205112e-05,1.930096186697483e-05
0,evaluation_05,1,0,0,0,0,8,greedy,2,2,2,0.4,8,completed,1,0,2,reference,0,0,3.196694888174534e-05,2.0669889636337757e-05
0,evaluation_05,1,0,0,0,0,8,search,2,1,1,0.2,8,completed,1,0,2,approve_block,0,0,3.2084877602756023e-05,2.2576889023184776e-05
0,evaluation_05,0,0,0,0,0,8,no_review,2,0,1,0.0,8,completed,1,0,2,approve_block,0,0,3.6980025470256805e-05,1.624203287065029e-05
0,evaluation_05,1,0,0,0,0,8,fcfs,2,1,1,0.2,8,completed,1,0,2,approve_block,0,0,2.7810921892523766e-05,1.7179991118609905e-05
0,evaluation_05,1,0,0,0,0,8,edf,2,1,1,0.2,8,completed,1,0,2,approve_block,0,0,2.7650967240333557e-05,1.8820050172507763e-05
0,evaluation_05,1,0,0,0,0,8,uncertainty,2,1,1,0.2,8,completed,1,0,2,approve_block,0,0,2.812489401549101e-05,1.871003769338131e-05
0,evaluation_05,1,0,0,0,0,8,greedy,2,1,1,0.2,8,completed,1,0,2,approve_block,0,0,2.9845978133380413e-05,1.9125058315694332e-05
0,evaluation_05,1,0,0,0,0,8,search,2,2,2,0.4,8,completed,1,0,2,approve_block,0,0,3.508583176881075e-05,2.3399945348501205e-05
0,evaluation_05,0,0,0,0,0,8,no_review,2,0,2,0.0,8,completed,1,0,2,approve_block,0,0,3.910891246050596e-05,1.5969970263540745e-05
0,evaluation_05,1,0,0,0,0,8,fcfs,2,2,2,0.4,8,completed,1,0,2,approve_block,0,0,2.443732228130102e-05,1.6399077139794827e-05
0,evaluation_05,1,0,0,0,0,8,edf,2,2,2,0.4,8,completed,1,0,2,approve_block,0,0,2.8158887289464474e-05,1.8474063836038113e-05
0,evaluation_05,1,0,0,0,0,8,uncertainty,2,2,2,0.4,8,completed,1,0,2,approve_block,0,0,3.099394962191582e-05,1.991400495171547e-05
0,evaluation_05,1,0,0,0,0,8,greedy,2,2,2,0.4,8,completed,1,0,2,approve_block,0,0,2.8654350899159908e-05,1.9128085114061832e-05
0,evaluation_05,1,0,0,0,0,8,search,2,1,1,0.2,8,completed,1,0,2,complexity_time,0,0,3.534089773893356e-05,2.3480039089918137e-05
0,evaluation_05,0,0,0,0,0,8,no_review,2,0,1,0.0,8,completed,1,0,2,complexity_time,0,0,3.730983007699251e-05,1.616694498807192e-05
0,evaluation_05,1,0,0,0,0,8,fcfs,2,1,1,0.2,8,completed,1,0,2,complexity_time,0,0,2.7991016395390034e-05,1.6584061086177826e-05
0,evaluation_05,1,0,0,0,0,8,edf,2,1,1,0.2,8,completed,1,0,2,complexity_time,0,0,3.1425850465893745e-05,1.951900776475668e-05
0,evaluation_05,1,0,0,0,0,8,uncertainty,2,1,1,0.2,8,completed,1,0,2,complexity_time,0,0,2.7982867322862148e-05,1.8432969227433205e-05
0,evaluation_05,1,0,0,0,0,8,greedy,2,1,1,0.2,8,completed,1,0,2,complexity_time,0,0,2.9933988116681576e-05,2.0027044229209423e-05
0,evaluation_05,1,0,0,0,0,8,search,2,2,2,0.4,8,completed,1,0,2,complexity_time,0,0,2.866412978619337e-05,2.1232059225440025e-05
0,evaluation_05,0,0,0,0,0,8,no_review,2,0,2,0.0,8,completed,1,0,2,complexity_time,0,0,4.0149898268282413e-05,1.6718055121600628e-05
0,evaluation_05,1,0,0,0,0,8,fcfs,2,2,2,0.4,8,completed,1,0,2,complexity_time,0,0,2.711603883653879e-05,1.775298733264208e-05
0,evaluation_05,1,0,0,0,0,8,edf,2,2,2,0.4,8,completed,1,0,2,complexity_time,0,0,3.012910019606352e-05,1.9064056687057018e-05
0,evaluation_05,1,0,0,0,0,8,uncertainty,2,2,2,0.4,8,completed,1,0,2,complexity_time,0,0,2.996309194713831e-05,1.881597563624382e-05
0,evaluation_05,1,0,0,0,0,8,greedy,2,2,2,0.4,8,completed,1,0,2,complexity_time,0,0,3.045296762138605e-05,2.009898889809847e-05
0,evaluation_06,0,0,0,1,3,0,no_review,0,0,2,0.0,0,completed,3,0,0,reference,0,0,0.00017153180669993162,4.182197153568268e-05
0,evaluation_06,2,0,0,1,1,0,fcfs,0,4,2,0.8,0,completed,3,2,0,reference,0,0,6.565405055880547e-05,3.253703471273184e-05
0,evaluation_06,2,0,0,1,1,0,edf,0,4,2,0.8,0,completed,3,2,0,reference,0,0,9.675789624452591e-05,5.142996087670326e-05
0,evaluation_06,2,0,0,1,1,0,uncertainty,0,4,2,0.8,0,completed,3,2,0,reference,0,0,8.979800622910261e-05,5.230098031461239e-05
0,evaluation_06,2,0,0,1,1,0,greedy,0,4,2,0.8,0,completed,3,2,0,reference,0,0,8.261215407401323e-05,4.292407538741827e-05
0,evaluation_06,2,0,0,1,1,0,search,0,4,2,0.8,0,completed,3,2,0,reference,0,0,7.984798867255449e-05,4.1926978155970573e-05
0,evaluation_06,0,0,0,2,4,0,no_review,0,0,1,0.0,0,completed,3,0,0,reference,0,0,0.0001754768891260028,4.304794128984213e-05
0,evaluation_06,3,0,0,2,2,0,fcfs,0,3,1,0.6,0,completed,3,2,0,reference,0,0,0.000107427011243999,3.9836042560637e-05
0,evaluation_06,3,0,0,2,2,0,edf,0,3,1,0.6,0,completed,3,2,0,reference,0,0,0.00011232413817197084,4.005804657936096e-05
0,evaluation_06,3,0,0,2,2,0,uncertainty,0,3,1,0.6,0,completed,3,2,0,reference,0,0,8.85350164026022e-05,3.153807483613491e-05
0,evaluation_06,3,0,0,2,2,0,greedy,0,3,1,0.6,0,completed,3,2,0,reference,0,0,0.00011455290950834751,4.2539904825389385e-05
0,evaluation_06,3,0,0,2,2,0,search,0,3,1,0.6,0,completed,3,2,0,reference,0,0,0.0001361258327960968,4.541699308902025e-05
0,evaluation_06,0,0,0,1,3,0,no_review,0,0,2,0.0,0,completed,3,0,0,approve_block,0,0,0.00017772207502275705,3.94120579585433e-05
0,evaluation_06,2,0,0,1,1,0,fcfs,0,4,2,0.8,0,completed,3,2,0,approve_block,0,0,8.170702494680882e-05,4.488800186663866e-05
0,evaluation_06,2,0,0,1,1,0,edf,0,4,2,0.8,0,completed,3,2,0,approve_block,0,0,8.99790320545435e-05,5.269108805805445e-05
0,evaluation_06,2,0,0,1,1,0,uncertainty,0,4,2,0.8,0,completed,3,2,0,approve_block,0,0,8.691602852195501e-05,5.078106187283993e-05
0,evaluation_06,2,0,0,1,1,0,greedy,0,4,2,0.8,0,completed,3,2,0,approve_block,0,0,7.411197293549776e-05,3.6541023291647434e-05
0,evaluation_06,2,0,0,1,1,0,search,0,4,2,0.8,0,completed,3,2,0,approve_block,0,0,9.350304026156664e-05,4.531804006546736e-05
0,evaluation_06,0,0,0,3,4,0,no_review,0,0,1,0.0,0,completed,3,0,0,approve_block,0,0,0.00017917680088430643,5.2980962209403515e-05
0,evaluation_06,3,0,0,1,2,0,fcfs,0,3,1,0.6,0,completed,3,2,0,approve_block,0,0,0.000103773083537817,3.533309791237116e-05
0,evaluation_06,3,0,0,2,2,0,edf,0,3,1,0.6,0,completed,3,2,0,approve_block,0,0,0.00011082482524216175,3.9255013689398766e-05
0,evaluation_06,3,0,0,2,2,0,uncertainty,0,3,1,0.6,0,completed,3,2,0,approve_block,0,0,0.00010649976320564747,3.650994040071964e-05
0,evaluation_06,3,0,0,2,2,0,greedy,0,3,1,0.6,0,completed,3,2,0,approve_block,0,0,0.00013242277782410383,4.7115026973187923e-05
0,evaluation_06,3,0,0,1,2,0,search,0,3,1,0.6,0,completed,3,2,0,approve_block,0,0,0.00016459194011986256,7.38990493118763e-05
0,evaluation_06,0,0,0,1,3,0,no_review,0,0,2,0.0,0,completed,3,0,0,complexity_time,0,0,0.00017707992810755968,5.0153001211583614e-05
0,evaluation_06,2,0,0,1,1,0,fcfs,0,4,2,0.8,0,completed,3,2,0,complexity_time,0,0,7.95701052993536e-05,4.297110717743635e-05
0,evaluation_06,2,0,0,1,1,0,edf,0,4,2,0.8,0,completed,3,2,0,complexity_time,0,0,8.246093057096004e-05,4.2868079617619514e-05
0,evaluation_06,2,0,0,1,1,0,uncertainty,0,4,2,0.8,0,completed,3,2,0,complexity_time,0,0,8.129200432449579e-05,4.202395211905241e-05
0,evaluation_06,2,0,0,1,1,0,greedy,0,4,2,0.8,0,completed,3,2,0,complexity_time,0,0,9.66398511081934e-05,5.791895091533661e-05
0,evaluation_06,2,0,0,1,1,0,search,0,4,2,0.8,0,completed,3,2,0,complexity_time,0,0,9.060197044163942e-05,4.3708947487175465e-05
0,evaluation_06,0,0,0,2,4,0,no_review,0,0,1,0.0,0,completed,3,0,0,complexity_time,0,0,0.0001691831275820732,4.4560059905052185e-05
0,evaluation_06,3,0,0,2,2,0,fcfs,0,3,1,0.6,0,completed,3,2,0,complexity_time,0,0,9.584194049239159e-05,3.0988012440502644e-05
0,evaluation_06,3,0,0,2,2,0,edf,0,3,1,0.6,0,completed,3,2,0,complexity_time,0,0,0.0001108410069718957,3.68430046364665e-05
0,evaluation_06,3,0,0,2,2,0,uncertainty,0,3,1,0.6,0,completed,3,2,0,complexity_time,0,0,0.00011957692913711071,4.103104583919048e-05
0,evaluation_06,3,0,0,2,2,0,greedy,0,3,1,0.6,0,completed,3,2,0,complexity_time,0,0,0.00011083425488322973,4.022708162665367e-05
0,evaluation_06,3,0,0,2,2,0,search,0,3,1,0.6,0,completed,3,2,0,complexity_time,0,0,0.00012793426867574453,4.382606130093336e-05
0,evaluation_06,0,0,0,1,3,0,no_review,1,0,2,0.0,0,completed,3,0,0,reference,0,0,0.00016872899141162634,4.3365987949073315e-05
0,evaluation_06,2,0,0,1,1,0,fcfs,1,4,2,0.8,0,completed,3,2,0,reference,0,0,8.211203385144472e-05,4.4832006096839905e-05
0,evaluation_06,2,0,0,1,1,0,edf,1,4,2,0.8,0,completed,3,2,0,reference,0,0,7.264106534421444e-05,3.4513999707996845e-05
0,evaluation_06,2,0,0,1,1,0,uncertainty,1,4,2,0.8,0,completed,3,2,0,reference,0,0,7.263908628374338e-05,3.5397009924054146e-05
0,evaluation_06,2,0,0,1,1,0,greedy,1,4,2,0.8,0,completed,3,2,0,reference,0,0,8.943502325564623e-05,5.107000470161438e-05
0,evaluation_06,2,0,0,1,1,0,search,1,4,2,0.8,0,completed,3,2,0,reference,0,0,0.00010019692126661539,5.208700895309448e-05
0,evaluation_06,0,0,0,2,4,0,no_review,1,0,1,0.0,0,completed,3,0,0,reference,0,0,0.00016771606169641018,3.524799831211567e-05
0,evaluation_06,3,0,0,2,2,0,fcfs,1,3,1,0.6,0,completed,3,2,0,reference,0,0,8.469203021377325e-05,3.17359808832407e-05
0,evaluation_06,3,0,0,2,2,0,edf,1,3,1,0.6,0,completed,3,2,0,reference,0,0,0.000115377944894135,4.411791451275349e-05
0,evaluation_06,3,0,0,2,2,0,uncertainty,1,3,1,0.6,0,completed,3,2,0,reference,0,0,9.712204337120056e-05,3.547803498804569e-05
0,evaluation_06,3,0,0,2,2,0,greedy,1,3,1,0.6,0,completed,3,2,0,reference,0,0,0.00011394592002034187,3.8412981666624546e-05
0,evaluation_06,3,0,0,2,2,0,search,1,3,1,0.6,0,completed,3,2,0,reference,0,0,0.00012087298091500998,4.2470055632293224e-05
0,evaluation_06,0,0,0,1,3,0,no_review,1,0,2,0.0,0,completed,3,0,0,approve_block,0,0,0.00018991203978657722,4.99070156365633e-05
0,evaluation_06,2,0,0,1,1,0,fcfs,1,4,2,0.8,0,completed,3,2,0,approve_block,0,0,7.955811452120543e-05,4.394794814288616e-05
0,evaluation_06,2,0,0,1,1,0,edf,1,4,2,0.8,0,completed,3,2,0,approve_block,0,0,8.126604370772839e-05,4.258006811141968e-05
0,evaluation_06,2,0,0,1,1,0,uncertainty,1,4,2,0.8,0,completed,3,2,0,approve_block,0,0,8.396501652896404e-05,4.454096779227257e-05
0,evaluation_06,2,0,0,1,1,0,greedy,1,4,2,0.8,0,completed,3,2,0,approve_block,0,0,8.67089256644249e-05,4.754203837364912e-05
0,evaluation_06,2,0,0,1,1,0,search,1,4,2,0.8,0,completed,3,2,0,approve_block,0,0,0.0001022180076688528,4.9057998694479465e-05
0,evaluation_06,0,0,0,3,4,0,no_review,1,0,1,0.0,0,completed,3,0,0,approve_block,0,0,0.000177498790435493,5.2468967624008656e-05
0,evaluation_06,3,0,0,1,2,0,fcfs,1,3,1,0.6,0,completed,3,2,0,approve_block,0,0,0.00010889593977481127,4.2599975131452084e-05
0,evaluation_06,3,0,0,2,2,0,edf,1,3,1,0.6,0,completed,3,2,0,approve_block,0,0,9.85070364549756e-05,3.479095175862312e-05
0,evaluation_06,3,0,0,2,2,0,uncertainty,1,3,1,0.6,0,completed,3,2,0,approve_block,0,0,0.00011007825378328562,3.65810701623559e-05
0,evaluation_06,3,0,0,2,2,0,greedy,1,3,1,0.6,0,completed,3,2,0,approve_block,0,0,0.00010816298890858889,3.4702010452747345e-05
0,evaluation_06,3,0,0,1,2,0,search,1,3,1,0.6,0,completed,3,2,0,approve_block,0,0,0.00012671796139329672,4.3252017349004745e-05
0,evaluation_06,0,0,0,1,3,0,no_review,1,0,2,0.0,0,completed,3,0,0,complexity_time,0,0,0.00017689308151602745,4.2952015064656734e-05
0,evaluation_06,2,0,0,1,1,0,fcfs,1,4,2,0.8,0,completed,3,2,0,complexity_time,0,0,7.028400432318449e-05,3.529503010213375e-05
0,evaluation_06,2,0,0,1,1,0,edf,1,4,2,0.8,0,completed,3,2,0,complexity_time,0,0,8.104590233415365e-05,4.181591793894768e-05
0,evaluation_06,2,0,0,1,1,0,uncertainty,1,4,2,0.8,0,completed,3,2,0,complexity_time,0,0,8.972303476184607e-05,5.19059831276536e-05
0,evaluation_06,2,0,0,1,1,0,greedy,1,4,2,0.8,0,completed,3,2,0,complexity_time,0,0,8.109095506370068e-05,4.1604042053222656e-05
0,evaluation_06,2,0,0,1,1,0,search,1,4,2,0.8,0,completed,3,2,0,complexity_time,0,0,0.00010189227759838104,5.0061033107340336e-05
0,evaluation_06,0,0,0,2,4,0,no_review,1,0,1,0.0,0,completed,3,0,0,complexity_time,0,0,0.00018953904509544373,4.549010191112757e-05
0,evaluation_06,3,0,0,2,2,0,fcfs,1,3,1,0.6,0,completed,3,2,0,complexity_time,0,0,0.00011074694339185953,4.4359941966831684e-05
0,evaluation_06,3,0,0,2,2,0,edf,1,3,1,0.6,0,completed,3,2,0,complexity_time,0,0,0.00012111198157072067,4.500499926507473e-05
0,evaluation_06,3,0,0,2,2,0,uncertainty,1,3,1,0.6,0,completed,3,2,0,complexity_time,0,0,0.00010856299195438623,3.7327990867197514e-05
0,evaluation_06,3,0,0,2,2,0,greedy,1,3,1,0.6,0,completed,3,2,0,complexity_time,0,0,0.00012166611850261688,4.170695319771767e-05
0,evaluation_06,3,0,0,2,2,0,search,1,3,1,0.6,0,completed,3,2,0,complexity_time,0,0,0.00012161594349890947,4.3032923713326454e-05
0,evaluation_06,0,0,0,1,3,0,no_review,2,0,2,0.0,0,completed,3,0,0,reference,0,0,0.0001954390900209546,6.460200529545546e-05
0,evaluation_06,2,0,0,1,1,0,fcfs,2,4,2,0.8,0,completed,3,2,0,reference,0,0,7.509707938879728e-05,4.036200698465109e-05
0,evaluation_06,2,0,0,1,1,0,edf,2,4,2,0.8,0,completed,3,2,0,reference,0,0,9.434996172785759e-05,5.646201316267252e-05
0,evaluation_06,2,0,0,1,1,0,uncertainty,2,4,2,0.8,0,completed,3,2,0,reference,0,0,7.826299406588078e-05,4.136504139751196e-05
0,evaluation_06,2,0,0,1,1,0,greedy,2,4,2,0.8,0,completed,3,2,0,reference,0,0,7.84299336373806e-05,4.064594395458698e-05
0,evaluation_06,2,0,0,1,1,0,search,2,4,2,0.8,0,completed,3,2,0,reference,0,0,0.00010288495104759932,5.224102642387152e-05
0,evaluation_06,0,0,0,2,4,0,no_review,2,0,1,0.0,0,completed,3,0,0,reference,0,0,0.0001760880695655942,4.5113032683730125e-05
0,evaluation_06,3,0,0,2,2,0,fcfs,2,3,1,0.6,0,completed,3,2,0,reference,0,0,0.00010439101606607437,3.5386066883802414e-05
0,evaluation_06,3,0,0,2,2,0,edf,2,3,1,0.6,0,completed,3,2,0,reference,0,0,9.249907452613115e-05,3.485800698399544e-05
0,evaluation_06,3,0,0,2,2,0,uncertainty,2,3,1,0.6,0,completed,3,2,0,reference,0,0,0.0001147659495472908,3.8319965824484825e-05
0,evaluation_06,3,0,0,2,2,0,greedy,2,3,1,0.6,0,completed,3,2,0,reference,0,0,0.00011135474778711796,4.067993722856045e-05
0,evaluation_06,3,0,0,2,2,0,search,2,3,1,0.6,0,completed,3,2,0,reference,0,0,0.00012832682114094496,4.3122912757098675e-05
0,evaluation_06,0,0,0,1,3,0,no_review,2,0,2,0.0,0,completed,3,0,0,approve_block,0,0,0.00016985391266644,4.896102473139763e-05
0,evaluation_06,2,0,0,1,1,0,fcfs,2,4,2,0.8,0,completed,3,2,0,approve_block,0,0,7.904891390353441e-05,4.3603009544312954e-05
0,evaluation_06,2,0,0,1,1,0,edf,2,4,2,0.8,0,completed,3,2,0,approve_block,0,0,8.859112858772278e-05,4.7525973059237e-05
0,evaluation_06,2,0,0,1,1,0,uncertainty,2,4,2,0.8,0,completed,3,2,0,approve_block,0,0,8.378899656236172e-05,4.663399886339903e-05
0,evaluation_06,2,0,0,1,1,0,greedy,2,4,2,0.8,0,completed,3,2,0,approve_block,0,0,9.47748776525259e-05,5.47849340364337e-05
0,evaluation_06,2,0,0,1,1,0,search,2,4,2,0.8,0,completed,3,2,0,approve_block,0,0,0.0001068370183929801,5.270005203783512e-05
0,evaluation_06,0,0,0,3,4,0,no_review,2,0,1,0.0,0,completed,3,0,0,approve_block,0,0,0.00016686005983501673,4.0427083149552345e-05
0,evaluation_06,3,0,0,1,2,0,fcfs,2,3,1,0.6,0,completed,3,2,0,approve_block,0,0,9.187113028019667e-05,3.170908894389868e-05
0,evaluation_06,3,0,0,2,2,0,edf,2,3,1,0.6,0,completed,3,2,0,approve_block,0,0,9.227695409208536e-05,3.554299473762512e-05
0,evaluation_06,3,0,0,2,2,0,uncertainty,2,3,1,0.6,0,completed,3,2,0,approve_block,0,0,0.00011705618817359209,4.0868064388632774e-05
0,evaluation_06,3,0,0,2,2,0,greedy,2,3,1,0.6,0,completed,3,2,0,approve_block,0,0,0.00011112203355878592,3.9831968024373055e-05
0,evaluation_06,3,0,0,1,2,0,search,2,3,1,0.6,0,completed,3,2,0,approve_block,0,0,0.0001434721052646637,4.685798194259405e-05
0,evaluation_06,0,0,0,1,3,0,no_review,2,0,2,0.0,0,completed,3,0,0,complexity_time,0,0,0.0001718420535326004,3.9789010770618916e-05
0,evaluation_06,2,0,0,1,1,0,fcfs,2,4,2,0.8,0,completed,3,2,0,complexity_time,0,0,8.297001477330923e-05,4.598405212163925e-05
0,evaluation_06,2,0,0,1,1,0,edf,2,4,2,0.8,0,completed,3,2,0,complexity_time,0,0,7.935403846204281e-05,4.26220940425992e-05
0,evaluation_06,2,0,0,1,1,0,uncertainty,2,4,2,0.8,0,completed,3,2,0,complexity_time,0,0,8.692604023963213e-05,4.853401333093643e-05
0,evaluation_06,2,0,0,1,1,0,greedy,2,4,2,0.8,0,completed,3,2,0,complexity_time,0,0,9.217613842338324e-05,5.3255935199558735e-05
0,evaluation_06,2,0,0,1,1,0,search,2,4,2,0.8,0,completed,3,2,0,complexity_time,0,0,9.533797856420279e-05,5.036394577473402e-05
0,evaluation_06,0,0,0,2,4,0,no_review,2,0,1,0.0,0,completed,3,0,0,complexity_time,0,0,0.00016957602929323912,4.0297978557646275e-05
0,evaluation_06,3,0,0,2,2,0,fcfs,2,3,1,0.6,0,completed,3,2,0,complexity_time,0,0,9.21530881896615e-05,3.069406375288963e-05
0,evaluation_06,3,0,0,2,2,0,edf,2,3,1,0.6,0,completed,3,2,0,complexity_time,0,0,0.00012065109331160784,4.252407234162092e-05
0,evaluation_06,3,0,0,2,2,0,uncertainty,2,3,1,0.6,0,completed,3,2,0,complexity_time,0,0,0.00010635517537593842,3.4566037356853485e-05
0,evaluation_06,3,0,0,2,2,0,greedy,2,3,1,0.6,0,completed,3,2,0,complexity_time,0,0,0.00011446315329521894,3.467302303761244e-05
0,evaluation_06,3,0,0,2,2,0,search,2,3,1,0.6,0,completed,3,2,0,complexity_time,0,0,0.00012872600927948952,4.3553998693823814e-05
0,evaluation_07,2,0,0,0,0,4,fcfs,0,2,1,0.4,4,completed,2,0,1,reference,0,0,4.4007087126374245e-05,1.91050348803401e-05
0,evaluation_07,2,0,0,0,0,4,edf,0,2,1,0.4,4,completed,2,0,1,reference,0,0,5.0146016292274e-05,2.3088068701326847e-05
0,evaluation_07,2,0,0,0,0,4,uncertainty,0,2,1,0.4,4,completed,2,0,1,reference,0,0,4.979514051228762e-05,2.353498712182045e-05
0,evaluation_07,2,0,0,0,0,4,greedy,0,2,1,0.4,4,completed,2,0,1,reference,0,0,4.8392219468951225e-05,2.247805241495371e-05
0,evaluation_07,2,0,0,0,0,4,search,0,2,1,0.4,4,completed,2,0,1,reference,0,0,7.608893793076277e-05,4.416296724230051e-05
0,evaluation_07,0,0,0,1,2,4,no_review,0,0,1,0.0,4,completed,2,0,1,reference,0,0,9.692681487649679e-05,2.5565968826413155e-05
0,evaluation_07,1,0,0,0,0,4,fcfs,0,2,2,0.4,4,completed,2,0,1,reference,0,0,5.935004446655512e-05,3.429397474974394e-05
0,evaluation_07,1,0,0,0,0,4,edf,0,2,2,0.4,4,completed,2,0,1,reference,0,0,6.718083750456572e-05,3.9319973438978195e-05
0,evaluation_07,1,0,0,0,0,4,uncertainty,0,2,2,0.4,4,completed,2,0,1,reference,0,0,5.495385266840458e-05,2.6025925762951374e-05
0,evaluation_07,1,0,0,0,0,4,greedy,0,2,2,0.4,4,completed,2,0,1,reference,0,0,6.960704922676086e-05,3.6073033697903156e-05
0,evaluation_07,1,0,0,0,0,4,search,0,2,2,0.4,4,completed,2,0,1,reference,0,0,6.218801718205214e-05,3.009301144629717e-05
0,evaluation_07,0,0,0,0,1,4,no_review,0,0,2,0.0,4,completed,2,0,1,reference,0,0,0.00010228774044662714,3.366195596754551e-05
0,evaluation_07,2,0,0,0,0,4,fcfs,0,2,1,0.4,4,completed,2,0,1,approve_block,0,0,4.513177555054426e-05,2.1484913304448128e-05
0,evaluation_07,2,0,0,0,0,4,edf,0,2,1,0.4,4,completed,2,0,1,approve_block,0,0,9.875907562673092e-05,5.17719890922308e-05
0,evaluation_07,2,0,0,0,0,4,uncertainty,0,2,1,0.4,4,completed,2,0,1,approve_block,0,0,4.8129004426300526e-05,2.215895801782608e-05
0,evaluation_07,2,0,0,0,0,4,greedy,0,2,1,0.4,4,completed,2,0,1,approve_block,0,0,7.244991138577461e-05,4.209799226373434e-05
0,evaluation_07,2,0,0,0,0,4,search,0,2,1,0.4,4,completed,2,0,1,approve_block,0,0,6.410002242773771e-05,2.8654001653194427e-05
0,evaluation_07,0,0,0,1,2,4,no_review,0,0,1,0.0,4,completed,2,0,1,approve_block,0,0,8.734606672078371e-05,2.298504114151001e-05
0,evaluation_07,1,0,0,0,0,4,fcfs,0,2,2,0.4,4,completed,2,0,1,approve_block,0,0,5.246198270469904e-05,2.5831046514213085e-05
0,evaluation_07,1,0,0,0,0,4,edf,0,2,2,0.4,4,completed,2,0,1,approve_block,0,0,5.5156066082417965e-05,2.6255962438881397e-05
0,evaluation_07,1,0,0,0,0,4,uncertainty,0,2,2,0.4,4,completed,2,0,1,approve_block,0,0,6.273691542446613e-05,3.66260064765811e-05
0,evaluation_07,1,0,0,0,0,4,greedy,0,2,2,0.4,4,completed,2,0,1,approve_block,0,0,6.848201155662537e-05,3.42389103025198e-05
0,evaluation_07,1,0,0,0,0,4,search,0,2,2,0.4,4,completed,2,0,1,approve_block,0,0,6.0298945754766464e-05,2.8218957595527172e-05
0,evaluation_07,0,0,0,0,1,4,no_review,0,0,2,0.0,4,completed,2,0,1,approve_block,0,0,8.7380176410079e-05,2.3381086066365242e-05
0,evaluation_07,2,0,0,0,0,4,fcfs,0,3,1,0.6,4,completed,2,0,1,complexity_time,0,0,4.626403097063303e-05,2.1739047951996326e-05
0,evaluation_07,2,0,0,0,0,4,edf,0,3,1,0.6,4,completed,2,0,1,complexity_time,0,0,4.7756009735167027e-05,2.3750937543809414e-05
0,evaluation_07,2,0,0,0,0,4,uncertainty,0,3,1,0.6,4,completed,2,0,1,complexity_time,0,0,5.172204691916704e-05,2.5144079700112343e-05
0,evaluation_07,2,0,0,0,0,4,greedy,0,3,1,0.6,4,completed,2,0,1,complexity_time,0,0,5.9745158068835735e-05,2.256303559988737e-05
0,evaluation_07,2,0,0,0,0,4,search,0,3,1,0.6,4,completed,2,0,1,complexity_time,0,0,6.069103255867958e-05,2.6916037313640118e-05
0,evaluation_07,0,0,0,0,1,4,no_review,0,0,1,0.0,4,completed,2,0,1,complexity_time,0,0,0.00017977412790060043,5.5051990784704685e-05
0,evaluation_07,1,0,0,0,0,4,fcfs,0,2,2,0.4,4,completed,2,0,1,complexity_time,0,0,5.5094948038458824e-05,2.7772970497608185e-05
0,evaluation_07,1,0,0,0,0,4,edf,0,2,2,0.4,4,completed,2,0,1,complexity_time,0,0,5.033786874264479e-05,2.2879918105900288e-05
0,evaluation_07,1,0,0,0,0,4,uncertainty,0,2,2,0.4,4,completed,2,0,1,complexity_time,0,0,6.18170015513897e-05,3.283005207777023e-05
0,evaluation_07,1,0,0,0,0,4,greedy,0,2,2,0.4,4,completed,2,0,1,complexity_time,0,0,8.2006910815835e-05,5.272694397717714e-05
0,evaluation_07,1,0,0,0,0,4,search,0,2,2,0.4,4,completed,2,0,1,complexity_time,0,0,4.8563932068645954e-05,2.396001946181059e-05
0,evaluation_07,0,0,0,0,0,4,no_review,0,0,2,0.0,4,completed,2,0,1,complexity_time,0,0,0.00012093398254364729,5.298294126987457e-05
0,evaluation_07,1,0,0,0,0,8,fcfs,1,1,1,0.2,8,completed,1,0,2,reference,0,0,2.8347130864858627e-05,2.053799107670784e-05
0,evaluation_07,1,0,0,0,0,8,edf,1,1,1,0.2,8,completed,1,0,2,reference,0,0,2.8247828595340252e-05,2.2709951736032963e-05
0,evaluation_07,1,0,0,0,0,8,uncertainty,1,1,1,0.2,8,completed,1,0,2,reference,0,0,2.9292074032127857e-05,2.3051048628985882e-05
0,evaluation_07,1,0,0,0,0,8,greedy,1,1,1,0.2,8,completed,1,0,2,reference,0,0,2.863793633878231e-05,2.3112050257623196e-05
0,evaluation_07,1,0,0,0,0,8,search,1,1,1,0.2,8,completed,1,0,2,reference,0,0,3.258208744227886e-05,2.596306148916483e-05
0,evaluation_07,0,0,0,0,0,8,no_review,1,0,1,0.0,8,completed,1,0,2,reference,0,0,5.9484969824552536e-05,1.9723083823919296e-05
0,evaluation_07,1,0,0,0,0,8,fcfs,1,2,2,0.4,8,completed,1,0,2,reference,0,0,2.7386005967855453e-05,2.0802021026611328e-05
0,evaluation_07,1,0,0,0,0,8,edf,1,2,2,0.4,8,completed,1,0,2,reference,0,0,2.8268899768590927e-05,2.2790045477449894e-05
0,evaluation_07,1,0,0,0,0,8,uncertainty,1,2,2,0.4,8,completed,1,0,2,reference,0,0,2.8247828595340252e-05,2.1565938368439674e-05
0,evaluation_07,1,0,0,0,0,8,greedy,1,2,2,0.4,8,completed,1,0,2,reference,0,0,2.9271934181451797e-05,2.385291736572981e-05
0,evaluation_07,1,0,0,0,0,8,search,1,2,2,0.4,8,completed,1,0,2,reference,0,0,3.476906567811966e-05,2.7145957574248314e-05
0,evaluation_07,0,0,0,0,0,8,no_review,1,0,2,0.0,8,completed,1,0,2,reference,0,0,6.04019733145833e-05,1.97939807549119e-05
0,evaluation_07,1,0,0,0,0,8,fcfs,1,1,1,0.2,8,completed,1,0,2,approve_block,0,0,2.8404057957232e-05,2.0961975678801537e-05
0,evaluation_07,1,0,0,0,0,8,edf,1,1,1,0.2,8,completed,1,0,2,approve_block,0,0,2.9743998311460018e-05,2.302299253642559e-05
0,evaluation_07,1,0,0,0,0,8,uncertainty,1,1,1,0.2,8,completed,1,0,2,approve_block,0,0,2.7314992621541023e-05,2.1104002371430397e-05
0,evaluation_07,1,0,0,0,0,8,greedy,1,1,1,0.2,8,completed,1,0,2,approve_block,0,0,2.896797377616167e-05,2.2524967789649963e-05
0,evaluation_07,1,0,0,0,0,8,search,1,1,1,0.2,8,completed,1,0,2,approve_block,0,0,3.55640659108758e-05,2.711603883653879e-05
0,evaluation_07,0,0,0,0,0,8,no_review,1,0,1,0.0,8,completed,1,0,2,approve_block,0,0,5.7361903600394726e-05,1.879397314041853e-05
0,evaluation_07,1,0,0,0,0,8,fcfs,1,2,2,0.4,8,completed,1,0,2,approve_block,0,0,2.5470973923802376e-05,1.9822968170046806e-05
0,evaluation_07,1,0,0,0,0,8,edf,1,2,2,0.4,8,completed,1,0,2,approve_block,0,0,2.940709237009287e-05,2.397701609879732e-05
0,evaluation_07,1,0,0,0,0,8,uncertainty,1,2,2,0.4,8,completed,1,0,2,approve_block,0,0,2.7036992833018303e-05,2.1297018975019455e-05
0,evaluation_07,1,0,0,0,0,8,greedy,1,2,2,0.4,8,completed,1,0,2,approve_block,0,0,2.678600139915943e-05,2.1881074644625187e-05
0,evaluation_07,1,0,0,0,0,8,search,1,2,2,0.4,8,completed,1,0,2,approve_block,0,0,3.317615482956171e-05,2.7064001187682152e-05
0,evaluation_07,0,0,0,0,0,8,no_review,1,0,2,0.0,8,completed,1,0,2,approve_block,0,0,5.881686229258776e-05,1.8835999071598053e-05
0,evaluation_07,1,0,0,0,0,8,fcfs,1,1,1,0.2,8,completed,1,0,2,complexity_time,0,0,2.5267829187214375e-05,1.983798574656248e-05
0,evaluation_07,1,0,0,0,0,8,edf,1,1,1,0.2,8,completed,1,0,2,complexity_time,0,0,3.0353199690580368e-05,2.2766063921153545e-05
0,evaluation_07,1,0,0,0,0,8,uncertainty,1,1,1,0.2,8,completed,1,0,2,complexity_time,0,0,2.9332004487514496e-05,2.33169412240386e-05
0,evaluation_07,1,0,0,0,0,8,greedy,1,1,1,0.2,8,completed,1,0,2,complexity_time,0,0,2.9478687793016434e-05,2.1811923943459988e-05
0,evaluation_07,1,0,0,0,0,8,search,1,1,1,0.2,8,completed,1,0,2,complexity_time,0,0,3.51971248164773e-05,2.8807087801396847e-05
0,evaluation_07,0,0,0,0,0,8,no_review,1,0,1,0.0,8,completed,1,0,2,complexity_time,0,0,6.236287299543619e-05,2.163101453334093e-05
0,evaluation_07,1,0,0,0,0,8,fcfs,1,2,2,0.4,8,completed,1,0,2,complexity_time,0,0,2.8160051442682743e-05,2.1509011276066303e-05
0,evaluation_07,1,0,0,0,0,8,edf,1,2,2,0.4,8,completed,1,0,2,complexity_time,0,0,2.774200402200222e-05,2.1314015612006187e-05
0,evaluation_07,1,0,0,0,0,8,uncertainty,1,2,2,0.4,8,completed,1,0,2,complexity_time,0,0,2.7744914405047894e-05,2.2285967133939266e-05
0,evaluation_07,1,0,0,0,0,8,greedy,1,2,2,0.4,8,completed,1,0,2,complexity_time,0,0,2.6098103262484074e-05,2.1566986106336117e-05
0,evaluation_07,1,0,0,0,0,8,search,1,2,2,0.4,8,completed,1,0,2,complexity_time,0,0,3.5932986065745354e-05,2.9518036171793938e-05
0,evaluation_07,0,0,0,0,0,8,no_review,1,0,2,0.0,8,completed,1,0,2,complexity_time,0,0,5.844410043209791e-05,1.8961960449814796e-05
0,evaluation_07,2,0,0,0,0,4,fcfs,2,2,1,0.4,4,completed,2,0,1,reference,0,0,4.365493077784777e-05,1.9113998860120773e-05
0,evaluation_07,2,0,0,0,0,4,edf,2,2,1,0.4,4,completed,2,0,1,reference,0,0,4.630314651876688e-05,2.1065003238618374e-05
0,evaluation_07,2,0,0,0,0,4,uncertainty,2,2,1,0.4,4,completed,2,0,1,reference,0,0,5.014112684875727e-05,2.2798078134655952e-05
0,evaluation_07,2,0,0,0,0,4,greedy,2,2,1,0.4,4,completed,2,0,1,reference,0,0,4.961015656590462e-05,2.298003528267145e-05
0,evaluation_07,2,0,0,0,0,4,search,2,2,1,0.4,4,completed,2,0,1,reference,0,0,5.197396967560053e-05,2.6388908736407757e-05
0,evaluation_07,0,0,0,1,2,4,no_review,2,0,1,0.0,4,completed,2,0,1,reference,0,0,0.00010483397636562586,2.9884977266192436e-05
0,evaluation_07,1,0,0,0,0,4,fcfs,2,2,2,0.4,4,completed,2,0,1,reference,0,0,5.9167854487895966e-05,3.090302925556898e-05
0,evaluation_07,1,0,0,0,0,4,edf,2,2,2,0.4,4,completed,2,0,1,reference,0,0,6.275414489209652e-05,3.4195021726191044e-05
0,evaluation_07,1,0,0,0,0,4,uncertainty,2,2,2,0.4,4,completed,2,0,1,reference,0,0,6.115203723311424e-05,2.896797377616167e-05
0,evaluation_07,1,0,0,0,0,4,greedy,2,2,2,0.4,4,completed,2,0,1,reference,0,0,5.304685328155756e-05,2.6060035452246666e-05
0,evaluation_07,1,0,0,0,0,4,search,2,2,2,0.4,4,completed,2,0,1,reference,0,0,9.908981155604124e-05,6.629095878452063e-05
0,evaluation_07,0,0,0,0,1,4,no_review,2,0,2,0.0,4,completed,2,0,1,reference,0,0,0.00011223391629755497,4.1967956349253654e-05
0,evaluation_07,2,0,0,0,0,4,fcfs,2,2,1,0.4,4,completed,2,0,1,approve_block,0,0,4.100997466593981e-05,1.9956030882894993e-05
0,evaluation_07,2,0,0,0,0,4,edf,2,2,1,0.4,4,completed,2,0,1,approve_block,0,0,4.796881694346666e-05,2.1731946617364883e-05
0,evaluation_07,2,0,0,0,0,4,uncertainty,2,2,1,0.4,4,completed,2,0,1,approve_block,0,0,4.825112409889698e-05,2.1987012587487698e-05
0,evaluation_07,2,0,0,0,0,4,greedy,2,2,1,0.4,4,completed,2,0,1,approve_block,0,0,5.1506911404430866e-05,2.295698504894972e-05
0,evaluation_07,2,0,0,0,0,4,search,2,2,1,0.4,4,completed,2,0,1,approve_block,0,0,6.074493285268545e-05,2.8698937967419624e-05
0,evaluation_07,0,0,0,1,2,4,no_review,2,0,1,0.0,4,completed,2,0,1,approve_block,0,0,0.00010291789658367634,3.409001510590315e-05
0,evaluation_07,1,0,0,0,0,4,fcfs,2,2,2,0.4,4,completed,2,0,1,approve_block,0,0,5.640194285660982e-05,3.215402830392122e-05
0,evaluation_07,1,0,0,0,0,4,edf,2,2,2,0.4,4,completed,2,0,1,approve_block,0,0,5.809601861983538e-05,3.0269031412899494e-05
0,evaluation_07,1,0,0,0,0,4,uncertainty,2,2,2,0.4,4,completed,2,0,1,approve_block,0,0,6.155914161354303e-05,3.416405525058508e-05
0,evaluation_07,1,0,0,0,0,4,greedy,2,2,2,0.4,4,completed,2,0,1,approve_block,0,0,5.6355027481913567e-05,2.860603854060173e-05
0,evaluation_07,1,0,0,0,0,4,search,2,2,2,0.4,4,completed,2,0,1,approve_block,0,0,6.583204958587885e-05,3.394600935280323e-05
0,evaluation_07,0,0,0,0,1,4,no_review,2,0,2,0.0,4,completed,2,0,1,approve_block,0,0,0.00010991503950208426,4.019704647362232e-05
0,evaluation_07,2,0,0,0,0,4,fcfs,2,3,1,0.6,4,completed,2,0,1,complexity_time,0,0,4.9949041567742825e-05,2.3851986043155193e-05
0,evaluation_07,2,0,0,0,0,4,edf,2,3,1,0.6,4,completed,2,0,1,complexity_time,0,0,4.637218080461025e-05,2.2385036572813988e-05
0,evaluation_07,2,0,0,0,0,4,uncertainty,2,3,1,0.6,4,completed,2,0,1,complexity_time,0,0,4.374515265226364e-05,2.2065010853111744e-05
0,evaluation_07,2,0,0,0,0,4,greedy,2,3,1,0.6,4,completed,2,0,1,complexity_time,0,0,4.727893974632025e-05,2.349703572690487e-05
0,evaluation_07,2,0,0,0,0,4,search,2,3,1,0.6,4,completed,2,0,1,complexity_time,0,0,6.504403427243233e-05,3.5217031836509705e-05
0,evaluation_07,0,0,0,0,1,4,no_review,2,0,1,0.0,4,completed,2,0,1,complexity_time,0,0,0.00010134675540030003,2.9647955670952797e-05
0,evaluation_07,1,0,0,0,0,4,fcfs,2,2,2,0.4,4,completed,2,0,1,complexity_time,0,0,6.033701356500387e-05,2.806901466101408e-05
0,evaluation_07,1,0,0,0,0,4,edf,2,2,2,0.4,4,completed,2,0,1,complexity_time,0,0,5.5607990361750126e-05,2.8259004466235638e-05
0,evaluation_07,1,0,0,0,0,4,uncertainty,2,2,2,0.4,4,completed,2,0,1,complexity_time,0,0,5.8273784816265106e-05,3.0327937565743923e-05
0,evaluation_07,1,0,0,0,0,4,greedy,2,2,2,0.4,4,completed,2,0,1,complexity_time,0,0,6.295798812061548e-05,3.437104169279337e-05
0,evaluation_07,1,0,0,0,0,4,search,2,2,2,0.4,4,completed,2,0,1,complexity_time,0,0,5.834817420691252e-05,2.776703331619501e-05
0,evaluation_07,0,0,0,0,0,4,no_review,2,0,2,0.0,4,completed,2,0,1,complexity_time,0,0,9.241374209523201e-05,2.5533954612910748e-05
0,evaluation_08,2,0,0,1,1,4,edf,0,4,2,0.8,4,completed,2,2,1,reference,0,0,7.967709098011255e-05,3.933801781386137e-05
0,evaluation_08,2,0,0,1,1,4,uncertainty,0,4,2,0.8,4,completed,2,2,1,reference,0,0,6.134295836091042e-05,3.29919857904315e-05
0,evaluation_08,2,0,0,1,1,4,greedy,0,4,2,0.8,4,completed,2,2,1,reference,0,0,7.236399687826633e-05,3.4985016100108624e-05
0,evaluation_08,2,0,0,1,1,4,search,0,4,2,0.8,4,completed,2,2,1,reference,0,0,0.0001071857986971736,6.052595563232899e-05
0,evaluation_08,0,0,0,1,3,4,no_review,0,0,2,0.0,4,completed,2,0,1,reference,0,0,0.0001334210392087698,3.205204848200083e-05
0,evaluation_08,2,0,0,1,1,4,fcfs,0,4,2,0.8,4,completed,2,2,1,reference,0,0,7.154198829084635e-05,3.4427037462592125e-05
0,evaluation_08,2,0,0,1,1,4,edf,0,2,1,0.4,4,completed,2,1,1,reference,0,0,7.243209984153509e-05,3.420398570597172e-05
0,evaluation_08,2,0,0,1,1,4,uncertainty,0,2,1,0.4,4,completed,2,1,1,reference,0,0,7.64819560572505e-05,3.715197090059519e-05
0,evaluation_08,2,0,0,1,1,4,greedy,0,2,1,0.4,4,completed,2,1,1,reference,0,0,7.474899757653475e-05,3.500597085803747e-05
0,evaluation_08,2,0,0,1,1,4,search,0,2,1,0.4,4,completed,2,1,1,reference,0,0,0.00010049168486148119,4.824891220778227e-05
0,evaluation_08,0,0,0,3,4,4,no_review,0,0,1,0.0,4,completed,2,0,1,reference,0,0,0.00012365099973976612,3.0633993446826935e-05
0,evaluation_08,2,0,0,1,1,4,fcfs,0,2,1,0.4,4,completed,2,1,1,reference,0,0,5.493627395480871e-05,2.949510235339403e-05
0,evaluation_08,2,0,0,1,1,4,edf,0,4,2,0.8,4,completed,2,2,1,approve_block,0,0,7.119588553905487e-05,3.1924922950565815e-05
0,evaluation_08,2,0,0,1,1,4,uncertainty,0,4,2,0.8,4,completed,2,2,1,approve_block,0,0,5.61749329790473e-05,3.230501897633076e-05
0,evaluation_08,2,0,0,1,1,4,greedy,0,4,2,0.8,4,completed,2,2,1,approve_block,0,0,8.053891360759735e-05,4.274595994502306e-05
0,evaluation_08,2,0,0,1,1,4,search,0,4,2,0.8,4,completed,2,2,1,approve_block,0,0,9.326799772679806e-05,4.4782995246350765e-05
0,evaluation_08,0,0,0,1,3,4,no_review,0,0,2,0.0,4,completed,2,0,1,approve_block,0,0,0.00013434502761811018,3.5261036828160286e-05
0,evaluation_08,2,0,0,1,1,4,fcfs,0,4,2,0.8,4,completed,2,2,1,approve_block,0,0,6.704207044094801e-05,3.0577066354453564e-05
0,evaluation_08,2,0,0,1,1,4,edf,0,2,1,0.4,4,completed,2,1,1,approve_block,0,0,6.669200956821442e-05,3.3073010854423046e-05
0,evaluation_08,2,0,0,1,1,4,uncertainty,0,2,1,0.4,4,completed,2,1,1,approve_block,0,0,7.632502820342779e-05,3.877398557960987e-05
0,evaluation_08,2,0,0,1,1,4,greedy,0,2,1,0.4,4,completed,2,1,1,approve_block,0,0,7.411977276206017e-05,3.351294435560703e-05
0,evaluation_08,2,0,0,1,1,4,search,0,2,1,0.4,4,completed,2,1,1,approve_block,0,0,9.518407750874758e-05,4.592107143253088e-05
0,evaluation_08,0,0,0,3,4,4,no_review,0,0,1,0.0,4,completed,2,0,1,approve_block,0,0,0.00012992694973945618,3.013096284121275e-05
0,evaluation_08,2,0,0,1,1,4,fcfs,0,2,1,0.4,4,completed,2,1,1,approve_block,0,0,9.079196024686098e-05,5.3092953749001026e-05
0,evaluation_08,2,0,0,1,1,4,edf,0,4,2,0.8,4,completed,2,2,1,complexity_time,0,0,5.950103513896465e-05,3.226799890398979e-05
0,evaluation_08,2,0,0,1,1,4,uncertainty,0,4,2,0.8,4,completed,2,2,1,complexity_time,0,0,5.890592001378536e-05,3.179104533046484e-05
0,evaluation_08,2,0,0,1,1,4,greedy,0,4,2,0.8,4,completed,2,2,1,complexity_time,0,0,6.880098953843117e-05,3.347999881953001e-05
0,evaluation_08,2,0,0,1,1,4,search,0,4,2,0.8,4,completed,2,2,1,complexity_time,0,0,0.00010010600090026855,5.778903141617775e-05
0,evaluation_08,0,0,0,1,3,4,no_review,0,0,2,0.0,4,completed,2,0,1,complexity_time,0,0,0.00018624879885464907,4.226691089570522e-05
0,evaluation_08,2,0,0,1,1,4,fcfs,0,4,2,0.8,4,completed,2,2,1,complexity_time,0,0,7.606996223330498e-05,3.912299871444702e-05
0,evaluation_08,2,0,0,1,1,4,edf,0,2,1,0.4,4,completed,2,1,1,complexity_time,0,0,7.593701593577862e-05,3.8602971471846104e-05
0,evaluation_08,2,0,0,1,1,4,uncertainty,0,2,1,0.4,4,completed,2,1,1,complexity_time,0,0,7.336412090808153e-05,3.533798735588789e-05
0,evaluation_08,2,0,0,1,1,4,greedy,0,2,1,0.4,4,completed,2,1,1,complexity_time,0,0,7.403094787150621e-05,3.420491702854633e-05
0,evaluation_08,2,0,0,1,1,4,search,0,2,1,0.4,4,completed,2,1,1,complexity_time,0,0,7.216306403279305e-05,4.155898932367563e-05
0,evaluation_08,0,0,0,3,4,4,no_review,0,0,1,0.0,4,completed,2,0,1,complexity_time,0,0,0.0001195250079035759,2.9509072192013264e-05
0,evaluation_08,2,0,0,1,1,4,fcfs,0,2,1,0.4,4,completed,2,1,1,complexity_time,0,0,6.618304178118706e-05,3.1210947781801224e-05
0,evaluation_08,2,0,1,1,1,8,edf,1,4,2,0.8,4,completed,2,2,0,reference,4,1,8.355395402759314e-05,4.539208021014929e-05
0,evaluation_08,2,0,1,1,1,8,uncertainty,1,4,2,0.8,4,completed,2,2,0,reference,4,1,8.314289152622223e-05,4.345003981143236e-05
0,evaluation_08,2,0,1,1,1,8,greedy,1,4,2,0.8,4,completed,2,2,0,reference,4,1,7.408694364130497e-05,3.593496512621641e-05
0,evaluation_08,2,0,1,1,1,8,search,1,4,2,0.8,4,completed,2,2,0,reference,4,1,0.00010612607002258301,5.237304139882326e-05
0,evaluation_08,0,0,1,1,3,8,no_review,1,0,2,0.0,4,completed,2,0,0,reference,4,1,0.00017762277275323868,4.238099791109562e-05
0,evaluation_08,2,0,1,1,1,8,fcfs,1,4,2,0.8,4,completed,2,2,0,reference,4,1,8.207291830331087e-05,4.74459957331419e-05
0,evaluation_08,3,1,0,2,2,0,edf,1,3,1,0.6,0,completed,3,2,0,reference,0,0,0.00011530495248734951,3.7592020817101e-05
0,evaluation_08,3,1,0,2,2,0,uncertainty,1,3,1,0.6,0,completed,3,2,0,reference,0,0,0.0001004671212285757,3.452901728451252e-05
0,evaluation_08,3,1,0,2,2,0,greedy,1,3,1,0.6,0,completed,3,2,0,reference,0,0,9.919307194650173e-05,3.4097000025212765e-05
0,evaluation_08,3,1,0,1,2,0,search,1,3,1,0.6,0,completed,3,2,0,reference,0,0,0.00012489920482039452,4.1070044972002506e-05
0,evaluation_08,0,0,1,3,4,8,no_review,1,0,1,0.0,4,completed,2,0,0,reference,4,1,0.00020063004922121763,6.201502401381731e-05
0,evaluation_08,3,1,0,1,2,0,fcfs,1,3,1,0.6,0,completed,3,2,0,reference,0,0,9.425007738173008e-05,3.222096711397171e-05
0,evaluation_08,2,0,1,1,1,8,edf,1,4,2,0.8,4,completed,2,2,0,approve_block,4,1,8.53448873385787e-05,4.805892240256071e-05
0,evaluation_08,2,0,1,1,1,8,uncertainty,1,4,2,0.8,4,completed,2,2,0,approve_block,4,1,8.745002560317516e-05,4.936102777719498e-05
0,evaluation_08,2,0,1,1,1,8,greedy,1,4,2,0.8,4,completed,2,2,0,approve_block,4,1,8.161203004419804e-05,4.403200000524521e-05
0,evaluation_08,2,0,1,1,1,8,search,1,4,2,0.8,4,completed,2,2,0,approve_block,4,1,0.00011249084491282701,5.6285993196070194e-05
0,evaluation_08,0,0,1,1,3,8,no_review,1,0,2,0.0,4,completed,2,0,0,approve_block,4,1,0.00016094290185719728,3.672798629850149e-05
0,evaluation_08,2,0,1,1,1,8,fcfs,1,4,2,0.8,4,completed,2,2,0,approve_block,4,1,7.60769471526146e-05,4.1053048335015774e-05
1,evaluation_08,3,0,0,2,2,4,edf,1,3,1,0.6,4,completed,2,2,0,approve_block,0,0,0.0001000560587272048,3.511400427669287e-05
1,evaluation_08,3,0,0,2,2,4,uncertainty,1,3,1,0.6,4,completed,2,2,0,approve_block,0,0,0.00011009909212589264,3.6934041418135166e-05
1,evaluation_08,3,0,0,2,2,4,greedy,1,3,1,0.6,4,completed,2,2,0,approve_block,0,0,9.667593985795975e-05,3.4352997317910194e-05
1,evaluation_08,3,0,0,1,2,4,search,1,3,1,0.6,4,completed,2,2,0,approve_block,0,0,0.00013020983897149563,4.594388883560896e-05
0,evaluation_08,0,0,1,3,4,8,no_review,1,0,1,0.0,4,completed,2,0,0,approve_block,4,1,0.0002188999205827713,8.16460233181715e-05
1,evaluation_08,3,0,0,1,2,4,fcfs,1,3,1,0.6,4,completed,2,2,0,approve_block,0,0,9.103701449930668e-05,3.0262977816164494e-05
0,evaluation_08,2,0,1,1,1,8,edf,1,4,2,0.8,4,completed,2,2,0,complexity_time,4,1,8.012005127966404e-05,4.078797064721584e-05
0,evaluation_08,2,0,1,1,1,8,uncertainty,1,4,2,0.8,4,completed,2,2,0,complexity_time,4,1,8.411111775785685e-05,4.543503746390343e-05
0,evaluation_08,2,0,1,1,1,8,greedy,1,4,2,0.8,4,completed,2,2,0,complexity_time,4,1,8.587597403675318e-05,4.8564979806542397e-05
0,evaluation_08,2,0,1,1,1,8,search,1,4,2,0.8,4,completed,2,2,0,complexity_time,4,1,9.867805056273937e-05,4.7820969484746456e-05
0,evaluation_08,0,0,1,1,3,8,no_review,1,0,2,0.0,4,completed,2,0,0,complexity_time,4,1,0.00017641496378928423,4.155002534389496e-05
0,evaluation_08,2,0,1,1,1,8,fcfs,1,4,2,0.8,4,completed,2,2,0,complexity_time,4,1,7.789395749568939e-05,4.020100459456444e-05
0,evaluation_08,3,1,0,1,2,0,edf,1,4,1,0.8,0,completed,3,3,0,complexity_time,0,0,0.00010381301399320364,3.376894164830446e-05
0,evaluation_08,3,1,0,1,2,0,uncertainty,1,4,1,0.8,0,completed,3,3,0,complexity_time,0,0,0.00011068512685596943,3.8717989809811115e-05
0,evaluation_08,3,1,0,1,2,0,greedy,1,4,1,0.8,0,completed,3,3,0,complexity_time,0,0,0.00012986594811081886,5.7299970649182796e-05
0,evaluation_08,3,1,0,2,2,0,search,1,4,1,0.8,0,completed,3,3,0,complexity_time,0,0,0.00013377994764596224,4.4832006096839905e-05
0,evaluation_08,0,0,1,3,4,8,no_review,1,0,1,0.0,4,completed,2,0,0,complexity_time,4,1,0.00016319891437888145,3.5877921618521214e-05
0,evaluation_08,2,0,1,2,2,8,fcfs,1,2,1,0.4,4,completed,2,1,0,complexity_time,4,1,9.143201168626547e-05,3.15000070258975e-05
0,evaluation_08,2,0,0,1,1,4,edf,2,4,2,0.8,4,completed,2,2,1,reference,0,0,7.812702096998692e-05,4.028703551739454e-05
0,evaluation_08,2,0,0,1,1,4,uncertainty,2,4,2,0.8,4,completed,2,2,1,reference,0,0,6.945093628019094e-05,3.273296169936657e-05
0,evaluation_08,2,0,0,1,1,4,greedy,2,4,2,0.8,4,completed,2,2,1,reference,0,0,7.721490692347288e-05,3.678095526993275e-05
0,evaluation_08,2,0,0,1,1,4,search,2,4,2,0.8,4,completed,2,2,1,reference,0,0,9.39731253311038e-05,5.652196705341339e-05
0,evaluation_08,0,0,0,1,3,4,no_review,2,0,2,0.0,4,completed,2,0,1,reference,0,0,0.00013427797239273787,3.55009688064456e-05
0,evaluation_08,2,0,0,1,1,4,fcfs,2,4,2,0.8,4,completed,2,2,1,reference,0,0,6.386602763086557e-05,2.9937014915049076e-05
0,evaluation_08,2,0,0,1,1,4,edf,2,2,1,0.4,4,completed,2,1,1,reference,0,0,6.985187064856291e-05,3.248709253966808e-05
0,evaluation_08,2,0,0,1,1,4,uncertainty,2,2,1,0.4,4,completed,2,1,1,reference,0,0,9.046797640621662e-05,4.910503048449755e-05
0,evaluation_08,2,0,0,1,1,4,greedy,2,2,1,0.4,4,completed,2,1,1,reference,0,0,7.081904914230108e-05,3.328209277242422e-05
0,evaluation_08,2,0,0,1,1,4,search,2,2,1,0.4,4,completed,2,1,1,reference,0,0,9.633391164243221e-05,5.392695311456919e-05
0,evaluation_08,0,0,0,3,4,4,no_review,2,0,1,0.0,4,completed,2,0,1,reference,0,0,0.0001323638716712594,3.207894042134285e-05
0,evaluation_08,2,0,0,1,1,4,fcfs,2,2,1,0.4,4,completed,2,1,1,reference,0,0,6.487325299531221e-05,2.9967050068080425e-05
0,evaluation_08,2,0,0,1,1,4,edf,2,4,2,0.8,4,completed,2,2,1,approve_block,0,0,7.013115100562572e-05,3.3710035495460033e-05
0,evaluation_08,2,0,0,1,1,4,uncertainty,2,4,2,0.8,4,completed,2,2,1,approve_block,0,0,7.348903454840183e-05,3.578304313123226e-05
0,evaluation_08,2,0,0,1,1,4,greedy,2,4,2,0.8,4,completed,2,2,1,approve_block,0,0,7.596879731863737e-05,3.869191277772188e-05
0,evaluation_08,2,0,0,1,1,4,search,2,4,2,0.8,4,completed,2,2,1,approve_block,0,0,6.985885556787252e-05,4.115002229809761e-05
0,evaluation_08,0,0,0,1,3,4,no_review,2,0,2,0.0,4,completed,2,0,1,approve_block,0,0,0.00013491290155798197,3.1761941500008106e-05
0,evaluation_08,2,0,0,1,1,4,fcfs,2,4,2,0.8,4,completed,2,2,1,approve_block,0,0,6.762798875570297e-05,3.3175921998918056e-05
0,evaluation_08,2,0,0,1,1,4,edf,2,2,1,0.4,4,completed,2,1,1,approve_block,0,0,7.476308383047581e-05,3.387697506695986e-05
0,evaluation_08,2,0,0,1,1,4,uncertainty,2,2,1,0.4,4,completed,2,1,1,approve_block,0,0,7.883517537266016e-05,3.8877944462001324e-05
0,evaluation_08,2,0,0,1,1,4,greedy,2,2,1,0.4,4,completed,2,1,1,approve_block,0,0,8.547795005142689e-05,3.734102938324213e-05
0,evaluation_08,2,0,0,1,1,4,search,2,2,1,0.4,4,completed,2,1,1,approve_block,0,0,8.000584784895182e-05,4.247890319675207e-05
0,evaluation_08,0,0,0,3,4,4,no_review,2,0,1,0.0,4,completed,2,0,1,approve_block,0,0,0.00013292208313941956,3.202795051038265e-05
0,evaluation_08,2,0,0,1,1,4,fcfs,2,2,1,0.4,4,completed,2,1,1,approve_block,0,0,7.298705168068409e-05,3.685604315251112e-05
0,evaluation_08,2,0,0,1,1,4,edf,2,4,2,0.8,4,completed,2,2,1,complexity_time,0,0,5.9521058574318886e-05,3.2108044251799583e-05
0,evaluation_08,2,0,0,1,1,4,uncertainty,2,4,2,0.8,4,completed,2,2,1,complexity_time,0,0,7.301894947886467e-05,3.696000203490257e-05
0,evaluation_08,2,0,0,1,1,4,greedy,2,4,2,0.8,4,completed,2,2,1,complexity_time,0,0,7.86071177572012e-05,3.662204835563898e-05
0,evaluation_08,2,0,0,1,1,4,search,2,4,2,0.8,4,completed,2,2,1,complexity_time,0,0,8.05460149422288e-05,4.548695869743824e-05
0,evaluation_08,0,0,0,1,3,4,no_review,2,0,2,0.0,4,completed,2,0,1,complexity_time,0,0,0.00013238913379609585,3.4986063838005066e-05
0,evaluation_08,2,0,0,1,1,4,fcfs,2,4,2,0.8,4,completed,2,2,1,complexity_time,0,0,7.14220805093646e-05,3.4991069696843624e-05
0,evaluation_08,2,0,0,1,1,4,edf,2,2,1,0.4,4,completed,2,1,1,complexity_time,0,0,5.612103268504143e-05,3.076402936130762e-05
0,evaluation_08,2,0,0,1,1,4,uncertainty,2,2,1,0.4,4,completed,2,1,1,complexity_time,0,0,7.19260424375534e-05,3.329000901430845e-05
0,evaluation_08,2,0,0,1,1,4,greedy,2,2,1,0.4,4,completed,2,1,1,complexity_time,0,0,7.19740055501461e-05,3.324099816381931e-05
0,evaluation_08,2,0,0,1,1,4,search,2,2,1,0.4,4,completed,2,1,1,complexity_time,0,0,8.082902058959007e-05,4.201103001832962e-05
0,evaluation_08,0,0,0,3,4,4,no_review,2,0,1,0.0,4,completed,2,0,1,complexity_time,0,0,0.00014251901302486658,3.8702040910720825e-05
0,evaluation_08,2,0,0,1,1,4,fcfs,2,2,1,0.4,4,completed,2,1,1,complexity_time,0,0,7.562502287328243e-05,3.729504533112049e-05
0,evaluation_09,2,2,0,2,2,0,uncertainty,0,2,1,0.4,0,completed,3,0,0,reference,0,0,7.64249125495553e-05,3.49399633705616e-05
0,evaluation_09,2,2,0,2,2,0,greedy,0,2,1,0.4,0,completed,3,0,0,reference,0,0,7.131381426006556e-05,3.2755895517766476e-05
0,evaluation_09,3,2,0,1,2,0,search,0,3,1,0.6,0,completed,3,2,0,reference,0,0,0.00013010099064558744,4.3343985453248024e-05
0,evaluation_09,0,0,2,2,5,20,no_review,0,0,1,0.0,8,completed,1,0,0,reference,12,2,0.0001636170782148838,5.129294004291296e-05
0,evaluation_09,3,2,0,1,2,0,fcfs,0,3,1,0.6,0,completed,3,2,0,reference,0,0,0.0001135380007326603,3.866094630211592e-05
0,evaluation_09,3,2,0,1,2,0,edf,0,3,1,0.6,0,completed,3,2,0,reference,0,0,0.0001086328411474824,3.668596036732197e-05
0,evaluation_09,2,2,0,1,1,0,uncertainty,0,4,2,0.8,0,completed,3,1,0,reference,0,0,6.874091923236847e-05,3.183598164469004e-05
0,evaluation_09,2,2,0,1,1,0,greedy,0,4,2,0.8,0,completed,3,1,0,reference,0,0,8.362508378922939e-05,4.0690996684134007e-05
0,evaluation_09,2,1,1,1,2,12,search,0,4,2,0.8,4,completed,2,2,0,reference,8,1,0.00012883113231509924,5.479203537106514e-05
0,evaluation_09,0,0,2,1,4,20,no_review,0,0,2,0.0,8,completed,1,0,0,reference,12,2,0.00015594891738146544,4.313990939408541e-05
0,evaluation_09,2,1,1,1,2,12,fcfs,0,4,2,0.8,4,completed,2,2,0,reference,8,1,0.00010389008093625307,4.390894901007414e-05
0,evaluation_09,2,1,1,1,2,12,edf,0,4,2,0.8,4,completed,2,2,0,reference,8,1,0.00013251090422272682,4.66429628431797e-05
2,evaluation_09,2,0,0,2,2,8,uncertainty,0,2,1,0.4,8,completed,1,0,0,approve_block,0,0,6.528885569423437e-05,3.273400943726301e-05
2,evaluation_09,2,0,0,2,2,8,greedy,0,2,1,0.4,8,completed,1,0,0,approve_block,0,0,0.00013570592273026705,8.974503725767136e-05
2,evaluation_09,3,0,0,2,2,8,search,0,3,1,0.6,8,completed,1,2,0,approve_block,0,0,0.0001330268569290638,4.360394086688757e-05
0,evaluation_09,0,0,2,4,5,20,no_review,0,0,1,0.0,8,completed,1,0,0,approve_block,12,2,0.00015817501116544008,4.5879045501351357e-05
2,evaluation_09,3,0,0,2,2,8,fcfs,0,3,1,0.6,8,completed,1,2,0,approve_block,0,0,0.00011075823567807674,4.049902781844139e-05
2,evaluation_09,3,0,0,2,2,8,edf,0,3,1,0.6,8,completed,1,2,0,approve_block,0,0,0.00010835216380655766,3.648607525974512e-05
2,evaluation_09,2,0,0,1,1,8,uncertainty,0,4,2,0.8,8,completed,1,1,0,approve_block,0,0,7.129309233278036e-05,3.4337048418819904e-05
2,evaluation_09,2,0,0,1,1,8,greedy,0,4,2,0.8,8,completed,1,1,0,approve_block,0,0,7.527298294007778e-05,3.6000972613692284e-05
1,evaluation_09,2,0,1,1,2,12,search,0,4,2,0.8,8,completed,1,1,0,approve_block,4,1,0.0001584668643772602,7.159600500017405e-05
0,evaluation_09,0,0,2,2,4,20,no_review,0,0,2,0.0,8,completed,1,0,0,approve_block,12,2,0.00016376515850424767,4.716101102530956e-05
1,evaluation_09,2,0,1,1,2,16,fcfs,0,4,2,0.8,8,completed,1,2,0,approve_block,8,1,0.00010524294339120388,4.500697832554579e-05
1,evaluation_09,2,0,1,1,2,16,edf,0,4,2,0.8,8,completed,1,2,0,approve_block,8,1,0.00011647504288703203,4.205701407045126e-05
0,evaluation_09,2,2,0,2,2,0,uncertainty,0,2,1,0.4,0,completed,3,0,0,complexity_time,0,0,8.108594920486212e-05,4.027003888040781e-05
0,evaluation_09,2,2,0,2,2,0,greedy,0,2,1,0.4,0,completed,3,0,0,complexity_time,0,0,6.901798769831657e-05,3.315799403935671e-05
0,evaluation_09,3,2,0,1,2,0,search,0,3,1,0.6,0,completed,3,2,0,complexity_time,0,0,0.00012113712728023529,4.24850732088089e-05
0,evaluation_09,0,0,2,2,5,20,no_review,0,0,1,0.0,8,completed,1,0,0,complexity_time,12,2,0.00015480199363082647,4.14940295740962e-05
0,evaluation_09,3,2,0,1,2,0,fcfs,0,3,1,0.6,0,completed,3,2,0,complexity_time,0,0,9.376590605825186e-05,3.064097836613655e-05
0,evaluation_09,3,2,0,1,2,0,edf,0,3,1,0.6,0,completed,3,2,0,complexity_time,0,0,9.696197230368853e-05,3.762997221201658e-05
0,evaluation_09,2,2,0,1,1,0,uncertainty,0,4,2,0.8,0,completed,3,1,0,complexity_time,0,0,8.246302604675293e-05,4.208402242511511e-05
0,evaluation_09,2,2,0,1,1,0,greedy,0,4,2,0.8,0,completed,3,1,0,complexity_time,0,0,7.880094926804304e-05,4.137400537729263e-05
0,evaluation_09,2,1,1,1,2,12,search,0,4,2,0.8,4,completed,2,2,0,complexity_time,8,1,0.00013591896276921034,5.6764925830066204e-05
0,evaluation_09,0,0,2,1,4,20,no_review,0,0,2,0.0,8,completed,1,0,0,complexity_time,12,2,0.00014129688497632742,3.1864969059824944e-05
0,evaluation_09,2,1,1,1,2,12,fcfs,0,4,2,0.8,4,completed,2,2,0,complexity_time,8,1,0.000143697252497077,7.324409671127796e-05
0,evaluation_09,2,1,1,1,2,12,edf,0,4,2,0.8,4,completed,2,2,0,complexity_time,8,1,0.00011128606274724007,5.395803600549698e-05
0,evaluation_09,2,1,0,1,1,4,uncertainty,1,2,1,0.4,4,completed,2,1,1,reference,0,0,6.885407492518425e-05,3.333599306643009e-05
0,evaluation_09,2,1,0,1,1,4,greedy,1,2,1,0.4,4,completed,2,1,1,reference,0,0,8.183124009519815e-05,3.8264086470007896e-05
0,evaluation_09,2,1,0,1,1,4,search,1,2,1,0.4,4,completed,2,1,1,reference,0,0,7.446098607033491e-05,4.399009048938751e-05
0,evaluation_09,0,0,1,2,2,12,no_review,1,0,1,0.0,8,completed,1,0,1,reference,4,1,0.00011890195310115814,3.70340421795845e-05
0,evaluation_09,2,1,0,1,1,4,fcfs,1,2,1,0.4,4,completed,2,1,1,reference,0,0,6.463297177106142e-05,3.21180559694767e-05
0,evaluation_09,2,1,0,1,1,4,edf,1,2,1,0.4,4,completed,2,1,1,reference,0,0,8.141121361404657e-05,3.984803333878517e-05
0,evaluation_09,1,1,0,1,1,4,uncertainty,1,2,2,0.4,4,completed,2,0,1,reference,0,0,4.047690890729427e-05,3.2954965718090534e-05
0,evaluation_09,1,1,0,1,1,4,greedy,1,2,2,0.4,4,completed,2,0,1,reference,0,0,4.019890911877155e-05,3.482901956886053e-05
0,evaluation_09,2,1,0,1,1,4,search,1,4,2,0.8,4,completed,2,2,1,reference,0,0,8.834514301270247e-05,4.4140033423900604e-05
0,evaluation_09,0,0,1,1,1,12,no_review,1,0,2,0.0,8,completed,1,0,1,reference,4,1,0.0001243251608684659,4.226400051265955e-05
0,evaluation_09,2,1,0,1,1,4,fcfs,1,4,2,0.8,4,completed,2,2,1,reference,0,0,6.0647027567029e-05,3.055296838283539e-05
0,evaluation_09,2,1,0,1,1,4,edf,1,4,2,0.8,4,completed,2,2,1,reference,0,0,7.430603727698326e-05,3.8174097426235676e-05
1,evaluation_09,2,0,0,1,1,8,uncertainty,1,2,1,0.4,8,completed,1,1,1,approve_block,0,0,7.585703860968351e-05,3.7443009205162525e-05
1,evaluation_09,2,0,0,1,1,8,greedy,1,2,1,0.4,8,completed,1,1,1,approve_block,0,0,7.693411316722631e-05,3.7687947042286396e-05
1,evaluation_09,2,0,0,1,1,8,search,1,2,1,0.4,8,completed,1,1,1,approve_block,0,0,9.076378773897886e-05,4.825694486498833e-05
0,evaluation_09,0,0,1,2,2,12,no_review,1,0,1,0.0,8,completed,1,0,1,approve_block,4,1,0.00013938592746853828,5.61330234631896e-05
1,evaluation_09,2,0,0,1,1,8,fcfs,1,2,1,0.4,8,completed,1,1,1,approve_block,0,0,6.257696077227592e-05,3.192294389009476e-05
1,evaluation_09,2,0,0,1,1,8,edf,1,2,1,0.4,8,completed,1,1,1,approve_block,0,0,7.24161509424448e-05,3.496208228170872e-05
1,evaluation_09,1,0,0,1,1,8,uncertainty,1,2,2,0.4,8,completed,1,0,1,approve_block,0,0,4.0350016206502914e-05,3.356800880283117e-05
1,evaluation_09,1,0,0,1,1,8,greedy,1,2,2,0.4,8,completed,1,0,1,approve_block,0,0,4.1557010263204575e-05,3.5066972486674786e-05
1,evaluation_09,2,0,0,1,1,8,search,1,4,2,0.8,8,completed,1,2,1,approve_block,0,0,7.963902316987514e-05,4.210800398141146e-05
0,evaluation_09,0,0,1,1,1,12,no_review,1,0,2,0.0,8,completed,1,0,1,approve_block,4,1,0.00011574884410947561,2.9684044420719147e-05
1,evaluation_09,2,0,0,1,1,8,fcfs,1,4,2,0.8,8,completed,1,2,1,approve_block,0,0,6.817607209086418e-05,3.324798308312893e-05
1,evaluation_09,2,0,0,1,1,8,edf,1,4,2,0.8,8,completed,1,2,1,approve_block,0,0,7.559498772025108e-05,3.761705011129379e-05
0,evaluation_09,2,1,0,1,1,4,uncertainty,1,2,1,0.4,4,completed,2,1,1,complexity_time,0,0,6.888189818710089e-05,3.3605960197746754e-05
0,evaluation_09,2,1,0,1,1,4,greedy,1,2,1,0.4,4,completed,2,1,1,complexity_time,0,0,7.628218736499548e-05,3.628304693847895e-05
0,evaluation_09,2,1,0,1,1,4,search,1,2,1,0.4,4,completed,2,1,1,complexity_time,0,0,9.275111369788647e-05,4.262407310307026e-05
0,evaluation_09,0,0,1,2,2,12,no_review,1,0,1,0.0,8,completed,1,0,1,complexity_time,4,1,0.00012630585115402937,4.569999873638153e-05
0,evaluation_09,2,1,0,1,1,4,fcfs,1,2,1,0.4,4,completed,2,1,1,complexity_time,0,0,5.774979945272207e-05,2.9809074476361275e-05
0,evaluation_09,2,1,0,1,1,4,edf,1,2,1,0.4,4,completed,2,1,1,complexity_time,0,0,7.452699355781078e-05,3.522599581629038e-05
0,evaluation_09,1,1,0,1,1,4,uncertainty,1,2,2,0.4,4,completed,2,0,1,complexity_time,0,0,4.017900209873915e-05,3.321305848658085e-05
0,evaluation_09,1,1,0,1,1,4,greedy,1,2,2,0.4,4,completed,2,0,1,complexity_time,0,0,4.31588850915432e-05,3.465393092483282e-05
0,evaluation_09,2,1,0,1,1,4,search,1,4,2,0.8,4,completed,2,2,1,complexity_time,0,0,7.56789231672883e-05,4.197598900645971e-05
0,evaluation_09,0,0,1,1,1,12,no_review,1,0,2,0.0,8,completed,1,0,1,complexity_time,4,1,0.0001189208123832941,3.9316946640610695e-05
0,evaluation_09,2,1,0,1,1,4,fcfs,1,4,2,0.8,4,completed,2,2,1,complexity_time,0,0,6.825302261859179e-05,3.3156946301460266e-05
0,evaluation_09,2,1,0,1,1,4,edf,1,4,2,0.8,4,completed,2,2,1,complexity_time,0,0,7.469404954463243e-05,3.7680030800402164e-05
0,evaluation_09,2,2,0,2,2,0,uncertainty,2,2,1,0.4,0,completed,3,0,0,reference,0,0,7.521896623075008e-05,3.4807948395609856e-05
0,evaluation_09,2,2,0,2,2,0,greedy,2,2,1,0.4,0,completed,3,0,0,reference,0,0,7.238204125314951e-05,3.433902747929096e-05
0,evaluation_09,3,2,0,1,2,0,search,2,3,1,0.6,0,completed,3,2,0,reference,0,0,0.0001594440545886755,6.706593558192253e-05
0,evaluation_09,0,0,2,2,5,20,no_review,2,0,1,0.0,8,completed,1,0,0,reference,12,2,0.00017604813911020756,4.862598143517971e-05
0,evaluation_09,3,2,0,1,2,0,fcfs,2,3,1,0.6,0,completed,3,2,0,reference,0,0,9.852810762822628e-05,3.1956005841493607e-05
0,evaluation_09,3,2,0,1,2,0,edf,2,3,1,0.6,0,completed,3,2,0,reference,0,0,0.00010306609328836203,3.425206523388624e-05
0,evaluation_09,2,2,0,1,1,0,uncertainty,2,4,2,0.8,0,completed,3,1,0,reference,0,0,7.339403964579105e-05,3.508699592202902e-05
0,evaluation_09,2,2,0,1,1,0,greedy,2,4,2,0.8,0,completed,3,1,0,reference,0,0,7.027492392808199e-05,3.4223077818751335e-05
0,evaluation_09,2,1,1,1,2,12,search,2,4,2,0.8,4,completed,2,2,0,reference,8,1,0.0001441229833289981,6.391399074345827e-05
0,evaluation_09,0,0,2,1,4,20,no_review,2,0,2,0.0,8,completed,1,0,0,reference,12,2,0.0001596999354660511,4.5547960326075554e-05
0,evaluation_09,2,1,1,1,2,12,fcfs,2,4,2,0.8,4,completed,2,2,0,reference,8,1,0.00011716492008417845,4.5084976591169834e-05
0,evaluation_09,2,1,1,1,2,12,edf,2,4,2,0.8,4,completed,2,2,0,reference,8,1,0.00010916800238192081,4.434795118868351e-05
2,evaluation_09,2,0,0,2,2,8,uncertainty,2,2,1,0.4,8,completed,1,0,0,approve_block,0,0,7.223885040730238e-05,3.2695941627025604e-05
2,evaluation_09,2,0,0,2,2,8,greedy,2,2,1,0.4,8,completed,1,0,0,approve_block,0,0,0.00010024895891547203,6.136402953416109e-05
2,evaluation_09,3,0,0,2,2,8,search,2,3,1,0.6,8,completed,1,2,0,approve_block,0,0,0.00013121985830366611,4.3304054997861385e-05
0,evaluation_09,0,0,2,4,5,20,no_review,2,0,1,0.0,8,completed,1,0,0,approve_block,12,2,0.00014348188415169716,3.436999395489693e-05
2,evaluation_09,3,0,0,2,2,8,fcfs,2,3,1,0.6,8,completed,1,2,0,approve_block,0,0,0.00010185292921960354,3.590702544897795e-05
2,evaluation_09,3,0,0,2,2,8,edf,2,3,1,0.6,8,completed,1,2,0,approve_block,0,0,9.874114766716957e-05,3.241200465708971e-05
2,evaluation_09,2,0,0,1,1,8,uncertainty,2,4,2,0.8,8,completed,1,1,0,approve_block,0,0,8.400203660130501e-05,4.194502253085375e-05
2,evaluation_09,2,0,0,1,1,8,greedy,2,4,2,0.8,8,completed,1,1,0,approve_block,0,0,8.109502959996462e-05,3.804999869316816e-05
1,evaluation_09,2,0,1,1,2,12,search,2,4,2,0.8,8,completed,1,1,0,approve_block,4,1,0.000176216010004282,0.00010383897460997105
0,evaluation_09,0,0,2,2,4,20,no_review,2,0,2,0.0,8,completed,1,0,0,approve_block,12,2,0.0001652180217206478,5.3619034588336945e-05
1,evaluation_09,2,0,1,1,2,16,fcfs,2,4,2,0.8,8,completed,1,2,0,approve_block,8,1,0.00011721986811608076,5.064008291810751e-05
1,evaluation_09,2,0,1,1,2,16,edf,2,4,2,0.8,8,completed,1,2,0,approve_block,8,1,0.00012874510139226913,5.011400207877159e-05
0,evaluation_09,2,2,0,2,2,0,uncertainty,2,2,1,0.4,0,completed,3,0,0,complexity_time,0,0,7.068389095366001e-05,3.20610124617815e-05
0,evaluation_09,2,2,0,2,2,0,greedy,2,2,1,0.4,0,completed,3,0,0,complexity_time,0,0,7.264513988047838e-05,3.297894727438688e-05
0,evaluation_09,3,2,0,1,2,0,search,2,3,1,0.6,0,completed,3,2,0,complexity_time,0,0,0.0001371951075270772,4.575098864734173e-05
0,evaluation_09,0,0,2,2,5,20,no_review,2,0,1,0.0,8,completed,1,0,0,complexity_time,12,2,0.00014390319120138884,3.2643089070916176e-05
0,evaluation_09,3,2,0,1,2,0,fcfs,2,3,1,0.6,0,completed,3,2,0,complexity_time,0,0,9.932997636497021e-05,3.5678036510944366e-05
0,evaluation_09,3,2,0,1,2,0,edf,2,3,1,0.6,0,completed,3,2,0,complexity_time,0,0,9.576708544045687e-05,3.468198701739311e-05
0,evaluation_09,2,2,0,1,1,0,uncertainty,2,4,2,0.8,0,completed,3,1,0,complexity_time,0,0,7.766182534396648e-05,3.644591197371483e-05
0,evaluation_09,2,2,0,1,1,0,greedy,2,4,2,0.8,0,completed,3,1,0,complexity_time,0,0,8.934119250625372e-05,4.858500324189663e-05
0,evaluation_09,2,1,1,1,2,12,search,2,4,2,0.8,4,completed,2,2,0,complexity_time,8,1,0.0001427840907126665,6.328499875962734e-05
0,evaluation_09,0,0,2,1,4,20,no_review,2,0,2,0.0,8,completed,1,0,0,complexity_time,12,2,0.00015612214338034391,4.483794327825308e-05
0,evaluation_09,2,1,1,1,2,12,fcfs,2,4,2,0.8,4,completed,2,2,0,complexity_time,8,1,0.00010788894724100828,4.0967948734760284e-05
0,evaluation_09,2,1,1,1,2,12,edf,2,4,2,0.8,4,completed,2,2,0,complexity_time,8,1,0.00010390207171440125,4.836404696106911e-05
0,evaluation_10,2,0,0,0,1,4,greedy,0,4,2,0.8,4,completed,2,2,1,reference,0,0,8.201226592063904e-05,4.0239072404801846e-05
0,evaluation_10,2,0,0,0,1,4,search,0,4,2,0.8,4,completed,2,2,1,reference,0,0,9.324692655354738e-05,4.5996042899787426e-05
0,evaluation_10,0,0,0,1,3,4,no_review,0,0,2,0.0,4,completed,2,0,1,reference,0,0,0.00013429101090878248,3.297103103250265e-05
0,evaluation_10,2,0,0,0,1,4,fcfs,0,4,2,0.8,4,completed,2,2,1,reference,0,0,7.253000512719154e-05,3.706000279635191e-05
0,evaluation_10,2,0,0,0,1,4,edf,0,4,2,0.8,4,completed,2,2,1,reference,0,0,7.009203545749187e-05,3.333005588501692e-05
0,evaluation_10,2,0,0,0,1,4,uncertainty,0,4,2,0.8,4,completed,2,2,1,reference,0,0,6.662507075816393e-05,3.336102236062288e-05
0,evaluation_10,2,0,0,0,1,4,greedy,0,2,1,0.4,4,completed,2,1,1,reference,0,0,6.96750357747078e-05,3.4684082493186e-05
0,evaluation_10,2,0,0,0,1,4,search,0,2,1,0.4,4,completed,2,1,1,reference,0,0,9.501702152192593e-05,4.636996891349554e-05
0,evaluation_10,0,0,0,1,4,4,no_review,0,0,1,0.0,4,completed,2,0,1,reference,0,0,0.00013789592776447535,3.72730428352952e-05
0,evaluation_10,2,0,0,0,1,4,fcfs,0,2,1,0.4,4,completed,2,1,1,reference,0,0,7.919815834611654e-05,4.288298077881336e-05
0,evaluation_10,2,0,0,0,1,4,edf,0,2,1,0.4,4,completed,2,1,1,reference,0,0,7.140322122722864e-05,3.2627955079078674e-05
0,evaluation_10,2,0,0,0,1,4,uncertainty,0,2,1,0.4,4,completed,2,1,1,reference,0,0,7.47219892218709e-05,3.631901927292347e-05
0,evaluation_10,2,0,0,0,1,4,greedy,0,4,2,0.8,4,completed,2,2,1,approve_block,0,0,7.946987170726061e-05,4.166492726653814e-05
0,evaluation_10,2,0,0,0,1,4,search,0,4,2,0.8,4,completed,2,2,1,approve_block,0,0,9.579991456121206e-05,4.6035973355174065e-05
0,evaluation_10,0,0,0,1,3,4,no_review,0,0,2,0.0,4,completed,2,0,1,approve_block,0,0,0.00021311186719685793,5.177897401154041e-05
0,evaluation_10,2,0,0,0,1,4,fcfs,0,4,2,0.8,4,completed,2,2,1,approve_block,0,0,7.656996604055166e-05,4.002102650702e-05
0,evaluation_10,2,0,0,0,1,4,edf,0,4,2,0.8,4,completed,2,2,1,approve_block,0,0,5.639297887682915e-05,3.2344949431717396e-05
0,evaluation_10,2,0,0,0,1,4,uncertainty,0,4,2,0.8,4,completed,2,2,1,approve_block,0,0,8.56020487844944e-05,4.229007754474878e-05
0,evaluation_10,2,0,0,0,1,4,greedy,0,2,1,0.4,4,completed,2,1,1,approve_block,0,0,7.393991108983755e-05,3.478198777884245e-05
0,evaluation_10,2,0,0,0,1,4,search,0,2,1,0.4,4,completed,2,1,1,approve_block,0,0,8.188292849808931e-05,4.4340966269373894e-05
0,evaluation_10,0,0,0,1,4,4,no_review,0,0,1,0.0,4,completed,2,0,1,approve_block,0,0,0.0001400079345330596,3.692100290209055e-05
0,evaluation_10,2,0,0,0,1,4,fcfs,0,2,1,0.4,4,completed,2,1,1,approve_block,0,0,7.344211917370558e-05,3.509898670017719e-05
0,evaluation_10,2,0,0,0,1,4,edf,0,2,1,0.4,4,completed,2,1,1,approve_block,0,0,7.585098501294851e-05,3.875698894262314e-05
0,evaluation_10,2,0,0,0,1,4,uncertainty,0,2,1,0.4,4,completed,2,1,1,approve_block,0,0,7.953320164233446e-05,3.690202720463276e-05
0,evaluation_10,1,0,0,1,1,4,greedy,0,3,2,0.6,4,completed,2,0,1,complexity_time,0,0,9.373005013912916e-05,5.609903018921614e-05
0,evaluation_10,2,0,0,1,1,4,search,0,5,2,1.0,4,completed,2,2,1,complexity_time,0,0,8.26310133561492e-05,4.462897777557373e-05
0,evaluation_10,0,0,0,1,3,4,no_review,0,0,2,0.0,4,completed,2,0,1,complexity_time,0,0,0.00014653801918029785,3.779598046094179e-05
0,evaluation_10,1,0,0,1,1,4,fcfs,0,3,2,0.6,4,completed,2,0,1,complexity_time,0,0,6.0282996855676174e-05,3.054901026189327e-05
0,evaluation_10,2,0,0,1,1,4,edf,0,5,2,1.0,4,completed,2,2,1,complexity_time,0,0,6.756407674401999e-05,3.369199112057686e-05
0,evaluation_10,1,0,0,1,1,4,uncertainty,0,3,2,0.6,4,completed,2,0,1,complexity_time,0,0,6.157392635941505e-05,3.259896766394377e-05
0,evaluation_10,2,0,0,0,1,4,greedy,0,3,1,0.6,4,completed,2,2,1,complexity_time,0,0,6.912497337907553e-05,3.285403363406658e-05
0,evaluation_10,2,0,0,0,1,4,search,0,3,1,0.6,4,completed,2,2,1,complexity_time,0,0,0.00010450603440403938,5.33020356670022e-05
0,evaluation_10,0,0,0,1,4,4,no_review,0,0,1,0.0,4,completed,2,0,1,complexity_time,0,0,0.000131324864923954,3.0813971534371376e-05
0,evaluation_10,2,0,0,0,1,4,fcfs,0,3,1,0.6,4,completed,2,2,1,complexity_time,0,0,7.470790296792984e-05,3.48859466612339e-05
0,evaluation_10,2,0,0,0,1,4,edf,0,3,1,0.6,4,completed,2,1,1,complexity_time,0,0,7.01941316947341e-05,3.454298712313175e-05
0,evaluation_10,2,0,0,0,1,4,uncertainty,0,3,1,0.6,4,completed,2,2,1,complexity_time,0,0,9.755895007401705e-05,5.7658995501697063e-05
0,evaluation_10,2,0,1,0,1,16,greedy,1,4,2,0.8,4,completed,2,2,0,reference,12,1,8.033215999603271e-05,4.1680061258375645e-05
0,evaluation_10,2,0,1,0,1,16,search,1,4,2,0.8,4,completed,2,2,0,reference,12,1,0.00010103604290634394,5.191797390580177e-05
0,evaluation_10,0,0,1,0,3,16,no_review,1,0,2,0.0,4,completed,2,0,0,reference,12,1,0.00019882293418049812,6.71660527586937e-05
0,evaluation_10,2,0,1,0,1,16,fcfs,1,4,2,0.8,4,completed,2,2,0,reference,12,1,8.434394840151072e-05,4.629394970834255e-05
0,evaluation_10,2,0,1,0,1,16,edf,1,4,2,0.8,4,completed,2,2,0,reference,12,1,8.253799751400948e-05,4.405202344059944e-05
0,evaluation_10,2,0,1,0,1,16,uncertainty,1,4,2,0.8,4,completed,2,2,0,reference,12,1,9.119394235312939e-05,4.967197310179472e-05
0,evaluation_10,3,1,0,1,2,0,greedy,1,3,1,0.6,0,completed,3,2,0,reference,0,0,9.257800411432981e-05,3.5683042369782925e-05
0,evaluation_10,3,1,0,1,2,0,search,1,3,1,0.6,0,completed,3,2,0,reference,0,0,0.00013069005217403173,4.5124092139303684e-05
0,evaluation_10,0,0,1,2,4,16,no_review,1,0,1,0.0,4,completed,2,0,0,reference,12,1,0.00015160697512328625,3.313703928142786e-05
0,evaluation_10,3,1,0,1,2,0,fcfs,1,3,1,0.6,0,completed,3,2,0,reference,0,0,0.00010241998825222254,3.4988042898476124e-05
0,evaluation_10,3,1,0,1,2,0,edf,1,3,1,0.6,0,completed,3,2,0,reference,0,0,8.686899673193693e-05,3.308698069304228e-05
0,evaluation_10,3,1,0,1,2,0,uncertainty,1,3,1,0.6,0,completed,3,2,0,reference,0,0,0.00015381304547190666,7.438799366354942e-05
0,evaluation_10,2,0,1,0,1,16,greedy,1,4,2,0.8,4,completed,2,2,0,approve_block,12,1,8.487899322062731e-05,4.728604108095169e-05
0,evaluation_10,2,0,1,0,1,16,search,1,4,2,0.8,4,completed,2,2,0,approve_block,12,1,0.00010611105244606733,5.708006210625172e-05
0,evaluation_10,0,0,1,0,3,16,no_review,1,0,2,0.0,4,completed,2,0,0,approve_block,12,1,0.0001771888928487897,4.2942934669554234e-05
0,evaluation_10,2,0,1,0,1,16,fcfs,1,4,2,0.8,4,completed,2,2,0,approve_block,12,1,7.986708078533411e-05,4.3020001612603664e-05
0,evaluation_10,2,0,1,0,1,16,edf,1,4,2,0.8,4,completed,2,2,0,approve_block,12,1,0.00010145897977054119,6.256601773202419e-05
0,evaluation_10,2,0,1,0,1,16,uncertainty,1,4,2,0.8,4,completed,2,2,0,approve_block,12,1,8.702010381966829e-05,4.758499562740326e-05
1,evaluation_10,3,0,0,1,2,4,greedy,1,3,1,0.6,4,completed,2,2,0,approve_block,0,0,0.00011998205445706844,3.9988080970942974e-05
1,evaluation_10,3,0,0,1,2,4,search,1,3,1,0.6,4,completed,2,2,0,approve_block,0,0,0.00014963594730943441,7.456494495272636e-05
0,evaluation_10,0,0,1,2,4,16,no_review,1,0,1,0.0,4,completed,2,0,0,approve_block,12,1,0.00017215986736118793,4.11089276894927e-05
1,evaluation_10,3,0,0,1,2,4,fcfs,1,3,1,0.6,4,completed,2,2,0,approve_block,0,0,9.182700887322426e-05,3.056705463677645e-05
1,evaluation_10,3,0,0,1,2,4,edf,1,3,1,0.6,4,completed,2,2,0,approve_block,0,0,0.00011212518438696861,3.440899308770895e-05
1,evaluation_10,3,0,0,1,2,4,uncertainty,1,3,1,0.6,4,completed,2,2,0,approve_block,0,0,0.0001237689284607768,5.639891605824232e-05
0,evaluation_10,1,0,1,1,1,16,greedy,1,3,2,0.6,4,completed,2,0,0,complexity_time,12,1,6.429606582969427e-05,3.3702002838253975e-05
0,evaluation_10,2,0,1,1,1,16,search,1,5,2,1.0,4,completed,2,2,0,complexity_time,12,1,0.000105813960544765,5.716399755328894e-05
0,evaluation_10,0,0,1,1,3,16,no_review,1,0,2,0.0,4,completed,2,0,0,complexity_time,12,1,0.00017576594837009907,4.3060979805886745e-05
0,evaluation_10,1,0,1,1,1,16,fcfs,1,3,2,0.6,4,completed,2,0,0,complexity_time,12,1,9.139103349298239e-05,5.2119954489171505e-05
0,evaluation_10,2,0,1,1,1,16,edf,1,5,2,1.0,4,completed,2,2,0,complexity_time,12,1,9.54789575189352e-05,5.744898226112127e-05
0,evaluation_10,1,0,1,1,1,16,uncertainty,1,3,2,0.6,4,completed,2,0,0,complexity_time,12,1,6.76328781992197e-05,3.365101292729378e-05
0,evaluation_10,2,0,1,0,1,16,greedy,1,3,1,0.6,4,completed,2,2,0,complexity_time,12,1,8.508213795721531e-05,4.5254011638462543e-05
0,evaluation_10,2,0,1,0,1,16,search,1,3,1,0.6,4,completed,2,2,0,complexity_time,12,1,0.00012654229067265987,7.702002767473459e-05
0,evaluation_10,0,0,1,1,4,16,no_review,1,0,1,0.0,4,completed,2,0,0,complexity_time,12,1,0.0001842948840931058,5.5331969633698463e-05
0,evaluation_10,2,0,1,0,1,16,fcfs,1,3,1,0.6,4,completed,2,2,0,complexity_time,12,1,9.34890704229474e-05,4.9039022997021675e-05
0,evaluation_10,3,1,0,0,2,0,edf,1,5,1,1.0,0,completed,3,3,0,complexity_time,0,0,0.0001052309526130557,3.628700505942106e-05
0,evaluation_10,2,0,1,0,1,16,uncertainty,1,3,1,0.6,4,completed,2,2,0,complexity_time,12,1,8.833804167807102e-05,4.9701076932251453e-05
0,evaluation_10,2,0,0,0,1,4,greedy,2,4,2,0.8,4,completed,2,2,1,reference,0,0,7.173686753958464e-05,3.4017954021692276e-05
0,evaluation_10,2,0,0,0,1,4,search,2,4,2,0.8,4,completed,2,2,1,reference,0,0,9.06528439372778e-05,4.346296191215515e-05
0,evaluation_10,0,0,0,1,3,4,no_review,2,0,2,0.0,4,completed,2,0,1,reference,0,0,0.00013711117208003998,3.5627977922558784e-05
0,evaluation_10,2,0,0,0,1,4,fcfs,2,4,2,0.8,4,completed,2,2,1,reference,0,0,5.417398642748594e-05,3.075902350246906e-05
0,evaluation_10,2,0,0,0,1,4,edf,2,4,2,0.8,4,completed,2,2,1,reference,0,0,7.023918442428112e-05,3.244506660848856e-05
0,evaluation_10,2,0,0,0,1,4,uncertainty,2,4,2,0.8,4,completed,2,2,1,reference,0,0,7.052207365632057e-05,4.574900958687067e-05
0,evaluation_10,2,0,0,0,1,4,greedy,2,2,1,0.4,4,completed,2,1,1,reference,0,0,6.276438944041729e-05,3.4128082916140556e-05
0,evaluation_10,2,0,0,0,1,4,search,2,2,1,0.4,4,completed,2,1,1,reference,0,0,9.273202158510685e-05,4.558393266052008e-05
0,evaluation_10,0,0,0,1,4,4,no_review,2,0,1,0.0,4,completed,2,0,1,reference,0,0,0.00013432512059807777,3.440899308770895e-05
0,evaluation_10,2,0,0,0,1,4,fcfs,2,2,1,0.4,4,completed,2,1,1,reference,0,0,7.32580665498972e-05,3.741995897144079e-05
0,evaluation_10,2,0,0,0,1,4,edf,2,2,1,0.4,4,completed,2,1,1,reference,0,0,7.919513154774904e-05,3.674102481454611e-05
0,evaluation_10,2,0,0,0,1,4,uncertainty,2,2,1,0.4,4,completed,2,1,1,reference,0,0,7.002404890954494e-05,3.3125048503279686e-05
0,evaluation_10,2,0,0,0,1,4,greedy,2,4,2,0.8,4,completed,2,2,1,approve_block,0,0,5.842593964189291e-05,3.345799632370472e-05
0,evaluation_10,2,0,0,0,1,4,search,2,4,2,0.8,4,completed,2,2,1,approve_block,0,0,9.549502283334732e-05,4.767195787280798e-05
0,evaluation_10,0,0,0,1,3,4,no_review,2,0,2,0.0,4,completed,2,0,1,approve_block,0,0,0.0001327719073742628,3.440293949097395e-05
0,evaluation_10,2,0,0,0,1,4,fcfs,2,4,2,0.8,4,completed,2,2,1,approve_block,0,0,7.359893061220646e-05,3.940495662391186e-05
0,evaluation_10,2,0,0,0,1,4,edf,2,4,2,0.8,4,completed,2,2,1,approve_block,0,0,7.281708531081676e-05,3.5047996789216995e-05
0,evaluation_10,2,0,0,0,1,4,uncertainty,2,4,2,0.8,4,completed,2,2,1,approve_block,0,0,7.760617882013321e-05,3.774510696530342e-05
0,evaluation_10,2,0,0,0,1,4,greedy,2,2,1,0.4,4,completed,2,1,1,approve_block,0,0,7.358088623732328e-05,3.6757905036211014e-05
0,evaluation_10,2,0,0,0,1,4,search,2,2,1,0.4,4,completed,2,1,1,approve_block,0,0,9.425194002687931e-05,4.612701013684273e-05
0,evaluation_10,0,0,0,1,4,4,no_review,2,0,1,0.0,4,completed,2,0,1,approve_block,0,0,0.00016491813585162163,3.97759722545743e-05
0,evaluation_10,2,0,0,0,1,4,fcfs,2,2,1,0.4,4,completed,2,1,1,approve_block,0,0,7.324398029595613e-05,3.272294998168945e-05
0,evaluation_10,2,0,0,0,1,4,edf,2,2,1,0.4,4,completed,2,1,1,approve_block,0,0,7.374316919595003e-05,3.459898289293051e-05
0,evaluation_10,2,0,0,0,1,4,uncertainty,2,2,1,0.4,4,completed,2,1,1,approve_block,0,0,0.0001000789925456047,6.121699698269367e-05
0,evaluation_10,1,0,0,1,1,4,greedy,2,3,2,0.6,4,completed,2,0,1,complexity_time,0,0,7.27649312466383e-05,3.486103378236294e-05
0,evaluation_10,2,0,0,1,1,4,search,2,5,2,1.0,4,completed,2,2,1,complexity_time,0,0,7.309194188565016e-05,4.2989966459572315e-05
0,evaluation_10,0,0,0,1,3,4,no_review,2,0,2,0.0,4,completed,2,0,1,complexity_time,0,0,0.00012076413258910179,2.9400107450783253e-05
0,evaluation_10,1,0,0,1,1,4,fcfs,2,3,2,0.6,4,completed,2,0,1,complexity_time,0,0,6.086495704948902e-05,3.062502946704626e-05
0,evaluation_10,2,0,0,1,1,4,edf,2,5,2,1.0,4,completed,2,2,1,complexity_time,0,0,7.882097270339727e-05,4.4342014007270336e-05
0,evaluation_10,1,0,0,1,1,4,uncertainty,2,3,2,0.6,4,completed,2,0,1,complexity_time,0,0,7.161602843552828e-05,3.460806328803301e-05
0,evaluation_10,2,0,0,0,1,4,greedy,2,3,1,0.6,4,completed,2,2,1,complexity_time,0,0,7.7045988291502e-05,3.751390613615513e-05
0,evaluation_10,2,0,0,0,1,4,search,2,3,1,0.6,4,completed,2,2,1,complexity_time,0,0,8.594896644353867e-05,4.4564949348568916e-05
0,evaluation_10,0,0,0,1,4,4,no_review,2,0,1,0.0,4,completed,2,0,1,complexity_time,0,0,0.00011922302655875683,2.9126065783202648e-05
0,evaluation_10,2,0,0,0,1,4,fcfs,2,3,1,0.6,4,completed,2,2,1,complexity_time,0,0,5.92151191085577e-05,3.0305935069918633e-05
0,evaluation_10,2,0,0,0,1,4,edf,2,3,1,0.6,4,completed,2,1,1,complexity_time,0,0,7.297482807189226e-05,3.542297054082155e-05
0,evaluation_10,2,0,0,0,1,4,uncertainty,2,3,1,0.6,4,completed,2,2,1,complexity_time,0,0,9.593192953616381e-05,5.5818003602325916e-05
0,evaluation_11,2,0,0,1,1,4,search,0,2,1,0.4,4,completed,2,1,1,reference,0,0,9.403994772583246e-05,4.471396096050739e-05
0,evaluation_11,0,0,0,2,2,4,no_review,0,0,1,0.0,4,completed,2,0,1,reference,0,0,0.00011089793406426907,3.3667078241705894e-05
0,evaluation_11,2,0,0,1,1,4,fcfs,0,2,1,0.4,4,completed,2,1,1,reference,0,0,7.441488560289145e-05,3.631797153502703e-05
0,evaluation_11,2,0,0,1,1,4,edf,0,2,1,0.4,4,completed,2,1,1,reference,0,0,7.173407357186079e-05,3.434205427765846e-05
0,evaluation_11,2,0,0,1,1,4,uncertainty,0,2,1,0.4,4,completed,2,1,1,reference,0,0,7.730093784630299e-05,3.617000766098499e-05
0,evaluation_11,2,0,0,1,1,4,greedy,0,2,1,0.4,4,completed,2,1,1,reference,0,0,7.432291749864817e-05,3.4746015444397926e-05
0,evaluation_11,2,0,0,1,1,4,search,0,4,2,0.8,4,completed,2,2,1,reference,0,0,8.740799967199564e-05,4.276295658200979e-05
0,evaluation_11,0,0,0,1,1,4,no_review,0,0,2,0.0,4,completed,2,0,1,reference,0,0,0.0001076150219887495,3.0274968594312668e-05
0,evaluation_11,2,0,0,1,1,4,fcfs,0,4,2,0.8,4,completed,2,2,1,reference,0,0,5.709903780370951e-05,3.0210008844733238e-05
0,evaluation_11,2,0,0,1,1,4,edf,0,4,2,0.8,4,completed,2,2,1,reference,0,0,5.9088924899697304e-05,3.2295938581228256e-05
0,evaluation_11,1,0,0,1,1,4,uncertainty,0,2,2,0.4,4,completed,2,0,1,reference,0,0,3.9328006096184254e-05,3.302306868135929e-05
0,evaluation_11,1,0,0,1,1,4,greedy,0,2,2,0.4,4,completed,2,0,1,reference,0,0,3.987213131040335e-05,3.3908989280462265e-05
0,evaluation_11,2,0,0,1,1,4,search,0,2,1,0.4,4,completed,2,1,1,approve_block,0,0,8.12099315226078e-05,4.089402500540018e-05
0,evaluation_11,0,0,0,2,2,4,no_review,0,0,1,0.0,4,completed,2,0,1,approve_block,0,0,0.00012906012125313282,4.8359972424805164e-05
0,evaluation_11,2,0,0,1,1,4,fcfs,0,2,1,0.4,4,completed,2,1,1,approve_block,0,0,0.00012221001088619232,5.7124998420476913e-05
0,evaluation_11,2,0,0,1,1,4,edf,0,2,1,0.4,4,completed,2,1,1,approve_block,0,0,7.789209485054016e-05,3.9677019231021404e-05
0,evaluation_11,2,0,0,1,1,4,uncertainty,0,2,1,0.4,4,completed,2,1,1,approve_block,0,0,7.189216557890177e-05,3.333005588501692e-05
0,evaluation_11,2,0,0,1,1,4,greedy,0,2,1,0.4,4,completed,2,1,1,approve_block,0,0,9.605300147086382e-05,5.0592003390192986e-05
0,evaluation_11,2,0,0,1,1,4,search,0,4,2,0.8,4,completed,2,2,1,approve_block,0,0,9.095598943531513e-05,4.5110005885362625e-05
0,evaluation_11,0,0,0,1,1,4,no_review,0,0,2,0.0,4,completed,2,0,1,approve_block,0,0,0.00011776690371334553,3.6397017538547516e-05
0,evaluation_11,2,0,0,1,1,4,fcfs,0,4,2,0.8,4,completed,2,2,1,approve_block,0,0,6.39650970697403e-05,3.130408003926277e-05
0,evaluation_11,2,0,0,1,1,4,edf,0,4,2,0.8,4,completed,2,2,1,approve_block,0,0,7.25380377843976e-05,3.5239034332334995e-05
0,evaluation_11,1,0,0,1,1,4,uncertainty,0,2,2,0.4,4,completed,2,0,1,approve_block,0,0,4.028913099318743e-05,3.5190023481845856e-05
0,evaluation_11,1,0,0,1,1,4,greedy,0,2,2,0.4,4,completed,2,0,1,approve_block,0,0,4.182406701147556e-05,3.379606641829014e-05
0,evaluation_11,2,0,0,1,1,4,search,0,2,1,0.4,4,completed,2,1,1,complexity_time,0,0,0.00011713604908436537,6.786198355257511e-05
0,evaluation_11,0,0,0,2,2,4,no_review,0,0,1,0.0,4,completed,2,0,1,complexity_time,0,0,0.00011468818411231041,3.3491989597678185e-05
0,evaluation_11,2,0,0,1,1,4,fcfs,0,2,1,0.4,4,completed,2,1,1,complexity_time,0,0,7.172196637839079e-05,3.221898805350065e-05
0,evaluation_11,2,0,0,1,1,4,edf,0,2,1,0.4,4,completed,2,1,1,complexity_time,0,0,7.81667185947299e-05,3.821495920419693e-05
0,evaluation_11,2,0,0,1,1,4,uncertainty,0,2,1,0.4,4,completed,2,1,1,complexity_time,0,0,7.70010519772768e-05,3.711204044520855e-05
0,evaluation_11,2,0,0,1,1,4,greedy,0,2,1,0.4,4,completed,2,1,1,complexity_time,0,0,8.090492337942123e-05,3.95909883081913e-05
0,evaluation_11,2,0,0,1,1,4,search,0,4,2,0.8,4,completed,2,2,1,complexity_time,0,0,9.248300921171904e-05,4.662107676267624e-05
0,evaluation_11,0,0,0,1,1,4,no_review,0,0,2,0.0,4,completed,2,0,1,complexity_time,0,0,0.00011728284880518913,3.7733931094408035e-05
0,evaluation_11,2,0,0,1,1,4,fcfs,0,4,2,0.8,4,completed,2,2,1,complexity_time,0,0,6.465986371040344e-05,3.156997263431549e-05
0,evaluation_11,2,0,0,1,1,4,edf,0,4,2,0.8,4,completed,2,2,1,complexity_time,0,0,6.665394175797701e-05,3.356696106493473e-05
0,evaluation_11,1,0,0,1,1,4,uncertainty,0,2,2,0.4,4,completed,2,0,1,complexity_time,0,0,3.9307051338255405e-05,3.362004645168781e-05
0,evaluation_11,1,0,0,1,1,4,greedy,0,2,2,0.4,4,completed,2,0,1,complexity_time,0,0,4.0231156162917614e-05,3.507907968014479e-05
0,evaluation_11,2,0,0,1,1,4,search,1,2,1,0.4,4,completed,2,1,1,reference,0,0,8.856691420078278e-05,4.4298009015619755e-05
0,evaluation_11,0,0,0,2,2,4,no_review,1,0,1,0.0,4,completed,2,0,1,reference,0,0,0.0001425670925527811,5.527201574295759e-05
0,evaluation_11,2,0,0,1,1,4,fcfs,1,2,1,0.4,4,completed,2,1,1,reference,0,0,6.785907316952944e-05,3.2035051845014095e-05
0,evaluation_11,2,0,0,1,1,4,edf,1,2,1,0.4,4,completed,2,1,1,reference,0,0,7.943098898977041e-05,3.8856989704072475e-05
0,evaluation_11,2,0,0,1,1,4,uncertainty,1,2,1,0.4,4,completed,2,1,1,reference,0,0,7.243792060762644e-05,4.224805161356926e-05
0,evaluation_11,2,0,0,1,1,4,greedy,1,2,1,0.4,4,completed,2,1,1,reference,0,0,7.637299131602049e-05,3.711797762662172e-05
0,evaluation_11,2,0,0,1,1,4,search,1,4,2,0.8,4,completed,2,2,1,reference,0,0,8.358713239431381e-05,4.256400279700756e-05
0,evaluation_11,0,0,0,1,1,4,no_review,1,0,2,0.0,4,completed,2,0,1,reference,0,0,0.00010427623055875301,3.0255992896854877e-05
0,evaluation_11,2,0,0,1,1,4,fcfs,1,4,2,0.8,4,completed,2,2,1,reference,0,0,8.740113116800785e-05,5.342310760170221e-05
0,evaluation_11,2,0,0,1,1,4,edf,1,4,2,0.8,4,completed,2,2,1,reference,0,0,7.820501923561096e-05,4.140101373195648e-05
0,evaluation_11,1,0,0,1,1,4,uncertainty,1,2,2,0.4,4,completed,2,0,1,reference,0,0,4.0906015783548355e-05,3.445905167609453e-05
0,evaluation_11,1,0,0,1,1,4,greedy,1,2,2,0.4,4,completed,2,0,1,reference,0,0,4.9097929149866104e-05,3.452494274824858e-05
0,evaluation_11,2,0,0,1,1,4,search,1,2,1,0.4,4,completed,2,1,1,approve_block,0,0,8.13270453363657e-05,4.270300269126892e-05
0,evaluation_11,0,0,0,2,2,4,no_review,1,0,1,0.0,4,completed,2,0,1,approve_block,0,0,0.00011201307643204927,3.215600736439228e-05
0,evaluation_11,2,0,0,1,1,4,fcfs,1,2,1,0.4,4,completed,2,1,1,approve_block,0,0,7.457192987203598e-05,3.908202052116394e-05
0,evaluation_11,2,0,0,1,1,4,edf,1,2,1,0.4,4,completed,2,1,1,approve_block,0,0,6.0725840739905834e-05,3.23799904435873e-05
0,evaluation_11,2,0,0,1,1,4,uncertainty,1,2,1,0.4,4,completed,2,1,1,approve_block,0,0,8.160306606441736e-05,4.242698196321726e-05
0,evaluation_11,2,0,0,1,1,4,greedy,1,2,1,0.4,4,completed,2,1,1,approve_block,0,0,7.97118991613388e-05,3.902195021510124e-05
0,evaluation_11,2,0,0,1,1,4,search,1,4,2,0.8,4,completed,2,2,1,approve_block,0,0,9.225483518093824e-05,4.521093796938658e-05
0,evaluation_11,0,0,0,1,1,4,no_review,1,0,2,0.0,4,completed,2,0,1,approve_block,0,0,0.0001171590993180871,3.48029425367713e-05
0,evaluation_11,2,0,0,1,1,4,fcfs,1,4,2,0.8,4,completed,2,2,1,approve_block,0,0,7.369904778897762e-05,3.808003384619951e-05
0,evaluation_11,2,0,0,1,1,4,edf,1,4,2,0.8,4,completed,2,2,1,approve_block,0,0,7.24459532648325e-05,3.413402009755373e-05
0,evaluation_11,1,0,0,1,1,4,uncertainty,1,2,2,0.4,4,completed,2,0,1,approve_block,0,0,4.097900819033384e-05,3.337895032018423e-05
0,evaluation_11,1,0,0,1,1,4,greedy,1,2,2,0.4,4,completed,2,0,1,approve_block,0,0,4.3792068026959896e-05,3.7088990211486816e-05
0,evaluation_11,2,0,0,1,1,4,search,1,2,1,0.4,4,completed,2,1,1,complexity_time,0,0,8.39380081743002e-05,4.1877967305481434e-05
0,evaluation_11,0,0,0,2,2,4,no_review,1,0,1,0.0,4,completed,2,0,1,complexity_time,0,0,0.00011811591684818268,3.721995744854212e-05
0,evaluation_11,2,0,0,1,1,4,fcfs,1,2,1,0.4,4,completed,2,1,1,complexity_time,0,0,8.087290916591883e-05,4.476390313357115e-05
0,evaluation_11,2,0,0,1,1,4,edf,1,2,1,0.4,4,completed,2,1,1,complexity_time,0,0,7.455679588019848e-05,3.6492012441158295e-05
0,evaluation_11,2,0,0,1,1,4,uncertainty,1,2,1,0.4,4,completed,2,1,1,complexity_time,0,0,6.0647143982350826e-05,3.309303428977728e-05
0,evaluation_11,2,0,0,1,1,4,greedy,1,2,1,0.4,4,completed,2,1,1,complexity_time,0,0,7.288798224180937e-05,3.409001510590315e-05
0,evaluation_11,2,0,0,1,1,4,search,1,4,2,0.8,4,completed,2,2,1,complexity_time,0,0,0.00011474802158772945,6.585498340427876e-05
0,evaluation_11,0,0,0,1,1,4,no_review,1,0,2,0.0,4,completed,2,0,1,complexity_time,0,0,0.00011169316712766886,3.060197923332453e-05
0,evaluation_11,2,0,0,1,1,4,fcfs,1,4,2,0.8,4,completed,2,2,1,complexity_time,0,0,7.418496534228325e-05,3.793893847614527e-05
0,evaluation_11,2,0,0,1,1,4,edf,1,4,2,0.8,4,completed,2,2,1,complexity_time,0,0,5.848088767379522e-05,3.1288014724850655e-05
0,evaluation_11,1,0,0,1,1,4,uncertainty,1,2,2,0.4,4,completed,2,0,1,complexity_time,0,0,4.1485996916890144e-05,3.36359953507781e-05
0,evaluation_11,1,0,0,1,1,4,greedy,1,2,2,0.4,4,completed,2,0,1,complexity_time,0,0,3.878585994243622e-05,3.372796345502138e-05
0,evaluation_11,3,1,0,1,2,0,search,2,3,1,0.6,0,completed,3,2,0,reference,0,0,0.00013366900384426117,4.2816041968762875e-05
0,evaluation_11,0,0,1,2,5,16,no_review,2,0,1,0.0,4,completed,2,0,0,reference,12,1,0.00015957211144268513,4.779000300914049e-05
0,evaluation_11,3,1,0,1,2,0,fcfs,2,3,1,0.6,0,completed,3,2,0,reference,0,0,9.590515401214361e-05,3.058300353586674e-05
0,evaluation_11,3,1,0,1,2,0,edf,2,3,1,0.6,0,completed,3,2,0,reference,0,0,9.941484313458204e-05,3.427301999181509e-05
0,evaluation_11,2,1,0,2,2,0,uncertainty,2,2,1,0.4,0,completed,3,0,0,reference,0,0,7.88150355219841e-05,3.7798890843987465e-05
0,evaluation_11,2,1,0,2,2,0,greedy,2,2,1,0.4,0,completed,3,0,0,reference,0,0,7.957697380334139e-05,3.75120434910059e-05
0,evaluation_11,2,0,1,1,2,16,search,2,4,2,0.8,4,completed,2,2,0,reference,12,1,0.00012526812497526407,5.1946029998362064e-05
0,evaluation_11,0,0,1,1,4,16,no_review,2,0,2,0.0,4,completed,2,0,0,reference,12,1,0.0001618830719962716,4.9754977226257324e-05
0,evaluation_11,2,0,1,1,2,16,fcfs,2,4,2,0.8,4,completed,2,2,0,reference,12,1,0.0001150862080976367,4.2414991185069084e-05
0,evaluation_11,2,0,1,1,2,16,edf,2,4,2,0.8,4,completed,2,2,0,reference,12,1,0.00014135707169771194,6.86130952090025e-05
0,evaluation_11,2,1,0,1,1,0,uncertainty,2,4,2,0.8,0,completed,3,1,0,reference,0,0,7.182091940194368e-05,3.466394264250994e-05
0,evaluation_11,2,1,0,1,1,0,greedy,2,4,2,0.8,0,completed,3,1,0,reference,0,0,7.952004671096802e-05,3.952800761908293e-05
1,evaluation_11,3,0,0,1,2,4,search,2,3,1,0.6,4,completed,2,2,0,approve_block,0,0,0.00013072800356894732,6.185797974467278e-05
0,evaluation_11,0,0,1,2,5,16,no_review,2,0,1,0.0,4,completed,2,0,0,approve_block,12,1,0.00015550688840448856,4.1757943108677864e-05
1,evaluation_11,3,0,0,1,2,4,fcfs,2,3,1,0.6,4,completed,2,2,0,approve_block,0,0,0.00014768796972930431,5.1544979214668274e-05
1,evaluation_11,3,0,0,1,2,4,edf,2,3,1,0.6,4,completed,2,2,0,approve_block,0,0,0.0001568439183756709,6.460794247686863e-05
1,evaluation_11,2,0,0,2,2,4,uncertainty,2,2,1,0.4,4,completed,2,0,0,approve_block,0,0,7.143709808588028e-05,3.390701021999121e-05
1,evaluation_11,2,0,0,2,2,4,greedy,2,2,1,0.4,4,completed,2,0,0,approve_block,0,0,7.195095531642437e-05,3.371597267687321e-05
0,evaluation_11,2,0,1,1,2,16,search,2,4,2,0.8,4,completed,2,2,0,approve_block,12,1,0.00010649499017745256,4.285795148462057e-05
0,evaluation_11,0,0,1,1,4,16,no_review,2,0,2,0.0,4,completed,2,0,0,approve_block,12,1,0.00014759600162506104,3.67600005120039e-05
0,evaluation_11,2,0,1,1,2,16,fcfs,2,4,2,0.8,4,completed,2,2,0,approve_block,12,1,0.00010615005157887936,4.466809332370758e-05
0,evaluation_11,2,0,1,1,2,16,edf,2,4,2,0.8,4,completed,2,2,0,approve_block,12,1,0.0001141448738053441,4.432699643075466e-05
1,evaluation_11,2,0,0,1,1,4,uncertainty,2,4,2,0.8,4,completed,2,1,0,approve_block,0,0,8.279108442366123e-05,4.125409759581089e-05
1,evaluation_11,2,0,0,1,1,4,greedy,2,4,2,0.8,4,completed,2,1,0,approve_block,0,0,8.168502245098352e-05,4.231103230267763e-05
0,evaluation_11,3,1,0,1,2,0,search,2,3,1,0.6,0,completed,3,2,0,complexity_time,0,0,0.00013545493129640818,4.995299968868494e-05
0,evaluation_11,0,0,1,2,5,16,no_review,2,0,1,0.0,4,completed,2,0,0,complexity_time,12,1,0.00016573106404393911,5.219201557338238e-05
0,evaluation_11,3,1,0,1,2,0,fcfs,2,3,1,0.6,0,completed,3,2,0,complexity_time,0,0,9.49931563809514e-05,3.316707443445921e-05
0,evaluation_11,3,1,0,1,2,0,edf,2,3,1,0.6,0,completed,3,2,0,complexity_time,0,0,0.00011194788385182619,4.251697100698948e-05
0,evaluation_11,2,1,0,2,2,0,uncertainty,2,2,1,0.4,0,completed,3,0,0,complexity_time,0,0,7.208401802927256e-05,3.442307934165001e-05
0,evaluation_11,2,1,0,2,2,0,greedy,2,2,1,0.4,0,completed,3,0,0,complexity_time,0,0,7.216399535536766e-05,3.4171040169894695e-05
0,evaluation_11,2,0,1,1,2,16,search,2,4,2,0.8,4,completed,2,2,0,complexity_time,12,1,0.00011333578731864691,4.436797462403774e-05
0,evaluation_11,0,0,1,1,4,16,no_review,2,0,2,0.0,4,completed,2,0,0,complexity_time,12,1,0.0001508970744907856,3.894604742527008e-05
0,evaluation_11,2,0,1,1,2,16,fcfs,2,4,2,0.8,4,completed,2,2,0,complexity_time,12,1,0.00011144299060106277,4.166702274233103e-05
0,evaluation_11,2,0,1,1,2,16,edf,2,4,2,0.8,4,completed,2,2,0,complexity_time,12,1,0.0001193538773804903,4.401104524731636e-05
0,evaluation_11,2,1,0,1,1,0,uncertainty,2,4,2,0.8,0,completed,3,1,0,complexity_time,0,0,7.992098107933998e-05,4.035199526697397e-05
0,evaluation_11,2,1,0,1,1,0,greedy,2,4,2,0.8,0,completed,3,1,0,complexity_time,0,0,7.12469918653369e-05,3.4017954021692276e-05
0,evaluation_12,0,0,1,1,3,16,no_review,0,0,2,0.0,4,completed,2,0,0,reference,12,1,0.0001734079560264945,4.356203135102987e-05
0,evaluation_12,3,1,0,1,2,0,fcfs,0,6,2,1.0,0,completed,3,5,0,reference,0,0,0.00010116701014339924,3.3335061743855476e-05
0,evaluation_12,3,1,0,1,2,0,edf,0,6,2,1.0,0,completed,3,5,0,reference,0,0,0.00012802798300981522,5.42360357940197e-05
0,evaluation_12,2,1,0,1,1,0,uncertainty,0,4,2,0.6666666666666666,0,completed,3,1,0,reference,0,0,6.82971440255642e-05,3.398105036467314e-05
0,evaluation_12,2,1,0,1,1,0,greedy,0,4,2,0.6666666666666666,0,completed,3,1,0,reference,0,0,7.683492731302977e-05,3.621599171310663e-05
0,evaluation_12,3,1,0,1,2,0,search,0,6,2,1.0,0,completed,3,5,0,reference,0,0,0.00014976714737713337,5.927903112024069e-05
0,evaluation_12,0,0,1,2,4,16,no_review,0,0,1,0.0,4,completed,2,0,0,reference,12,1,0.0001826732186600566,4.19149873778224e-05
0,evaluation_12,3,1,0,1,2,0,fcfs,0,3,1,0.5,0,completed,3,2,0,reference,0,0,9.977910667657852e-05,3.28130554407835e-05
0,evaluation_12,3,1,0,1,2,0,edf,0,3,1,0.5,0,completed,3,2,0,reference,0,0,0.0001022841315716505,3.439502324908972e-05
0,evaluation_12,2,1,0,2,2,0,uncertainty,0,2,1,0.3333333333333333,0,completed,3,0,0,reference,0,0,9.034399408847094e-05,5.08470693603158e-05
0,evaluation_12,2,1,0,2,2,0,greedy,0,2,1,0.3333333333333333,0,completed,3,0,0,reference,0,0,7.998791988939047e-05,3.811402712017298e-05
0,evaluation_12,3,1,0,1,2,0,search,0,3,1,0.5,0,completed,3,2,0,reference,0,0,0.00012661016080528498,4.3193111196160316e-05
0,evaluation_12,0,0,1,1,3,16,no_review,0,0,2,0.0,4,completed,2,0,0,approve_block,12,1,0.00017398002091795206,3.5815988667309284e-05
1,evaluation_12,3,0,0,1,2,4,fcfs,0,6,2,1.0,4,completed,2,5,0,approve_block,0,0,0.00011126894969493151,4.748196806758642e-05
1,evaluation_12,3,0,0,1,2,4,edf,0,6,2,1.0,4,completed,2,5,0,approve_block,0,0,0.00010580394882708788,4.5106979086995125e-05
1,evaluation_12,2,0,0,1,1,4,uncertainty,0,4,2,0.6666666666666666,4,completed,2,1,0,approve_block,0,0,8.630601223558187e-05,4.452909342944622e-05
1,evaluation_12,2,0,0,1,1,4,greedy,0,4,2,0.6666666666666666,4,completed,2,1,0,approve_block,0,0,7.78429675847292e-05,3.856897819787264e-05
1,evaluation_12,3,0,0,1,2,4,search,0,6,2,1.0,4,completed,2,5,0,approve_block,0,0,0.00013824994675815105,4.630000330507755e-05
0,evaluation_12,0,0,1,2,4,16,no_review,0,0,1,0.0,4,completed,2,0,0,approve_block,12,1,0.00018784881103783846,4.917592741549015e-05
1,evaluation_12,3,0,0,1,2,4,fcfs,0,3,1,0.5,4,completed,2,2,0,approve_block,0,0,9.504181798547506e-05,3.0169961974024773e-05
1,evaluation_12,3,0,0,1,2,4,edf,0,3,1,0.5,4,completed,2,2,0,approve_block,0,0,0.0001259458949789405,4.791491664946079e-05
1,evaluation_12,2,0,0,2,2,4,uncertainty,0,2,1,0.3333333333333333,4,completed,2,0,0,approve_block,0,0,6.75230985507369e-05,3.2406067475676537e-05
1,evaluation_12,2,0,0,2,2,4,greedy,0,2,1,0.3333333333333333,4,completed,2,0,0,approve_block,0,0,7.084000390022993e-05,3.2859970815479755e-05
1,evaluation_12,3,0,0,1,2,4,search,0,3,1,0.5,4,completed,2,2,0,approve_block,0,0,0.00014997005928307772,6.242399103939533e-05
0,evaluation_12,0,0,1,1,3,16,no_review,0,0,2,0.0,4,completed,2,0,0,complexity_time,12,1,0.00018721283413469791,4.2572966776788235e-05
0,evaluation_12,2,0,1,1,2,16,fcfs,0,4,2,0.6666666666666666,4,completed,2,2,0,complexity_time,12,1,0.00012633309233933687,4.581594839692116e-05
0,evaluation_12,2,0,1,1,2,16,edf,0,4,2,0.6666666666666666,4,completed,2,2,0,complexity_time,12,1,0.00011116696987301111,3.346102312207222e-05
0,evaluation_12,2,1,0,1,1,0,uncertainty,0,5,2,0.8333333333333334,0,completed,3,1,0,complexity_time,0,0,7.491896394640207e-05,3.573601134121418e-05
0,evaluation_12,2,1,0,1,1,0,greedy,0,5,2,0.8333333333333334,0,completed,3,1,0,complexity_time,0,0,7.423106580972672e-05,3.6615063436329365e-05
0,evaluation_12,2,0,1,1,2,16,search,0,4,2,0.6666666666666666,4,completed,2,2,0,complexity_time,12,1,0.00015785591676831245,5.865504499524832e-05
0,evaluation_12,0,0,1,2,4,16,no_review,0,0,1,0.0,4,completed,2,0,0,complexity_time,12,1,0.0002626220230013132,7.356703281402588e-05
0,evaluation_12,3,1,0,1,2,0,fcfs,0,4,1,0.6666666666666666,0,completed,3,2,0,complexity_time,0,0,0.00010388274677097797,3.36359953507781e-05
0,evaluation_12,3,1,0,1,2,0,edf,0,4,1,0.6666666666666666,0,completed,3,2,0,complexity_time,0,0,0.0001058429479598999,3.43880383297801e-05
0,evaluation_12,2,1,0,2,2,0,uncertainty,0,3,1,0.5,0,completed,3,0,0,complexity_time,0,0,7.534807082265615e-05,3.408303018659353e-05
0,evaluation_12,2,1,0,2,2,0,greedy,0,3,1,0.5,0,completed,3,0,0,complexity_time,0,0,6.676279008388519e-05,3.3156946301460266e-05
0,evaluation_12,3,1,0,1,2,0,search,0,4,1,0.6666666666666666,0,completed,3,2,0,complexity_time,0,0,0.00013412220869213343,4.7474983148276806e-05
0,evaluation_12,0,0,0,1,1,4,no_review,1,0,2,0.0,4,completed,2,0,1,reference,0,0,0.00011294009163975716,4.121207166463137e-05
0,evaluation_12,2,0,0,1,1,4,fcfs,1,4,2,0.6666666666666666,4,completed,2,2,1,reference,0,0,7.918302435427904e-05,4.078308120369911e-05
0,evaluation_12,2,0,0,1,1,4,edf,1,4,2,0.6666666666666666,4,completed,2,2,1,reference,0,0,7.081485819071531e-05,3.31830233335495e-05
0,evaluation_12,1,0,0,1,1,4,uncertainty,1,2,2,0.3333333333333333,4,completed,2,0,1,reference,0,0,3.829516936093569e-05,3.1723990105092525e-05
0,evaluation_12,1,0,0,1,1,4,greedy,1,2,2,0.3333333333333333,4,completed,2,0,1,reference,0,0,4.318798892199993e-05,3.532099071890116e-05
0,evaluation_12,2,0,0,1,1,4,search,1,4,2,0.6666666666666666,4,completed,2,2,1,reference,0,0,9.434716776013374e-05,4.674401134252548e-05
0,evaluation_12,0,0,0,2,2,4,no_review,1,0,1,0.0,4,completed,2,0,1,reference,0,0,0.00010263407602906227,3.324297722429037e-05
0,evaluation_12,2,0,0,1,1,4,fcfs,1,2,1,0.3333333333333333,4,completed,2,1,1,reference,0,0,6.705604027956724e-05,3.075308632105589e-05
0,evaluation_12,2,0,0,1,1,4,edf,1,2,1,0.3333333333333333,4,completed,2,1,1,reference,0,0,7.803889457136393e-05,3.420992288738489e-05
0,evaluation_12,2,0,0,1,1,4,uncertainty,1,2,1,0.3333333333333333,4,completed,2,1,1,reference,0,0,0.00011968112085014582,7.935101166367531e-05
0,evaluation_12,2,0,0,1,1,4,greedy,1,2,1,0.3333333333333333,4,completed,2,1,1,reference,0,0,8.212425746023655e-05,3.8933008909225464e-05
0,evaluation_12,2,0,0,1,1,4,search,1,2,1,0.3333333333333333,4,completed,2,1,1,reference,0,0,9.027216583490372e-05,4.265597090125084e-05
0,evaluation_12,0,0,0,1,1,4,no_review,1,0,2,0.0,4,completed,2,0,1,approve_block,0,0,0.0001473900629207492,5.984294693917036e-05
0,evaluation_12,2,0,0,1,1,4,fcfs,1,4,2,0.6666666666666666,4,completed,2,2,1,approve_block,0,0,7.651292253285646e-05,3.766990266740322e-05
0,evaluation_12,2,0,0,1,1,4,edf,1,4,2,0.6666666666666666,4,completed,2,2,1,approve_block,0,0,7.226294837892056e-05,3.509595990180969e-05
0,evaluation_12,1,0,0,1,1,4,uncertainty,1,2,2,0.3333333333333333,4,completed,2,0,1,approve_block,0,0,3.752496559172869e-05,3.2559968531131744e-05
0,evaluation_12,1,0,0,1,1,4,greedy,1,2,2,0.3333333333333333,4,completed,2,0,1,approve_block,0,0,4.2959931306540966e-05,3.431201912462711e-05
0,evaluation_12,2,0,0,1,1,4,search,1,4,2,0.6666666666666666,4,completed,2,2,1,approve_block,0,0,8.543406147509813e-05,4.196807276457548e-05
0,evaluation_12,0,0,0,2,2,4,no_review,1,0,1,0.0,4,completed,2,0,1,approve_block,0,0,0.00010393303819000721,3.296800423413515e-05
0,evaluation_12,2,0,0,1,1,4,fcfs,1,2,1,0.3333333333333333,4,completed,2,1,1,approve_block,0,0,6.535009015351534e-05,2.9979972168803215e-05
0,evaluation_12,2,0,0,1,1,4,edf,1,2,1,0.3333333333333333,4,completed,2,1,1,approve_block,0,0,7.742596790194511e-05,3.9623002521693707e-05
0,evaluation_12,2,0,0,1,1,4,uncertainty,1,2,1,0.3333333333333333,4,completed,2,1,1,approve_block,0,0,7.828092202544212e-05,3.9485981687903404e-05
0,evaluation_12,2,0,0,1,1,4,greedy,1,2,1,0.3333333333333333,4,completed,2,1,1,approve_block,0,0,8.71692318469286e-05,4.048808477818966e-05
0,evaluation_12,2,0,0,1,1,4,search,1,2,1,0.3333333333333333,4,completed,2,1,1,approve_block,0,0,8.339807391166687e-05,4.167796578258276e-05
0,evaluation_12,0,0,0,1,1,4,no_review,1,0,2,0.0,4,completed,2,0,1,complexity_time,0,0,0.00010431231930851936,3.228604327887297e-05
0,evaluation_12,2,0,0,1,1,4,fcfs,1,4,2,0.6666666666666666,4,completed,2,2,1,complexity_time,0,0,6.81139063090086e-05,3.341399133205414e-05
0,evaluation_12,2,0,0,1,1,4,edf,1,4,2,0.6666666666666666,4,completed,2,2,1,complexity_time,0,0,7.433106657117605e-05,3.4517026506364346e-05
0,evaluation_12,1,0,0,1,1,4,uncertainty,1,2,2,0.3333333333333333,4,completed,2,0,1,complexity_time,0,0,4.8695714212954044e-05,3.346591256558895e-05
0,evaluation_12,1,0,0,1,1,4,greedy,1,2,2,0.3333333333333333,4,completed,2,0,1,complexity_time,0,0,3.9531150832772255e-05,3.3164978958666325e-05
0,evaluation_12,2,0,0,1,1,4,search,1,4,2,0.6666666666666666,4,completed,2,2,1,complexity_time,0,0,8.675595745444298e-05,4.496402107179165e-05
0,evaluation_12,0,0,0,2,2,4,no_review,1,0,1,0.0,4,completed,2,0,1,complexity_time,0,0,0.00010933296289294958,3.6958022974431515e-05
0,evaluation_12,2,0,0,1,1,4,fcfs,1,2,1,0.3333333333333333,4,completed,2,1,1,complexity_time,0,0,6.75170449540019e-05,3.16849909722805e-05
0,evaluation_12,2,0,0,1,1,4,edf,1,2,1,0.3333333333333333,4,completed,2,1,1,complexity_time,0,0,8.303788490593433e-05,4.179298412054777e-05
0,evaluation_12,2,0,0,1,1,4,uncertainty,1,2,1,0.3333333333333333,4,completed,2,1,1,complexity_time,0,0,7.836904842406511e-05,3.6658020690083504e-05
0,evaluation_12,2,0,0,1,1,4,greedy,1,2,1,0.3333333333333333,4,completed,2,1,1,complexity_time,0,0,7.665599696338177e-05,3.697199281305075e-05
0,evaluation_12,2,0,0,1,1,4,search,1,2,1,0.3333333333333333,4,completed,2,1,1,complexity_time,0,0,0.0002690749242901802,0.0002105348976328969
0,evaluation_12,0,0,0,1,1,4,no_review,2,0,2,0.0,4,completed,2,0,1,reference,0,0,8.922803681343794e-05,2.948800101876259e-05
0,evaluation_12,2,0,0,1,1,4,fcfs,2,4,2,0.6666666666666666,4,completed,2,2,1,reference,0,0,8.902896661311388e-05,5.2732997573912144e-05
0,evaluation_12,2,0,0,1,1,4,edf,2,4,2,0.6666666666666666,4,completed,2,2,1,reference,0,0,7.305911276489496e-05,3.710400778800249e-05
0,evaluation_12,1,0,0,1,1,4,uncertainty,2,2,2,0.3333333333333333,4,completed,2,0,1,reference,0,0,3.983522765338421e-05,3.3073010854423046e-05
0,evaluation_12,1,0,0,1,1,4,greedy,2,2,2,0.3333333333333333,4,completed,2,0,1,reference,0,0,4.26609767600894e-05,3.51819908246398e-05
0,evaluation_12,2,0,0,1,1,4,search,2,4,2,0.6666666666666666,4,completed,2,2,1,reference,0,0,9.42358747124672e-05,4.5615946874022484e-05
0,evaluation_12,0,0,0,2,2,4,no_review,2,0,1,0.0,4,completed,2,0,1,reference,0,0,0.00010619394015520811,3.4010037779808044e-05
0,evaluation_12,2,0,0,1,1,4,fcfs,2,2,1,0.3333333333333333,4,completed,2,1,1,reference,0,0,7.509707938879728e-05,3.444193862378597e-05
0,evaluation_12,2,0,0,1,1,4,edf,2,2,1,0.3333333333333333,4,completed,2,1,1,reference,0,0,7.919583003968e-05,3.8183992728590965e-05
0,evaluation_12,2,0,0,1,1,4,uncertainty,2,2,1,0.3333333333333333,4,completed,2,1,1,reference,0,0,8.932396303862333e-05,4.987209104001522e-05
0,evaluation_12,2,0,0,1,1,4,greedy,2,2,1,0.3333333333333333,4,completed,2,1,1,reference,0,0,7.944204844534397e-05,4.002801142632961e-05
0,evaluation_12,2,0,0,1,1,4,search,2,2,1,0.3333333333333333,4,completed,2,1,1,reference,0,0,0.00011172390077263117,6.386404857039452e-05
0,evaluation_12,0,0,0,1,1,4,no_review,2,0,2,0.0,4,completed,2,0,1,approve_block,0,0,0.00011401483789086342,3.380200359970331e-05
0,evaluation_12,2,0,0,1,1,4,fcfs,2,4,2,0.6666666666666666,4,completed,2,2,1,approve_block,0,0,7.635983638465405e-05,3.922602627426386e-05
0,evaluation_12,2,0,0,1,1,4,edf,2,4,2,0.6666666666666666,4,completed,2,2,1,approve_block,0,0,7.888791151344776e-05,3.4605967812240124e-05
0,evaluation_12,1,0,0,1,1,4,uncertainty,2,2,2,0.3333333333333333,4,completed,2,0,1,approve_block,0,0,4.265399184077978e-05,3.432994708418846e-05
0,evaluation_12,1,0,0,1,1,4,greedy,2,2,2,0.3333333333333333,4,completed,2,0,1,approve_block,0,0,4.222895950078964e-05,3.392808139324188e-05
0,evaluation_12,2,0,0,1,1,4,search,2,4,2,0.6666666666666666,4,completed,2,2,1,approve_block,0,0,8.267117664217949e-05,4.417507443577051e-05
0,evaluation_12,0,0,0,2,2,4,no_review,2,0,1,0.0,4,completed,2,0,1,approve_block,0,0,0.00010647426825016737,3.023201134055853e-05
0,evaluation_12,2,0,0,1,1,4,fcfs,2,2,1,0.3333333333333333,4,completed,2,1,1,approve_block,0,0,7.292826194316149e-05,3.289699088782072e-05
0,evaluation_12,2,0,0,1,1,4,edf,2,2,1,0.3333333333333333,4,completed,2,1,1,approve_block,0,0,7.347296923398972e-05,3.6005047149956226e-05
0,evaluation_12,2,0,0,1,1,4,uncertainty,2,2,1,0.3333333333333333,4,completed,2,1,1,approve_block,0,0,7.909385021775961e-05,3.947899676859379e-05
0,evaluation_12,2,0,0,1,1,4,greedy,2,2,1,0.3333333333333333,4,completed,2,1,1,approve_block,0,0,6.335100624710321e-05,3.36329685524106e-05
0,evaluation_12,2,0,0,1,1,4,search,2,2,1,0.3333333333333333,4,completed,2,1,1,approve_block,0,0,7.260486017912626e-05,4.1681923903524876e-05
0,evaluation_12,0,0,0,1,1,4,no_review,2,0,2,0.0,4,completed,2,0,1,complexity_time,0,0,0.00011034682393074036,3.775605000555515e-05
0,evaluation_12,2,0,0,1,1,4,fcfs,2,4,2,0.6666666666666666,4,completed,2,2,1,complexity_time,0,0,6.55660405755043e-05,3.0784052796661854e-05
0,evaluation_12,2,0,0,1,1,4,edf,2,4,2,0.6666666666666666,4,completed,2,2,1,complexity_time,0,0,6.0072983615100384e-05,3.307405859231949e-05
0,evaluation_12,1,0,0,1,1,4,uncertainty,2,2,2,0.3333333333333333,4,completed,2,0,1,complexity_time,0,0,4.9310154281556606e-05,4.199100658297539e-05
0,evaluation_12,1,0,0,1,1,4,greedy,2,2,2,0.3333333333333333,4,completed,2,0,1,complexity_time,0,0,4.1498919017612934e-05,3.340397961437702e-05
0,evaluation_12,2,0,0,1,1,4,search,2,4,2,0.6666666666666666,4,completed,2,2,1,complexity_time,0,0,7.003196515142918e-05,4.227005410939455e-05
0,evaluation_12,0,0,0,2,2,4,no_review,2,0,1,0.0,4,completed,2,0,1,complexity_time,0,0,0.0001003011129796505,3.237905912101269e-05
0,evaluation_12,2,0,0,1,1,4,fcfs,2,2,1,0.3333333333333333,4,completed,2,1,1,complexity_time,0,0,7.556902710348368e-05,3.839493729174137e-05
0,evaluation_12,2,0,0,1,1,4,edf,2,2,1,0.3333333333333333,4,completed,2,1,1,complexity_time,0,0,6.488291546702385e-05,3.154005389660597e-05
0,evaluation_12,2,0,0,1,1,4,uncertainty,2,2,1,0.3333333333333333,4,completed,2,1,1,complexity_time,0,0,8.024903945624828e-05,3.924395423382521e-05
0,evaluation_12,2,0,0,1,1,4,greedy,2,2,1,0.3333333333333333,4,completed,2,1,1,complexity_time,0,0,7.570220623165369e-05,3.4961034543812275e-05
0,evaluation_12,2,0,0,1,1,4,search,2,2,1,0.3333333333333333,4,completed,2,1,1,complexity_time,0,0,9.126600343734026e-05,4.3760985136032104e-05
0,evaluation_13,2,1,0,0,0,4,fcfs,0,2,1,0.4,4,completed,2,0,1,reference,0,0,4.302104935050011e-05,1.9091996364295483e-05
0,evaluation_13,2,1,0,0,0,4,edf,0,2,1,0.4,4,completed,2,0,1,reference,0,0,4.575098864734173e-05,2.1172920241951942e-05
0,evaluation_13,2,1,0,0,0,4,uncertainty,0,2,1,0.4,4,completed,2,0,1,reference,0,0,5.4298900067806244e-05,2.6260968297719955e-05
0,evaluation_13,2,1,0,0,0,4,greedy,0,2,1,0.4,4,completed,2,0,1,reference,0,0,4.687812179327011e-05,2.1242070943117142e-05
0,evaluation_13,2,1,0,0,0,4,search,0,2,1,0.4,4,completed,2,0,1,reference,0,0,5.7680183090269566e-05,2.6714988052845e-05
0,evaluation_13,0,0,1,1,2,12,no_review,0,0,1,0.0,8,completed,1,0,1,reference,4,1,0.00011166906915605068,3.006297629326582e-05
0,evaluation_13,1,0,1,0,0,12,fcfs,0,2,2,0.4,8,completed,1,0,1,reference,4,1,6.019289139658213e-05,3.119197208434343e-05
0,evaluation_13,1,0,1,0,0,12,edf,0,2,2,0.4,8,completed,1,0,1,reference,4,1,5.262286867946386e-05,2.5565968826413155e-05
0,evaluation_13,1,0,1,0,0,12,uncertainty,0,2,2,0.4,8,completed,1,0,1,reference,4,1,5.0634960643947124e-05,2.237397711724043e-05
0,evaluation_13,1,0,1,0,0,12,greedy,0,2,2,0.4,8,completed,1,0,1,reference,4,1,5.719915498048067e-05,2.8728041797876358e-05
0,evaluation_13,1,0,1,0,0,12,search,0,2,2,0.4,8,completed,1,0,1,reference,4,1,5.794898606836796e-05,2.598389983177185e-05
0,evaluation_13,0,0,1,1,1,12,no_review,0,0,2,0.0,8,completed,1,0,1,reference,4,1,0.0001171227777376771,3.322400152683258e-05
1,evaluation_13,2,0,0,0,0,8,fcfs,0,2,1,0.4,8,completed,1,0,1,approve_block,0,0,5.031109321862459e-05,2.0114006474614143e-05
1,evaluation_13,2,0,0,0,0,8,edf,0,2,1,0.4,8,completed,1,0,1,approve_block,0,0,5.053600762039423e-05,2.2698077373206615e-05
1,evaluation_13,2,0,0,0,0,8,uncertainty,0,2,1,0.4,8,completed,1,0,1,approve_block,0,0,5.2977120503783226e-05,2.4483073502779007e-05
1,evaluation_13,2,0,0,0,0,8,greedy,0,2,1,0.4,8,completed,1,0,1,approve_block,0,0,5.4231961257755756e-05,2.6360969059169292e-05
1,evaluation_13,2,0,0,0,0,8,search,0,2,1,0.4,8,completed,1,0,1,approve_block,0,0,5.345128010958433e-05,2.595805563032627e-05
0,evaluation_13,0,0,1,1,2,12,no_review,0,0,1,0.0,8,completed,1,0,1,approve_block,4,1,0.00012908992357552052,3.817991819232702e-05
0,evaluation_13,1,0,1,0,0,12,fcfs,0,2,2,0.4,8,completed,1,0,1,approve_block,4,1,7.244118023663759e-05,4.6143075451254845e-05
0,evaluation_13,1,0,1,0,0,12,edf,0,2,2,0.4,8,completed,1,0,1,approve_block,4,1,6.131501868367195e-05,3.4828088246285915e-05
0,evaluation_13,1,0,1,0,0,12,uncertainty,0,2,2,0.4,8,completed,1,0,1,approve_block,4,1,6.462808232754469e-05,3.6242068745195866e-05
0,evaluation_13,1,0,1,0,0,12,greedy,0,2,2,0.4,8,completed,1,0,1,approve_block,4,1,5.4108910262584686e-05,2.497399691492319e-05
0,evaluation_13,1,0,1,0,0,12,search,0,2,2,0.4,8,completed,1,0,1,approve_block,4,1,5.0949049182236195e-05,2.5724992156028748e-05
0,evaluation_13,0,0,1,1,1,12,no_review,0,0,2,0.0,8,completed,1,0,1,approve_block,4,1,0.00010883680079132318,2.838694490492344e-05
0,evaluation_13,2,1,0,0,0,4,fcfs,0,2,1,0.4,4,completed,2,0,1,complexity_time,0,0,4.61990712210536e-05,2.1488056518137455e-05
0,evaluation_13,2,1,0,0,0,4,edf,0,2,1,0.4,4,completed,2,0,1,complexity_time,0,0,4.59479633718729e-05,2.1650921553373337e-05
0,evaluation_13,2,1,0,0,0,4,uncertainty,0,2,1,0.4,4,completed,2,0,1,complexity_time,0,0,6.227486301213503e-05,2.817192580550909e-05
0,evaluation_13,2,1,0,0,0,4,greedy,0,2,1,0.4,4,completed,2,0,1,complexity_time,0,0,4.5975903049111366e-05,2.283800859004259e-05
0,evaluation_13,2,1,0,0,0,4,search,0,2,1,0.4,4,completed,2,0,1,complexity_time,0,0,7.306516636162996e-05,4.228099714964628e-05
0,evaluation_13,0,0,1,1,2,12,no_review,0,0,1,0.0,8,completed,1,0,1,complexity_time,4,1,0.0001181471161544323,3.7210993468761444e-05
0,evaluation_13,1,0,1,0,0,12,fcfs,0,2,2,0.4,8,completed,1,0,1,complexity_time,4,1,4.498299676924944e-05,2.1082931198179722e-05
0,evaluation_13,1,0,1,0,0,12,edf,0,2,2,0.4,8,completed,1,0,1,complexity_time,4,1,6.099988240748644e-05,3.2109906896948814e-05
0,evaluation_13,1,0,1,0,0,12,uncertainty,0,2,2,0.4,8,completed,1,0,1,complexity_time,4,1,5.4426840506494045e-05,2.771697472780943e-05
0,evaluation_13,1,0,1,0,0,12,greedy,0,2,2,0.4,8,completed,1,0,1,complexity_time,4,1,6.17089681327343e-05,3.4078024327754974e-05
0,evaluation_13,1,0,1,0,0,12,search,0,2,2,0.4,8,completed,1,0,1,complexity_time,4,1,6.450200453400612e-05,3.107392694801092e-05
0,evaluation_13,0,0,1,1,1,12,no_review,0,0,2,0.0,8,completed,1,0,1,complexity_time,4,1,0.00011201913002878428,3.109907265752554e-05
0,evaluation_13,3,1,0,1,2,0,fcfs,1,3,1,0.6,0,completed,3,2,0,reference,0,0,8.772616274654865e-05,3.139709588140249e-05
0,evaluation_13,3,1,0,0,2,0,edf,1,3,1,0.6,0,completed,3,2,0,reference,0,0,0.00012413924559950829,5.246500950306654e-05
0,evaluation_13,3,1,0,1,2,0,uncertainty,1,3,1,0.6,0,completed,3,2,0,reference,0,0,0.00010158726945519447,3.4329015761613846e-05
0,evaluation_13,3,1,0,1,2,0,greedy,1,3,1,0.6,0,completed,3,2,0,reference,0,0,0.00011151598300784826,3.867305349558592e-05
0,evaluation_13,3,1,0,1,2,0,search,1,3,1,0.6,0,completed,3,2,0,reference,0,0,0.0001092720776796341,4.223594442009926e-05
0,evaluation_13,0,0,1,2,4,8,no_review,1,0,1,0.0,4,completed,2,0,0,reference,4,1,0.00017204717732965946,4.62530879303813e-05
0,evaluation_13,2,0,1,0,1,8,fcfs,1,4,2,0.8,4,completed,2,2,0,reference,4,1,6.98630465194583e-05,3.594905138015747e-05
0,evaluation_13,2,0,1,0,1,8,edf,1,4,2,0.8,4,completed,2,2,0,reference,4,1,0.00010856182780116796,6.867595948278904e-05
0,evaluation_13,2,0,1,0,1,8,uncertainty,1,4,2,0.8,4,completed,2,2,0,reference,4,1,8.718494791537523e-05,4.755693953484297e-05
0,evaluation_13,2,0,1,0,1,8,greedy,1,4,2,0.8,4,completed,2,2,0,reference,4,1,9.550992399454117e-05,5.430297460407019e-05
0,evaluation_13,2,0,1,0,1,8,search,1,4,2,0.8,4,completed,2,2,0,reference,4,1,0.00011701812036335468,6.581901106983423e-05
0,evaluation_13,0,0,1,1,3,8,no_review,1,0,2,0.0,4,completed,2,0,0,reference,4,1,0.00018030183855444193,4.965194966644049e-05
1,evaluation_13,3,0,0,1,2,4,fcfs,1,3,1,0.6,4,completed,2,2,0,approve_block,0,0,0.0001299551222473383,4.9372087232768536e-05
1,evaluation_13,3,0,0,0,2,4,edf,1,3,1,0.6,4,completed,2,2,0,approve_block,0,0,9.137287270277739e-05,3.533193375915289e-05
1,evaluation_13,3,0,0,1,2,4,uncertainty,1,3,1,0.6,4,completed,2,2,0,approve_block,0,0,0.00011202692985534668,4.072592128068209e-05
1,evaluation_13,3,0,0,1,2,4,greedy,1,3,1,0.6,4,completed,2,2,0,approve_block,0,0,0.00010656111408025026,3.44900181517005e-05
1,evaluation_13,3,0,0,1,2,4,search,1,3,1,0.6,4,completed,2,2,0,approve_block,0,0,0.00013154593762010336,4.676904063671827e-05
0,evaluation_13,0,0,1,2,4,8,no_review,1,0,1,0.0,4,completed,2,0,0,approve_block,4,1,0.00018142105545848608,4.835298750549555e-05
0,evaluation_13,2,0,1,0,1,8,fcfs,1,4,2,0.8,4,completed,2,2,0,approve_block,4,1,6.717396900057793e-05,3.330199979245663e-05
0,evaluation_13,2,0,1,0,1,8,edf,1,4,2,0.8,4,completed,2,2,0,approve_block,4,1,8.568307384848595e-05,4.95279673486948e-05
0,evaluation_13,2,0,1,0,1,8,uncertainty,1,4,2,0.8,4,completed,2,2,0,approve_block,4,1,8.88060312718153e-05,4.905601963400841e-05
0,evaluation_13,2,0,1,0,1,8,greedy,1,4,2,0.8,4,completed,2,2,0,approve_block,4,1,9.338709060102701e-05,5.478400271385908e-05
0,evaluation_13,2,0,1,0,1,8,search,1,4,2,0.8,4,completed,2,2,0,approve_block,4,1,8.126290049403906e-05,4.0529994294047356e-05
0,evaluation_13,0,0,1,1,3,8,no_review,1,0,2,0.0,4,completed,2,0,0,approve_block,4,1,0.00017499399837106466,4.1621970012784004e-05
0,evaluation_13,3,1,0,1,2,0,fcfs,1,3,1,0.6,0,completed,3,2,0,complexity_time,0,0,0.00010318099521100521,3.7988065741956234e-05
0,evaluation_13,3,1,0,0,2,0,edf,1,3,1,0.6,0,completed,3,2,0,complexity_time,0,0,0.00010183709673583508,3.371899947524071e-05
0,evaluation_13,3,1,0,1,2,0,uncertainty,1,3,1,0.6,0,completed,3,2,0,complexity_time,0,0,0.00011104100849479437,3.7794001400470734e-05
0,evaluation_13,3,1,0,1,2,0,greedy,1,3,1,0.6,0,completed,3,2,0,complexity_time,0,0,0.00011292402632534504,4.245992749929428e-05
0,evaluation_13,3,1,0,1,2,0,search,1,3,1,0.6,0,completed,3,2,0,complexity_time,0,0,0.00012837618123739958,4.703702870756388e-05
0,evaluation_13,0,0,1,2,4,8,no_review,1,0,1,0.0,4,completed,2,0,0,complexity_time,4,1,0.0001709897769615054,4.184897989034653e-05
0,evaluation_13,2,0,1,0,1,8,fcfs,1,4,2,0.8,4,completed,2,2,0,complexity_time,4,1,8.1279082223773e-05,4.653900396078825e-05
0,evaluation_13,2,0,1,0,1,8,edf,1,4,2,0.8,4,completed,2,2,0,complexity_time,4,1,6.807607132941484e-05,3.3288029953837395e-05
0,evaluation_13,2,0,1,0,1,8,uncertainty,1,4,2,0.8,4,completed,2,2,0,complexity_time,4,1,8.010189048945904e-05,4.155689384788275e-05
0,evaluation_13,2,0,1,0,1,8,greedy,1,4,2,0.8,4,completed,2,2,0,complexity_time,4,1,8.5851876065135e-05,4.5737018808722496e-05
0,evaluation_13,2,0,1,0,1,8,search,1,4,2,0.8,4,completed,2,2,0,complexity_time,4,1,9.705708362162113e-05,4.7110021114349365e-05
0,evaluation_13,0,0,1,1,3,8,no_review,1,0,2,0.0,4,completed,2,0,0,complexity_time,4,1,0.00014842802193015814,3.278604708611965e-05
0,evaluation_13,3,1,0,1,2,0,fcfs,2,3,1,0.6,0,completed,3,2,0,reference,0,0,0.00010399613529443741,3.81949357688427e-05
0,evaluation_13,3,1,0,0,2,0,edf,2,3,1,0.6,0,completed,3,2,0,reference,0,0,0.0001097631175071001,4.12230147048831e-05
0,evaluation_13,3,1,0,1,2,0,uncertainty,2,3,1,0.6,0,completed,3,2,0,reference,0,0,0.00010712887160480022,3.7263031117618084e-05
0,evaluation_13,3,1,0,1,2,0,greedy,2,3,1,0.6,0,completed,3,2,0,reference,0,0,0.00011885911226272583,4.5468099415302277e-05
0,evaluation_13,3,1,0,1,2,0,search,2,3,1,0.6,0,completed,3,2,0,reference,0,0,0.00010944402310997248,4.2425934225320816e-05
0,evaluation_13,0,0,1,2,4,8,no_review,2,0,1,0.0,4,completed,2,0,0,reference,4,1,0.00017515697982162237,4.6320026740431786e-05
0,evaluation_13,2,0,1,0,1,8,fcfs,2,4,2,0.8,4,completed,2,2,0,reference,4,1,6.772310007363558e-05,3.287394065409899e-05
0,evaluation_13,2,0,1,0,1,8,edf,2,4,2,0.8,4,completed,2,2,0,reference,4,1,8.537108078598976e-05,4.8116082325577736e-05
0,evaluation_13,2,0,1,0,1,8,uncertainty,2,4,2,0.8,4,completed,2,2,0,reference,4,1,9.97638562694192e-05,5.1205046474933624e-05
0,evaluation_13,2,0,1,0,1,8,greedy,2,4,2,0.8,4,completed,2,2,0,reference,4,1,7.833202835172415e-05,3.8482947275042534e-05
0,evaluation_13,2,0,1,0,1,8,search,2,4,2,0.8,4,completed,2,2,0,reference,4,1,8.089898619800806e-05,4.1776918806135654e-05
0,evaluation_13,0,0,1,1,3,8,no_review,2,0,2,0.0,4,completed,2,0,0,reference,4,1,0.00017852196469902992,4.1609047912061214e-05
1,evaluation_13,3,0,0,1,2,4,fcfs,2,3,1,0.6,4,completed,2,2,0,approve_block,0,0,0.00010577705688774586,3.408605698496103e-05
1,evaluation_13,3,0,0,0,2,4,edf,2,3,1,0.6,4,completed,2,2,0,approve_block,0,0,0.00011234288103878498,3.8017984479665756e-05
1,evaluation_13,3,0,0,1,2,4,uncertainty,2,3,1,0.6,4,completed,2,2,0,approve_block,0,0,0.00012035993859171867,4.518998321145773e-05
1,evaluation_13,3,0,0,1,2,4,greedy,2,3,1,0.6,4,completed,2,2,0,approve_block,0,0,9.639502968639135e-05,3.4711090847849846e-05
1,evaluation_13,3,0,0,1,2,4,search,2,3,1,0.6,4,completed,2,2,0,approve_block,0,0,0.00014467095024883747,5.6285993196070194e-05
0,evaluation_13,0,0,1,2,4,8,no_review,2,0,1,0.0,4,completed,2,0,0,approve_block,4,1,0.00018782902043312788,5.7339086197316647e-05
0,evaluation_13,2,0,1,0,1,8,fcfs,2,4,2,0.8,4,completed,2,2,0,approve_block,4,1,8.685083594173193e-05,5.107792094349861e-05
0,evaluation_13,2,0,1,0,1,8,edf,2,4,2,0.8,4,completed,2,2,0,approve_block,4,1,9.074911940842867e-05,5.4536969400942326e-05
0,evaluation_13,2,0,1,0,1,8,uncertainty,2,4,2,0.8,4,completed,2,2,0,approve_block,4,1,7.157400250434875e-05,3.4427037462592125e-05
0,evaluation_13,2,0,1,0,1,8,greedy,2,4,2,0.8,4,completed,2,2,0,approve_block,4,1,8.441496174782515e-05,4.637008532881737e-05
0,evaluation_13,2,0,1,0,1,8,search,2,4,2,0.8,4,completed,2,2,0,approve_block,4,1,9.467208292335272e-05,4.6459026634693146e-05
0,evaluation_13,0,0,1,1,3,8,no_review,2,0,2,0.0,4,completed,2,0,0,approve_block,4,1,0.00017236906569451094,4.6664965339004993e-05
0,evaluation_13,3,1,0,1,2,0,fcfs,2,3,1,0.6,0,completed,3,2,0,complexity_time,0,0,0.0001096382038667798,3.8980040699243546e-05
0,evaluation_13,3,1,0,0,2,0,edf,2,3,1,0.6,0,completed,3,2,0,complexity_time,0,0,9.46439104154706e-05,3.584299702197313e-05
0,evaluation_13,3,1,0,1,2,0,uncertainty,2,3,1,0.6,0,completed,3,2,0,complexity_time,0,0,0.00010570196900516748,3.687001299113035e-05
0,evaluation_13,3,1,0,1,2,0,greedy,2,3,1,0.6,0,completed,3,2,0,complexity_time,0,0,0.00014083832502365112,6.907107308506966e-05
0,evaluation_13,3,1,0,1,2,0,search,2,3,1,0.6,0,completed,3,2,0,complexity_time,0,0,0.00012589513789862394,4.3391017243266106e-05
0,evaluation_13,0,0,1,2,4,8,no_review,2,0,1,0.0,4,completed,2,0,0,complexity_time,4,1,0.0002093341900035739,5.5123004131019115e-05
0,evaluation_13,2,0,1,0,1,8,fcfs,2,4,2,0.8,4,completed,2,2,0,complexity_time,4,1,7.326388731598854e-05,3.965897485613823e-05
0,evaluation_13,2,0,1,0,1,8,edf,2,4,2,0.8,4,completed,2,2,0,complexity_time,4,1,8.532998617738485e-05,4.48739156126976e-05
0,evaluation_13,2,0,1,0,1,8,uncertainty,2,4,2,0.8,4,completed,2,2,0,complexity_time,4,1,7.904507219791412e-05,3.991101402789354e-05
0,evaluation_13,2,0,1,0,1,8,greedy,2,4,2,0.8,4,completed,2,2,0,complexity_time,4,1,7.794704288244247e-05,3.8214027881622314e-05
0,evaluation_13,2,0,1,0,1,8,search,2,4,2,0.8,4,completed,2,2,0,complexity_time,4,1,9.28238732740283e-05,4.7165900468826294e-05
0,evaluation_13,0,0,1,1,3,8,no_review,2,0,2,0.0,4,completed,2,0,0,complexity_time,4,1,0.00016852188855409622,3.7112971767783165e-05
0,evaluation_14,2,1,1,0,2,12,edf,0,4,2,0.8,4,completed,2,2,0,reference,8,1,0.0001094108447432518,4.312500823289156e-05
0,evaluation_14,2,2,0,0,2,0,uncertainty,0,4,2,0.8,0,completed,3,1,0,reference,0,0,0.00011336198076605797,4.8517948016524315e-05
0,evaluation_14,2,2,0,0,2,0,greedy,0,4,2,0.8,0,completed,3,1,0,reference,0,0,0.00011960393749177456,5.0870003178715706e-05
0,evaluation_14,2,2,0,0,2,0,search,0,4,2,0.8,0,completed,3,1,0,reference,0,0,0.00012716709170490503,5.416106432676315e-05
0,evaluation_14,0,0,2,1,4,28,no_review,0,0,2,0.0,8,completed,1,0,0,reference,20,2,0.00016249518375843763,4.884297959506512e-05
0,evaluation_14,2,1,1,0,2,12,fcfs,0,4,2,0.8,4,completed,2,2,0,reference,8,1,9.267393033951521e-05,3.461900632828474e-05
0,evaluation_14,3,2,0,1,2,0,edf,0,3,1,0.6,0,completed,3,2,0,reference,0,0,0.00011538295075297356,3.97759722545743e-05
0,evaluation_14,3,2,0,1,2,0,uncertainty,0,3,1,0.6,0,completed,3,2,0,reference,0,0,0.00011615909170359373,4.34869434684515e-05
0,evaluation_14,3,2,0,1,2,0,greedy,0,3,1,0.6,0,completed,3,2,0,reference,0,0,0.00010794412810355425,3.531703259795904e-05
0,evaluation_14,3,2,0,1,2,0,search,0,3,1,0.6,0,completed,3,2,0,reference,0,0,0.00010742712765932083,4.0902988985180855e-05
0,evaluation_14,0,0,2,3,5,28,no_review,0,0,1,0.0,8,completed,1,0,0,reference,20,2,0.00016025721561163664,4.7083012759685516e-05
0,evaluation_14,3,2,0,1,2,0,fcfs,0,3,1,0.6,0,completed,3,2,0,reference,0,0,8.321006316691637e-05,3.0506053008139133e-05
1,evaluation_14,2,0,1,0,2,16,edf,0,4,2,0.8,8,completed,1,2,0,approve_block,8,1,0.00013443094212561846,5.024799611419439e-05
2,evaluation_14,2,0,0,0,2,8,uncertainty,0,4,2,0.8,8,completed,1,1,0,approve_block,0,0,0.00010332802776247263,4.85200434923172e-05
2,evaluation_14,2,0,0,0,2,8,greedy,0,4,2,0.8,8,completed,1,1,0,approve_block,0,0,0.00013094698078930378,6.20339997112751e-05
2,evaluation_14,2,0,0,0,2,8,search,0,4,2,0.8,8,completed,1,1,0,approve_block,0,0,0.00015913904644548893,6.055505946278572e-05
0,evaluation_14,0,0,2,1,4,28,no_review,0,0,2,0.0,8,completed,1,0,0,approve_block,20,2,0.00015236716717481613,4.235899541527033e-05
1,evaluation_14,2,0,1,0,2,16,fcfs,0,4,2,0.8,8,completed,1,2,0,approve_block,8,1,0.00012948992662131786,5.4239993914961815e-05
2,evaluation_14,3,0,0,1,2,8,edf,0,3,1,0.6,8,completed,1,2,0,approve_block,0,0,0.00011427991557866335,4.201591946184635e-05
2,evaluation_14,3,0,0,1,2,8,uncertainty,0,3,1,0.6,8,completed,1,2,0,approve_block,0,0,0.00011110282503068447,3.8673984818160534e-05
2,evaluation_14,3,0,0,1,2,8,greedy,0,3,1,0.6,8,completed,1,2,0,approve_block,0,0,0.0001321581657975912,5.788204725831747e-05
2,evaluation_14,3,0,0,1,2,8,search,0,3,1,0.6,8,completed,1,2,0,approve_block,0,0,0.00015276286285370588,6.514391861855984e-05
0,evaluation_14,0,0,2,3,5,28,no_review,0,0,1,0.0,8,completed,1,0,0,approve_block,20,2,0.00015046296175569296,3.997795283794403e-05
2,evaluation_14,3,0,0,1,2,8,fcfs,0,3,1,0.6,8,completed,1,2,0,approve_block,0,0,0.00010031298734247684,3.1403033062815666e-05
0,evaluation_14,2,1,1,0,2,12,edf,0,4,2,0.8,4,completed,2,2,0,complexity_time,8,1,0.00010006001684814692,3.56349628418684e-05
0,evaluation_14,2,2,0,0,2,0,uncertainty,0,4,2,0.8,0,completed,3,1,0,complexity_time,0,0,0.00010783912148326635,4.5138061977922916e-05
0,evaluation_14,2,2,0,0,2,0,greedy,0,4,2,0.8,0,completed,3,1,0,complexity_time,0,0,0.00010507786646485329,3.877398557960987e-05
0,evaluation_14,2,2,0,0,2,0,search,0,4,2,0.8,0,completed,3,1,0,complexity_time,0,0,0.0001316529233008623,5.737098399549723e-05
0,evaluation_14,0,0,2,1,4,28,no_review,0,0,2,0.0,8,completed,1,0,0,complexity_time,20,2,0.00020187709014862776,5.940999835729599e-05
0,evaluation_14,2,1,1,0,2,12,fcfs,0,4,2,0.8,4,completed,2,2,0,complexity_time,8,1,0.00012578500900417566,6.02230429649353e-05
0,evaluation_14,3,2,0,1,2,0,edf,0,3,1,0.6,0,completed,3,2,0,complexity_time,0,0,9.916187264025211e-05,3.3698976039886475e-05
0,evaluation_14,3,2,0,1,2,0,uncertainty,0,3,1,0.6,0,completed,3,2,0,complexity_time,0,0,0.00010911398567259312,3.610295243561268e-05
0,evaluation_14,3,2,0,1,2,0,greedy,0,3,1,0.6,0,completed,3,2,0,complexity_time,0,0,0.00013456714805215597,5.6819990277290344e-05
0,evaluation_14,3,2,0,1,2,0,search,0,3,1,0.6,0,completed,3,2,0,complexity_time,0,0,0.00016203708946704865,6.726197898387909e-05
0,evaluation_14,0,0,2,3,5,28,no_review,0,0,1,0.0,8,completed,1,0,0,complexity_time,20,2,0.00015675113536417484,4.674098454415798e-05
0,evaluation_14,3,2,0,1,2,0,fcfs,0,3,1,0.6,0,completed,3,2,0,complexity_time,0,0,0.00010313407983630896,3.561493940651417e-05
0,evaluation_14,2,2,0,0,0,4,edf,1,4,2,0.8,4,completed,2,1,1,reference,0,0,4.9397116526961327e-05,2.509402111172676e-05
0,evaluation_14,2,2,0,0,0,4,uncertainty,1,4,2,0.8,4,completed,2,1,1,reference,0,0,5.7780067436397076e-05,3.2525043934583664e-05
0,evaluation_14,2,2,0,0,0,4,greedy,1,4,2,0.8,4,completed,2,1,1,reference,0,0,6.744195707142353e-05,3.616395406424999e-05
0,evaluation_14,2,2,0,0,0,4,search,1,4,2,0.8,4,completed,2,1,1,reference,0,0,6.358709651976824e-05,3.169197589159012e-05
0,evaluation_14,0,0,2,0,0,32,no_review,1,0,2,0.0,12,completed,0,0,1,reference,20,2,0.00010841607581824064,3.5575940273702145e-05
0,evaluation_14,2,2,0,0,0,4,fcfs,1,4,2,0.8,4,completed,2,1,1,reference,0,0,6.25379616394639e-05,3.8101919926702976e-05
0,evaluation_14,2,2,0,0,0,4,edf,1,2,1,0.4,4,completed,2,0,1,reference,0,0,5.1658833399415016e-05,2.4549895897507668e-05
0,evaluation_14,2,2,0,0,0,4,uncertainty,1,2,1,0.4,4,completed,2,0,1,reference,0,0,5.155010148882866e-05,2.3673055693507195e-05
0,evaluation_14,2,2,0,0,0,4,greedy,1,2,1,0.4,4,completed,2,0,1,reference,0,0,5.388702265918255e-05,2.55129998549819e-05
0,evaluation_14,2,2,0,0,0,4,search,1,2,1,0.4,4,completed,2,0,1,reference,0,0,6.0202088207006454e-05,2.750393468886614e-05
0,evaluation_14,0,0,2,1,1,32,no_review,1,0,1,0.0,12,completed,0,0,1,reference,20,2,0.00010006793309003115,3.0403025448322296e-05
0,evaluation_14,2,2,0,0,0,4,fcfs,1,2,1,0.4,4,completed,2,0,1,reference,0,0,4.401418846100569e-05,2.01760558411479e-05
2,evaluation_14,2,0,0,0,0,12,edf,1,4,2,0.8,12,completed,0,1,1,approve_block,0,0,6.319698877632618e-05,3.324996214359999e-05
2,evaluation_14,2,0,0,0,0,12,uncertainty,1,4,2,0.8,12,completed,0,1,1,approve_block,0,0,6.886618211865425e-05,4.310708027333021e-05
2,evaluation_14,2,0,0,0,0,12,greedy,1,4,2,0.8,12,completed,0,1,1,approve_block,0,0,6.819877307862043e-05,4.160800017416477e-05
2,evaluation_14,2,0,0,0,0,12,search,1,4,2,0.8,12,completed,0,1,1,approve_block,0,0,9.221083018928766e-05,6.0775899328291416e-05
0,evaluation_14,0,0,2,0,0,32,no_review,1,0,2,0.0,12,completed,0,0,1,approve_block,20,2,0.00010303396265953779,3.1054019927978516e-05
2,evaluation_14,2,0,0,0,0,12,fcfs,1,4,2,0.8,12,completed,0,1,1,approve_block,0,0,9.096600115299225e-05,5.75770391151309e-05
2,evaluation_14,2,0,0,0,0,12,edf,1,2,1,0.4,12,completed,0,0,1,approve_block,0,0,4.198704846203327e-05,2.1415995433926582e-05
2,evaluation_14,2,0,0,0,0,12,uncertainty,1,2,1,0.4,12,completed,0,0,1,approve_block,0,0,5.8238860219717026e-05,2.8925016522407532e-05
2,evaluation_14,2,0,0,0,0,12,greedy,1,2,1,0.4,12,completed,0,0,1,approve_block,0,0,7.163395639508963e-05,3.458594437688589e-05
2,evaluation_14,2,0,0,0,0,12,search,1,2,1,0.4,12,completed,0,0,1,approve_block,0,0,6.028288044035435e-05,2.7668895199894905e-05
0,evaluation_14,0,0,2,1,1,32,no_review,1,0,1,0.0,12,completed,0,0,1,approve_block,20,2,0.00010875496082007885,3.603601362556219e-05
2,evaluation_14,2,0,0,0,0,12,fcfs,1,2,1,0.4,12,completed,0,0,1,approve_block,0,0,4.427204839885235e-05,1.9847066141664982e-05
0,evaluation_14,2,2,0,0,0,4,edf,1,4,2,0.8,4,completed,2,1,1,complexity_time,0,0,6.912904791533947e-05,3.99579294025898e-05
0,evaluation_14,2,2,0,0,0,4,uncertainty,1,4,2,0.8,4,completed,2,1,1,complexity_time,0,0,6.704975385218859e-05,4.075688775628805e-05
0,evaluation_14,2,2,0,0,0,4,greedy,1,4,2,0.8,4,completed,2,1,1,complexity_time,0,0,5.554815288633108e-05,2.9221060685813427e-05
0,evaluation_14,2,2,0,0,0,4,search,1,4,2,0.8,4,completed,2,1,1,complexity_time,0,0,0.00010098784696310759,5.2713905461132526e-05
0,evaluation_14,0,0,2,0,0,32,no_review,1,0,2,0.0,12,completed,0,0,1,complexity_time,20,2,9.05180349946022e-05,2.2499938495457172e-05
0,evaluation_14,2,2,0,0,0,4,fcfs,1,4,2,0.8,4,completed,2,1,1,complexity_time,0,0,5.469901952892542e-05,3.132002893835306e-05
0,evaluation_14,2,2,0,0,0,4,edf,1,2,1,0.4,4,completed,2,0,1,complexity_time,0,0,5.3307157941162586e-05,2.4885055609047413e-05
0,evaluation_14,2,2,0,0,0,4,uncertainty,1,2,1,0.4,4,completed,2,0,1,complexity_time,0,0,4.3989275582134724e-05,2.12440500035882e-05
0,evaluation_14,2,2,0,0,0,4,greedy,1,2,1,0.4,4,completed,2,0,1,complexity_time,0,0,5.394802428781986e-05,2.467399463057518e-05
0,evaluation_14,2,2,0,0,0,4,search,1,2,1,0.4,4,completed,2,0,1,complexity_time,0,0,5.830405279994011e-05,2.8893002308905125e-05
0,evaluation_14,0,0,2,1,1,32,no_review,1,0,1,0.0,12,completed,0,0,1,complexity_time,20,2,8.983409497886896e-05,2.2872001864016056e-05
0,evaluation_14,2,2,0,0,0,4,fcfs,1,2,1,0.4,4,completed,2,0,1,complexity_time,0,0,4.7053094021975994e-05,2.1091080270707607e-05
0,evaluation_14,2,2,0,0,0,4,edf,2,4,2,0.8,4,completed,2,1,1,reference,0,0,7.484701927751303e-05,4.4508022256195545e-05
0,evaluation_14,2,2,0,0,0,4,uncertainty,2,4,2,0.8,4,completed,2,1,1,reference,0,0,4.6397093683481216e-05,2.1831016056239605e-05
0,evaluation_14,2,2,0,0,0,4,greedy,2,4,2,0.8,4,completed,2,1,1,reference,0,0,7.638696115463972e-05,3.528897650539875e-05
0,evaluation_14,2,2,0,0,0,4,search,2,4,2,0.8,4,completed,2,1,1,reference,0,0,7.188715972006321e-05,3.994000144302845e-05
0,evaluation_14,0,0,2,0,0,32,no_review,2,0,2,0.0,12,completed,0,0,1,reference,20,2,0.00012185692321509123,4.574703052639961e-05
0,evaluation_14,2,2,0,0,0,4,fcfs,2,4,2,0.8,4,completed,2,1,1,reference,0,0,5.782593507319689e-05,3.260199446231127e-05
0,evaluation_14,2,2,0,0,0,4,edf,2,2,1,0.4,4,completed,2,0,1,reference,0,0,4.328787326812744e-05,2.114300150424242e-05
0,evaluation_14,2,2,0,0,0,4,uncertainty,2,2,1,0.4,4,completed,2,0,1,reference,0,0,5.288282409310341e-05,2.338795457035303e-05
0,evaluation_14,2,2,0,0,0,4,greedy,2,2,1,0.4,4,completed,2,0,1,reference,0,0,5.093298386782408e-05,2.4840934202075005e-05
0,evaluation_14,2,2,0,0,0,4,search,2,2,1,0.4,4,completed,2,0,1,reference,0,0,5.7665049098432064e-05,2.6067020371556282e-05
0,evaluation_14,0,0,2,1,1,32,no_review,2,0,1,0.0,12,completed,0,0,1,reference,20,2,0.00010286492761224508,3.1278934329748154e-05
0,evaluation_14,2,2,0,0,0,4,fcfs,2,2,1,0.4,4,completed,2,0,1,reference,0,0,4.600093234330416e-05,2.0403997041285038e-05
2,evaluation_14,2,0,0,0,0,12,edf,2,4,2,0.8,12,completed,0,1,1,approve_block,0,0,4.7347042709589005e-05,2.3226020857691765e-05
2,evaluation_14,2,0,0,0,0,12,uncertainty,2,4,2,0.8,12,completed,0,1,1,approve_block,0,0,6.733590271323919e-05,3.709201700985432e-05
2,evaluation_14,2,0,0,0,0,12,greedy,2,4,2,0.8,12,completed,0,1,1,approve_block,0,0,6.44470565021038e-05,3.677105996757746e-05
2,evaluation_14,2,0,0,0,0,12,search,2,4,2,0.8,12,completed,0,1,1,approve_block,0,0,6.910006050020456e-05,3.85199673473835e-05
0,evaluation_14,0,0,2,0,0,32,no_review,2,0,2,0.0,12,completed,0,0,1,approve_block,20,2,9.166600648313761e-05,2.3141037672758102e-05
2,evaluation_14,2,0,0,0,0,12,fcfs,2,4,2,0.8,12,completed,0,1,1,approve_block,0,0,5.653116386383772e-05,3.209896385669708e-05
2,evaluation_14,2,0,0,0,0,12,edf,2,2,1,0.4,12,completed,0,0,1,approve_block,0,0,5.242007318884134e-05,2.618099097162485e-05
2,evaluation_14,2,0,0,0,0,12,uncertainty,2,2,1,0.4,12,completed,0,0,1,approve_block,0,0,4.827289376407862e-05,2.2222986444830894e-05
2,evaluation_14,2,0,0,0,0,12,greedy,2,2,1,0.4,12,completed,0,0,1,approve_block,0,0,4.029588308185339e-05,1.8423073925077915e-05
2,evaluation_14,2,0,0,0,0,12,search,2,2,1,0.4,12,completed,0,0,1,approve_block,0,0,6.257416680455208e-05,2.8648064471781254e-05
0,evaluation_14,0,0,2,1,1,32,no_review,2,0,1,0.0,12,completed,0,0,1,approve_block,20,2,0.00010422698687762022,3.4110969863832e-05
2,evaluation_14,2,0,0,0,0,12,fcfs,2,2,1,0.4,12,completed,0,0,1,approve_block,0,0,4.3711974285542965e-05,2.0480016246438026e-05
0,evaluation_14,2,2,0,0,0,4,edf,2,4,2,0.8,4,completed,2,1,1,complexity_time,0,0,5.4968055337667465e-05,2.939300611615181e-05
0,evaluation_14,2,2,0,0,0,4,uncertainty,2,4,2,0.8,4,completed,2,1,1,complexity_time,0,0,6.27022236585617e-05,3.437604755163193e-05
0,evaluation_14,2,2,0,0,0,4,greedy,2,4,2,0.8,4,completed,2,1,1,complexity_time,0,0,5.97190810367465e-05,3.2032025046646595e-05
0,evaluation_14,2,2,0,0,0,4,search,2,4,2,0.8,4,completed,2,1,1,complexity_time,0,0,7.629988249391317e-05,4.4996035285294056e-05
0,evaluation_14,0,0,2,0,0,32,no_review,2,0,2,0.0,12,completed,0,0,1,complexity_time,20,2,0.00010964099783450365,3.919098526239395e-05
0,evaluation_14,2,2,0,0,0,4,fcfs,2,4,2,0.8,4,completed,2,1,1,complexity_time,0,0,5.991291254758835e-05,3.4741940908133984e-05
0,evaluation_14,2,2,0,0,0,4,edf,2,2,1,0.4,4,completed,2,0,1,complexity_time,0,0,5.006592255085707e-05,2.256198786199093e-05
0,evaluation_14,2,2,0,0,0,4,uncertainty,2,2,1,0.4,4,completed,2,0,1,complexity_time,0,0,4.86808130517602e-05,2.4023931473493576e-05
0,evaluation_14,2,2,0,0,0,4,greedy,2,2,1,0.4,4,completed,2,0,1,complexity_time,0,0,4.9649039283394814e-05,2.5714049115777016e-05
0,evaluation_14,2,2,0,0,0,4,search,2,2,1,0.4,4,completed,2,0,1,complexity_time,0,0,4.8728310503065586e-05,2.5348039343953133e-05
0,evaluation_14,0,0,2,1,1,32,no_review,2,0,1,0.0,12,completed,0,0,1,complexity_time,20,2,0.00010334479156881571,3.1817005947232246e-05
0,evaluation_14,2,2,0,0,0,4,fcfs,2,2,1,0.4,4,completed,2,0,1,complexity_time,0,0,4.486017860472202e-05,2.037396188825369e-05
0,evaluation_15,3,1,0,1,2,0,uncertainty,0,3,1,0.5,0,completed,3,2,0,reference,0,0,0.0001143510453402996,3.97759722545743e-05
0,evaluation_15,3,1,0,1,2,0,greedy,0,3,1,0.5,0,completed,3,2,0,reference,0,0,0.00010828417725861073,3.653508611023426e-05
0,evaluation_15,3,1,0,1,2,0,search,0,3,1,0.5,0,completed,3,2,0,reference,0,0,0.00014917098451405764,5.216000135987997e-05
0,evaluation_15,0,0,1,2,4,8,no_review,0,0,1,0.0,4,completed,2,0,0,reference,4,1,0.00017572706565260887,4.369101952761412e-05
0,evaluation_15,3,1,0,1,2,0,fcfs,0,3,1,0.5,0,completed,3,2,0,reference,0,0,0.00010313501115888357,3.410701174288988e-05
0,evaluation_15,3,1,0,1,2,0,edf,0,3,1,0.5,0,completed,3,2,0,reference,0,0,8.9236069470644e-05,3.36869852617383e-05
0,evaluation_15,2,1,0,1,2,0,uncertainty,0,4,2,0.6666666666666666,0,completed,3,1,0,reference,0,0,8.882198017090559e-05,4.795799031853676e-05
0,evaluation_15,2,1,0,1,2,0,greedy,0,4,2,0.6666666666666666,0,completed,3,1,0,reference,0,0,7.63890566304326e-05,3.883405588567257e-05
0,evaluation_15,3,1,0,1,2,0,search,0,6,2,1.0,0,completed,3,5,0,reference,0,0,0.000149425002746284,6.151199340820312e-05
0,evaluation_15,0,0,1,2,3,8,no_review,0,0,2,0.0,4,completed,2,0,0,reference,4,1,0.000189337064512074,4.944892134517431e-05
0,evaluation_15,3,1,0,1,2,0,fcfs,0,6,2,1.0,0,completed,3,5,0,reference,0,0,0.00013713003136217594,6.156403105705976e-05
0,evaluation_15,3,1,0,1,2,0,edf,0,6,2,1.0,0,completed,3,5,0,reference,0,0,0.00011641194578260183,4.974298644810915e-05
1,evaluation_15,3,0,0,1,2,4,uncertainty,0,3,1,0.5,4,completed,2,2,0,approve_block,0,0,0.0001167139271274209,3.977201413363218e-05
1,evaluation_15,3,0,0,1,2,4,greedy,0,3,1,0.5,4,completed,2,2,0,approve_block,0,0,0.000110041000880301,3.6224955692887306e-05
1,evaluation_15,3,0,0,1,2,4,search,0,3,1,0.5,4,completed,2,2,0,approve_block,0,0,0.00012894300743937492,4.601804539561272e-05
0,evaluation_15,0,0,1,2,4,8,no_review,0,0,1,0.0,4,completed,2,0,0,approve_block,4,1,0.0001728668576106429,3.8482947275042534e-05
1,evaluation_15,3,0,0,1,2,4,fcfs,0,3,1,0.5,4,completed,2,2,0,approve_block,0,0,9.268021676689386e-05,3.1760078854858875e-05
1,evaluation_15,3,0,0,1,2,4,edf,0,3,1,0.5,4,completed,2,2,0,approve_block,0,0,0.0001035371096804738,3.530806861817837e-05
1,evaluation_15,2,0,0,1,2,4,uncertainty,0,4,2,0.6666666666666666,4,completed,2,1,0,approve_block,0,0,8.348911069333553e-05,4.3606036342680454e-05
1,evaluation_15,2,0,0,1,2,4,greedy,0,4,2,0.6666666666666666,4,completed,2,1,0,approve_block,0,0,9.246997069567442e-05,5.2326940931379795e-05
1,evaluation_15,3,0,0,1,2,4,search,0,6,2,1.0,4,completed,2,5,0,approve_block,0,0,0.00013160810340195894,4.9069058150053024e-05
0,evaluation_15,0,0,1,2,3,8,no_review,0,0,2,0.0,4,completed,2,0,0,approve_block,4,1,0.00017890578601509333,3.95909883081913e-05
1,evaluation_15,3,0,0,1,2,4,fcfs,0,6,2,1.0,4,completed,2,5,0,approve_block,0,0,0.0001167450100183487,4.914903547614813e-05
1,evaluation_15,3,0,0,1,2,4,edf,0,6,2,1.0,4,completed,2,5,0,approve_block,0,0,0.00011428806465119123,4.919909406453371e-05
0,evaluation_15,3,1,0,1,2,0,uncertainty,0,3,1,0.5,0,completed,3,2,0,complexity_time,0,0,0.0001042260555550456,3.441097214818001e-05
0,evaluation_15,3,1,0,1,2,0,greedy,0,3,1,0.5,0,completed,3,2,0,complexity_time,0,0,0.00010785192716866732,3.410899080336094e-05
0,evaluation_15,3,1,0,1,2,0,search,0,3,1,0.5,0,completed,3,2,0,complexity_time,0,0,0.00011827098205685616,4.4444925151765347e-05
0,evaluation_15,0,0,1,2,4,8,no_review,0,0,1,0.0,4,completed,2,0,0,complexity_time,4,1,0.0001783199841156602,4.3113017454743385e-05
0,evaluation_15,3,1,0,1,2,0,fcfs,0,3,1,0.5,0,completed,3,2,0,complexity_time,0,0,9.899120777845383e-05,3.240408841520548e-05
0,evaluation_15,3,1,0,1,2,0,edf,0,3,1,0.5,0,completed,3,2,0,complexity_time,0,0,0.00013182300608605146,4.864006768912077e-05
0,evaluation_15,2,1,0,1,2,0,uncertainty,0,4,2,0.6666666666666666,0,completed,3,1,0,complexity_time,0,0,8.223892655223608e-05,4.3967971578240395e-05
0,evaluation_15,2,1,0,1,2,0,greedy,0,4,2,0.6666666666666666,0,completed,3,1,0,complexity_time,0,0,8.746283128857613e-05,4.8425979912281036e-05
0,evaluation_15,3,1,0,1,2,0,search,0,6,2,1.0,0,completed,3,5,0,complexity_time,0,0,0.000147244893014431,6.499991286545992e-05
0,evaluation_15,0,0,1,2,3,8,no_review,0,0,2,0.0,4,completed,2,0,0,complexity_time,4,1,0.0001966829877346754,5.065405275672674e-05
0,evaluation_15,3,1,0,1,2,0,fcfs,0,6,2,1.0,0,completed,3,5,0,complexity_time,0,0,0.00010531186126172543,4.421093035489321e-05
0,evaluation_15,3,1,0,1,2,0,edf,0,6,2,1.0,0,completed,3,5,0,complexity_time,0,0,0.0001232160720974207,4.2343977838754654e-05
0,evaluation_15,2,0,0,0,1,4,uncertainty,1,2,1,0.3333333333333333,4,completed,2,1,1,reference,0,0,7.467076648026705e-05,3.680400550365448e-05
0,evaluation_15,2,0,0,0,1,4,greedy,1,2,1,0.3333333333333333,4,completed,2,1,1,reference,0,0,6.008415948599577e-05,3.2621086575090885e-05
0,evaluation_15,2,0,0,0,1,4,search,1,2,1,0.3333333333333333,4,completed,2,1,1,reference,0,0,9.464111644774675e-05,4.3652020394802094e-05
0,evaluation_15,0,0,0,0,2,4,no_review,1,0,1,0.0,4,completed,2,0,1,reference,0,0,0.00010697497054934502,3.1454022973775864e-05
0,evaluation_15,2,0,0,0,1,4,fcfs,1,2,1,0.3333333333333333,4,completed,2,1,1,reference,0,0,8.175789844244719e-05,4.603690467774868e-05
0,evaluation_15,2,0,0,0,1,4,edf,1,2,1,0.3333333333333333,4,completed,2,1,1,reference,0,0,7.6700234785676e-05,3.54499788954854e-05
0,evaluation_15,2,0,0,0,1,4,uncertainty,1,4,2,0.6666666666666666,4,completed,2,2,1,reference,0,0,7.463409565389156e-05,3.362505231052637e-05
0,evaluation_15,2,0,0,0,1,4,greedy,1,4,2,0.6666666666666666,4,completed,2,2,1,reference,0,0,0.00013198400847613811,7.099995855242014e-05
0,evaluation_15,2,0,0,0,1,4,search,1,4,2,0.6666666666666666,4,completed,2,2,1,reference,0,0,9.501900058239698e-05,4.664796870201826e-05
0,evaluation_15,0,0,0,0,1,4,no_review,1,0,2,0.0,4,completed,2,0,1,reference,0,0,9.546498768031597e-05,2.962700091302395e-05
0,evaluation_15,2,0,0,0,1,4,fcfs,1,4,2,0.6666666666666666,4,completed,2,2,1,reference,0,0,6.234587635844946e-05,3.354903310537338e-05
0,evaluation_15,2,0,0,0,1,4,edf,1,4,2,0.6666666666666666,4,completed,2,2,1,reference,0,0,8.326605893671513e-05,4.0448037907481194e-05
0,evaluation_15,2,0,0,0,1,4,uncertainty,1,2,1,0.3333333333333333,4,completed,2,1,1,approve_block,0,0,6.440491415560246e-05,3.4454045817255974e-05
0,evaluation_15,2,0,0,0,1,4,greedy,1,2,1,0.3333333333333333,4,completed,2,1,1,approve_block,0,0,0.00010071287397295237,5.448400042951107e-05
0,evaluation_15,2,0,0,0,1,4,search,1,2,1,0.3333333333333333,4,completed,2,1,1,approve_block,0,0,8.895713835954666e-05,4.294200334697962e-05
0,evaluation_15,0,0,0,0,2,4,no_review,1,0,1,0.0,4,completed,2,0,1,approve_block,0,0,9.999796748161316e-05,3.143795765936375e-05
0,evaluation_15,2,0,0,0,1,4,fcfs,1,2,1,0.3333333333333333,4,completed,2,1,1,approve_block,0,0,6.978109013289213e-05,3.272294998168945e-05
0,evaluation_15,2,0,0,0,1,4,edf,1,2,1,0.3333333333333333,4,completed,2,1,1,approve_block,0,0,7.360498420894146e-05,3.378302790224552e-05
0,evaluation_15,2,0,0,0,1,4,uncertainty,1,4,2,0.6666666666666666,4,completed,2,2,1,approve_block,0,0,7.987790741026402e-05,4.028307739645243e-05
0,evaluation_15,2,0,0,0,1,4,greedy,1,4,2,0.6666666666666666,4,completed,2,2,1,approve_block,0,0,7.712992373853922e-05,3.697001375257969e-05
0,evaluation_15,2,0,0,0,1,4,search,1,4,2,0.6666666666666666,4,completed,2,2,1,approve_block,0,0,8.949404582381248e-05,4.239799454808235e-05
0,evaluation_15,0,0,0,0,1,4,no_review,1,0,2,0.0,4,completed,2,0,1,approve_block,0,0,8.841697126626968e-05,2.9379036277532578e-05
0,evaluation_15,2,0,0,0,1,4,fcfs,1,4,2,0.6666666666666666,4,completed,2,2,1,approve_block,0,0,8.948903996497393e-05,5.21800247952342e-05
0,evaluation_15,2,0,0,0,1,4,edf,1,4,2,0.6666666666666666,4,completed,2,2,1,approve_block,0,0,8.270388934761286e-05,4.402501508593559e-05
0,evaluation_15,2,0,0,0,1,4,uncertainty,1,2,1,0.3333333333333333,4,completed,2,1,1,complexity_time,0,0,7.084093522280455e-05,3.403995651751757e-05
0,evaluation_15,2,0,0,0,1,4,greedy,1,2,1,0.3333333333333333,4,completed,2,1,1,complexity_time,0,0,7.225596345961094e-05,3.338593523949385e-05
0,evaluation_15,2,0,0,0,1,4,search,1,2,1,0.3333333333333333,4,completed,2,1,1,complexity_time,0,0,8.728797547519207e-05,4.282000008970499e-05
0,evaluation_15,0,0,0,0,2,4,no_review,1,0,1,0.0,4,completed,2,0,1,complexity_time,0,0,0.00012308184523135424,4.497996997088194e-05
0,evaluation_15,2,0,0,0,1,4,fcfs,1,2,1,0.3333333333333333,4,completed,2,1,1,complexity_time,0,0,7.19260424375534e-05,3.313703928142786e-05
0,evaluation_15,2,0,0,0,1,4,edf,1,2,1,0.3333333333333333,4,completed,2,1,1,complexity_time,0,0,6.860413122922182e-05,3.716105129569769e-05
0,evaluation_15,2,0,0,0,1,4,uncertainty,1,4,2,0.6666666666666666,4,completed,2,2,1,complexity_time,0,0,7.955403998494148e-05,4.1602994315326214e-05
0,evaluation_15,2,0,0,0,1,4,greedy,1,4,2,0.6666666666666666,4,completed,2,2,1,complexity_time,0,0,7.763993926346302e-05,3.738899249583483e-05
0,evaluation_15,2,0,0,0,1,4,search,1,4,2,0.6666666666666666,4,completed,2,2,1,complexity_time,0,0,7.032405119389296e-05,4.124501720070839e-05
0,evaluation_15,0,0,0,0,1,4,no_review,1,0,2,0.0,4,completed,2,0,1,complexity_time,0,0,0.00010420707985758781,3.4213997423648834e-05
0,evaluation_15,2,0,0,0,1,4,fcfs,1,4,2,0.6666666666666666,4,completed,2,2,1,complexity_time,0,0,5.595304537564516e-05,2.943701110780239e-05
0,evaluation_15,2,0,0,0,1,4,edf,1,4,2,0.6666666666666666,4,completed,2,2,1,complexity_time,0,0,7.930316496640444e-05,4.066305700689554e-05
0,evaluation_15,3,1,0,1,2,0,uncertainty,2,3,1,0.5,0,completed,3,2,0,reference,0,0,0.00011009001173079014,3.743893466889858e-05
0,evaluation_15,3,1,0,1,2,0,greedy,2,3,1,0.5,0,completed,3,2,0,reference,0,0,0.00012208172120153904,4.572898615151644e-05
0,evaluation_15,3,1,0,1,2,0,search,2,3,1,0.5,0,completed,3,2,0,reference,0,0,0.00017264008056372404,7.130403537303209e-05
0,evaluation_15,0,0,1,2,4,8,no_review,2,0,1,0.0,4,completed,2,0,0,reference,4,1,0.0001712879166007042,3.6205979995429516e-05
0,evaluation_15,3,1,0,1,2,0,fcfs,2,3,1,0.5,0,completed,3,2,0,reference,0,0,0.00011215801350772381,4.0811020880937576e-05
0,evaluation_15,3,1,0,1,2,0,edf,2,3,1,0.5,0,completed,3,2,0,reference,0,0,0.00010787718929350376,3.6519020795822144e-05
0,evaluation_15,2,1,0,1,2,0,uncertainty,2,4,2,0.6666666666666666,0,completed,3,1,0,reference,0,0,8.299900218844414e-05,4.423398058861494e-05
0,evaluation_15,2,1,0,1,2,0,greedy,2,4,2,0.6666666666666666,0,completed,3,1,0,reference,0,0,9.413296356797218e-05,5.5882963351905346e-05
0,evaluation_15,3,1,0,1,2,0,search,2,6,2,1.0,0,completed,3,5,0,reference,0,0,0.00012675090692937374,4.3779960833489895e-05
0,evaluation_15,0,0,1,2,3,8,no_review,2,0,2,0.0,4,completed,2,0,0,reference,4,1,0.00017418095376342535,3.971101250499487e-05
0,evaluation_15,3,1,0,1,2,0,fcfs,2,6,2,1.0,0,completed,3,5,0,reference,0,0,0.00010949803981930017,4.692899528890848e-05
0,evaluation_15,3,1,0,1,2,0,edf,2,6,2,1.0,0,completed,3,5,0,reference,0,0,0.0001285128528252244,5.771499127149582e-05
1,evaluation_15,3,0,0,1,2,4,uncertainty,2,3,1,0.5,4,completed,2,2,0,approve_block,0,0,0.00010107201524078846,3.4804921597242355e-05
1,evaluation_15,3,0,0,1,2,4,greedy,2,3,1,0.5,4,completed,2,2,0,approve_block,0,0,0.00012437393888831139,4.123593680560589e-05
1,evaluation_15,3,0,0,1,2,4,search,2,3,1,0.5,4,completed,2,2,0,approve_block,0,0,0.0001231209607794881,4.4665997847914696e-05
0,evaluation_15,0,0,1,2,4,8,no_review,2,0,1,0.0,4,completed,2,0,0,approve_block,4,1,0.0001886490499600768,4.4621992856264114e-05
1,evaluation_15,3,0,0,1,2,4,fcfs,2,3,1,0.5,4,completed,2,2,0,approve_block,0,0,8.693907875567675e-05,2.984993625432253e-05
1,evaluation_15,3,0,0,1,2,4,edf,2,3,1,0.5,4,completed,2,2,0,approve_block,0,0,9.366904851049185e-05,3.255903720855713e-05
1,evaluation_15,2,0,0,1,2,4,uncertainty,2,4,2,0.6666666666666666,4,completed,2,1,0,approve_block,0,0,0.00010457576718181372,5.266594234853983e-05
1,evaluation_15,2,0,0,1,2,4,greedy,2,4,2,0.6666666666666666,4,completed,2,1,0,approve_block,0,0,9.121792390942574e-05,5.094090010970831e-05
1,evaluation_15,3,0,0,1,2,4,search,2,6,2,1.0,4,completed,2,5,0,approve_block,0,0,0.00015274109318852425,5.697202868759632e-05
0,evaluation_15,0,0,1,2,3,8,no_review,2,0,2,0.0,4,completed,2,0,0,approve_block,4,1,0.00017445895355194807,4.652608186006546e-05
1,evaluation_15,3,0,0,1,2,4,fcfs,2,6,2,1.0,4,completed,2,5,0,approve_block,0,0,0.00011828087735921144,5.2473973482847214e-05
1,evaluation_15,3,0,0,1,2,4,edf,2,6,2,1.0,4,completed,2,5,0,approve_block,0,0,0.00010684400331228971,4.85200434923172e-05
0,evaluation_15,3,1,0,1,2,0,uncertainty,2,3,1,0.5,0,completed,3,2,0,complexity_time,0,0,0.00010400894097983837,3.472797106951475e-05
0,evaluation_15,3,1,0,1,2,0,greedy,2,3,1,0.5,0,completed,3,2,0,complexity_time,0,0,0.0001348642399534583,5.916703958064318e-05
0,evaluation_15,3,1,0,1,2,0,search,2,3,1,0.5,0,completed,3,2,0,complexity_time,0,0,0.00012655521277338266,4.3470063246786594e-05
0,evaluation_15,0,0,1,2,4,8,no_review,2,0,1,0.0,4,completed,2,0,0,complexity_time,4,1,0.00020319304894655943,6.354798097163439e-05
0,evaluation_15,3,1,0,1,2,0,fcfs,2,3,1,0.5,0,completed,3,2,0,complexity_time,0,0,8.437212090939283e-05,3.0655995942652225e-05
0,evaluation_15,3,1,0,1,2,0,edf,2,3,1,0.5,0,completed,3,2,0,complexity_time,0,0,0.00011087115854024887,3.7699006497859955e-05
0,evaluation_15,2,1,0,1,2,0,uncertainty,2,4,2,0.6666666666666666,0,completed,3,1,0,complexity_time,0,0,7.224793080240488e-05,3.4226919524371624e-05
0,evaluation_15,2,1,0,1,2,0,greedy,2,4,2,0.6666666666666666,0,completed,3,1,0,complexity_time,0,0,8.532893843948841e-05,4.564295522868633e-05
0,evaluation_15,3,1,0,1,2,0,search,2,6,2,1.0,0,completed,3,5,0,complexity_time,0,0,0.0001244280720129609,4.3399049900472164e-05
0,evaluation_15,0,0,1,2,3,8,no_review,2,0,2,0.0,4,completed,2,0,0,complexity_time,4,1,0.00018628500401973724,4.903401713818312e-05
0,evaluation_15,3,1,0,1,2,0,fcfs,2,6,2,1.0,0,completed,3,5,0,complexity_time,0,0,0.00010737206321209669,4.43760072812438e-05
0,evaluation_15,3,1,0,1,2,0,edf,2,6,2,1.0,0,completed,3,5,0,complexity_time,0,0,0.00012651400174945593,5.012506153434515e-05
0,evaluation_16,2,1,0,1,1,0,greedy,0,4,2,0.8,0,completed,3,2,0,reference,0,0,9.124004282057285e-05,4.724704194813967e-05
0,evaluation_16,2,1,0,1,1,0,search,0,4,2,0.8,0,completed,3,2,0,reference,0,0,0.0001046180259436369,5.145103204995394e-05
0,evaluation_16,0,0,1,2,3,12,no_review,0,0,2,0.0,4,completed,2,0,0,reference,8,1,0.00017670891247689724,4.34808898717165e-05
0,evaluation_16,2,1,0,1,1,0,fcfs,0,4,2,0.8,0,completed,3,2,0,reference,0,0,8.245301432907581e-05,4.415493458509445e-05
0,evaluation_16,2,1,0,1,1,0,edf,0,4,2,0.8,0,completed,3,2,0,reference,0,0,8.711603004485369e-05,4.674901720136404e-05
0,evaluation_16,2,1,0,1,1,0,uncertainty,0,4,2,0.8,0,completed,3,2,0,reference,0,0,8.405209518969059e-05,4.5238062739372253e-05
0,evaluation_16,3,1,0,1,2,0,greedy,0,3,1,0.6,0,completed,3,2,0,reference,0,0,0.000117730931378901,3.843905869871378e-05
0,evaluation_16,3,1,0,1,2,0,search,0,3,1,0.6,0,completed,3,2,0,reference,0,0,0.00011795596219599247,4.5757973566651344e-05
0,evaluation_16,0,0,1,4,4,12,no_review,0,0,1,0.0,4,completed,2,0,0,reference,8,1,0.00018920691218227148,5.1509938202798367e-05
0,evaluation_16,3,1,0,1,2,0,fcfs,0,3,1,0.6,0,completed,3,2,0,reference,0,0,0.00010137190110981464,3.764196299016476e-05
0,evaluation_16,3,1,0,1,2,0,edf,0,3,1,0.6,0,completed,3,2,0,reference,0,0,0.00012022990267723799,4.097307100892067e-05
0,evaluation_16,3,1,0,1,2,0,uncertainty,0,3,1,0.6,0,completed,3,2,0,reference,0,0,0.00011538004036992788,3.7819030694663525e-05
1,evaluation_16,2,0,0,1,1,4,greedy,0,4,2,0.8,4,completed,2,2,0,approve_block,0,0,0.0001131140161305666,5.7443976402282715e-05
1,evaluation_16,2,0,0,1,1,4,search,0,4,2,0.8,4,completed,2,2,0,approve_block,0,0,8.422904647886753e-05,4.3655047193169594e-05
0,evaluation_16,0,0,1,2,3,12,no_review,0,0,2,0.0,4,completed,2,0,0,approve_block,8,1,0.00018752086907625198,4.786404315382242e-05
1,evaluation_16,2,0,0,1,1,4,fcfs,0,4,2,0.8,4,completed,2,2,0,approve_block,0,0,7.5165880843997e-05,3.9017992094159126e-05
1,evaluation_16,2,0,0,1,1,4,edf,0,4,2,0.8,4,completed,2,2,0,approve_block,0,0,7.596402429044247e-05,3.884593024849892e-05
1,evaluation_16,2,0,0,1,1,4,uncertainty,0,4,2,0.8,4,completed,2,2,0,approve_block,0,0,9.087601210922003e-05,5.237502045929432e-05
1,evaluation_16,3,0,0,1,2,4,greedy,0,3,1,0.6,4,completed,2,2,0,approve_block,0,0,0.00013258494436740875,5.6190998293459415e-05
1,evaluation_16,3,0,0,1,2,4,search,0,3,1,0.6,4,completed,2,2,0,approve_block,0,0,0.00014511682093143463,4.998000804334879e-05
0,evaluation_16,0,0,1,4,4,12,no_review,0,0,1,0.0,4,completed,2,0,0,approve_block,8,1,0.00019556807819753885,5.6367949582636356e-05
1,evaluation_16,3,0,0,1,2,4,fcfs,0,3,1,0.6,4,completed,2,2,0,approve_block,0,0,0.00010401394683867693,3.810401540249586e-05
1,evaluation_16,3,0,0,1,2,4,edf,0,3,1,0.6,4,completed,2,2,0,approve_block,0,0,0.00010606797877699137,3.4893047995865345e-05
1,evaluation_16,3,0,0,1,2,4,uncertainty,0,3,1,0.6,4,completed,2,2,0,approve_block,0,0,8.921499829739332e-05,3.346300218254328e-05
0,evaluation_16,1,1,0,1,1,0,greedy,0,3,2,0.6,0,completed,3,0,0,complexity_time,0,0,7.32701737433672e-05,3.439909778535366e-05
0,evaluation_16,2,1,0,1,1,0,search,0,5,2,1.0,0,completed,3,2,0,complexity_time,0,0,8.523301221430302e-05,4.3113017454743385e-05
0,evaluation_16,0,0,1,1,3,12,no_review,0,0,2,0.0,4,completed,2,0,0,complexity_time,8,1,0.00016649090684950352,4.505598917603493e-05
0,evaluation_16,2,1,0,1,1,0,fcfs,0,5,2,1.0,0,completed,3,2,0,complexity_time,0,0,8.654606062918901e-05,4.901003558188677e-05
0,evaluation_16,2,1,0,1,1,0,edf,0,5,2,1.0,0,completed,3,2,0,complexity_time,0,0,0.00011040084064006805,5.517189856618643e-05
0,evaluation_16,1,1,0,1,1,0,uncertainty,0,3,2,0.6,0,completed,3,0,0,complexity_time,0,0,9.410397615283728e-05,5.899299867451191e-05
0,evaluation_16,2,1,0,2,2,0,greedy,0,3,1,0.6,0,completed,3,2,0,complexity_time,0,0,0.0001272109802812338,8.593709208071232e-05
0,evaluation_16,3,1,0,2,2,0,search,0,4,1,0.8,0,completed,3,2,0,complexity_time,0,0,0.0001432918943464756,5.1709008403122425e-05
0,evaluation_16,0,0,1,3,4,12,no_review,0,0,1,0.0,4,completed,2,0,0,complexity_time,8,1,0.00017993699293583632,4.354503471404314e-05
0,evaluation_16,2,1,0,2,2,0,fcfs,0,3,1,0.6,0,completed,3,1,0,complexity_time,0,0,6.010697688907385e-05,2.95939389616251e-05
0,evaluation_16,3,1,0,2,2,0,edf,0,4,1,0.8,0,completed,3,2,0,complexity_time,0,0,0.00010666903108358383,4.0048034861683846e-05
0,evaluation_16,2,1,0,2,2,0,uncertainty,0,3,1,0.6,0,completed,3,2,0,complexity_time,0,0,8.555804379284382e-05,4.818697925657034e-05
0,evaluation_16,1,0,0,0,0,4,greedy,1,2,2,0.4,4,completed,2,0,1,reference,0,0,6.0791149735450745e-05,2.8414069674909115e-05
0,evaluation_16,1,0,0,0,0,4,search,1,2,2,0.4,4,completed,2,0,1,reference,0,0,5.826097913086414e-05,2.724898513406515e-05
0,evaluation_16,0,0,0,0,1,4,no_review,1,0,2,0.0,4,completed,2,0,1,reference,0,0,0.00010336586274206638,3.280292730778456e-05
0,evaluation_16,1,0,0,0,0,4,fcfs,1,2,2,0.4,4,completed,2,0,1,reference,0,0,5.685992073267698e-05,3.133597783744335e-05
0,evaluation_16,1,0,0,0,0,4,edf,1,2,2,0.4,4,completed,2,0,1,reference,0,0,6.443902384489775e-05,3.778201062232256e-05
0,evaluation_16,1,0,0,0,0,4,uncertainty,1,2,2,0.4,4,completed,2,0,1,reference,0,0,6.022094748914242e-05,3.240397199988365e-05
0,evaluation_16,2,0,0,0,0,4,greedy,1,2,1,0.4,4,completed,2,0,1,reference,0,0,5.92090655118227e-05,2.7092057280242443e-05
0,evaluation_16,2,0,0,0,0,4,search,1,2,1,0.4,4,completed,2,0,1,reference,0,0,5.779205821454525e-05,2.6350957341492176e-05
0,evaluation_16,0,0,0,1,2,4,no_review,1,0,1,0.0,4,completed,2,0,1,reference,0,0,0.00010493607260286808,3.190699499100447e-05
0,evaluation_16,2,0,0,0,0,4,fcfs,1,2,1,0.4,4,completed,2,0,1,reference,0,0,4.652608186006546e-05,2.167699858546257e-05
0,evaluation_16,2,0,0,0,0,4,edf,1,2,1,0.4,4,completed,2,0,1,reference,0,0,4.4271000660955906e-05,2.1401094272732735e-05
0,evaluation_16,2,0,0,0,0,4,uncertainty,1,2,1,0.4,4,completed,2,0,1,reference,0,0,4.951807204633951e-05,2.2877007722854614e-05
0,evaluation_16,1,0,0,0,0,4,greedy,1,2,2,0.4,4,completed,2,0,1,approve_block,0,0,6.58681383356452e-05,3.602402284741402e-05
0,evaluation_16,1,0,0,0,0,4,search,1,2,2,0.4,4,completed,2,0,1,approve_block,0,0,7.817731238901615e-05,4.471605643630028e-05
0,evaluation_16,0,0,0,0,1,4,no_review,1,0,2,0.0,4,completed,2,0,1,approve_block,0,0,0.00010848708916455507,3.516103606671095e-05
0,evaluation_16,1,0,0,0,0,4,fcfs,1,2,2,0.4,4,completed,2,0,1,approve_block,0,0,5.561008583754301e-05,3.184308297932148e-05
0,evaluation_16,1,0,0,0,0,4,edf,1,2,2,0.4,4,completed,2,0,1,approve_block,0,0,6.226601544767618e-05,3.330595791339874e-05
0,evaluation_16,1,0,0,0,0,4,uncertainty,1,2,2,0.4,4,completed,2,0,1,approve_block,0,0,6.209395360201597e-05,3.168289549648762e-05
0,evaluation_16,2,0,0,0,0,4,greedy,1,2,1,0.4,4,completed,2,0,1,approve_block,0,0,4.896591417491436e-05,2.3470958694815636e-05
0,evaluation_16,2,0,0,0,0,4,search,1,2,1,0.4,4,completed,2,0,1,approve_block,0,0,5.656294524669647e-05,2.6311026886105537e-05
0,evaluation_16,0,0,0,1,2,4,no_review,1,0,1,0.0,4,completed,2,0,1,approve_block,0,0,0.0001021769130602479,3.091897815465927e-05
0,evaluation_16,2,0,0,0,0,4,fcfs,1,2,1,0.4,4,completed,2,0,1,approve_block,0,0,4.7084991820156574e-05,2.1243933588266373e-05
0,evaluation_16,2,0,0,0,0,4,edf,1,2,1,0.4,4,completed,2,0,1,approve_block,0,0,5.646690260618925e-05,2.733489964157343e-05
0,evaluation_16,2,0,0,0,0,4,uncertainty,1,2,1,0.4,4,completed,2,0,1,approve_block,0,0,4.614214412868023e-05,2.247607335448265e-05
0,evaluation_16,1,0,0,0,0,4,greedy,1,2,2,0.4,4,completed,2,0,1,complexity_time,0,0,5.73829747736454e-05,2.916704397648573e-05
0,evaluation_16,1,0,0,0,0,4,search,1,2,2,0.4,4,completed,2,0,1,complexity_time,0,0,6.387184839695692e-05,3.289501182734966e-05
0,evaluation_16,0,0,0,0,1,4,no_review,1,0,2,0.0,4,completed,2,0,1,complexity_time,0,0,0.00010137713979929686,2.990197390317917e-05
0,evaluation_16,1,0,0,0,0,4,fcfs,1,2,2,0.4,4,completed,2,0,1,complexity_time,0,0,5.974504165351391e-05,3.395893145352602e-05
0,evaluation_16,1,0,0,0,0,4,edf,1,2,2,0.4,4,completed,2,0,1,complexity_time,0,0,6.348011083900928e-05,3.722903784364462e-05
0,evaluation_16,1,0,0,0,0,4,uncertainty,1,2,2,0.4,4,completed,2,0,1,complexity_time,0,0,6.222911179065704e-05,3.250001464039087e-05
0,evaluation_16,2,0,0,0,0,4,greedy,1,2,1,0.4,4,completed,2,0,1,complexity_time,0,0,5.343311931937933e-05,2.4941982701420784e-05
0,evaluation_16,2,0,0,0,0,4,search,1,2,1,0.4,4,completed,2,0,1,complexity_time,0,0,6.0402555391192436e-05,2.9046903364360332e-05
0,evaluation_16,0,0,0,1,2,4,no_review,1,0,1,0.0,4,completed,2,0,1,complexity_time,0,0,9.929807856678963e-05,3.17390076816082e-05
0,evaluation_16,2,0,0,0,0,4,fcfs,1,2,1,0.4,4,completed,2,0,1,complexity_time,0,0,4.058110062032938e-05,1.857103779911995e-05
0,evaluation_16,2,0,0,0,0,4,edf,1,2,1,0.4,4,completed,2,0,1,complexity_time,0,0,4.9751950427889824e-05,2.328201662749052e-05
0,evaluation_16,2,0,0,0,0,4,uncertainty,1,2,1,0.4,4,completed,2,0,1,complexity_time,0,0,8.537888061255217e-05,4.0124054066836834e-05
0,evaluation_16,1,0,0,0,0,8,greedy,2,2,2,0.4,8,completed,1,0,2,reference,0,0,2.8615817427635193e-05,1.9958941265940666e-05
0,evaluation_16,1,0,0,0,0,8,search,2,2,2,0.4,8,completed,1,0,2,reference,0,0,3.610714338719845e-05,2.518598921597004e-05
0,evaluation_16,0,0,0,0,0,8,no_review,2,0,2,0.0,8,completed,1,0,2,reference,0,0,3.9433944039046764e-05,1.722201704978943e-05
0,evaluation_16,1,0,0,0,0,8,fcfs,2,2,2,0.4,8,completed,1,0,2,reference,0,0,2.5565153919160366e-05,1.6467995010316372e-05
0,evaluation_16,1,0,0,0,0,8,edf,2,2,2,0.4,8,completed,1,0,2,reference,0,0,3.507314249873161e-05,2.2860011085867882e-05
0,evaluation_16,1,0,0,0,0,8,uncertainty,2,2,2,0.4,8,completed,1,0,2,reference,0,0,3.047194331884384e-05,2.0315987057983875e-05
0,evaluation_16,1,0,0,0,0,8,greedy,2,1,1,0.2,8,completed,1,0,2,reference,0,0,3.085890784859657e-05,1.9554048776626587e-05
0,evaluation_16,1,0,0,0,0,8,search,2,1,1,0.2,8,completed,1,0,2,reference,0,0,3.21301631629467e-05,2.3848027922213078e-05
0,evaluation_16,0,0,0,0,0,8,no_review,2,0,1,0.0,8,completed,1,0,2,reference,0,0,3.831298090517521e-05,1.6661942936480045e-05
0,evaluation_16,1,0,0,0,0,8,fcfs,2,1,1,0.2,8,completed,1,0,2,reference,0,0,2.6334309950470924e-05,1.6762991435825825e-05
0,evaluation_16,1,0,0,0,0,8,edf,2,1,1,0.2,8,completed,1,0,2,reference,0,0,2.7784029953181744e-05,1.920107752084732e-05
0,evaluation_16,1,0,0,0,0,8,uncertainty,2,1,1,0.2,8,completed,1,0,2,reference,0,0,3.070698585361242e-05,1.8854974769055843e-05
0,evaluation_16,1,0,0,0,0,8,greedy,2,2,2,0.4,8,completed,1,0,2,approve_block,0,0,4.41279262304306e-05,2.0346022211015224e-05
0,evaluation_16,1,0,0,0,0,8,search,2,2,2,0.4,8,completed,1,0,2,approve_block,0,0,3.600912168622017e-05,2.4792039766907692e-05
0,evaluation_16,0,0,0,0,0,8,no_review,2,0,2,0.0,8,completed,1,0,2,approve_block,0,0,3.849400673061609e-05,1.6317935660481453e-05
0,evaluation_16,1,0,0,0,0,8,fcfs,2,2,2,0.4,8,completed,1,0,2,approve_block,0,0,2.4801120162010193e-05,1.6789999790489674e-05
0,evaluation_16,1,0,0,0,0,8,edf,2,2,2,0.4,8,completed,1,0,2,approve_block,0,0,3.223004750907421e-05,1.9810977391898632e-05
0,evaluation_16,1,0,0,0,0,8,uncertainty,2,2,2,0.4,8,completed,1,0,2,approve_block,0,0,3.1210947781801224e-05,1.9149971194565296e-05
0,evaluation_16,1,0,0,0,0,8,greedy,2,1,1,0.2,8,completed,1,0,2,approve_block,0,0,3.0363909900188446e-05,1.9536004401743412e-05
0,evaluation_16,1,0,0,0,0,8,search,2,1,1,0.2,8,completed,1,0,2,approve_block,0,0,3.474217373877764e-05,2.391706220805645e-05
0,evaluation_16,0,0,0,0,0,8,no_review,2,0,1,0.0,8,completed,1,0,2,approve_block,0,0,3.965210635215044e-05,1.6633071936666965e-05
0,evaluation_16,1,0,0,0,0,8,fcfs,2,1,1,0.2,8,completed,1,0,2,approve_block,0,0,2.6563182473182678e-05,1.6466015949845314e-05
0,evaluation_16,1,0,0,0,0,8,edf,2,1,1,0.2,8,completed,1,0,2,approve_block,0,0,3.17178200930357e-05,2.0083971321582794e-05
0,evaluation_16,1,0,0,0,0,8,uncertainty,2,1,1,0.2,8,completed,1,0,2,approve_block,0,0,2.7829082682728767e-05,1.8783030100166798e-05
0,evaluation_16,1,0,0,0,0,8,greedy,2,2,2,0.4,8,completed,1,0,2,complexity_time,0,0,3.0041905120015144e-05,1.9525992684066296e-05
0,evaluation_16,1,0,0,0,0,8,search,2,2,2,0.4,8,completed,1,0,2,complexity_time,0,0,3.341690171509981e-05,2.4355947971343994e-05
0,evaluation_16,0,0,0,0,0,8,no_review,2,0,2,0.0,8,completed,1,0,2,complexity_time,0,0,3.8670143112540245e-05,1.6708974726498127e-05
0,evaluation_16,1,0,0,0,0,8,fcfs,2,2,2,0.4,8,completed,1,0,2,complexity_time,0,0,2.7333036996424198e-05,1.6501988284289837e-05
0,evaluation_16,1,0,0,0,0,8,edf,2,2,2,0.4,8,completed,1,0,2,complexity_time,0,0,2.7695088647305965e-05,1.7832964658737183e-05
0,evaluation_16,1,0,0,0,0,8,uncertainty,2,2,2,0.4,8,completed,1,0,2,complexity_time,0,0,2.7457019314169884e-05,1.8475926481187344e-05
0,evaluation_16,1,0,0,0,0,8,greedy,2,1,1,0.2,8,completed,1,0,2,complexity_time,0,0,3.062316682189703e-05,1.8913066014647484e-05
0,evaluation_16,1,0,0,0,0,8,search,2,1,1,0.2,8,completed,1,0,2,complexity_time,0,0,3.4930650144815445e-05,2.3440923541784286e-05
0,evaluation_16,0,0,0,0,0,8,no_review,2,0,1,0.0,8,completed,1,0,2,complexity_time,0,0,4.33711102232337e-05,1.6666017472743988e-05
0,evaluation_16,1,0,0,0,0,8,fcfs,2,1,1,0.2,8,completed,1,0,2,complexity_time,0,0,3.1117815524339676e-05,1.881597563624382e-05
0,evaluation_16,1,0,0,0,0,8,edf,2,1,1,0.2,8,completed,1,0,2,complexity_time,0,0,3.2156938686966896e-05,1.9363011233508587e-05
0,evaluation_16,1,0,0,0,0,8,uncertainty,2,1,1,0.2,8,completed,1,0,2,complexity_time,0,0,3.019708674401045e-05,1.9693048670887947e-05
0,evaluation_17,2,0,0,0,1,4,search,0,2,1,0.3333333333333333,4,completed,2,1,1,reference,0,0,9.396893437951803e-05,4.426401574164629e-05
0,evaluation_17,0,0,0,0,2,4,no_review,0,0,1,0.0,4,completed,2,0,1,reference,0,0,0.0001080100191757083,3.1757052056491375e-05
0,evaluation_17,2,0,0,0,1,4,fcfs,0,2,1,0.3333333333333333,4,completed,2,1,1,reference,0,0,5.526607856154442e-05,3.040593583136797e-05
0,evaluation_17,2,0,0,0,1,4,edf,0,2,1,0.3333333333333333,4,completed,2,1,1,reference,0,0,7.911201100796461e-05,3.997900057584047e-05
0,evaluation_17,2,0,0,0,1,4,uncertainty,0,2,1,0.3333333333333333,4,completed,2,1,1,reference,0,0,6.834114901721478e-05,3.3498043194413185e-05
0,evaluation_17,2,0,0,0,1,4,greedy,0,2,1,0.3333333333333333,4,completed,2,1,1,reference,0,0,6.192096043378115e-05,3.396498505026102e-05
0,evaluation_17,2,0,0,0,1,4,search,0,4,2,0.6666666666666666,4,completed,2,2,1,reference,0,0,8.808996062725782e-05,4.6481029130518436e-05
0,evaluation_17,0,0,0,0,1,4,no_review,0,0,2,0.0,4,completed,2,0,1,reference,0,0,0.00011087500024586916,4.0714978240430355e-05
0,evaluation_17,2,0,0,0,1,4,fcfs,0,4,2,0.6666666666666666,4,completed,2,2,1,reference,0,0,5.602207966148853e-05,3.109104000031948e-05
0,evaluation_17,2,0,0,0,1,4,edf,0,4,2,0.6666666666666666,4,completed,2,2,1,reference,0,0,8.012517355382442e-05,4.063209053128958e-05
0,evaluation_17,2,0,0,0,1,4,uncertainty,0,4,2,0.6666666666666666,4,completed,2,2,1,reference,0,0,7.277296390384436e-05,3.441004082560539e-05
0,evaluation_17,2,0,0,0,1,4,greedy,0,4,2,0.6666666666666666,4,completed,2,2,1,reference,0,0,8.236605208367109e-05,4.0399027056992054e-05
0,evaluation_17,2,0,0,0,1,4,search,0,2,1,0.3333333333333333,4,completed,2,1,1,approve_block,0,0,9.091792162507772e-05,4.434795118868351e-05
0,evaluation_17,0,0,0,0,2,4,no_review,0,0,1,0.0,4,completed,2,0,1,approve_block,0,0,0.00010450405534356833,3.319897223263979e-05
0,evaluation_17,2,0,0,0,1,4,fcfs,0,2,1,0.3333333333333333,4,completed,2,1,1,approve_block,0,0,6.326008588075638e-05,3.0094990506768227e-05
0,evaluation_17,2,0,0,0,1,4,edf,0,2,1,0.3333333333333333,4,completed,2,1,1,approve_block,0,0,7.617904338985682e-05,3.6353012546896935e-05
0,evaluation_17,2,0,0,0,1,4,uncertainty,0,2,1,0.3333333333333333,4,completed,2,1,1,approve_block,0,0,6.715802010148764e-05,3.184995148330927e-05
0,evaluation_17,2,0,0,0,1,4,greedy,0,2,1,0.3333333333333333,4,completed,2,1,1,approve_block,0,0,7.79307447373867e-05,3.8368976674973965e-05
0,evaluation_17,2,0,0,0,1,4,search,0,4,2,0.6666666666666666,4,completed,2,2,1,approve_block,0,0,9.689282160252333e-05,4.6088011004030704e-05
0,evaluation_17,0,0,0,0,1,4,no_review,0,0,2,0.0,4,completed,2,0,1,approve_block,0,0,0.00010884599760174751,3.685301635414362e-05
0,evaluation_17,2,0,0,0,1,4,fcfs,0,4,2,0.6666666666666666,4,completed,2,2,1,approve_block,0,0,9.284995030611753e-05,5.4162926971912384e-05
0,evaluation_17,2,0,0,0,1,4,edf,0,4,2,0.6666666666666666,4,completed,2,2,1,approve_block,0,0,6.822182331234217e-05,3.3056014217436314e-05
0,evaluation_17,2,0,0,0,1,4,uncertainty,0,4,2,0.6666666666666666,4,completed,2,2,1,approve_block,0,0,7.212487980723381e-05,3.520096652209759e-05
0,evaluation_17,2,0,0,0,1,4,greedy,0,4,2,0.6666666666666666,4,completed,2,2,1,approve_block,0,0,8.289888501167297e-05,4.321697633713484e-05
0,evaluation_17,2,0,0,0,1,4,search,0,2,1,0.3333333333333333,4,completed,2,1,1,complexity_time,0,0,8.960999548435211e-05,4.258099943399429e-05
0,evaluation_17,0,0,0,0,2,4,no_review,0,0,1,0.0,4,completed,2,0,1,complexity_time,0,0,0.00010279694106429815,3.275997005403042e-05
0,evaluation_17,2,0,0,0,1,4,fcfs,0,2,1,0.3333333333333333,4,completed,2,1,1,complexity_time,0,0,7.201102562248707e-05,3.223191015422344e-05
0,evaluation_17,2,0,0,0,1,4,edf,0,2,1,0.3333333333333333,4,completed,2,1,1,complexity_time,0,0,8.980394341051579e-05,4.919792991131544e-05
0,evaluation_17,2,0,0,0,1,4,uncertainty,0,2,1,0.3333333333333333,4,completed,2,1,1,complexity_time,0,0,7.604178972542286e-05,3.5363947972655296e-05
0,evaluation_17,2,0,0,0,1,4,greedy,0,2,1,0.3333333333333333,4,completed,2,1,1,complexity_time,0,0,8.054182399064302e-05,3.9121019653975964e-05
0,evaluation_17,2,0,0,0,1,4,search,0,4,2,0.6666666666666666,4,completed,2,2,1,complexity_time,0,0,8.161086589097977e-05,4.650792106986046e-05
0,evaluation_17,0,0,0,0,1,4,no_review,0,0,2,0.0,4,completed,2,0,1,complexity_time,0,0,0.0001343230251222849,5.4144999012351036e-05
0,evaluation_17,2,0,0,0,1,4,fcfs,0,4,2,0.6666666666666666,4,completed,2,2,1,complexity_time,0,0,6.9101108238101e-05,3.218906931579113e-05
0,evaluation_17,2,0,0,0,1,4,edf,0,4,2,0.6666666666666666,4,completed,2,2,1,complexity_time,0,0,7.100892253220081e-05,3.263994585722685e-05
0,evaluation_17,2,0,0,0,1,4,uncertainty,0,4,2,0.6666666666666666,4,completed,2,2,1,complexity_time,0,0,7.138587534427643e-05,3.2705022022128105e-05
0,evaluation_17,2,0,0,0,1,4,greedy,0,4,2,0.6666666666666666,4,completed,2,2,1,complexity_time,0,0,8.007488213479519e-05,3.975699655711651e-05
0,evaluation_17,2,0,0,0,1,4,search,1,2,1,0.3333333333333333,4,completed,2,1,1,reference,0,0,9.293598122894764e-05,4.805100616067648e-05
0,evaluation_17,0,0,0,0,2,4,no_review,1,0,1,0.0,4,completed,2,0,1,reference,0,0,0.00010277493856847286,3.0986033380031586e-05
0,evaluation_17,2,0,0,0,1,4,fcfs,1,2,1,0.3333333333333333,4,completed,2,1,1,reference,0,0,7.458392065018415e-05,3.723800182342529e-05
0,evaluation_17,2,0,0,0,1,4,edf,1,2,1,0.3333333333333333,4,completed,2,1,1,reference,0,0,7.413013372570276e-05,3.441306762397289e-05
0,evaluation_17,2,0,0,0,1,4,uncertainty,1,2,1,0.3333333333333333,4,completed,2,1,1,reference,0,0,7.903808727860451e-05,3.938598092645407e-05
0,evaluation_17,2,0,0,0,1,4,greedy,1,2,1,0.3333333333333333,4,completed,2,1,1,reference,0,0,7.76160741224885e-05,3.71360220015049e-05
0,evaluation_17,2,0,0,0,1,4,search,1,4,2,0.6666666666666666,4,completed,2,2,1,reference,0,0,7.068319246172905e-05,4.270195495337248e-05
0,evaluation_17,0,0,0,0,1,4,no_review,1,0,2,0.0,4,completed,2,0,1,reference,0,0,9.79788601398468e-05,3.064796328544617e-05
0,evaluation_17,2,0,0,0,1,4,fcfs,1,4,2,0.6666666666666666,4,completed,2,2,1,reference,0,0,7.166597060859203e-05,3.572390414774418e-05
0,evaluation_17,2,0,0,0,1,4,edf,1,4,2,0.6666666666666666,4,completed,2,2,1,reference,0,0,7.881107740104198e-05,3.99700365960598e-05
0,evaluation_17,2,0,0,0,1,4,uncertainty,1,4,2,0.6666666666666666,4,completed,2,2,1,reference,0,0,8.193706162273884e-05,3.887701313942671e-05
0,evaluation_17,2,0,0,0,1,4,greedy,1,4,2,0.6666666666666666,4,completed,2,2,1,reference,0,0,7.352395914494991e-05,3.427499905228615e-05
0,evaluation_17,2,0,0,0,1,4,search,1,2,1,0.3333333333333333,4,completed,2,1,1,approve_block,0,0,9.322375990450382e-05,4.560989327728748e-05
0,evaluation_17,0,0,0,0,2,4,no_review,1,0,1,0.0,4,completed,2,0,1,approve_block,0,0,0.00012145331129431725,5.090201739221811e-05
0,evaluation_17,2,0,0,0,1,4,fcfs,1,2,1,0.3333333333333333,4,completed,2,1,1,approve_block,0,0,8.57900595292449e-05,4.5612920075654984e-05
0,evaluation_17,2,0,0,0,1,4,edf,1,2,1,0.3333333333333333,4,completed,2,1,1,approve_block,0,0,8.396385237574577e-05,4.300998989492655e-05
0,evaluation_17,2,0,0,0,1,4,uncertainty,1,2,1,0.3333333333333333,4,completed,2,1,1,approve_block,0,0,7.941678632050753e-05,3.654998727142811e-05
0,evaluation_17,2,0,0,0,1,4,greedy,1,2,1,0.3333333333333333,4,completed,2,1,1,approve_block,0,0,8.761498611420393e-05,4.539801739156246e-05
0,evaluation_17,2,0,0,0,1,4,search,1,4,2,0.6666666666666666,4,completed,2,2,1,approve_block,0,0,0.00011332205031067133,6.090709939599037e-05
0,evaluation_17,0,0,0,0,1,4,no_review,1,0,2,0.0,4,completed,2,0,1,approve_block,0,0,0.0001072281738743186,3.669795114547014e-05
0,evaluation_17,2,0,0,0,1,4,fcfs,1,4,2,0.6666666666666666,4,completed,2,2,1,approve_block,0,0,7.499894127249718e-05,3.593391738831997e-05
0,evaluation_17,2,0,0,0,1,4,edf,1,4,2,0.6666666666666666,4,completed,2,2,1,approve_block,0,0,7.823598571121693e-05,3.797595854848623e-05
0,evaluation_17,2,0,0,0,1,4,uncertainty,1,4,2,0.6666666666666666,4,completed,2,2,1,approve_block,0,0,8.186092600226402e-05,4.2553991079330444e-05
0,evaluation_17,2,0,0,0,1,4,greedy,1,4,2,0.6666666666666666,4,completed,2,2,1,approve_block,0,0,8.560903370380402e-05,4.484900273382664e-05
0,evaluation_17,2,0,0,0,1,4,search,1,2,1,0.3333333333333333,4,completed,2,1,1,complexity_time,0,0,7.200997788459063e-05,4.156108479946852e-05
0,evaluation_17,0,0,0,0,2,4,no_review,1,0,1,0.0,4,completed,2,0,1,complexity_time,0,0,0.00010136084165424109,3.1723990105092525e-05
0,evaluation_17,2,0,0,0,1,4,fcfs,1,2,1,0.3333333333333333,4,completed,2,1,1,complexity_time,0,0,6.726104766130447e-05,3.0174036510288715e-05
0,evaluation_17,2,0,0,0,1,4,edf,1,2,1,0.3333333333333333,4,completed,2,1,1,complexity_time,0,0,6.675696931779385e-05,3.311003092676401e-05
0,evaluation_17,2,0,0,0,1,4,uncertainty,1,2,1,0.3333333333333333,4,completed,2,1,1,complexity_time,0,0,7.391266990453005e-05,3.4965923987329006e-05
0,evaluation_17,2,0,0,0,1,4,greedy,1,2,1,0.3333333333333333,4,completed,2,1,1,complexity_time,0,0,7.629604078829288e-05,3.547698725014925e-05
0,evaluation_17,2,0,0,0,1,4,search,1,4,2,0.6666666666666666,4,completed,2,2,1,complexity_time,0,0,9.666790720075369e-05,4.986801650375128e-05
0,evaluation_17,0,0,0,0,1,4,no_review,1,0,2,0.0,4,completed,2,0,1,complexity_time,0,0,0.00010424829088151455,3.3245072700083256e-05
0,evaluation_17,2,0,0,0,1,4,fcfs,1,4,2,0.6666666666666666,4,completed,2,2,1,complexity_time,0,0,6.690016016364098e-05,3.1531089916825294e-05
0,evaluation_17,2,0,0,0,1,4,edf,1,4,2,0.6666666666666666,4,completed,2,2,1,complexity_time,0,0,6.516976282000542e-05,3.243796527385712e-05
0,evaluation_17,2,0,0,0,1,4,uncertainty,1,4,2,0.6666666666666666,4,completed,2,2,1,complexity_time,0,0,6.811413913965225e-05,3.2016076147556305e-05
0,evaluation_17,2,0,0,0,1,4,greedy,1,4,2,0.6666666666666666,4,completed,2,2,1,complexity_time,0,0,9.236601181328297e-05,4.5715016312897205e-05
0,evaluation_17,2,0,0,0,1,4,search,2,2,1,0.3333333333333333,4,completed,2,1,1,reference,0,0,9.05569177120924e-05,4.63749747723341e-05
0,evaluation_17,0,0,0,0,2,4,no_review,2,0,1,0.0,4,completed,2,0,1,reference,0,0,0.00010834785643965006,3.6319950595498085e-05
0,evaluation_17,2,0,0,0,1,4,fcfs,2,2,1,0.3333333333333333,4,completed,2,1,1,reference,0,0,9.847304318100214e-05,5.8743986301124096e-05
0,evaluation_17,2,0,0,0,1,4,edf,2,2,1,0.3333333333333333,4,completed,2,1,1,reference,0,0,7.037410978227854e-05,3.408093471080065e-05
0,evaluation_17,2,0,0,0,1,4,uncertainty,2,2,1,0.3333333333333333,4,completed,2,1,1,reference,0,0,7.040880154818296e-05,3.41909471899271e-05
0,evaluation_17,2,0,0,0,1,4,greedy,2,2,1,0.3333333333333333,4,completed,2,1,1,reference,0,0,8.208304643630981e-05,4.205398727208376e-05
0,evaluation_17,2,0,0,0,1,4,search,2,4,2,0.6666666666666666,4,completed,2,2,1,reference,0,0,9.789608884602785e-05,4.8434012569487095e-05
0,evaluation_17,0,0,0,0,1,4,no_review,2,0,2,0.0,4,completed,2,0,1,reference,0,0,0.00010507914703339338,3.348605241626501e-05
0,evaluation_17,2,0,0,0,1,4,fcfs,2,4,2,0.6666666666666666,4,completed,2,2,1,reference,0,0,8.11528880149126e-05,4.568591248244047e-05
0,evaluation_17,2,0,0,0,1,4,edf,2,4,2,0.6666666666666666,4,completed,2,2,1,reference,0,0,6.647291593253613e-05,3.288604784756899e-05
0,evaluation_17,2,0,0,0,1,4,uncertainty,2,4,2,0.6666666666666666,4,completed,2,2,1,reference,0,0,7.621478289365768e-05,3.868900239467621e-05
0,evaluation_17,2,0,0,0,1,4,greedy,2,4,2,0.6666666666666666,4,completed,2,2,1,reference,0,0,0.0001109330914914608,6.991706322878599e-05
0,evaluation_17,2,0,0,0,1,4,search,2,2,1,0.3333333333333333,4,completed,2,1,1,approve_block,0,0,7.337180431932211e-05,4.39939321950078e-05
0,evaluation_17,0,0,0,0,2,4,no_review,2,0,1,0.0,4,completed,2,0,1,approve_block,0,0,0.00011933816131204367,4.396901931613684e-05
0,evaluation_17,2,0,0,0,1,4,fcfs,2,2,1,0.3333333333333333,4,completed,2,1,1,approve_block,0,0,6.728607695549726e-05,3.0719093047082424e-05
0,evaluation_17,2,0,0,0,1,4,edf,2,2,1,0.3333333333333333,4,completed,2,1,1,approve_block,0,0,6.643612869083881e-05,3.204902168363333e-05
0,evaluation_17,2,0,0,0,1,4,uncertainty,2,2,1,0.3333333333333333,4,completed,2,1,1,approve_block,0,0,8.327106479555368e-05,4.208507016301155e-05
0,evaluation_17,2,0,0,0,1,4,greedy,2,2,1,0.3333333333333333,4,completed,2,1,1,approve_block,0,0,7.683900184929371e-05,3.590702544897795e-05
0,evaluation_17,2,0,0,0,1,4,search,2,4,2,0.6666666666666666,4,completed,2,2,1,approve_block,0,0,9.221700020134449e-05,4.6452973037958145e-05
0,evaluation_17,0,0,0,0,1,4,no_review,2,0,2,0.0,4,completed,2,0,1,approve_block,0,0,0.0001027379184961319,3.1917006708681583e-05
0,evaluation_17,2,0,0,0,1,4,fcfs,2,4,2,0.6666666666666666,4,completed,2,2,1,approve_block,0,0,6.357103120535612e-05,3.0223047360777855e-05
0,evaluation_17,2,0,0,0,1,4,edf,2,4,2,0.6666666666666666,4,completed,2,2,1,approve_block,0,0,7.015292067080736e-05,3.296695649623871e-05
0,evaluation_17,2,0,0,0,1,4,uncertainty,2,4,2,0.6666666666666666,4,completed,2,2,1,approve_block,0,0,9.164598304778337e-05,5.336501635611057e-05
0,evaluation_17,2,0,0,0,1,4,greedy,2,4,2,0.6666666666666666,4,completed,2,2,1,approve_block,0,0,7.376389112323523e-05,3.572495188564062e-05
0,evaluation_17,2,0,0,0,1,4,search,2,2,1,0.3333333333333333,4,completed,2,1,1,complexity_time,0,0,9.548908565193415e-05,4.504900425672531e-05
0,evaluation_17,0,0,0,0,2,4,no_review,2,0,1,0.0,4,completed,2,0,1,complexity_time,0,0,9.894079994410276e-05,3.0945055186748505e-05
0,evaluation_17,2,0,0,0,1,4,fcfs,2,2,1,0.3333333333333333,4,completed,2,1,1,complexity_time,0,0,5.437701474875212e-05,2.8357026167213917e-05
0,evaluation_17,2,0,0,0,1,4,edf,2,2,1,0.3333333333333333,4,completed,2,1,1,complexity_time,0,0,8.469203021377325e-05,4.009297117590904e-05
0,evaluation_17,2,0,0,0,1,4,uncertainty,2,2,1,0.3333333333333333,4,completed,2,1,1,complexity_time,0,0,7.69949983805418e-05,3.8263038732111454e-05
0,evaluation_17,2,0,0,0,1,4,greedy,2,2,1,0.3333333333333333,4,completed,2,1,1,complexity_time,0,0,6.462202873080969e-05,3.3747055567801e-05
0,evaluation_17,2,0,0,0,1,4,search,2,4,2,0.6666666666666666,4,completed,2,2,1,complexity_time,0,0,0.0001010549021884799,4.9901893362402916e-05
0,evaluation_17,0,0,0,0,1,4,no_review,2,0,2,0.0,4,completed,2,0,1,complexity_time,0,0,0.00010034407023340464,3.0869035981595516e-05
0,evaluation_17,2,0,0,0,1,4,fcfs,2,4,2,0.6666666666666666,4,completed,2,2,1,complexity_time,0,0,5.515106022357941e-05,3.0438066460192204e-05
0,evaluation_17,2,0,0,0,1,4,edf,2,4,2,0.6666666666666666,4,completed,2,2,1,complexity_time,0,0,8.749798871576786e-05,4.6850997023284435e-05
0,evaluation_17,2,0,0,0,1,4,uncertainty,2,4,2,0.6666666666666666,4,completed,2,2,1,complexity_time,0,0,7.018481846898794e-05,3.356998786330223e-05
0,evaluation_17,2,0,0,0,1,4,greedy,2,4,2,0.6666666666666666,4,completed,2,2,1,complexity_time,0,0,7.727392949163914e-05,3.98589763790369e-05
0,evaluation_18,0,0,0,0,0,4,no_review,0,0,2,0.0,4,completed,2,0,1,reference,0,0,0.00010840792674571276,3.657001070678234e-05
0,evaluation_18,2,0,0,0,0,4,fcfs,0,4,2,0.8,4,completed,2,1,1,reference,0,0,4.14218520745635e-05,2.0421925000846386e-05
0,evaluation_18,2,0,0,0,0,4,edf,0,4,2,0.8,4,completed,2,1,1,reference,0,0,6.646895781159401e-05,3.7661055102944374e-05
0,evaluation_18,2,0,0,0,0,4,uncertainty,0,4,2,0.8,4,completed,2,1,1,reference,0,0,6.243912503123283e-05,3.684498369693756e-05
0,evaluation_18,2,0,0,0,0,4,greedy,0,4,2,0.8,4,completed,2,1,1,reference,0,0,5.069409962743521e-05,2.541008871048689e-05
0,evaluation_18,2,0,0,0,0,4,search,0,4,2,0.8,4,completed,2,1,1,reference,0,0,8.885294664651155e-05,5.755701567977667e-05
0,evaluation_18,0,0,0,0,1,4,no_review,0,0,1,0.0,4,completed,2,0,1,reference,0,0,0.00011145509779453278,3.749399911612272e-05
0,evaluation_18,2,0,0,0,0,4,fcfs,0,2,1,0.4,4,completed,2,0,1,reference,0,0,4.71239909529686e-05,2.097291871905327e-05
0,evaluation_18,2,0,0,0,0,4,edf,0,2,1,0.4,4,completed,2,0,1,reference,0,0,5.199096631258726e-05,2.413999754935503e-05
0,evaluation_18,2,0,0,0,0,4,uncertainty,0,2,1,0.4,4,completed,2,0,1,reference,0,0,5.2868155762553215e-05,2.437399234622717e-05
0,evaluation_18,2,0,0,0,0,4,greedy,0,2,1,0.4,4,completed,2,0,1,reference,0,0,7.261382415890694e-05,3.6017969250679016e-05
0,evaluation_18,2,0,0,0,0,4,search,0,2,1,0.4,4,completed,2,0,1,reference,0,0,5.736504681408405e-05,2.742605283856392e-05
0,evaluation_18,0,0,0,0,0,4,no_review,0,0,2,0.0,4,completed,2,0,1,approve_block,0,0,0.0001042389776557684,3.5007018595933914e-05
0,evaluation_18,2,0,0,0,0,4,fcfs,0,4,2,0.8,4,completed,2,1,1,approve_block,0,0,6.492587272077799e-05,4.045397508889437e-05
0,evaluation_18,2,0,0,0,0,4,edf,0,4,2,0.8,4,completed,2,1,1,approve_block,0,0,9.264005348086357e-05,5.365803372114897e-05
0,evaluation_18,2,0,0,0,0,4,uncertainty,0,4,2,0.8,4,completed,2,1,1,approve_block,0,0,6.588303949683905e-05,3.5778037272393703e-05
0,evaluation_18,2,0,0,0,0,4,greedy,0,4,2,0.8,4,completed,2,1,1,approve_block,0,0,7.21049727872014e-05,4.4289976358413696e-05
0,evaluation_18,2,0,0,0,0,4,search,0,4,2,0.8,4,completed,2,1,1,approve_block,0,0,8.23859591037035e-05,5.2061048336327076e-05
0,evaluation_18,0,0,0,0,1,4,no_review,0,0,1,0.0,4,completed,2,0,1,approve_block,0,0,0.00010094488970935345,2.9593007639050484e-05
0,evaluation_18,2,0,0,0,0,4,fcfs,0,2,1,0.4,4,completed,2,0,1,approve_block,0,0,6.996793672442436e-05,3.217696212232113e-05
0,evaluation_18,2,0,0,0,0,4,edf,0,2,1,0.4,4,completed,2,0,1,approve_block,0,0,5.208607763051987e-05,2.310203853994608e-05
0,evaluation_18,2,0,0,0,0,4,uncertainty,0,2,1,0.4,4,completed,2,0,1,approve_block,0,0,9.151501581072807e-05,4.662899300456047e-05
0,evaluation_18,2,0,0,0,0,4,greedy,0,2,1,0.4,4,completed,2,0,1,approve_block,0,0,4.9564987421035767e-05,2.2704945877194405e-05
0,evaluation_18,2,0,0,0,0,4,search,0,2,1,0.4,4,completed,2,0,1,approve_block,0,0,5.889683961868286e-05,2.8237001970410347e-05
0,evaluation_18,0,0,0,0,0,4,no_review,0,0,2,0.0,4,completed,2,0,1,complexity_time,0,0,9.85610531643033e-05,2.5663990527391434e-05
0,evaluation_18,2,0,0,0,0,4,fcfs,0,4,2,0.8,4,completed,2,1,1,complexity_time,0,0,6.364495493471622e-05,3.864592872560024e-05
0,evaluation_18,2,0,0,0,0,4,edf,0,4,2,0.8,4,completed,2,1,1,complexity_time,0,0,5.688285455107689e-05,2.9158894903957844e-05
0,evaluation_18,2,0,0,0,0,4,uncertainty,0,4,2,0.8,4,completed,2,1,1,complexity_time,0,0,6.654718890786171e-05,3.872206434607506e-05
0,evaluation_18,2,0,0,0,0,4,greedy,0,4,2,0.8,4,completed,2,1,1,complexity_time,0,0,8.51659569889307e-05,4.24189493060112e-05
0,evaluation_18,2,0,0,0,0,4,search,0,4,2,0.8,4,completed,2,1,1,complexity_time,0,0,6.877409759908915e-05,3.155902959406376e-05
0,evaluation_18,0,0,0,0,1,4,no_review,0,0,1,0.0,4,completed,2,0,1,complexity_time,0,0,9.899691212922335e-05,2.9293936677277088e-05
0,evaluation_18,2,0,0,0,0,4,fcfs,0,2,1,0.4,4,completed,2,0,1,complexity_time,0,0,4.43669268861413e-05,2.0368024706840515e-05
0,evaluation_18,2,0,0,0,0,4,edf,0,2,1,0.4,4,completed,2,0,1,complexity_time,0,0,5.202891770750284e-05,2.527597825974226e-05
0,evaluation_18,2,0,0,0,0,4,uncertainty,0,2,1,0.4,4,completed,2,0,1,complexity_time,0,0,5.450309254229069e-05,2.530298661440611e-05
0,evaluation_18,2,0,0,0,0,4,greedy,0,2,1,0.4,4,completed,2,0,1,complexity_time,0,0,5.3521012887358665e-05,2.498202957212925e-05
0,evaluation_18,2,0,0,0,0,4,search,0,2,1,0.4,4,completed,2,0,1,complexity_time,0,0,5.601206794381142e-05,2.6589957997202873e-05
0,evaluation_18,0,0,1,1,4,12,no_review,1,0,2,0.0,4,completed,2,0,0,reference,8,1,0.00015541689936071634,4.47459751740098e-05
0,evaluation_18,2,1,0,1,1,0,fcfs,1,4,2,0.8,0,completed,3,1,0,reference,0,0,7.167086005210876e-05,3.217393532395363e-05
0,evaluation_18,2,1,0,1,2,0,edf,1,4,2,0.8,0,completed,3,2,0,reference,0,0,0.00011338712647557259,4.8505025915801525e-05
0,evaluation_18,2,1,0,1,1,0,uncertainty,1,4,2,0.8,0,completed,3,1,0,reference,0,0,7.329799700528383e-05,3.761705011129379e-05
0,evaluation_18,2,1,0,1,1,0,greedy,1,4,2,0.8,0,completed,3,1,0,reference,0,0,7.465993985533714e-05,3.865198232233524e-05
0,evaluation_18,2,1,0,1,2,0,search,1,4,2,0.8,0,completed,3,2,0,reference,0,0,0.00014274287968873978,5.517702084034681e-05
0,evaluation_18,0,0,1,1,5,12,no_review,1,0,1,0.0,4,completed,2,0,0,reference,8,1,0.00015352596528828144,4.172499757260084e-05
0,evaluation_18,3,1,0,0,2,0,fcfs,1,3,1,0.6,0,completed,3,2,0,reference,0,0,0.0001297100679948926,4.829699173569679e-05
0,evaluation_18,3,1,0,0,2,0,edf,1,3,1,0.6,0,completed,3,2,0,reference,0,0,0.00010544364340603352,3.509293310344219e-05
0,evaluation_18,3,1,0,0,2,0,uncertainty,1,3,1,0.6,0,completed,3,2,0,reference,0,0,0.00012594391591846943,5.3018913604319096e-05
0,evaluation_18,3,1,0,0,2,0,greedy,1,3,1,0.6,0,completed,3,2,0,reference,0,0,9.305297862738371e-05,3.430596552789211e-05
0,evaluation_18,3,1,0,0,2,0,search,1,3,1,0.6,0,completed,3,2,0,reference,0,0,0.0001317630521953106,4.4252024963498116e-05
0,evaluation_18,0,0,1,1,4,12,no_review,1,0,2,0.0,4,completed,2,0,0,approve_block,8,1,0.00014862697571516037,3.7770019844174385e-05
1,evaluation_18,2,0,0,1,1,4,fcfs,1,4,2,0.8,4,completed,2,1,0,approve_block,0,0,7.182208355516195e-05,3.635510802268982e-05
1,evaluation_18,2,0,0,1,2,4,edf,1,4,2,0.8,4,completed,2,2,0,approve_block,0,0,0.0001265510218217969,5.3755007684230804e-05
1,evaluation_18,2,0,0,1,1,4,uncertainty,1,4,2,0.8,4,completed,2,1,0,approve_block,0,0,7.0772017352283e-05,3.3622956834733486e-05
1,evaluation_18,2,0,0,1,1,4,greedy,1,4,2,0.8,4,completed,2,1,0,approve_block,0,0,7.677695248275995e-05,3.505498170852661e-05
1,evaluation_18,2,0,0,1,2,4,search,1,4,2,0.8,4,completed,2,2,0,approve_block,0,0,0.00013304012827575207,6.020604632794857e-05
0,evaluation_18,0,0,1,1,5,12,no_review,1,0,1,0.0,4,completed,2,0,0,approve_block,8,1,0.0001382250338792801,3.21089755743742e-05
1,evaluation_18,3,0,0,0,2,4,fcfs,1,3,1,0.6,4,completed,2,2,0,approve_block,0,0,0.00010179087985306978,3.78158874809742e-05
1,evaluation_18,3,0,0,0,2,4,edf,1,3,1,0.6,4,completed,2,2,0,approve_block,0,0,0.00010343408212065697,3.422703593969345e-05
1,evaluation_18,3,0,0,0,2,4,uncertainty,1,3,1,0.6,4,completed,2,2,0,approve_block,0,0,0.00012077682185918093,4.105095285922289e-05
1,evaluation_18,3,0,0,0,2,4,greedy,1,3,1,0.6,4,completed,2,2,0,approve_block,0,0,8.883595000952482e-05,3.3927964977920055e-05
1,evaluation_18,3,0,0,0,2,4,search,1,3,1,0.6,4,completed,2,2,0,approve_block,0,0,0.00015188101679086685,5.9440964832901955e-05
0,evaluation_18,0,0,1,1,3,12,no_review,1,0,2,0.0,4,completed,2,0,0,complexity_time,8,1,0.00015221897047013044,4.345492925494909e-05
0,evaluation_18,2,1,0,1,1,0,fcfs,1,5,2,1.0,0,completed,3,2,0,complexity_time,0,0,6.863893941044807e-05,3.412901423871517e-05
0,evaluation_18,2,1,0,1,2,0,edf,1,5,2,1.0,0,completed,3,2,0,complexity_time,0,0,8.386117406189442e-05,4.3209060095250607e-05
0,evaluation_18,2,1,0,1,1,0,uncertainty,1,5,2,1.0,0,completed,3,2,0,complexity_time,0,0,6.882194429636002e-05,3.399909473955631e-05
0,evaluation_18,2,1,0,1,1,0,greedy,1,5,2,1.0,0,completed,3,2,0,complexity_time,0,0,8.71450174599886e-05,4.213908687233925e-05
0,evaluation_18,2,1,0,1,2,0,search,1,5,2,1.0,0,completed,3,2,0,complexity_time,0,0,8.52199736982584e-05,4.283303860574961e-05
0,evaluation_18,0,0,1,2,4,12,no_review,1,0,1,0.0,4,completed,2,0,0,complexity_time,8,1,0.00019599718507379293,5.28430100530386e-05
0,evaluation_18,2,1,0,1,1,0,fcfs,1,3,1,0.6,0,completed,3,1,0,complexity_time,0,0,7.354025729000568e-05,3.426801413297653e-05
0,evaluation_18,3,1,0,1,2,0,edf,1,4,1,0.8,0,completed,3,3,0,complexity_time,0,0,0.00010783178731799126,3.6940909922122955e-05
0,evaluation_18,2,1,0,1,1,0,uncertainty,1,3,1,0.6,0,completed,3,1,0,complexity_time,0,0,6.654404569417238e-05,3.47580062225461e-05
0,evaluation_18,2,1,0,1,1,0,greedy,1,3,1,0.6,0,completed,3,1,0,complexity_time,0,0,7.459206972271204e-05,3.533298149704933e-05
0,evaluation_18,3,1,0,1,2,0,search,1,4,1,0.8,0,completed,3,3,0,complexity_time,0,0,0.00013265584129840136,4.5238062739372253e-05
0,evaluation_18,0,0,0,0,0,4,no_review,2,0,2,0.0,4,completed,2,0,1,reference,0,0,0.0001386149087920785,3.9646984077990055e-05
0,evaluation_18,2,0,0,0,0,4,fcfs,2,4,2,0.8,4,completed,2,1,1,reference,0,0,6.102502811700106e-05,3.6793993785977364e-05
0,evaluation_18,2,0,0,0,0,4,edf,2,4,2,0.8,4,completed,2,1,1,reference,0,0,5.5598909966647625e-05,2.8211972676217556e-05
0,evaluation_18,2,0,0,0,0,4,uncertainty,2,4,2,0.8,4,completed,2,1,1,reference,0,0,6.63690734654665e-05,3.874406684190035e-05
0,evaluation_18,2,0,0,0,0,4,greedy,2,4,2,0.8,4,completed,2,1,1,reference,0,0,6.232690066099167e-05,3.6395969800651073e-05
0,evaluation_18,2,0,0,0,0,4,search,2,4,2,0.8,4,completed,2,1,1,reference,0,0,7.230497431010008e-05,4.147901199758053e-05
0,evaluation_18,0,0,0,0,1,4,no_review,2,0,1,0.0,4,completed,2,0,1,reference,0,0,0.00010984705295413733,3.7609017454087734e-05
0,evaluation_18,2,0,0,0,0,4,fcfs,2,2,1,0.4,4,completed,2,0,1,reference,0,0,4.5038992539048195e-05,1.9894912838935852e-05
0,evaluation_18,2,0,0,0,0,4,edf,2,2,1,0.4,4,completed,2,0,1,reference,0,0,4.1759107261896133e-05,2.010003663599491e-05
0,evaluation_18,2,0,0,0,0,4,uncertainty,2,2,1,0.4,4,completed,2,0,1,reference,0,0,5.238980520516634e-05,2.3265951313078403e-05
0,evaluation_18,2,0,0,0,0,4,greedy,2,2,1,0.4,4,completed,2,0,1,reference,0,0,6.012513767927885e-05,3.1900941394269466e-05
0,evaluation_18,2,0,0,0,0,4,search,2,2,1,0.4,4,completed,2,0,1,reference,0,0,5.646725185215473e-05,2.6851077564060688e-05
0,evaluation_18,0,0,0,0,0,4,no_review,2,0,2,0.0,4,completed,2,0,1,approve_block,0,0,0.00010378111619502306,3.226799890398979e-05
0,evaluation_18,2,0,0,0,0,4,fcfs,2,4,2,0.8,4,completed,2,1,1,approve_block,0,0,5.574303213506937e-05,3.083597403019667e-05
0,evaluation_18,2,0,0,0,0,4,edf,2,4,2,0.8,4,completed,2,1,1,approve_block,0,0,4.7301873564720154e-05,2.272601705044508e-05
0,evaluation_18,2,0,0,0,0,4,uncertainty,2,4,2,0.8,4,completed,2,1,1,approve_block,0,0,6.970390677452087e-05,4.441593773663044e-05
0,evaluation_18,2,0,0,0,0,4,greedy,2,4,2,0.8,4,completed,2,1,1,approve_block,0,0,6.489304360002279e-05,3.466906491667032e-05
0,evaluation_18,2,0,0,0,0,4,search,2,4,2,0.8,4,completed,2,1,1,approve_block,0,0,6.786198355257511e-05,3.58830438926816e-05
0,evaluation_18,0,0,0,0,1,4,no_review,2,0,1,0.0,4,completed,2,0,1,approve_block,0,0,0.00010004593059420586,2.92840413749218e-05
0,evaluation_18,2,0,0,0,0,4,fcfs,2,2,1,0.4,4,completed,2,0,1,approve_block,0,0,3.92301008105278e-05,1.9471975974738598e-05
0,evaluation_18,2,0,0,0,0,4,edf,2,2,1,0.4,4,completed,2,0,1,approve_block,0,0,4.780781455338001e-05,2.1679908968508244e-05
0,evaluation_18,2,0,0,0,0,4,uncertainty,2,2,1,0.4,4,completed,2,0,1,approve_block,0,0,4.9907248467206955e-05,2.3993896320462227e-05
0,evaluation_18,2,0,0,0,0,4,greedy,2,2,1,0.4,4,completed,2,0,1,approve_block,0,0,5.096697714179754e-05,2.225697971880436e-05
0,evaluation_18,2,0,0,0,0,4,search,2,2,1,0.4,4,completed,2,0,1,approve_block,0,0,5.9118843637406826e-05,2.827297430485487e-05
0,evaluation_18,0,0,0,0,0,4,no_review,2,0,2,0.0,4,completed,2,0,1,complexity_time,0,0,0.0001010220730677247,3.058102447539568e-05
0,evaluation_18,2,0,0,0,0,4,fcfs,2,4,2,0.8,4,completed,2,1,1,complexity_time,0,0,6.532471161335707e-05,4.0962942875921726e-05
0,evaluation_18,2,0,0,0,0,4,edf,2,4,2,0.8,4,completed,2,1,1,complexity_time,0,0,8.902593981474638e-05,6.002408917993307e-05
0,evaluation_18,2,0,0,0,0,4,uncertainty,2,4,2,0.8,4,completed,2,1,1,complexity_time,0,0,7.175607606768608e-05,4.598603118211031e-05
0,evaluation_18,2,0,0,0,0,4,greedy,2,4,2,0.8,4,completed,2,1,1,complexity_time,0,0,6.059498991817236e-05,3.340700641274452e-05
0,evaluation_18,2,0,0,0,0,4,search,2,4,2,0.8,4,completed,2,1,1,complexity_time,0,0,6.622995715588331e-05,3.337289672344923e-05
0,evaluation_18,0,0,0,0,1,4,no_review,2,0,1,0.0,4,completed,2,0,1,complexity_time,0,0,0.00010724796447902918,3.781798295676708e-05
0,evaluation_18,2,0,0,0,0,4,fcfs,2,2,1,0.4,4,completed,2,0,1,complexity_time,0,0,4.5617809519171715e-05,1.9616913050413132e-05
0,evaluation_18,2,0,0,0,0,4,edf,2,2,1,0.4,4,completed,2,0,1,complexity_time,0,0,5.373009480535984e-05,2.6935944333672523e-05
0,evaluation_18,2,0,0,0,0,4,uncertainty,2,2,1,0.4,4,completed,2,0,1,complexity_time,0,0,4.227412864565849e-05,2.1266983821988106e-05
0,evaluation_18,2,0,0,0,0,4,greedy,2,2,1,0.4,4,completed,2,0,1,complexity_time,0,0,5.0380127504467964e-05,2.2415071725845337e-05
0,evaluation_18,2,0,0,0,0,4,search,2,2,1,0.4,4,completed,2,0,1,complexity_time,0,0,6.16488978266716e-05,2.8930953703820705e-05
0,evaluation_19,3,0,0,0,2,0,fcfs,0,3,1,0.6,0,completed,3,2,0,reference,0,0,9.193923324346542e-05,3.130803816020489e-05
0,evaluation_19,3,0,0,0,2,0,edf,0,3,1,0.6,0,completed,3,2,0,reference,0,0,0.00011138198897242546,4.045793320983648e-05
0,evaluation_19,3,0,0,0,2,0,uncertainty,0,3,1,0.6,0,completed,3,2,0,reference,0,0,9.668723214417696e-05,3.236404154449701e-05
0,evaluation_19,3,0,0,0,2,0,greedy,0,3,1,0.6,0,completed,3,2,0,reference,0,0,0.00013388798106461763,4.9730995669960976e-05
0,evaluation_19,3,0,0,0,2,0,search,0,3,1,0.6,0,completed,3,2,0,reference,0,0,0.00014579598791897297,5.562102887779474e-05
0,evaluation_19,0,0,0,1,5,0,no_review,0,0,1,0.0,0,completed,3,0,0,reference,0,0,0.00015753100160509348,4.154699854552746e-05
0,evaluation_19,2,0,0,1,1,0,fcfs,0,4,2,0.8,0,completed,3,1,0,reference,0,0,6.917899008840322e-05,3.438396379351616e-05
0,evaluation_19,2,0,0,1,2,0,edf,0,4,2,0.8,0,completed,3,2,0,reference,0,0,0.00010582490358501673,4.135898780077696e-05
0,evaluation_19,2,0,0,1,1,0,uncertainty,0,4,2,0.8,0,completed,3,1,0,reference,0,0,7.358693983405828e-05,3.683590330183506e-05
0,evaluation_19,2,0,0,1,1,0,greedy,0,4,2,0.8,0,completed,3,1,0,reference,0,0,7.535098120570183e-05,3.7605990655720234e-05
0,evaluation_19,2,0,0,1,2,0,search,0,4,2,0.8,0,completed,3,2,0,reference,0,0,0.0001354282721877098,5.909707397222519e-05
0,evaluation_19,0,0,0,1,4,0,no_review,0,0,2,0.0,0,completed,3,0,0,reference,0,0,0.00015547196380794048,4.465889651328325e-05
0,evaluation_19,3,0,0,0,2,0,fcfs,0,3,1,0.6,0,completed,3,2,0,approve_block,0,0,0.00010390905663371086,3.7585967220366e-05
0,evaluation_19,3,0,0,0,2,0,edf,0,3,1,0.6,0,completed,3,2,0,approve_block,0,0,0.00011137302499264479,4.0838029235601425e-05
0,evaluation_19,3,0,0,0,2,0,uncertainty,0,3,1,0.6,0,completed,3,2,0,approve_block,0,0,0.00010770396329462528,3.607897087931633e-05
0,evaluation_19,3,0,0,0,2,0,greedy,0,3,1,0.6,0,completed,3,2,0,approve_block,0,0,0.00011461111716926098,3.8485974073410034e-05
0,evaluation_19,3,0,0,0,2,0,search,0,3,1,0.6,0,completed,3,2,0,approve_block,0,0,0.0001295298570767045,4.2396015487611294e-05
0,evaluation_19,0,0,0,1,5,0,no_review,0,0,1,0.0,0,completed,3,0,0,approve_block,0,0,0.00015075679402798414,3.934989217668772e-05
0,evaluation_19,2,0,0,1,1,0,fcfs,0,4,2,0.8,0,completed,3,1,0,approve_block,0,0,8.396117482334375e-05,3.447500057518482e-05
0,evaluation_19,2,0,0,1,2,0,edf,0,4,2,0.8,0,completed,3,2,0,approve_block,0,0,0.00011933303903788328,5.78899635002017e-05
0,evaluation_19,2,0,0,1,1,0,uncertainty,0,4,2,0.8,0,completed,3,1,0,approve_block,0,0,8.132681250572205e-05,4.21029981225729e-05
0,evaluation_19,2,0,0,1,1,0,greedy,0,4,2,0.8,0,completed,3,1,0,approve_block,0,0,0.00011676701251417398,6.538303568959236e-05
0,evaluation_19,2,0,0,1,2,0,search,0,4,2,0.8,0,completed,3,2,0,approve_block,0,0,0.00013253604993224144,5.5872020311653614e-05
0,evaluation_19,0,0,0,1,4,0,no_review,0,0,2,0.0,0,completed,3,0,0,approve_block,0,0,0.0001643068389967084,4.534900654107332e-05
0,evaluation_19,3,0,0,0,2,0,fcfs,0,3,1,0.6,0,completed,3,2,0,complexity_time,0,0,9.70012042671442e-05,3.2242969609797e-05
0,evaluation_19,3,0,0,0,2,0,edf,0,3,1,0.6,0,completed,3,2,0,complexity_time,0,0,0.0001105000264942646,3.6398996599018574e-05
0,evaluation_19,3,0,0,0,2,0,uncertainty,0,3,1,0.6,0,completed,3,2,0,complexity_time,0,0,0.00010114989709109068,3.6150915548205376e-05
0,evaluation_19,3,0,0,0,2,0,greedy,0,3,1,0.6,0,completed,3,2,0,complexity_time,0,0,0.00010772794485092163,3.483996260911226e-05
0,evaluation_19,3,0,0,0,2,0,search,0,3,1,0.6,0,completed,3,2,0,complexity_time,0,0,0.0001222729915753007,4.3159001506865025e-05
0,evaluation_19,0,0,0,1,5,0,no_review,0,0,1,0.0,0,completed,3,0,0,complexity_time,0,0,0.00016019190661609173,4.510104190558195e-05
0,evaluation_19,2,0,0,1,1,0,fcfs,0,4,2,0.8,0,completed,3,1,0,complexity_time,0,0,6.523099727928638e-05,3.056693822145462e-05
0,evaluation_19,2,0,0,1,2,0,edf,0,4,2,0.8,0,completed,3,2,0,complexity_time,0,0,0.00011909101158380508,4.937604535371065e-05
0,evaluation_19,2,0,0,1,1,0,uncertainty,0,4,2,0.8,0,completed,3,1,0,complexity_time,0,0,8.079211693257093e-05,4.386098589748144e-05
0,evaluation_19,2,0,0,1,1,0,greedy,0,4,2,0.8,0,completed,3,1,0,complexity_time,0,0,7.645483128726482e-05,3.6457902751863e-05
0,evaluation_19,2,0,0,1,2,0,search,0,4,2,0.8,0,completed,3,2,0,complexity_time,0,0,0.00012881390284746885,5.265593063086271e-05
0,evaluation_19,0,0,0,1,4,0,no_review,0,0,2,0.0,0,completed,3,0,0,complexity_time,0,0,0.00016038911417126656,4.842004273086786e-05
0,evaluation_19,3,0,0,0,2,0,fcfs,1,3,1,0.6,0,completed,3,2,0,reference,0,0,0.00012011290527880192,5.006499122828245e-05
0,evaluation_19,3,0,0,0,2,0,edf,1,3,1,0.6,0,completed,3,2,0,reference,0,0,0.00010897405445575714,3.6610057577490807e-05
0,evaluation_19,3,0,0,0,2,0,uncertainty,1,3,1,0.6,0,completed,3,2,0,reference,0,0,8.750613778829575e-05,3.292702604085207e-05
0,evaluation_19,3,0,0,0,2,0,greedy,1,3,1,0.6,0,completed,3,2,0,reference,0,0,0.00012120197061449289,4.639802500605583e-05
0,evaluation_19,3,0,0,0,2,0,search,1,3,1,0.6,0,completed,3,2,0,reference,0,0,0.00013570406008511782,4.485994577407837e-05
0,evaluation_19,0,0,0,1,5,0,no_review,1,0,1,0.0,0,completed,3,0,0,reference,0,0,0.00015952088870108128,4.608090966939926e-05
0,evaluation_19,2,0,0,1,1,0,fcfs,1,4,2,0.8,0,completed,3,1,0,reference,0,0,5.674187559634447e-05,3.126694355159998e-05
0,evaluation_19,2,0,0,1,2,0,edf,1,4,2,0.8,0,completed,3,2,0,reference,0,0,0.00011545885354280472,4.3925014324486256e-05
0,evaluation_19,2,0,0,1,1,0,uncertainty,1,4,2,0.8,0,completed,3,1,0,reference,0,0,7.360789459198713e-05,3.491493407636881e-05
0,evaluation_19,2,0,0,1,1,0,greedy,1,4,2,0.8,0,completed,3,1,0,reference,0,0,7.818988524377346e-05,3.89759661629796e-05
0,evaluation_19,2,0,0,1,2,0,search,1,4,2,0.8,0,completed,3,2,0,reference,0,0,0.0001479199854657054,5.998497363179922e-05
0,evaluation_19,0,0,0,1,4,0,no_review,1,0,2,0.0,0,completed,3,0,0,reference,0,0,0.00017029710579663515,4.137610085308552e-05
0,evaluation_19,3,0,0,0,2,0,fcfs,1,3,1,0.6,0,completed,3,2,0,approve_block,0,0,0.00011090980842709541,4.219601396471262e-05
0,evaluation_19,3,0,0,0,2,0,edf,1,3,1,0.6,0,completed,3,2,0,approve_block,0,0,9.581120684742928e-05,3.209908027201891e-05
0,evaluation_19,3,0,0,0,2,0,uncertainty,1,3,1,0.6,0,completed,3,2,0,approve_block,0,0,0.00010760209988802671,3.529805690050125e-05
0,evaluation_19,3,0,0,0,2,0,greedy,1,3,1,0.6,0,completed,3,2,0,approve_block,0,0,0.00010500813368707895,3.785197623074055e-05
0,evaluation_19,3,0,0,0,2,0,search,1,3,1,0.6,0,completed,3,2,0,approve_block,0,0,0.0001458869082853198,4.906801041215658e-05
0,evaluation_19,0,0,0,1,5,0,no_review,1,0,1,0.0,0,completed,3,0,0,approve_block,0,0,0.00015539804007858038,4.299706779420376e-05
0,evaluation_19,2,0,0,1,1,0,fcfs,1,4,2,0.8,0,completed,3,1,0,approve_block,0,0,7.258215919137001e-05,3.811204805970192e-05
0,evaluation_19,2,0,0,1,2,0,edf,1,4,2,0.8,0,completed,3,2,0,approve_block,0,0,0.00010073708835989237,3.368710167706013e-05
0,evaluation_19,2,0,0,1,1,0,uncertainty,1,4,2,0.8,0,completed,3,1,0,approve_block,0,0,7.350603118538857e-05,3.5929959267377853e-05
0,evaluation_19,2,0,0,1,1,0,greedy,1,4,2,0.8,0,completed,3,1,0,approve_block,0,0,7.807102520018816e-05,3.7909019738435745e-05
0,evaluation_19,2,0,0,1,2,0,search,1,4,2,0.8,0,completed,3,2,0,approve_block,0,0,0.00013489893171936274,6.28430861979723e-05
0,evaluation_19,0,0,0,1,4,0,no_review,1,0,2,0.0,0,completed,3,0,0,approve_block,0,0,0.0001720270374789834,5.0859060138463974e-05
0,evaluation_19,3,0,0,0,2,0,fcfs,1,3,1,0.6,0,completed,3,2,0,complexity_time,0,0,9.934697300195694e-05,3.169197589159012e-05
0,evaluation_19,3,0,0,0,2,0,edf,1,3,1,0.6,0,completed,3,2,0,complexity_time,0,0,0.00011318502947688103,4.1624996811151505e-05
0,evaluation_19,3,0,0,0,2,0,uncertainty,1,3,1,0.6,0,completed,3,2,0,complexity_time,0,0,0.00011337210889905691,3.9985054172575474e-05
0,evaluation_19,3,0,0,0,2,0,greedy,1,3,1,0.6,0,completed,3,2,0,complexity_time,0,0,0.00010980304796248674,3.647198900580406e-05
0,evaluation_19,3,0,0,0,2,0,search,1,3,1,0.6,0,completed,3,2,0,complexity_time,0,0,0.0001347829820588231,4.7690002247691154e-05
0,evaluation_19,0,0,0,1,5,0,no_review,1,0,1,0.0,0,completed,3,0,0,complexity_time,0,0,0.00016125512775033712,4.788499791175127e-05
0,evaluation_19,2,0,0,1,1,0,fcfs,1,4,2,0.8,0,completed,3,1,0,complexity_time,0,0,7.167493458837271e-05,3.635091707110405e-05
0,evaluation_19,2,0,0,1,2,0,edf,1,4,2,0.8,0,completed,3,2,0,complexity_time,0,0,0.00012145796790719032,5.558796692639589e-05
0,evaluation_19,2,0,0,1,1,0,uncertainty,1,4,2,0.8,0,completed,3,1,0,complexity_time,0,0,7.824297063052654e-05,3.6078039556741714e-05
0,evaluation_19,2,0,0,1,1,0,greedy,1,4,2,0.8,0,completed,3,1,0,complexity_time,0,0,0.00011543603613972664,7.468101102858782e-05
0,evaluation_19,2,0,0,1,2,0,search,1,4,2,0.8,0,completed,3,2,0,complexity_time,0,0,0.00013229204341769218,5.483790300786495e-05
0,evaluation_19,0,0,0,1,4,0,no_review,1,0,2,0.0,0,completed,3,0,0,complexity_time,0,0,0.00015969527885317802,4.706205800175667e-05
0,evaluation_19,3,0,0,0,2,0,fcfs,2,3,1,0.6,0,completed,3,2,0,reference,0,0,9.475997649133205e-05,3.058300353586674e-05
0,evaluation_19,3,0,0,0,2,0,edf,2,3,1,0.6,0,completed,3,2,0,reference,0,0,0.00011239212471991777,3.888900391757488e-05
0,evaluation_19,3,0,0,0,2,0,uncertainty,2,3,1,0.6,0,completed,3,2,0,reference,0,0,0.00010361114982515574,3.532704431563616e-05
0,evaluation_19,3,0,0,0,2,0,greedy,2,3,1,0.6,0,completed,3,2,0,reference,0,0,0.00010994903277605772,3.616209141910076e-05
0,evaluation_19,3,0,0,0,2,0,search,2,3,1,0.6,0,completed,3,2,0,reference,0,0,0.00012672902084887028,4.419800825417042e-05
0,evaluation_19,0,0,0,1,5,0,no_review,2,0,1,0.0,0,completed,3,0,0,reference,0,0,0.00015683681704103947,4.6961940824985504e-05
0,evaluation_19,2,0,0,1,1,0,fcfs,2,4,2,0.8,0,completed,3,1,0,reference,0,0,7.297086995095015e-05,3.699096851050854e-05
0,evaluation_19,2,0,0,1,2,0,edf,2,4,2,0.8,0,completed,3,2,0,reference,0,0,8.543115109205246e-05,3.334099892526865e-05
0,evaluation_19,2,0,0,1,1,0,uncertainty,2,4,2,0.8,0,completed,3,1,0,reference,0,0,0.00010440091136842966,5.861697718501091e-05
0,evaluation_19,2,0,0,1,1,0,greedy,2,4,2,0.8,0,completed,3,1,0,reference,0,0,9.182293433696032e-05,4.85139898955822e-05
0,evaluation_19,2,0,0,1,2,0,search,2,4,2,0.8,0,completed,3,2,0,reference,0,0,0.00012137193698436022,5.585991311818361e-05
0,evaluation_19,0,0,0,1,4,0,no_review,2,0,2,0.0,0,completed,3,0,0,reference,0,0,0.0001557391369715333,3.8781086914241314e-05
0,evaluation_19,3,0,0,0,2,0,fcfs,2,3,1,0.6,0,completed,3,2,0,approve_block,0,0,0.00010578997898846865,4.104303661733866e-05
0,evaluation_19,3,0,0,0,2,0,edf,2,3,1,0.6,0,completed,3,2,0,approve_block,0,0,8.982594590634108e-05,3.3998978324234486e-05
0,evaluation_19,3,0,0,0,2,0,uncertainty,2,3,1,0.6,0,completed,3,2,0,approve_block,0,0,0.0001055948669090867,3.466301131993532e-05
0,evaluation_19,3,0,0,0,2,0,greedy,2,3,1,0.6,0,completed,3,2,0,approve_block,0,0,0.0001025940291583538,3.4146010875701904e-05
0,evaluation_19,3,0,0,0,2,0,search,2,3,1,0.6,0,completed,3,2,0,approve_block,0,0,0.00013682397548109293,4.4376938603818417e-05
0,evaluation_19,0,0,0,1,5,0,no_review,2,0,1,0.0,0,completed,3,0,0,approve_block,0,0,0.00014305184595286846,3.299489617347717e-05
0,evaluation_19,2,0,0,1,1,0,fcfs,2,4,2,0.8,0,completed,3,1,0,approve_block,0,0,6.720901001244783e-05,3.209896385669708e-05
0,evaluation_19,2,0,0,1,2,0,edf,2,4,2,0.8,0,completed,3,2,0,approve_block,0,0,0.00011515512596815825,4.9442052841186523e-05
0,evaluation_19,2,0,0,1,1,0,uncertainty,2,4,2,0.8,0,completed,3,1,0,approve_block,0,0,7.278122939169407e-05,3.4607015550136566e-05
0,evaluation_19,2,0,0,1,1,0,greedy,2,4,2,0.8,0,completed,3,1,0,approve_block,0,0,7.466820534318686e-05,3.464100882411003e-05
0,evaluation_19,2,0,0,1,2,0,search,2,4,2,0.8,0,completed,3,2,0,approve_block,0,0,0.0001355600543320179,5.548400804400444e-05
0,evaluation_19,0,0,0,1,4,0,no_review,2,0,2,0.0,0,completed,3,0,0,approve_block,0,0,0.00015537196304649115,4.377297591418028e-05
0,evaluation_19,3,0,0,0,2,0,fcfs,2,3,1,0.6,0,completed,3,2,0,complexity_time,0,0,9.672692976891994e-05,3.200408536940813e-05
0,evaluation_19,3,0,0,0,2,0,edf,2,3,1,0.6,0,completed,3,2,0,complexity_time,0,0,0.00011289294343441725,4.0536047890782356e-05
0,evaluation_19,3,0,0,0,2,0,uncertainty,2,3,1,0.6,0,completed,3,2,0,complexity_time,0,0,0.0001082101371139288,3.9021018892526627e-05
0,evaluation_19,3,0,0,0,2,0,greedy,2,3,1,0.6,0,completed,3,2,0,complexity_time,0,0,8.878926746547222e-05,3.49970068782568e-05
0,evaluation_19,3,0,0,0,2,0,search,2,3,1,0.6,0,completed,3,2,0,complexity_time,0,0,0.00013184198178350925,4.377402365207672e-05
0,evaluation_19,0,0,0,1,5,0,no_review,2,0,1,0.0,0,completed,3,0,0,complexity_time,0,0,0.00016624282579869032,5.171692464500666e-05
0,evaluation_19,2,0,0,1,1,0,fcfs,2,4,2,0.8,0,completed,3,1,0,complexity_time,0,0,6.44440297037363e-05,3.1248084269464016e-05
0,evaluation_19,2,0,0,1,2,0,edf,2,4,2,0.8,0,completed,3,2,0,complexity_time,0,0,0.00011931802146136761,5.255499854683876e-05
0,evaluation_19,2,0,0,1,1,0,uncertainty,2,4,2,0.8,0,completed,3,1,0,complexity_time,0,0,7.99158588051796e-05,4.186492878943682e-05
0,evaluation_19,2,0,0,1,1,0,greedy,2,4,2,0.8,0,completed,3,1,0,complexity_time,0,0,7.94840743765235e-05,4.096305929124355e-05
0,evaluation_19,2,0,0,1,2,0,search,2,4,2,0.8,0,completed,3,2,0,complexity_time,0,0,0.00013070995919406414,5.386199336498976e-05
0,evaluation_19,0,0,0,1,4,0,no_review,2,0,2,0.0,0,completed,3,0,0,complexity_time,0,0,0.00015979004092514515,4.7211069613695145e-05
0,evaluation_20,2,0,0,0,0,4,edf,0,4,2,0.6666666666666666,4,completed,2,1,1,reference,0,0,5.9240031987428665e-05,3.1742965802550316e-05
0,evaluation_20,2,0,0,0,0,4,uncertainty,0,4,2,0.6666666666666666,4,completed,2,1,1,reference,0,0,6.215390749275684e-05,3.429502248764038e-05
0,evaluation_20,2,0,0,0,0,4,greedy,0,4,2,0.6666666666666666,4,completed,2,1,1,reference,0,0,6.1769038438797e-05,3.185600508004427e-05
0,evaluation_20,2,0,0,0,0,4,search,0,4,2,0.6666666666666666,4,completed,2,1,1,reference,0,0,7.06319697201252e-05,3.747397568076849e-05
0,evaluation_20,0,0,0,0,2,4,no_review,0,0,2,0.0,4,completed,2,0,1,reference,0,0,0.00013897602912038565,3.34959477186203e-05
0,evaluation_20,2,0,0,0,0,4,fcfs,0,4,2,0.6666666666666666,4,completed,2,1,1,reference,0,0,5.98301412537694e-05,3.283505793660879e-05
0,evaluation_20,2,0,0,0,0,4,edf,0,2,1,0.3333333333333333,4,completed,2,0,1,reference,0,0,5.751976277679205e-05,2.9578921385109425e-05
0,evaluation_20,2,0,0,0,0,4,uncertainty,0,2,1,0.3333333333333333,4,completed,2,0,1,reference,0,0,5.2183750085532665e-05,2.2943946532905102e-05
0,evaluation_20,2,0,0,0,0,4,greedy,0,2,1,0.3333333333333333,4,completed,2,0,1,reference,0,0,5.129305645823479e-05,2.2471067495644093e-05
0,evaluation_20,2,0,0,0,0,4,search,0,2,1,0.3333333333333333,4,completed,2,0,1,reference,0,0,6.086088251322508e-05,2.8345966711640358e-05
0,evaluation_20,0,0,0,0,3,4,no_review,0,0,1,0.0,4,completed,2,0,1,reference,0,0,0.00012175028678029776,2.3298081941902637e-05
0,evaluation_20,2,0,0,0,0,4,fcfs,0,2,1,0.3333333333333333,4,completed,2,0,1,reference,0,0,4.7279056161642075e-05,2.237397711724043e-05
0,evaluation_20,2,0,0,0,0,4,edf,0,4,2,0.6666666666666666,4,completed,2,1,1,approve_block,0,0,6.049324292689562e-05,3.4468015655875206e-05
0,evaluation_20,2,0,0,0,0,4,uncertainty,0,4,2,0.6666666666666666,4,completed,2,1,1,approve_block,0,0,6.36897748336196e-05,3.7335907109081745e-05
0,evaluation_20,2,0,0,0,0,4,greedy,0,4,2,0.6666666666666666,4,completed,2,1,1,approve_block,0,0,7.158005610108376e-05,4.1823950596153736e-05
0,evaluation_20,2,0,0,0,0,4,search,0,4,2,0.6666666666666666,4,completed,2,1,1,approve_block,0,0,6.994081195443869e-05,3.846990875899792e-05
0,evaluation_20,0,0,0,0,2,4,no_review,0,0,2,0.0,4,completed,2,0,1,approve_block,0,0,0.00013434502761811018,3.265100531280041e-05
0,evaluation_20,2,0,0,0,0,4,fcfs,0,4,2,0.6666666666666666,4,completed,2,1,1,approve_block,0,0,6.204796954989433e-05,3.67180909961462e-05
0,evaluation_20,2,0,0,0,0,4,edf,0,2,1,0.3333333333333333,4,completed,2,0,1,approve_block,0,0,5.7606142945587635e-05,2.835690975189209e-05
0,evaluation_20,2,0,0,0,0,4,uncertainty,0,2,1,0.3333333333333333,4,completed,2,0,1,approve_block,0,0,6.094097625464201e-05,3.7285033613443375e-05
0,evaluation_20,2,0,0,0,0,4,greedy,0,2,1,0.3333333333333333,4,completed,2,0,1,approve_block,0,0,5.834398325532675e-05,2.4126959033310413e-05
0,evaluation_20,2,0,0,0,0,4,search,0,2,1,0.3333333333333333,4,completed,2,0,1,approve_block,0,0,5.750299897044897e-05,2.5366898626089096e-05
0,evaluation_20,0,0,0,0,3,4,no_review,0,0,1,0.0,4,completed,2,0,1,approve_block,0,0,0.0001459369668737054,4.203501157462597e-05
0,evaluation_20,2,0,0,0,0,4,fcfs,0,2,1,0.3333333333333333,4,completed,2,0,1,approve_block,0,0,5.177303683012724e-05,1.9878032617270947e-05
0,evaluation_20,2,0,0,0,0,4,edf,0,4,2,0.6666666666666666,4,completed,2,1,1,complexity_time,0,0,6.409897468984127e-05,3.687397111207247e-05
0,evaluation_20,2,0,0,0,0,4,uncertainty,0,4,2,0.6666666666666666,4,completed,2,1,1,complexity_time,0,0,7.979595102369785e-05,3.914395347237587e-05
0,evaluation_20,2,0,0,0,0,4,greedy,0,4,2,0.6666666666666666,4,completed,2,1,1,complexity_time,0,0,5.830998998135328e-05,3.248301800340414e-05
0,evaluation_20,2,0,0,0,0,4,search,0,4,2,0.6666666666666666,4,completed,2,1,1,complexity_time,0,0,8.664501365274191e-05,4.740792792290449e-05
0,evaluation_20,0,0,0,0,2,4,no_review,0,0,2,0.0,4,completed,2,0,1,complexity_time,0,0,0.0001365268835797906,3.296206705272198e-05
0,evaluation_20,2,0,0,0,0,4,fcfs,0,4,2,0.6666666666666666,4,completed,2,1,1,complexity_time,0,0,4.458916373550892e-05,2.131005749106407e-05
0,evaluation_20,2,0,0,0,0,4,edf,0,2,1,0.3333333333333333,4,completed,2,0,1,complexity_time,0,0,5.5419979616999626e-05,2.6785070076584816e-05
0,evaluation_20,2,0,0,0,0,4,uncertainty,0,2,1,0.3333333333333333,4,completed,2,0,1,complexity_time,0,0,4.9772090278565884e-05,2.3224041797220707e-05
0,evaluation_20,2,0,0,0,0,4,greedy,0,2,1,0.3333333333333333,4,completed,2,0,1,complexity_time,0,0,5.265080835670233e-05,2.490193583071232e-05
0,evaluation_20,2,0,0,0,0,4,search,0,2,1,0.3333333333333333,4,completed,2,0,1,complexity_time,0,0,5.476211663335562e-05,2.67180148512125e-05
0,evaluation_20,0,0,0,0,3,4,no_review,0,0,1,0.0,4,completed,2,0,1,complexity_time,0,0,0.00012777606025338173,2.555898390710354e-05
0,evaluation_20,2,0,0,0,0,4,fcfs,0,2,1,0.3333333333333333,4,completed,2,0,1,complexity_time,0,0,4.919874481856823e-05,2.145790494978428e-05
0,evaluation_20,2,0,0,0,0,4,edf,1,4,2,0.6666666666666666,4,completed,2,1,1,reference,0,0,6.189197301864624e-05,3.475998528301716e-05
0,evaluation_20,2,0,0,0,0,4,uncertainty,1,4,2,0.6666666666666666,4,completed,2,1,1,reference,0,0,5.9429905377328396e-05,3.431900404393673e-05
0,evaluation_20,2,0,0,0,0,4,greedy,1,4,2,0.6666666666666666,4,completed,2,1,1,reference,0,0,6.88720028847456e-05,4.112604074180126e-05
0,evaluation_20,2,0,0,0,0,4,search,1,4,2,0.6666666666666666,4,completed,2,1,1,reference,0,0,7.296109106391668e-05,3.8943951949477196e-05
0,evaluation_20,0,0,0,0,2,4,no_review,1,0,2,0.0,4,completed,2,0,1,reference,0,0,0.00013730605132877827,3.289501182734966e-05
0,evaluation_20,2,0,0,0,0,4,fcfs,1,4,2,0.6666666666666666,4,completed,2,1,1,reference,0,0,5.968182813376188e-05,3.354600630700588e-05
0,evaluation_20,2,0,0,0,0,4,edf,1,2,1,0.3333333333333333,4,completed,2,0,1,reference,0,0,4.3939100578427315e-05,2.2237072698771954e-05
0,evaluation_20,2,0,0,0,0,4,uncertainty,1,2,1,0.3333333333333333,4,completed,2,0,1,reference,0,0,5.371985025703907e-05,2.5718938559293747e-05
0,evaluation_20,2,0,0,0,0,4,greedy,1,2,1,0.3333333333333333,4,completed,2,0,1,reference,0,0,5.4633128456771374e-05,2.349400892853737e-05
0,evaluation_20,2,0,0,0,0,4,search,1,2,1,0.3333333333333333,4,completed,2,0,1,reference,0,0,6.434810347855091e-05,2.892094198614359e-05
0,evaluation_20,0,0,0,0,3,4,no_review,1,0,1,0.0,4,completed,2,0,1,reference,0,0,0.00014910695608705282,4.032405558973551e-05
0,evaluation_20,2,0,0,0,0,4,fcfs,1,2,1,0.3333333333333333,4,completed,2,0,1,reference,0,0,6.075098644942045e-05,3.2255076803267e-05
0,evaluation_20,2,0,0,0,0,4,edf,1,4,2,0.6666666666666666,4,completed,2,1,1,approve_block,0,0,6.614904850721359e-05,3.420200664550066e-05
0,evaluation_20,2,0,0,0,0,4,uncertainty,1,4,2,0.6666666666666666,4,completed,2,1,1,approve_block,0,0,7.154815830290318e-05,4.3274019844830036e-05
0,evaluation_20,2,0,0,0,0,4,greedy,1,4,2,0.6666666666666666,4,completed,2,1,1,approve_block,0,0,7.504003588110209e-05,4.540290683507919e-05
0,evaluation_20,2,0,0,0,0,4,search,1,4,2,0.6666666666666666,4,completed,2,1,1,approve_block,0,0,7.508101407438517e-05,4.158006049692631e-05
0,evaluation_20,0,0,0,0,2,4,no_review,1,0,2,0.0,4,completed,2,0,1,approve_block,0,0,0.00014132913202047348,3.434298560023308e-05
0,evaluation_20,2,0,0,0,0,4,fcfs,1,4,2,0.6666666666666666,4,completed,2,1,1,approve_block,0,0,6.459502037614584e-05,3.621901851147413e-05
0,evaluation_20,2,0,0,0,0,4,edf,1,2,1,0.3333333333333333,4,completed,2,0,1,approve_block,0,0,5.9057027101516724e-05,2.7418951503932476e-05
0,evaluation_20,2,0,0,0,0,4,uncertainty,1,2,1,0.3333333333333333,4,completed,2,0,1,approve_block,0,0,5.3912983275949955e-05,2.4326960556209087e-05
0,evaluation_20,2,0,0,0,0,4,greedy,1,2,1,0.3333333333333333,4,completed,2,0,1,approve_block,0,0,5.2917865104973316e-05,2.4928944185376167e-05
0,evaluation_20,2,0,0,0,0,4,search,1,2,1,0.3333333333333333,4,completed,2,0,1,approve_block,0,0,6.140896584838629e-05,2.885900903493166e-05
0,evaluation_20,0,0,0,0,3,4,no_review,1,0,1,0.0,4,completed,2,0,1,approve_block,0,0,0.00012289918959140778,2.3193075321614742e-05
0,evaluation_20,2,0,0,0,0,4,fcfs,1,2,1,0.3333333333333333,4,completed,2,0,1,approve_block,0,0,4.8493966460227966e-05,2.078595571219921e-05
0,evaluation_20,2,0,0,0,0,4,edf,1,4,2,0.6666666666666666,4,completed,2,1,1,complexity_time,0,0,6.584310904145241e-05,3.963196650147438e-05
0,evaluation_20,2,0,0,0,0,4,uncertainty,1,4,2,0.6666666666666666,4,completed,2,1,1,complexity_time,0,0,5.8737932704389095e-05,2.9549933969974518e-05
0,evaluation_20,2,0,0,0,0,4,greedy,1,4,2,0.6666666666666666,4,completed,2,1,1,complexity_time,0,0,7.240008562803268e-05,4.351395182311535e-05
0,evaluation_20,2,0,0,0,0,4,search,1,4,2,0.6666666666666666,4,completed,2,1,1,complexity_time,0,0,7.143593393266201e-05,4.09269705414772e-05
0,evaluation_20,0,0,0,0,2,4,no_review,1,0,2,0.0,4,completed,2,0,1,complexity_time,0,0,0.00012640701606869698,2.4477951228618622e-05
0,evaluation_20,2,0,0,0,0,4,fcfs,1,4,2,0.6666666666666666,4,completed,2,1,1,complexity_time,0,0,6.528222002089024e-05,3.7777004763484e-05
0,evaluation_20,2,0,0,0,0,4,edf,1,2,1,0.3333333333333333,4,completed,2,0,1,complexity_time,0,0,5.676003638654947e-05,2.8353999368846416e-05
0,evaluation_20,2,0,0,0,0,4,uncertainty,1,2,1,0.3333333333333333,4,completed,2,0,1,complexity_time,0,0,6.893603131175041e-05,3.7379912100732327e-05
0,evaluation_20,2,0,0,0,0,4,greedy,1,2,1,0.3333333333333333,4,completed,2,0,1,complexity_time,0,0,5.439703818410635e-05,2.353009767830372e-05
0,evaluation_20,2,0,0,0,0,4,search,1,2,1,0.3333333333333333,4,completed,2,0,1,complexity_time,0,0,6.023107562214136e-05,2.774200402200222e-05
0,evaluation_20,0,0,0,0,3,4,no_review,1,0,1,0.0,4,completed,2,0,1,complexity_time,0,0,0.00012934079859405756,2.822093665599823e-05
0,evaluation_20,2,0,0,0,0,4,fcfs,1,2,1,0.3333333333333333,4,completed,2,0,1,complexity_time,0,0,4.670012276619673e-05,2.051098272204399e-05
0,evaluation_20,2,0,0,0,0,4,edf,2,4,2,0.6666666666666666,4,completed,2,1,1,reference,0,0,6.0628168284893036e-05,3.509910311549902e-05
0,evaluation_20,2,0,0,0,0,4,uncertainty,2,4,2,0.6666666666666666,4,completed,2,1,1,reference,0,0,6.37831399217248e-05,3.566499799489975e-05
0,evaluation_20,2,0,0,0,0,4,greedy,2,4,2,0.6666666666666666,4,completed,2,1,1,reference,0,0,6.40869839116931e-05,3.48920002579689e-05
0,evaluation_20,2,0,0,0,0,4,search,2,4,2,0.6666666666666666,4,completed,2,1,1,reference,0,0,8.495396468788385e-05,4.4245971366763115e-05
0,evaluation_20,0,0,0,0,2,4,no_review,2,0,2,0.0,4,completed,2,0,1,reference,0,0,0.0001339470036327839,2.9932940378785133e-05
0,evaluation_20,2,0,0,0,0,4,fcfs,2,4,2,0.6666666666666666,4,completed,2,1,1,reference,0,0,6.191502325236797e-05,3.641203511506319e-05
0,evaluation_20,2,0,0,0,0,4,edf,2,2,1,0.3333333333333333,4,completed,2,0,1,reference,0,0,4.803284537047148e-05,2.159306313842535e-05
0,evaluation_20,2,0,0,0,0,4,uncertainty,2,2,1,0.3333333333333333,4,completed,2,0,1,reference,0,0,5.612790118902922e-05,2.664094790816307e-05
0,evaluation_20,2,0,0,0,0,4,greedy,2,2,1,0.3333333333333333,4,completed,2,0,1,reference,0,0,4.516215994954109e-05,2.2406107746064663e-05
0,evaluation_20,2,0,0,0,0,4,search,2,2,1,0.3333333333333333,4,completed,2,0,1,reference,0,0,6.0681020841002464e-05,2.744502853602171e-05
0,evaluation_20,0,0,0,0,3,4,no_review,2,0,1,0.0,4,completed,2,0,1,reference,0,0,0.00013773690443485975,3.363389987498522e-05
0,evaluation_20,2,0,0,0,0,4,fcfs,2,2,1,0.3333333333333333,4,completed,2,0,1,reference,0,0,4.8276036977767944e-05,2.2351974621415138e-05
0,evaluation_20,2,0,0,0,0,4,edf,2,4,2,0.6666666666666666,4,completed,2,1,1,approve_block,0,0,5.184020847082138e-05,2.323905937373638e-05
0,evaluation_20,2,0,0,0,0,4,uncertainty,2,4,2,0.6666666666666666,4,completed,2,1,1,approve_block,0,0,6.676604971289635e-05,3.9677019231021404e-05
0,evaluation_20,2,0,0,0,0,4,greedy,2,4,2,0.6666666666666666,4,completed,2,1,1,approve_block,0,0,6.0660066083073616e-05,3.385101445019245e-05
0,evaluation_20,2,0,0,0,0,4,search,2,4,2,0.6666666666666666,4,completed,2,1,1,approve_block,0,0,7.203395944088697e-05,3.949098754674196e-05
0,evaluation_20,0,0,0,0,2,4,no_review,2,0,2,0.0,4,completed,2,0,1,approve_block,0,0,0.00012473692186176777,2.3232074454426765e-05
0,evaluation_20,2,0,0,0,0,4,fcfs,2,4,2,0.6666666666666666,4,completed,2,1,1,approve_block,0,0,9.764696005731821e-05,6.623403169214725e-05
0,evaluation_20,2,0,0,0,0,4,edf,2,2,1,0.3333333333333333,4,completed,2,0,1,approve_block,0,0,5.3418916650116444e-05,2.3763044737279415e-05
0,evaluation_20,2,0,0,0,0,4,uncertainty,2,2,1,0.3333333333333333,4,completed,2,0,1,approve_block,0,0,5.5625103414058685e-05,2.5016022846102715e-05
0,evaluation_20,2,0,0,0,0,4,greedy,2,2,1,0.3333333333333333,4,completed,2,0,1,approve_block,0,0,5.490705370903015e-05,2.5874003767967224e-05
0,evaluation_20,2,0,0,0,0,4,search,2,2,1,0.3333333333333333,4,completed,2,0,1,approve_block,0,0,5.942396819591522e-05,2.7270056307315826e-05
0,evaluation_20,0,0,0,0,3,4,no_review,2,0,1,0.0,4,completed,2,0,1,approve_block,0,0,0.00013982993550598621,3.63329891115427e-05
0,evaluation_20,2,0,0,0,0,4,fcfs,2,2,1,0.3333333333333333,4,completed,2,0,1,approve_block,0,0,3.696815110743046e-05,1.701805740594864e-05
0,evaluation_20,2,0,0,0,0,4,edf,2,4,2,0.6666666666666666,4,completed,2,1,1,complexity_time,0,0,7.231987547129393e-05,4.309497307986021e-05
0,evaluation_20,2,0,0,0,0,4,uncertainty,2,4,2,0.6666666666666666,4,completed,2,1,1,complexity_time,0,0,4.4230837374925613e-05,2.1735904738307e-05
0,evaluation_20,2,0,0,0,0,4,greedy,2,4,2,0.6666666666666666,4,completed,2,1,1,complexity_time,0,0,6.201316136866808e-05,3.55580123141408e-05
0,evaluation_20,2,0,0,0,0,4,search,2,4,2,0.6666666666666666,4,completed,2,1,1,complexity_time,0,0,7.152312900871038e-05,4.1378079913556576e-05
0,evaluation_20,0,0,0,0,2,4,no_review,2,0,2,0.0,4,completed,2,0,1,complexity_time,0,0,0.00014040607493370771,3.8196914829313755e-05
0,evaluation_20,2,0,0,0,0,4,fcfs,2,4,2,0.6666666666666666,4,completed,2,1,1,complexity_time,0,0,4.411477129906416e-05,2.0429957658052444e-05
0,evaluation_20,2,0,0,0,0,4,edf,2,2,1,0.3333333333333333,4,completed,2,0,1,complexity_time,0,0,5.445408169180155e-05,2.421403769403696e-05
0,evaluation_20,2,0,0,0,0,4,uncertainty,2,2,1,0.3333333333333333,4,completed,2,0,1,complexity_time,0,0,6.117578595876694e-05,2.6625930331647396e-05
0,evaluation_20,2,0,0,0,0,4,greedy,2,2,1,0.3333333333333333,4,completed,2,0,1,complexity_time,0,0,5.6494143791496754e-05,2.605607733130455e-05
0,evaluation_20,2,0,0,0,0,4,search,2,2,1,0.3333333333333333,4,completed,2,0,1,complexity_time,0,0,6.05899840593338e-05,2.7739908546209335e-05
0,evaluation_20,0,0,0,0,3,4,no_review,2,0,1,0.0,4,completed,2,0,1,complexity_time,0,0,0.00013698311522603035,3.312993794679642e-05
0,evaluation_20,2,0,0,0,0,4,fcfs,2,2,1,0.3333333333333333,4,completed,2,0,1,complexity_time,0,0,4.7798966988921165e-05,2.222997136414051e-05
0,evaluation_21,2,1,0,2,2,0,uncertainty,0,2,1,0.4,0,completed,3,0,0,reference,0,0,7.906707469373941e-05,3.6156969144940376e-05
0,evaluation_21,2,1,0,2,2,0,greedy,0,2,1,0.4,0,completed,3,0,0,reference,0,0,0.00010239297989755869,5.748902913182974e-05
0,evaluation_21,3,1,0,2,2,0,search,0,3,1,0.6,0,completed,3,2,0,reference,0,0,0.00015994103159755468,6.300606764853e-05
0,evaluation_21,0,0,1,4,5,12,no_review,0,0,1,0.0,4,completed,2,0,0,reference,8,1,0.00016057631000876427,4.690105561167002e-05
0,evaluation_21,3,1,0,2,2,0,fcfs,0,3,1,0.6,0,completed,3,2,0,reference,0,0,0.00010027480311691761,3.357196692377329e-05
0,evaluation_21,3,1,0,2,2,0,edf,0,3,1,0.6,0,completed,3,2,0,reference,0,0,0.00011675490532070398,3.8240919820964336e-05
0,evaluation_21,2,1,0,1,1,0,uncertainty,0,4,2,0.8,0,completed,3,1,0,reference,0,0,0.00010190985631197691,6.221095100045204e-05
0,evaluation_21,2,1,0,1,1,0,greedy,0,4,2,0.8,0,completed,3,1,0,reference,0,0,7.721700239926577e-05,3.673101309686899e-05
0,evaluation_21,2,1,0,1,2,0,search,0,4,2,0.8,0,completed,3,1,0,reference,0,0,0.0001301219454035163,5.405605770647526e-05
0,evaluation_21,0,0,1,2,4,12,no_review,0,0,2,0.0,4,completed,2,0,0,reference,8,1,0.0001424551010131836,3.27361049130559e-05
0,evaluation_21,2,0,1,1,2,12,fcfs,0,4,2,0.8,4,completed,2,2,0,reference,8,1,0.00011076300870627165,4.6478002332150936e-05
0,evaluation_21,2,0,1,1,2,12,edf,0,4,2,0.8,4,completed,2,2,0,reference,8,1,0.00010087504051625729,3.53730283677578e-05
1,evaluation_21,2,0,0,2,2,4,uncertainty,0,2,1,0.4,4,completed,2,0,0,approve_block,0,0,7.931492291390896e-05,3.6743003875017166e-05
1,evaluation_21,2,0,0,2,2,4,greedy,0,2,1,0.4,4,completed,2,0,0,approve_block,0,0,7.256795652210712e-05,3.495090641081333e-05
1,evaluation_21,3,0,0,2,2,4,search,0,3,1,0.6,4,completed,2,2,0,approve_block,0,0,0.00014629121869802475,4.929106216877699e-05
0,evaluation_21,0,0,1,4,5,12,no_review,0,0,1,0.0,4,completed,2,0,0,approve_block,8,1,0.00015781098045408726,4.3533043935894966e-05
1,evaluation_21,3,0,0,2,2,4,fcfs,0,3,1,0.6,4,completed,2,2,0,approve_block,0,0,0.00012972392141819,5.113997031003237e-05
1,evaluation_21,3,0,0,2,2,4,edf,0,3,1,0.6,4,completed,2,2,0,approve_block,0,0,0.00010955589823424816,3.821693826466799e-05
1,evaluation_21,2,0,0,1,1,4,uncertainty,0,4,2,0.8,4,completed,2,1,0,approve_block,0,0,7.693388033658266e-05,3.797805402427912e-05
1,evaluation_21,2,0,0,1,1,4,greedy,0,4,2,0.8,4,completed,2,1,0,approve_block,0,0,7.925101090222597e-05,4.097004421055317e-05
1,evaluation_21,2,0,0,1,2,4,search,0,4,2,0.8,4,completed,2,1,0,approve_block,0,0,0.00013071997091174126,5.435000639408827e-05
0,evaluation_21,0,0,1,2,4,12,no_review,0,0,2,0.0,4,completed,2,0,0,approve_block,8,1,0.00015759107191115618,3.440701402723789e-05
0,evaluation_21,2,0,1,1,2,12,fcfs,0,4,2,0.8,4,completed,2,2,0,approve_block,8,1,0.00011265918146818876,4.25390899181366e-05
0,evaluation_21,2,0,1,1,2,12,edf,0,4,2,0.8,4,completed,2,2,0,approve_block,8,1,9.510712698101997e-05,3.455905243754387e-05
0,evaluation_21,2,1,0,2,2,0,uncertainty,0,2,1,0.4,0,completed,3,0,0,complexity_time,0,0,7.530685979872942e-05,3.483996260911226e-05
0,evaluation_21,2,1,0,2,2,0,greedy,0,2,1,0.4,0,completed,3,0,0,complexity_time,0,0,6.741902325302362e-05,3.14801000058651e-05
0,evaluation_21,3,1,0,2,2,0,search,0,3,1,0.6,0,completed,3,2,0,complexity_time,0,0,0.00012552901171147823,4.2531988583505154e-05
0,evaluation_21,0,0,1,4,5,12,no_review,0,0,1,0.0,4,completed,2,0,0,complexity_time,8,1,0.0001751199597492814,5.271297413855791e-05
0,evaluation_21,3,1,0,2,2,0,fcfs,0,3,1,0.6,0,completed,3,2,0,complexity_time,0,0,0.00011466105934232473,4.476902540773153e-05
0,evaluation_21,3,1,0,2,2,0,edf,0,3,1,0.6,0,completed,3,2,0,complexity_time,0,0,0.00011551403440535069,4.590896423906088e-05
0,evaluation_21,2,1,0,1,1,0,uncertainty,0,4,2,0.8,0,completed,3,1,0,complexity_time,0,0,7.467682007700205e-05,3.53669747710228e-05
0,evaluation_21,2,1,0,1,1,0,greedy,0,4,2,0.8,0,completed,3,1,0,complexity_time,0,0,7.244909647852182e-05,3.40059632435441e-05
0,evaluation_21,2,1,0,1,2,0,search,0,4,2,0.8,0,completed,3,1,0,complexity_time,0,0,0.00014902104157954454,6.195297464728355e-05
0,evaluation_21,0,0,1,2,4,12,no_review,0,0,2,0.0,4,completed,2,0,0,complexity_time,8,1,0.00014972803182899952,3.990193363279104e-05
0,evaluation_21,2,0,1,1,2,12,fcfs,0,4,2,0.8,4,completed,2,2,0,complexity_time,8,1,0.00013085815589874983,6.243400275707245e-05
0,evaluation_21,2,0,1,1,2,12,edf,0,4,2,0.8,4,completed,2,2,0,complexity_time,8,1,0.00011556397657841444,4.432490095496178e-05
0,evaluation_21,2,1,0,2,2,0,uncertainty,1,2,1,0.4,0,completed,3,0,0,reference,0,0,7.690093480050564e-05,3.6534969694912434e-05
0,evaluation_21,2,1,0,2,2,0,greedy,1,2,1,0.4,0,completed,3,0,0,reference,0,0,7.324572652578354e-05,3.5281991586089134e-05
0,evaluation_21,3,1,0,2,2,0,search,1,3,1,0.6,0,completed,3,2,0,reference,0,0,0.00014505384024232626,5.326606333255768e-05
0,evaluation_21,0,0,1,4,5,12,no_review,1,0,1,0.0,4,completed,2,0,0,reference,8,1,0.00017659517470747232,4.9693044275045395e-05
0,evaluation_21,3,1,0,2,2,0,fcfs,1,3,1,0.6,0,completed,3,2,0,reference,0,0,0.00011974421795457602,5.3219031542539597e-05
0,evaluation_21,3,1,0,2,2,0,edf,1,3,1,0.6,0,completed,3,2,0,reference,0,0,9.641889482736588e-05,3.364798612892628e-05
0,evaluation_21,2,1,0,1,1,0,uncertainty,1,4,2,0.8,0,completed,3,1,0,reference,0,0,7.23871635273099e-05,3.459898289293051e-05
0,evaluation_21,2,1,0,1,1,0,greedy,1,4,2,0.8,0,completed,3,1,0,reference,0,0,8.866703137755394e-05,4.30369982495904e-05
0,evaluation_21,2,1,0,1,2,0,search,1,4,2,0.8,0,completed,3,1,0,reference,0,0,0.00012610212434083223,5.2186078391969204e-05
0,evaluation_21,0,0,1,2,4,12,no_review,1,0,2,0.0,4,completed,2,0,0,reference,8,1,0.00015740806702524424,4.617089871317148e-05
0,evaluation_21,2,0,1,1,2,12,fcfs,1,4,2,0.8,4,completed,2,2,0,reference,8,1,0.00010609312448650599,4.543305840343237e-05
0,evaluation_21,2,0,1,1,2,12,edf,1,4,2,0.8,4,completed,2,2,0,reference,8,1,0.0001115680206567049,4.1609047912061214e-05
1,evaluation_21,2,0,0,2,2,4,uncertainty,1,2,1,0.4,4,completed,2,0,0,approve_block,0,0,7.213011849671602e-05,3.245496191084385e-05
1,evaluation_21,2,0,0,2,2,4,greedy,1,2,1,0.4,4,completed,2,0,0,approve_block,0,0,9.923416655510664e-05,5.96391037106514e-05
1,evaluation_21,3,0,0,2,2,4,search,1,3,1,0.6,4,completed,2,2,0,approve_block,0,0,0.00012736814096570015,4.7122943215072155e-05
0,evaluation_21,0,0,1,4,5,12,no_review,1,0,1,0.0,4,completed,2,0,0,approve_block,8,1,0.00016275199595838785,5.0015049055218697e-05
1,evaluation_21,3,0,0,2,2,4,fcfs,1,3,1,0.6,4,completed,2,2,0,approve_block,0,0,0.00010758801363408566,4.13989182561636e-05
1,evaluation_21,3,0,0,2,2,4,edf,1,3,1,0.6,4,completed,2,2,0,approve_block,0,0,0.00011792790610343218,4.686799366027117e-05
1,evaluation_21,2,0,0,1,1,4,uncertainty,1,4,2,0.8,4,completed,2,1,0,approve_block,0,0,7.021497003734112e-05,3.506301436573267e-05
1,evaluation_21,2,0,0,1,1,4,greedy,1,4,2,0.8,4,completed,2,1,0,approve_block,0,0,7.280101999640465e-05,3.61419515684247e-05
1,evaluation_21,2,0,0,1,2,4,search,1,4,2,0.8,4,completed,2,1,0,approve_block,0,0,0.00012657605111598969,5.3236959502100945e-05
0,evaluation_21,0,0,1,2,4,12,no_review,1,0,2,0.0,4,completed,2,0,0,approve_block,8,1,0.000152682070620358,4.5598018914461136e-05
0,evaluation_21,2,0,1,1,2,12,fcfs,1,4,2,0.8,4,completed,2,2,0,approve_block,8,1,8.747901301831007e-05,3.308698069304228e-05
0,evaluation_21,2,0,1,1,2,12,edf,1,4,2,0.8,4,completed,2,2,0,approve_block,8,1,0.00011473684571683407,4.449801053851843e-05
0,evaluation_21,2,1,0,2,2,0,uncertainty,1,2,1,0.4,0,completed,3,0,0,complexity_time,0,0,0.00010426284279674292,5.811196751892567e-05
0,evaluation_21,2,1,0,2,2,0,greedy,1,2,1,0.4,0,completed,3,0,0,complexity_time,0,0,7.313780952244997e-05,3.4766970202326775e-05
0,evaluation_21,3,1,0,2,2,0,search,1,3,1,0.6,0,completed,3,2,0,complexity_time,0,0,0.00011286407243460417,4.275504034012556e-05
0,evaluation_21,0,0,1,4,5,12,no_review,1,0,1,0.0,4,completed,2,0,0,complexity_time,8,1,0.00015241897199302912,4.207796882838011e-05
0,evaluation_21,3,1,0,2,2,0,fcfs,1,3,1,0.6,0,completed,3,2,0,complexity_time,0,0,0.00012135191354900599,5.4319039918482304e-05
0,evaluation_21,3,1,0,2,2,0,edf,1,3,1,0.6,0,completed,3,2,0,complexity_time,0,0,0.0001293111126869917,6.054400000721216e-05
0,evaluation_21,2,1,0,1,1,0,uncertainty,1,4,2,0.8,0,completed,3,1,0,complexity_time,0,0,8.989905472844839e-05,4.3996027670800686e-05
0,evaluation_21,2,1,0,1,1,0,greedy,1,4,2,0.8,0,completed,3,1,0,complexity_time,0,0,7.758510764688253e-05,3.769202157855034e-05
0,evaluation_21,2,1,0,1,2,0,search,1,4,2,0.8,0,completed,3,1,0,complexity_time,0,0,0.0001465269597247243,6.153190042823553e-05
0,evaluation_21,0,0,1,2,4,12,no_review,1,0,2,0.0,4,completed,2,0,0,complexity_time,8,1,0.000153709901496768,4.225794691592455e-05
0,evaluation_21,2,0,1,1,2,12,fcfs,1,4,2,0.8,4,completed,2,2,0,complexity_time,8,1,0.00010928616393357515,4.516309127211571e-05
0,evaluation_21,2,0,1,1,2,12,edf,1,4,2,0.8,4,completed,2,2,0,complexity_time,8,1,0.00011154590174555779,4.9685011617839336e-05
0,evaluation_21,2,1,0,2,2,0,uncertainty,2,2,1,0.4,0,completed,3,0,0,reference,0,0,7.340009324252605e-05,3.361701965332031e-05
0,evaluation_21,2,1,0,2,2,0,greedy,2,2,1,0.4,0,completed,3,0,0,reference,0,0,0.00010254199150949717,6.254995241761208e-05
0,evaluation_21,3,1,0,2,2,0,search,2,3,1,0.6,0,completed,3,2,0,reference,0,0,0.00014827994164079428,5.4536969400942326e-05
0,evaluation_21,0,0,1,4,5,12,no_review,2,0,1,0.0,4,completed,2,0,0,reference,8,1,0.0001677451655268669,5.6393095292150974e-05
0,evaluation_21,3,1,0,2,2,0,fcfs,2,3,1,0.6,0,completed,3,2,0,reference,0,0,9.620690252631903e-05,3.211305011063814e-05
0,evaluation_21,3,1,0,2,2,0,edf,2,3,1,0.6,0,completed,3,2,0,reference,0,0,0.00010865484364330769,3.889400977641344e-05
0,evaluation_21,2,1,0,1,1,0,uncertainty,2,4,2,0.8,0,completed,3,1,0,reference,0,0,7.498590275645256e-05,3.435893449932337e-05
0,evaluation_21,2,1,0,1,1,0,greedy,2,4,2,0.8,0,completed,3,1,0,reference,0,0,7.449893746525049e-05,3.5812961868941784e-05
0,evaluation_21,2,1,0,1,2,0,search,2,4,2,0.8,0,completed,3,1,0,reference,0,0,0.00012143398635089397,5.54799335077405e-05
0,evaluation_21,0,0,1,2,4,12,no_review,2,0,2,0.0,4,completed,2,0,0,reference,8,1,0.000157458009198308,4.051800351589918e-05
0,evaluation_21,2,0,1,1,2,12,fcfs,2,4,2,0.8,4,completed,2,2,0,reference,8,1,0.00010491104330867529,4.060205537825823e-05
0,evaluation_21,2,0,1,1,2,12,edf,2,4,2,0.8,4,completed,2,2,0,reference,8,1,0.0001248710323125124,4.72610117867589e-05
1,evaluation_21,2,0,0,2,2,4,uncertainty,2,2,1,0.4,4,completed,2,0,0,approve_block,0,0,7.427413947880268e-05,3.605999518185854e-05
1,evaluation_21,2,0,0,2,2,4,greedy,2,2,1,0.4,4,completed,2,0,0,approve_block,0,0,7.492699660360813e-05,3.6041950806975365e-05
1,evaluation_21,3,0,0,2,2,4,search,2,3,1,0.6,4,completed,2,2,0,approve_block,0,0,0.00010790396481752396,4.187505692243576e-05
0,evaluation_21,0,0,1,4,5,12,no_review,2,0,1,0.0,4,completed,2,0,0,approve_block,8,1,0.00015336519572883844,4.0323007851839066e-05
1,evaluation_21,3,0,0,2,2,4,fcfs,2,3,1,0.6,4,completed,2,2,0,approve_block,0,0,0.00010583107359707355,4.2176106944680214e-05
1,evaluation_21,3,0,0,2,2,4,edf,2,3,1,0.6,4,completed,2,2,0,approve_block,0,0,0.00010939710773527622,3.59630212187767e-05
1,evaluation_21,2,0,0,1,1,4,uncertainty,2,4,2,0.8,4,completed,2,1,0,approve_block,0,0,7.402419578284025e-05,3.4791999496519566e-05
1,evaluation_21,2,0,0,1,1,4,greedy,2,4,2,0.8,4,completed,2,1,0,approve_block,0,0,7.642607670277357e-05,3.863498568534851e-05
1,evaluation_21,2,0,0,1,2,4,search,2,4,2,0.8,4,completed,2,1,0,approve_block,0,0,0.00013796717394143343,6.142409984022379e-05
0,evaluation_21,0,0,1,2,4,12,no_review,2,0,2,0.0,4,completed,2,0,0,approve_block,8,1,0.00016175606288015842,4.7366018407046795e-05
0,evaluation_21,2,0,1,1,2,12,fcfs,2,4,2,0.8,4,completed,2,2,0,approve_block,8,1,0.0001202139537781477,5.3141964599490166e-05
0,evaluation_21,2,0,1,1,2,12,edf,2,4,2,0.8,4,completed,2,2,0,approve_block,8,1,0.0001052339794114232,4.200998228043318e-05
0,evaluation_21,2,1,0,2,2,0,uncertainty,2,2,1,0.4,0,completed,3,0,0,complexity_time,0,0,7.066386751830578e-05,3.264495171606541e-05
0,evaluation_21,2,1,0,2,2,0,greedy,2,2,1,0.4,0,completed,3,0,0,complexity_time,0,0,7.352896500378847e-05,3.61449783667922e-05
0,evaluation_21,3,1,0,2,2,0,search,2,3,1,0.6,0,completed,3,2,0,complexity_time,0,0,0.00013470184057950974,4.369206726551056e-05
0,evaluation_21,0,0,1,4,5,12,no_review,2,0,1,0.0,4,completed,2,0,0,complexity_time,8,1,0.0001593459164723754,4.615890793502331e-05
0,evaluation_21,3,1,0,2,2,0,fcfs,2,3,1,0.6,0,completed,3,2,0,complexity_time,0,0,8.97218706086278e-05,3.4788972698152065e-05
0,evaluation_21,3,1,0,2,2,0,edf,2,3,1,0.6,0,completed,3,2,0,complexity_time,0,0,0.00011230772361159325,4.183093551546335e-05
0,evaluation_21,2,1,0,1,1,0,uncertainty,2,4,2,0.8,0,completed,3,1,0,complexity_time,0,0,7.461197674274445e-05,3.6680023185908794e-05
0,evaluation_21,2,1,0,1,1,0,greedy,2,4,2,0.8,0,completed,3,1,0,complexity_time,0,0,7.766205817461014e-05,3.641704097390175e-05
0,evaluation_21,2,1,0,1,2,0,search,2,4,2,0.8,0,completed,3,1,0,complexity_time,0,0,0.00011644000187516212,4.741491284221411e-05
0,evaluation_21,0,0,1,2,4,12,no_review,2,0,2,0.0,4,completed,2,0,0,complexity_time,8,1,0.0001649119658395648,5.269201938062906e-05
0,evaluation_21,2,0,1,1,2,12,fcfs,2,4,2,0.8,4,completed,2,2,0,complexity_time,8,1,0.00012596510350704193,5.816703196614981e-05
0,evaluation_21,2,0,1,1,2,12,edf,2,4,2,0.8,4,completed,2,2,0,complexity_time,8,1,0.00011409108992666006,4.3536070734262466e-05
0,evaluation_22,2,1,0,1,1,0,greedy,0,4,2,0.6666666666666666,0,completed,3,1,0,reference,0,0,7.178110536187887e-05,3.3940072171390057e-05
0,evaluation_22,3,1,0,1,2,0,search,0,6,2,1.0,0,completed,3,5,0,reference,0,0,0.00014216499403119087,5.315197631716728e-05
0,evaluation_22,0,0,1,1,3,16,no_review,0,0,2,0.0,4,completed,2,0,0,reference,12,1,0.00017823895905166864,4.9228896386921406e-05
0,evaluation_22,2,1,0,1,1,0,fcfs,0,4,2,0.6666666666666666,0,completed,3,1,0,reference,0,0,7.38329254090786e-05,3.798899706453085e-05
0,evaluation_22,3,1,0,1,2,0,edf,0,6,2,1.0,0,completed,3,5,0,reference,0,0,0.0001074369065463543,4.055502358824015e-05
0,evaluation_22,2,1,0,1,1,0,uncertainty,0,4,2,0.6666666666666666,0,completed,3,1,0,reference,0,0,8.052599150687456e-05,4.279997665435076e-05
0,evaluation_22,2,1,0,1,2,0,greedy,0,2,1,0.3333333333333333,0,completed,3,0,0,reference,0,0,7.819489110261202e-05,3.60079575330019e-05
0,evaluation_22,3,1,0,1,2,0,search,0,3,1,0.5,0,completed,3,2,0,reference,0,0,0.00011227605864405632,4.184397403150797e-05
0,evaluation_22,0,0,1,1,4,16,no_review,0,0,1,0.0,4,completed,2,0,0,reference,12,1,0.00021700526122003794,5.320296622812748e-05
0,evaluation_22,3,1,0,1,2,0,fcfs,0,3,1,0.5,0,completed,3,2,0,reference,0,0,9.647104889154434e-05,3.355205990374088e-05
0,evaluation_22,3,1,0,0,2,0,edf,0,3,1,0.5,0,completed,3,2,0,reference,0,0,0.00010856392327696085,3.594905138015747e-05
0,evaluation_22,2,1,0,1,2,0,uncertainty,0,2,1,0.3333333333333333,0,completed,3,0,0,reference,0,0,7.1499845944345e-05,3.302190452814102e-05
1,evaluation_22,2,0,0,1,1,4,greedy,0,4,2,0.6666666666666666,4,completed,2,1,0,approve_block,0,0,8.161005098372698e-05,4.28520143032074e-05
1,evaluation_22,3,0,0,1,2,4,search,0,6,2,1.0,4,completed,2,5,0,approve_block,0,0,0.00014185381587594748,5.125196184962988e-05
0,evaluation_22,0,0,1,1,3,16,no_review,0,0,2,0.0,4,completed,2,0,0,approve_block,12,1,0.00019091006834059954,5.034299101680517e-05
1,evaluation_22,2,0,0,1,1,4,fcfs,0,4,2,0.6666666666666666,4,completed,2,1,0,approve_block,0,0,6.76008639857173e-05,3.232795279473066e-05
1,evaluation_22,3,0,0,1,2,4,edf,0,6,2,1.0,4,completed,2,5,0,approve_block,0,0,0.00012230605352669954,4.2770057916641235e-05
1,evaluation_22,2,0,0,1,1,4,uncertainty,0,4,2,0.6666666666666666,4,completed,2,1,0,approve_block,0,0,9.991286788135767e-05,5.464989226311445e-05
1,evaluation_22,2,0,0,1,2,4,greedy,0,2,1,0.3333333333333333,4,completed,2,0,0,approve_block,0,0,0.00012082117609679699,7.999397348612547e-05
1,evaluation_22,3,0,0,1,2,4,search,0,3,1,0.5,4,completed,2,2,0,approve_block,0,0,0.00014731194823980331,5.899590905755758e-05
0,evaluation_22,0,0,1,1,4,16,no_review,0,0,1,0.0,4,completed,2,0,0,approve_block,12,1,0.00017014006152749062,4.097202327102423e-05
1,evaluation_22,3,0,0,1,2,4,fcfs,0,3,1,0.5,4,completed,2,2,0,approve_block,0,0,9.492796380072832e-05,3.077392466366291e-05
1,evaluation_22,3,0,0,0,2,4,edf,0,3,1,0.5,4,completed,2,2,0,approve_block,0,0,0.00010552618186920881,3.4585013054311275e-05
1,evaluation_22,2,0,0,1,2,4,uncertainty,0,2,1,0.3333333333333333,4,completed,2,0,0,approve_block,0,0,6.658793427050114e-05,3.1417934224009514e-05
0,evaluation_22,2,1,0,1,1,0,greedy,0,4,2,0.6666666666666666,0,completed,3,1,0,complexity_time,0,0,8.040398824959993e-05,4.1723018512129784e-05
0,evaluation_22,3,1,0,1,2,0,search,0,6,2,1.0,0,completed,3,5,0,complexity_time,0,0,0.00012821704149246216,5.801604129374027e-05
0,evaluation_22,0,0,1,1,3,16,no_review,0,0,2,0.0,4,completed,2,0,0,complexity_time,12,1,0.00017998297698795795,4.065199755132198e-05
0,evaluation_22,2,1,0,1,1,0,fcfs,0,4,2,0.6666666666666666,0,completed,3,1,0,complexity_time,0,0,6.783311255276203e-05,3.2054027542471886e-05
0,evaluation_22,3,1,0,1,2,0,edf,0,6,2,1.0,0,completed,3,5,0,complexity_time,0,0,0.0001301380107179284,4.783493932336569e-05
0,evaluation_22,2,1,0,1,1,0,uncertainty,0,4,2,0.6666666666666666,0,completed,3,1,0,complexity_time,0,0,7.997197099030018e-05,4.154094494879246e-05
0,evaluation_22,2,1,0,1,2,0,greedy,0,2,1,0.3333333333333333,0,completed,3,0,0,complexity_time,0,0,7.902272045612335e-05,3.5643926821649075e-05
0,evaluation_22,3,1,0,1,2,0,search,0,3,1,0.5,0,completed,3,2,0,complexity_time,0,0,0.00013125885743647814,4.470197018235922e-05
0,evaluation_22,0,0,1,1,4,16,no_review,0,0,1,0.0,4,completed,2,0,0,complexity_time,12,1,0.0001830592518672347,4.849699325859547e-05
0,evaluation_22,3,1,0,1,2,0,fcfs,0,3,1,0.5,0,completed,3,2,0,complexity_time,0,0,0.00011826911941170692,4.472502041608095e-05
0,evaluation_22,3,1,0,0,2,0,edf,0,3,1,0.5,0,completed,3,2,0,complexity_time,0,0,9.75301954895258e-05,3.232702147215605e-05
0,evaluation_22,2,1,0,1,2,0,uncertainty,0,2,1,0.3333333333333333,0,completed,3,0,0,complexity_time,0,0,6.990786641836166e-05,3.2420968636870384e-05
0,evaluation_22,2,1,0,0,0,4,greedy,1,4,2,0.6666666666666666,4,completed,2,1,1,reference,0,0,7.002812344580889e-05,4.349404480308294e-05
0,evaluation_22,2,1,0,0,0,4,search,1,4,2,0.6666666666666666,4,completed,2,1,1,reference,0,0,7.498485501855612e-05,4.169205203652382e-05
0,evaluation_22,0,0,1,0,2,20,no_review,1,0,2,0.0,8,completed,1,0,1,reference,12,1,0.00013641209807246923,3.365101292729378e-05
0,evaluation_22,2,1,0,0,0,4,fcfs,1,4,2,0.6666666666666666,4,completed,2,1,1,reference,0,0,6.875908002257347e-05,3.9451057091355324e-05
0,evaluation_22,2,1,0,0,0,4,edf,1,4,2,0.6666666666666666,4,completed,2,1,1,reference,0,0,4.5650056563317776e-05,2.1243002265691757e-05
0,evaluation_22,2,1,0,0,0,4,uncertainty,1,4,2,0.6666666666666666,4,completed,2,1,1,reference,0,0,6.189907435327768e-05,3.646896220743656e-05
0,evaluation_22,2,1,0,0,0,4,greedy,1,2,1,0.3333333333333333,4,completed,2,0,1,reference,0,0,5.763780791312456e-05,2.636795397847891e-05
0,evaluation_22,2,1,0,0,0,4,search,1,2,1,0.3333333333333333,4,completed,2,0,1,reference,0,0,6.17980258539319e-05,2.9820017516613007e-05
0,evaluation_22,0,0,1,0,3,20,no_review,1,0,1,0.0,8,completed,1,0,1,reference,12,1,0.00012369093019515276,2.3680971935391426e-05
0,evaluation_22,2,1,0,0,0,4,fcfs,1,2,1,0.3333333333333333,4,completed,2,0,1,reference,0,0,5.6225922890007496e-05,2.8339913114905357e-05
0,evaluation_22,2,1,0,0,0,4,edf,1,2,1,0.3333333333333333,4,completed,2,0,1,reference,0,0,4.696787800639868e-05,2.1556974388659e-05
0,evaluation_22,2,1,0,0,0,4,uncertainty,1,2,1,0.3333333333333333,4,completed,2,0,1,reference,0,0,5.859520751982927e-05,2.7052941732108593e-05
1,evaluation_22,2,0,0,0,0,8,greedy,1,4,2,0.6666666666666666,8,completed,1,1,1,approve_block,0,0,6.12050062045455e-05,3.3988035283982754e-05
1,evaluation_22,2,0,0,0,0,8,search,1,4,2,0.6666666666666666,8,completed,1,1,1,approve_block,0,0,5.4594012908637524e-05,2.5809044018387794e-05
0,evaluation_22,0,0,1,0,2,20,no_review,1,0,2,0.0,8,completed,1,0,1,approve_block,12,1,0.00013160600792616606,2.7774018235504627e-05
1,evaluation_22,2,0,0,0,0,8,fcfs,1,4,2,0.6666666666666666,8,completed,1,1,1,approve_block,0,0,5.394197069108486e-05,3.0339928343892097e-05
1,evaluation_22,2,0,0,0,0,8,edf,1,4,2,0.6666666666666666,8,completed,1,1,1,approve_block,0,0,5.893292836844921e-05,3.0116993002593517e-05
1,evaluation_22,2,0,0,0,0,8,uncertainty,1,4,2,0.6666666666666666,8,completed,1,1,1,approve_block,0,0,6.899610161781311e-05,3.7169898860156536e-05
1,evaluation_22,2,0,0,0,0,8,greedy,1,2,1,0.3333333333333333,8,completed,1,0,1,approve_block,0,0,5.530088674277067e-05,2.653803676366806e-05
1,evaluation_22,2,0,0,0,0,8,search,1,2,1,0.3333333333333333,8,completed,1,0,1,approve_block,0,0,6.903801113367081e-05,3.5793986171483994e-05
0,evaluation_22,0,0,1,0,3,20,no_review,1,0,1,0.0,8,completed,1,0,1,approve_block,12,1,0.00012234807945787907,2.3114029318094254e-05
1,evaluation_22,2,0,0,0,0,8,fcfs,1,2,1,0.3333333333333333,8,completed,1,0,1,approve_block,0,0,4.205887671560049e-05,1.9456958398222923e-05
1,evaluation_22,2,0,0,0,0,8,edf,1,2,1,0.3333333333333333,8,completed,1,0,1,approve_block,0,0,4.536798223853111e-05,2.116698306053877e-05
1,evaluation_22,2,0,0,0,0,8,uncertainty,1,2,1,0.3333333333333333,8,completed,1,0,1,approve_block,0,0,4.936882760375738e-05,2.1424959413707256e-05
0,evaluation_22,2,1,0,0,0,4,greedy,1,4,2,0.6666666666666666,4,completed,2,1,1,complexity_time,0,0,5.5059208534657955e-05,2.5240005925297737e-05
0,evaluation_22,2,1,0,0,0,4,search,1,4,2,0.6666666666666666,4,completed,2,1,1,complexity_time,0,0,7.97179527580738e-05,4.678405821323395e-05
0,evaluation_22,0,0,1,0,2,20,no_review,1,0,2,0.0,8,completed,1,0,1,complexity_time,12,1,0.00011978007387369871,2.2816937416791916e-05
0,evaluation_22,2,1,0,0,0,4,fcfs,1,4,2,0.6666666666666666,4,completed,2,1,1,complexity_time,0,0,5.097896791994572e-05,2.597703132778406e-05
0,evaluation_22,2,1,0,0,0,4,edf,1,4,2,0.6666666666666666,4,completed,2,1,1,complexity_time,0,0,5.820707883685827e-05,3.098498564213514e-05
0,evaluation_22,2,1,0,0,0,4,uncertainty,1,4,2,0.6666666666666666,4,completed,2,1,1,complexity_time,0,0,6.556999869644642e-05,3.895594272762537e-05
0,evaluation_22,2,1,0,0,0,4,greedy,1,2,1,0.3333333333333333,4,completed,2,0,1,complexity_time,0,0,5.3260126151144505e-05,2.4663051590323448e-05
0,evaluation_22,2,1,0,0,0,4,search,1,2,1,0.3333333333333333,4,completed,2,0,1,complexity_time,0,0,8.188409265130758e-05,4.892598371952772e-05
0,evaluation_22,0,0,1,0,3,20,no_review,1,0,1,0.0,8,completed,1,0,1,complexity_time,12,1,0.00015302409883588552,3.713101614266634e-05
0,evaluation_22,2,1,0,0,0,4,fcfs,1,2,1,0.3333333333333333,4,completed,2,0,1,complexity_time,0,0,5.262030754238367e-05,2.0648003555834293e-05
0,evaluation_22,2,1,0,0,0,4,edf,1,2,1,0.3333333333333333,4,completed,2,0,1,complexity_time,0,0,4.446122329682112e-05,2.0853010937571526e-05
0,evaluation_22,2,1,0,0,0,4,uncertainty,1,2,1,0.3333333333333333,4,completed,2,0,1,complexity_time,0,0,5.041214171797037e-05,2.2229040041565895e-05
0,evaluation_22,2,1,0,1,1,0,greedy,2,4,2,0.6666666666666666,0,completed,3,1,0,reference,0,0,7.316493429243565e-05,3.371702041476965e-05
0,evaluation_22,3,1,0,1,2,0,search,2,6,2,1.0,0,completed,3,5,0,reference,0,0,0.00015680002979934216,6.163399666547775e-05
0,evaluation_22,0,0,1,1,3,16,no_review,2,0,2,0.0,4,completed,2,0,0,reference,12,1,0.0001982138492166996,5.3490977734327316e-05
0,evaluation_22,2,1,0,1,1,0,fcfs,2,4,2,0.6666666666666666,0,completed,3,1,0,reference,0,0,7.23240664228797e-05,3.7639052607119083e-05
0,evaluation_22,3,1,0,1,2,0,edf,2,6,2,1.0,0,completed,3,5,0,reference,0,0,0.00012049893848598003,4.442199133336544e-05
0,evaluation_22,2,1,0,1,1,0,uncertainty,2,4,2,0.6666666666666666,0,completed,3,1,0,reference,0,0,7.915601599961519e-05,3.5390956327319145e-05
0,evaluation_22,2,1,0,1,2,0,greedy,2,2,1,0.3333333333333333,0,completed,3,0,0,reference,0,0,7.727392949163914e-05,3.682402893900871e-05
0,evaluation_22,3,1,0,1,2,0,search,2,3,1,0.5,0,completed,3,2,0,reference,0,0,0.00012798502575606108,4.2986939661204815e-05
0,evaluation_22,0,0,1,1,4,16,no_review,2,0,1,0.0,4,completed,2,0,0,reference,12,1,0.0001786480424925685,4.644202999770641e-05
0,evaluation_22,3,1,0,1,2,0,fcfs,2,3,1,0.5,0,completed,3,2,0,reference,0,0,0.00010595517233014107,3.909796942025423e-05
0,evaluation_22,3,1,0,0,2,0,edf,2,3,1,0.5,0,completed,3,2,0,reference,0,0,0.00012805697042495012,4.624505527317524e-05
0,evaluation_22,2,1,0,1,2,0,uncertainty,2,2,1,0.3333333333333333,0,completed,3,0,0,reference,0,0,7.541198283433914e-05,3.49520705640316e-05
1,evaluation_22,2,0,0,1,1,4,greedy,2,4,2,0.6666666666666666,4,completed,2,1,0,approve_block,0,0,8.736818563193083e-05,4.475307650864124e-05
1,evaluation_22,3,0,0,1,2,4,search,2,6,2,1.0,4,completed,2,5,0,approve_block,0,0,0.0001379640307277441,5.118804983794689e-05
0,evaluation_22,0,0,1,1,3,16,no_review,2,0,2,0.0,4,completed,2,0,0,approve_block,12,1,0.0001793430419638753,4.178495146334171e-05
1,evaluation_22,2,0,0,1,1,4,fcfs,2,4,2,0.6666666666666666,4,completed,2,1,0,approve_block,0,0,6.641389336436987e-05,3.1118979677557945e-05
1,evaluation_22,3,0,0,1,2,4,edf,2,6,2,1.0,4,completed,2,5,0,approve_block,0,0,0.00012954603880643845,5.231797695159912e-05
1,evaluation_22,2,0,0,1,1,4,uncertainty,2,4,2,0.6666666666666666,4,completed,2,1,0,approve_block,0,0,7.538998033851385e-05,3.7690973840653896e-05
1,evaluation_22,2,0,0,1,2,4,greedy,2,2,1,0.3333333333333333,4,completed,2,0,0,approve_block,0,0,8.08369368314743e-05,3.9340928196907043e-05
1,evaluation_22,3,0,0,1,2,4,search,2,3,1,0.5,4,completed,2,2,0,approve_block,0,0,0.00013003917410969734,4.461605567485094e-05
0,evaluation_22,0,0,1,1,4,16,no_review,2,0,1,0.0,4,completed,2,0,0,approve_block,12,1,0.0001697881380096078,3.4936005249619484e-05
1,evaluation_22,3,0,0,1,2,4,fcfs,2,3,1,0.5,4,completed,2,2,0,approve_block,0,0,9.534507989883423e-05,3.0474038794636726e-05
1,evaluation_22,3,0,0,0,2,4,edf,2,3,1,0.5,4,completed,2,2,0,approve_block,0,0,0.00011618586722761393,4.414201248437166e-05
1,evaluation_22,2,0,0,1,2,4,uncertainty,2,2,1,0.3333333333333333,4,completed,2,0,0,approve_block,0,0,6.707280408591032e-05,3.3676973544061184e-05
0,evaluation_22,2,1,0,1,1,0,greedy,2,4,2,0.6666666666666666,0,completed,3,1,0,complexity_time,0,0,7.520883809775114e-05,3.525696229189634e-05
0,evaluation_22,3,1,0,1,2,0,search,2,6,2,1.0,0,completed,3,5,0,complexity_time,0,0,0.0001381118781864643,4.8062996938824654e-05
0,evaluation_22,0,0,1,1,3,16,no_review,2,0,2,0.0,4,completed,2,0,0,complexity_time,12,1,0.00017712183762341738,3.765698056668043e-05
0,evaluation_22,2,1,0,1,1,0,fcfs,2,4,2,0.6666666666666666,0,completed,3,1,0,complexity_time,0,0,6.730202585458755e-05,3.406102769076824e-05
0,evaluation_22,3,1,0,1,2,0,edf,2,6,2,1.0,0,completed,3,5,0,complexity_time,0,0,0.0001142049441114068,4.095304757356644e-05
0,evaluation_22,2,1,0,1,1,0,uncertainty,2,4,2,0.6666666666666666,0,completed,3,1,0,complexity_time,0,0,7.363420445472002e-05,3.511807881295681e-05
0,evaluation_22,2,1,0,1,2,0,greedy,2,2,1,0.3333333333333333,0,completed,3,0,0,complexity_time,0,0,7.837079465389252e-05,3.812497016042471e-05
0,evaluation_22,3,1,0,1,2,0,search,2,3,1,0.5,0,completed,3,2,0,complexity_time,0,0,0.0001295760739594698,4.4241081923246384e-05
0,evaluation_22,0,0,1,1,4,16,no_review,2,0,1,0.0,4,completed,2,0,0,complexity_time,12,1,0.00016446888912469149,4.5803957618772984e-05
0,evaluation_22,3,1,0,1,2,0,fcfs,2,3,1,0.5,0,completed,3,2,0,complexity_time,0,0,8.402299135923386e-05,2.9697082936763763e-05
0,evaluation_22,3,1,0,0,2,0,edf,2,3,1,0.5,0,completed,3,2,0,complexity_time,0,0,8.90960218384862e-05,3.222702071070671e-05
0,evaluation_22,2,1,0,1,2,0,uncertainty,2,2,1,0.3333333333333333,0,completed,3,0,0,complexity_time,0,0,7.617089431732893e-05,3.515498246997595e-05
0,evaluation_23,3,0,0,1,2,0,search,0,3,1,0.5,0,completed,3,2,0,reference,0,0,0.0001267567276954651,4.45549376308918e-05
0,evaluation_23,0,0,0,3,4,0,no_review,0,0,1,0.0,0,completed,3,0,0,reference,0,0,0.00016139994841068983,4.1275983676314354e-05
0,evaluation_23,3,0,0,1,2,0,fcfs,0,3,1,0.5,0,completed,3,2,0,reference,0,0,9.698118083178997e-05,3.210501745343208e-05
0,evaluation_23,3,0,0,1,2,0,edf,0,3,1,0.5,0,completed,3,2,0,reference,0,0,0.00011987192556262016,3.9825914427638054e-05
0,evaluation_23,3,0,0,1,2,0,uncertainty,0,3,1,0.5,0,completed,3,2,0,reference,0,0,0.0001088061835616827,3.4742988646030426e-05
0,evaluation_23,3,0,0,1,2,0,greedy,0,3,1,0.5,0,completed,3,2,0,reference,0,0,0.00011261284817010164,3.923196345567703e-05
0,evaluation_23,3,0,0,1,2,0,search,0,6,2,1.0,0,completed,3,5,0,reference,0,0,0.00014930777251720428,6.124295759946108e-05
0,evaluation_23,0,0,0,2,3,0,no_review,0,0,2,0.0,0,completed,3,0,0,reference,0,0,0.00017029012087732553,3.7487014196813107e-05
0,evaluation_23,3,0,0,1,2,0,fcfs,0,6,2,1.0,0,completed,3,5,0,reference,0,0,0.00012251210864633322,4.571105819195509e-05
0,evaluation_23,3,0,0,1,2,0,edf,0,6,2,1.0,0,completed,3,5,0,reference,0,0,0.00012898712884634733,4.8189074732363224e-05
0,evaluation_23,2,0,0,1,2,0,uncertainty,0,4,2,0.6666666666666666,0,completed,3,1,0,reference,0,0,7.994519546627998e-05,4.1584018617868423e-05
0,evaluation_23,2,0,0,1,2,0,greedy,0,4,2,0.6666666666666666,0,completed,3,1,0,reference,0,0,9.088404476642609e-05,5.2426010370254517e-05
0,evaluation_23,3,0,0,1,2,0,search,0,3,1,0.5,0,completed,3,2,0,approve_block,0,0,0.00013270811177790165,4.380103200674057e-05
0,evaluation_23,0,0,0,3,4,0,no_review,0,0,1,0.0,0,completed,3,0,0,approve_block,0,0,0.0001618588576093316,3.254495095461607e-05
0,evaluation_23,3,0,0,1,2,0,fcfs,0,3,1,0.5,0,completed,3,2,0,approve_block,0,0,9.599793702363968e-05,3.386102616786957e-05
0,evaluation_23,3,0,0,1,2,0,edf,0,3,1,0.5,0,completed,3,2,0,approve_block,0,0,0.00010343687608838081,3.765593282878399e-05
0,evaluation_23,3,0,0,1,2,0,uncertainty,0,3,1,0.5,0,completed,3,2,0,approve_block,0,0,0.00011620309669524431,4.2309053242206573e-05
0,evaluation_23,3,0,0,1,2,0,greedy,0,3,1,0.5,0,completed,3,2,0,approve_block,0,0,0.00011233706027269363,3.8439990021288395e-05
0,evaluation_23,3,0,0,1,2,0,search,0,6,2,1.0,0,completed,3,5,0,approve_block,0,0,0.00014786189422011375,6.222701631486416e-05
0,evaluation_23,0,0,0,2,3,0,no_review,0,0,2,0.0,0,completed,3,0,0,approve_block,0,0,0.00016747904010117054,4.22369921579957e-05
0,evaluation_23,3,0,0,1,2,0,fcfs,0,6,2,1.0,0,completed,3,5,0,approve_block,0,0,0.00011928495950996876,5.2939984016120434e-05
0,evaluation_23,3,0,0,1,2,0,edf,0,6,2,1.0,0,completed,3,5,0,approve_block,0,0,0.00010858802124857903,5.1137059926986694e-05
0,evaluation_23,2,0,0,1,2,0,uncertainty,0,4,2,0.6666666666666666,0,completed,3,1,0,approve_block,0,0,7.880397606641054e-05,4.049798008054495e-05
0,evaluation_23,2,0,0,1,2,0,greedy,0,4,2,0.6666666666666666,0,completed,3,1,0,approve_block,0,0,8.588097989559174e-05,4.5428983867168427e-05
0,evaluation_23,3,0,0,1,2,0,search,0,3,1,0.5,0,completed,3,2,0,complexity_time,0,0,0.00013353396207094193,4.4514075852930546e-05
0,evaluation_23,0,0,0,3,4,0,no_review,0,0,1,0.0,0,completed,3,0,0,complexity_time,0,0,0.00018338498193770647,4.895601887255907e-05
0,evaluation_23,3,0,0,1,2,0,fcfs,0,3,1,0.5,0,completed,3,2,0,complexity_time,0,0,0.00010482501238584518,3.482599277049303e-05
0,evaluation_23,3,0,0,1,2,0,edf,0,3,1,0.5,0,completed,3,2,0,complexity_time,0,0,0.00010393792763352394,3.359594848006964e-05
0,evaluation_23,3,0,0,1,2,0,uncertainty,0,3,1,0.5,0,completed,3,2,0,complexity_time,0,0,0.00010700896382331848,3.594299778342247e-05
0,evaluation_23,3,0,0,1,2,0,greedy,0,3,1,0.5,0,completed,3,2,0,complexity_time,0,0,0.000113043119199574,4.0258048102259636e-05
0,evaluation_23,3,0,0,1,2,0,search,0,6,2,1.0,0,completed,3,5,0,complexity_time,0,0,0.0001498209312558174,5.542696453630924e-05
0,evaluation_23,0,0,0,2,3,0,no_review,0,0,2,0.0,0,completed,3,0,0,complexity_time,0,0,0.00024100299924612045,6.419396959245205e-05
0,evaluation_23,3,0,0,1,2,0,fcfs,0,6,2,1.0,0,completed,3,5,0,complexity_time,0,0,9.771890472620726e-05,3.25649743899703e-05
0,evaluation_23,3,0,0,1,2,0,edf,0,6,2,1.0,0,completed,3,5,0,complexity_time,0,0,0.00011984491720795631,4.937697667628527e-05
0,evaluation_23,2,0,0,1,2,0,uncertainty,0,4,2,0.6666666666666666,0,completed,3,1,0,complexity_time,0,0,8.501496631652117e-05,4.6856002882122993e-05
0,evaluation_23,2,0,0,1,2,0,greedy,0,4,2,0.6666666666666666,0,completed,3,1,0,complexity_time,0,0,0.00010618101805448532,6.629910785704851e-05
0,evaluation_23,3,0,0,1,2,0,search,1,3,1,0.5,0,completed,3,2,0,reference,0,0,0.00012048985809087753,4.219496622681618e-05
0,evaluation_23,0,0,0,3,4,0,no_review,1,0,1,0.0,0,completed,3,0,0,reference,0,0,0.00024298811331391335,8.431309834122658e-05
0,evaluation_23,3,0,0,1,2,0,fcfs,1,3,1,0.5,0,completed,3,2,0,reference,0,0,9.70569672062993e-05,3.0427007004618645e-05
0,evaluation_23,3,0,0,1,2,0,edf,1,3,1,0.5,0,completed,3,2,0,reference,0,0,0.00013629288878291845,5.757797043770552e-05
0,evaluation_23,3,0,0,1,2,0,uncertainty,1,3,1,0.5,0,completed,3,2,0,reference,0,0,0.00010822678450495005,3.778398968279362e-05
0,evaluation_23,3,0,0,1,2,0,greedy,1,3,1,0.5,0,completed,3,2,0,reference,0,0,0.00010258308611810207,3.566499799489975e-05
0,evaluation_23,3,0,0,1,2,0,search,1,6,2,1.0,0,completed,3,5,0,reference,0,0,0.00014583102893084288,5.4563977755606174e-05
0,evaluation_23,0,0,0,2,3,0,no_review,1,0,2,0.0,0,completed,3,0,0,reference,0,0,0.00017845421098172665,4.317599814385176e-05
0,evaluation_23,3,0,0,1,2,0,fcfs,1,6,2,1.0,0,completed,3,5,0,reference,0,0,0.00010709196794778109,4.424795042723417e-05
0,evaluation_23,3,0,0,1,2,0,edf,1,6,2,1.0,0,completed,3,5,0,reference,0,0,0.0001206219894811511,4.680908750742674e-05
0,evaluation_23,2,0,0,1,2,0,uncertainty,1,4,2,0.6666666666666666,0,completed,3,1,0,reference,0,0,0.00010893994476646185,6.81679230183363e-05
0,evaluation_23,2,0,0,1,2,0,greedy,1,4,2,0.6666666666666666,0,completed,3,1,0,reference,0,0,9.31799877434969e-05,5.560100544244051e-05
0,evaluation_23,3,0,0,1,2,0,search,1,3,1,0.5,0,completed,3,2,0,approve_block,0,0,0.0001335588749498129,4.6912929974496365e-05
0,evaluation_23,0,0,0,3,4,0,no_review,1,0,1,0.0,0,completed,3,0,0,approve_block,0,0,0.00016760395374149084,4.8122950829565525e-05
0,evaluation_23,3,0,0,1,2,0,fcfs,1,3,1,0.5,0,completed,3,2,0,approve_block,0,0,0.0001178912352770567,5.0366041250526905e-05
0,evaluation_23,3,0,0,1,2,0,edf,1,3,1,0.5,0,completed,3,2,0,approve_block,0,0,0.00015736406203359365,5.9175072237849236e-05
0,evaluation_23,3,0,0,1,2,0,uncertainty,1,3,1,0.5,0,completed,3,2,0,approve_block,0,0,0.00011111900676041842,3.737001679837704e-05
0,evaluation_23,3,0,0,1,2,0,greedy,1,3,1,0.5,0,completed,3,2,0,approve_block,0,0,0.00010540394578129053,3.380503039807081e-05
0,evaluation_23,3,0,0,1,2,0,search,1,6,2,1.0,0,completed,3,5,0,approve_block,0,0,0.00014511705376207829,5.063996650278568e-05
0,evaluation_23,0,0,0,2,3,0,no_review,1,0,2,0.0,0,completed,3,0,0,approve_block,0,0,0.0001849959371611476,5.3282943554222584e-05
0,evaluation_23,3,0,0,1,2,0,fcfs,1,6,2,1.0,0,completed,3,5,0,approve_block,0,0,0.00011010095477104187,3.77739779651165e-05
0,evaluation_23,3,0,0,1,2,0,edf,1,6,2,1.0,0,completed,3,5,0,approve_block,0,0,8.842197712510824e-05,3.4195021726191044e-05
0,evaluation_23,2,0,0,1,2,0,uncertainty,1,4,2,0.6666666666666666,0,completed,3,1,0,approve_block,0,0,0.00011623580940067768,5.876901559531689e-05
0,evaluation_23,2,0,0,1,2,0,greedy,1,4,2,0.6666666666666666,0,completed,3,1,0,approve_block,0,0,8.915294893085957e-05,5.069701001048088e-05
0,evaluation_23,3,0,0,1,2,0,search,1,3,1,0.5,0,completed,3,2,0,complexity_time,0,0,0.0001361521426588297,4.5683933421969414e-05
0,evaluation_23,0,0,0,3,4,0,no_review,1,0,1,0.0,0,completed,3,0,0,complexity_time,0,0,0.0001613099593669176,4.200998228043318e-05
0,evaluation_23,3,0,0,1,2,0,fcfs,1,3,1,0.5,0,completed,3,2,0,complexity_time,0,0,0.00010817789006978273,3.586290404200554e-05
0,evaluation_23,3,0,0,1,2,0,edf,1,3,1,0.5,0,completed,3,2,0,complexity_time,0,0,9.600271005183458e-05,3.416696563363075e-05
0,evaluation_23,3,0,0,1,2,0,uncertainty,1,3,1,0.5,0,completed,3,2,0,complexity_time,0,0,0.00011307722888886929,4.196504596620798e-05
0,evaluation_23,3,0,0,1,2,0,greedy,1,3,1,0.5,0,completed,3,2,0,complexity_time,0,0,0.00011136685498058796,3.751297481358051e-05
0,evaluation_23,3,0,0,1,2,0,search,1,6,2,1.0,0,completed,3,5,0,complexity_time,0,0,0.00020202610176056623,7.161404937505722e-05
0,evaluation_23,0,0,0,2,3,0,no_review,1,0,2,0.0,0,completed,3,0,0,complexity_time,0,0,0.00018458301201462746,4.6143075451254845e-05
0,evaluation_23,3,0,0,1,2,0,fcfs,1,6,2,1.0,0,completed,3,5,0,complexity_time,0,0,0.00011897599324584007,4.767696373164654e-05
0,evaluation_23,3,0,0,1,2,0,edf,1,6,2,1.0,0,completed,3,5,0,complexity_time,0,0,0.00012287707068026066,5.2961986511945724e-05
0,evaluation_23,2,0,0,1,2,0,uncertainty,1,4,2,0.6666666666666666,0,completed,3,1,0,complexity_time,0,0,8.030585013329983e-05,4.224095027893782e-05
0,evaluation_23,2,0,0,1,2,0,greedy,1,4,2,0.6666666666666666,0,completed,3,1,0,complexity_time,0,0,9.475101251155138e-05,5.475396756082773e-05
0,evaluation_23,3,0,0,1,2,0,search,2,3,1,0.5,0,completed,3,2,0,reference,0,0,0.0001323590986430645,4.378508310765028e-05
0,evaluation_23,0,0,0,3,4,0,no_review,2,0,1,0.0,0,completed,3,0,0,reference,0,0,0.00017798598855733871,4.496006295084953e-05
0,evaluation_23,3,0,0,1,2,0,fcfs,2,3,1,0.5,0,completed,3,2,0,reference,0,0,0.0001031169667840004,3.776303492486477e-05
0,evaluation_23,3,0,0,1,2,0,edf,2,3,1,0.5,0,completed,3,2,0,reference,0,0,0.0001074961619451642,4.117900971323252e-05
0,evaluation_23,3,0,0,1,2,0,uncertainty,2,3,1,0.5,0,completed,3,2,0,reference,0,0,0.0001052620355039835,3.3708056434988976e-05
0,evaluation_23,3,0,0,1,2,0,greedy,2,3,1,0.5,0,completed,3,2,0,reference,0,0,0.0001038750633597374,3.3942051231861115e-05
0,evaluation_23,3,0,0,1,2,0,search,2,6,2,1.0,0,completed,3,5,0,reference,0,0,0.00012024107854813337,4.277599509805441e-05
0,evaluation_23,0,0,0,2,3,0,no_review,2,0,2,0.0,0,completed,3,0,0,reference,0,0,0.00020198989659547806,6.001198198646307e-05
0,evaluation_23,3,0,0,1,2,0,fcfs,2,6,2,1.0,0,completed,3,5,0,reference,0,0,0.00011023588012903929,3.9896927773952484e-05
0,evaluation_23,3,0,0,1,2,0,edf,2,6,2,1.0,0,completed,3,5,0,reference,0,0,0.00011581066064536572,4.894891753792763e-05
0,evaluation_23,2,0,0,1,2,0,uncertainty,2,4,2,0.6666666666666666,0,completed,3,1,0,reference,0,0,9.291269816458225e-05,5.492393393069506e-05
0,evaluation_23,2,0,0,1,2,0,greedy,2,4,2,0.6666666666666666,0,completed,3,1,0,reference,0,0,0.00012158788740634918,7.977301720529795e-05
0,evaluation_23,3,0,0,1,2,0,search,2,3,1,0.5,0,completed,3,2,0,approve_block,0,0,0.00012840505223721266,4.694995004683733e-05
0,evaluation_23,0,0,0,3,4,0,no_review,2,0,1,0.0,0,completed,3,0,0,approve_block,0,0,0.00017089187167584896,4.491698928177357e-05
0,evaluation_23,3,0,0,1,2,0,fcfs,2,3,1,0.5,0,completed,3,2,0,approve_block,0,0,8.575315587222576e-05,3.1337025575339794e-05
0,evaluation_23,3,0,0,1,2,0,edf,2,3,1,0.5,0,completed,3,2,0,approve_block,0,0,0.0001092379679903388,3.8624973967671394e-05
0,evaluation_23,3,0,0,1,2,0,uncertainty,2,3,1,0.5,0,completed,3,2,0,approve_block,0,0,0.00010947010014206171,3.6471057683229446e-05
0,evaluation_23,3,0,0,1,2,0,greedy,2,3,1,0.5,0,completed,3,2,0,approve_block,0,0,0.0001006819074973464,3.735593054443598e-05
0,evaluation_23,3,0,0,1,2,0,search,2,6,2,1.0,0,completed,3,5,0,approve_block,0,0,0.00015748105943202972,5.8507081121206284e-05
0,evaluation_23,0,0,0,2,3,0,no_review,2,0,2,0.0,0,completed,3,0,0,approve_block,0,0,0.00019260309636592865,4.250404890626669e-05
0,evaluation_23,3,0,0,1,2,0,fcfs,2,6,2,1.0,0,completed,3,5,0,approve_block,0,0,0.00012044096365571022,5.1280949264764786e-05
0,evaluation_23,3,0,0,1,2,0,edf,2,6,2,1.0,0,completed,3,5,0,approve_block,0,0,0.00012091011740267277,4.658999387174845e-05
0,evaluation_23,2,0,0,1,2,0,uncertainty,2,4,2,0.6666666666666666,0,completed,3,1,0,approve_block,0,0,8.190982043743134e-05,4.407798405736685e-05
0,evaluation_23,2,0,0,1,2,0,greedy,2,4,2,0.6666666666666666,0,completed,3,1,0,approve_block,0,0,8.873501792550087e-05,4.701002035290003e-05
0,evaluation_23,3,0,0,1,2,0,search,2,3,1,0.5,0,completed,3,2,0,complexity_time,0,0,0.00013551488518714905,4.7121080569922924e-05
0,evaluation_23,0,0,0,3,4,0,no_review,2,0,1,0.0,0,completed,3,0,0,complexity_time,0,0,0.00015835603699088097,3.2634008675813675e-05
0,evaluation_23,3,0,0,1,2,0,fcfs,2,3,1,0.5,0,completed,3,2,0,complexity_time,0,0,0.00012097216676920652,5.431508179754019e-05
0,evaluation_23,3,0,0,1,2,0,edf,2,3,1,0.5,0,completed,3,2,0,complexity_time,0,0,0.00010436505544930696,3.485893830657005e-05
0,evaluation_23,3,0,0,1,2,0,uncertainty,2,3,1,0.5,0,completed,3,2,0,complexity_time,0,0,0.00011158804409205914,3.634102176874876e-05
0,evaluation_23,3,0,0,1,2,0,greedy,2,3,1,0.5,0,completed,3,2,0,complexity_time,0,0,0.00010246783494949341,3.404903691262007e-05
0,evaluation_23,3,0,0,1,2,0,search,2,6,2,1.0,0,completed,3,5,0,complexity_time,0,0,0.00016937486361712217,7.842492777854204e-05
0,evaluation_23,0,0,0,2,3,0,no_review,2,0,2,0.0,0,completed,3,0,0,complexity_time,0,0,0.00017211504746228456,4.8129004426300526e-05
0,evaluation_23,3,0,0,1,2,0,fcfs,2,6,2,1.0,0,completed,3,5,0,complexity_time,0,0,0.00011102412827312946,3.8675032556056976e-05
0,evaluation_23,3,0,0,1,2,0,edf,2,6,2,1.0,0,completed,3,5,0,complexity_time,0,0,0.00010819092858582735,4.2155967094004154e-05
0,evaluation_23,2,0,0,1,2,0,uncertainty,2,4,2,0.6666666666666666,0,completed,3,1,0,complexity_time,0,0,6.8049062974751e-05,3.278604708611965e-05
0,evaluation_23,2,0,0,1,2,0,greedy,2,4,2,0.6666666666666666,0,completed,3,1,0,complexity_time,0,0,9.356485679745674e-05,5.256303120404482e-05
0,evaluation_24,0,0,0,1,4,0,no_review,0,0,2,0.0,0,completed,3,0,0,reference,0,0,0.00015114701818674803,4.019401967525482e-05
0,evaluation_24,2,0,0,1,1,0,fcfs,0,4,2,0.8,0,completed,3,1,0,reference,0,0,8.997798431664705e-05,5.282508209347725e-05
0,evaluation_24,2,0,0,1,2,0,edf,0,4,2,0.8,0,completed,3,2,0,reference,0,0,9.893008973449469e-05,4.256702959537506e-05
0,evaluation_24,2,0,0,1,1,0,uncertainty,0,4,2,0.8,0,completed,3,1,0,reference,0,0,7.171195466071367e-05,3.57750104740262e-05
0,evaluation_24,2,0,0,1,1,0,greedy,0,4,2,0.8,0,completed,3,1,0,reference,0,0,7.737486157566309e-05,3.8631027564406395e-05
0,evaluation_24,2,0,0,1,2,0,search,0,4,2,0.8,0,completed,3,2,0,reference,0,0,0.0001408200478181243,6.356998346745968e-05
0,evaluation_24,0,0,0,1,5,0,no_review,0,0,1,0.0,0,completed,3,0,0,reference,0,0,0.0001566290156915784,4.3152947910130024e-05
0,evaluation_24,3,0,0,0,2,0,fcfs,0,3,1,0.6,0,completed,3,2,0,reference,0,0,0.00010398903395980597,3.432400990277529e-05
0,evaluation_24,3,0,0,0,2,0,edf,0,3,1,0.6,0,completed,3,2,0,reference,0,0,0.00010827300138771534,3.647897392511368e-05
0,evaluation_24,3,0,0,0,2,0,uncertainty,0,3,1,0.6,0,completed,3,2,0,reference,0,0,0.00010540406219661236,3.5122036933898926e-05
0,evaluation_24,3,0,0,0,2,0,greedy,0,3,1,0.6,0,completed,3,2,0,reference,0,0,0.00010599975939840078,3.4292927011847496e-05
0,evaluation_24,3,0,0,0,2,0,search,0,3,1,0.6,0,completed,3,2,0,reference,0,0,0.00013310392387211323,4.377705045044422e-05
0,evaluation_24,0,0,0,1,4,0,no_review,0,0,2,0.0,0,completed,3,0,0,approve_block,0,0,0.00014352810103446245,3.3063930459320545e-05
0,evaluation_24,2,0,0,1,1,0,fcfs,0,4,2,0.8,0,completed,3,1,0,approve_block,0,0,6.855290848761797e-05,3.28778987750411e-05
0,evaluation_24,2,0,0,1,2,0,edf,0,4,2,0.8,0,completed,3,2,0,approve_block,0,0,8.98480648174882e-05,3.47070163115859e-05
0,evaluation_24,2,0,0,1,1,0,uncertainty,0,4,2,0.8,0,completed,3,1,0,approve_block,0,0,7.519591599702835e-05,3.857794217765331e-05
0,evaluation_24,2,0,0,1,1,0,greedy,0,4,2,0.8,0,completed,3,1,0,approve_block,0,0,7.411197293549776e-05,3.5541015677154064e-05
0,evaluation_24,2,0,0,1,2,0,search,0,4,2,0.8,0,completed,3,2,0,approve_block,0,0,0.00012426299508661032,5.548202898353338e-05
0,evaluation_24,0,0,0,1,5,0,no_review,0,0,1,0.0,0,completed,3,0,0,approve_block,0,0,0.0001462240470573306,3.6797020584344864e-05
0,evaluation_24,3,0,0,0,2,0,fcfs,0,3,1,0.6,0,completed,3,2,0,approve_block,0,0,9.555905126035213e-05,3.200897481292486e-05
0,evaluation_24,3,0,0,0,2,0,edf,0,3,1,0.6,0,completed,3,2,0,approve_block,0,0,0.00013638800010085106,5.5051990784704685e-05
0,evaluation_24,3,0,0,0,2,0,uncertainty,0,3,1,0.6,0,completed,3,2,0,approve_block,0,0,9.663589298725128e-05,3.329094033688307e-05
0,evaluation_24,3,0,0,0,2,0,greedy,0,3,1,0.6,0,completed,3,2,0,approve_block,0,0,0.00010582094546407461,3.5071978345513344e-05
0,evaluation_24,3,0,0,0,2,0,search,0,3,1,0.6,0,completed,3,2,0,approve_block,0,0,0.00013330508954823017,4.3292995542287827e-05
0,evaluation_24,0,0,0,1,3,0,no_review,0,0,2,0.0,0,completed,3,0,0,complexity_time,0,0,0.0001656950917094946,4.800199531018734e-05
0,evaluation_24,2,0,0,1,1,0,fcfs,0,5,2,1.0,0,completed,3,2,0,complexity_time,0,0,6.677897181361914e-05,3.232096787542105e-05
0,evaluation_24,2,0,0,1,2,0,edf,0,5,2,1.0,0,completed,3,2,0,complexity_time,0,0,7.274397648870945e-05,3.4110969863832e-05
0,evaluation_24,2,0,0,1,1,0,uncertainty,0,5,2,1.0,0,completed,3,2,0,complexity_time,0,0,7.117900531738997e-05,3.462203312665224e-05
0,evaluation_24,2,0,0,1,1,0,greedy,0,5,2,1.0,0,completed,3,2,0,complexity_time,0,0,7.312395609915257e-05,3.59660480171442e-05
0,evaluation_24,2,0,0,1,2,0,search,0,5,2,1.0,0,completed,3,2,0,complexity_time,0,0,9.499106090515852e-05,4.929897841066122e-05
0,evaluation_24,0,0,0,2,4,0,no_review,0,0,1,0.0,0,completed,3,0,0,complexity_time,0,0,0.0001633529318496585,4.9672904424369335e-05
0,evaluation_24,2,0,0,1,1,0,fcfs,0,3,1,0.6,0,completed,3,1,0,complexity_time,0,0,7.114186882972717e-05,3.145996015518904e-05
0,evaluation_24,3,0,0,1,2,0,edf,0,4,1,0.8,0,completed,3,3,0,complexity_time,0,0,0.00011285918299108744,4.252907820045948e-05
0,evaluation_24,2,0,0,1,1,0,uncertainty,0,3,1,0.6,0,completed,3,1,0,complexity_time,0,0,7.327296771109104e-05,3.733497578650713e-05
0,evaluation_24,2,0,0,1,1,0,greedy,0,3,1,0.6,0,completed,3,1,0,complexity_time,0,0,7.985997945070267e-05,4.191999323666096e-05
0,evaluation_24,3,0,0,1,2,0,search,0,4,1,0.8,0,completed,3,3,0,complexity_time,0,0,0.00013960013166069984,4.711595829576254e-05
0,evaluation_24,0,0,0,1,4,0,no_review,1,0,2,0.0,0,completed,3,0,0,reference,0,0,0.00015857594553381205,4.310102667659521e-05
0,evaluation_24,2,0,0,1,1,0,fcfs,1,4,2,0.8,0,completed,3,1,0,reference,0,0,6.866408511996269e-05,3.387604374438524e-05
0,evaluation_24,2,0,0,1,2,0,edf,1,4,2,0.8,0,completed,3,2,0,reference,0,0,0.00012673006858676672,5.129899363964796e-05
0,evaluation_24,2,0,0,1,1,0,uncertainty,1,4,2,0.8,0,completed,3,1,0,reference,0,0,0.00010012986604124308,6.134598515927792e-05
0,evaluation_24,2,0,0,1,1,0,greedy,1,4,2,0.8,0,completed,3,1,0,reference,0,0,7.509591523557901e-05,3.4523895010352135e-05
0,evaluation_24,2,0,0,1,2,0,search,1,4,2,0.8,0,completed,3,2,0,reference,0,0,0.00013166817370802164,5.265104118734598e-05
0,evaluation_24,0,0,0,1,5,0,no_review,1,0,1,0.0,0,completed,3,0,0,reference,0,0,0.00016485515516251326,4.408403765410185e-05
0,evaluation_24,3,0,0,0,2,0,fcfs,1,3,1,0.6,0,completed,3,2,0,reference,0,0,0.00010016222950071096,3.25450673699379e-05
0,evaluation_24,3,0,0,0,2,0,edf,1,3,1,0.6,0,completed,3,2,0,reference,0,0,0.00011237012222409248,4.0124054066836834e-05
0,evaluation_24,3,0,0,0,2,0,uncertainty,1,3,1,0.6,0,completed,3,2,0,reference,0,0,0.000114638009108603,4.812993574887514e-05
0,evaluation_24,3,0,0,0,2,0,greedy,1,3,1,0.6,0,completed,3,2,0,reference,0,0,0.00011264486238360405,3.7955003790557384e-05
0,evaluation_24,3,0,0,0,2,0,search,1,3,1,0.6,0,completed,3,2,0,reference,0,0,0.00010513898450881243,4.2865052819252014e-05
0,evaluation_24,0,0,0,1,4,0,no_review,1,0,2,0.0,0,completed,3,0,0,approve_block,0,0,0.00015666126273572445,4.412303678691387e-05
0,evaluation_24,2,0,0,1,1,0,fcfs,1,4,2,0.8,0,completed,3,1,0,approve_block,0,0,6.596185266971588e-05,3.251607995480299e-05
0,evaluation_24,2,0,0,1,2,0,edf,1,4,2,0.8,0,completed,3,2,0,approve_block,0,0,0.00013670988846570253,5.216000135987997e-05
0,evaluation_24,2,0,0,1,1,0,uncertainty,1,4,2,0.8,0,completed,3,1,0,approve_block,0,0,7.063511293381453e-05,3.417802508920431e-05
0,evaluation_24,2,0,0,1,1,0,greedy,1,4,2,0.8,0,completed,3,1,0,approve_block,0,0,8.091994095593691e-05,3.992603160440922e-05
0,evaluation_24,2,0,0,1,2,0,search,1,4,2,0.8,0,completed,3,2,0,approve_block,0,0,0.00011908391024917364,4.57599526271224e-05
0,evaluation_24,0,0,0,1,5,0,no_review,1,0,1,0.0,0,completed,3,0,0,approve_block,0,0,0.00015414704103022814,4.243303555995226e-05
0,evaluation_24,3,0,0,0,2,0,fcfs,1,3,1,0.6,0,completed,3,2,0,approve_block,0,0,0.00010040285997092724,3.233493771404028e-05
0,evaluation_24,3,0,0,0,2,0,edf,1,3,1,0.6,0,completed,3,2,0,approve_block,0,0,0.00012507988139986992,4.208099562674761e-05
0,evaluation_24,3,0,0,0,2,0,uncertainty,1,3,1,0.6,0,completed,3,2,0,approve_block,0,0,0.0001522727543488145,5.6808930821716785e-05
0,evaluation_24,3,0,0,0,2,0,greedy,1,3,1,0.6,0,completed,3,2,0,approve_block,0,0,0.00012423901353031397,4.751805681735277e-05
0,evaluation_24,3,0,0,0,2,0,search,1,3,1,0.6,0,completed,3,2,0,approve_block,0,0,0.00014021084643900394,4.603201523423195e-05
0,evaluation_24,0,0,0,1,3,0,no_review,1,0,2,0.0,0,completed,3,0,0,complexity_time,0,0,0.0001590369502082467,4.36719274148345e-05
0,evaluation_24,2,0,0,1,1,0,fcfs,1,5,2,1.0,0,completed,3,2,0,complexity_time,0,0,6.899598520249128e-05,3.2661017030477524e-05
0,evaluation_24,2,0,0,1,2,0,edf,1,5,2,1.0,0,completed,3,2,0,complexity_time,0,0,8.237198926508427e-05,4.46980120614171e-05
0,evaluation_24,2,0,0,1,1,0,uncertainty,1,5,2,1.0,0,completed,3,2,0,complexity_time,0,0,8.160306606441736e-05,4.4020009227097034e-05
0,evaluation_24,2,0,0,1,1,0,greedy,1,5,2,1.0,0,completed,3,2,0,complexity_time,0,0,7.258995901793242e-05,3.484799526631832e-05
0,evaluation_24,2,0,0,1,2,0,search,1,5,2,1.0,0,completed,3,2,0,complexity_time,0,0,0.00014188303612172604,7.098994683474302e-05
0,evaluation_24,0,0,0,2,4,0,no_review,1,0,1,0.0,0,completed,3,0,0,complexity_time,0,0,0.00015326624270528555,4.2399042285978794e-05
0,evaluation_24,2,0,0,1,1,0,fcfs,1,3,1,0.6,0,completed,3,1,0,complexity_time,0,0,6.770482286810875e-05,3.332993946969509e-05
0,evaluation_24,3,0,0,1,2,0,edf,1,4,1,0.8,0,completed,3,3,0,complexity_time,0,0,0.0001132328761741519,3.768398892134428e-05
0,evaluation_24,2,0,0,1,1,0,uncertainty,1,3,1,0.6,0,completed,3,1,0,complexity_time,0,0,7.418112363666296e-05,3.480201121419668e-05
0,evaluation_24,2,0,0,1,1,0,greedy,1,3,1,0.6,0,completed,3,1,0,complexity_time,0,0,7.602502591907978e-05,3.717397339642048e-05
0,evaluation_24,3,0,0,1,2,0,search,1,4,1,0.8,0,completed,3,3,0,complexity_time,0,0,0.00011991302017122507,4.269205965101719e-05
0,evaluation_24,0,0,0,1,4,0,no_review,2,0,2,0.0,0,completed,3,0,0,reference,0,0,0.000157005968503654,4.395190626382828e-05
0,evaluation_24,2,0,0,1,1,0,fcfs,2,4,2,0.8,0,completed,3,1,0,reference,0,0,6.682286038994789e-05,3.1517003662884235e-05
0,evaluation_24,2,0,0,1,2,0,edf,2,4,2,0.8,0,completed,3,2,0,reference,0,0,0.00011543987784534693,4.168599843978882e-05
0,evaluation_24,2,0,0,1,1,0,uncertainty,2,4,2,0.8,0,completed,3,1,0,reference,0,0,7.885217200964689e-05,4.099390935152769e-05
0,evaluation_24,2,0,0,1,1,0,greedy,2,4,2,0.8,0,completed,3,1,0,reference,0,0,7.35200010240078e-05,3.568700049072504e-05
0,evaluation_24,2,0,0,1,2,0,search,2,4,2,0.8,0,completed,3,2,0,reference,0,0,0.00019277422688901424,0.00010332406964153051
0,evaluation_24,0,0,0,1,5,0,no_review,2,0,1,0.0,0,completed,3,0,0,reference,0,0,0.00014797889161854982,3.757490776479244e-05
0,evaluation_24,3,0,0,0,2,0,fcfs,2,3,1,0.6,0,completed,3,2,0,reference,0,0,0.00010622700210660696,3.6717974580824375e-05
0,evaluation_24,3,0,0,0,2,0,edf,2,3,1,0.6,0,completed,3,2,0,reference,0,0,0.00011023599654436111,3.919901791960001e-05
0,evaluation_24,3,0,0,0,2,0,uncertainty,2,3,1,0.6,0,completed,3,2,0,reference,0,0,0.00010684097651392221,3.838096745312214e-05
0,evaluation_24,3,0,0,0,2,0,greedy,2,3,1,0.6,0,completed,3,2,0,reference,0,0,0.00011143588926643133,4.1310908272862434e-05
0,evaluation_24,3,0,0,0,2,0,search,2,3,1,0.6,0,completed,3,2,0,reference,0,0,0.00012912892270833254,4.4788001105189323e-05
0,evaluation_24,0,0,0,1,4,0,no_review,2,0,2,0.0,0,completed,3,0,0,approve_block,0,0,0.00013904913794249296,3.248301800340414e-05
0,evaluation_24,2,0,0,1,1,0,fcfs,2,4,2,0.8,0,completed,3,1,0,approve_block,0,0,6.882997695356607e-05,3.375299274921417e-05
0,evaluation_24,2,0,0,1,2,0,edf,2,4,2,0.8,0,completed,3,2,0,approve_block,0,0,0.00013354991097003222,5.519494879990816e-05
0,evaluation_24,2,0,0,1,1,0,uncertainty,2,4,2,0.8,0,completed,3,1,0,approve_block,0,0,7.417902816087008e-05,3.566301893442869e-05
0,evaluation_24,2,0,0,1,1,0,greedy,2,4,2,0.8,0,completed,3,1,0,approve_block,0,0,8.167105261236429e-05,4.233303479850292e-05
0,evaluation_24,2,0,0,1,2,0,search,2,4,2,0.8,0,completed,3,2,0,approve_block,0,0,0.00012706092093139887,5.943095311522484e-05
0,evaluation_24,0,0,0,1,5,0,no_review,2,0,1,0.0,0,completed,3,0,0,approve_block,0,0,0.0001696209656074643,5.72459539398551e-05
0,evaluation_24,3,0,0,0,2,0,fcfs,2,3,1,0.6,0,completed,3,2,0,approve_block,0,0,8.821918163448572e-05,3.0787079595029354e-05
0,evaluation_24,3,0,0,0,2,0,edf,2,3,1,0.6,0,completed,3,2,0,approve_block,0,0,0.00010489497799426317,3.63329891115427e-05
0,evaluation_24,3,0,0,0,2,0,uncertainty,2,3,1,0.6,0,completed,3,2,0,approve_block,0,0,0.0001084448304027319,3.7831952795386314e-05
0,evaluation_24,3,0,0,0,2,0,greedy,2,3,1,0.6,0,completed,3,2,0,approve_block,0,0,9.072793181985617e-05,3.53790819644928e-05
0,evaluation_24,3,0,0,0,2,0,search,2,3,1,0.6,0,completed,3,2,0,approve_block,0,0,0.00012422818690538406,4.2881001718342304e-05
0,evaluation_24,0,0,0,1,3,0,no_review,2,0,2,0.0,0,completed,3,0,0,complexity_time,0,0,0.00015192897990345955,4.328298382461071e-05
0,evaluation_24,2,0,0,1,1,0,fcfs,2,5,2,1.0,0,completed,3,2,0,complexity_time,0,0,6.83140242472291e-05,3.5032047890126705e-05
0,evaluation_24,2,0,0,1,2,0,edf,2,5,2,1.0,0,completed,3,2,0,complexity_time,0,0,7.9959980212152e-05,4.4011976569890976e-05
0,evaluation_24,2,0,0,1,1,0,uncertainty,2,5,2,1.0,0,completed,3,2,0,complexity_time,0,0,8.25260067358613e-05,4.2755971662700176e-05
0,evaluation_24,2,0,0,1,1,0,greedy,2,5,2,1.0,0,completed,3,2,0,complexity_time,0,0,7.365306373685598e-05,3.751297481358051e-05
0,evaluation_24,2,0,0,1,2,0,search,2,5,2,1.0,0,completed,3,2,0,complexity_time,0,0,9.119196329265833e-05,4.3667969293892384e-05
0,evaluation_24,0,0,0,2,4,0,no_review,2,0,1,0.0,0,completed,3,0,0,complexity_time,0,0,0.00017063005361706018,4.452501889318228e-05
0,evaluation_24,2,0,0,1,1,0,fcfs,2,3,1,0.6,0,completed,3,1,0,complexity_time,0,0,7.326214108616114e-05,3.571098204702139e-05
0,evaluation_24,3,0,0,1,2,0,edf,2,4,1,0.8,0,completed,3,3,0,complexity_time,0,0,0.0001277850242331624,5.7265046052634716e-05
0,evaluation_24,2,0,0,1,1,0,uncertainty,2,3,1,0.6,0,completed,3,1,0,complexity_time,0,0,6.622204091399908e-05,3.3674994483590126e-05
0,evaluation_24,2,0,0,1,1,0,greedy,2,3,1,0.6,0,completed,3,1,0,complexity_time,0,0,8.480495307594538e-05,4.5286957174539566e-05
0,evaluation_24,3,0,0,1,2,0,search,2,4,1,0.8,0,completed,3,3,0,complexity_time,0,0,0.00011631892994046211,4.336796700954437e-05
0,evaluation_25,3,1,0,1,2,0,fcfs,0,3,1,0.5,0,completed,3,2,0,reference,0,0,9.906594641506672e-05,3.144005313515663e-05
0,evaluation_25,3,1,0,2,2,0,edf,0,3,1,0.5,0,completed,3,2,0,reference,0,0,9.308685548603535e-05,3.377196844667196e-05
0,evaluation_25,3,1,0,2,2,0,uncertainty,0,3,1,0.5,0,completed,3,2,0,reference,0,0,0.00011892523616552353,4.0999031625688076e-05
0,evaluation_25,3,1,0,2,2,0,greedy,0,3,1,0.5,0,completed,3,2,0,reference,0,0,0.00010686286259442568,3.452599048614502e-05
0,evaluation_25,3,1,0,1,2,0,search,0,3,1,0.5,0,completed,3,2,0,reference,0,0,0.0001324519980698824,4.602503031492233e-05
0,evaluation_25,0,0,1,3,4,8,no_review,0,0,1,0.0,4,completed,2,0,0,reference,4,1,0.0001745251938700676,4.233000800013542e-05
0,evaluation_25,2,0,1,0,1,8,fcfs,0,4,2,0.6666666666666666,4,completed,2,1,0,reference,4,1,8.413800969719887e-05,4.5150984078645706e-05
0,evaluation_25,3,1,0,1,2,0,edf,0,6,2,1.0,0,completed,3,5,0,reference,0,0,0.00012212409637868404,5.1203067414462566e-05
0,evaluation_25,2,1,0,1,2,0,uncertainty,0,4,2,0.6666666666666666,0,completed,3,1,0,reference,0,0,8.331891149282455e-05,4.087993875145912e-05
0,evaluation_25,2,1,0,1,2,0,greedy,0,4,2,0.6666666666666666,0,completed,3,1,0,reference,0,0,8.32361401990056e-05,4.537904169410467e-05
0,evaluation_25,3,1,0,1,2,0,search,0,6,2,1.0,0,completed,3,5,0,reference,0,0,0.00015582109335809946,6.742600817233324e-05
0,evaluation_25,0,0,1,2,3,8,no_review,0,0,2,0.0,4,completed,2,0,0,reference,4,1,0.00016057712491601706,3.433902747929096e-05
1,evaluation_25,3,0,0,2,2,4,fcfs,0,3,1,0.5,4,completed,2,2,0,approve_block,0,0,0.00011501798871904612,4.017003811895847e-05
1,evaluation_25,3,0,0,2,2,4,edf,0,3,1,0.5,4,completed,2,2,0,approve_block,0,0,0.00011186010669916868,3.692205063998699e-05
1,evaluation_25,3,0,0,2,2,4,uncertainty,0,3,1,0.5,4,completed,2,2,0,approve_block,0,0,0.00010792515240609646,3.71329952031374e-05
1,evaluation_25,3,0,0,2,2,4,greedy,0,3,1,0.5,4,completed,2,2,0,approve_block,0,0,0.00010864890646189451,3.461295273154974e-05
1,evaluation_25,3,0,0,2,2,4,search,0,3,1,0.5,4,completed,2,2,0,approve_block,0,0,0.00012593285646289587,4.337995778769255e-05
0,evaluation_25,0,0,1,4,4,8,no_review,0,0,1,0.0,4,completed,2,0,0,approve_block,4,1,0.0001758079743012786,4.130695015192032e-05
0,evaluation_25,2,0,1,0,1,8,fcfs,0,4,2,0.6666666666666666,4,completed,2,1,0,approve_block,4,1,7.442187052220106e-05,3.88510525226593e-05
1,evaluation_25,3,0,0,1,2,4,edf,0,6,2,1.0,4,completed,2,5,0,approve_block,0,0,0.0001329728402197361,5.512894131243229e-05
1,evaluation_25,2,0,0,1,2,4,uncertainty,0,4,2,0.6666666666666666,4,completed,2,1,0,approve_block,0,0,8.680892642587423e-05,4.833401180803776e-05
1,evaluation_25,2,0,0,1,2,4,greedy,0,4,2,0.6666666666666666,4,completed,2,1,0,approve_block,0,0,9.156810119748116e-05,4.7350069507956505e-05
1,evaluation_25,3,0,0,1,2,4,search,0,6,2,1.0,4,completed,2,5,0,approve_block,0,0,0.0001829010434448719,6.404193118214607e-05
0,evaluation_25,0,0,1,2,3,8,no_review,0,0,2,0.0,4,completed,2,0,0,approve_block,4,1,0.00019149400759488344,4.711397923529148e-05
0,evaluation_25,3,1,0,1,2,0,fcfs,0,3,1,0.5,0,completed,3,2,0,complexity_time,0,0,8.520111441612244e-05,3.047811333090067e-05
0,evaluation_25,3,1,0,2,2,0,edf,0,3,1,0.5,0,completed,3,2,0,complexity_time,0,0,0.00011526793241500854,4.2414991185069084e-05
0,evaluation_25,3,1,0,2,2,0,uncertainty,0,3,1,0.5,0,completed,3,2,0,complexity_time,0,0,0.0001081980299204588,3.466801717877388e-05
0,evaluation_25,3,1,0,2,2,0,greedy,0,3,1,0.5,0,completed,3,2,0,complexity_time,0,0,0.00010422698687762022,3.6158948205411434e-05
0,evaluation_25,3,1,0,1,2,0,search,0,3,1,0.5,0,completed,3,2,0,complexity_time,0,0,0.00012631085701286793,4.515191540122032e-05
0,evaluation_25,0,0,1,3,4,8,no_review,0,0,1,0.0,4,completed,2,0,0,complexity_time,4,1,0.00017296092119067907,4.231499042361975e-05
0,evaluation_25,2,0,1,0,1,8,fcfs,0,4,2,0.6666666666666666,4,completed,2,1,0,complexity_time,4,1,7.953110616654158e-05,4.250998608767986e-05
0,evaluation_25,3,1,0,1,2,0,edf,0,6,2,1.0,0,completed,3,5,0,complexity_time,0,0,0.0001187638845294714,4.3681939132511616e-05
0,evaluation_25,2,1,0,1,2,0,uncertainty,0,4,2,0.6666666666666666,0,completed,3,1,0,complexity_time,0,0,9.376299567520618e-05,5.40000619366765e-05
0,evaluation_25,2,1,0,1,2,0,greedy,0,4,2,0.6666666666666666,0,completed,3,1,0,complexity_time,0,0,8.582998998463154e-05,4.6283937990665436e-05
0,evaluation_25,3,1,0,1,2,0,search,0,6,2,1.0,0,completed,3,5,0,complexity_time,0,0,0.0001582230906933546,5.565595347434282e-05
0,evaluation_25,0,0,1,2,3,8,no_review,0,0,2,0.0,4,completed,2,0,0,complexity_time,4,1,0.00016900396440178156,3.34479846060276e-05
0,evaluation_25,2,1,0,1,1,4,fcfs,1,2,1,0.3333333333333333,4,completed,2,1,1,reference,0,0,7.304921746253967e-05,3.6146026104688644e-05
0,evaluation_25,2,1,0,1,1,4,edf,1,2,1,0.3333333333333333,4,completed,2,1,1,reference,0,0,8.825783152133226e-05,4.634691867977381e-05
0,evaluation_25,2,1,0,1,1,4,uncertainty,1,2,1,0.3333333333333333,4,completed,2,1,1,reference,0,0,7.400091271847486e-05,3.60559206455946e-05
0,evaluation_25,2,1,0,1,1,4,greedy,1,2,1,0.3333333333333333,4,completed,2,1,1,reference,0,0,9.167706593871117e-05,5.0803995691239834e-05
0,evaluation_25,2,1,0,1,1,4,search,1,2,1,0.3333333333333333,4,completed,2,1,1,reference,0,0,9.177299216389656e-05,4.467298276722431e-05
0,evaluation_25,0,0,1,1,2,12,no_review,1,0,1,0.0,8,completed,1,0,1,reference,4,1,9.801704436540604e-05,2.9703020118176937e-05
0,evaluation_25,1,0,1,0,1,12,fcfs,1,2,2,0.3333333333333333,8,completed,1,0,1,reference,4,1,3.757199738174677e-05,3.104598727077246e-05
0,evaluation_25,2,1,0,0,1,4,edf,1,4,2,0.6666666666666666,4,completed,2,2,1,reference,0,0,7.877300959080458e-05,3.692694008350372e-05
0,evaluation_25,2,1,0,0,1,4,uncertainty,1,4,2,0.6666666666666666,4,completed,2,2,1,reference,0,0,7.245491724461317e-05,3.368500620126724e-05
0,evaluation_25,2,1,0,0,1,4,greedy,1,4,2,0.6666666666666666,4,completed,2,2,1,reference,0,0,7.690000347793102e-05,3.643403761088848e-05
0,evaluation_25,2,1,0,0,1,4,search,1,4,2,0.6666666666666666,4,completed,2,2,1,reference,0,0,8.266803342849016e-05,4.5088003389537334e-05
0,evaluation_25,0,0,1,0,1,12,no_review,1,0,2,0.0,8,completed,1,0,1,reference,4,1,9.839411359280348e-05,3.0697090551257133e-05
1,evaluation_25,2,0,0,1,1,8,fcfs,1,2,1,0.3333333333333333,8,completed,1,1,1,approve_block,0,0,6.718304939568043e-05,3.098405431956053e-05
1,evaluation_25,2,0,0,1,1,8,edf,1,2,1,0.3333333333333333,8,completed,1,1,1,approve_block,0,0,7.65389995649457e-05,3.4678028896450996e-05
1,evaluation_25,2,0,0,1,1,8,uncertainty,1,2,1,0.3333333333333333,8,completed,1,1,1,approve_block,0,0,6.574508734047413e-05,3.498105797916651e-05
1,evaluation_25,2,0,0,1,1,8,greedy,1,2,1,0.3333333333333333,8,completed,1,1,1,approve_block,0,0,9.566603694111109e-05,5.281507037580013e-05
1,evaluation_25,2,0,0,1,1,8,search,1,2,1,0.3333333333333333,8,completed,1,1,1,approve_block,0,0,9.567011147737503e-05,4.518195055425167e-05
0,evaluation_25,0,0,1,1,2,12,no_review,1,0,1,0.0,8,completed,1,0,1,approve_block,4,1,0.00010552909225225449,3.3652991987764835e-05
0,evaluation_25,1,0,1,0,1,12,fcfs,1,2,2,0.3333333333333333,8,completed,1,0,1,approve_block,4,1,3.913021646440029e-05,3.1431904062628746e-05
1,evaluation_25,2,0,0,0,1,8,edf,1,4,2,0.6666666666666666,8,completed,1,2,1,approve_block,0,0,7.635797373950481e-05,3.729399759322405e-05
1,evaluation_25,2,0,0,0,1,8,uncertainty,1,4,2,0.6666666666666666,8,completed,1,2,1,approve_block,0,0,6.0177058912813663e-05,3.460794687271118e-05
1,evaluation_25,2,0,0,0,1,8,greedy,1,4,2,0.6666666666666666,8,completed,1,2,1,approve_block,0,0,7.288996130228043e-05,3.5220058634877205e-05
1,evaluation_25,2,0,0,0,1,8,search,1,4,2,0.6666666666666666,8,completed,1,2,1,approve_block,0,0,8.847285062074661e-05,4.433200228959322e-05
0,evaluation_25,0,0,1,0,1,12,no_review,1,0,2,0.0,8,completed,1,0,1,approve_block,4,1,0.00010007410310208797,3.111700061708689e-05
0,evaluation_25,2,1,0,1,1,4,fcfs,1,2,1,0.3333333333333333,4,completed,2,1,1,complexity_time,0,0,7.272395305335522e-05,3.714801277965307e-05
0,evaluation_25,2,1,0,1,1,4,edf,1,2,1,0.3333333333333333,4,completed,2,1,1,complexity_time,0,0,7.461803033947945e-05,3.6139972507953644e-05
0,evaluation_25,2,1,0,1,1,4,uncertainty,1,2,1,0.3333333333333333,4,completed,2,1,1,complexity_time,0,0,7.313420064747334e-05,3.291305620223284e-05
0,evaluation_25,2,1,0,1,1,4,greedy,1,2,1,0.3333333333333333,4,completed,2,1,1,complexity_time,0,0,7.295922841876745e-05,3.3661024644970894e-05
0,evaluation_25,2,1,0,1,1,4,search,1,2,1,0.3333333333333333,4,completed,2,1,1,complexity_time,0,0,7.429393008351326e-05,4.2857020162045956e-05
0,evaluation_25,0,0,1,1,2,12,no_review,1,0,1,0.0,8,completed,1,0,1,complexity_time,4,1,8.837878704071045e-05,2.968090120702982e-05
0,evaluation_25,1,0,1,0,1,12,fcfs,1,2,2,0.3333333333333333,8,completed,1,0,1,complexity_time,4,1,3.605801612138748e-05,2.9904884286224842e-05
0,evaluation_25,2,1,0,0,1,4,edf,1,4,2,0.6666666666666666,4,completed,2,2,1,complexity_time,0,0,5.943200085312128e-05,3.380898851901293e-05
0,evaluation_25,2,1,0,0,1,4,uncertainty,1,4,2,0.6666666666666666,4,completed,2,2,1,complexity_time,0,0,9.364890865981579e-05,5.0219008699059486e-05
0,evaluation_25,2,1,0,0,1,4,greedy,1,4,2,0.6666666666666666,4,completed,2,2,1,complexity_time,0,0,7.648288737982512e-05,3.672693856060505e-05
0,evaluation_25,2,1,0,0,1,4,search,1,4,2,0.6666666666666666,4,completed,2,2,1,complexity_time,0,0,9.258696809411049e-05,4.4020009227097034e-05
0,evaluation_25,0,0,1,0,1,12,no_review,1,0,2,0.0,8,completed,1,0,1,complexity_time,4,1,0.00011775421444326639,3.888900391757488e-05
0,evaluation_25,3,2,0,1,2,0,fcfs,2,3,1,0.5,0,completed,3,2,0,reference,0,0,9.910308290272951e-05,3.305298741906881e-05
0,evaluation_25,3,2,0,2,2,0,edf,2,3,1,0.5,0,completed,3,2,0,reference,0,0,0.00010994006879627705,3.6269077099859715e-05
0,evaluation_25,3,2,0,2,2,0,uncertainty,2,3,1,0.5,0,completed,3,2,0,reference,0,0,0.0001096200430765748,3.464706242084503e-05
0,evaluation_25,3,2,0,2,2,0,greedy,2,3,1,0.5,0,completed,3,2,0,reference,0,0,0.00016607390716671944,5.5472017265856266e-05
0,evaluation_25,3,2,0,1,2,0,search,2,3,1,0.5,0,completed,3,2,0,reference,0,0,0.0001389101380482316,4.710198845714331e-05
0,evaluation_25,0,0,2,3,4,20,no_review,2,0,1,0.0,8,completed,1,0,0,reference,12,2,0.00022644700948148966,7.262208964675665e-05
0,evaluation_25,2,1,1,0,1,8,fcfs,2,4,2,0.6666666666666666,4,completed,2,1,0,reference,4,1,6.753485649824142e-05,3.202795051038265e-05
0,evaluation_25,3,2,0,1,2,0,edf,2,6,2,1.0,0,completed,3,5,0,reference,0,0,0.00012817105744034052,5.151098594069481e-05
0,evaluation_25,2,2,0,1,2,0,uncertainty,2,4,2,0.6666666666666666,0,completed,3,1,0,reference,0,0,9.425007738173008e-05,5.470006726682186e-05
0,evaluation_25,2,2,0,1,2,0,greedy,2,4,2,0.6666666666666666,0,completed,3,1,0,reference,0,0,8.611485827714205e-05,4.777591675519943e-05
0,evaluation_25,3,2,0,1,2,0,search,2,6,2,1.0,0,completed,3,5,0,reference,0,0,0.0001522308448329568,6.352993659675121e-05
0,evaluation_25,0,0,2,2,3,20,no_review,2,0,2,0.0,8,completed,1,0,0,reference,12,2,0.0001731750089675188,4.607602022588253e-05
2,evaluation_25,3,0,0,2,2,8,fcfs,2,3,1,0.5,8,completed,1,2,0,approve_block,0,0,0.00010468321852385998,3.695895429700613e-05
2,evaluation_25,3,0,0,2,2,8,edf,2,3,1,0.5,8,completed,1,2,0,approve_block,0,0,9.147380478680134e-05,3.466091584414244e-05
2,evaluation_25,3,0,0,2,2,8,uncertainty,2,3,1,0.5,8,completed,1,2,0,approve_block,0,0,0.0001263798912987113,5.911302287131548e-05
2,evaluation_25,3,0,0,2,2,8,greedy,2,3,1,0.5,8,completed,1,2,0,approve_block,0,0,0.00010612211190164089,3.5005039535462856e-05
2,evaluation_25,3,0,0,2,2,8,search,2,3,1,0.5,8,completed,1,2,0,approve_block,0,0,0.0001380218891426921,4.524702671915293e-05
0,evaluation_25,0,0,2,4,4,20,no_review,2,0,1,0.0,8,completed,1,0,0,approve_block,12,2,0.00018675799947232008,5.504500586539507e-05
1,evaluation_25,2,0,1,0,1,12,fcfs,2,4,2,0.6666666666666666,8,completed,1,1,0,approve_block,4,1,7.732794620096684e-05,4.2891944758594036e-05
2,evaluation_25,3,0,0,1,2,8,edf,2,6,2,1.0,8,completed,1,5,0,approve_block,0,0,0.00012732483446598053,5.680392496287823e-05
2,evaluation_25,2,0,0,1,2,8,uncertainty,2,4,2,0.6666666666666666,8,completed,1,1,0,approve_block,0,0,8.27948097139597e-05,4.2550964280962944e-05
2,evaluation_25,2,0,0,1,2,8,greedy,2,4,2,0.6666666666666666,8,completed,1,1,0,approve_block,0,0,7.334502879530191e-05,3.4603988751769066e-05
2,evaluation_25,3,0,0,1,2,8,search,2,6,2,1.0,8,completed,1,5,0,approve_block,0,0,0.00012842100113630295,4.338705912232399e-05
0,evaluation_25,0,0,2,2,3,20,no_review,2,0,2,0.0,8,completed,1,0,0,approve_block,12,2,0.0001878701150417328,4.748208448290825e-05
0,evaluation_25,3,2,0,1,2,0,fcfs,2,3,1,0.5,0,completed,3,2,0,complexity_time,0,0,9.366997983306646e-05,3.15509969368577e-05
0,evaluation_25,3,2,0,2,2,0,edf,2,3,1,0.5,0,completed,3,2,0,complexity_time,0,0,0.0001488890266045928,6.018206477165222e-05
0,evaluation_25,3,2,0,2,2,0,uncertainty,2,3,1,0.5,0,completed,3,2,0,complexity_time,0,0,9.489513467997313e-05,3.503297921270132e-05
0,evaluation_25,3,2,0,2,2,0,greedy,2,3,1,0.5,0,completed,3,2,0,complexity_time,0,0,0.00011402287054806948,3.8959900848567486e-05
0,evaluation_25,3,2,0,1,2,0,search,2,3,1,0.5,0,completed,3,2,0,complexity_time,0,0,0.0001295427791774273,4.769396036863327e-05
0,evaluation_25,0,0,2,3,4,20,no_review,2,0,1,0.0,8,completed,1,0,0,complexity_time,12,2,0.0001816061558201909,4.6609085984528065e-05
0,evaluation_25,2,1,1,0,1,8,fcfs,2,4,2,0.6666666666666666,4,completed,2,1,0,complexity_time,4,1,6.20019854977727e-05,2.9932940378785133e-05
0,evaluation_25,3,2,0,1,2,0,edf,2,6,2,1.0,0,completed,3,5,0,complexity_time,0,0,0.00011262006592005491,4.552106838673353e-05
0,evaluation_25,2,2,0,1,2,0,uncertainty,2,4,2,0.6666666666666666,0,completed,3,1,0,complexity_time,0,0,7.267703767865896e-05,3.538699820637703e-05
0,evaluation_25,2,2,0,1,2,0,greedy,2,4,2,0.6666666666666666,0,completed,3,1,0,complexity_time,0,0,9.020406287163496e-05,4.8862071707844734e-05
0,evaluation_25,3,2,0,1,2,0,search,2,6,2,1.0,0,completed,3,5,0,complexity_time,0,0,0.00015187100507318974,5.435803905129433e-05
0,evaluation_25,0,0,2,2,3,20,no_review,2,0,2,0.0,8,completed,1,0,0,complexity_time,12,2,0.00017202715389430523,4.372699186205864e-05
0,evaluation_26,3,0,0,0,2,0,edf,0,6,2,1.0,0,completed,3,5,0,reference,0,0,0.00012522912584245205,5.3393072448670864e-05
0,evaluation_26,3,0,0,0,2,0,uncertainty,0,6,2,1.0,0,completed,3,5,0,reference,0,0,0.00011077593080699444,5.00859459862113e-05
0,evaluation_26,3,0,0,0,2,0,greedy,0,6,2,1.0,0,completed,3,5,0,reference,0,0,0.00013027095701545477,5.7898927479982376e-05
0,evaluation_26,3,0,0,0,2,0,search,0,6,2,1.0,0,completed,3,5,0,reference,0,0,0.0001352708786725998,5.9456913731992245e-05
0,evaluation_26,0,0,0,0,3,0,no_review,0,0,2,0.0,0,completed,3,0,0,reference,0,0,0.00018617010209709406,4.476506728678942e-05
0,evaluation_26,2,0,0,0,1,0,fcfs,0,4,2,0.6666666666666666,0,completed,3,1,0,reference,0,0,6.61209924146533e-05,3.089802339673042e-05
0,evaluation_26,3,0,0,1,2,0,edf,0,3,1,0.5,0,completed,3,2,0,reference,0,0,0.00011368200648576021,3.685604315251112e-05
0,evaluation_26,3,0,0,1,2,0,uncertainty,0,3,1,0.5,0,completed,3,2,0,reference,0,0,0.00010516715701669455,3.4196069464087486e-05
0,evaluation_26,3,0,0,1,2,0,greedy,0,3,1,0.5,0,completed,3,2,0,reference,0,0,0.00011176709085702896,3.945606295019388e-05
0,evaluation_26,3,0,0,1,2,0,search,0,3,1,0.5,0,completed,3,2,0,reference,0,0,0.000122588942758739,4.21799486503005e-05
0,evaluation_26,0,0,0,1,4,0,no_review,0,0,1,0.0,0,completed,3,0,0,reference,0,0,0.00020131224300712347,6.379501428455114e-05
0,evaluation_26,3,0,0,1,2,0,fcfs,0,3,1,0.5,0,completed,3,2,0,reference,0,0,8.449016604572535e-05,3.0221999622881413e-05
0,evaluation_26,3,0,0,0,2,0,edf,0,6,2,1.0,0,completed,3,5,0,approve_block,0,0,0.00011784990783780813,4.8269983381032944e-05
0,evaluation_26,3,0,0,0,2,0,uncertainty,0,6,2,1.0,0,completed,3,5,0,approve_block,0,0,9.33818519115448e-05,3.583694342523813e-05
0,evaluation_26,3,0,0,0,2,0,greedy,0,6,2,1.0,0,completed,3,5,0,approve_block,0,0,0.00015697604976594448,8.012796752154827e-05
0,evaluation_26,3,0,0,0,2,0,search,0,6,2,1.0,0,completed,3,5,0,approve_block,0,0,0.00015365192666649818,7.18400115147233e-05
0,evaluation_26,0,0,0,0,3,0,no_review,0,0,2,0.0,0,completed,3,0,0,approve_block,0,0,0.00019225303549319506,4.300510045140982e-05
0,evaluation_26,2,0,0,0,1,0,fcfs,0,4,2,0.6666666666666666,0,completed,3,1,0,approve_block,0,0,5.5159907788038254e-05,2.9560993425548077e-05
0,evaluation_26,3,0,0,1,2,0,edf,0,3,1,0.5,0,completed,3,2,0,approve_block,0,0,0.00010345608461648226,3.45699954777956e-05
0,evaluation_26,3,0,0,1,2,0,uncertainty,0,3,1,0.5,0,completed,3,2,0,approve_block,0,0,0.00015531410463154316,5.671905819326639e-05
0,evaluation_26,3,0,0,1,2,0,greedy,0,3,1,0.5,0,completed,3,2,0,approve_block,0,0,0.00012473983224481344,5.133193917572498e-05
0,evaluation_26,3,0,0,1,2,0,search,0,3,1,0.5,0,completed,3,2,0,approve_block,0,0,0.0001318780705332756,4.498299676924944e-05
0,evaluation_26,0,0,0,1,4,0,no_review,0,0,1,0.0,0,completed,3,0,0,approve_block,0,0,0.0001812741393223405,3.9797043427824974e-05
0,evaluation_26,3,0,0,1,2,0,fcfs,0,3,1,0.5,0,completed,3,2,0,approve_block,0,0,9.644485544413328e-05,3.181991633027792e-05
0,evaluation_26,2,0,0,0,1,0,edf,0,4,2,0.6666666666666666,0,completed,3,1,0,complexity_time,0,0,8.027406875044107e-05,4.132406320422888e-05
0,evaluation_26,2,0,0,0,1,0,uncertainty,0,4,2,0.6666666666666666,0,completed,3,1,0,complexity_time,0,0,8.687202353030443e-05,4.5505003072321415e-05
0,evaluation_26,2,0,0,0,1,0,greedy,0,4,2,0.6666666666666666,0,completed,3,1,0,complexity_time,0,0,7.987511344254017e-05,4.154001362621784e-05
0,evaluation_26,2,0,0,0,1,0,search,0,4,2,0.6666666666666666,0,completed,3,1,0,complexity_time,0,0,0.0001085848780348897,5.347596015781164e-05
0,evaluation_26,0,0,0,0,2,0,no_review,0,0,2,0.0,0,completed,3,0,0,complexity_time,0,0,0.0001751260133460164,4.081090446561575e-05
0,evaluation_26,2,0,0,0,1,0,fcfs,0,5,2,0.8333333333333334,0,completed,3,2,0,complexity_time,0,0,7.49039463698864e-05,3.7021003663539886e-05
0,evaluation_26,3,0,0,0,2,0,edf,0,4,1,0.6666666666666666,0,completed,3,3,0,complexity_time,0,0,9.016797412186861e-05,3.292399924248457e-05
0,evaluation_26,3,0,0,0,2,0,uncertainty,0,4,1,0.6666666666666666,0,completed,3,3,0,complexity_time,0,0,0.00010838592424988747,3.725301939994097e-05
0,evaluation_26,3,0,0,0,2,0,greedy,0,4,1,0.6666666666666666,0,completed,3,3,0,complexity_time,0,0,9.91082051768899e-05,3.6915065720677376e-05
0,evaluation_26,3,0,0,0,2,0,search,0,4,1,0.6666666666666666,0,completed,3,3,0,complexity_time,0,0,0.0001308489590883255,4.425900988280773e-05
0,evaluation_26,0,0,0,0,3,0,no_review,0,0,1,0.0,0,completed,3,0,0,complexity_time,0,0,0.00017683417536318302,4.464201629161835e-05
0,evaluation_26,2,0,0,0,1,0,fcfs,0,3,1,0.5,0,completed,3,1,0,complexity_time,0,0,8.340703789144754e-05,4.471302963793278e-05
0,evaluation_26,3,0,0,0,2,0,edf,1,6,2,1.0,0,completed,3,5,0,reference,0,0,0.0001265739556401968,4.616298247128725e-05
0,evaluation_26,3,0,0,0,2,0,uncertainty,1,6,2,1.0,0,completed,3,5,0,reference,0,0,0.00010614900384098291,3.863999154418707e-05
0,evaluation_26,3,0,0,0,2,0,greedy,1,6,2,1.0,0,completed,3,5,0,reference,0,0,0.0001211860217154026,4.922691732645035e-05
0,evaluation_26,3,0,0,0,2,0,search,1,6,2,1.0,0,completed,3,5,0,reference,0,0,0.0001289930660277605,4.28520143032074e-05
0,evaluation_26,0,0,0,0,3,0,no_review,1,0,2,0.0,0,completed,3,0,0,reference,0,0,0.0001673250226303935,3.2832962460815907e-05
0,evaluation_26,2,0,0,0,1,0,fcfs,1,4,2,0.6666666666666666,0,completed,3,1,0,reference,0,0,7.994705811142921e-05,4.344410263001919e-05
0,evaluation_26,3,0,0,1,2,0,edf,1,3,1,0.5,0,completed,3,2,0,reference,0,0,0.0001112970057874918,3.593997098505497e-05
0,evaluation_26,3,0,0,1,2,0,uncertainty,1,3,1,0.5,0,completed,3,2,0,reference,0,0,0.00010916485916823149,3.8790982216596603e-05
0,evaluation_26,3,0,0,1,2,0,greedy,1,3,1,0.5,0,completed,3,2,0,reference,0,0,0.00011383299715816975,3.6800047382712364e-05
0,evaluation_26,3,0,0,1,2,0,search,1,3,1,0.5,0,completed,3,2,0,reference,0,0,0.000131228007376194,4.6735978685319424e-05
0,evaluation_26,0,0,0,1,4,0,no_review,1,0,1,0.0,0,completed,3,0,0,reference,0,0,0.00018512096721678972,4.2585073970258236e-05
0,evaluation_26,3,0,0,1,2,0,fcfs,1,3,1,0.5,0,completed,3,2,0,reference,0,0,9.511783719062805e-05,3.023806493729353e-05
0,evaluation_26,3,0,0,0,2,0,edf,1,6,2,1.0,0,completed,3,5,0,approve_block,0,0,0.00013802770990878344,5.489494651556015e-05
0,evaluation_26,3,0,0,0,2,0,uncertainty,1,6,2,1.0,0,completed,3,5,0,approve_block,0,0,0.00011237803846597672,4.750594962388277e-05
0,evaluation_26,3,0,0,0,2,0,greedy,1,6,2,1.0,0,completed,3,5,0,approve_block,0,0,0.00012993498239666224,5.577597767114639e-05
0,evaluation_26,3,0,0,0,2,0,search,1,6,2,1.0,0,completed,3,5,0,approve_block,0,0,0.00011654396075755358,4.491803701967001e-05
0,evaluation_26,0,0,0,0,3,0,no_review,1,0,2,0.0,0,completed,3,0,0,approve_block,0,0,0.00017097708769142628,4.398892633616924e-05
0,evaluation_26,2,0,0,0,1,0,fcfs,1,4,2,0.6666666666666666,0,completed,3,1,0,approve_block,0,0,6.772484630346298e-05,3.396393731236458e-05
0,evaluation_26,3,0,0,1,2,0,edf,1,3,1,0.5,0,completed,3,2,0,approve_block,0,0,0.00012906990014016628,5.570403300225735e-05
0,evaluation_26,3,0,0,1,2,0,uncertainty,1,3,1,0.5,0,completed,3,2,0,approve_block,0,0,0.00010331685189157724,3.4488970413804054e-05
0,evaluation_26,3,0,0,1,2,0,greedy,1,3,1,0.5,0,completed,3,2,0,approve_block,0,0,9.090907406061888e-05,3.258697688579559e-05
0,evaluation_26,3,0,0,1,2,0,search,1,3,1,0.5,0,completed,3,2,0,approve_block,0,0,0.0001136179780587554,4.4359941966831684e-05
0,evaluation_26,0,0,0,1,4,0,no_review,1,0,1,0.0,0,completed,3,0,0,approve_block,0,0,0.00022684514988213778,5.679007153958082e-05
0,evaluation_26,3,0,0,1,2,0,fcfs,1,3,1,0.5,0,completed,3,2,0,approve_block,0,0,0.00010409601964056492,3.9112986996769905e-05
0,evaluation_26,2,0,0,0,1,0,edf,1,4,2,0.6666666666666666,0,completed,3,1,0,complexity_time,0,0,8.570076897740364e-05,4.6269968152046204e-05
0,evaluation_26,2,0,0,0,1,0,uncertainty,1,4,2,0.6666666666666666,0,completed,3,1,0,complexity_time,0,0,8.733395952731371e-05,4.76340064778924e-05
0,evaluation_26,2,0,0,0,1,0,greedy,1,4,2,0.6666666666666666,0,completed,3,1,0,complexity_time,0,0,0.00010695308446884155,5.422194954007864e-05
0,evaluation_26,2,0,0,0,1,0,search,1,4,2,0.6666666666666666,0,completed,3,1,0,complexity_time,0,0,0.00010698591358959675,5.703500937670469e-05
0,evaluation_26,0,0,0,0,2,0,no_review,1,0,2,0.0,0,completed,3,0,0,complexity_time,0,0,0.00017380481585860252,3.899098373949528e-05
0,evaluation_26,2,0,0,0,1,0,fcfs,1,5,2,0.8333333333333334,0,completed,3,2,0,complexity_time,0,0,6.887118797749281e-05,3.327406011521816e-05
0,evaluation_26,3,0,0,0,2,0,edf,1,4,1,0.6666666666666666,0,completed,3,3,0,complexity_time,0,0,0.00010306318290531635,3.440398722887039e-05
0,evaluation_26,3,0,0,0,2,0,uncertainty,1,4,1,0.6666666666666666,0,completed,3,3,0,complexity_time,0,0,0.00010604900307953358,3.363203722983599e-05
0,evaluation_26,3,0,0,0,2,0,greedy,1,4,1,0.6666666666666666,0,completed,3,3,0,complexity_time,0,0,0.00011922698467969894,4.596402868628502e-05
0,evaluation_26,3,0,0,0,2,0,search,1,4,1,0.6666666666666666,0,completed,3,3,0,complexity_time,0,0,0.00013482384383678436,4.388799425214529e-05
0,evaluation_26,0,0,0,0,3,0,no_review,1,0,1,0.0,0,completed,3,0,0,complexity_time,0,0,0.00017282203771173954,4.718499258160591e-05
0,evaluation_26,2,0,0,0,1,0,fcfs,1,3,1,0.5,0,completed,3,1,0,complexity_time,0,0,8.027220610529184e-05,3.6146026104688644e-05
0,evaluation_26,3,0,0,0,2,0,edf,2,6,2,1.0,0,completed,3,5,0,reference,0,0,0.00012098683509975672,4.464690573513508e-05
0,evaluation_26,3,0,0,0,2,0,uncertainty,2,6,2,1.0,0,completed,3,5,0,reference,0,0,0.00012710504233837128,4.691502545028925e-05
0,evaluation_26,3,0,0,0,2,0,greedy,2,6,2,1.0,0,completed,3,5,0,reference,0,0,0.00013100600335747004,5.062797572463751e-05
0,evaluation_26,3,0,0,0,2,0,search,2,6,2,1.0,0,completed,3,5,0,reference,0,0,0.00018962414469569921,9.995698928833008e-05
0,evaluation_26,0,0,0,0,3,0,no_review,2,0,2,0.0,0,completed,3,0,0,reference,0,0,0.00019359204452484846,4.636193625628948e-05
0,evaluation_26,2,0,0,0,1,0,fcfs,2,4,2,0.6666666666666666,0,completed,3,1,0,reference,0,0,7.80218979343772e-05,4.040601197630167e-05
0,evaluation_26,3,0,0,1,2,0,edf,2,3,1,0.5,0,completed,3,2,0,reference,0,0,0.00010213488712906837,3.5007018595933914e-05
0,evaluation_26,3,0,0,1,2,0,uncertainty,2,3,1,0.5,0,completed,3,2,0,reference,0,0,0.00011252379044890404,3.75829404219985e-05
0,evaluation_26,3,0,0,1,2,0,greedy,2,3,1,0.5,0,completed,3,2,0,reference,0,0,9.5970812253654e-05,3.572495188564062e-05
0,evaluation_26,3,0,0,1,2,0,search,2,3,1,0.5,0,completed,3,2,0,reference,0,0,0.0001716259866952896,7.964298129081726e-05
0,evaluation_26,0,0,0,1,4,0,no_review,2,0,1,0.0,0,completed,3,0,0,reference,0,0,0.00017202203162014484,4.5132008381187916e-05
0,evaluation_26,3,0,0,1,2,0,fcfs,2,3,1,0.5,0,completed,3,2,0,reference,0,0,9.470991790294647e-05,3.237708006054163e-05
0,evaluation_26,3,0,0,0,2,0,edf,2,6,2,1.0,0,completed,3,5,0,approve_block,0,0,0.0001361820613965392,6.090500392019749e-05
0,evaluation_26,3,0,0,0,2,0,uncertainty,2,6,2,1.0,0,completed,3,5,0,approve_block,0,0,0.00012364599388092756,4.723703023046255e-05
0,evaluation_26,3,0,0,0,2,0,greedy,2,6,2,1.0,0,completed,3,5,0,approve_block,0,0,0.00015238102059811354,5.827704444527626e-05
0,evaluation_26,3,0,0,0,2,0,search,2,6,2,1.0,0,completed,3,5,0,approve_block,0,0,0.00012096285354346037,4.787999205291271e-05
0,evaluation_26,0,0,0,0,3,0,no_review,2,0,2,0.0,0,completed,3,0,0,approve_block,0,0,0.0001853201538324356,5.153496749699116e-05
0,evaluation_26,2,0,0,0,1,0,fcfs,2,4,2,0.6666666666666666,0,completed,3,1,0,approve_block,0,0,6.780691910535097e-05,3.28070018440485e-05
0,evaluation_26,3,0,0,1,2,0,edf,2,3,1,0.5,0,completed,3,2,0,approve_block,0,0,0.00015374890062958002,8.18789703771472e-05
0,evaluation_26,3,0,0,1,2,0,uncertainty,2,3,1,0.5,0,completed,3,2,0,approve_block,0,0,0.00010222510900348425,3.414007369428873e-05
0,evaluation_26,3,0,0,1,2,0,greedy,2,3,1,0.5,0,completed,3,2,0,approve_block,0,0,0.00011388096027076244,4.09239437431097e-05
0,evaluation_26,3,0,0,1,2,0,search,2,3,1,0.5,0,completed,3,2,0,approve_block,0,0,0.00013520382344722748,4.543294198811054e-05
0,evaluation_26,0,0,0,1,4,0,no_review,2,0,1,0.0,0,completed,3,0,0,approve_block,0,0,0.00020143797155469656,5.0113070756196976e-05
0,evaluation_26,3,0,0,1,2,0,fcfs,2,3,1,0.5,0,completed,3,2,0,approve_block,0,0,0.0001455099554732442,7.654901128262281e-05
0,evaluation_26,2,0,0,0,1,0,edf,2,4,2,0.6666666666666666,0,completed,3,1,0,complexity_time,0,0,8.5512176156044e-05,4.5016990043222904e-05
0,evaluation_26,2,0,0,0,1,0,uncertainty,2,4,2,0.6666666666666666,0,completed,3,1,0,complexity_time,0,0,8.22009751573205e-05,4.200497642159462e-05
0,evaluation_26,2,0,0,0,1,0,greedy,2,4,2,0.6666666666666666,0,completed,3,1,0,complexity_time,0,0,8.477515075355768e-05,4.5459019020199776e-05
0,evaluation_26,2,0,0,0,1,0,search,2,4,2,0.6666666666666666,0,completed,3,1,0,complexity_time,0,0,0.00010448391549289227,5.630601663142443e-05
0,evaluation_26,0,0,0,0,2,0,no_review,2,0,2,0.0,0,completed,3,0,0,complexity_time,0,0,0.00016599416267126799,3.610400017350912e-05
0,evaluation_26,2,0,0,0,1,0,fcfs,2,5,2,0.8333333333333334,0,completed,3,2,0,complexity_time,0,0,7.578195072710514e-05,3.957794979214668e-05
0,evaluation_26,3,0,0,0,2,0,edf,2,4,1,0.6666666666666666,0,completed,3,3,0,complexity_time,0,0,0.00011119572445750237,3.6826939322054386e-05
0,evaluation_26,3,0,0,0,2,0,uncertainty,2,4,1,0.6666666666666666,0,completed,3,3,0,complexity_time,0,0,0.00013036909513175488,5.650799721479416e-05
0,evaluation_26,3,0,0,0,2,0,greedy,2,4,1,0.6666666666666666,0,completed,3,3,0,complexity_time,0,0,0.00010212406050413847,3.396498505026102e-05
0,evaluation_26,3,0,0,0,2,0,search,2,4,1,0.6666666666666666,0,completed,3,3,0,complexity_time,0,0,0.00013017002493143082,4.443898797035217e-05
0,evaluation_26,0,0,0,0,3,0,no_review,2,0,1,0.0,0,completed,3,0,0,complexity_time,0,0,0.00016752094961702824,3.828899934887886e-05
0,evaluation_26,2,0,0,0,1,0,fcfs,2,3,1,0.5,0,completed,3,1,0,complexity_time,0,0,6.710179150104523e-05,3.196496982127428e-05
0,evaluation_27,3,0,0,0,2,0,uncertainty,0,3,1,0.6,0,completed,3,2,0,reference,0,0,0.00010676600504666567,3.52649949491024e-05
0,evaluation_27,3,0,0,0,2,0,greedy,0,3,1,0.6,0,completed,3,2,0,reference,0,0,9.417906403541565e-05,3.3751013688743114e-05
0,evaluation_27,3,0,0,0,2,0,search,0,3,1,0.6,0,completed,3,2,0,reference,0,0,0.0001317898277193308,4.44300239905715e-05
0,evaluation_27,0,0,0,2,4,0,no_review,0,0,1,0.0,0,completed,3,0,0,reference,0,0,0.00016308226622641087,3.344006836414337e-05
0,evaluation_27,3,0,0,0,2,0,fcfs,0,3,1,0.6,0,completed,3,2,0,reference,0,0,0.0001150650205090642,4.383595660328865e-05
0,evaluation_27,3,0,0,0,2,0,edf,0,3,1,0.6,0,completed,3,2,0,reference,0,0,0.00010353291872888803,3.382295835763216e-05
0,evaluation_27,2,0,0,0,1,0,uncertainty,0,4,2,0.8,0,completed,3,2,0,reference,0,0,8.236512076109648e-05,4.26700571551919e-05
0,evaluation_27,2,0,0,0,1,0,greedy,0,4,2,0.8,0,completed,3,2,0,reference,0,0,0.00010094488970935345,5.283195059746504e-05
0,evaluation_27,2,0,0,0,1,0,search,0,4,2,0.8,0,completed,3,2,0,reference,0,0,0.00010181101970374584,5.2690040320158005e-05
0,evaluation_27,0,0,0,1,3,0,no_review,0,0,2,0.0,0,completed,3,0,0,reference,0,0,0.00017255498096346855,4.8579066060483456e-05
0,evaluation_27,2,0,0,0,1,0,fcfs,0,4,2,0.8,0,completed,3,2,0,reference,0,0,0.00011492893099784851,7.786497008055449e-05
0,evaluation_27,2,0,0,0,1,0,edf,0,4,2,0.8,0,completed,3,2,0,reference,0,0,7.616798393428326e-05,3.740598913282156e-05
0,evaluation_27,3,0,0,0,2,0,uncertainty,0,3,1,0.6,0,completed,3,2,0,approve_block,0,0,0.00014864490367472172,6.229197606444359e-05
0,evaluation_27,3,0,0,0,2,0,greedy,0,3,1,0.6,0,completed,3,2,0,approve_block,0,0,0.00013801595196127892,6.622192449867725e-05
0,evaluation_27,3,0,0,0,2,0,search,0,3,1,0.6,0,completed,3,2,0,approve_block,0,0,0.00013459008187055588,4.661304410547018e-05
0,evaluation_27,0,0,0,2,4,0,no_review,0,0,1,0.0,0,completed,3,0,0,approve_block,0,0,0.00016000703908503056,3.325298894196749e-05
0,evaluation_27,3,0,0,0,2,0,fcfs,0,3,1,0.6,0,completed,3,2,0,approve_block,0,0,0.00010238797403872013,3.6668963730335236e-05
0,evaluation_27,3,0,0,0,2,0,edf,0,3,1,0.6,0,completed,3,2,0,approve_block,0,0,0.00010911491699516773,3.730598837137222e-05
0,evaluation_27,2,0,0,0,1,0,uncertainty,0,4,2,0.8,0,completed,3,2,0,approve_block,0,0,0.00010413187555968761,6.411399226635695e-05
0,evaluation_27,2,0,0,0,1,0,greedy,0,4,2,0.8,0,completed,3,2,0,approve_block,0,0,0.00010852492414414883,7.021997589617968e-05
0,evaluation_27,2,0,0,0,1,0,search,0,4,2,0.8,0,completed,3,2,0,approve_block,0,0,8.437910582870245e-05,4.2936066165566444e-05
0,evaluation_27,0,0,0,1,3,0,no_review,0,0,2,0.0,0,completed,3,0,0,approve_block,0,0,0.00029103702399879694,7.920898497104645e-05
0,evaluation_27,2,0,0,0,1,0,fcfs,0,4,2,0.8,0,completed,3,2,0,approve_block,0,0,6.685813423246145e-05,3.3111078664660454e-05
0,evaluation_27,2,0,0,0,1,0,edf,0,4,2,0.8,0,completed,3,2,0,approve_block,0,0,9.10820672288537e-05,5.204696208238602e-05
0,evaluation_27,2,0,0,1,2,0,uncertainty,0,3,1,0.6,0,completed,3,2,0,complexity_time,0,0,9.086728096008301e-05,5.230598617345095e-05
0,evaluation_27,2,0,0,1,2,0,greedy,0,3,1,0.6,0,completed,3,2,0,complexity_time,0,0,8.953781798481941e-05,4.7405948862433434e-05
0,evaluation_27,3,0,0,1,2,0,search,0,4,1,0.8,0,completed,3,4,0,complexity_time,0,0,0.00013402907643467188,4.9856025725603104e-05
0,evaluation_27,0,0,0,2,4,0,no_review,0,0,1,0.0,0,completed,3,0,0,complexity_time,0,0,0.0001812041737139225,5.181902088224888e-05
0,evaluation_27,2,0,0,1,2,0,fcfs,0,3,1,0.6,0,completed,3,2,0,complexity_time,0,0,8.292216807603836e-05,4.837499000132084e-05
0,evaluation_27,3,0,0,1,2,0,edf,0,4,1,0.8,0,completed,3,2,0,complexity_time,0,0,0.00010890897829085588,3.779795952141285e-05
0,evaluation_27,1,0,0,1,1,0,uncertainty,0,3,2,0.6,0,completed,3,0,0,complexity_time,0,0,7.562804967164993e-05,3.82870202884078e-05
0,evaluation_27,1,0,0,1,1,0,greedy,0,3,2,0.6,0,completed,3,0,0,complexity_time,0,0,7.418589666485786e-05,3.541994374245405e-05
0,evaluation_27,2,0,0,1,1,0,search,0,5,2,1.0,0,completed,3,2,0,complexity_time,0,0,9.940098971128464e-05,5.564501043409109e-05
0,evaluation_27,0,0,0,1,3,0,no_review,0,0,2,0.0,0,completed,3,0,0,complexity_time,0,0,0.000173501786775887,4.8029934987425804e-05
0,evaluation_27,1,0,0,1,1,0,fcfs,0,3,2,0.6,0,completed,3,0,0,complexity_time,0,0,6.80399825796485e-05,3.136403393000364e-05
0,evaluation_27,2,0,0,1,1,0,edf,0,5,2,1.0,0,completed,3,2,0,complexity_time,0,0,8.485710714012384e-05,4.7653098590672016e-05
0,evaluation_27,2,0,0,0,0,4,uncertainty,1,2,1,0.4,4,completed,2,0,1,reference,0,0,4.608393646776676e-05,2.2517982870340347e-05
0,evaluation_27,2,0,0,0,0,4,greedy,1,2,1,0.4,4,completed,2,0,1,reference,0,0,5.1126000471413136e-05,2.307200338691473e-05
0,evaluation_27,2,0,0,0,0,4,search,1,2,1,0.4,4,completed,2,0,1,reference,0,0,5.942583084106445e-05,2.726493403315544e-05
0,evaluation_27,0,0,0,1,2,4,no_review,1,0,1,0.0,4,completed,2,0,1,reference,0,0,0.00011801102664321661,3.466301131993532e-05
0,evaluation_27,2,0,0,0,0,4,fcfs,1,2,1,0.4,4,completed,2,0,1,reference,0,0,4.4411979615688324e-05,2.1324027329683304e-05
0,evaluation_27,2,0,0,0,0,4,edf,1,2,1,0.4,4,completed,2,0,1,reference,0,0,5.236582364886999e-05,2.3867934942245483e-05
0,evaluation_27,1,0,0,0,0,4,uncertainty,1,2,2,0.4,4,completed,2,0,1,reference,0,0,6.395007949322462e-05,3.6397017538547516e-05
0,evaluation_27,1,0,0,0,0,4,greedy,1,2,2,0.4,4,completed,2,0,1,reference,0,0,5.224102642387152e-05,2.4586915969848633e-05
0,evaluation_27,1,0,0,0,0,4,search,1,2,2,0.4,4,completed,2,0,1,reference,0,0,6.563798524439335e-05,3.218196798115969e-05
0,evaluation_27,0,0,0,1,1,4,no_review,1,0,2,0.0,4,completed,2,0,1,reference,0,0,0.00011720694601535797,3.35469376295805e-05
0,evaluation_27,1,0,0,0,0,4,fcfs,1,2,2,0.4,4,completed,2,0,1,reference,0,0,5.951512139290571e-05,3.411795478314161e-05
0,evaluation_27,1,0,0,0,0,4,edf,1,2,2,0.4,4,completed,2,0,1,reference,0,0,6.320979446172714e-05,3.470492083579302e-05
0,evaluation_27,2,0,0,0,0,4,uncertainty,1,2,1,0.4,4,completed,2,0,1,approve_block,0,0,5.0233909860253334e-05,2.2009015083312988e-05
0,evaluation_27,2,0,0,0,0,4,greedy,1,2,1,0.4,4,completed,2,0,1,approve_block,0,0,5.2235089242458344e-05,2.4002976715564728e-05
0,evaluation_27,2,0,0,0,0,4,search,1,2,1,0.4,4,completed,2,0,1,approve_block,0,0,5.993782542645931e-05,2.8779031708836555e-05
0,evaluation_27,0,0,0,1,2,4,no_review,1,0,1,0.0,4,completed,2,0,1,approve_block,0,0,0.00011581194121390581,3.3810967579483986e-05
0,evaluation_27,2,0,0,0,0,4,fcfs,1,2,1,0.4,4,completed,2,0,1,approve_block,0,0,4.56199049949646e-05,1.9363942556083202e-05
0,evaluation_27,2,0,0,0,0,4,edf,1,2,1,0.4,4,completed,2,0,1,approve_block,0,0,4.841294139623642e-05,2.2413907572627068e-05
0,evaluation_27,1,0,0,0,0,4,uncertainty,1,2,2,0.4,4,completed,2,0,1,approve_block,0,0,5.5736047215759754e-05,2.6936992071568966e-05
0,evaluation_27,1,0,0,0,0,4,greedy,1,2,2,0.4,4,completed,2,0,1,approve_block,0,0,5.639181472361088e-05,2.8249924071133137e-05
0,evaluation_27,1,0,0,0,0,4,search,1,2,2,0.4,4,completed,2,0,1,approve_block,0,0,6.806279998272657e-05,3.5804929211735725e-05
0,evaluation_27,0,0,0,1,1,4,no_review,1,0,2,0.0,4,completed,2,0,1,approve_block,0,0,0.00011345802340656519,3.347196616232395e-05
0,evaluation_27,1,0,0,0,0,4,fcfs,1,2,2,0.4,4,completed,2,0,1,approve_block,0,0,6.018811836838722e-05,3.246509004384279e-05
0,evaluation_27,1,0,0,0,0,4,edf,1,2,2,0.4,4,completed,2,0,1,approve_block,0,0,6.028800271451473e-05,3.433600068092346e-05
0,evaluation_27,2,0,0,0,0,4,uncertainty,1,3,1,0.6,4,completed,2,1,1,complexity_time,0,0,6.539002060890198e-05,3.8266065530478954e-05
0,evaluation_27,2,0,0,0,0,4,greedy,1,3,1,0.6,4,completed,2,1,1,complexity_time,0,0,6.937608122825623e-05,3.6659068427979946e-05
0,evaluation_27,2,0,0,0,0,4,search,1,3,1,0.6,4,completed,2,1,1,complexity_time,0,0,6.827316246926785e-05,3.708398435264826e-05
0,evaluation_27,0,0,0,2,2,4,no_review,1,0,1,0.0,4,completed,2,0,1,complexity_time,0,0,0.00012142211198806763,3.7192017771303654e-05
0,evaluation_27,2,0,0,0,0,4,fcfs,1,3,1,0.6,4,completed,2,1,1,complexity_time,0,0,5.040003452450037e-05,2.6962021365761757e-05
0,evaluation_27,2,0,0,0,0,4,edf,1,3,1,0.6,4,completed,2,1,1,complexity_time,0,0,4.6733999624848366e-05,2.2643012925982475e-05
0,evaluation_27,1,0,0,0,0,4,uncertainty,1,3,2,0.6,4,completed,2,0,1,complexity_time,0,0,2.9969029128551483e-05,2.3209024220705032e-05
0,evaluation_27,1,0,0,0,0,4,greedy,1,3,2,0.6,4,completed,2,0,1,complexity_time,0,0,2.6408000849187374e-05,2.271996345371008e-05
0,evaluation_27,1,0,0,0,0,4,search,1,3,2,0.6,4,completed,2,0,1,complexity_time,0,0,3.113388083875179e-05,2.6882975362241268e-05
0,evaluation_27,0,0,0,0,1,4,no_review,1,0,2,0.0,4,completed,2,0,1,complexity_time,0,0,0.00010747287888079882,2.6216963306069374e-05
0,evaluation_27,1,0,0,0,0,4,fcfs,1,3,2,0.6,4,completed,2,0,1,complexity_time,0,0,2.6348978281021118e-05,2.0785024389624596e-05
0,evaluation_27,1,0,0,0,0,4,edf,1,3,2,0.6,4,completed,2,0,1,complexity_time,0,0,3.3130054362118244e-05,2.251402474939823e-05
0,evaluation_27,2,0,0,0,0,4,uncertainty,2,2,1,0.4,4,completed,2,0,1,reference,0,0,5.8227102272212505e-05,2.769601996988058e-05
0,evaluation_27,2,0,0,0,0,4,greedy,2,2,1,0.4,4,completed,2,0,1,reference,0,0,5.047488957643509e-05,2.2589927539229393e-05
0,evaluation_27,2,0,0,0,0,4,search,2,2,1,0.4,4,completed,2,0,1,reference,0,0,6.220291834324598e-05,2.8635025955736637e-05
0,evaluation_27,0,0,0,1,2,4,no_review,2,0,1,0.0,4,completed,2,0,1,reference,0,0,0.00010426994413137436,2.3706001229584217e-05
0,evaluation_27,2,0,0,0,0,4,fcfs,2,2,1,0.4,4,completed,2,0,1,reference,0,0,4.413293208926916e-05,2.1661981008946896e-05
0,evaluation_27,2,0,0,0,0,4,edf,2,2,1,0.4,4,completed,2,0,1,reference,0,0,5.043204873800278e-05,2.202799078077078e-05
0,evaluation_27,1,0,0,0,0,4,uncertainty,2,2,2,0.4,4,completed,2,0,1,reference,0,0,6.007193587720394e-05,3.287801519036293e-05
0,evaluation_27,1,0,0,0,0,4,greedy,2,2,2,0.4,4,completed,2,0,1,reference,0,0,6.172095891088247e-05,2.9183924198150635e-05
0,evaluation_27,1,0,0,0,0,4,search,2,2,2,0.4,4,completed,2,0,1,reference,0,0,5.939207039773464e-05,2.742605283856392e-05
0,evaluation_27,0,0,0,1,1,4,no_review,2,0,2,0.0,4,completed,2,0,1,reference,0,0,0.00011212611570954323,3.1288014724850655e-05
0,evaluation_27,1,0,0,0,0,4,fcfs,2,2,2,0.4,4,completed,2,0,1,reference,0,0,5.8276928029954433e-05,3.119395114481449e-05
0,evaluation_27,1,0,0,0,0,4,edf,2,2,2,0.4,4,completed,2,0,1,reference,0,0,5.5397977121174335e-05,2.9216986149549484e-05
0,evaluation_27,2,0,0,0,0,4,uncertainty,2,2,1,0.4,4,completed,2,0,1,approve_block,0,0,5.1968032494187355e-05,2.3843953385949135e-05
0,evaluation_27,2,0,0,0,0,4,greedy,2,2,1,0.4,4,completed,2,0,1,approve_block,0,0,5.218293517827988e-05,2.31829471886158e-05
0,evaluation_27,2,0,0,0,0,4,search,2,2,1,0.4,4,completed,2,0,1,approve_block,0,0,5.6309159845113754e-05,2.6107067242264748e-05
0,evaluation_27,0,0,0,1,2,4,no_review,2,0,1,0.0,4,completed,2,0,1,approve_block,0,0,0.00011291680857539177,3.482296597212553e-05
0,evaluation_27,2,0,0,0,0,4,fcfs,2,2,1,0.4,4,completed,2,0,1,approve_block,0,0,4.646694287657738e-05,2.1182000637054443e-05
0,evaluation_27,2,0,0,0,0,4,edf,2,2,1,0.4,4,completed,2,0,1,approve_block,0,0,5.2471994422376156e-05,2.360902726650238e-05
0,evaluation_27,1,0,0,0,0,4,uncertainty,2,2,2,0.4,4,completed,2,0,1,approve_block,0,0,5.937018431723118e-05,3.2849027775228024e-05
0,evaluation_27,1,0,0,0,0,4,greedy,2,2,2,0.4,4,completed,2,0,1,approve_block,0,0,5.72040444239974e-05,2.9416987672448158e-05
0,evaluation_27,1,0,0,0,0,4,search,2,2,2,0.4,4,completed,2,0,1,approve_block,0,0,5.696376319974661e-05,2.6355963200330734e-05
0,evaluation_27,0,0,0,1,1,4,no_review,2,0,2,0.0,4,completed,2,0,1,approve_block,0,0,0.00011459505185484886,3.172003198415041e-05
0,evaluation_27,1,0,0,0,0,4,fcfs,2,2,2,0.4,4,completed,2,0,1,approve_block,0,0,4.922086372971535e-05,2.4199020117521286e-05
0,evaluation_27,1,0,0,0,0,4,edf,2,2,2,0.4,4,completed,2,0,1,approve_block,0,0,4.931597504764795e-05,2.2480031475424767e-05
0,evaluation_27,2,0,0,0,0,4,uncertainty,2,3,1,0.6,4,completed,2,1,1,complexity_time,0,0,8.219608571380377e-05,5.397002678364515e-05
0,evaluation_27,2,0,0,0,0,4,greedy,2,3,1,0.6,4,completed,2,1,1,complexity_time,0,0,6.929202936589718e-05,3.722100518643856e-05
0,evaluation_27,2,0,0,0,0,4,search,2,3,1,0.6,4,completed,2,1,1,complexity_time,0,0,6.487197242677212e-05,3.476801794022322e-05
0,evaluation_27,0,0,0,2,2,4,no_review,2,0,1,0.0,4,completed,2,0,1,complexity_time,0,0,0.00012280303053557873,4.0257000364363194e-05
0,evaluation_27,2,0,0,0,0,4,fcfs,2,3,1,0.6,4,completed,2,1,1,complexity_time,0,0,5.60469925403595e-05,3.073492553085089e-05
0,evaluation_27,2,0,0,0,0,4,edf,2,3,1,0.6,4,completed,2,1,1,complexity_time,0,0,6.27320259809494e-05,3.6223093047738075e-05
0,evaluation_27,1,0,0,0,0,4,uncertainty,2,3,2,0.6,4,completed,2,0,1,complexity_time,0,0,2.8169015422463417e-05,2.2180029191076756e-05
0,evaluation_27,1,0,0,0,0,4,greedy,2,3,2,0.6,4,completed,2,0,1,complexity_time,0,0,2.7696951292455196e-05,2.292997669428587e-05
0,evaluation_27,1,0,0,0,0,4,search,2,3,2,0.6,4,completed,2,0,1,complexity_time,0,0,3.1297095119953156e-05,2.4926033802330494e-05
0,evaluation_27,0,0,0,0,1,4,no_review,2,0,2,0.0,4,completed,2,0,1,complexity_time,0,0,0.00012136402074247599,3.9421021938323975e-05
0,evaluation_27,1,0,0,0,0,4,fcfs,2,3,2,0.6,4,completed,2,0,1,complexity_time,0,0,2.4742912501096725e-05,1.9793049432337284e-05
0,evaluation_27,1,0,0,0,0,4,edf,2,3,2,0.6,4,completed,2,0,1,complexity_time,0,0,2.7362140826880932e-05,2.2409018129110336e-05
0,evaluation_28,2,1,1,1,1,8,greedy,0,4,2,0.8,4,completed,2,1,0,reference,4,1,7.231102790683508e-05,3.4594093449413776e-05
0,evaluation_28,2,2,0,1,2,0,search,0,4,2,0.8,0,completed,3,2,0,reference,0,0,0.00017899309750646353,0.00010197004303336143
0,evaluation_28,0,0,2,1,4,20,no_review,0,0,2,0.0,8,completed,1,0,0,reference,12,2,0.00016106676775962114,4.500697832554579e-05
0,evaluation_28,2,1,1,1,1,8,fcfs,0,4,2,0.8,4,completed,2,1,0,reference,4,1,6.915291305631399e-05,3.333191853016615e-05
0,evaluation_28,2,2,0,1,2,0,edf,0,4,2,0.8,0,completed,3,2,0,reference,0,0,0.00014323205687105656,8.098105899989605e-05
0,evaluation_28,2,1,1,1,1,8,uncertainty,0,4,2,0.8,4,completed,2,1,0,reference,4,1,0.00010236387606710196,6.295600906014442e-05
0,evaluation_28,3,2,0,0,2,0,greedy,0,3,1,0.6,0,completed,3,2,0,reference,0,0,0.00010803504846990108,3.537093289196491e-05
0,evaluation_28,3,2,0,0,2,0,search,0,3,1,0.6,0,completed,3,2,0,reference,0,0,0.00012869981583207846,4.293699748814106e-05
0,evaluation_28,0,0,2,1,5,20,no_review,0,0,1,0.0,8,completed,1,0,0,reference,12,2,0.00016187794972211123,4.224502481520176e-05
0,evaluation_28,3,2,0,0,2,0,fcfs,0,3,1,0.6,0,completed,3,2,0,reference,0,0,8.720497135072947e-05,3.090198151767254e-05
0,evaluation_28,3,2,0,0,2,0,edf,0,3,1,0.6,0,completed,3,2,0,reference,0,0,0.00011546490713953972,4.485598765313625e-05
0,evaluation_28,3,2,0,0,2,0,uncertainty,0,3,1,0.6,0,completed,3,2,0,reference,0,0,9.287986904382706e-05,3.254599869251251e-05
1,evaluation_28,2,0,1,1,1,12,greedy,0,4,2,0.8,8,completed,1,1,0,approve_block,4,1,7.542979437857866e-05,3.65088926628232e-05
2,evaluation_28,2,0,0,1,2,8,search,0,4,2,0.8,8,completed,1,2,0,approve_block,0,0,0.0001075488980859518,4.230998456478119e-05
0,evaluation_28,0,0,2,1,4,20,no_review,0,0,2,0.0,8,completed,1,0,0,approve_block,12,2,0.0001627280144020915,4.835298750549555e-05
1,evaluation_28,2,0,1,1,1,12,fcfs,0,4,2,0.8,8,completed,1,1,0,approve_block,4,1,7.570302113890648e-05,3.495998680591583e-05
2,evaluation_28,2,0,0,1,2,8,edf,0,4,2,0.8,8,completed,1,2,0,approve_block,0,0,0.00010524888057261705,4.657392855733633e-05
1,evaluation_28,2,0,1,1,1,12,uncertainty,0,4,2,0.8,8,completed,1,1,0,approve_block,4,1,8.279201574623585e-05,4.431407433003187e-05
2,evaluation_28,3,0,0,0,2,8,greedy,0,3,1,0.6,8,completed,1,2,0,approve_block,0,0,9.267986752092838e-05,3.3863005228340626e-05
2,evaluation_28,3,0,0,0,2,8,search,0,3,1,0.6,8,completed,1,2,0,approve_block,0,0,0.00015430792700499296,6.341899279505014e-05
0,evaluation_28,0,0,2,1,5,20,no_review,0,0,1,0.0,8,completed,1,0,0,approve_block,12,2,0.000165135832503438,5.18489396199584e-05
2,evaluation_28,3,0,0,0,2,8,fcfs,0,3,1,0.6,8,completed,1,2,0,approve_block,0,0,0.0001420911867171526,7.549405563622713e-05
2,evaluation_28,3,0,0,0,2,8,edf,0,3,1,0.6,8,completed,1,2,0,approve_block,0,0,0.00010374921839684248,3.576907329261303e-05
2,evaluation_28,3,0,0,0,2,8,uncertainty,0,3,1,0.6,8,completed,1,2,0,approve_block,0,0,0.0001208761241286993,4.5364024117589e-05
0,evaluation_28,2,1,1,0,0,8,greedy,0,4,2,0.8,4,completed,2,1,0,complexity_time,4,1,8.197606075555086e-05,3.871601074934006e-05
0,evaluation_28,2,1,1,0,0,8,search,0,4,2,0.8,4,completed,2,1,0,complexity_time,4,1,8.233590051531792e-05,3.886898048222065e-05
0,evaluation_28,0,0,2,0,3,20,no_review,0,0,2,0.0,8,completed,1,0,0,complexity_time,12,2,0.00014481705147773027,3.369804471731186e-05
0,evaluation_28,2,1,1,0,0,8,fcfs,0,4,2,0.8,4,completed,2,1,0,complexity_time,4,1,6.11989526078105e-05,2.895400393754244e-05
0,evaluation_28,2,1,1,0,0,8,edf,0,4,2,0.8,4,completed,2,1,0,complexity_time,4,1,6.542401388287544e-05,3.3806078135967255e-05
0,evaluation_28,2,1,1,0,0,8,uncertainty,0,4,2,0.8,4,completed,2,1,0,complexity_time,4,1,7.483409717679024e-05,3.634905442595482e-05
0,evaluation_28,2,1,1,1,1,8,greedy,0,2,1,0.4,4,completed,2,0,0,complexity_time,4,1,7.279717829078436e-05,3.558304160833359e-05
0,evaluation_28,3,2,0,1,2,0,search,0,4,1,0.8,0,completed,3,4,0,complexity_time,0,0,0.00014912104234099388,4.97669680044055e-05
0,evaluation_28,0,0,2,1,5,20,no_review,0,0,1,0.0,8,completed,1,0,0,complexity_time,12,2,0.00017567898612469435,5.996902473270893e-05
0,evaluation_28,2,1,1,1,1,8,fcfs,0,2,1,0.4,4,completed,2,0,0,complexity_time,4,1,6.32900046184659e-05,3.125902730971575e-05
0,evaluation_28,3,2,0,1,2,0,edf,0,4,1,0.8,0,completed,3,4,0,complexity_time,0,0,0.00011734094005078077,4.8370915465056896e-05
0,evaluation_28,2,1,1,1,1,8,uncertainty,0,2,1,0.4,4,completed,2,0,0,complexity_time,4,1,7.513095624744892e-05,3.5918899811804295e-05
0,evaluation_28,1,0,0,0,0,8,greedy,1,2,2,0.4,8,completed,1,0,2,reference,0,0,2.8462964110076427e-05,1.9319006241858006e-05
0,evaluation_28,1,0,0,0,0,8,search,1,2,2,0.4,8,completed,1,0,2,reference,0,0,3.604206722229719e-05,2.3483997210860252e-05
0,evaluation_28,0,0,0,0,0,8,no_review,1,0,2,0.0,8,completed,1,0,2,reference,0,0,6.186903920024633e-05,1.6023055650293827e-05
0,evaluation_28,1,0,0,0,0,8,fcfs,1,2,2,0.4,8,completed,1,0,2,reference,0,0,2.8699985705316067e-05,1.6771024093031883e-05
0,evaluation_28,1,0,0,0,0,8,edf,1,2,2,0.4,8,completed,1,0,2,reference,0,0,2.8790091164410114e-05,1.8677092157304287e-05
0,evaluation_28,1,0,0,0,0,8,uncertainty,1,2,2,0.4,8,completed,1,0,2,reference,0,0,2.5726971216499805e-05,1.8076971173286438e-05
0,evaluation_28,1,0,0,0,0,8,greedy,1,1,1,0.2,8,completed,1,0,2,reference,0,0,3.4572090953588486e-05,2.0993058569729328e-05
0,evaluation_28,1,0,0,0,0,8,search,1,1,1,0.2,8,completed,1,0,2,reference,0,0,3.312213812023401e-05,2.299598418176174e-05
0,evaluation_28,0,0,0,0,0,8,no_review,1,0,1,0.0,8,completed,1,0,2,reference,0,0,6.28387788310647e-05,1.6304897144436836e-05
0,evaluation_28,1,0,0,0,0,8,fcfs,1,1,1,0.2,8,completed,1,0,2,reference,0,0,2.7739093638956547e-05,1.7072074115276337e-05
0,evaluation_28,1,0,0,0,0,8,edf,1,1,1,0.2,8,completed,1,0,2,reference,0,0,2.8972048312425613e-05,1.8588034436106682e-05
0,evaluation_28,1,0,0,0,0,8,uncertainty,1,1,1,0.2,8,completed,1,0,2,reference,0,0,2.9160059057176113e-05,1.8691993318498135e-05
0,evaluation_28,1,0,0,0,0,8,greedy,1,2,2,0.4,8,completed,1,0,2,approve_block,0,0,2.7999980375170708e-05,1.919199712574482e-05
0,evaluation_28,1,0,0,0,0,8,search,1,2,2,0.4,8,completed,1,0,2,approve_block,0,0,3.477698192000389e-05,2.4389009922742844e-05
0,evaluation_28,0,0,0,0,0,8,no_review,1,0,2,0.0,8,completed,1,0,2,approve_block,0,0,6.173388101160526e-05,1.646997407078743e-05
0,evaluation_28,1,0,0,0,0,8,fcfs,1,2,2,0.4,8,completed,1,0,2,approve_block,0,0,2.7729198336601257e-05,1.761701423674822e-05
0,evaluation_28,1,0,0,0,0,8,edf,1,2,2,0.4,8,completed,1,0,2,approve_block,0,0,2.9070070013403893e-05,1.8880004063248634e-05
0,evaluation_28,1,0,0,0,0,8,uncertainty,1,2,2,0.4,8,completed,1,0,2,approve_block,0,0,3.15449433401227e-05,1.8619000911712646e-05
0,evaluation_28,1,0,0,0,0,8,greedy,1,1,1,0.2,8,completed,1,0,2,approve_block,0,0,3.4431926906108856e-05,2.1590967662632465e-05
0,evaluation_28,1,0,0,0,0,8,search,1,1,1,0.2,8,completed,1,0,2,approve_block,0,0,3.677979111671448e-05,2.5143963284790516e-05
0,evaluation_28,0,0,0,0,0,8,no_review,1,0,1,0.0,8,completed,1,0,2,approve_block,0,0,5.7191820815205574e-05,1.615204382687807e-05
0,evaluation_28,1,0,0,0,0,8,fcfs,1,1,1,0.2,8,completed,1,0,2,approve_block,0,0,2.5554094463586807e-05,1.635600347071886e-05
0,evaluation_28,1,0,0,0,0,8,edf,1,1,1,0.2,8,completed,1,0,2,approve_block,0,0,3.070395905524492e-05,1.956603955477476e-05
0,evaluation_28,1,0,0,0,0,8,uncertainty,1,1,1,0.2,8,completed,1,0,2,approve_block,0,0,2.973107621073723e-05,1.85440294444561e-05
0,evaluation_28,1,0,0,0,0,8,greedy,1,2,2,0.4,8,completed,1,0,2,complexity_time,0,0,2.924492582678795e-05,1.9951025024056435e-05
0,evaluation_28,1,0,0,0,0,8,search,1,2,2,0.4,8,completed,1,0,2,complexity_time,0,0,3.044505137950182e-05,2.26880656555295e-05
0,evaluation_28,0,0,0,0,0,8,no_review,1,0,2,0.0,8,completed,1,0,2,complexity_time,0,0,5.975610110908747e-05,1.668906770646572e-05
0,evaluation_28,1,0,0,0,0,8,fcfs,1,2,2,0.4,8,completed,1,0,2,complexity_time,0,0,2.7830945327878e-05,1.6764039173722267e-05
0,evaluation_28,1,0,0,0,0,8,edf,1,2,2,0.4,8,completed,1,0,2,complexity_time,0,0,2.5551998987793922e-05,1.8013990484178066e-05
0,evaluation_28,1,0,0,0,0,8,uncertainty,1,2,2,0.4,8,completed,1,0,2,complexity_time,0,0,2.780393697321415e-05,1.8556020222604275e-05
0,evaluation_28,1,0,0,0,0,8,greedy,1,1,1,0.2,8,completed,1,0,2,complexity_time,0,0,3.084109630435705e-05,1.96180772036314e-05
0,evaluation_28,1,0,0,0,0,8,search,1,1,1,0.2,8,completed,1,0,2,complexity_time,0,0,3.853486850857735e-05,2.3859902285039425e-05
0,evaluation_28,0,0,0,0,0,8,no_review,1,0,1,0.0,8,completed,1,0,2,complexity_time,0,0,5.856715142726898e-05,1.5952973626554012e-05
0,evaluation_28,1,0,0,0,0,8,fcfs,1,1,1,0.2,8,completed,1,0,2,complexity_time,0,0,2.7833040803670883e-05,1.7037964425981045e-05
0,evaluation_28,1,0,0,0,0,8,edf,1,1,1,0.2,8,completed,1,0,2,complexity_time,0,0,3.112002741545439e-05,1.9408995285630226e-05
0,evaluation_28,1,0,0,0,0,8,uncertainty,1,1,1,0.2,8,completed,1,0,2,complexity_time,0,0,3.087799996137619e-05,1.944601535797119e-05
0,evaluation_28,2,1,1,1,1,8,greedy,2,4,2,0.8,4,completed,2,1,0,reference,4,1,7.655599620193243e-05,3.7507968954741955e-05
0,evaluation_28,2,2,0,1,2,0,search,2,4,2,0.8,0,completed,3,2,0,reference,0,0,0.00014163099694997072,5.639507435262203e-05
0,evaluation_28,0,0,2,1,4,20,no_review,2,0,2,0.0,8,completed,1,0,0,reference,12,2,0.00017608993221074343,6.377289537340403e-05
0,evaluation_28,2,1,1,1,1,8,fcfs,2,4,2,0.8,4,completed,2,1,0,reference,4,1,6.457290146499872e-05,3.2466952688992023e-05
0,evaluation_28,2,2,0,1,2,0,edf,2,4,2,0.8,0,completed,3,2,0,reference,0,0,0.00011767190881073475,5.308701656758785e-05
0,evaluation_28,2,1,1,1,1,8,uncertainty,2,4,2,0.8,4,completed,2,1,0,reference,4,1,7.683911826461554e-05,3.622600343078375e-05
0,evaluation_28,3,2,0,0,2,0,greedy,2,3,1,0.6,0,completed,3,2,0,reference,0,0,0.00010597403161227703,3.454601392149925e-05
0,evaluation_28,3,2,0,0,2,0,search,2,3,1,0.6,0,completed,3,2,0,reference,0,0,0.0001249030465260148,4.258600529283285e-05
0,evaluation_28,0,0,2,1,5,20,no_review,2,0,1,0.0,8,completed,1,0,0,reference,12,2,0.0001531281741335988,4.048109985888004e-05
0,evaluation_28,3,2,0,0,2,0,fcfs,2,3,1,0.6,0,completed,3,2,0,reference,0,0,0.00010740291327238083,3.90809727832675e-05
0,evaluation_28,3,2,0,0,2,0,edf,2,3,1,0.6,0,completed,3,2,0,reference,0,0,9.585299994796515e-05,3.476906567811966e-05
0,evaluation_28,3,2,0,0,2,0,uncertainty,2,3,1,0.6,0,completed,3,2,0,reference,0,0,8.817296475172043e-05,3.3897929824888706e-05
1,evaluation_28,2,0,1,1,1,12,greedy,2,4,2,0.8,8,completed,1,1,0,approve_block,4,1,7.534702308475971e-05,3.538199234753847e-05
2,evaluation_28,2,0,0,1,2,8,search,2,4,2,0.8,8,completed,1,2,0,approve_block,0,0,0.00013847288209944963,6.072293035686016e-05
0,evaluation_28,0,0,2,1,4,20,no_review,2,0,2,0.0,8,completed,1,0,0,approve_block,12,2,0.00015731994062662125,4.2274012230336666e-05
1,evaluation_28,2,0,1,1,1,12,fcfs,2,4,2,0.8,8,completed,1,1,0,approve_block,4,1,6.658397614955902e-05,3.178499173372984e-05
2,evaluation_28,2,0,0,1,2,8,edf,2,4,2,0.8,8,completed,1,2,0,approve_block,0,0,0.00011875201016664505,4.565599374473095e-05
1,evaluation_28,2,0,1,1,1,12,uncertainty,2,4,2,0.8,8,completed,1,1,0,approve_block,4,1,0.00011595292016863823,5.82659849897027e-05
2,evaluation_28,3,0,0,0,2,8,greedy,2,3,1,0.6,8,completed,1,2,0,approve_block,0,0,8.547981269657612e-05,3.294192720204592e-05
2,evaluation_28,3,0,0,0,2,8,search,2,3,1,0.6,8,completed,1,2,0,approve_block,0,0,0.00012365600559860468,4.435400478541851e-05
0,evaluation_28,0,0,2,1,5,20,no_review,2,0,1,0.0,8,completed,1,0,0,approve_block,12,2,0.00014512205962091684,3.334204666316509e-05
2,evaluation_28,3,0,0,0,2,8,fcfs,2,3,1,0.6,8,completed,1,2,0,approve_block,0,0,0.00010462000500410795,3.578502219170332e-05
2,evaluation_28,3,0,0,0,2,8,edf,2,3,1,0.6,8,completed,1,2,0,approve_block,0,0,0.00010040006600320339,3.316602669656277e-05
2,evaluation_28,3,0,0,0,2,8,uncertainty,2,3,1,0.6,8,completed,1,2,0,approve_block,0,0,0.00016752711962908506,5.7094963267445564e-05
0,evaluation_28,2,1,1,1,1,8,greedy,2,4,2,0.8,4,completed,2,1,0,complexity_time,4,1,7.188995368778706e-05,3.639794886112213e-05
0,evaluation_28,2,2,0,1,2,0,search,2,4,2,0.8,0,completed,3,2,0,complexity_time,0,0,0.00012787198647856712,5.5475044064223766e-05
0,evaluation_28,0,0,2,1,4,20,no_review,2,0,2,0.0,8,completed,1,0,0,complexity_time,12,2,0.00016007781960070133,4.6893954277038574e-05
0,evaluation_28,2,1,1,1,1,8,fcfs,2,4,2,0.8,4,completed,2,1,0,complexity_time,4,1,6.621505599468946e-05,3.30460024997592e-05
0,evaluation_28,2,2,0,1,2,0,edf,2,4,2,0.8,0,completed,3,2,0,complexity_time,0,0,0.00012050813529640436,5.0810049287974834e-05
0,evaluation_28,2,1,1,1,1,8,uncertainty,2,4,2,0.8,4,completed,2,1,0,complexity_time,4,1,8.112483192235231e-05,4.237599205225706e-05
0,evaluation_28,3,2,0,0,2,0,greedy,2,3,1,0.6,0,completed,3,2,0,complexity_time,0,0,0.0001084798714146018,3.706000279635191e-05
0,evaluation_28,3,2,0,0,2,0,search,2,3,1,0.6,0,completed,3,2,0,complexity_time,0,0,0.00013970606960356236,4.5208027586340904e-05
0,evaluation_28,0,0,2,1,5,20,no_review,2,0,1,0.0,8,completed,1,0,0,complexity_time,12,2,0.00015531200915575027,4.339893348515034e-05
0,evaluation_28,3,2,0,0,2,0,fcfs,2,3,1,0.6,0,completed,3,2,0,complexity_time,0,0,9.994092397391796e-05,3.2844021916389465e-05
0,evaluation_28,3,2,0,0,2,0,edf,2,3,1,0.6,0,completed,3,2,0,complexity_time,0,0,0.00010547286365181208,3.6934041418135166e-05
0,evaluation_28,3,2,0,0,2,0,uncertainty,2,3,1,0.6,0,completed,3,2,0,complexity_time,0,0,0.0001151510514318943,3.9143022149801254e-05
0,evaluation_29,1,0,0,0,0,8,search,0,1,1,0.2,8,completed,1,0,2,reference,0,0,2.9597082175314426e-05,2.4480046704411507e-05
0,evaluation_29,0,0,0,0,0,8,no_review,0,0,1,0.0,8,completed,1,0,2,reference,0,0,7.54001084715128e-05,2.1397951059043407e-05
0,evaluation_29,1,0,0,0,0,8,fcfs,0,1,1,0.2,8,completed,1,0,2,reference,0,0,2.485595177859068e-05,1.9937055185437202e-05
0,evaluation_29,1,0,0,0,0,8,edf,0,1,1,0.2,8,completed,1,0,2,reference,0,0,2.807890996336937e-05,2.2293999791145325e-05
0,evaluation_29,1,0,0,0,0,8,uncertainty,0,1,1,0.2,8,completed,1,0,2,reference,0,0,2.8169015422463417e-05,2.095696981996298e-05
0,evaluation_29,1,0,0,0,0,8,greedy,0,1,1,0.2,8,completed,1,0,2,reference,0,0,2.967100590467453e-05,2.3485044948756695e-05
0,evaluation_29,1,0,0,0,0,8,search,0,2,2,0.4,8,completed,1,0,2,reference,0,0,3.6331010051071644e-05,2.9935035854578018e-05
0,evaluation_29,0,0,0,0,0,8,no_review,0,0,2,0.0,8,completed,1,0,2,reference,0,0,6.928795482963324e-05,1.9493047147989273e-05
0,evaluation_29,1,0,0,0,0,8,fcfs,0,2,2,0.4,8,completed,1,0,2,reference,0,0,2.5662826374173164e-05,1.8998980522155762e-05
0,evaluation_29,1,0,0,0,0,8,edf,0,2,2,0.4,8,completed,1,0,2,reference,0,0,2.8337002731859684e-05,2.3239990696310997e-05
0,evaluation_29,1,0,0,0,0,8,uncertainty,0,2,2,0.4,8,completed,1,0,2,reference,0,0,2.5082961656153202e-05,2.0936946384608746e-05
0,evaluation_29,1,0,0,0,0,8,greedy,0,2,2,0.4,8,completed,1,0,2,reference,0,0,2.818217035382986e-05,2.28220596909523e-05
0,evaluation_29,1,0,0,0,0,8,search,0,1,1,0.2,8,completed,1,0,2,approve_block,0,0,3.420887514948845e-05,2.691789995878935e-05
0,evaluation_29,0,0,0,0,0,8,no_review,0,0,1,0.0,8,completed,1,0,2,approve_block,0,0,7.340987212955952e-05,1.971493475139141e-05
0,evaluation_29,1,0,0,0,0,8,fcfs,0,1,1,0.2,8,completed,1,0,2,approve_block,0,0,3.0109891667962074e-05,2.0328909158706665e-05
0,evaluation_29,1,0,0,0,0,8,edf,0,1,1,0.2,8,completed,1,0,2,approve_block,0,0,3.034400288015604e-05,2.2792024537920952e-05
0,evaluation_29,1,0,0,0,0,8,uncertainty,0,1,1,0.2,8,completed,1,0,2,approve_block,0,0,2.637400757521391e-05,2.1624029614031315e-05
0,evaluation_29,1,0,0,0,0,8,greedy,0,1,1,0.2,8,completed,1,0,2,approve_block,0,0,3.0101044103503227e-05,2.2844062186777592e-05
0,evaluation_29,1,0,0,0,0,8,search,0,2,2,0.4,8,completed,1,0,2,approve_block,0,0,3.16728837788105e-05,2.6025925762951374e-05
0,evaluation_29,0,0,0,0,0,8,no_review,0,0,2,0.0,8,completed,1,0,2,approve_block,0,0,7.051811553537846e-05,1.984403934329748e-05
0,evaluation_29,1,0,0,0,0,8,fcfs,0,2,2,0.4,8,completed,1,0,2,approve_block,0,0,2.512102946639061e-05,1.9734026864171028e-05
0,evaluation_29,1,0,0,0,0,8,edf,0,2,2,0.4,8,completed,1,0,2,approve_block,0,0,2.7409056201577187e-05,2.236710861325264e-05
0,evaluation_29,1,0,0,0,0,8,uncertainty,0,2,2,0.4,8,completed,1,0,2,approve_block,0,0,2.8491951525211334e-05,2.2471998818218708e-05
0,evaluation_29,1,0,0,0,0,8,greedy,0,2,2,0.4,8,completed,1,0,2,approve_block,0,0,3.322097472846508e-05,2.6976922526955605e-05
0,evaluation_29,1,0,0,0,0,8,search,0,1,1,0.2,8,completed,1,0,2,complexity_time,0,0,3.3062067814171314e-05,2.538796979933977e-05
0,evaluation_29,0,0,0,0,0,8,no_review,0,0,1,0.0,8,completed,1,0,2,complexity_time,0,0,6.868306081742048e-05,1.912098377943039e-05
0,evaluation_29,1,0,0,0,0,8,fcfs,0,1,1,0.2,8,completed,1,0,2,complexity_time,0,0,2.5156885385513306e-05,1.943390816450119e-05
0,evaluation_29,1,0,0,0,0,8,edf,0,1,1,0.2,8,completed,1,0,2,complexity_time,0,0,2.8682989068329334e-05,2.298504114151001e-05
0,evaluation_29,1,0,0,0,0,8,uncertainty,0,1,1,0.2,8,completed,1,0,2,complexity_time,0,0,3.318896051496267e-05,2.5521963834762573e-05
0,evaluation_29,1,0,0,0,0,8,greedy,0,1,1,0.2,8,completed,1,0,2,complexity_time,0,0,2.8925016522407532e-05,2.295803278684616e-05
0,evaluation_29,1,0,0,0,0,8,search,0,2,2,0.4,8,completed,1,0,2,complexity_time,0,0,3.678700886666775e-05,3.1069968827068806e-05
0,evaluation_29,0,0,0,0,0,8,no_review,0,0,2,0.0,8,completed,1,0,2,complexity_time,0,0,6.932206451892853e-05,1.9906903617084026e-05
0,evaluation_29,1,0,0,0,0,8,fcfs,0,2,2,0.4,8,completed,1,0,2,complexity_time,0,0,2.67690047621727e-05,1.926301047205925e-05
0,evaluation_29,1,0,0,0,0,8,edf,0,2,2,0.4,8,completed,1,0,2,complexity_time,0,0,2.7730013243854046e-05,2.2983993403613567e-05
0,evaluation_29,1,0,0,0,0,8,uncertainty,0,2,2,0.4,8,completed,1,0,2,complexity_time,0,0,2.907391171902418e-05,2.3204018361866474e-05
0,evaluation_29,1,0,0,0,0,8,greedy,0,2,2,0.4,8,completed,1,0,2,complexity_time,0,0,2.8794980607926846e-05,2.2805994376540184e-05
0,evaluation_29,2,0,0,0,1,4,search,1,2,1,0.4,4,completed,2,1,1,reference,0,0,9.366695303469896e-05,4.5501976273953915e-05
0,evaluation_29,0,0,0,1,4,4,no_review,1,0,1,0.0,4,completed,2,0,1,reference,0,0,0.00012887304183095694,3.1411065720021725e-05
0,evaluation_29,2,0,0,0,1,4,fcfs,1,2,1,0.4,4,completed,2,1,1,reference,0,0,6.384076550602913e-05,3.0383002012968063e-05
0,evaluation_29,2,0,0,0,1,4,edf,1,2,1,0.4,4,completed,2,1,1,reference,0,0,7.62169947847724e-05,3.659899812191725e-05
0,evaluation_29,2,0,0,0,1,4,uncertainty,1,2,1,0.4,4,completed,2,1,1,reference,0,0,8.34738602861762e-05,4.351197276264429e-05
0,evaluation_29,2,0,0,0,1,4,greedy,1,2,1,0.4,4,completed,2,1,1,reference,0,0,8.255790453404188e-05,4.203803837299347e-05
0,evaluation_29,2,0,0,0,1,4,search,1,4,2,0.8,4,completed,2,2,1,reference,0,0,9.915686678141356e-05,4.909699782729149e-05
0,evaluation_29,0,0,0,1,3,4,no_review,1,0,2,0.0,4,completed,2,0,1,reference,0,0,0.00013994995970278978,3.343098796904087e-05
0,evaluation_29,2,0,0,0,1,4,fcfs,1,4,2,0.8,4,completed,2,2,1,reference,0,0,7.03821424394846e-05,3.522506449371576e-05
0,evaluation_29,2,0,0,0,1,4,edf,1,4,2,0.8,4,completed,2,2,1,reference,0,0,7.853587158024311e-05,3.4676981158554554e-05
0,evaluation_29,2,0,0,0,1,4,uncertainty,1,4,2,0.8,4,completed,2,2,1,reference,0,0,7.198390085250139e-05,3.442005254328251e-05
0,evaluation_29,2,0,0,0,1,4,greedy,1,4,2,0.8,4,completed,2,2,1,reference,0,0,7.802899926900864e-05,4.06589824706316e-05
0,evaluation_29,2,0,0,0,1,4,search,1,2,1,0.4,4,completed,2,1,1,approve_block,0,0,8.723291102796793e-05,4.379497841000557e-05
0,evaluation_29,0,0,0,1,4,4,no_review,1,0,1,0.0,4,completed,2,0,1,approve_block,0,0,0.00014657096471637487,4.616798833012581e-05
0,evaluation_29,2,0,0,0,1,4,fcfs,1,2,1,0.4,4,completed,2,1,1,approve_block,0,0,6.721611134707928e-05,3.0939001590013504e-05
0,evaluation_29,2,0,0,0,1,4,edf,1,2,1,0.4,4,completed,2,1,1,approve_block,0,0,7.258087862282991e-05,3.4276978112757206e-05
0,evaluation_29,2,0,0,0,1,4,uncertainty,1,2,1,0.4,4,completed,2,1,1,approve_block,0,0,7.182720582932234e-05,3.287207800894976e-05
0,evaluation_29,2,0,0,0,1,4,greedy,1,2,1,0.4,4,completed,2,1,1,approve_block,0,0,7.963902316987514e-05,3.8924976252019405e-05
0,evaluation_29,2,0,0,0,1,4,search,1,4,2,0.8,4,completed,2,2,1,approve_block,0,0,9.015598334372044e-05,4.277494736015797e-05
0,evaluation_29,0,0,0,1,3,4,no_review,1,0,2,0.0,4,completed,2,0,1,approve_block,0,0,0.0001391759142279625,3.6793993785977364e-05
0,evaluation_29,2,0,0,0,1,4,fcfs,1,4,2,0.8,4,completed,2,2,1,approve_block,0,0,9.486300405114889e-05,5.143997259438038e-05
0,evaluation_29,2,0,0,0,1,4,edf,1,4,2,0.8,4,completed,2,2,1,approve_block,0,0,0.00010105711407959461,6.279896479099989e-05
0,evaluation_29,2,0,0,0,1,4,uncertainty,1,4,2,0.8,4,completed,2,2,1,approve_block,0,0,7.165886927396059e-05,3.432994708418846e-05
0,evaluation_29,2,0,0,0,1,4,greedy,1,4,2,0.8,4,completed,2,2,1,approve_block,0,0,7.324304897338152e-05,3.5430071875452995e-05
0,evaluation_29,2,0,0,0,1,4,search,1,2,1,0.4,4,completed,2,1,1,complexity_time,0,0,7.042405195534229e-05,4.238204564899206e-05
0,evaluation_29,0,0,0,1,4,4,no_review,1,0,1,0.0,4,completed,2,0,1,complexity_time,0,0,0.00013891595881432295,3.74489463865757e-05
0,evaluation_29,2,0,0,0,1,4,fcfs,1,2,1,0.4,4,completed,2,1,1,complexity_time,0,0,6.692507304251194e-05,3.129197284579277e-05
0,evaluation_29,2,0,0,0,1,4,edf,1,2,1,0.4,4,completed,2,1,1,complexity_time,0,0,6.574008148163557e-05,3.335194196552038e-05
0,evaluation_29,2,0,0,0,1,4,uncertainty,1,2,1,0.4,4,completed,2,1,1,complexity_time,0,0,7.394689600914717e-05,3.401294816285372e-05
0,evaluation_29,2,0,0,0,1,4,greedy,1,2,1,0.4,4,completed,2,1,1,complexity_time,0,0,7.876509334892035e-05,3.683299291878939e-05
0,evaluation_29,2,0,0,0,1,4,search,1,4,2,0.8,4,completed,2,2,1,complexity_time,0,0,7.012416608631611e-05,4.105502739548683e-05
0,evaluation_29,0,0,0,1,3,4,no_review,1,0,2,0.0,4,completed,2,0,1,complexity_time,0,0,0.00013513886369764805,3.556290175765753e-05
0,evaluation_29,2,0,0,0,1,4,fcfs,1,4,2,0.8,4,completed,2,2,1,complexity_time,0,0,6.180594209581614e-05,3.0113966204226017e-05
0,evaluation_29,2,0,0,0,1,4,edf,1,4,2,0.8,4,completed,2,2,1,complexity_time,0,0,7.459311746060848e-05,3.8078054785728455e-05
0,evaluation_29,2,0,0,0,1,4,uncertainty,1,4,2,0.8,4,completed,2,2,1,complexity_time,0,0,0.00010122207459062338,5.7399971410632133e-05
0,evaluation_29,2,0,0,0,1,4,greedy,1,4,2,0.8,4,completed,2,2,1,complexity_time,0,0,7.492699660360813e-05,3.733497578650713e-05
0,evaluation_29,1,0,0,0,0,8,search,2,1,1,0.2,8,completed,1,0,2,reference,0,0,3.19888349622488e-05,2.5914981961250305e-05
0,evaluation_29,0,0,0,0,0,8,no_review,2,0,1,0.0,8,completed,1,0,2,reference,0,0,7.222406566143036e-05,2.0827981643378735e-05
0,evaluation_29,1,0,0,0,0,8,fcfs,2,1,1,0.2,8,completed,1,0,2,reference,0,0,2.4404842406511307e-05,1.956301275640726e-05
0,evaluation_29,1,0,0,0,0,8,edf,2,1,1,0.2,8,completed,1,0,2,reference,0,0,2.8311158530414104e-05,2.1932064555585384e-05
0,evaluation_29,1,0,0,0,0,8,uncertainty,2,1,1,0.2,8,completed,1,0,2,reference,0,0,2.8869020752608776e-05,2.2851978428661823e-05
0,evaluation_29,1,0,0,0,0,8,greedy,2,1,1,0.2,8,completed,1,0,2,reference,0,0,2.9060058295726776e-05,2.258701715618372e-05
0,evaluation_29,1,0,0,0,0,8,search,2,2,2,0.4,8,completed,1,0,2,reference,0,0,3.012793604284525e-05,2.53219623118639e-05
0,evaluation_29,0,0,0,0,0,8,no_review,2,0,2,0.0,8,completed,1,0,2,reference,0,0,7.160182576626539e-05,2.0540901459753513e-05
0,evaluation_29,1,0,0,0,0,8,fcfs,2,2,2,0.4,8,completed,1,0,2,reference,0,0,3.230199217796326e-05,2.01159855350852e-05
0,evaluation_29,1,0,0,0,0,8,edf,2,2,2,0.4,8,completed,1,0,2,reference,0,0,2.664094790816307e-05,2.1146959625184536e-05
0,evaluation_29,1,0,0,0,0,8,uncertainty,2,2,2,0.4,8,completed,1,0,2,reference,0,0,2.674281131476164e-05,2.183194737881422e-05
0,evaluation_29,1,0,0,0,0,8,greedy,2,2,2,0.4,8,completed,1,0,2,reference,0,0,2.8568203561007977e-05,2.240703906863928e-05
0,evaluation_29,1,0,0,0,0,8,search,2,1,1,0.2,8,completed,1,0,2,approve_block,0,0,3.392202779650688e-05,2.615898847579956e-05
0,evaluation_29,0,0,0,0,0,8,no_review,2,0,1,0.0,8,completed,1,0,2,approve_block,0,0,6.924278568476439e-05,1.9002007320523262e-05
0,evaluation_29,1,0,0,0,0,8,fcfs,2,1,1,0.2,8,completed,1,0,2,approve_block,0,0,2.5884946808218956e-05,2.026604488492012e-05
0,evaluation_29,1,0,0,0,0,8,edf,2,1,1,0.2,8,completed,1,0,2,approve_block,0,0,4.065223038196564e-05,3.165507223457098e-05
0,evaluation_29,1,0,0,0,0,8,uncertainty,2,1,1,0.2,8,completed,1,0,2,approve_block,0,0,2.776517067104578e-05,2.140807919204235e-05
0,evaluation_29,1,0,0,0,0,8,greedy,2,1,1,0.2,8,completed,1,0,2,approve_block,0,0,2.701207995414734e-05,2.2363034076988697e-05
0,evaluation_29,1,0,0,0,0,8,search,2,2,2,0.4,8,completed,1,0,2,approve_block,0,0,3.0473805963993073e-05,2.5720917619764805e-05
0,evaluation_29,0,0,0,0,0,8,no_review,2,0,2,0.0,8,completed,1,0,2,approve_block,0,0,7.182906847447157e-05,1.972902100533247e-05
0,evaluation_29,1,0,0,0,0,8,fcfs,2,2,2,0.4,8,completed,1,0,2,approve_block,0,0,2.3602042347192764e-05,1.880503259599209e-05
0,evaluation_29,1,0,0,0,0,8,edf,2,2,2,0.4,8,completed,1,0,2,approve_block,0,0,2.8469017706811428e-05,2.3144064471125603e-05
0,evaluation_29,1,0,0,0,0,8,uncertainty,2,2,2,0.4,8,completed,1,0,2,approve_block,0,0,2.7162954211235046e-05,2.147303894162178e-05
0,evaluation_29,1,0,0,0,0,8,greedy,2,2,2,0.4,8,completed,1,0,2,approve_block,0,0,2.8321286663413048e-05,2.284103538841009e-05
0,evaluation_29,1,0,0,0,0,8,search,2,1,1,0.2,8,completed,1,0,2,complexity_time,0,0,3.440398722887039e-05,2.8009992092847824e-05
0,evaluation_29,0,0,0,0,0,8,no_review,2,0,1,0.0,8,completed,1,0,2,complexity_time,0,0,7.004092913120985e-05,1.897895708680153e-05
0,evaluation_29,1,0,0,0,0,8,fcfs,2,1,1,0.2,8,completed,1,0,2,complexity_time,0,0,2.655969001352787e-05,2.019689418375492e-05
0,evaluation_29,1,0,0,0,0,8,edf,2,1,1,0.2,8,completed,1,0,2,complexity_time,0,0,2.9180082492530346e-05,2.1082931198179722e-05
0,evaluation_29,1,0,0,0,0,8,uncertainty,2,1,1,0.2,8,completed,1,0,2,complexity_time,0,0,2.96060461550951e-05,2.1439045667648315e-05
0,evaluation_29,1,0,0,0,0,8,greedy,2,1,1,0.2,8,completed,1,0,2,complexity_time,0,0,2.948381006717682e-05,2.334092278033495e-05
0,evaluation_29,1,0,0,0,0,8,search,2,2,2,0.4,8,completed,1,0,2,complexity_time,0,0,3.212993033230305e-05,2.5375979021191597e-05
0,evaluation_29,0,0,0,0,0,8,no_review,2,0,2,0.0,8,completed,1,0,2,complexity_time,0,0,7.262802682816982e-05,2.065801527351141e-05
0,evaluation_29,1,0,0,0,0,8,fcfs,2,2,2,0.4,8,completed,1,0,2,complexity_time,0,0,4.095188342034817e-05,3.134296275675297e-05
0,evaluation_29,1,0,0,0,0,8,edf,2,2,2,0.4,8,completed,1,0,2,complexity_time,0,0,3.0674971640110016e-05,2.4551060050725937e-05
0,evaluation_29,1,0,0,0,0,8,uncertainty,2,2,2,0.4,8,completed,1,0,2,complexity_time,0,0,2.823385875672102e-05,2.1137995645403862e-05
0,evaluation_29,1,0,0,0,0,8,greedy,2,2,2,0.4,8,completed,1,0,2,complexity_time,0,0,2.700404729694128e-05,2.1341023966670036e-05
0,evaluation_30,0,0,0,1,1,4,no_review,0,0,2,0.0,4,completed,2,0,1,reference,0,0,0.00010358903091400862,3.2212003134191036e-05
0,evaluation_30,2,0,0,1,1,4,fcfs,0,4,2,0.6666666666666666,4,completed,2,2,1,reference,0,0,7.357902359217405e-05,3.7115998566150665e-05
0,evaluation_30,2,0,0,1,1,4,edf,0,4,2,0.6666666666666666,4,completed,2,2,1,reference,0,0,9.378825780004263e-05,5.458609666675329e-05
0,evaluation_30,1,0,0,1,1,4,uncertainty,0,2,2,0.3333333333333333,4,completed,2,0,1,reference,0,0,3.873906098306179e-05,3.339303657412529e-05
0,evaluation_30,1,0,0,1,1,4,greedy,0,2,2,0.3333333333333333,4,completed,2,0,1,reference,0,0,4.005292430520058e-05,3.306299913674593e-05
0,evaluation_30,2,0,0,1,1,4,search,0,4,2,0.6666666666666666,4,completed,2,2,1,reference,0,0,0.0001049150014296174,5.7147000916302204e-05
0,evaluation_30,0,0,0,2,2,4,no_review,0,0,1,0.0,4,completed,2,0,1,reference,0,0,9.78781608864665e-05,3.145099617540836e-05
0,evaluation_30,2,0,0,1,1,4,fcfs,0,2,1,0.3333333333333333,4,completed,2,1,1,reference,0,0,7.242499850690365e-05,3.379897680133581e-05
0,evaluation_30,2,0,0,1,1,4,edf,0,2,1,0.3333333333333333,4,completed,2,1,1,reference,0,0,7.933599408715963e-05,3.8338941521942616e-05
0,evaluation_30,2,0,0,1,1,4,uncertainty,0,2,1,0.3333333333333333,4,completed,2,1,1,reference,0,0,8.118909318000078e-05,3.821298014372587e-05
0,evaluation_30,2,0,0,1,1,4,greedy,0,2,1,0.3333333333333333,4,completed,2,1,1,reference,0,0,9.679212234914303e-05,5.554896779358387e-05
0,evaluation_30,2,0,0,1,1,4,search,0,2,1,0.3333333333333333,4,completed,2,1,1,reference,0,0,8.890475146472454e-05,4.3076928704977036e-05
0,evaluation_30,0,0,0,1,1,4,no_review,0,0,2,0.0,4,completed,2,0,1,approve_block,0,0,9.251968003809452e-05,2.9580900445580482e-05
0,evaluation_30,2,0,0,1,1,4,fcfs,0,4,2,0.6666666666666666,4,completed,2,2,1,approve_block,0,0,6.970297545194626e-05,3.278395161032677e-05
0,evaluation_30,2,0,0,1,1,4,edf,0,4,2,0.6666666666666666,4,completed,2,2,1,approve_block,0,0,7.559824734926224e-05,3.5574077628552914e-05
0,evaluation_30,1,0,0,1,1,4,uncertainty,0,2,2,0.3333333333333333,4,completed,2,0,1,approve_block,0,0,3.892101813107729e-05,3.1866016797721386e-05
0,evaluation_30,1,0,0,1,1,4,greedy,0,2,2,0.3333333333333333,4,completed,2,0,1,approve_block,0,0,4.557694774121046e-05,3.366603050380945e-05
0,evaluation_30,2,0,0,1,1,4,search,0,4,2,0.6666666666666666,4,completed,2,2,1,approve_block,0,0,9.196298196911812e-05,4.4241081923246384e-05
0,evaluation_30,0,0,0,2,2,4,no_review,0,0,1,0.0,4,completed,2,0,1,approve_block,0,0,8.702697232365608e-05,2.891593612730503e-05
0,evaluation_30,2,0,0,1,1,4,fcfs,0,2,1,0.3333333333333333,4,completed,2,1,1,approve_block,0,0,6.602413486689329e-05,3.0961004085838795e-05
0,evaluation_30,2,0,0,1,1,4,edf,0,2,1,0.3333333333333333,4,completed,2,1,1,approve_block,0,0,6.836408283561468e-05,3.254599869251251e-05
0,evaluation_30,2,0,0,1,1,4,uncertainty,0,2,1,0.3333333333333333,4,completed,2,1,1,approve_block,0,0,6.198207847774029e-05,3.2242038287222385e-05
0,evaluation_30,2,0,0,1,1,4,greedy,0,2,1,0.3333333333333333,4,completed,2,1,1,approve_block,0,0,7.091194856911898e-05,3.310898318886757e-05
0,evaluation_30,2,0,0,1,1,4,search,0,2,1,0.3333333333333333,4,completed,2,1,1,approve_block,0,0,8.331891149282455e-05,4.228297621011734e-05
0,evaluation_30,0,0,0,1,1,4,no_review,0,0,2,0.0,4,completed,2,0,1,complexity_time,0,0,0.0001097449567168951,3.699504304677248e-05
0,evaluation_30,2,0,0,1,1,4,fcfs,0,4,2,0.6666666666666666,4,completed,2,2,1,complexity_time,0,0,6.739317905157804e-05,3.1283008866012096e-05
0,evaluation_30,2,0,0,1,1,4,edf,0,4,2,0.6666666666666666,4,completed,2,2,1,complexity_time,0,0,7.515994366258383e-05,3.625405952334404e-05
0,evaluation_30,1,0,0,1,1,4,uncertainty,0,2,2,0.3333333333333333,4,completed,2,0,1,complexity_time,0,0,4.1264109313488007e-05,3.487605135887861e-05
0,evaluation_30,1,0,0,1,1,4,greedy,0,2,2,0.3333333333333333,4,completed,2,0,1,complexity_time,0,0,5.287094973027706e-05,3.4159980714321136e-05
0,evaluation_30,2,0,0,1,1,4,search,0,4,2,0.6666666666666666,4,completed,2,2,1,complexity_time,0,0,6.855698302388191e-05,4.0945946238934994e-05
0,evaluation_30,0,0,0,2,2,4,no_review,0,0,1,0.0,4,completed,2,0,1,complexity_time,0,0,9.328406304121017e-05,2.9459013603627682e-05
0,evaluation_30,2,0,0,1,1,4,fcfs,0,2,1,0.3333333333333333,4,completed,2,1,1,complexity_time,0,0,6.274215411394835e-05,2.9920018278062344e-05
0,evaluation_30,2,0,0,1,1,4,edf,0,2,1,0.3333333333333333,4,completed,2,1,1,complexity_time,0,0,7.660104893147945e-05,3.683404065668583e-05
0,evaluation_30,2,0,0,1,1,4,uncertainty,0,2,1,0.3333333333333333,4,completed,2,1,1,complexity_time,0,0,7.58859096094966e-05,3.5346951335668564e-05
0,evaluation_30,2,0,0,1,1,4,greedy,0,2,1,0.3333333333333333,4,completed,2,1,1,complexity_time,0,0,6.287719588726759e-05,3.2393960282206535e-05
0,evaluation_30,2,0,0,1,1,4,search,0,2,1,0.3333333333333333,4,completed,2,1,1,complexity_time,0,0,8.767587132751942e-05,4.319904837757349e-05
0,evaluation_30,0,0,0,1,1,4,no_review,1,0,2,0.0,4,completed,2,0,1,reference,0,0,0.00010053906589746475,3.0667055398225784e-05
0,evaluation_30,2,0,0,1,1,4,fcfs,1,4,2,0.6666666666666666,4,completed,2,2,1,reference,0,0,6.345799192786217e-05,2.936902455985546e-05
0,evaluation_30,2,0,0,1,1,4,edf,1,4,2,0.6666666666666666,4,completed,2,2,1,reference,0,0,7.148494478315115e-05,3.245496191084385e-05
0,evaluation_30,1,0,0,1,1,4,uncertainty,1,2,2,0.3333333333333333,4,completed,2,0,1,reference,0,0,4.120275843888521e-05,3.2671960070729256e-05
0,evaluation_30,1,0,0,1,1,4,greedy,1,2,2,0.3333333333333333,4,completed,2,0,1,reference,0,0,4.1168066672980785e-05,3.374204970896244e-05
0,evaluation_30,2,0,0,1,1,4,search,1,4,2,0.6666666666666666,4,completed,2,2,1,reference,0,0,8.672499097883701e-05,4.339800216257572e-05
0,evaluation_30,0,0,0,2,2,4,no_review,1,0,1,0.0,4,completed,2,0,1,reference,0,0,9.1194873675704e-05,3.0544004403054714e-05
0,evaluation_30,2,0,0,1,1,4,fcfs,1,2,1,0.3333333333333333,4,completed,2,1,1,reference,0,0,6.160419434309006e-05,3.090000245720148e-05
0,evaluation_30,2,0,0,1,1,4,edf,1,2,1,0.3333333333333333,4,completed,2,1,1,reference,0,0,8.200504817068577e-05,4.167493898421526e-05
0,evaluation_30,2,0,0,1,1,4,uncertainty,1,2,1,0.3333333333333333,4,completed,2,1,1,reference,0,0,6.040011066943407e-05,3.097706940025091e-05
0,evaluation_30,2,0,0,1,1,4,greedy,1,2,1,0.3333333333333333,4,completed,2,1,1,reference,0,0,6.684660911560059e-05,3.4084892831742764e-05
0,evaluation_30,2,0,0,1,1,4,search,1,2,1,0.3333333333333333,4,completed,2,1,1,reference,0,0,8.525908924639225e-05,4.212802741676569e-05
0,evaluation_30,0,0,0,1,1,4,no_review,1,0,2,0.0,4,completed,2,0,1,approve_block,0,0,0.0001409068936482072,4.445493686944246e-05
0,evaluation_30,2,0,0,1,1,4,fcfs,1,4,2,0.6666666666666666,4,completed,2,2,1,approve_block,0,0,7.9380813986063e-05,4.091998562216759e-05
0,evaluation_30,2,0,0,1,1,4,edf,1,4,2,0.6666666666666666,4,completed,2,2,1,approve_block,0,0,8.896715007722378e-05,4.5279040932655334e-05
0,evaluation_30,1,0,0,1,1,4,uncertainty,1,2,2,0.3333333333333333,4,completed,2,0,1,approve_block,0,0,4.2032916098833084e-05,3.49939800798893e-05
0,evaluation_30,1,0,0,1,1,4,greedy,1,2,2,0.3333333333333333,4,completed,2,0,1,approve_block,0,0,4.2043160647153854e-05,3.562401980161667e-05
0,evaluation_30,2,0,0,1,1,4,search,1,4,2,0.6666666666666666,4,completed,2,2,1,approve_block,0,0,8.457479998469353e-05,4.282989539206028e-05
0,evaluation_30,0,0,0,2,2,4,no_review,1,0,1,0.0,4,completed,2,0,1,approve_block,0,0,0.00010360218584537506,3.2329000532627106e-05
0,evaluation_30,2,0,0,1,1,4,fcfs,1,2,1,0.3333333333333333,4,completed,2,1,1,approve_block,0,0,7.863901555538177e-05,3.916898276656866e-05
0,evaluation_30,2,0,0,1,1,4,edf,1,2,1,0.3333333333333333,4,completed,2,1,1,approve_block,0,0,8.710403926670551e-05,3.2618991099298e-05
0,evaluation_30,2,0,0,1,1,4,uncertainty,1,2,1,0.3333333333333333,4,completed,2,1,1,approve_block,0,0,7.098610512912273e-05,3.275205381214619e-05
0,evaluation_30,2,0,0,1,1,4,greedy,1,2,1,0.3333333333333333,4,completed,2,1,1,approve_block,0,0,7.49670434743166e-05,3.414705861359835e-05
0,evaluation_30,2,0,0,1,1,4,search,1,2,1,0.3333333333333333,4,completed,2,1,1,approve_block,0,0,8.663581684231758e-05,4.472199361771345e-05
0,evaluation_30,0,0,0,1,1,4,no_review,1,0,2,0.0,4,completed,2,0,1,complexity_time,0,0,0.00010193395428359509,3.178499173372984e-05
0,evaluation_30,2,0,0,1,1,4,fcfs,1,4,2,0.6666666666666666,4,completed,2,2,1,complexity_time,0,0,5.579495336860418e-05,3.100896719843149e-05
0,evaluation_30,2,0,0,1,1,4,edf,1,4,2,0.6666666666666666,4,completed,2,2,1,complexity_time,0,0,6.72750174999237e-05,3.322900738567114e-05
0,evaluation_30,1,0,0,1,1,4,uncertainty,1,2,2,0.3333333333333333,4,completed,2,0,1,complexity_time,0,0,4.182686097919941e-05,3.588490653783083e-05
0,evaluation_30,1,0,0,1,1,4,greedy,1,2,2,0.3333333333333333,4,completed,2,0,1,complexity_time,0,0,4.014396108686924e-05,3.439805004745722e-05
0,evaluation_30,2,0,0,1,1,4,search,1,4,2,0.6666666666666666,4,completed,2,2,1,complexity_time,0,0,9.373913053423166e-05,4.6844943426549435e-05
0,evaluation_30,0,0,0,2,2,4,no_review,1,0,1,0.0,4,completed,2,0,1,complexity_time,0,0,0.00012341700494289398,3.5495031625032425e-05
0,evaluation_30,2,0,0,1,1,4,fcfs,1,2,1,0.3333333333333333,4,completed,2,1,1,complexity_time,0,0,6.978609599173069e-05,3.16789373755455e-05
0,evaluation_30,2,0,0,1,1,4,edf,1,2,1,0.3333333333333333,4,completed,2,1,1,complexity_time,0,0,7.527275010943413e-05,3.3630989491939545e-05
0,evaluation_30,2,0,0,1,1,4,uncertainty,1,2,1,0.3333333333333333,4,completed,2,1,1,complexity_time,0,0,7.564190309494734e-05,3.4534954465925694e-05
0,evaluation_30,2,0,0,1,1,4,greedy,1,2,1,0.3333333333333333,4,completed,2,1,1,complexity_time,0,0,9.12039540708065e-05,5.068595055490732e-05
0,evaluation_30,2,0,0,1,1,4,search,1,2,1,0.3333333333333333,4,completed,2,1,1,complexity_time,0,0,8.388690184801817e-05,4.308705683797598e-05
0,evaluation_30,0,0,0,1,1,4,no_review,2,0,2,0.0,4,completed,2,0,1,reference,0,0,9.6531817689538e-05,2.9677990823984146e-05
0,evaluation_30,2,0,0,1,1,4,fcfs,2,4,2,0.6666666666666666,4,completed,2,2,1,reference,0,0,6.583612412214279e-05,3.178499173372984e-05
0,evaluation_30,2,0,0,1,1,4,edf,2,4,2,0.6666666666666666,4,completed,2,2,1,reference,0,0,0.00011251214891672134,7.348204962909222e-05
0,evaluation_30,1,0,0,1,1,4,uncertainty,2,2,2,0.3333333333333333,4,completed,2,0,1,reference,0,0,4.017690662294626e-05,3.410410135984421e-05
0,evaluation_30,1,0,0,1,1,4,greedy,2,2,2,0.3333333333333333,4,completed,2,0,1,reference,0,0,4.227075260132551e-05,3.502797335386276e-05
0,evaluation_30,2,0,0,1,1,4,search,2,4,2,0.6666666666666666,4,completed,2,2,1,reference,0,0,8.150888606905937e-05,4.3536070734262466e-05
0,evaluation_30,0,0,0,2,2,4,no_review,2,0,1,0.0,4,completed,2,0,1,reference,0,0,9.673601016402245e-05,3.055098932236433e-05
0,evaluation_30,2,0,0,1,1,4,fcfs,2,2,1,0.3333333333333333,4,completed,2,1,1,reference,0,0,7.120193913578987e-05,3.197905607521534e-05
0,evaluation_30,2,0,0,1,1,4,edf,2,2,1,0.3333333333333333,4,completed,2,1,1,reference,0,0,7.42919510230422e-05,3.3069984056055546e-05
0,evaluation_30,2,0,0,1,1,4,uncertainty,2,2,1,0.3333333333333333,4,completed,2,1,1,reference,0,0,6.707396823912859e-05,3.302004188299179e-05
0,evaluation_30,2,0,0,1,1,4,greedy,2,2,1,0.3333333333333333,4,completed,2,1,1,reference,0,0,8.349074050784111e-05,4.18579438701272e-05
0,evaluation_30,2,0,0,1,1,4,search,2,2,1,0.3333333333333333,4,completed,2,1,1,reference,0,0,0.0001363250194117427,9.553798008710146e-05
0,evaluation_30,0,0,0,1,1,4,no_review,2,0,2,0.0,4,completed,2,0,1,approve_block,0,0,0.00010855484288185835,3.74549999833107e-05
0,evaluation_30,2,0,0,1,1,4,fcfs,2,4,2,0.6666666666666666,4,completed,2,2,1,approve_block,0,0,7.508008275181055e-05,3.8158963434398174e-05
0,evaluation_30,2,0,0,1,1,4,edf,2,4,2,0.6666666666666666,4,completed,2,2,1,approve_block,0,0,0.00012359395623207092,7.789698429405689e-05
0,evaluation_30,1,0,0,1,1,4,uncertainty,2,2,2,0.3333333333333333,4,completed,2,0,1,approve_block,0,0,4.7718058340251446e-05,3.971508704125881e-05
0,evaluation_30,1,0,0,1,1,4,greedy,2,2,2,0.3333333333333333,4,completed,2,0,1,approve_block,0,0,3.9757927879691124e-05,3.364100120961666e-05
0,evaluation_30,2,0,0,1,1,4,search,2,4,2,0.6666666666666666,4,completed,2,2,1,approve_block,0,0,8.89309449121356e-05,4.8093032091856e-05
0,evaluation_30,0,0,0,2,2,4,no_review,2,0,1,0.0,4,completed,2,0,1,approve_block,0,0,0.00010341883171349764,3.3796997740864754e-05
0,evaluation_30,2,0,0,1,1,4,fcfs,2,2,1,0.3333333333333333,4,completed,2,1,1,approve_block,0,0,6.592588033527136e-05,3.29919857904315e-05
0,evaluation_30,2,0,0,1,1,4,edf,2,2,1,0.3333333333333333,4,completed,2,1,1,approve_block,0,0,6.069708615541458e-05,3.270595334470272e-05
0,evaluation_30,2,0,0,1,1,4,uncertainty,2,2,1,0.3333333333333333,4,completed,2,1,1,approve_block,0,0,6.974209100008011e-05,3.2902928069233894e-05
0,evaluation_30,2,0,0,1,1,4,greedy,2,2,1,0.3333333333333333,4,completed,2,1,1,approve_block,0,0,7.089599967002869e-05,3.5261036828160286e-05
0,evaluation_30,2,0,0,1,1,4,search,2,2,1,0.3333333333333333,4,completed,2,1,1,approve_block,0,0,7.635599467903376e-05,4.345504567027092e-05
0,evaluation_30,0,0,0,1,1,4,no_review,2,0,2,0.0,4,completed,2,0,1,complexity_time,0,0,0.00010149076115339994,3.078998997807503e-05
0,evaluation_30,2,0,0,1,1,4,fcfs,2,4,2,0.6666666666666666,4,completed,2,2,1,complexity_time,0,0,9.266496635973454e-05,5.5048963986337185e-05
0,evaluation_30,2,0,0,1,1,4,edf,2,4,2,0.6666666666666666,4,completed,2,2,1,complexity_time,0,0,7.975473999977112e-05,4.0594954043626785e-05
0,evaluation_30,1,0,0,1,1,4,uncertainty,2,2,2,0.3333333333333333,4,completed,2,0,1,complexity_time,0,0,3.852893132716417e-05,3.216695040464401e-05
0,evaluation_30,1,0,0,1,1,4,greedy,2,2,2,0.3333333333333333,4,completed,2,0,1,complexity_time,0,0,3.877503331750631e-05,3.245798870921135e-05
0,evaluation_30,2,0,0,1,1,4,search,2,4,2,0.6666666666666666,4,completed,2,2,1,complexity_time,0,0,9.643286466598511e-05,4.7288951463997364e-05
0,evaluation_30,0,0,0,2,2,4,no_review,2,0,1,0.0,4,completed,2,0,1,complexity_time,0,0,0.00010331207886338234,3.30520560964942e-05
0,evaluation_30,2,0,0,1,1,4,fcfs,2,2,1,0.3333333333333333,4,completed,2,1,1,complexity_time,0,0,5.4306117817759514e-05,2.995203249156475e-05
0,evaluation_30,2,0,0,1,1,4,edf,2,2,1,0.3333333333333333,4,completed,2,1,1,complexity_time,0,0,6.632402073591948e-05,3.254693001508713e-05
0,evaluation_30,2,0,0,1,1,4,uncertainty,2,2,1,0.3333333333333333,4,completed,2,1,1,complexity_time,0,0,6.919796578586102e-05,3.193994052708149e-05
0,evaluation_30,2,0,0,1,1,4,greedy,2,2,1,0.3333333333333333,4,completed,2,1,1,complexity_time,0,0,6.926083005964756e-05,3.347499296069145e-05
0,evaluation_30,2,0,0,1,1,4,search,2,2,1,0.3333333333333333,4,completed,2,1,1,complexity_time,0,0,8.287501987069845e-05,4.331290256232023e-05
0,evaluation_31,3,0,0,1,2,0,fcfs,0,3,1,0.6,0,completed,3,2,0,reference,0,0,0.00010643701534718275,3.690796438604593e-05
0,evaluation_31,3,0,0,1,2,0,edf,0,3,1,0.6,0,completed,3,2,0,reference,0,0,0.0001264071324840188,4.7342036850750446e-05
0,evaluation_31,3,0,0,1,2,0,uncertainty,0,3,1,0.6,0,completed,3,2,0,reference,0,0,0.00010891398414969444,3.60170379281044e-05
0,evaluation_31,3,0,0,1,2,0,greedy,0,3,1,0.6,0,completed,3,2,0,reference,0,0,0.00012233818415552378,4.203803837299347e-05
0,evaluation_31,3,0,0,1,2,0,search,0,3,1,0.6,0,completed,3,2,0,reference,0,0,0.0001275528920814395,4.2086001485586166e-05
0,evaluation_31,0,0,0,2,5,0,no_review,0,0,1,0.0,0,completed,3,0,0,reference,0,0,0.00016311102081090212,4.7752982936799526e-05
0,evaluation_31,2,0,0,1,2,0,fcfs,0,4,2,0.8,0,completed,3,2,0,reference,0,0,0.00011142401490360498,5.150097422301769e-05
0,evaluation_31,2,0,0,1,2,0,edf,0,4,2,0.8,0,completed,3,2,0,reference,0,0,0.00013031496200710535,4.736799746751785e-05
0,evaluation_31,2,0,0,1,1,0,uncertainty,0,4,2,0.8,0,completed,3,1,0,reference,0,0,6.805290468037128e-05,3.197591286152601e-05
0,evaluation_31,2,0,0,1,1,0,greedy,0,4,2,0.8,0,completed,3,1,0,reference,0,0,7.811596151441336e-05,3.709900192916393e-05
0,evaluation_31,2,0,0,1,2,0,search,0,4,2,0.8,0,completed,3,2,0,reference,0,0,0.0001374648418277502,5.735899321734905e-05
0,evaluation_31,0,0,0,1,4,0,no_review,0,0,2,0.0,0,completed,3,0,0,reference,0,0,0.00015346903819590807,3.9645005017519e-05
0,evaluation_31,3,0,0,1,2,0,fcfs,0,3,1,0.6,0,completed,3,2,0,approve_block,0,0,0.00011498597450554371,4.927709233015776e-05
0,evaluation_31,3,0,0,1,2,0,edf,0,3,1,0.6,0,completed,3,2,0,approve_block,0,0,9.432714432477951e-05,3.488210495561361e-05
0,evaluation_31,3,0,0,1,2,0,uncertainty,0,3,1,0.6,0,completed,3,2,0,approve_block,0,0,0.00010251905769109726,3.421294968575239e-05
0,evaluation_31,3,0,0,1,2,0,greedy,0,3,1,0.6,0,completed,3,2,0,approve_block,0,0,0.00010156305506825447,3.528397064656019e-05
0,evaluation_31,3,0,0,1,2,0,search,0,3,1,0.6,0,completed,3,2,0,approve_block,0,0,0.00013554177712649107,4.848500248044729e-05
0,evaluation_31,0,0,0,2,5,0,no_review,0,0,1,0.0,0,completed,3,0,0,approve_block,0,0,0.0001476070610806346,3.2264040783047676e-05
0,evaluation_31,2,0,0,1,2,0,fcfs,0,4,2,0.8,0,completed,3,2,0,approve_block,0,0,0.00011051096953451633,4.125898703932762e-05
0,evaluation_31,2,0,0,1,2,0,edf,0,4,2,0.8,0,completed,3,2,0,approve_block,0,0,0.00013838487211614847,5.169294308871031e-05
0,evaluation_31,2,0,0,1,1,0,uncertainty,0,4,2,0.8,0,completed,3,1,0,approve_block,0,0,7.811281830072403e-05,4.004593938589096e-05
0,evaluation_31,2,0,0,1,1,0,greedy,0,4,2,0.8,0,completed,3,1,0,approve_block,0,0,7.406214717775583e-05,3.62050486728549e-05
0,evaluation_31,2,0,0,1,2,0,search,0,4,2,0.8,0,completed,3,2,0,approve_block,0,0,0.0001422938657924533,6.367499008774757e-05
0,evaluation_31,0,0,0,1,4,0,no_review,0,0,2,0.0,0,completed,3,0,0,approve_block,0,0,0.00015241699293255806,4.2662955820560455e-05
0,evaluation_31,3,0,0,1,2,0,fcfs,0,3,1,0.6,0,completed,3,2,0,complexity_time,0,0,0.00010268075857311487,3.6482932046055794e-05
0,evaluation_31,3,0,0,1,2,0,edf,0,3,1,0.6,0,completed,3,2,0,complexity_time,0,0,0.000105074024759233,3.7322985008358955e-05
0,evaluation_31,3,0,0,1,2,0,uncertainty,0,3,1,0.6,0,completed,3,2,0,complexity_time,0,0,0.00011043786071240902,3.921391908079386e-05
0,evaluation_31,3,0,0,1,2,0,greedy,0,3,1,0.6,0,completed,3,2,0,complexity_time,0,0,0.00010863912757486105,3.646302502602339e-05
0,evaluation_31,3,0,0,1,2,0,search,0,3,1,0.6,0,completed,3,2,0,complexity_time,0,0,0.00012788607273250818,4.659208934754133e-05
0,evaluation_31,0,0,0,2,5,0,no_review,0,0,1,0.0,0,completed,3,0,0,complexity_time,0,0,0.0001571208704262972,4.4652028009295464e-05
0,evaluation_31,2,0,0,1,2,0,fcfs,0,4,2,0.8,0,completed,3,2,0,complexity_time,0,0,0.00010311591904610395,4.24250029027462e-05
0,evaluation_31,2,0,0,1,2,0,edf,0,4,2,0.8,0,completed,3,2,0,complexity_time,0,0,0.00011169502977281809,4.6222005039453506e-05
0,evaluation_31,2,0,0,1,1,0,uncertainty,0,4,2,0.8,0,completed,3,1,0,complexity_time,0,0,6.246194243431091e-05,3.3024000003933907e-05
0,evaluation_31,2,0,0,1,1,0,greedy,0,4,2,0.8,0,completed,3,1,0,complexity_time,0,0,6.76159979775548e-05,3.3641932532191277e-05
0,evaluation_31,2,0,0,1,2,0,search,0,4,2,0.8,0,completed,3,2,0,complexity_time,0,0,0.00012818200048059225,5.5126030929386616e-05
0,evaluation_31,0,0,0,1,4,0,no_review,0,0,2,0.0,0,completed,3,0,0,complexity_time,0,0,0.00018507195636630058,7.437297608703375e-05
0,evaluation_31,2,0,0,1,1,4,fcfs,1,2,1,0.4,4,completed,2,1,1,reference,0,0,5.6415796279907227e-05,2.963992301374674e-05
0,evaluation_31,2,0,0,1,1,4,edf,1,2,1,0.4,4,completed,2,1,1,reference,0,0,8.266593795269728e-05,4.1199964471161366e-05
0,evaluation_31,2,0,0,1,1,4,uncertainty,1,2,1,0.4,4,completed,2,1,1,reference,0,0,7.453805301338434e-05,3.404100425541401e-05
0,evaluation_31,2,0,0,1,1,4,greedy,1,2,1,0.4,4,completed,2,1,1,reference,0,0,6.623403169214725e-05,3.428105264902115e-05
0,evaluation_31,2,0,0,1,1,4,search,1,2,1,0.4,4,completed,2,1,1,reference,0,0,9.134283754974604e-05,4.307494964450598e-05
0,evaluation_31,0,0,0,2,2,4,no_review,1,0,1,0.0,4,completed,2,0,1,reference,0,0,0.00010936299804598093,2.938800025731325e-05
0,evaluation_31,2,0,0,1,1,4,fcfs,1,4,2,0.8,4,completed,2,2,1,reference,0,0,5.422811955213547e-05,2.964399755001068e-05
0,evaluation_31,2,0,0,1,1,4,edf,1,4,2,0.8,4,completed,2,2,1,reference,0,0,8.262088522315025e-05,4.0825922042131424e-05
0,evaluation_31,1,0,0,1,1,4,uncertainty,1,2,2,0.4,4,completed,2,0,1,reference,0,0,4.131707828491926e-05,3.575196024030447e-05
0,evaluation_31,1,0,0,1,1,4,greedy,1,2,2,0.4,4,completed,2,0,1,reference,0,0,3.893196117132902e-05,3.365101292729378e-05
0,evaluation_31,2,0,0,1,1,4,search,1,4,2,0.8,4,completed,2,2,1,reference,0,0,8.942210115492344e-05,4.398799501359463e-05
0,evaluation_31,0,0,0,1,1,4,no_review,1,0,2,0.0,4,completed,2,0,1,reference,0,0,0.00010314397513866425,3.0208961106836796e-05
0,evaluation_31,2,0,0,1,1,4,fcfs,1,2,1,0.4,4,completed,2,1,1,approve_block,0,0,6.466801278293133e-05,3.060803283005953e-05
0,evaluation_31,2,0,0,1,1,4,edf,1,2,1,0.4,4,completed,2,1,1,approve_block,0,0,7.427006494253874e-05,3.449793439358473e-05
0,evaluation_31,2,0,0,1,1,4,uncertainty,1,2,1,0.4,4,completed,2,1,1,approve_block,0,0,7.442408241331577e-05,3.484508488327265e-05
0,evaluation_31,2,0,0,1,1,4,greedy,1,2,1,0.4,4,completed,2,1,1,approve_block,0,0,6.17041951045394e-05,3.3191987313330173e-05
0,evaluation_31,2,0,0,1,1,4,search,1,2,1,0.4,4,completed,2,1,1,approve_block,0,0,9.787594899535179e-05,4.689896013587713e-05
0,evaluation_31,0,0,0,2,2,4,no_review,1,0,1,0.0,4,completed,2,0,1,approve_block,0,0,0.000109492102637887,3.091699909418821e-05
0,evaluation_31,2,0,0,1,1,4,fcfs,1,4,2,0.8,4,completed,2,2,1,approve_block,0,0,6.636197213083506e-05,3.095099236816168e-05
0,evaluation_31,2,0,0,1,1,4,edf,1,4,2,0.8,4,completed,2,2,1,approve_block,0,0,6.060185842216015e-05,3.278604708611965e-05
0,evaluation_31,1,0,0,1,1,4,uncertainty,1,2,2,0.4,4,completed,2,0,1,approve_block,0,0,4.1656894609332085e-05,3.6534969694912434e-05
0,evaluation_31,1,0,0,1,1,4,greedy,1,2,2,0.4,4,completed,2,0,1,approve_block,0,0,4.258309490978718e-05,3.5208999179303646e-05
0,evaluation_31,2,0,0,1,1,4,search,1,4,2,0.8,4,completed,2,2,1,approve_block,0,0,9.076297283172607e-05,4.489894490689039e-05
0,evaluation_31,0,0,0,1,1,4,no_review,1,0,2,0.0,4,completed,2,0,1,approve_block,0,0,0.0001150248572230339,3.2122014090418816e-05
0,evaluation_31,2,0,0,1,1,4,fcfs,1,2,1,0.4,4,completed,2,1,1,complexity_time,0,0,6.790691986680031e-05,3.189500421285629e-05
0,evaluation_31,2,0,0,1,1,4,edf,1,2,1,0.4,4,completed,2,1,1,complexity_time,0,0,6.353785283863544e-05,3.6727054975926876e-05
0,evaluation_31,2,0,0,1,1,4,uncertainty,1,2,1,0.4,4,completed,2,1,1,complexity_time,0,0,8.575804531574249e-05,4.276202525943518e-05
0,evaluation_31,2,0,0,1,1,4,greedy,1,2,1,0.4,4,completed,2,1,1,complexity_time,0,0,7.283606100827456e-05,3.496301360428333e-05
0,evaluation_31,2,0,0,1,1,4,search,1,2,1,0.4,4,completed,2,1,1,complexity_time,0,0,8.83608590811491e-05,4.416797310113907e-05
0,evaluation_31,0,0,0,2,2,4,no_review,1,0,1,0.0,4,completed,2,0,1,complexity_time,0,0,0.00013271882198750973,3.604101948440075e-05
0,evaluation_31,2,0,0,1,1,4,fcfs,1,4,2,0.8,4,completed,2,2,1,complexity_time,0,0,5.753803998231888e-05,3.056996501982212e-05
0,evaluation_31,2,0,0,1,1,4,edf,1,4,2,0.8,4,completed,2,2,1,complexity_time,0,0,9.074900299310684e-05,5.1251030527055264e-05
0,evaluation_31,1,0,0,1,1,4,uncertainty,1,2,2,0.4,4,completed,2,0,1,complexity_time,0,0,3.978516906499863e-05,3.394705709069967e-05
0,evaluation_31,1,0,0,1,1,4,greedy,1,2,2,0.4,4,completed,2,0,1,complexity_time,0,0,6.469187792390585e-05,5.844200495630503e-05
0,evaluation_31,2,0,0,1,1,4,search,1,4,2,0.8,4,completed,2,2,1,complexity_time,0,0,0.00010494503658264875,5.700206384062767e-05
0,evaluation_31,0,0,0,1,1,4,no_review,1,0,2,0.0,4,completed,2,0,1,complexity_time,0,0,0.00011654593981802464,3.802194260060787e-05
0,evaluation_31,3,0,0,1,2,0,fcfs,2,3,1,0.6,0,completed,3,2,0,reference,0,0,9.606301318854094e-05,3.1406059861183167e-05
0,evaluation_31,3,0,0,1,2,0,edf,2,3,1,0.6,0,completed,3,2,0,reference,0,0,0.0001126420684158802,4.2955041863024235e-05
0,evaluation_31,3,0,0,1,2,0,uncertainty,2,3,1,0.6,0,completed,3,2,0,reference,0,0,0.00011099805124104023,4.131603054702282e-05
0,evaluation_31,3,0,0,1,2,0,greedy,2,3,1,0.6,0,completed,3,2,0,reference,0,0,0.00011665711645036936,4.084198735654354e-05
0,evaluation_31,3,0,0,1,2,0,search,2,3,1,0.6,0,completed,3,2,0,reference,0,0,0.00012558698654174805,4.3204985558986664e-05
0,evaluation_31,0,0,0,2,5,0,no_review,2,0,1,0.0,0,completed,3,0,0,reference,0,0,0.0001613600179553032,4.913005977869034e-05
0,evaluation_31,2,0,0,1,2,0,fcfs,2,4,2,0.8,0,completed,3,2,0,reference,0,0,0.00013017107266932726,6.591202691197395e-05
0,evaluation_31,2,0,0,1,2,0,edf,2,4,2,0.8,0,completed,3,2,0,reference,0,0,0.00012053712271153927,4.4707092456519604e-05
0,evaluation_31,2,0,0,1,1,0,uncertainty,2,4,2,0.8,0,completed,3,1,0,reference,0,0,7.072009611874819e-05,3.5976991057395935e-05
0,evaluation_31,2,0,0,1,1,0,greedy,2,4,2,0.8,0,completed,3,1,0,reference,0,0,7.723201997578144e-05,4.0606013499200344e-05
0,evaluation_31,2,0,0,1,2,0,search,2,4,2,0.8,0,completed,3,2,0,reference,0,0,0.00012630107812583447,5.461694672703743e-05
0,evaluation_31,0,0,0,1,4,0,no_review,2,0,2,0.0,0,completed,3,0,0,reference,0,0,0.00015136203728616238,4.024803638458252e-05
0,evaluation_31,3,0,0,1,2,0,fcfs,2,3,1,0.6,0,completed,3,2,0,approve_block,0,0,0.00010229786857962608,3.985001239925623e-05
0,evaluation_31,3,0,0,1,2,0,edf,2,3,1,0.6,0,completed,3,2,0,approve_block,0,0,0.00011132191866636276,3.659597132354975e-05
0,evaluation_31,3,0,0,1,2,0,uncertainty,2,3,1,0.6,0,completed,3,2,0,approve_block,0,0,9.20009333640337e-05,3.1995936296880245e-05
0,evaluation_31,3,0,0,1,2,0,greedy,2,3,1,0.6,0,completed,3,2,0,approve_block,0,0,0.00010940991342067719,3.460992593318224e-05
0,evaluation_31,3,0,0,1,2,0,search,2,3,1,0.6,0,completed,3,2,0,approve_block,0,0,0.00015479209832847118,6.742298137396574e-05
0,evaluation_31,0,0,0,2,5,0,no_review,2,0,1,0.0,0,completed,3,0,0,approve_block,0,0,0.00020736618898808956,6.137706805020571e-05
0,evaluation_31,2,0,0,1,2,0,fcfs,2,4,2,0.8,0,completed,3,2,0,approve_block,0,0,0.0001090270234271884,4.711898509413004e-05
0,evaluation_31,2,0,0,1,2,0,edf,2,4,2,0.8,0,completed,3,2,0,approve_block,0,0,0.00012785708531737328,5.628808867186308e-05
0,evaluation_31,2,0,0,1,1,0,uncertainty,2,4,2,0.8,0,completed,3,1,0,approve_block,0,0,8.615502156317234e-05,4.748196806758642e-05
0,evaluation_31,2,0,0,1,1,0,greedy,2,4,2,0.8,0,completed,3,1,0,approve_block,0,0,8.423300459980965e-05,4.277599509805441e-05
0,evaluation_31,2,0,0,1,2,0,search,2,4,2,0.8,0,completed,3,2,0,approve_block,0,0,0.00013262499123811722,5.49759715795517e-05
0,evaluation_31,0,0,0,1,4,0,no_review,2,0,2,0.0,0,completed,3,0,0,approve_block,0,0,0.00013921898789703846,3.312306944280863e-05
0,evaluation_31,3,0,0,1,2,0,fcfs,2,3,1,0.6,0,completed,3,2,0,complexity_time,0,0,0.00010280392598360777,3.7550111301243305e-05
0,evaluation_31,3,0,0,1,2,0,edf,2,3,1,0.6,0,completed,3,2,0,complexity_time,0,0,9.679002687335014e-05,3.544206265360117e-05
0,evaluation_31,3,0,0,1,2,0,uncertainty,2,3,1,0.6,0,completed,3,2,0,complexity_time,0,0,0.00011268293019384146,3.8372003473341465e-05
0,evaluation_31,3,0,0,1,2,0,greedy,2,3,1,0.6,0,completed,3,2,0,complexity_time,0,0,0.00010175688657909632,3.628397826105356e-05
0,evaluation_31,3,0,0,1,2,0,search,2,3,1,0.6,0,completed,3,2,0,complexity_time,0,0,0.00014885514974594116,5.3096096962690353e-05
0,evaluation_31,0,0,0,2,5,0,no_review,2,0,1,0.0,0,completed,3,0,0,complexity_time,0,0,0.0001433489378541708,3.517302684485912e-05
0,evaluation_31,2,0,0,1,2,0,fcfs,2,4,2,0.8,0,completed,3,2,0,complexity_time,0,0,0.00011413113679736853,4.8576039262115955e-05
0,evaluation_31,2,0,0,1,2,0,edf,2,4,2,0.8,0,completed,3,2,0,complexity_time,0,0,0.0001201370032504201,5.104695446789265e-05
0,evaluation_31,2,0,0,1,1,0,uncertainty,2,4,2,0.8,0,completed,3,1,0,complexity_time,0,0,7.397786248475313e-05,3.644090611487627e-05
0,evaluation_31,2,0,0,1,1,0,greedy,2,4,2,0.8,0,completed,3,1,0,complexity_time,0,0,7.711898069828749e-05,3.7326011806726456e-05
0,evaluation_31,2,0,0,1,2,0,search,2,4,2,0.8,0,completed,3,2,0,complexity_time,0,0,0.00012954603880643845,6.303400732576847e-05
0,evaluation_31,0,0,0,1,4,0,no_review,2,0,2,0.0,0,completed,3,0,0,complexity_time,0,0,0.00015403307043015957,4.424608778208494e-05
