bundle_id,replicate,variant,review_duration,policy,tick,eligible,selected,greedy_choice,search_choice,planning_seconds,ordered_subsets_evaluated
stage6_00,0,reference,2,no_review,0,1,,train:313,train:313,2.247991506010294e-05,0
stage6_00,0,reference,2,no_review,1,1,,train:153,train:153,2.340390346944332e-05,0
stage6_00,0,reference,2,no_review,2,1,,train:153,train:153,3.150699194520712e-05,0
stage6_00,0,reference,2,no_review,3,1,,train:153,train:153,1.297390554100275e-05,0
stage6_00,0,reference,2,no_review,4,1,,train:153,train:153,1.2912089005112648e-05,0
stage6_00,0,reference,2,no_review,5,0,,,,1.3289973139762878e-05,0
stage6_00,0,reference,2,no_review,6,0,,,,4.489906132221222e-06,0
stage6_00,0,reference,2,fcfs,0,1,train:313,train:313,train:313,1.991202589124441e-05,0
stage6_00,0,reference,2,fcfs,2,1,train:153,train:153,train:153,3.942695911973715e-05,0
stage6_00,0,reference,2,fcfs,4,0,,,,4.439032636582851e-06,0
stage6_00,0,reference,2,fcfs,5,0,,,,8.950009942054749e-07,0
stage6_00,0,reference,2,fcfs,6,0,,,,6.990740075707436e-07,0
stage6_00,0,reference,2,edf,0,1,train:313,train:313,train:313,2.2490043193101883e-05,0
stage6_00,0,reference,2,edf,2,1,train:153,train:153,train:153,3.9619975723326206e-05,0
stage6_00,0,reference,2,edf,4,0,,,,2.2780150175094604e-06,0
stage6_00,0,reference,2,edf,5,0,,,,7.809139788150787e-07,0
stage6_00,0,reference,2,edf,6,0,,,,7.139751687645912e-07,0
stage6_00,0,reference,2,uncertainty,0,1,train:313,train:313,train:313,2.2346037440001965e-05,0
stage6_00,0,reference,2,uncertainty,2,1,train:153,train:153,train:153,2.2399937734007835e-05,0
stage6_00,0,reference,2,uncertainty,4,0,,,,2.9830262064933777e-06,0
stage6_00,0,reference,2,uncertainty,5,0,,,,8.060596883296967e-07,0
stage6_00,0,reference,2,uncertainty,6,0,,,,7.069902494549751e-07,0
stage6_00,0,reference,2,greedy,0,1,train:313,train:313,train:313,2.4770968593657017e-05,0
stage6_00,0,reference,2,greedy,2,1,train:153,train:153,train:153,3.641308285295963e-05,0
stage6_00,0,reference,2,greedy,4,0,,,,3.1370436772704124e-06,0
stage6_00,0,reference,2,greedy,5,0,,,,8.030328899621964e-07,0
stage6_00,0,reference,2,greedy,6,0,,,,7.060589268803596e-07,0
stage6_00,0,reference,2,search,0,1,train:313,train:313,train:313,2.2780033759772778e-05,2
stage6_00,0,reference,2,search,2,1,train:153,train:153,train:153,3.899703733623028e-05,2
stage6_00,0,reference,2,search,4,0,,,,1.961016096174717e-06,0
stage6_00,0,reference,2,search,5,0,,,,8.309725672006607e-07,0
stage6_00,0,reference,2,search,6,0,,,,7.08969309926033e-07,0
stage6_00,0,reference,1,no_review,0,1,,train:313,train:313,1.9600032828748226e-05,0
stage6_00,0,reference,1,no_review,1,2,,train:153,train:313,2.2641965188086033e-05,0
stage6_00,0,reference,1,no_review,2,1,,train:153,train:153,3.3325981348752975e-05,0
stage6_00,0,reference,1,no_review,3,1,,train:153,train:153,1.1803931556642056e-05,0
stage6_00,0,reference,1,no_review,4,1,,train:153,train:153,1.1509982869029045e-05,0
stage6_00,0,reference,1,no_review,5,1,,train:153,train:153,1.1533964425325394e-05,0
stage6_00,0,reference,1,no_review,6,0,,,,2.6730122044682503e-06,0
stage6_00,0,reference,1,fcfs,0,1,train:313,train:313,train:313,1.930294092744589e-05,0
stage6_00,0,reference,1,fcfs,1,1,train:153,train:153,train:153,2.0553008653223515e-05,0
stage6_00,0,reference,1,fcfs,2,0,,,,2.1567917428910732e-05,0
stage6_00,0,reference,1,fcfs,3,0,,,,8.349306881427765e-07,0
stage6_00,0,reference,1,fcfs,4,0,,,,6.919726729393005e-07,0
stage6_00,0,reference,1,fcfs,5,0,,,,6.759073585271835e-07,0
stage6_00,0,reference,1,fcfs,6,0,,,,6.799818947911263e-07,0
stage6_00,0,reference,1,edf,0,1,train:313,train:313,train:313,2.2002961486577988e-05,0
stage6_00,0,reference,1,edf,1,1,train:153,train:153,train:153,1.92329753190279e-05,0
stage6_00,0,reference,1,edf,2,0,,,,3.174995072185993e-06,0
stage6_00,0,reference,1,edf,3,0,,,,8.139759302139282e-07,0
stage6_00,0,reference,1,edf,4,0,,,,6.980262696743011e-07,0
stage6_00,0,reference,1,edf,5,0,,,,6.740447133779526e-07,0
stage6_00,0,reference,1,edf,6,0,,,,6.92903995513916e-07,0
stage6_00,0,reference,1,uncertainty,0,1,train:313,train:313,train:313,2.1094107069075108e-05,0
stage6_00,0,reference,1,uncertainty,1,1,train:153,train:153,train:153,2.3194937966763973e-05,0
stage6_00,0,reference,1,uncertainty,2,0,,,,2.7690548449754715e-06,0
stage6_00,0,reference,1,uncertainty,3,0,,,,8.050119504332542e-07,0
stage6_00,0,reference,1,uncertainty,4,0,,,,7.309718057513237e-07,0
stage6_00,0,reference,1,uncertainty,5,0,,,,7.180497050285339e-07,0
stage6_00,0,reference,1,uncertainty,6,0,,,,7.199123501777649e-07,0
stage6_00,0,reference,1,greedy,0,1,train:313,train:313,train:313,2.3205997422337532e-05,0
stage6_00,0,reference,1,greedy,1,1,train:153,train:153,train:153,2.429005689918995e-05,0
stage6_00,0,reference,1,greedy,2,0,,,,3.6369310691952705e-06,0
stage6_00,0,reference,1,greedy,3,0,,,,8.119968697428703e-07,0
stage6_00,0,reference,1,greedy,4,0,,,,7.17933289706707e-07,0
stage6_00,0,reference,1,greedy,5,0,,,,6.830086931586266e-07,0
stage6_00,0,reference,1,greedy,6,0,,,,6.749760359525681e-07,0
stage6_00,0,reference,1,search,0,1,train:313,train:313,train:313,2.58920481428504e-05,2
stage6_00,0,reference,1,search,1,1,train:153,train:153,train:153,2.7421978302299976e-05,2
stage6_00,0,reference,1,search,2,0,,,,7.695052772760391e-06,0
stage6_00,0,reference,1,search,3,0,,,,8.200295269489288e-07,0
stage6_00,0,reference,1,search,4,0,,,,6.830086931586266e-07,0
stage6_00,0,reference,1,search,5,0,,,,6.860354915261269e-07,0
stage6_00,0,reference,1,search,6,0,,,,6.810296326875687e-07,0
stage6_00,0,approve_block,2,no_review,0,1,,train:313,train:313,1.9641011022031307e-05,0
stage6_00,0,approve_block,2,no_review,1,1,,train:153,train:153,2.203509211540222e-05,0
stage6_00,0,approve_block,2,no_review,2,1,,train:153,train:153,3.717595245689154e-05,0
stage6_00,0,approve_block,2,no_review,3,1,,train:153,train:153,1.2101954780519009e-05,0
stage6_00,0,approve_block,2,no_review,4,1,,train:153,train:153,1.1724070645868778e-05,0
stage6_00,0,approve_block,2,no_review,5,0,,,,1.1555035598576069e-05,0
stage6_00,0,approve_block,2,no_review,6,0,,,,3.5890843719244003e-06,0
stage6_00,0,approve_block,2,fcfs,0,1,train:313,train:313,train:313,2.0684092305600643e-05,0
stage6_00,0,approve_block,2,fcfs,2,1,train:153,train:153,train:153,4.049297422170639e-05,0
stage6_00,0,approve_block,2,fcfs,4,0,,,,4.784902557730675e-06,0
stage6_00,0,approve_block,2,fcfs,5,0,,,,7.670605555176735e-07,0
stage6_00,0,approve_block,2,fcfs,6,0,,,,6.820773705840111e-07,0
stage6_00,0,approve_block,2,edf,0,1,train:313,train:313,train:313,2.611300442367792e-05,0
stage6_00,0,approve_block,2,edf,2,1,train:153,train:153,train:153,3.649410791695118e-05,0
stage6_00,0,approve_block,2,edf,4,0,,,,2.8189970180392265e-06,0
stage6_00,0,approve_block,2,edf,5,0,,,,7.660128176212311e-07,0
stage6_00,0,approve_block,2,edf,6,0,,,,7.170019671320915e-07,0
stage6_00,0,approve_block,2,uncertainty,0,1,train:313,train:313,train:313,3.6670942790806293e-05,0
stage6_00,0,approve_block,2,uncertainty,2,1,train:153,train:153,train:153,3.722298424690962e-05,0
stage6_00,0,approve_block,2,uncertainty,4,0,,,,3.3049145713448524e-06,0
stage6_00,0,approve_block,2,uncertainty,5,0,,,,7.859198376536369e-07,0
stage6_00,0,approve_block,2,uncertainty,6,0,,,,7.039634510874748e-07,0
stage6_00,0,approve_block,2,greedy,0,1,train:313,train:313,train:313,2.264999784529209e-05,0
stage6_00,0,approve_block,2,greedy,2,1,train:153,train:153,train:153,3.736105281859636e-05,0
stage6_00,0,approve_block,2,greedy,4,0,,,,4.250090569257736e-06,0
stage6_00,0,approve_block,2,greedy,5,0,,,,7.749767974019051e-07,0
stage6_00,0,approve_block,2,greedy,6,0,,,,7.059425115585327e-07,0
stage6_00,0,approve_block,2,search,0,1,train:313,train:313,train:313,2.5731977075338364e-05,2
stage6_00,0,approve_block,2,search,2,1,train:153,train:153,train:153,2.5989022105932236e-05,2
stage6_00,0,approve_block,2,search,4,0,,,,2.169981598854065e-06,0
stage6_00,0,approve_block,2,search,5,0,,,,7.139751687645912e-07,0
stage6_00,0,approve_block,2,search,6,0,,,,7.329508662223816e-07,0
stage6_00,0,approve_block,1,no_review,0,1,,train:313,train:313,2.016499638557434e-05,0
stage6_00,0,approve_block,1,no_review,1,2,,train:153,train:313,2.2490043193101883e-05,0
stage6_00,0,approve_block,1,no_review,2,1,,train:153,train:153,2.0602019503712654e-05,0
stage6_00,0,approve_block,1,no_review,3,1,,train:153,train:153,1.1886004358530045e-05,0
stage6_00,0,approve_block,1,no_review,4,1,,train:153,train:153,1.1574942618608475e-05,0
stage6_00,0,approve_block,1,no_review,5,1,,train:153,train:153,1.199403777718544e-05,0
stage6_00,0,approve_block,1,no_review,6,0,,,,2.0640436559915543e-06,0
stage6_00,0,approve_block,1,fcfs,0,1,train:313,train:313,train:313,2.0705978386104107e-05,0
stage6_00,0,approve_block,1,fcfs,1,1,train:153,train:153,train:153,1.8266960978507996e-05,0
stage6_00,0,approve_block,1,fcfs,2,0,,,,5.3889816626906395e-06,0
stage6_00,0,approve_block,1,fcfs,3,0,,,,8.009374141693115e-07,0
stage6_00,0,approve_block,1,fcfs,4,0,,,,7.021008059382439e-07,0
stage6_00,0,approve_block,1,fcfs,5,0,,,,7.030321285128593e-07,0
stage6_00,0,approve_block,1,fcfs,6,0,,,,6.819609552621841e-07,0
stage6_00,0,approve_block,1,edf,0,1,train:313,train:313,train:313,2.2866996005177498e-05,0
stage6_00,0,approve_block,1,edf,1,1,train:153,train:153,train:153,2.5294022634625435e-05,0
stage6_00,0,approve_block,1,edf,2,0,,,,3.6010751500725746e-06,0
stage6_00,0,approve_block,1,edf,3,0,,,,8.0897007137537e-07,0
stage6_00,0,approve_block,1,edf,4,0,,,,7.060589268803596e-07,0
stage6_00,0,approve_block,1,edf,5,0,,,,6.740447133779526e-07,0
stage6_00,0,approve_block,1,edf,6,0,,,,6.780028343200684e-07,0
stage6_00,0,approve_block,1,uncertainty,0,1,train:313,train:313,train:313,2.2039981558918953e-05,0
stage6_00,0,approve_block,1,uncertainty,1,1,train:153,train:153,train:153,2.616096753627062e-05,0
stage6_00,0,approve_block,1,uncertainty,2,0,,,,3.834953531622887e-06,0
stage6_00,0,approve_block,1,uncertainty,3,0,,,,7.710186764597893e-07,0
stage6_00,0,approve_block,1,uncertainty,4,0,,,,7.010530680418015e-07,0
stage6_00,0,approve_block,1,uncertainty,5,0,,,,6.629852578043938e-07,0
stage6_00,0,approve_block,1,uncertainty,6,0,,,,6.901100277900696e-07,0
stage6_00,0,approve_block,1,greedy,0,1,train:313,train:313,train:313,2.4210079573094845e-05,0
stage6_00,0,approve_block,1,greedy,1,1,train:153,train:153,train:153,2.151599619537592e-05,0
stage6_00,0,approve_block,1,greedy,2,0,,,,2.752058207988739e-06,0
stage6_00,0,approve_block,1,greedy,3,0,,,,8.00006091594696e-07,0
stage6_00,0,approve_block,1,greedy,4,0,,,,7.2503462433815e-07,0
stage6_00,0,approve_block,1,greedy,5,0,,,,6.969785317778587e-07,0
stage6_00,0,approve_block,1,greedy,6,0,,,,7.139751687645912e-07,0
stage6_00,0,approve_block,1,search,0,1,train:313,train:313,train:313,2.8307083994150162e-05,2
stage6_00,0,approve_block,1,search,1,1,train:153,train:153,train:153,2.936902455985546e-05,2
stage6_00,0,approve_block,1,search,2,0,,,,4.649977199733257e-06,0
stage6_00,0,approve_block,1,search,3,0,,,,7.749767974019051e-07,0
stage6_00,0,approve_block,1,search,4,0,,,,6.899936124682426e-07,0
stage6_00,0,approve_block,1,search,5,0,,,,6.629852578043938e-07,0
stage6_00,0,approve_block,1,search,6,0,,,,6.799818947911263e-07,0
stage6_00,0,complexity_time,2,no_review,0,1,,train:313,train:313,2.1962914615869522e-05,0
stage6_00,0,complexity_time,2,no_review,1,1,,train:153,train:153,2.2710999473929405e-05,0
stage6_00,0,complexity_time,2,no_review,2,1,,train:153,train:153,3.302108962088823e-05,0
stage6_00,0,complexity_time,2,no_review,3,1,,train:153,train:153,1.1643976904451847e-05,0
stage6_00,0,complexity_time,2,no_review,4,1,,train:153,train:153,1.1538970284163952e-05,0
stage6_00,0,complexity_time,2,no_review,5,0,,,,1.2304983101785183e-05,0
stage6_00,0,complexity_time,2,no_review,6,0,,,,2.18802597373724e-06,0
stage6_00,0,complexity_time,2,fcfs,0,1,train:313,train:313,train:313,2.0315987057983875e-05,0
stage6_00,0,complexity_time,2,fcfs,2,1,train:153,train:153,train:153,4.406692460179329e-05,0
stage6_00,0,complexity_time,2,fcfs,4,0,,,,3.7639401853084564e-06,0
stage6_00,0,complexity_time,2,fcfs,5,0,,,,1.3280659914016724e-06,0
stage6_00,0,complexity_time,2,fcfs,6,0,,,,1.1100200936198235e-06,0
stage6_00,0,complexity_time,2,edf,0,1,train:313,train:313,train:313,2.1886080503463745e-05,0
stage6_00,0,complexity_time,2,edf,2,1,train:153,train:153,train:153,3.5014934837818146e-05,0
stage6_00,0,complexity_time,2,edf,4,0,,,,5.32704871147871e-06,0
stage6_00,0,complexity_time,2,edf,5,0,,,,8.220085874199867e-07,0
stage6_00,0,complexity_time,2,edf,6,0,,,,7.619382813572884e-07,0
stage6_00,0,complexity_time,2,uncertainty,0,1,train:313,train:313,train:313,2.3307977244257927e-05,0
stage6_00,0,complexity_time,2,uncertainty,2,1,train:153,train:153,train:153,3.775802906602621e-05,0
stage6_00,0,complexity_time,2,uncertainty,4,0,,,,3.1989766284823418e-06,0
stage6_00,0,complexity_time,2,uncertainty,5,0,,,,7.509952411055565e-07,0
stage6_00,0,complexity_time,2,uncertainty,6,0,,,,6.899936124682426e-07,0
stage6_00,0,complexity_time,2,greedy,0,1,train:313,train:313,train:313,2.3478991352021694e-05,0
stage6_00,0,complexity_time,2,greedy,2,1,train:153,train:153,train:153,3.276800271123648e-05,0
stage6_00,0,complexity_time,2,greedy,4,0,,,,2.432032488286495e-06,0
stage6_00,0,complexity_time,2,greedy,5,0,,,,7.83940777182579e-07,0
stage6_00,0,complexity_time,2,greedy,6,0,,,,7.130438461899757e-07,0
stage6_00,0,complexity_time,2,search,0,1,train:313,train:313,train:313,2.5588087737560272e-05,2
stage6_00,0,complexity_time,2,search,2,1,train:153,train:153,train:153,2.713699359446764e-05,2
stage6_00,0,complexity_time,2,search,4,0,,,,3.920053131878376e-06,0
stage6_00,0,complexity_time,2,search,5,0,,,,8.150236681103706e-07,0
stage6_00,0,complexity_time,2,search,6,0,,,,7.019843906164169e-07,0
stage6_00,0,complexity_time,1,no_review,0,1,,train:313,train:313,1.9771046936511993e-05,0
stage6_00,0,complexity_time,1,no_review,1,2,,train:153,train:313,2.2921012714505196e-05,0
stage6_00,0,complexity_time,1,no_review,2,1,,train:153,train:153,3.060803283005953e-05,0
stage6_00,0,complexity_time,1,no_review,3,1,,train:153,train:153,1.1516967788338661e-05,0
stage6_00,0,complexity_time,1,no_review,4,1,,train:153,train:153,1.1363998055458069e-05,0
stage6_00,0,complexity_time,1,no_review,5,1,,train:153,train:153,1.1757947504520416e-05,0
stage6_00,0,complexity_time,1,no_review,6,0,,,,5.092006176710129e-06,0
stage6_00,0,complexity_time,1,fcfs,0,1,train:313,train:313,train:313,1.912098377943039e-05,0
stage6_00,0,complexity_time,1,fcfs,1,1,train:153,train:153,train:153,1.534994225949049e-05,0
stage6_00,0,complexity_time,1,fcfs,2,0,,,,2.711080014705658e-06,0
stage6_00,0,complexity_time,1,fcfs,3,0,,,,7.690396159887314e-07,0
stage6_00,0,complexity_time,1,fcfs,4,0,,,,7.270136848092079e-07,0
stage6_00,0,complexity_time,1,fcfs,5,0,,,,6.729969754815102e-07,0
stage6_00,0,complexity_time,1,fcfs,6,0,,,,6.799818947911263e-07,0
stage6_00,0,complexity_time,1,edf,0,1,train:313,train:313,train:313,2.1755928173661232e-05,0
stage6_00,0,complexity_time,1,edf,1,1,train:153,train:153,train:153,2.0293984562158585e-05,0
stage6_00,0,complexity_time,1,edf,2,0,,,,5.4211122915148735e-06,0
stage6_00,0,complexity_time,1,edf,3,0,,,,7.420312613248825e-07,0
stage6_00,0,complexity_time,1,edf,4,0,,,,6.860354915261269e-07,0
stage6_00,0,complexity_time,1,edf,5,0,,,,7.009366527199745e-07,0
stage6_00,0,complexity_time,1,edf,6,0,,,,6.740447133779526e-07,0
stage6_00,0,complexity_time,1,uncertainty,0,1,train:313,train:313,train:313,2.324103843420744e-05,0
stage6_00,0,complexity_time,1,uncertainty,1,1,train:153,train:153,train:153,2.2348016500473022e-05,0
stage6_00,0,complexity_time,1,uncertainty,2,0,,,,3.897934220731258e-06,0
stage6_00,0,complexity_time,1,uncertainty,3,0,,,,7.189810276031494e-07,0
stage6_00,0,complexity_time,1,uncertainty,4,0,,,,6.570480763912201e-07,0
stage6_00,0,complexity_time,1,uncertainty,5,0,,,,6.490154191851616e-07,0
stage6_00,0,complexity_time,1,uncertainty,6,0,,,,6.479676812887192e-07,0
stage6_00,0,complexity_time,1,greedy,0,1,train:313,train:313,train:313,2.424593549221754e-05,0
stage6_00,0,complexity_time,1,greedy,1,1,train:153,train:153,train:153,2.131506334990263e-05,0
stage6_00,0,complexity_time,1,greedy,2,0,,,,2.3620668798685074e-06,0
stage6_00,0,complexity_time,1,greedy,3,0,,,,7.139751687645912e-07,0
stage6_00,0,complexity_time,1,greedy,4,0,,,,6.710179150104523e-07,0
stage6_00,0,complexity_time,1,greedy,5,0,,,,6.870832294225693e-07,0
stage6_00,0,complexity_time,1,greedy,6,0,,,,6.579793989658356e-07,0
stage6_00,0,complexity_time,1,search,0,1,train:313,train:313,train:313,2.5153975002467632e-05,2
stage6_00,0,complexity_time,1,search,1,1,train:153,train:153,train:153,2.370704896748066e-05,2
stage6_00,0,complexity_time,1,search,2,0,,,,3.4159747883677483e-06,0
stage6_00,0,complexity_time,1,search,3,0,,,,7.149064913392067e-07,0
stage6_00,0,complexity_time,1,search,4,0,,,,7.529743015766144e-07,0
stage6_00,0,complexity_time,1,search,5,0,,,,6.59027136862278e-07,0
stage6_00,0,complexity_time,1,search,6,0,,,,6.830086931586266e-07,0
stage6_00,1,reference,2,no_review,0,2,,train:421,train:313,2.9108021408319473e-05,0
stage6_00,1,reference,2,no_review,1,2,,train:421,train:421,3.1989067792892456e-05,0
stage6_00,1,reference,2,no_review,2,2,,train:421,train:421,3.260490484535694e-05,0
stage6_00,1,reference,2,no_review,3,1,,train:153,train:153,2.1847081370651722e-05,0
stage6_00,1,reference,2,no_review,4,1,,train:153,train:153,2.019503153860569e-05,0
stage6_00,1,reference,2,no_review,5,0,,,,1.1644908227026463e-05,0
stage6_00,1,reference,2,no_review,6,0,,,,2.215965650975704e-06,0
stage6_00,1,reference,2,fcfs,0,2,train:313,train:421,train:313,3.060803283005953e-05,0
stage6_00,1,reference,2,fcfs,2,2,train:421,train:421,train:421,3.9223930798470974e-05,0
stage6_00,1,reference,2,fcfs,4,1,train:153,train:153,train:153,3.6559998989105225e-05,0
stage6_00,1,reference,2,fcfs,6,0,,,,2.5420449674129486e-06,0
stage6_00,1,reference,2,edf,0,2,train:313,train:421,train:313,3.518001176416874e-05,0
stage6_00,1,reference,2,edf,2,2,train:421,train:421,train:421,5.285500083118677e-05,0
stage6_00,1,reference,2,edf,4,1,train:153,train:153,train:153,3.8394005969166756e-05,0
stage6_00,1,reference,2,edf,6,0,,,,4.731002263724804e-06,0
stage6_00,1,reference,2,uncertainty,0,2,train:421,train:421,train:313,3.249396104365587e-05,0
stage6_00,1,reference,2,uncertainty,2,1,train:153,train:153,train:153,4.206295125186443e-05,0
stage6_00,1,reference,2,uncertainty,4,0,,,,3.3850083127617836e-06,0
stage6_00,1,reference,2,uncertainty,5,0,,,,8.139759302139282e-07,0
stage6_00,1,reference,2,uncertainty,6,0,,,,7.230555638670921e-07,0
stage6_00,1,reference,2,greedy,0,2,train:421,train:421,train:313,3.5577104426920414e-05,0
stage6_00,1,reference,2,greedy,2,1,train:153,train:153,train:153,3.82070429623127e-05,0
stage6_00,1,reference,2,greedy,4,0,,,,4.025059752166271e-06,0
stage6_00,1,reference,2,greedy,5,0,,,,7.790513336658478e-07,0
stage6_00,1,reference,2,greedy,6,0,,,,6.970949470996857e-07,0
stage6_00,1,reference,2,search,0,2,train:313,train:421,train:313,4.2082974687218666e-05,5
stage6_00,1,reference,2,search,2,2,train:421,train:421,train:421,5.7935016229748726e-05,5
stage6_00,1,reference,2,search,4,1,train:153,train:153,train:153,2.8833048418164253e-05,2
stage6_00,1,reference,2,search,6,0,,,,2.9489165171980858e-06,0
stage6_00,1,reference,1,no_review,0,2,,train:421,train:313,3.041804302483797e-05,0
stage6_00,1,reference,1,no_review,1,3,,train:421,train:313,3.198790363967419e-05,0
stage6_00,1,reference,1,no_review,2,2,,train:421,train:421,3.534101415425539e-05,0
stage6_00,1,reference,1,no_review,3,2,,train:421,train:421,2.2663036361336708e-05,0
stage6_00,1,reference,1,no_review,4,1,,train:153,train:153,3.809493500739336e-05,0
stage6_00,1,reference,1,no_review,5,1,,train:153,train:153,1.2865988537669182e-05,0
stage6_00,1,reference,1,no_review,6,0,,,,4.549045115709305e-06,0
stage6_00,1,reference,1,fcfs,0,2,train:313,train:421,train:313,3.2438081689178944e-05,0
stage6_00,1,reference,1,fcfs,1,2,train:421,train:421,train:421,2.8500915504992008e-05,0
stage6_00,1,reference,1,fcfs,2,1,train:153,train:153,train:153,2.258399035781622e-05,0
stage6_00,1,reference,1,fcfs,3,0,,,,3.522029146552086e-06,0
stage6_00,1,reference,1,fcfs,4,0,,,,8.069910109043121e-07,0
stage6_00,1,reference,1,fcfs,5,0,,,,7.069902494549751e-07,0
stage6_00,1,reference,1,fcfs,6,0,,,,7.060589268803596e-07,0
stage6_00,1,reference,1,edf,0,2,train:313,train:421,train:313,3.2144016586244106e-05,0
stage6_00,1,reference,1,edf,1,2,train:421,train:421,train:421,2.7936999686062336e-05,0
stage6_00,1,reference,1,edf,2,1,train:153,train:153,train:153,2.427899744361639e-05,0
stage6_00,1,reference,1,edf,3,0,,,,3.4499680623412132e-06,0
stage6_00,1,reference,1,edf,4,0,,,,7.849885150790215e-07,0
stage6_00,1,reference,1,edf,5,0,,,,6.989575922489166e-07,0
stage6_00,1,reference,1,edf,6,0,,,,6.93020410835743e-07,0
stage6_00,1,reference,1,uncertainty,0,2,train:421,train:421,train:313,3.218802157789469e-05,0
stage6_00,1,reference,1,uncertainty,1,2,train:153,train:153,train:313,3.622705116868019e-05,0
stage6_00,1,reference,1,uncertainty,2,0,,,,4.439032636582851e-06,0
stage6_00,1,reference,1,uncertainty,3,0,,,,8.109491318464279e-07,0
stage6_00,1,reference,1,uncertainty,4,0,,,,7.00005330145359e-07,0
stage6_00,1,reference,1,uncertainty,5,0,,,,6.669433787465096e-07,0
stage6_00,1,reference,1,uncertainty,6,0,,,,7.279450073838234e-07,0
stage6_00,1,reference,1,greedy,0,2,train:421,train:421,train:313,3.356696106493473e-05,0
stage6_00,1,reference,1,greedy,1,2,train:153,train:153,train:313,3.289093729108572e-05,0
stage6_00,1,reference,1,greedy,2,0,,,,3.403984010219574e-06,0
stage6_00,1,reference,1,greedy,3,0,,,,7.629860192537308e-07,0
stage6_00,1,reference,1,greedy,4,0,,,,6.420304998755455e-07,0
stage6_00,1,reference,1,greedy,5,0,,,,6.450572982430458e-07,0
stage6_00,1,reference,1,greedy,6,0,,,,6.620539352297783e-07,0
stage6_00,1,reference,1,search,0,2,train:313,train:421,train:313,4.2496947571635246e-05,5
stage6_00,1,reference,1,search,1,2,train:421,train:421,train:421,4.522106610238552e-05,5
stage6_00,1,reference,1,search,2,1,train:153,train:153,train:153,3.818492405116558e-05,2
stage6_00,1,reference,1,search,3,0,,,,3.0240043997764587e-06,0
stage6_00,1,reference,1,search,4,0,,,,7.270136848092079e-07,0
stage6_00,1,reference,1,search,5,0,,,,6.719492375850677e-07,0
stage6_00,1,reference,1,search,6,0,,,,6.50063157081604e-07,0
stage6_00,1,approve_block,2,no_review,0,2,,train:421,train:313,3.1736912205815315e-05,0
stage6_00,1,approve_block,2,no_review,1,2,,train:421,train:421,3.144098445773125e-05,0
stage6_00,1,approve_block,2,no_review,2,2,,train:421,train:421,3.940192982554436e-05,0
stage6_00,1,approve_block,2,no_review,3,1,,train:153,train:153,2.1738000214099884e-05,0
stage6_00,1,approve_block,2,no_review,4,1,,train:153,train:153,3.2363925129175186e-05,0
stage6_00,1,approve_block,2,no_review,5,0,,,,1.1820928193628788e-05,0
stage6_00,1,approve_block,2,no_review,6,0,,,,2.362998202443123e-06,0
stage6_00,1,approve_block,2,fcfs,0,2,train:313,train:421,train:313,3.0082999728620052e-05,0
stage6_00,1,approve_block,2,fcfs,2,2,train:421,train:421,train:421,4.503503441810608e-05,0
stage6_00,1,approve_block,2,fcfs,4,1,train:153,train:153,train:153,3.241701051592827e-05,0
stage6_00,1,approve_block,2,fcfs,6,0,,,,3.084074705839157e-06,0
stage6_00,1,approve_block,2,edf,0,2,train:313,train:421,train:313,3.944197669625282e-05,0
stage6_00,1,approve_block,2,edf,2,2,train:421,train:421,train:421,6.430898793041706e-05,0
stage6_00,1,approve_block,2,edf,4,1,train:153,train:153,train:153,3.142107743769884e-05,0
stage6_00,1,approve_block,2,edf,6,0,,,,2.5900080800056458e-06,0
stage6_00,1,approve_block,2,uncertainty,0,2,train:421,train:421,train:313,3.277999348938465e-05,0
stage6_00,1,approve_block,2,uncertainty,2,1,train:153,train:153,train:153,3.5341945476830006e-05,0
stage6_00,1,approve_block,2,uncertainty,4,0,,,,2.5619519874453545e-06,0
stage6_00,1,approve_block,2,uncertainty,5,0,,,,7.459893822669983e-07,0
stage6_00,1,approve_block,2,uncertainty,6,0,,,,6.430782377719879e-07,0
stage6_00,1,approve_block,2,greedy,0,2,train:421,train:421,train:313,3.5748002119362354e-05,0
stage6_00,1,approve_block,2,greedy,2,1,train:153,train:153,train:153,3.789202310144901e-05,0
stage6_00,1,approve_block,2,greedy,4,0,,,,3.961031325161457e-06,0
stage6_00,1,approve_block,2,greedy,5,0,,,,7.209600880742073e-07,0
stage6_00,1,approve_block,2,greedy,6,0,,,,6.780028343200684e-07,0
stage6_00,1,approve_block,2,search,0,2,train:313,train:421,train:313,4.5172986574471e-05,5
stage6_00,1,approve_block,2,search,2,2,train:421,train:421,train:421,0.00010543002281337976,5
stage6_00,1,approve_block,2,search,4,1,train:153,train:153,train:153,4.03430312871933e-05,2
stage6_00,1,approve_block,2,search,6,0,,,,4.2050378397107124e-06,0
stage6_00,1,approve_block,1,no_review,0,2,,train:421,train:313,2.9957969672977924e-05,0
stage6_00,1,approve_block,1,no_review,1,3,,train:421,train:313,3.200303763151169e-05,0
stage6_00,1,approve_block,1,no_review,2,2,,train:421,train:421,5.989510100334883e-05,0
stage6_00,1,approve_block,1,no_review,3,2,,train:421,train:421,3.0972063541412354e-05,0
stage6_00,1,approve_block,1,no_review,4,1,,train:153,train:153,3.326893784105778e-05,0
stage6_00,1,approve_block,1,no_review,5,1,,train:153,train:153,1.313607208430767e-05,0
stage6_00,1,approve_block,1,no_review,6,0,,,,3.1049130484461784e-06,0
stage6_00,1,approve_block,1,fcfs,0,2,train:313,train:421,train:313,3.020802978426218e-05,0
stage6_00,1,approve_block,1,fcfs,1,2,train:421,train:421,train:421,2.836296334862709e-05,0
stage6_00,1,approve_block,1,fcfs,2,1,train:153,train:153,train:153,4.0297978557646275e-05,0
stage6_00,1,approve_block,1,fcfs,3,0,,,,5.598063580691814e-06,0
stage6_00,1,approve_block,1,fcfs,4,0,,,,7.300404831767082e-07,0
stage6_00,1,approve_block,1,fcfs,5,0,,,,7.140915840864182e-07,0
stage6_00,1,approve_block,1,fcfs,6,0,,,,6.709014996886253e-07,0
stage6_00,1,approve_block,1,edf,0,2,train:313,train:421,train:313,3.158894833177328e-05,0
stage6_00,1,approve_block,1,edf,1,2,train:421,train:421,train:421,3.107707016170025e-05,0
stage6_00,1,approve_block,1,edf,2,1,train:153,train:153,train:153,2.951908390969038e-05,0
stage6_00,1,approve_block,1,edf,3,0,,,,3.0919909477233887e-06,0
stage6_00,1,approve_block,1,edf,4,0,,,,7.709022611379623e-07,0
stage6_00,1,approve_block,1,edf,5,0,,,,6.980262696743011e-07,0
stage6_00,1,approve_block,1,edf,6,0,,,,6.980262696743011e-07,0
stage6_00,1,approve_block,1,uncertainty,0,2,train:421,train:421,train:313,3.534893039613962e-05,0
stage6_00,1,approve_block,1,uncertainty,1,2,train:153,train:153,train:313,3.308197483420372e-05,0
stage6_00,1,approve_block,1,uncertainty,2,0,,,,3.4139957278966904e-06,0
stage6_00,1,approve_block,1,uncertainty,3,0,,,,7.069902494549751e-07,0
stage6_00,1,approve_block,1,uncertainty,4,0,,,,6.67991116642952e-07,0
stage6_00,1,approve_block,1,uncertainty,5,0,,,,6.569316610693932e-07,0
stage6_00,1,approve_block,1,uncertainty,6,0,,,,6.490154191851616e-07,0
stage6_00,1,approve_block,1,greedy,0,2,train:421,train:421,train:313,3.454391844570637e-05,0
stage6_00,1,approve_block,1,greedy,1,2,train:153,train:153,train:313,3.832101356238127e-05,0
stage6_00,1,approve_block,1,greedy,2,0,,,,5.219015292823315e-06,0
stage6_00,1,approve_block,1,greedy,3,0,,,,7.870839908719063e-07,0
stage6_00,1,approve_block,1,greedy,4,0,,,,6.660120561718941e-07,0
stage6_00,1,approve_block,1,greedy,5,0,,,,6.499467417597771e-07,0
stage6_00,1,approve_block,1,greedy,6,0,,,,6.719492375850677e-07,0
stage6_00,1,approve_block,1,search,0,2,train:313,train:421,train:313,4.325108602643013e-05,5
stage6_00,1,approve_block,1,search,1,2,train:421,train:421,train:421,4.1785999201238155e-05,5
stage6_00,1,approve_block,1,search,2,1,train:153,train:153,train:153,3.2352982088923454e-05,2
stage6_00,1,approve_block,1,search,3,0,,,,3.7350691854953766e-06,0
stage6_00,1,approve_block,1,search,4,0,,,,7.2503462433815e-07,0
stage6_00,1,approve_block,1,search,5,0,,,,6.400514394044876e-07,0
stage6_00,1,approve_block,1,search,6,0,,,,6.699701771140099e-07,0
stage6_00,1,complexity_time,2,no_review,0,2,,train:421,train:313,3.771297633647919e-05,0
stage6_00,1,complexity_time,2,no_review,1,2,,train:421,train:421,3.1627947464585304e-05,0
stage6_00,1,complexity_time,2,no_review,2,2,,train:421,train:421,4.875892773270607e-05,0
stage6_00,1,complexity_time,2,no_review,3,1,,train:153,train:153,2.2119958885014057e-05,0
stage6_00,1,complexity_time,2,no_review,4,1,,train:153,train:153,2.8645037673413754e-05,0
stage6_00,1,complexity_time,2,no_review,5,0,,,,1.2099044397473335e-05,0
stage6_00,1,complexity_time,2,no_review,6,0,,,,6.095971912145615e-06,0
stage6_00,1,complexity_time,2,fcfs,0,2,train:313,train:421,train:313,3.241200465708971e-05,0
stage6_00,1,complexity_time,2,fcfs,2,2,train:421,train:421,train:421,4.417705349624157e-05,0
stage6_00,1,complexity_time,2,fcfs,4,1,train:153,train:153,train:153,2.9460061341524124e-05,0
stage6_00,1,complexity_time,2,fcfs,6,0,,,,3.6120181903243065e-06,0
stage6_00,1,complexity_time,2,edf,0,2,train:313,train:421,train:313,3.084598574787378e-05,0
stage6_00,1,complexity_time,2,edf,2,2,train:421,train:421,train:421,4.8187910579144955e-05,0
stage6_00,1,complexity_time,2,edf,4,1,train:153,train:153,train:153,2.9781018383800983e-05,0
stage6_00,1,complexity_time,2,edf,6,0,,,,2.9170187190175056e-06,0
stage6_00,1,complexity_time,2,uncertainty,0,2,train:421,train:421,train:313,3.409595228731632e-05,0
stage6_00,1,complexity_time,2,uncertainty,2,1,train:153,train:153,train:153,3.864301834255457e-05,0
stage6_00,1,complexity_time,2,uncertainty,4,0,,,,3.8030557334423065e-06,0
stage6_00,1,complexity_time,2,uncertainty,5,0,,,,7.100170478224754e-07,0
stage6_00,1,complexity_time,2,uncertainty,6,0,,,,6.320187821984291e-07,0
stage6_00,1,complexity_time,2,greedy,0,2,train:421,train:421,train:313,3.30040929839015e-05,0
stage6_00,1,complexity_time,2,greedy,2,1,train:153,train:153,train:153,3.554497379809618e-05,0
stage6_00,1,complexity_time,2,greedy,4,0,,,,3.2039824873209e-06,0
stage6_00,1,complexity_time,2,greedy,5,0,,,,7.639173418283463e-07,0
stage6_00,1,complexity_time,2,greedy,6,0,,,,6.509944796562195e-07,0
stage6_00,1,complexity_time,2,search,0,2,train:313,train:421,train:313,5.090504419058561e-05,5
stage6_00,1,complexity_time,2,search,2,2,train:421,train:421,train:421,6.475404370576143e-05,5
stage6_00,1,complexity_time,2,search,4,1,train:153,train:153,train:153,4.1485996916890144e-05,2
stage6_00,1,complexity_time,2,search,6,0,,,,3.978959284722805e-06,0
stage6_00,1,complexity_time,1,no_review,0,2,,train:421,train:313,3.413599915802479e-05,0
stage6_00,1,complexity_time,1,no_review,1,3,,train:421,train:313,3.196299076080322e-05,0
stage6_00,1,complexity_time,1,no_review,2,2,,train:421,train:421,4.1275983676314354e-05,0
stage6_00,1,complexity_time,1,no_review,3,2,,train:421,train:421,2.2336025722324848e-05,0
stage6_00,1,complexity_time,1,no_review,4,1,,train:153,train:153,2.2017979063093662e-05,0
stage6_00,1,complexity_time,1,no_review,5,1,,train:153,train:153,1.2171105481684208e-05,0
stage6_00,1,complexity_time,1,no_review,6,0,,,,2.0189909264445305e-06,0
stage6_00,1,complexity_time,1,fcfs,0,2,train:313,train:421,train:313,3.1574047170579433e-05,0
stage6_00,1,complexity_time,1,fcfs,1,2,train:421,train:421,train:421,2.9856921173632145e-05,0
stage6_00,1,complexity_time,1,fcfs,2,1,train:153,train:153,train:153,2.650998067110777e-05,0
stage6_00,1,complexity_time,1,fcfs,3,0,,,,3.7049176171422005e-06,0
stage6_00,1,complexity_time,1,fcfs,4,0,,,,7.259659469127655e-07,0
stage6_00,1,complexity_time,1,fcfs,5,0,,,,6.649643182754517e-07,0
stage6_00,1,complexity_time,1,fcfs,6,0,,,,6.349291652441025e-07,0
stage6_00,1,complexity_time,1,edf,0,2,train:313,train:421,train:313,3.33109637722373e-05,0
stage6_00,1,complexity_time,1,edf,1,2,train:421,train:421,train:421,3.174692392349243e-05,0
stage6_00,1,complexity_time,1,edf,2,1,train:153,train:153,train:153,3.216392360627651e-05,0
stage6_00,1,complexity_time,1,edf,3,0,,,,4.502013325691223e-06,0
stage6_00,1,complexity_time,1,edf,4,0,,,,7.130438461899757e-07,0
stage6_00,1,complexity_time,1,edf,5,0,,,,6.59027136862278e-07,0
stage6_00,1,complexity_time,1,edf,6,0,,,,6.610061973333359e-07,0
stage6_00,1,complexity_time,1,uncertainty,0,2,train:421,train:421,train:313,3.370596095919609e-05,0
stage6_00,1,complexity_time,1,uncertainty,1,2,train:153,train:153,train:313,3.441201988607645e-05,0
stage6_00,1,complexity_time,1,uncertainty,2,0,,,,3.4209806472063065e-06,0
stage6_00,1,complexity_time,1,uncertainty,3,0,,,,7.109483703970909e-07,0
stage6_00,1,complexity_time,1,uncertainty,4,0,,,,6.709014996886253e-07,0
stage6_00,1,complexity_time,1,uncertainty,5,0,,,,6.289919838309288e-07,0
stage6_00,1,complexity_time,1,uncertainty,6,0,,,,6.529735401272774e-07,0
stage6_00,1,complexity_time,1,greedy,0,2,train:421,train:421,train:313,3.405299503356218e-05,0
stage6_00,1,complexity_time,1,greedy,1,2,train:153,train:153,train:313,3.6600977182388306e-05,0
stage6_00,1,complexity_time,1,greedy,2,0,,,,3.751949407160282e-06,0
stage6_00,1,complexity_time,1,greedy,3,0,,,,7.420312613248825e-07,0
stage6_00,1,complexity_time,1,greedy,4,0,,,,6.820773705840111e-07,0
stage6_00,1,complexity_time,1,greedy,5,0,,,,6.640329957008362e-07,0
stage6_00,1,complexity_time,1,greedy,6,0,,,,7.0908572524786e-07,0
stage6_00,1,complexity_time,1,search,0,2,train:313,train:421,train:313,4.2489031329751015e-05,5
stage6_00,1,complexity_time,1,search,1,2,train:421,train:421,train:421,4.6029919758439064e-05,5
stage6_00,1,complexity_time,1,search,2,1,train:153,train:153,train:153,3.043294418603182e-05,2
stage6_00,1,complexity_time,1,search,3,0,,,,2.1959422156214714e-06,0
stage6_00,1,complexity_time,1,search,4,0,,,,7.549533620476723e-07,0
stage6_00,1,complexity_time,1,search,5,0,,,,6.749760359525681e-07,0
stage6_00,1,complexity_time,1,search,6,0,,,,6.67991116642952e-07,0
stage6_00,2,reference,2,no_review,0,2,,train:421,train:313,3.030302468687296e-05,0
stage6_00,2,reference,2,no_review,1,1,,train:421,train:421,2.207199577242136e-05,0
stage6_00,2,reference,2,no_review,2,1,,train:421,train:421,3.280898090451956e-05,0
stage6_00,2,reference,2,no_review,3,0,,,,1.2587988749146461e-05,0
stage6_00,2,reference,2,no_review,4,0,,,,2.8619542717933655e-06,0
stage6_00,2,reference,2,no_review,5,0,,,,6.859190762042999e-07,0
stage6_00,2,reference,2,no_review,6,0,,,,6.699701771140099e-07,0
stage6_00,2,reference,2,fcfs,0,2,train:313,train:421,train:313,3.0926079489290714e-05,0
stage6_00,2,reference,2,fcfs,2,1,train:421,train:421,train:421,3.7588062696158886e-05,0
stage6_00,2,reference,2,fcfs,4,0,,,,6.590038537979126e-06,0
stage6_00,2,reference,2,fcfs,5,0,,,,1.3469252735376358e-06,0
stage6_00,2,reference,2,fcfs,6,0,,,,1.2289965525269508e-06,0
stage6_00,2,reference,2,edf,0,2,train:313,train:421,train:313,3.131397534161806e-05,0
stage6_00,2,reference,2,edf,2,1,train:421,train:421,train:421,2.166896592825651e-05,0
stage6_00,2,reference,2,edf,4,0,,,,3.2819807529449463e-06,0
stage6_00,2,reference,2,edf,5,0,,,,7.419148460030556e-07,0
stage6_00,2,reference,2,edf,6,0,,,,7.048947736620903e-07,0
stage6_00,2,reference,2,uncertainty,0,2,train:421,train:421,train:313,3.416603431105614e-05,0
stage6_00,2,reference,2,uncertainty,2,0,,,,5.247071385383606e-06,0
stage6_00,2,reference,2,uncertainty,3,0,,,,7.170019671320915e-07,0
stage6_00,2,reference,2,uncertainty,4,0,,,,6.880145519971848e-07,0
stage6_00,2,reference,2,uncertainty,5,0,,,,6.509944796562195e-07,0
stage6_00,2,reference,2,uncertainty,6,0,,,,6.59027136862278e-07,0
stage6_00,2,reference,2,greedy,0,2,train:421,train:421,train:313,3.188801929354668e-05,0
stage6_00,2,reference,2,greedy,2,0,,,,2.368004061281681e-06,0
stage6_00,2,reference,2,greedy,3,0,,,,7.499475032091141e-07,0
stage6_00,2,reference,2,greedy,4,0,,,,6.810296326875687e-07,0
stage6_00,2,reference,2,greedy,5,0,,,,6.509944796562195e-07,0
stage6_00,2,reference,2,greedy,6,0,,,,6.540212780237198e-07,0
stage6_00,2,reference,2,search,0,2,train:313,train:421,train:313,4.2782980017364025e-05,5
stage6_00,2,reference,2,search,2,1,train:421,train:421,train:421,3.2717944122850895e-05,2
stage6_00,2,reference,2,search,4,0,,,,2.869986928999424e-06,0
stage6_00,2,reference,2,search,5,0,,,,7.229391485452652e-07,0
stage6_00,2,reference,2,search,6,0,,,,6.670597940683365e-07,0
stage6_00,2,reference,1,no_review,0,2,,train:421,train:313,3.115599974989891e-05,0
stage6_00,2,reference,1,no_review,1,2,,train:421,train:313,2.2338004782795906e-05,0
stage6_00,2,reference,1,no_review,2,1,,train:421,train:421,3.324495628476143e-05,0
stage6_00,2,reference,1,no_review,3,1,,train:421,train:421,1.1990079656243324e-05,0
stage6_00,2,reference,1,no_review,4,0,,,,2.6709167286753654e-06,0
stage6_00,2,reference,1,no_review,5,0,,,,7.980270311236382e-07,0
stage6_00,2,reference,1,no_review,6,0,,,,6.889458745718002e-07,0
stage6_00,2,reference,1,fcfs,0,2,train:313,train:421,train:313,2.9654940590262413e-05,0
stage6_00,2,reference,1,fcfs,1,1,train:421,train:421,train:421,3.742496483027935e-05,0
stage6_00,2,reference,1,fcfs,2,0,,,,2.72202305495739e-06,0
stage6_00,2,reference,1,fcfs,3,0,,,,7.189810276031494e-07,0
stage6_00,2,reference,1,fcfs,4,0,,,,6.699701771140099e-07,0
stage6_00,2,reference,1,fcfs,5,0,,,,6.669433787465096e-07,0
stage6_00,2,reference,1,fcfs,6,0,,,,6.870832294225693e-07,0
stage6_00,2,reference,1,edf,0,2,train:313,train:421,train:313,3.2247044146060944e-05,0
stage6_00,2,reference,1,edf,1,1,train:421,train:421,train:421,3.358605317771435e-05,0
stage6_00,2,reference,1,edf,2,0,,,,3.2990938052535057e-06,0
stage6_00,2,reference,1,edf,3,0,,,,7.139751687645912e-07,0
stage6_00,2,reference,1,edf,4,0,,,,6.830086931586266e-07,0
stage6_00,2,reference,1,edf,5,0,,,,6.440095603466034e-07,0
stage6_00,2,reference,1,edf,6,0,,,,6.280606612563133e-07,0
stage6_00,2,reference,1,uncertainty,0,2,train:421,train:421,train:313,3.2988027669489384e-05,0
stage6_00,2,reference,1,uncertainty,1,1,train:313,train:313,train:313,3.814499359577894e-05,0
stage6_00,2,reference,1,uncertainty,2,0,,,,2.116081304848194e-06,0
stage6_00,2,reference,1,uncertainty,3,0,,,,7.760245352983475e-07,0
stage6_00,2,reference,1,uncertainty,4,0,,,,6.42961822450161e-07,0
stage6_00,2,reference,1,uncertainty,5,0,,,,6.560003384947777e-07,0
stage6_00,2,reference,1,uncertainty,6,0,,,,6.920890882611275e-07,0
stage6_00,2,reference,1,greedy,0,2,train:421,train:421,train:313,3.2573938369750977e-05,0
stage6_00,2,reference,1,greedy,1,1,train:313,train:313,train:313,2.1712039597332478e-05,0
stage6_00,2,reference,1,greedy,2,0,,,,2.0080478861927986e-06,0
stage6_00,2,reference,1,greedy,3,0,,,,7.459893822669983e-07,0
stage6_00,2,reference,1,greedy,4,0,,,,6.640329957008362e-07,0
stage6_00,2,reference,1,greedy,5,0,,,,6.59027136862278e-07,0
stage6_00,2,reference,1,greedy,6,0,,,,6.799818947911263e-07,0
stage6_00,2,reference,1,search,0,2,train:313,train:421,train:313,4.230800550431013e-05,5
stage6_00,2,reference,1,search,1,1,train:421,train:421,train:421,3.835803363472223e-05,2
stage6_00,2,reference,1,search,2,0,,,,2.540997229516506e-06,0
stage6_00,2,reference,1,search,3,0,,,,7.459893822669983e-07,0
stage6_00,2,reference,1,search,4,0,,,,6.320187821984291e-07,0
stage6_00,2,reference,1,search,5,0,,,,6.880145519971848e-07,0
stage6_00,2,reference,1,search,6,0,,,,6.640329957008362e-07,0
stage6_00,2,approve_block,2,no_review,0,2,,train:421,train:313,3.19270184263587e-05,0
stage6_00,2,approve_block,2,no_review,1,1,,train:421,train:421,2.2165942937135696e-05,0
stage6_00,2,approve_block,2,no_review,2,1,,train:421,train:421,3.1525036320090294e-05,0
stage6_00,2,approve_block,2,no_review,3,0,,,,1.2012897059321404e-05,0
stage6_00,2,approve_block,2,no_review,4,0,,,,4.138099029660225e-06,0
stage6_00,2,approve_block,2,no_review,5,0,,,,7.369089871644974e-07,0
stage6_00,2,approve_block,2,no_review,6,0,,,,6.998889148235321e-07,0
stage6_00,2,approve_block,2,fcfs,0,2,train:313,train:421,train:313,3.241002559661865e-05,0
stage6_00,2,approve_block,2,fcfs,2,1,train:421,train:421,train:421,2.442405093461275e-05,0
stage6_00,2,approve_block,2,fcfs,4,0,,,,3.33995558321476e-06,0
stage6_00,2,approve_block,2,fcfs,5,0,,,,7.060589268803596e-07,0
stage6_00,2,approve_block,2,fcfs,6,0,,,,6.380723789334297e-07,0
stage6_00,2,approve_block,2,edf,0,2,train:313,train:421,train:313,3.212306182831526e-05,0
stage6_00,2,approve_block,2,edf,2,1,train:421,train:421,train:421,4.258996341377497e-05,0
stage6_00,2,approve_block,2,edf,4,0,,,,2.288026735186577e-06,0
stage6_00,2,approve_block,2,edf,5,0,,,,7.329508662223816e-07,0
stage6_00,2,approve_block,2,edf,6,0,,,,6.749760359525681e-07,0
stage6_00,2,approve_block,2,uncertainty,0,2,train:421,train:421,train:313,4.717102274298668e-05,0
stage6_00,2,approve_block,2,uncertainty,2,0,,,,4.119006916880608e-06,0
stage6_00,2,approve_block,2,uncertainty,3,0,,,,6.67991116642952e-07,0
stage6_00,2,approve_block,2,uncertainty,4,0,,,,6.899936124682426e-07,0
stage6_00,2,approve_block,2,uncertainty,5,0,,,,6.719492375850677e-07,0
stage6_00,2,approve_block,2,uncertainty,6,0,,,,6.579793989658356e-07,0
stage6_00,2,approve_block,2,greedy,0,2,train:421,train:421,train:313,3.424694295972586e-05,0
stage6_00,2,approve_block,2,greedy,2,0,,,,5.142064765095711e-06,0
stage6_00,2,approve_block,2,greedy,3,0,,,,7.379567250609398e-07,0
stage6_00,2,approve_block,2,greedy,4,0,,,,6.619375199079514e-07,0
stage6_00,2,approve_block,2,greedy,5,0,,,,6.530899554491043e-07,0
stage6_00,2,approve_block,2,greedy,6,0,,,,6.790505722165108e-07,0
stage6_00,2,approve_block,2,search,0,2,train:313,train:421,train:313,4.174700006842613e-05,5
stage6_00,2,approve_block,2,search,2,1,train:421,train:421,train:421,4.0033948607742786e-05,2
stage6_00,2,approve_block,2,search,4,0,,,,4.5460183173418045e-06,0
stage6_00,2,approve_block,2,search,5,0,,,,7.079215720295906e-07,0
stage6_00,2,approve_block,2,search,6,0,,,,7.009366527199745e-07,0
stage6_00,2,approve_block,1,no_review,0,2,,train:421,train:313,2.925703302025795e-05,0
stage6_00,2,approve_block,1,no_review,1,2,,train:421,train:313,2.2145919501781464e-05,0
stage6_00,2,approve_block,1,no_review,2,1,,train:421,train:421,3.7882011383771896e-05,0
stage6_00,2,approve_block,1,no_review,3,1,,train:421,train:421,1.2550968676805496e-05,0
stage6_00,2,approve_block,1,no_review,4,0,,,,4.1530001908540726e-06,0
stage6_00,2,approve_block,1,no_review,5,0,,,,7.729977369308472e-07,0
stage6_00,2,approve_block,1,no_review,6,0,,,,7.280614227056503e-07,0
stage6_00,2,approve_block,1,fcfs,0,2,train:313,train:421,train:313,4.9473950639367104e-05,0
stage6_00,2,approve_block,1,fcfs,1,1,train:421,train:421,train:421,3.3800024539232254e-05,0
stage6_00,2,approve_block,1,fcfs,2,0,,,,9.259907528758049e-06,0
stage6_00,2,approve_block,1,fcfs,3,0,,,,2.0810402929782867e-06,0
stage6_00,2,approve_block,1,fcfs,4,0,,,,1.625041477382183e-06,0
stage6_00,2,approve_block,1,fcfs,5,0,,,,1.6049016267061234e-06,0
stage6_00,2,approve_block,1,fcfs,6,0,,,,1.5170080587267876e-06,0
stage6_00,2,approve_block,1,edf,0,2,train:313,train:421,train:313,3.454904071986675e-05,0
stage6_00,2,approve_block,1,edf,1,1,train:421,train:421,train:421,3.987201489508152e-05,0
stage6_00,2,approve_block,1,edf,2,0,,,,4.558009095489979e-06,0
stage6_00,2,approve_block,1,edf,3,0,,,,7.740454748272896e-07,0
stage6_00,2,approve_block,1,edf,4,0,,,,7.059425115585327e-07,0
stage6_00,2,approve_block,1,edf,5,0,,,,6.649643182754517e-07,0
stage6_00,2,approve_block,1,edf,6,0,,,,6.899936124682426e-07,0
stage6_00,2,approve_block,1,uncertainty,0,2,train:421,train:421,train:313,3.253098111599684e-05,0
stage6_00,2,approve_block,1,uncertainty,1,1,train:313,train:313,train:313,5.878496449440718e-05,0
stage6_00,2,approve_block,1,uncertainty,2,0,,,,5.180947482585907e-06,0
stage6_00,2,approve_block,1,uncertainty,3,0,,,,7.280614227056503e-07,0
stage6_00,2,approve_block,1,uncertainty,4,0,,,,6.539048627018929e-07,0
stage6_00,2,approve_block,1,uncertainty,5,0,,,,6.379559636116028e-07,0
stage6_00,2,approve_block,1,uncertainty,6,0,,,,6.580958142876625e-07,0
stage6_00,2,approve_block,1,greedy,0,2,train:421,train:421,train:313,3.399793058633804e-05,0
stage6_00,2,approve_block,1,greedy,1,1,train:313,train:313,train:313,2.9233982786536217e-05,0
stage6_00,2,approve_block,1,greedy,2,0,,,,3.0259834602475166e-06,0
stage6_00,2,approve_block,1,greedy,3,0,,,,7.209600880742073e-07,0
stage6_00,2,approve_block,1,greedy,4,0,,,,6.289919838309288e-07,0
stage6_00,2,approve_block,1,greedy,5,0,,,,6.58910721540451e-07,0
stage6_00,2,approve_block,1,greedy,6,0,,,,6.649643182754517e-07,0
stage6_00,2,approve_block,1,search,0,2,train:313,train:421,train:313,4.318298306316137e-05,5
stage6_00,2,approve_block,1,search,1,1,train:421,train:421,train:421,4.548998549580574e-05,2
stage6_00,2,approve_block,1,search,2,0,,,,4.327972419559956e-06,0
stage6_00,2,approve_block,1,search,3,0,,,,7.499475032091141e-07,0
stage6_00,2,approve_block,1,search,4,0,,,,7.360940799117088e-07,0
stage6_00,2,approve_block,1,search,5,0,,,,6.600748747587204e-07,0
stage6_00,2,approve_block,1,search,6,0,,,,7.239868864417076e-07,0
stage6_00,2,complexity_time,2,no_review,0,2,,train:421,train:313,3.176799509674311e-05,0
stage6_00,2,complexity_time,2,no_review,1,1,,train:421,train:421,2.225697971880436e-05,0
stage6_00,2,complexity_time,2,no_review,2,1,,train:421,train:421,3.633997403085232e-05,0
stage6_00,2,complexity_time,2,no_review,3,0,,,,1.2112082913517952e-05,0
stage6_00,2,complexity_time,2,no_review,4,0,,,,4.392932169139385e-06,0
stage6_00,2,complexity_time,2,no_review,5,0,,,,8.300412446260452e-07,0
stage6_00,2,complexity_time,2,no_review,6,0,,,,7.189810276031494e-07,0
stage6_00,2,complexity_time,2,fcfs,0,2,train:313,train:421,train:313,3.104901406913996e-05,0
stage6_00,2,complexity_time,2,fcfs,2,1,train:421,train:421,train:421,3.287300933152437e-05,0
stage6_00,2,complexity_time,2,fcfs,4,0,,,,3.4569529816508293e-06,0
stage6_00,2,complexity_time,2,fcfs,5,0,,,,7.400522008538246e-07,0
stage6_00,2,complexity_time,2,fcfs,6,0,,,,6.860354915261269e-07,0
stage6_00,2,complexity_time,2,edf,0,2,train:313,train:421,train:313,3.365997690707445e-05,0
stage6_00,2,complexity_time,2,edf,2,1,train:421,train:421,train:421,3.666908014565706e-05,0
stage6_00,2,complexity_time,2,edf,4,0,,,,4.209927283227444e-06,0
stage6_00,2,complexity_time,2,edf,5,0,,,,7.329508662223816e-07,0
stage6_00,2,complexity_time,2,edf,6,0,,,,6.889458745718002e-07,0
stage6_00,2,complexity_time,2,uncertainty,0,2,train:421,train:421,train:313,3.617897164076567e-05,0
stage6_00,2,complexity_time,2,uncertainty,2,0,,,,5.720066837966442e-06,0
stage6_00,2,complexity_time,2,uncertainty,3,0,,,,7.359776645898819e-07,0
stage6_00,2,complexity_time,2,uncertainty,4,0,,,,7.119961082935333e-07,0
stage6_00,2,complexity_time,2,uncertainty,5,0,,,,6.390037015080452e-07,0
stage6_00,2,complexity_time,2,uncertainty,6,0,,,,6.479676812887192e-07,0
stage6_00,2,complexity_time,2,greedy,0,2,train:421,train:421,train:313,3.5051023587584496e-05,0
stage6_00,2,complexity_time,2,greedy,2,0,,,,3.855908289551735e-06,0
stage6_00,2,complexity_time,2,greedy,3,0,,,,7.640337571501732e-07,0
stage6_00,2,complexity_time,2,greedy,4,0,,,,6.349291652441025e-07,0
stage6_00,2,complexity_time,2,greedy,5,0,,,,6.419140845537186e-07,0
stage6_00,2,complexity_time,2,greedy,6,0,,,,6.631016731262207e-07,0
stage6_00,2,complexity_time,2,search,0,2,train:313,train:421,train:313,4.088692367076874e-05,5
stage6_00,2,complexity_time,2,search,2,1,train:421,train:421,train:421,3.2995943911373615e-05,2
stage6_00,2,complexity_time,2,search,4,0,,,,3.7959543988108635e-06,0
stage6_00,2,complexity_time,2,search,5,0,,,,7.390044629573822e-07,0
stage6_00,2,complexity_time,2,search,6,0,,,,6.639165803790092e-07,0
stage6_00,2,complexity_time,1,no_review,0,2,,train:421,train:313,2.9594055376946926e-05,0
stage6_00,2,complexity_time,1,no_review,1,2,,train:421,train:313,2.2965017706155777e-05,0
stage6_00,2,complexity_time,1,no_review,2,1,,train:421,train:421,3.413902595639229e-05,0
stage6_00,2,complexity_time,1,no_review,3,1,,train:421,train:421,1.7303042113780975e-05,0
stage6_00,2,complexity_time,1,no_review,4,0,,,,3.4079421311616898e-06,0
stage6_00,2,complexity_time,1,no_review,5,0,,,,7.159542292356491e-07,0
stage6_00,2,complexity_time,1,no_review,6,0,,,,6.75092451274395e-07,0
stage6_00,2,complexity_time,1,fcfs,0,2,train:313,train:421,train:313,3.315799403935671e-05,0
stage6_00,2,complexity_time,1,fcfs,1,1,train:421,train:421,train:421,3.490399103611708e-05,0
stage6_00,2,complexity_time,1,fcfs,2,0,,,,3.142980858683586e-06,0
stage6_00,2,complexity_time,1,fcfs,3,0,,,,7.359776645898819e-07,0
stage6_00,2,complexity_time,1,fcfs,4,0,,,,6.810296326875687e-07,0
stage6_00,2,complexity_time,1,fcfs,5,0,,,,6.509944796562195e-07,0
stage6_00,2,complexity_time,1,fcfs,6,0,,,,6.59027136862278e-07,0
stage6_00,2,complexity_time,1,edf,0,2,train:313,train:421,train:313,3.248301800340414e-05,0
stage6_00,2,complexity_time,1,edf,1,1,train:421,train:421,train:421,3.535090945661068e-05,0
stage6_00,2,complexity_time,1,edf,2,0,,,,2.38209031522274e-06,0
stage6_00,2,complexity_time,1,edf,3,0,,,,7.300404831767082e-07,0
stage6_00,2,complexity_time,1,edf,4,0,,,,6.989575922489166e-07,0
stage6_00,2,complexity_time,1,edf,5,0,,,,6.740447133779526e-07,0
stage6_00,2,complexity_time,1,edf,6,0,,,,6.729969754815102e-07,0
stage6_00,2,complexity_time,1,uncertainty,0,2,train:421,train:421,train:313,3.636197652667761e-05,0
stage6_00,2,complexity_time,1,uncertainty,1,1,train:313,train:313,train:313,4.073104355484247e-05,0
stage6_00,2,complexity_time,1,uncertainty,2,0,,,,2.3579923436045647e-06,0
stage6_00,2,complexity_time,1,uncertainty,3,0,,,,7.289927452802658e-07,0
stage6_00,2,complexity_time,1,uncertainty,4,0,,,,6.600748747587204e-07,0
stage6_00,2,complexity_time,1,uncertainty,5,0,,,,6.790505722165108e-07,0
stage6_00,2,complexity_time,1,uncertainty,6,0,,,,6.670597940683365e-07,0
stage6_00,2,complexity_time,1,greedy,0,2,train:421,train:421,train:313,3.3605960197746754e-05,0
stage6_00,2,complexity_time,1,greedy,1,1,train:313,train:313,train:313,3.338197711855173e-05,0
stage6_00,2,complexity_time,1,greedy,2,0,,,,6.181071512401104e-06,0
stage6_00,2,complexity_time,1,greedy,3,0,,,,7.08969309926033e-07,0
stage6_00,2,complexity_time,1,greedy,4,0,,,,6.549526005983353e-07,0
stage6_00,2,complexity_time,1,greedy,5,0,,,,6.409827619791031e-07,0
stage6_00,2,complexity_time,1,greedy,6,0,,,,6.869668141007423e-07,0
stage6_00,2,complexity_time,1,search,0,2,train:313,train:421,train:313,4.5806984417140484e-05,5
stage6_00,2,complexity_time,1,search,1,1,train:421,train:421,train:421,4.559603985399008e-05,2
stage6_00,2,complexity_time,1,search,2,0,,,,4.195026122033596e-06,0
stage6_00,2,complexity_time,1,search,3,0,,,,7.419148460030556e-07,0
stage6_00,2,complexity_time,1,search,4,0,,,,6.560003384947777e-07,0
stage6_00,2,complexity_time,1,search,5,0,,,,6.529735401272774e-07,0
stage6_00,2,complexity_time,1,search,6,0,,,,6.670597940683365e-07,0
stage6_01,0,reference,1,fcfs,0,2,train:158,train:158,train:158,2.970593050122261e-05,0
stage6_01,0,reference,1,fcfs,1,2,train:436,train:436,train:436,3.4334021620452404e-05,0
stage6_01,0,reference,1,fcfs,2,1,train:320,train:320,train:320,4.243594594299793e-05,0
stage6_01,0,reference,1,fcfs,3,0,,,,4.835077561438084e-06,0
stage6_01,0,reference,1,fcfs,4,0,,,,7.420312613248825e-07,0
stage6_01,0,reference,1,fcfs,5,0,,,,6.830086931586266e-07,0
stage6_01,0,reference,1,edf,0,2,train:158,train:158,train:158,3.160303458571434e-05,0
stage6_01,0,reference,1,edf,1,2,train:436,train:436,train:436,3.321305848658085e-05,0
stage6_01,0,reference,1,edf,2,1,train:320,train:320,train:320,4.2613944970071316e-05,0
stage6_01,0,reference,1,edf,3,0,,,,3.5490375012159348e-06,0
stage6_01,0,reference,1,edf,4,0,,,,7.76955857872963e-07,0
stage6_01,0,reference,1,edf,5,0,,,,6.770715117454529e-07,0
stage6_01,0,reference,1,uncertainty,0,2,train:158,train:158,train:158,3.3029005862772465e-05,0
stage6_01,0,reference,1,uncertainty,1,2,train:436,train:436,train:436,3.0742958188056946e-05,0
stage6_01,0,reference,1,uncertainty,2,1,train:320,train:320,train:320,3.175903111696243e-05,0
stage6_01,0,reference,1,uncertainty,3,0,,,,5.251960828900337e-06,0
stage6_01,0,reference,1,uncertainty,4,0,,,,6.989575922489166e-07,0
stage6_01,0,reference,1,uncertainty,5,0,,,,6.890622898936272e-07,0
stage6_01,0,reference,1,greedy,0,2,train:158,train:158,train:158,3.456103149801493e-05,0
stage6_01,0,reference,1,greedy,1,2,train:436,train:436,train:436,3.210396971553564e-05,0
stage6_01,0,reference,1,greedy,2,1,train:320,train:320,train:320,3.5223085433244705e-05,0
stage6_01,0,reference,1,greedy,3,0,,,,4.293047823011875e-06,0
stage6_01,0,reference,1,greedy,4,0,,,,7.019843906164169e-07,0
stage6_01,0,reference,1,greedy,5,0,,,,6.84056431055069e-07,0
stage6_01,0,reference,1,search,0,2,train:158,train:158,train:158,4.293292295187712e-05,5
stage6_01,0,reference,1,search,1,2,train:436,train:436,train:436,3.886898048222065e-05,5
stage6_01,0,reference,1,search,2,1,train:320,train:320,train:320,2.8647948056459427e-05,2
stage6_01,0,reference,1,search,3,0,,,,2.0299339666962624e-06,0
stage6_01,0,reference,1,search,4,0,,,,7.019843906164169e-07,0
stage6_01,0,reference,1,search,5,0,,,,6.960472092032433e-07,0
stage6_01,0,reference,1,no_review,0,2,,train:158,train:158,3.134598955512047e-05,0
stage6_01,0,reference,1,no_review,1,3,,train:158,train:158,3.241398371756077e-05,0
stage6_01,0,reference,1,no_review,2,2,,train:436,train:436,3.872590605169535e-05,0
stage6_01,0,reference,1,no_review,3,2,,train:436,train:436,2.247304655611515e-05,0
stage6_01,0,reference,1,no_review,4,2,,train:436,train:436,2.173706889152527e-05,0
stage6_01,0,reference,1,no_review,5,0,,,,5.159992724657059e-06,0
stage6_01,0,reference,2,fcfs,0,2,train:158,train:158,train:158,2.9738061130046844e-05,0
stage6_01,0,reference,2,fcfs,2,2,train:436,train:436,train:436,4.280905704945326e-05,0
stage6_01,0,reference,2,fcfs,4,0,,,,2.8412090614438057e-05,0
stage6_01,0,reference,2,fcfs,5,0,,,,2.2170133888721466e-06,0
stage6_01,0,reference,2,edf,0,2,train:158,train:158,train:158,3.146298695355654e-05,0
stage6_01,0,reference,2,edf,2,2,train:436,train:436,train:436,4.884903319180012e-05,0
stage6_01,0,reference,2,edf,4,0,,,,3.666803240776062e-05,0
stage6_01,0,reference,2,edf,5,0,,,,2.6030465960502625e-06,0
stage6_01,0,reference,2,uncertainty,0,2,train:158,train:158,train:158,3.463798202574253e-05,0
stage6_01,0,reference,2,uncertainty,2,2,train:436,train:436,train:436,5.190703086555004e-05,0
stage6_01,0,reference,2,uncertainty,4,0,,,,2.70879827439785e-05,0
stage6_01,0,reference,2,uncertainty,5,0,,,,4.397938027977943e-06,0
stage6_01,0,reference,2,greedy,0,2,train:158,train:158,train:158,3.495602868497372e-05,0
stage6_01,0,reference,2,greedy,2,2,train:436,train:436,train:436,4.717695992439985e-05,0
stage6_01,0,reference,2,greedy,4,0,,,,2.5882967747747898e-05,0
stage6_01,0,reference,2,greedy,5,0,,,,2.7080532163381577e-06,0
stage6_01,0,reference,2,search,0,2,train:158,train:158,train:158,4.160800017416477e-05,5
stage6_01,0,reference,2,search,2,2,train:436,train:436,train:436,5.5475044064223766e-05,5
stage6_01,0,reference,2,search,4,0,,,,3.4864991903305054e-05,0
stage6_01,0,reference,2,search,5,0,,,,2.303975634276867e-06,0
stage6_01,0,reference,2,no_review,0,2,,train:158,train:158,3.020802978426218e-05,0
stage6_01,0,reference,2,no_review,1,2,,train:436,train:436,3.159395419061184e-05,0
stage6_01,0,reference,2,no_review,2,2,,train:436,train:436,4.6332948841154575e-05,0
stage6_01,0,reference,2,no_review,3,2,,train:436,train:436,2.160295844078064e-05,0
stage6_01,0,reference,2,no_review,4,0,,,,2.1066050976514816e-05,0
stage6_01,0,reference,2,no_review,5,0,,,,9.326031431555748e-06,0
stage6_01,0,approve_block,1,fcfs,0,2,train:158,train:158,train:158,3.1445990316569805e-05,0
stage6_01,0,approve_block,1,fcfs,1,2,train:436,train:436,train:436,3.20670660585165e-05,0
stage6_01,0,approve_block,1,fcfs,2,1,train:320,train:320,train:320,2.412102185189724e-05,0
stage6_01,0,approve_block,1,fcfs,3,0,,,,2.06800177693367e-06,0
stage6_01,0,approve_block,1,fcfs,4,0,,,,7.069902494549751e-07,0
stage6_01,0,approve_block,1,fcfs,5,0,,,,6.689224392175674e-07,0
stage6_01,0,approve_block,1,edf,0,2,train:158,train:158,train:158,3.2681040465831757e-05,0
stage6_01,0,approve_block,1,edf,1,2,train:436,train:436,train:436,2.874701749533415e-05,0
stage6_01,0,approve_block,1,edf,2,1,train:320,train:320,train:320,2.447003498673439e-05,0
stage6_01,0,approve_block,1,edf,3,0,,,,3.485940396785736e-06,0
stage6_01,0,approve_block,1,edf,4,0,,,,7.170019671320915e-07,0
stage6_01,0,approve_block,1,edf,5,0,,,,6.539048627018929e-07,0
stage6_01,0,approve_block,1,uncertainty,0,2,train:158,train:158,train:158,3.221898805350065e-05,0
stage6_01,0,approve_block,1,uncertainty,1,2,train:436,train:436,train:436,3.230501897633076e-05,0
stage6_01,0,approve_block,1,uncertainty,2,1,train:320,train:320,train:320,2.981501165777445e-05,0
stage6_01,0,approve_block,1,uncertainty,3,0,,,,2.988032065331936e-06,0
stage6_01,0,approve_block,1,uncertainty,4,0,,,,7.309718057513237e-07,0
stage6_01,0,approve_block,1,uncertainty,5,0,,,,6.579793989658356e-07,0
stage6_01,0,approve_block,1,greedy,0,2,train:158,train:158,train:158,3.371399361640215e-05,0
stage6_01,0,approve_block,1,greedy,1,2,train:436,train:436,train:436,3.482704050838947e-05,0
stage6_01,0,approve_block,1,greedy,2,1,train:320,train:320,train:320,3.182096406817436e-05,0
stage6_01,0,approve_block,1,greedy,3,0,,,,2.8329668566584587e-06,0
stage6_01,0,approve_block,1,greedy,4,0,,,,7.039634510874748e-07,0
stage6_01,0,approve_block,1,greedy,5,0,,,,6.75092451274395e-07,0
stage6_01,0,approve_block,1,search,0,2,train:158,train:158,train:158,4.4437008909881115e-05,5
stage6_01,0,approve_block,1,search,1,2,train:436,train:436,train:436,4.5952037908136845e-05,5
stage6_01,0,approve_block,1,search,2,1,train:320,train:320,train:320,4.61450545117259e-05,2
stage6_01,0,approve_block,1,search,3,0,,,,3.5369303077459335e-06,0
stage6_01,0,approve_block,1,search,4,0,,,,7.820781320333481e-07,0
stage6_01,0,approve_block,1,search,5,0,,,,6.729969754815102e-07,0
stage6_01,0,approve_block,1,no_review,0,2,,train:158,train:158,2.8613954782485962e-05,0
stage6_01,0,approve_block,1,no_review,1,3,,train:158,train:158,3.268802538514137e-05,0
stage6_01,0,approve_block,1,no_review,2,2,,train:436,train:436,4.289601929485798e-05,0
stage6_01,0,approve_block,1,no_review,3,2,,train:436,train:436,2.211600076407194e-05,0
stage6_01,0,approve_block,1,no_review,4,2,,train:436,train:436,2.1390034817159176e-05,0
stage6_01,0,approve_block,1,no_review,5,0,,,,4.931003786623478e-06,0
stage6_01,0,approve_block,2,fcfs,0,2,train:158,train:158,train:158,3.094598650932312e-05,0
stage6_01,0,approve_block,2,fcfs,2,2,train:436,train:436,train:436,4.528800491243601e-05,0
stage6_01,0,approve_block,2,fcfs,4,0,,,,3.384600859135389e-05,0
stage6_01,0,approve_block,2,fcfs,5,0,,,,4.810048267245293e-06,0
stage6_01,0,approve_block,2,edf,0,2,train:158,train:158,train:158,3.143597859889269e-05,0
stage6_01,0,approve_block,2,edf,2,2,train:436,train:436,train:436,5.135592073202133e-05,0
stage6_01,0,approve_block,2,edf,4,0,,,,3.2834941521286964e-05,0
stage6_01,0,approve_block,2,edf,5,0,,,,2.568005584180355e-06,0
stage6_01,0,approve_block,2,uncertainty,0,2,train:158,train:158,train:158,3.598595503717661e-05,0
stage6_01,0,approve_block,2,uncertainty,2,2,train:436,train:436,train:436,4.4325017370283604e-05,0
stage6_01,0,approve_block,2,uncertainty,4,0,,,,2.06709373742342e-05,0
stage6_01,0,approve_block,2,uncertainty,5,0,,,,2.9479851946234703e-06,0
stage6_01,0,approve_block,2,greedy,0,2,train:158,train:158,train:158,3.4434953704476357e-05,0
stage6_01,0,approve_block,2,greedy,2,2,train:436,train:436,train:436,4.815508145838976e-05,0
stage6_01,0,approve_block,2,greedy,4,0,,,,2.9823044314980507e-05,0
stage6_01,0,approve_block,2,greedy,5,0,,,,5.314941518008709e-06,0
stage6_01,0,approve_block,2,search,0,2,train:158,train:158,train:158,4.959595389664173e-05,5
stage6_01,0,approve_block,2,search,2,2,train:436,train:436,train:436,5.940697155892849e-05,5
stage6_01,0,approve_block,2,search,4,0,,,,4.5942957513034344e-05,0
stage6_01,0,approve_block,2,search,5,0,,,,6.344984285533428e-06,0
stage6_01,0,approve_block,2,no_review,0,2,,train:158,train:158,3.088894300162792e-05,0
stage6_01,0,approve_block,2,no_review,1,2,,train:436,train:436,3.182899672538042e-05,0
stage6_01,0,approve_block,2,no_review,2,2,,train:436,train:436,4.438403993844986e-05,0
stage6_01,0,approve_block,2,no_review,3,2,,train:436,train:436,2.223602496087551e-05,0
stage6_01,0,approve_block,2,no_review,4,0,,,,2.153194509446621e-05,0
stage6_01,0,approve_block,2,no_review,5,0,,,,3.210967406630516e-06,0
stage6_01,0,complexity_time,1,fcfs,0,2,train:158,train:158,train:158,2.9750983230769634e-05,0
stage6_01,0,complexity_time,1,fcfs,1,2,train:436,train:436,train:436,4.6820961870253086e-05,0
stage6_01,0,complexity_time,1,fcfs,2,1,train:320,train:320,train:320,4.7881039790809155e-05,0
stage6_01,0,complexity_time,1,fcfs,3,0,,,,2.646935172379017e-06,0
stage6_01,0,complexity_time,1,fcfs,4,0,,,,7.67991878092289e-07,0
stage6_01,0,complexity_time,1,fcfs,5,0,,,,6.849877536296844e-07,0
stage6_01,0,complexity_time,1,edf,0,2,train:158,train:158,train:158,3.320001997053623e-05,0
stage6_01,0,complexity_time,1,edf,1,2,train:436,train:436,train:436,3.300595562905073e-05,0
stage6_01,0,complexity_time,1,edf,2,1,train:320,train:320,train:320,3.358407411724329e-05,0
stage6_01,0,complexity_time,1,edf,3,0,,,,4.842993803322315e-06,0
stage6_01,0,complexity_time,1,edf,4,0,,,,7.959315553307533e-07,0
stage6_01,0,complexity_time,1,edf,5,0,,,,7.200287654995918e-07,0
stage6_01,0,complexity_time,1,uncertainty,0,2,train:158,train:158,train:158,3.305193968117237e-05,0
stage6_01,0,complexity_time,1,uncertainty,1,2,train:436,train:436,train:436,3.281503450125456e-05,0
stage6_01,0,complexity_time,1,uncertainty,2,1,train:320,train:320,train:320,3.2125040888786316e-05,0
stage6_01,0,complexity_time,1,uncertainty,3,0,,,,3.1510135158896446e-06,0
stage6_01,0,complexity_time,1,uncertainty,4,0,,,,7.589114829897881e-07,0
stage6_01,0,complexity_time,1,uncertainty,5,0,,,,6.780028343200684e-07,0
stage6_01,0,complexity_time,1,greedy,0,2,train:158,train:158,train:158,4.016899038106203e-05,0
stage6_01,0,complexity_time,1,greedy,1,2,train:436,train:436,train:436,4.0304032154381275e-05,0
stage6_01,0,complexity_time,1,greedy,2,1,train:320,train:320,train:320,3.6807963624596596e-05,0
stage6_01,0,complexity_time,1,greedy,3,0,,,,3.0209776014089584e-06,0
stage6_01,0,complexity_time,1,greedy,4,0,,,,7.330672815442085e-07,0
stage6_01,0,complexity_time,1,greedy,5,0,,,,6.51925802230835e-07,0
stage6_01,0,complexity_time,1,search,0,2,train:158,train:158,train:158,4.236202221363783e-05,5
stage6_01,0,complexity_time,1,search,1,2,train:436,train:436,train:436,4.783796612173319e-05,5
stage6_01,0,complexity_time,1,search,2,1,train:320,train:320,train:320,3.8501922972500324e-05,2
stage6_01,0,complexity_time,1,search,3,0,,,,2.415967173874378e-06,0
stage6_01,0,complexity_time,1,search,4,0,,,,7.759081199765205e-07,0
stage6_01,0,complexity_time,1,search,5,0,,,,6.699701771140099e-07,0
stage6_01,0,complexity_time,1,no_review,0,2,,train:158,train:158,4.096992779523134e-05,0
stage6_01,0,complexity_time,1,no_review,1,3,,train:158,train:158,3.291899338364601e-05,0
stage6_01,0,complexity_time,1,no_review,2,2,,train:436,train:436,4.105095285922289e-05,0
stage6_01,0,complexity_time,1,no_review,3,2,,train:436,train:436,2.2001098841428757e-05,0
stage6_01,0,complexity_time,1,no_review,4,2,,train:436,train:436,2.2173975594341755e-05,0
stage6_01,0,complexity_time,1,no_review,5,0,,,,4.385015927255154e-06,0
stage6_01,0,complexity_time,2,fcfs,0,2,train:158,train:158,train:158,3.094598650932312e-05,0
stage6_01,0,complexity_time,2,fcfs,2,2,train:436,train:436,train:436,5.316000897437334e-05,0
stage6_01,0,complexity_time,2,fcfs,4,0,,,,3.2017938792705536e-05,0
stage6_01,0,complexity_time,2,fcfs,5,0,,,,2.3549655452370644e-06,0
stage6_01,0,complexity_time,2,edf,0,2,train:158,train:158,train:158,3.3657997846603394e-05,0
stage6_01,0,complexity_time,2,edf,2,2,train:436,train:436,train:436,4.434597212821245e-05,0
stage6_01,0,complexity_time,2,edf,4,0,,,,2.5363056920468807e-05,0
stage6_01,0,complexity_time,2,edf,5,0,,,,5.110981874167919e-06,0
stage6_01,0,complexity_time,2,uncertainty,0,2,train:158,train:158,train:158,3.4029013477265835e-05,0
stage6_01,0,complexity_time,2,uncertainty,2,2,train:436,train:436,train:436,5.41080953553319e-05,0
stage6_01,0,complexity_time,2,uncertainty,4,0,,,,3.1040050089359283e-05,0
stage6_01,0,complexity_time,2,uncertainty,5,0,,,,3.008986823260784e-06,0
stage6_01,0,complexity_time,2,greedy,0,2,train:158,train:158,train:158,3.3932970836758614e-05,0
stage6_01,0,complexity_time,2,greedy,2,2,train:436,train:436,train:436,6.073992699384689e-05,0
stage6_01,0,complexity_time,2,greedy,4,0,,,,2.7614994905889034e-05,0
stage6_01,0,complexity_time,2,greedy,5,0,,,,2.959044650197029e-06,0
stage6_01,0,complexity_time,2,search,0,2,train:158,train:158,train:158,4.530197475105524e-05,5
stage6_01,0,complexity_time,2,search,2,2,train:436,train:436,train:436,9.262701496481895e-05,5
stage6_01,0,complexity_time,2,search,4,0,,,,3.5093980841338634e-05,0
stage6_01,0,complexity_time,2,search,5,0,,,,2.9080547392368317e-06,0
stage6_01,0,complexity_time,2,no_review,0,2,,train:158,train:158,2.885598223656416e-05,0
stage6_01,0,complexity_time,2,no_review,1,2,,train:436,train:436,3.0480092391371727e-05,0
stage6_01,0,complexity_time,2,no_review,2,2,,train:436,train:436,4.484807141125202e-05,0
stage6_01,0,complexity_time,2,no_review,3,2,,train:436,train:436,2.1346029825508595e-05,0
stage6_01,0,complexity_time,2,no_review,4,0,,,,2.1001906134188175e-05,0
stage6_01,0,complexity_time,2,no_review,5,0,,,,3.246939741075039e-06,0
stage6_01,1,reference,1,fcfs,0,2,train:158,train:158,train:158,3.0559953302145004e-05,0
stage6_01,1,reference,1,fcfs,1,2,train:436,train:436,train:436,3.0394992791116238e-05,0
stage6_01,1,reference,1,fcfs,2,1,train:320,train:320,train:320,2.9347953386604786e-05,0
stage6_01,1,reference,1,fcfs,3,0,,,,5.482113920152187e-06,0
stage6_01,1,reference,1,fcfs,4,0,,,,7.33998604118824e-07,0
stage6_01,1,reference,1,fcfs,5,0,,,,6.649643182754517e-07,0
stage6_01,1,reference,1,edf,0,2,train:158,train:158,train:158,3.1445990316569805e-05,0
stage6_01,1,reference,1,edf,1,2,train:436,train:436,train:436,3.105297219008207e-05,0
stage6_01,1,reference,1,edf,2,1,train:320,train:320,train:320,3.712298348546028e-05,0
stage6_01,1,reference,1,edf,3,0,,,,2.276967279613018e-06,0
stage6_01,1,reference,1,edf,4,0,,,,6.869668141007423e-07,0
stage6_01,1,reference,1,edf,5,0,,,,6.769550964236259e-07,0
stage6_01,1,reference,1,uncertainty,0,2,train:158,train:158,train:158,3.3103046007454395e-05,0
stage6_01,1,reference,1,uncertainty,1,2,train:436,train:436,train:436,3.3813994377851486e-05,0
stage6_01,1,reference,1,uncertainty,2,1,train:320,train:320,train:320,4.8306072130799294e-05,0
stage6_01,1,reference,1,uncertainty,3,0,,,,4.98106237500906e-06,0
stage6_01,1,reference,1,uncertainty,4,0,,,,7.710186764597893e-07,0
stage6_01,1,reference,1,uncertainty,5,0,,,,7.289927452802658e-07,0
stage6_01,1,reference,1,greedy,0,2,train:158,train:158,train:158,3.506301436573267e-05,0
stage6_01,1,reference,1,greedy,1,2,train:436,train:436,train:436,3.482401371002197e-05,0
stage6_01,1,reference,1,greedy,2,1,train:320,train:320,train:320,4.289601929485798e-05,0
stage6_01,1,reference,1,greedy,3,0,,,,4.351022653281689e-06,0
stage6_01,1,reference,1,greedy,4,0,,,,7.520429790019989e-07,0
stage6_01,1,reference,1,greedy,5,0,,,,6.84056431055069e-07,0
stage6_01,1,reference,1,search,0,2,train:158,train:158,train:158,4.1874940507113934e-05,5
stage6_01,1,reference,1,search,1,2,train:436,train:436,train:436,3.598094917833805e-05,5
stage6_01,1,reference,1,search,2,1,train:320,train:320,train:320,4.063197411596775e-05,2
stage6_01,1,reference,1,search,3,0,,,,3.6509009078145027e-06,0
stage6_01,1,reference,1,search,4,0,,,,7.329508662223816e-07,0
stage6_01,1,reference,1,search,5,0,,,,7.310882210731506e-07,0
stage6_01,1,reference,1,no_review,0,2,,train:158,train:158,2.8938986361026764e-05,0
stage6_01,1,reference,1,no_review,1,3,,train:158,train:158,3.2315030694007874e-05,0
stage6_01,1,reference,1,no_review,2,2,,train:436,train:436,4.2492058128118515e-05,0
stage6_01,1,reference,1,no_review,3,2,,train:436,train:436,2.60109081864357e-05,0
stage6_01,1,reference,1,no_review,4,2,,train:436,train:436,2.1826941519975662e-05,0
stage6_01,1,reference,1,no_review,5,0,,,,5.678040906786919e-06,0
stage6_01,1,reference,2,fcfs,0,2,train:158,train:158,train:158,2.9067043215036392e-05,0
stage6_01,1,reference,2,fcfs,2,2,train:436,train:436,train:436,3.264099359512329e-05,0
stage6_01,1,reference,2,fcfs,4,0,,,,1.895800232887268e-05,0
stage6_01,1,reference,2,fcfs,5,0,,,,2.15193722397089e-06,0
stage6_01,1,reference,2,edf,0,2,train:158,train:158,train:158,3.562006168067455e-05,0
stage6_01,1,reference,2,edf,2,2,train:436,train:436,train:436,5.093601066619158e-05,0
stage6_01,1,reference,2,edf,4,0,,,,3.2464973628520966e-05,0
stage6_01,1,reference,2,edf,5,0,,,,3.414927050471306e-06,0
stage6_01,1,reference,2,uncertainty,0,2,train:158,train:158,train:158,3.442598972469568e-05,0
stage6_01,1,reference,2,uncertainty,2,2,train:436,train:436,train:436,4.9459049478173256e-05,0
stage6_01,1,reference,2,uncertainty,4,0,,,,1.8691993318498135e-05,0
stage6_01,1,reference,2,uncertainty,5,0,,,,4.573026672005653e-06,0
stage6_01,1,reference,2,greedy,0,2,train:158,train:158,train:158,3.2751006074249744e-05,0
stage6_01,1,reference,2,greedy,2,2,train:436,train:436,train:436,5.055603105574846e-05,0
stage6_01,1,reference,2,greedy,4,0,,,,2.0834035240113735e-05,0
stage6_01,1,reference,2,greedy,5,0,,,,3.6068959161639214e-06,0
stage6_01,1,reference,2,search,0,2,train:158,train:158,train:158,4.1068997234106064e-05,5
stage6_01,1,reference,2,search,2,2,train:436,train:436,train:436,5.771301221102476e-05,5
stage6_01,1,reference,2,search,4,0,,,,3.113900311291218e-05,0
stage6_01,1,reference,2,search,5,0,,,,2.0079314708709717e-06,0
stage6_01,1,reference,2,no_review,0,2,,train:158,train:158,2.9337010346353054e-05,0
stage6_01,1,reference,2,no_review,1,2,,train:436,train:436,3.212294541299343e-05,0
stage6_01,1,reference,2,no_review,2,2,,train:436,train:436,4.729104693979025e-05,0
stage6_01,1,reference,2,no_review,3,2,,train:436,train:436,2.1682935766875744e-05,0
stage6_01,1,reference,2,no_review,4,0,,,,2.1220999769866467e-05,0
stage6_01,1,reference,2,no_review,5,0,,,,4.7549838200211525e-06,0
stage6_01,1,approve_block,1,fcfs,0,2,train:158,train:158,train:158,3.120093606412411e-05,0
stage6_01,1,approve_block,1,fcfs,1,2,train:436,train:436,train:436,2.9700924642384052e-05,0
stage6_01,1,approve_block,1,fcfs,2,1,train:320,train:320,train:320,2.978299744427204e-05,0
stage6_01,1,approve_block,1,fcfs,3,0,,,,5.507026799023151e-06,0
stage6_01,1,approve_block,1,fcfs,4,0,,,,7.110647857189178e-07,0
stage6_01,1,approve_block,1,fcfs,5,0,,,,6.599584594368935e-07,0
stage6_01,1,approve_block,1,edf,0,2,train:158,train:158,train:158,3.2434007152915e-05,0
stage6_01,1,approve_block,1,edf,1,2,train:436,train:436,train:436,3.6514014936983585e-05,0
stage6_01,1,approve_block,1,edf,2,1,train:320,train:320,train:320,3.252399619668722e-05,0
stage6_01,1,approve_block,1,edf,3,0,,,,2.2079329937696457e-06,0
stage6_01,1,approve_block,1,edf,4,0,,,,7.599592208862305e-07,0
stage6_01,1,approve_block,1,edf,5,0,,,,6.93020410835743e-07,0
stage6_01,1,approve_block,1,uncertainty,0,2,train:158,train:158,train:158,3.3383024856448174e-05,0
stage6_01,1,approve_block,1,uncertainty,1,2,train:436,train:436,train:436,3.095099236816168e-05,0
stage6_01,1,approve_block,1,uncertainty,2,1,train:320,train:320,train:320,4.1650026105344296e-05,0
stage6_01,1,approve_block,1,uncertainty,3,0,,,,4.331930540502071e-06,0
stage6_01,1,approve_block,1,uncertainty,4,0,,,,8.150236681103706e-07,0
stage6_01,1,approve_block,1,uncertainty,5,0,,,,7.010530680418015e-07,0
stage6_01,1,approve_block,1,greedy,0,2,train:158,train:158,train:158,3.185798414051533e-05,0
stage6_01,1,approve_block,1,greedy,1,2,train:436,train:436,train:436,2.8166919946670532e-05,0
stage6_01,1,approve_block,1,greedy,2,1,train:320,train:320,train:320,2.1486892364919186e-05,0
stage6_01,1,approve_block,1,greedy,3,0,,,,2.666027285158634e-06,0
stage6_01,1,approve_block,1,greedy,4,0,,,,7.670605555176735e-07,0
stage6_01,1,approve_block,1,greedy,5,0,,,,6.42961822450161e-07,0
stage6_01,1,approve_block,1,search,0,2,train:158,train:158,train:158,4.316098056733608e-05,5
stage6_01,1,approve_block,1,search,1,2,train:436,train:436,train:436,4.040799103677273e-05,5
stage6_01,1,approve_block,1,search,2,1,train:320,train:320,train:320,3.4844037145376205e-05,2
stage6_01,1,approve_block,1,search,3,0,,,,3.2390234991908073e-06,0
stage6_01,1,approve_block,1,search,4,0,,,,6.960472092032433e-07,0
stage6_01,1,approve_block,1,search,5,0,,,,6.540212780237198e-07,0
stage6_01,1,approve_block,1,no_review,0,2,,train:158,train:158,2.9656104743480682e-05,0
stage6_01,1,approve_block,1,no_review,1,3,,train:158,train:158,3.24249267578125e-05,0
stage6_01,1,approve_block,1,no_review,2,2,,train:436,train:436,3.692600876092911e-05,0
stage6_01,1,approve_block,1,no_review,3,2,,train:436,train:436,2.157897688448429e-05,0
stage6_01,1,approve_block,1,no_review,4,2,,train:436,train:436,2.1600979380309582e-05,0
stage6_01,1,approve_block,1,no_review,5,0,,,,5.212030373513699e-06,0
stage6_01,1,approve_block,2,fcfs,0,2,train:158,train:158,train:158,3.041198942810297e-05,0
stage6_01,1,approve_block,2,fcfs,2,2,train:436,train:436,train:436,4.553596954792738e-05,0
stage6_01,1,approve_block,2,fcfs,4,0,,,,4.221999552100897e-05,0
stage6_01,1,approve_block,2,fcfs,5,0,,,,4.3209875002503395e-06,0
stage6_01,1,approve_block,2,edf,0,2,train:158,train:158,train:158,3.2112933695316315e-05,0
stage6_01,1,approve_block,2,edf,2,2,train:436,train:436,train:436,5.0539965741336346e-05,0
stage6_01,1,approve_block,2,edf,4,0,,,,2.642604522407055e-05,0
stage6_01,1,approve_block,2,edf,5,0,,,,3.06800939142704e-06,0
stage6_01,1,approve_block,2,uncertainty,0,2,train:158,train:158,train:158,3.23739368468523e-05,0
stage6_01,1,approve_block,2,uncertainty,2,2,train:436,train:436,train:436,4.185806028544903e-05,0
stage6_01,1,approve_block,2,uncertainty,4,0,,,,3.583298530429602e-05,0
stage6_01,1,approve_block,2,uncertainty,5,0,,,,4.081055521965027e-06,0
stage6_01,1,approve_block,2,greedy,0,2,train:158,train:158,train:158,3.390200436115265e-05,0
stage6_01,1,approve_block,2,greedy,2,2,train:436,train:436,train:436,4.546297714114189e-05,0
stage6_01,1,approve_block,2,greedy,4,0,,,,2.7091009542346e-05,0
stage6_01,1,approve_block,2,greedy,5,0,,,,4.794099368155003e-06,0
stage6_01,1,approve_block,2,search,0,2,train:158,train:158,train:158,4.0740007534623146e-05,5
stage6_01,1,approve_block,2,search,2,2,train:436,train:436,train:436,5.69300027564168e-05,5
stage6_01,1,approve_block,2,search,4,0,,,,2.9006972908973694e-05,0
stage6_01,1,approve_block,2,search,5,0,,,,2.980930730700493e-06,0
stage6_01,1,approve_block,2,no_review,0,2,,train:158,train:158,3.1194998882710934e-05,0
stage6_01,1,approve_block,2,no_review,1,2,,train:436,train:436,3.327196463942528e-05,0
stage6_01,1,approve_block,2,no_review,2,2,,train:436,train:436,4.5067048631608486e-05,0
stage6_01,1,approve_block,2,no_review,3,2,,train:436,train:436,2.2273976355791092e-05,0
stage6_01,1,approve_block,2,no_review,4,0,,,,2.170202787965536e-05,0
stage6_01,1,approve_block,2,no_review,5,0,,,,5.553010851144791e-06,0
stage6_01,1,complexity_time,1,fcfs,0,2,train:158,train:158,train:158,2.8748996555805206e-05,0
stage6_01,1,complexity_time,1,fcfs,1,2,train:436,train:436,train:436,3.371993079781532e-05,0
stage6_01,1,complexity_time,1,fcfs,2,1,train:320,train:320,train:320,2.958101686090231e-05,0
stage6_01,1,complexity_time,1,fcfs,3,0,,,,2.7780188247561455e-06,0
stage6_01,1,complexity_time,1,fcfs,4,0,,,,7.880153134465218e-07,0
stage6_01,1,complexity_time,1,fcfs,5,0,,,,7.00005330145359e-07,0
stage6_01,1,complexity_time,1,edf,0,2,train:158,train:158,train:158,3.2396987080574036e-05,0
stage6_01,1,complexity_time,1,edf,1,2,train:436,train:436,train:436,4.266505129635334e-05,0
stage6_01,1,complexity_time,1,edf,2,1,train:320,train:320,train:320,4.433200228959322e-05,0
stage6_01,1,complexity_time,1,edf,3,0,,,,3.6479905247688293e-06,0
stage6_01,1,complexity_time,1,edf,4,0,,,,7.359776645898819e-07,0
stage6_01,1,complexity_time,1,edf,5,0,,,,7.149064913392067e-07,0
stage6_01,1,complexity_time,1,uncertainty,0,2,train:158,train:158,train:158,3.563903737813234e-05,0
stage6_01,1,complexity_time,1,uncertainty,1,2,train:436,train:436,train:436,2.9888004064559937e-05,0
stage6_01,1,complexity_time,1,uncertainty,2,1,train:320,train:320,train:320,2.325500827282667e-05,0
stage6_01,1,complexity_time,1,uncertainty,3,0,,,,3.663008101284504e-06,0
stage6_01,1,complexity_time,1,uncertainty,4,0,,,,7.660128176212311e-07,0
stage6_01,1,complexity_time,1,uncertainty,5,0,,,,7.139751687645912e-07,0
stage6_01,1,complexity_time,1,greedy,0,2,train:158,train:158,train:158,3.477500285953283e-05,0
stage6_01,1,complexity_time,1,greedy,1,2,train:436,train:436,train:436,3.3090938813984394e-05,0
stage6_01,1,complexity_time,1,greedy,2,1,train:320,train:320,train:320,6.0406047850847244e-05,0
stage6_01,1,complexity_time,1,greedy,3,0,,,,3.320048563182354e-06,0
stage6_01,1,complexity_time,1,greedy,4,0,,,,7.600756362080574e-07,0
stage6_01,1,complexity_time,1,greedy,5,0,,,,6.599584594368935e-07,0
stage6_01,1,complexity_time,1,search,0,2,train:158,train:158,train:158,4.2343977838754654e-05,5
stage6_01,1,complexity_time,1,search,1,2,train:436,train:436,train:436,4.383397754281759e-05,5
stage6_01,1,complexity_time,1,search,2,1,train:320,train:320,train:320,3.031396772712469e-05,2
stage6_01,1,complexity_time,1,search,3,0,,,,4.071975126862526e-06,0
stage6_01,1,complexity_time,1,search,4,0,,,,7.2503462433815e-07,0
stage6_01,1,complexity_time,1,search,5,0,,,,1.0640360414981842e-06,0
stage6_01,1,complexity_time,1,no_review,0,2,,train:158,train:158,3.072002436965704e-05,0
stage6_01,1,complexity_time,1,no_review,1,3,,train:158,train:158,3.3773016184568405e-05,0
stage6_01,1,complexity_time,1,no_review,2,2,,train:436,train:436,3.89699125662446e-05,0
stage6_01,1,complexity_time,1,no_review,3,2,,train:436,train:436,2.165301702916622e-05,0
stage6_01,1,complexity_time,1,no_review,4,2,,train:436,train:436,2.209900412708521e-05,0
stage6_01,1,complexity_time,1,no_review,5,0,,,,2.1640444174408913e-06,0
stage6_01,1,complexity_time,2,fcfs,0,2,train:158,train:158,train:158,3.291596658527851e-05,0
stage6_01,1,complexity_time,2,fcfs,2,2,train:436,train:436,train:436,4.9683963879942894e-05,0
stage6_01,1,complexity_time,2,fcfs,4,0,,,,2.8454000130295753e-05,0
stage6_01,1,complexity_time,2,fcfs,5,0,,,,3.603985533118248e-06,0
stage6_01,1,complexity_time,2,edf,0,2,train:158,train:158,train:158,3.199197817593813e-05,0
stage6_01,1,complexity_time,2,edf,2,2,train:436,train:436,train:436,4.005595110356808e-05,0
stage6_01,1,complexity_time,2,edf,4,0,,,,3.6927987821400166e-05,0
stage6_01,1,complexity_time,2,edf,5,0,,,,3.1730160117149353e-06,0
stage6_01,1,complexity_time,2,uncertainty,0,2,train:158,train:158,train:158,3.3763935789465904e-05,0
stage6_01,1,complexity_time,2,uncertainty,2,2,train:436,train:436,train:436,4.478497430682182e-05,0
stage6_01,1,complexity_time,2,uncertainty,4,0,,,,3.127404488623142e-05,0
stage6_01,1,complexity_time,2,uncertainty,5,0,,,,2.007000148296356e-06,0
stage6_01,1,complexity_time,2,greedy,0,2,train:158,train:158,train:158,3.3190008252859116e-05,0
stage6_01,1,complexity_time,2,greedy,2,2,train:436,train:436,train:436,3.4469994716346264e-05,0
stage6_01,1,complexity_time,2,greedy,4,0,,,,1.9868952222168446e-05,0
stage6_01,1,complexity_time,2,greedy,5,0,,,,2.2070016711950302e-06,0
stage6_01,1,complexity_time,2,search,0,2,train:158,train:158,train:158,5.66879753023386e-05,5
stage6_01,1,complexity_time,2,search,2,2,train:436,train:436,train:436,5.7418947108089924e-05,5
stage6_01,1,complexity_time,2,search,4,0,,,,2.008909359574318e-05,0
stage6_01,1,complexity_time,2,search,5,0,,,,5.078036338090897e-06,0
stage6_01,1,complexity_time,2,no_review,0,2,,train:158,train:158,3.151595592498779e-05,0
stage6_01,1,complexity_time,2,no_review,1,2,,train:436,train:436,3.207405097782612e-05,0
stage6_01,1,complexity_time,2,no_review,2,2,,train:436,train:436,4.2952015064656734e-05,0
stage6_01,1,complexity_time,2,no_review,3,2,,train:436,train:436,2.2607971914112568e-05,0
stage6_01,1,complexity_time,2,no_review,4,0,,,,2.2365013137459755e-05,0
stage6_01,1,complexity_time,2,no_review,5,0,,,,2.868007868528366e-06,0
stage6_01,2,reference,1,fcfs,0,2,train:158,train:158,train:158,3.233109600841999e-05,0
stage6_01,2,reference,1,fcfs,1,2,train:436,train:436,train:436,2.881302498281002e-05,0
stage6_01,2,reference,1,fcfs,2,1,train:320,train:320,train:320,3.826501779258251e-05,0
stage6_01,2,reference,1,fcfs,3,0,,,,4.427041858434677e-06,0
stage6_01,2,reference,1,fcfs,4,0,,,,7.369089871644974e-07,0
stage6_01,2,reference,1,fcfs,5,0,,,,6.710179150104523e-07,0
stage6_01,2,reference,1,edf,0,2,train:158,train:158,train:158,3.198196645826101e-05,0
stage6_01,2,reference,1,edf,1,2,train:436,train:436,train:436,3.4207943826913834e-05,0
stage6_01,2,reference,1,edf,2,1,train:320,train:320,train:320,3.148801624774933e-05,0
stage6_01,2,reference,1,edf,3,0,,,,2.041109837591648e-06,0
stage6_01,2,reference,1,edf,4,0,,,,7.440103217959404e-07,0
stage6_01,2,reference,1,edf,5,0,,,,6.67991116642952e-07,0
stage6_01,2,reference,1,uncertainty,0,2,train:158,train:158,train:158,3.3798045478761196e-05,0
stage6_01,2,reference,1,uncertainty,1,2,train:436,train:436,train:436,3.2093957997858524e-05,0
stage6_01,2,reference,1,uncertainty,2,1,train:320,train:320,train:320,3.3128075301647186e-05,0
stage6_01,2,reference,1,uncertainty,3,0,,,,6.7229848355054855e-06,0
stage6_01,2,reference,1,uncertainty,4,0,,,,7.420312613248825e-07,0
stage6_01,2,reference,1,uncertainty,5,0,,,,6.549526005983353e-07,0
stage6_01,2,reference,1,greedy,0,2,train:158,train:158,train:158,3.363506402820349e-05,0
stage6_01,2,reference,1,greedy,1,2,train:436,train:436,train:436,3.556697629392147e-05,0
stage6_01,2,reference,1,greedy,2,1,train:320,train:320,train:320,3.2230978831648827e-05,0
stage6_01,2,reference,1,greedy,3,0,,,,4.301080480217934e-06,0
stage6_01,2,reference,1,greedy,4,0,,,,7.570488378405571e-07,0
stage6_01,2,reference,1,greedy,5,0,,,,6.658956408500671e-07,0
stage6_01,2,reference,1,search,0,2,train:158,train:158,train:158,4.1357940062880516e-05,5
stage6_01,2,reference,1,search,1,2,train:436,train:436,train:436,3.6232988350093365e-05,5
stage6_01,2,reference,1,search,2,1,train:320,train:320,train:320,4.083896055817604e-05,2
stage6_01,2,reference,1,search,3,0,,,,4.202011041343212e-06,0
stage6_01,2,reference,1,search,4,0,,,,7.17933289706707e-07,0
stage6_01,2,reference,1,search,5,0,,,,6.770715117454529e-07,0
stage6_01,2,reference,1,no_review,0,2,,train:158,train:158,3.0667055398225784e-05,0
stage6_01,2,reference,1,no_review,1,3,,train:158,train:158,3.2439944334328175e-05,0
stage6_01,2,reference,1,no_review,2,2,,train:436,train:436,4.0323007851839066e-05,0
stage6_01,2,reference,1,no_review,3,2,,train:436,train:436,2.207199577242136e-05,0
stage6_01,2,reference,1,no_review,4,2,,train:436,train:436,2.1546962670981884e-05,0
stage6_01,2,reference,1,no_review,5,0,,,,4.298985004425049e-06,0
stage6_01,2,reference,2,fcfs,0,2,train:158,train:158,train:158,3.074505366384983e-05,0
stage6_01,2,reference,2,fcfs,2,2,train:436,train:436,train:436,3.1088944524526596e-05,0
stage6_01,2,reference,2,fcfs,4,0,,,,2.6241992600262165e-05,0
stage6_01,2,reference,2,fcfs,5,0,,,,3.322027623653412e-06,0
stage6_01,2,reference,2,edf,0,2,train:158,train:158,train:158,3.1806062906980515e-05,0
stage6_01,2,reference,2,edf,2,2,train:436,train:436,train:436,4.333397373557091e-05,0
stage6_01,2,reference,2,edf,4,0,,,,3.0681025236845016e-05,0
stage6_01,2,reference,2,edf,5,0,,,,1.8960563465952873e-06,0
stage6_01,2,reference,2,uncertainty,0,2,train:158,train:158,train:158,3.19360988214612e-05,0
stage6_01,2,reference,2,uncertainty,2,2,train:436,train:436,train:436,4.345097113400698e-05,0
stage6_01,2,reference,2,uncertainty,4,0,,,,3.044202458113432e-05,0
stage6_01,2,reference,2,uncertainty,5,0,,,,4.539033398032188e-06,0
stage6_01,2,reference,2,greedy,0,2,train:158,train:158,train:158,3.240292426198721e-05,0
stage6_01,2,reference,2,greedy,2,2,train:436,train:436,train:436,9.092292748391628e-05,0
stage6_01,2,reference,2,greedy,4,0,,,,3.6711920984089375e-05,0
stage6_01,2,reference,2,greedy,5,0,,,,4.015048034489155e-06,0
stage6_01,2,reference,2,search,0,2,train:158,train:158,train:158,4.326296038925648e-05,5
stage6_01,2,reference,2,search,2,2,train:436,train:436,train:436,4.7961948439478874e-05,5
stage6_01,2,reference,2,search,4,0,,,,2.9148999601602554e-05,0
stage6_01,2,reference,2,search,5,0,,,,3.7589343264698982e-06,0
stage6_01,2,reference,2,no_review,0,2,,train:158,train:158,2.8813956305384636e-05,0
stage6_01,2,reference,2,no_review,1,2,,train:436,train:436,3.198196645826101e-05,0
stage6_01,2,reference,2,no_review,2,2,,train:436,train:436,4.68279467895627e-05,0
stage6_01,2,reference,2,no_review,3,2,,train:436,train:436,2.230703830718994e-05,0
stage6_01,2,reference,2,no_review,4,0,,,,2.098502591252327e-05,0
stage6_01,2,reference,2,no_review,5,0,,,,4.79002483189106e-06,0
stage6_01,2,approve_block,1,fcfs,0,2,train:158,train:158,train:158,3.0479044653475285e-05,0
stage6_01,2,approve_block,1,fcfs,1,2,train:436,train:436,train:436,3.07220034301281e-05,0
stage6_01,2,approve_block,1,fcfs,2,1,train:320,train:320,train:320,5.713303107768297e-05,0
stage6_01,2,approve_block,1,fcfs,3,0,,,,3.912951797246933e-06,0
stage6_01,2,approve_block,1,fcfs,4,0,,,,7.50063918530941e-07,0
stage6_01,2,approve_block,1,fcfs,5,0,,,,7.209600880742073e-07,0
stage6_01,2,approve_block,1,edf,0,2,train:158,train:158,train:158,5.768600385636091e-05,0
stage6_01,2,approve_block,1,edf,1,2,train:436,train:436,train:436,3.4921104088425636e-05,0
stage6_01,2,approve_block,1,edf,2,1,train:320,train:320,train:320,3.302807454019785e-05,0
stage6_01,2,approve_block,1,edf,3,0,,,,3.2730167731642723e-06,0
stage6_01,2,approve_block,1,edf,4,0,,,,7.790513336658478e-07,0
stage6_01,2,approve_block,1,edf,5,0,,,,7.270136848092079e-07,0
stage6_01,2,approve_block,1,uncertainty,0,2,train:158,train:158,train:158,3.3659045584499836e-05,0
stage6_01,2,approve_block,1,uncertainty,1,2,train:436,train:436,train:436,3.1900941394269466e-05,0
stage6_01,2,approve_block,1,uncertainty,2,1,train:320,train:320,train:320,3.9199949242174625e-05,0
stage6_01,2,approve_block,1,uncertainty,3,0,,,,4.288041964173317e-06,0
stage6_01,2,approve_block,1,uncertainty,4,0,,,,7.349299266934395e-07,0
stage6_01,2,approve_block,1,uncertainty,5,0,,,,6.799818947911263e-07,0
stage6_01,2,approve_block,1,greedy,0,2,train:158,train:158,train:158,3.5035889595746994e-05,0
stage6_01,2,approve_block,1,greedy,1,2,train:436,train:436,train:436,3.077695146203041e-05,0
stage6_01,2,approve_block,1,greedy,2,1,train:320,train:320,train:320,3.0874041840434074e-05,0
stage6_01,2,approve_block,1,greedy,3,0,,,,2.9209768399596214e-06,0
stage6_01,2,approve_block,1,greedy,4,0,,,,7.299240678548813e-07,0
stage6_01,2,approve_block,1,greedy,5,0,,,,6.980262696743011e-07,0
stage6_01,2,approve_block,1,search,0,2,train:158,train:158,train:158,4.344398621469736e-05,5
stage6_01,2,approve_block,1,search,1,2,train:436,train:436,train:436,4.394503775984049e-05,5
stage6_01,2,approve_block,1,search,2,1,train:320,train:320,train:320,4.6598026528954506e-05,2
stage6_01,2,approve_block,1,search,3,0,,,,3.2549723982810974e-06,0
stage6_01,2,approve_block,1,search,4,0,,,,7.209600880742073e-07,0
stage6_01,2,approve_block,1,search,5,0,,,,6.479676812887192e-07,0
stage6_01,2,approve_block,1,no_review,0,2,,train:158,train:158,3.0520022846758366e-05,0
stage6_01,2,approve_block,1,no_review,1,3,,train:158,train:158,3.270304296165705e-05,0
stage6_01,2,approve_block,1,no_review,2,2,,train:436,train:436,4.175701178610325e-05,0
stage6_01,2,approve_block,1,no_review,3,2,,train:436,train:436,2.2351974621415138e-05,0
stage6_01,2,approve_block,1,no_review,4,2,,train:436,train:436,2.244499046355486e-05,0
stage6_01,2,approve_block,1,no_review,5,0,,,,4.089088179171085e-06,0
stage6_01,2,approve_block,2,fcfs,0,2,train:158,train:158,train:158,3.345299046486616e-05,0
stage6_01,2,approve_block,2,fcfs,2,2,train:436,train:436,train:436,4.66969795525074e-05,0
stage6_01,2,approve_block,2,fcfs,4,0,,,,3.516906872391701e-05,0
stage6_01,2,approve_block,2,fcfs,5,0,,,,3.3579999580979347e-06,0
stage6_01,2,approve_block,2,edf,0,2,train:158,train:158,train:158,3.2510957680642605e-05,0
stage6_01,2,approve_block,2,edf,2,2,train:436,train:436,train:436,3.954803105443716e-05,0
stage6_01,2,approve_block,2,edf,4,0,,,,3.088405355811119e-05,0
stage6_01,2,approve_block,2,edf,5,0,,,,2.4030450731515884e-06,0
stage6_01,2,approve_block,2,uncertainty,0,2,train:158,train:158,train:158,3.459199797362089e-05,0
stage6_01,2,approve_block,2,uncertainty,2,2,train:436,train:436,train:436,4.80778981000185e-05,0
stage6_01,2,approve_block,2,uncertainty,4,0,,,,2.530100755393505e-05,0
stage6_01,2,approve_block,2,uncertainty,5,0,,,,5.5620912462472916e-06,0
stage6_01,2,approve_block,2,greedy,0,2,train:158,train:158,train:158,3.3596064895391464e-05,0
stage6_01,2,approve_block,2,greedy,2,2,train:436,train:436,train:436,5.978299304842949e-05,0
stage6_01,2,approve_block,2,greedy,4,0,,,,3.138394095003605e-05,0
stage6_01,2,approve_block,2,greedy,5,0,,,,3.376975655555725e-06,0
stage6_01,2,approve_block,2,search,0,2,train:158,train:158,train:158,4.201300907880068e-05,5
stage6_01,2,approve_block,2,search,2,2,train:436,train:436,train:436,5.048094317317009e-05,5
stage6_01,2,approve_block,2,search,4,0,,,,3.2945070415735245e-05,0
stage6_01,2,approve_block,2,search,5,0,,,,2.2350577637553215e-06,0
stage6_01,2,approve_block,2,no_review,0,2,,train:158,train:158,2.9843999072909355e-05,0
stage6_01,2,approve_block,2,no_review,1,2,,train:436,train:436,3.168394323438406e-05,0
stage6_01,2,approve_block,2,no_review,2,2,,train:436,train:436,3.926397766917944e-05,0
stage6_01,2,approve_block,2,no_review,3,2,,train:436,train:436,2.1929037757217884e-05,0
stage6_01,2,approve_block,2,no_review,4,0,,,,2.1666986867785454e-05,0
stage6_01,2,approve_block,2,no_review,5,0,,,,5.261972546577454e-06,0
stage6_01,2,complexity_time,1,fcfs,0,2,train:158,train:158,train:158,2.9150978662073612e-05,0
stage6_01,2,complexity_time,1,fcfs,1,2,train:436,train:436,train:436,2.8316047973930836e-05,0
stage6_01,2,complexity_time,1,fcfs,2,1,train:320,train:320,train:320,3.841705620288849e-05,0
stage6_01,2,complexity_time,1,fcfs,3,0,,,,3.0980445444583893e-06,0
stage6_01,2,complexity_time,1,fcfs,4,0,,,,7.139751687645912e-07,0
stage6_01,2,complexity_time,1,fcfs,5,0,,,,6.710179150104523e-07,0
stage6_01,2,complexity_time,1,edf,0,2,train:158,train:158,train:158,3.4223892726004124e-05,0
stage6_01,2,complexity_time,1,edf,1,2,train:436,train:436,train:436,3.333797212690115e-05,0
stage6_01,2,complexity_time,1,edf,2,1,train:320,train:320,train:320,2.9528047889471054e-05,0
stage6_01,2,complexity_time,1,edf,3,0,,,,7.95791856944561e-06,0
stage6_01,2,complexity_time,1,edf,4,0,,,,1.3239914551377296e-06,0
stage6_01,2,complexity_time,1,edf,5,0,,,,1.3960525393486023e-06,0
stage6_01,2,complexity_time,1,uncertainty,0,2,train:158,train:158,train:158,3.284600097686052e-05,0
stage6_01,2,complexity_time,1,uncertainty,1,2,train:436,train:436,train:436,4.8039015382528305e-05,0
stage6_01,2,complexity_time,1,uncertainty,2,1,train:320,train:320,train:320,4.025595262646675e-05,0
stage6_01,2,complexity_time,1,uncertainty,3,0,,,,2.7189962565898895e-06,0
stage6_01,2,complexity_time,1,uncertainty,4,0,,,,1.3689277693629265e-06,0
stage6_01,2,complexity_time,1,uncertainty,5,0,,,,1.1159572750329971e-06,0
stage6_01,2,complexity_time,1,greedy,0,2,train:158,train:158,train:158,4.297192208468914e-05,0
stage6_01,2,complexity_time,1,greedy,1,2,train:436,train:436,train:436,3.2818992622196674e-05,0
stage6_01,2,complexity_time,1,greedy,2,1,train:320,train:320,train:320,3.657303750514984e-05,0
stage6_01,2,complexity_time,1,greedy,3,0,,,,2.516084350645542e-06,0
stage6_01,2,complexity_time,1,greedy,4,0,,,,7.440103217959404e-07,0
stage6_01,2,complexity_time,1,greedy,5,0,,,,6.67991116642952e-07,0
stage6_01,2,complexity_time,1,search,0,2,train:158,train:158,train:158,4.572200123220682e-05,5
stage6_01,2,complexity_time,1,search,1,2,train:436,train:436,train:436,7.351895328611135e-05,5
stage6_01,2,complexity_time,1,search,2,1,train:320,train:320,train:320,3.999308682978153e-05,2
stage6_01,2,complexity_time,1,search,3,0,,,,7.394002750515938e-06,0
stage6_01,2,complexity_time,1,search,4,0,,,,1.5649711713194847e-06,0
stage6_01,2,complexity_time,1,search,5,0,,,,1.4310935512185097e-06,0
stage6_01,2,complexity_time,1,no_review,0,2,,train:158,train:158,3.019592259079218e-05,0
stage6_01,2,complexity_time,1,no_review,1,3,,train:158,train:158,3.2498035579919815e-05,0
stage6_01,2,complexity_time,1,no_review,2,2,,train:436,train:436,4.2082974687218666e-05,0
stage6_01,2,complexity_time,1,no_review,3,2,,train:436,train:436,2.2119958885014057e-05,0
stage6_01,2,complexity_time,1,no_review,4,2,,train:436,train:436,2.1341023966670036e-05,0
stage6_01,2,complexity_time,1,no_review,5,0,,,,8.576083928346634e-06,0
stage6_01,2,complexity_time,2,fcfs,0,2,train:158,train:158,train:158,3.022700548171997e-05,0
stage6_01,2,complexity_time,2,fcfs,2,2,train:436,train:436,train:436,3.09039605781436e-05,0
stage6_01,2,complexity_time,2,fcfs,4,0,,,,2.263300120830536e-05,0
stage6_01,2,complexity_time,2,fcfs,5,0,,,,4.181987605988979e-06,0
stage6_01,2,complexity_time,2,edf,0,2,train:158,train:158,train:158,3.473798278719187e-05,0
stage6_01,2,complexity_time,2,edf,2,2,train:436,train:436,train:436,4.964391700923443e-05,0
stage6_01,2,complexity_time,2,edf,4,0,,,,2.9320945031940937e-05,0
stage6_01,2,complexity_time,2,edf,5,0,,,,4.632049240171909e-06,0
stage6_01,2,complexity_time,2,uncertainty,0,2,train:158,train:158,train:158,3.347499296069145e-05,0
stage6_01,2,complexity_time,2,uncertainty,2,2,train:436,train:436,train:436,4.718196578323841e-05,0
stage6_01,2,complexity_time,2,uncertainty,4,0,,,,2.9910006560385227e-05,0
stage6_01,2,complexity_time,2,uncertainty,5,0,,,,2.3479806259274483e-06,0
stage6_01,2,complexity_time,2,greedy,0,2,train:158,train:158,train:158,3.7183985114097595e-05,0
stage6_01,2,complexity_time,2,greedy,2,2,train:436,train:436,train:436,4.885205999016762e-05,0
stage6_01,2,complexity_time,2,greedy,4,0,,,,2.924900036305189e-05,0
stage6_01,2,complexity_time,2,greedy,5,0,,,,4.9050431698560715e-06,0
stage6_01,2,complexity_time,2,search,0,2,train:158,train:158,train:158,4.137703217566013e-05,5
stage6_01,2,complexity_time,2,search,2,2,train:436,train:436,train:436,6.0469028539955616e-05,5
stage6_01,2,complexity_time,2,search,4,0,,,,2.44450056925416e-05,0
stage6_01,2,complexity_time,2,search,5,0,,,,2.599903382360935e-06,0
stage6_01,2,complexity_time,2,no_review,0,2,,train:158,train:158,3.230199217796326e-05,0
stage6_01,2,complexity_time,2,no_review,1,2,,train:436,train:436,3.189407289028168e-05,0
stage6_01,2,complexity_time,2,no_review,2,2,,train:436,train:436,4.509999416768551e-05,0
stage6_01,2,complexity_time,2,no_review,3,2,,train:436,train:436,2.2303080186247826e-05,0
stage6_01,2,complexity_time,2,no_review,4,0,,,,2.1210056729614735e-05,0
stage6_01,2,complexity_time,2,no_review,5,0,,,,4.668952897191048e-06,0
stage6_02,0,reference,2,edf,0,2,train:162,train:162,train:162,3.284995909780264e-05,0
stage6_02,0,reference,2,edf,2,1,train:323,train:323,train:323,2.294208388775587e-05,0
stage6_02,0,reference,2,edf,4,0,,,,2.495013177394867e-06,0
stage6_02,0,reference,2,edf,5,0,,,,7.309718057513237e-07,0
stage6_02,0,reference,2,uncertainty,0,2,train:162,train:162,train:162,3.412901423871517e-05,0
stage6_02,0,reference,2,uncertainty,2,1,train:323,train:323,train:323,3.3347983844578266e-05,0
stage6_02,0,reference,2,uncertainty,4,0,,,,3.6869896575808525e-06,0
stage6_02,0,reference,2,uncertainty,5,0,,,,6.899936124682426e-07,0
stage6_02,0,reference,2,greedy,0,2,train:162,train:162,train:162,3.4008058719336987e-05,0
stage6_02,0,reference,2,greedy,2,1,train:323,train:323,train:323,3.092095721513033e-05,0
stage6_02,0,reference,2,greedy,4,0,,,,3.405963070690632e-06,0
stage6_02,0,reference,2,greedy,5,0,,,,7.209600880742073e-07,0
stage6_02,0,reference,2,search,0,2,train:162,train:162,train:162,3.9746053516864777e-05,5
stage6_02,0,reference,2,search,2,1,train:323,train:323,train:323,2.4444074369966984e-05,2
stage6_02,0,reference,2,search,4,0,,,,1.9979197531938553e-06,0
stage6_02,0,reference,2,search,5,0,,,,7.459893822669983e-07,0
stage6_02,0,reference,2,no_review,0,2,,train:162,train:162,2.9080896638333797e-05,0
stage6_02,0,reference,2,no_review,1,1,,train:323,train:323,2.1442072466015816e-05,0
stage6_02,0,reference,2,no_review,2,1,,train:323,train:323,2.1085957996547222e-05,0
stage6_02,0,reference,2,no_review,3,1,,train:323,train:323,1.187704037874937e-05,0
stage6_02,0,reference,2,no_review,4,0,,,,1.140497624874115e-05,0
stage6_02,0,reference,2,no_review,5,0,,,,5.366979166865349e-06,0
stage6_02,0,reference,2,fcfs,0,2,train:162,train:162,train:162,3.068393561989069e-05,0
stage6_02,0,reference,2,fcfs,2,1,train:323,train:323,train:323,3.382295835763216e-05,0
stage6_02,0,reference,2,fcfs,4,0,,,,3.719935193657875e-06,0
stage6_02,0,reference,2,fcfs,5,0,,,,7.59027898311615e-07,0
stage6_02,0,reference,1,edf,0,2,train:162,train:162,train:162,3.178906626999378e-05,0
stage6_02,0,reference,1,edf,1,1,train:323,train:323,train:323,3.5062083043158054e-05,0
stage6_02,0,reference,1,edf,2,0,,,,4.3869949877262115e-06,0
stage6_02,0,reference,1,edf,3,0,,,,7.560010999441147e-07,0
stage6_02,0,reference,1,edf,4,0,,,,6.830086931586266e-07,0
stage6_02,0,reference,1,edf,5,0,,,,6.629852578043938e-07,0
stage6_02,0,reference,1,uncertainty,0,2,train:162,train:162,train:162,3.294192720204592e-05,0
stage6_02,0,reference,1,uncertainty,1,1,train:323,train:323,train:323,3.084610216319561e-05,0
stage6_02,0,reference,1,uncertainty,2,0,,,,6.3820043578743935e-06,0
stage6_02,0,reference,1,uncertainty,3,0,,,,7.2503462433815e-07,0
stage6_02,0,reference,1,uncertainty,4,0,,,,6.629852578043938e-07,0
stage6_02,0,reference,1,uncertainty,5,0,,,,6.970949470996857e-07,0
stage6_02,0,reference,1,greedy,0,2,train:162,train:162,train:162,3.456103149801493e-05,0
stage6_02,0,reference,1,greedy,1,1,train:323,train:323,train:323,2.8725946322083473e-05,0
stage6_02,0,reference,1,greedy,2,0,,,,4.595029167830944e-06,0
stage6_02,0,reference,1,greedy,3,0,,,,6.989575922489166e-07,0
stage6_02,0,reference,1,greedy,4,0,,,,6.92903995513916e-07,0
stage6_02,0,reference,1,greedy,5,0,,,,7.189810276031494e-07,0
stage6_02,0,reference,1,search,0,2,train:162,train:162,train:162,4.1372026316821575e-05,5
stage6_02,0,reference,1,search,1,1,train:323,train:323,train:323,5.276198498904705e-05,2
stage6_02,0,reference,1,search,2,0,,,,4.73496038466692e-06,0
stage6_02,0,reference,1,search,3,0,,,,8.769566193223e-07,0
stage6_02,0,reference,1,search,4,0,,,,6.809132173657417e-07,0
stage6_02,0,reference,1,search,5,0,,,,6.770715117454529e-07,0
stage6_02,0,reference,1,no_review,0,2,,train:162,train:162,2.9187067411839962e-05,0
stage6_02,0,reference,1,no_review,1,2,,train:162,train:162,2.233590930700302e-05,0
stage6_02,0,reference,1,no_review,2,1,,train:323,train:323,3.07129230350256e-05,0
stage6_02,0,reference,1,no_review,3,1,,train:323,train:323,1.183792483061552e-05,0
stage6_02,0,reference,1,no_review,4,1,,train:323,train:323,1.1925003491342068e-05,0
stage6_02,0,reference,1,no_review,5,0,,,,3.564986400306225e-06,0
stage6_02,0,reference,1,fcfs,0,2,train:162,train:162,train:162,3.86600149795413e-05,0
stage6_02,0,reference,1,fcfs,1,1,train:323,train:323,train:323,3.453402314335108e-05,0
stage6_02,0,reference,1,fcfs,2,0,,,,3.4259865060448647e-06,0
stage6_02,0,reference,1,fcfs,3,0,,,,7.270136848092079e-07,0
stage6_02,0,reference,1,fcfs,4,0,,,,6.660120561718941e-07,0
stage6_02,0,reference,1,fcfs,5,0,,,,7.150229066610336e-07,0
stage6_02,0,approve_block,2,edf,0,2,train:162,train:162,train:162,3.220303915441036e-05,0
stage6_02,0,approve_block,2,edf,2,1,train:323,train:323,train:323,2.2570020519196987e-05,0
stage6_02,0,approve_block,2,edf,4,0,,,,2.3531029000878334e-06,0
stage6_02,0,approve_block,2,edf,5,0,,,,8.039642125368118e-07,0
stage6_02,0,approve_block,2,uncertainty,0,2,train:162,train:162,train:162,3.318896051496267e-05,0
stage6_02,0,approve_block,2,uncertainty,2,1,train:323,train:323,train:323,2.6020104996860027e-05,0
stage6_02,0,approve_block,2,uncertainty,4,0,,,,4.360917955636978e-06,0
stage6_02,0,approve_block,2,uncertainty,5,0,,,,7.00005330145359e-07,0
stage6_02,0,approve_block,2,greedy,0,2,train:162,train:162,train:162,3.361294511705637e-05,0
stage6_02,0,approve_block,2,greedy,2,1,train:323,train:323,train:323,2.5904038920998573e-05,0
stage6_02,0,approve_block,2,greedy,4,0,,,,2.00001522898674e-06,0
stage6_02,0,approve_block,2,greedy,5,0,,,,7.869675755500793e-07,0
stage6_02,0,approve_block,2,search,0,2,train:162,train:162,train:162,9.199499618262053e-05,5
stage6_02,0,approve_block,2,search,2,1,train:323,train:323,train:323,3.928295336663723e-05,2
stage6_02,0,approve_block,2,search,4,0,,,,4.030996933579445e-06,0
stage6_02,0,approve_block,2,search,5,0,,,,7.259659469127655e-07,0
stage6_02,0,approve_block,2,no_review,0,2,,train:162,train:162,2.935808151960373e-05,0
stage6_02,0,approve_block,2,no_review,1,1,,train:323,train:323,2.1838932298123837e-05,0
stage6_02,0,approve_block,2,no_review,2,1,,train:323,train:323,2.6494963094592094e-05,0
stage6_02,0,approve_block,2,no_review,3,1,,train:323,train:323,1.2245029211044312e-05,0
stage6_02,0,approve_block,2,no_review,4,0,,,,1.1604046449065208e-05,0
stage6_02,0,approve_block,2,no_review,5,0,,,,5.524954758584499e-06,0
stage6_02,0,approve_block,2,fcfs,0,2,train:162,train:162,train:162,3.3523072488605976e-05,0
stage6_02,0,approve_block,2,fcfs,2,1,train:323,train:323,train:323,3.260502126067877e-05,0
stage6_02,0,approve_block,2,fcfs,4,0,,,,3.0490336939692497e-06,0
stage6_02,0,approve_block,2,fcfs,5,0,,,,7.760245352983475e-07,0
stage6_02,0,approve_block,1,edf,0,2,train:162,train:162,train:162,3.282295074313879e-05,0
stage6_02,0,approve_block,1,edf,1,1,train:323,train:323,train:323,4.8893969506025314e-05,0
stage6_02,0,approve_block,1,edf,2,0,,,,3.4050317481160164e-06,0
stage6_02,0,approve_block,1,edf,3,0,,,,7.689232006669044e-07,0
stage6_02,0,approve_block,1,edf,4,0,,,,6.520422175526619e-07,0
stage6_02,0,approve_block,1,edf,5,0,,,,6.619375199079514e-07,0
stage6_02,0,approve_block,1,uncertainty,0,2,train:162,train:162,train:162,3.2060896046459675e-05,0
stage6_02,0,approve_block,1,uncertainty,1,1,train:323,train:323,train:323,2.2900989279150963e-05,0
stage6_02,0,approve_block,1,uncertainty,2,0,,,,3.894907422363758e-06,0
stage6_02,0,approve_block,1,uncertainty,3,0,,,,6.84056431055069e-07,0
stage6_02,0,approve_block,1,uncertainty,4,0,,,,7.030321285128593e-07,0
stage6_02,0,approve_block,1,uncertainty,5,0,,,,6.570480763912201e-07,0
stage6_02,0,approve_block,1,greedy,0,2,train:162,train:162,train:162,3.3806078135967255e-05,0
stage6_02,0,approve_block,1,greedy,1,1,train:323,train:323,train:323,5.689007230103016e-05,0
stage6_02,0,approve_block,1,greedy,2,0,,,,4.285946488380432e-06,0
stage6_02,0,approve_block,1,greedy,3,0,,,,7.279450073838234e-07,0
stage6_02,0,approve_block,1,greedy,4,0,,,,6.709014996886253e-07,0
stage6_02,0,approve_block,1,greedy,5,0,,,,6.780028343200684e-07,0
stage6_02,0,approve_block,1,search,0,2,train:162,train:162,train:162,5.6702992878854275e-05,5
stage6_02,0,approve_block,1,search,1,1,train:323,train:323,train:323,3.915198612958193e-05,2
stage6_02,0,approve_block,1,search,2,0,,,,3.4759286791086197e-06,0
stage6_02,0,approve_block,1,search,3,0,,,,7.379567250609398e-07,0
stage6_02,0,approve_block,1,search,4,0,,,,6.869668141007423e-07,0
stage6_02,0,approve_block,1,search,5,0,,,,7.100170478224754e-07,0
stage6_02,0,approve_block,1,no_review,0,2,,train:162,train:162,2.9011978767812252e-05,0
stage6_02,0,approve_block,1,no_review,1,2,,train:162,train:162,2.264592330902815e-05,0
stage6_02,0,approve_block,1,no_review,2,1,,train:323,train:323,2.5787041522562504e-05,0
stage6_02,0,approve_block,1,no_review,3,1,,train:323,train:323,1.2087984941899776e-05,0
stage6_02,0,approve_block,1,no_review,4,1,,train:323,train:323,1.1723022907972336e-05,0
stage6_02,0,approve_block,1,no_review,5,0,,,,3.597000613808632e-06,0
stage6_02,0,approve_block,1,fcfs,0,2,train:162,train:162,train:162,3.0384049750864506e-05,0
stage6_02,0,approve_block,1,fcfs,1,1,train:323,train:323,train:323,4.0297978557646275e-05,0
stage6_02,0,approve_block,1,fcfs,2,0,,,,3.372086212038994e-06,0
stage6_02,0,approve_block,1,fcfs,3,0,,,,7.279450073838234e-07,0
stage6_02,0,approve_block,1,fcfs,4,0,,,,6.719492375850677e-07,0
stage6_02,0,approve_block,1,fcfs,5,0,,,,6.600748747587204e-07,0
stage6_02,0,complexity_time,2,edf,0,2,train:162,train:162,train:162,3.314996138215065e-05,0
stage6_02,0,complexity_time,2,edf,2,1,train:323,train:323,train:323,4.084897227585316e-05,0
stage6_02,0,complexity_time,2,edf,4,0,,,,5.893991328775883e-06,0
stage6_02,0,complexity_time,2,edf,5,0,,,,7.710186764597893e-07,0
stage6_02,0,complexity_time,2,uncertainty,0,2,train:162,train:162,train:162,3.279908560216427e-05,0
stage6_02,0,complexity_time,2,uncertainty,2,1,train:323,train:323,train:323,4.030007403343916e-05,0
stage6_02,0,complexity_time,2,uncertainty,4,0,,,,5.590962246060371e-06,0
stage6_02,0,complexity_time,2,uncertainty,5,0,,,,7.919734343886375e-07,0
stage6_02,0,complexity_time,2,greedy,0,2,train:162,train:162,train:162,5.065405275672674e-05,0
stage6_02,0,complexity_time,2,greedy,2,1,train:323,train:323,train:323,3.829505294561386e-05,0
stage6_02,0,complexity_time,2,greedy,4,0,,,,3.744964487850666e-06,0
stage6_02,0,complexity_time,2,greedy,5,0,,,,7.729977369308472e-07,0
stage6_02,0,complexity_time,2,search,0,2,train:162,train:162,train:162,3.997806925326586e-05,5
stage6_02,0,complexity_time,2,search,2,1,train:323,train:323,train:323,2.5656074285507202e-05,2
stage6_02,0,complexity_time,2,search,4,0,,,,3.53099312633276e-06,0
stage6_02,0,complexity_time,2,search,5,0,,,,7.200287654995918e-07,0
stage6_02,0,complexity_time,2,no_review,0,2,,train:162,train:162,2.9608956538140774e-05,0
stage6_02,0,complexity_time,2,no_review,1,1,,train:323,train:323,2.276699524372816e-05,0
stage6_02,0,complexity_time,2,no_review,2,1,,train:323,train:323,3.233295865356922e-05,0
stage6_02,0,complexity_time,2,no_review,3,1,,train:323,train:323,1.2245029211044312e-05,0
stage6_02,0,complexity_time,2,no_review,4,0,,,,1.149193849414587e-05,0
stage6_02,0,complexity_time,2,no_review,5,0,,,,4.157074727118015e-06,0
stage6_02,0,complexity_time,2,fcfs,0,2,train:162,train:162,train:162,3.0223047360777855e-05,0
stage6_02,0,complexity_time,2,fcfs,2,1,train:323,train:323,train:323,3.144401125609875e-05,0
stage6_02,0,complexity_time,2,fcfs,4,0,,,,4.050089046359062e-06,0
stage6_02,0,complexity_time,2,fcfs,5,0,,,,7.610069587826729e-07,0
stage6_02,0,complexity_time,1,edf,0,2,train:162,train:162,train:162,3.3078016713261604e-05,0
stage6_02,0,complexity_time,1,edf,1,1,train:323,train:323,train:323,3.982195630669594e-05,0
stage6_02,0,complexity_time,1,edf,2,0,,,,2.5799963623285294e-06,0
stage6_02,0,complexity_time,1,edf,3,0,,,,7.119961082935333e-07,0
stage6_02,0,complexity_time,1,edf,4,0,,,,6.649643182754517e-07,0
stage6_02,0,complexity_time,1,edf,5,0,,,,6.819609552621841e-07,0
stage6_02,0,complexity_time,1,uncertainty,0,2,train:162,train:162,train:162,3.413902595639229e-05,0
stage6_02,0,complexity_time,1,uncertainty,1,1,train:323,train:323,train:323,3.356393426656723e-05,0
stage6_02,0,complexity_time,1,uncertainty,2,0,,,,3.907014615833759e-06,0
stage6_02,0,complexity_time,1,uncertainty,3,0,,,,7.600756362080574e-07,0
stage6_02,0,complexity_time,1,uncertainty,4,0,,,,6.59027136862278e-07,0
stage6_02,0,complexity_time,1,uncertainty,5,0,,,,6.83940015733242e-07,0
stage6_02,0,complexity_time,1,greedy,0,2,train:162,train:162,train:162,3.463693428784609e-05,0
stage6_02,0,complexity_time,1,greedy,1,1,train:323,train:323,train:323,3.372796345502138e-05,0
stage6_02,0,complexity_time,1,greedy,2,0,,,,4.629022441804409e-06,0
stage6_02,0,complexity_time,1,greedy,3,0,,,,7.470371201634407e-07,0
stage6_02,0,complexity_time,1,greedy,4,0,,,,6.58910721540451e-07,0
stage6_02,0,complexity_time,1,greedy,5,0,,,,6.890622898936272e-07,0
stage6_02,0,complexity_time,1,search,0,2,train:162,train:162,train:162,5.024997517466545e-05,5
stage6_02,0,complexity_time,1,search,1,1,train:323,train:323,train:323,4.6618981286883354e-05,2
stage6_02,0,complexity_time,1,search,2,0,,,,3.388035111129284e-06,0
stage6_02,0,complexity_time,1,search,3,0,,,,7.130438461899757e-07,0
stage6_02,0,complexity_time,1,search,4,0,,,,6.83940015733242e-07,0
stage6_02,0,complexity_time,1,search,5,0,,,,7.309718057513237e-07,0
stage6_02,0,complexity_time,1,no_review,0,2,,train:162,train:162,3.010896034538746e-05,0
stage6_02,0,complexity_time,1,no_review,1,2,,train:162,train:162,2.1787011064589024e-05,0
stage6_02,0,complexity_time,1,no_review,2,1,,train:323,train:323,3.978097811341286e-05,0
stage6_02,0,complexity_time,1,no_review,3,1,,train:323,train:323,1.199101097881794e-05,0
stage6_02,0,complexity_time,1,no_review,4,1,,train:323,train:323,1.17539893835783e-05,0
stage6_02,0,complexity_time,1,no_review,5,0,,,,3.881985321640968e-06,0
stage6_02,0,complexity_time,1,fcfs,0,2,train:162,train:162,train:162,3.3403048291802406e-05,0
stage6_02,0,complexity_time,1,fcfs,1,1,train:323,train:323,train:323,3.4486991353332996e-05,0
stage6_02,0,complexity_time,1,fcfs,2,0,,,,3.3510150387883186e-06,0
stage6_02,0,complexity_time,1,fcfs,3,0,,,,7.639173418283463e-07,0
stage6_02,0,complexity_time,1,fcfs,4,0,,,,6.608897820115089e-07,0
stage6_02,0,complexity_time,1,fcfs,5,0,,,,6.780028343200684e-07,0
stage6_02,1,reference,2,edf,0,1,train:162,train:162,train:162,2.0544975996017456e-05,0
stage6_02,1,reference,2,edf,2,0,,,,3.1510135158896446e-06,0
stage6_02,1,reference,2,edf,3,0,,,,8.09086486697197e-07,0
stage6_02,1,reference,2,edf,4,0,,,,6.778864189982414e-07,0
stage6_02,1,reference,2,edf,5,0,,,,6.830086931586266e-07,0
stage6_02,1,reference,2,uncertainty,0,1,train:162,train:162,train:162,2.103706356137991e-05,0
stage6_02,1,reference,2,uncertainty,2,0,,,,3.606081008911133e-06,0
stage6_02,1,reference,2,uncertainty,3,0,,,,7.849885150790215e-07,0
stage6_02,1,reference,2,uncertainty,4,0,,,,6.560003384947777e-07,0
stage6_02,1,reference,2,uncertainty,5,0,,,,6.819609552621841e-07,0
stage6_02,1,reference,2,greedy,0,1,train:162,train:162,train:162,2.1848012693226337e-05,0
stage6_02,1,reference,2,greedy,2,0,,,,7.334980182349682e-06,0
stage6_02,1,reference,2,greedy,3,0,,,,1.2409873306751251e-06,0
stage6_02,1,reference,2,greedy,4,0,,,,1.0479707270860672e-06,0
stage6_02,1,reference,2,greedy,5,0,,,,1.1670636013150215e-06,0
stage6_02,1,reference,2,search,0,1,train:162,train:162,train:162,3.158894833177328e-05,2
stage6_02,1,reference,2,search,2,0,,,,3.1050294637680054e-06,0
stage6_02,1,reference,2,search,3,0,,,,7.279450073838234e-07,0
stage6_02,1,reference,2,search,4,0,,,,6.499467417597771e-07,0
stage6_02,1,reference,2,search,5,0,,,,6.919726729393005e-07,0
stage6_02,1,reference,2,no_review,0,1,,train:162,train:162,1.9638915546238422e-05,0
stage6_02,1,reference,2,no_review,1,0,,,,1.242698635905981e-05,0
stage6_02,1,reference,2,no_review,2,0,,,,3.7890858948230743e-06,0
stage6_02,1,reference,2,no_review,3,0,,,,7.08969309926033e-07,0
stage6_02,1,reference,2,no_review,4,0,,,,6.390037015080452e-07,0
stage6_02,1,reference,2,no_review,5,0,,,,6.449408829212189e-07,0
stage6_02,1,reference,2,fcfs,0,1,train:162,train:162,train:162,2.0870007574558258e-05,0
stage6_02,1,reference,2,fcfs,2,0,,,,3.5509001463651657e-06,0
stage6_02,1,reference,2,fcfs,3,0,,,,7.259659469127655e-07,0
stage6_02,1,reference,2,fcfs,4,0,,,,6.549526005983353e-07,0
stage6_02,1,reference,2,fcfs,5,0,,,,6.570480763912201e-07,0
stage6_02,1,reference,1,edf,0,1,train:162,train:162,train:162,2.1336018107831478e-05,0
stage6_02,1,reference,1,edf,1,0,,,,4.590023308992386e-06,0
stage6_02,1,reference,1,edf,2,0,,,,7.849885150790215e-07,0
stage6_02,1,reference,1,edf,3,0,,,,6.529735401272774e-07,0
stage6_02,1,reference,1,edf,4,0,,,,6.370246410369873e-07,0
stage6_02,1,reference,1,edf,5,0,,,,6.419140845537186e-07,0
stage6_02,1,reference,1,uncertainty,0,1,train:162,train:162,train:162,2.2478983737528324e-05,0
stage6_02,1,reference,1,uncertainty,1,0,,,,3.644963726401329e-06,0
stage6_02,1,reference,1,uncertainty,2,0,,,,7.320195436477661e-07,0
stage6_02,1,reference,1,uncertainty,3,0,,,,6.329501047730446e-07,0
stage6_02,1,reference,1,uncertainty,4,0,,,,6.540212780237198e-07,0
stage6_02,1,reference,1,uncertainty,5,0,,,,6.729969754815102e-07,0
stage6_02,1,reference,1,greedy,0,1,train:162,train:162,train:162,2.2594002075493336e-05,0
stage6_02,1,reference,1,greedy,1,0,,,,3.388035111129284e-06,0
stage6_02,1,reference,1,greedy,2,0,,,,7.710186764597893e-07,0
stage6_02,1,reference,1,greedy,3,0,,,,7.040798664093018e-07,0
stage6_02,1,reference,1,greedy,4,0,,,,6.479676812887192e-07,0
stage6_02,1,reference,1,greedy,5,0,,,,6.620539352297783e-07,0
stage6_02,1,reference,1,search,0,1,train:162,train:162,train:162,2.604397013783455e-05,2
stage6_02,1,reference,1,search,1,0,,,,3.218068741261959e-06,0
stage6_02,1,reference,1,search,2,0,,,,7.789349183440208e-07,0
stage6_02,1,reference,1,search,3,0,,,,7.119961082935333e-07,0
stage6_02,1,reference,1,search,4,0,,,,6.550690159201622e-07,0
stage6_02,1,reference,1,search,5,0,,,,6.509944796562195e-07,0
stage6_02,1,reference,1,no_review,0,1,,train:162,train:162,1.774192787706852e-05,0
stage6_02,1,reference,1,no_review,1,1,,train:162,train:162,1.2680073268711567e-05,0
stage6_02,1,reference,1,no_review,2,0,,,,5.6569697335362434e-06,0
stage6_02,1,reference,1,no_review,3,0,,,,1.3168901205062866e-06,0
stage6_02,1,reference,1,no_review,4,0,,,,1.2210803106427193e-06,0
stage6_02,1,reference,1,no_review,5,0,,,,1.3039680197834969e-06,0
stage6_02,1,reference,1,fcfs,0,1,train:162,train:162,train:162,1.9058003090322018e-05,0
stage6_02,1,reference,1,fcfs,1,0,,,,3.503984771668911e-06,0
stage6_02,1,reference,1,fcfs,2,0,,,,7.749767974019051e-07,0
stage6_02,1,reference,1,fcfs,3,0,,,,6.909249350428581e-07,0
stage6_02,1,reference,1,fcfs,4,0,,,,6.379559636116028e-07,0
stage6_02,1,reference,1,fcfs,5,0,,,,6.880145519971848e-07,0
stage6_02,1,approve_block,2,edf,0,1,train:162,train:162,train:162,2.265197690576315e-05,0
stage6_02,1,approve_block,2,edf,2,0,,,,3.137974999845028e-06,0
stage6_02,1,approve_block,2,edf,3,0,,,,6.980262696743011e-07,0
stage6_02,1,approve_block,2,edf,4,0,,,,6.780028343200684e-07,0
stage6_02,1,approve_block,2,edf,5,0,,,,6.739282980561256e-07,0
stage6_02,1,approve_block,2,uncertainty,0,1,train:162,train:162,train:162,2.2302963770926e-05,0
stage6_02,1,approve_block,2,uncertainty,2,0,,,,6.824033334851265e-06,0
stage6_02,1,approve_block,2,uncertainty,3,0,,,,1.3730023056268692e-06,0
stage6_02,1,approve_block,2,uncertainty,4,0,,,,1.2139789760112762e-06,0
stage6_02,1,approve_block,2,uncertainty,5,0,,,,7.279450073838234e-07,0
stage6_02,1,approve_block,2,greedy,0,1,train:162,train:162,train:162,2.283998765051365e-05,0
stage6_02,1,approve_block,2,greedy,2,0,,,,3.3169053494930267e-06,0
stage6_02,1,approve_block,2,greedy,3,0,,,,7.440103217959404e-07,0
stage6_02,1,approve_block,2,greedy,4,0,,,,6.699701771140099e-07,0
stage6_02,1,approve_block,2,greedy,5,0,,,,6.93020410835743e-07,0
stage6_02,1,approve_block,2,search,0,1,train:162,train:162,train:162,2.6673078536987305e-05,2
stage6_02,1,approve_block,2,search,2,0,,,,2.761022187769413e-06,0
stage6_02,1,approve_block,2,search,3,0,,,,7.450580596923828e-07,0
stage6_02,1,approve_block,2,search,4,0,,,,6.33997842669487e-07,0
stage6_02,1,approve_block,2,search,5,0,,,,6.579793989658356e-07,0
stage6_02,1,approve_block,2,no_review,0,1,,train:162,train:162,1.9664992578327656e-05,0
stage6_02,1,approve_block,2,no_review,1,0,,,,1.2253993190824986e-05,0
stage6_02,1,approve_block,2,no_review,2,0,,,,3.6640558391809464e-06,0
stage6_02,1,approve_block,2,no_review,3,0,,,,7.209600880742073e-07,0
stage6_02,1,approve_block,2,no_review,4,0,,,,6.459886208176613e-07,0
stage6_02,1,approve_block,2,no_review,5,0,,,,6.760237738490105e-07,0
stage6_02,1,approve_block,2,fcfs,0,1,train:162,train:162,train:162,2.080993726849556e-05,0
stage6_02,1,approve_block,2,fcfs,2,0,,,,3.5259872674942017e-06,0
stage6_02,1,approve_block,2,fcfs,3,0,,,,7.33998604118824e-07,0
stage6_02,1,approve_block,2,fcfs,4,0,,,,6.83940015733242e-07,0
stage6_02,1,approve_block,2,fcfs,5,0,,,,6.849877536296844e-07,0
stage6_02,1,approve_block,1,edf,0,1,train:162,train:162,train:162,2.381799276918173e-05,0
stage6_02,1,approve_block,1,edf,1,0,,,,3.0260998755693436e-06,0
stage6_02,1,approve_block,1,edf,2,0,,,,7.509952411055565e-07,0
stage6_02,1,approve_block,1,edf,3,0,,,,6.399350240826607e-07,0
stage6_02,1,approve_block,1,edf,4,0,,,,6.440095603466034e-07,0
stage6_02,1,approve_block,1,edf,5,0,,,,6.549526005983353e-07,0
stage6_02,1,approve_block,1,uncertainty,0,1,train:162,train:162,train:162,2.0818901248276234e-05,0
stage6_02,1,approve_block,1,uncertainty,1,0,,,,4.310975782573223e-06,0
stage6_02,1,approve_block,1,uncertainty,2,0,,,,7.710186764597893e-07,0
stage6_02,1,approve_block,1,uncertainty,3,0,,,,6.919726729393005e-07,0
stage6_02,1,approve_block,1,uncertainty,4,0,,,,6.859190762042999e-07,0
stage6_02,1,approve_block,1,uncertainty,5,0,,,,6.780028343200684e-07,0
stage6_02,1,approve_block,1,greedy,0,1,train:162,train:162,train:162,2.159806899726391e-05,0
stage6_02,1,approve_block,1,greedy,1,0,,,,4.564062692224979e-06,0
stage6_02,1,approve_block,1,greedy,2,0,,,,9.220093488693237e-07,0
stage6_02,1,approve_block,1,greedy,3,0,,,,7.150229066610336e-07,0
stage6_02,1,approve_block,1,greedy,4,0,,,,6.660120561718941e-07,0
stage6_02,1,approve_block,1,greedy,5,0,,,,6.93020410835743e-07,0
stage6_02,1,approve_block,1,search,0,1,train:162,train:162,train:162,2.58350046351552e-05,2
stage6_02,1,approve_block,1,search,1,0,,,,2.54693441092968e-06,0
stage6_02,1,approve_block,1,search,2,0,,,,7.330672815442085e-07,0
stage6_02,1,approve_block,1,search,3,0,,,,6.539048627018929e-07,0
stage6_02,1,approve_block,1,search,4,0,,,,6.629852578043938e-07,0
stage6_02,1,approve_block,1,search,5,0,,,,6.799818947911263e-07,0
stage6_02,1,approve_block,1,no_review,0,1,,train:162,train:162,1.907499972730875e-05,0
stage6_02,1,approve_block,1,no_review,1,1,,train:162,train:162,1.2375996448099613e-05,0
stage6_02,1,approve_block,1,no_review,2,0,,,,2.5669578462839127e-06,0
stage6_02,1,approve_block,1,no_review,3,0,,,,7.669441401958466e-07,0
stage6_02,1,approve_block,1,no_review,4,0,,,,6.919726729393005e-07,0
stage6_02,1,approve_block,1,no_review,5,0,,,,6.940681487321854e-07,0
stage6_02,1,approve_block,1,fcfs,0,1,train:162,train:162,train:162,1.9559054635465145e-05,0
stage6_02,1,approve_block,1,fcfs,1,0,,,,2.4479813873767853e-06,0
stage6_02,1,approve_block,1,fcfs,2,0,,,,6.980262696743011e-07,0
stage6_02,1,approve_block,1,fcfs,3,0,,,,6.749760359525681e-07,0
stage6_02,1,approve_block,1,fcfs,4,0,,,,6.67991116642952e-07,0
stage6_02,1,approve_block,1,fcfs,5,0,,,,6.67991116642952e-07,0
stage6_02,1,complexity_time,2,edf,0,1,train:162,train:162,train:162,2.1922984160482883e-05,0
stage6_02,1,complexity_time,2,edf,2,0,,,,5.007022991776466e-06,0
stage6_02,1,complexity_time,2,edf,3,0,,,,7.419148460030556e-07,0
stage6_02,1,complexity_time,2,edf,4,0,,,,6.509944796562195e-07,0
stage6_02,1,complexity_time,2,edf,5,0,,,,6.740447133779526e-07,0
stage6_02,1,complexity_time,2,uncertainty,0,1,train:162,train:162,train:162,2.1766056306660175e-05,0
stage6_02,1,complexity_time,2,uncertainty,2,0,,,,5.066976882517338e-06,0
stage6_02,1,complexity_time,2,uncertainty,3,0,,,,7.59027898311615e-07,0
stage6_02,1,complexity_time,2,uncertainty,4,0,,,,6.490154191851616e-07,0
stage6_02,1,complexity_time,2,uncertainty,5,0,,,,6.710179150104523e-07,0
stage6_02,1,complexity_time,2,greedy,0,1,train:162,train:162,train:162,2.1366984583437443e-05,0
stage6_02,1,complexity_time,2,greedy,2,0,,,,4.590954631567001e-06,0
stage6_02,1,complexity_time,2,greedy,3,0,,,,7.549533620476723e-07,0
stage6_02,1,complexity_time,2,greedy,4,0,,,,6.459886208176613e-07,0
stage6_02,1,complexity_time,2,greedy,5,0,,,,6.660120561718941e-07,0
stage6_02,1,complexity_time,2,search,0,1,train:162,train:162,train:162,2.816098276525736e-05,2
stage6_02,1,complexity_time,2,search,2,0,,,,3.6710407584905624e-06,0
stage6_02,1,complexity_time,2,search,3,0,,,,7.720664143562317e-07,0
stage6_02,1,complexity_time,2,search,4,0,,,,6.649643182754517e-07,0
stage6_02,1,complexity_time,2,search,5,0,,,,7.030321285128593e-07,0
stage6_02,1,complexity_time,2,no_review,0,1,,train:162,train:162,2.1076994016766548e-05,0
stage6_02,1,complexity_time,2,no_review,1,0,,,,1.2542004697024822e-05,0
stage6_02,1,complexity_time,2,no_review,2,0,,,,3.3261021599173546e-06,0
stage6_02,1,complexity_time,2,no_review,3,0,,,,7.619382813572884e-07,0
stage6_02,1,complexity_time,2,no_review,4,0,,,,6.700865924358368e-07,0
stage6_02,1,complexity_time,2,no_review,5,0,,,,6.780028343200684e-07,0
stage6_02,1,complexity_time,2,fcfs,0,1,train:162,train:162,train:162,2.7030939236283302e-05,0
stage6_02,1,complexity_time,2,fcfs,2,0,,,,9.247916750609875e-06,0
stage6_02,1,complexity_time,2,fcfs,3,0,,,,1.3060634955763817e-06,0
stage6_02,1,complexity_time,2,fcfs,4,0,,,,1.0149087756872177e-06,0
stage6_02,1,complexity_time,2,fcfs,5,0,,,,1.1150259524583817e-06,0
stage6_02,1,complexity_time,1,edf,0,1,train:162,train:162,train:162,2.1502026356756687e-05,0
stage6_02,1,complexity_time,1,edf,1,0,,,,3.393040969967842e-06,0
stage6_02,1,complexity_time,1,edf,2,0,,,,7.700873538851738e-07,0
stage6_02,1,complexity_time,1,edf,3,0,,,,7.030321285128593e-07,0
stage6_02,1,complexity_time,1,edf,4,0,,,,6.540212780237198e-07,0
stage6_02,1,complexity_time,1,edf,5,0,,,,7.029157131910324e-07,0
stage6_02,1,complexity_time,1,uncertainty,0,1,train:162,train:162,train:162,2.1892949007451534e-05,0
stage6_02,1,complexity_time,1,uncertainty,1,0,,,,2.2300519049167633e-06,0
stage6_02,1,complexity_time,1,uncertainty,2,0,,,,7.420312613248825e-07,0
stage6_02,1,complexity_time,1,uncertainty,3,0,,,,6.520422175526619e-07,0
stage6_02,1,complexity_time,1,uncertainty,4,0,,,,6.409827619791031e-07,0
stage6_02,1,complexity_time,1,uncertainty,5,0,,,,6.530899554491043e-07,0
stage6_02,1,complexity_time,1,greedy,0,1,train:162,train:162,train:162,2.346397377550602e-05,0
stage6_02,1,complexity_time,1,greedy,1,0,,,,5.375011824071407e-06,0
stage6_02,1,complexity_time,1,greedy,2,0,,,,7.739290595054626e-07,0
stage6_02,1,complexity_time,1,greedy,3,0,,,,6.729969754815102e-07,0
stage6_02,1,complexity_time,1,greedy,4,0,,,,6.329501047730446e-07,0
stage6_02,1,complexity_time,1,greedy,5,0,,,,6.329501047730446e-07,0
stage6_02,1,complexity_time,1,search,0,1,train:162,train:162,train:162,2.741802018135786e-05,2
stage6_02,1,complexity_time,1,search,1,0,,,,5.390960723161697e-06,0
stage6_02,1,complexity_time,1,search,2,0,,,,7.420312613248825e-07,0
stage6_02,1,complexity_time,1,search,3,0,,,,6.509944796562195e-07,0
stage6_02,1,complexity_time,1,search,4,0,,,,6.370246410369873e-07,0
stage6_02,1,complexity_time,1,search,5,0,,,,6.820773705840111e-07,0
stage6_02,1,complexity_time,1,no_review,0,1,,train:162,train:162,2.0088977180421352e-05,0
stage6_02,1,complexity_time,1,no_review,1,1,,train:162,train:162,1.202896237373352e-05,0
stage6_02,1,complexity_time,1,no_review,2,0,,,,3.906083293259144e-06,0
stage6_02,1,complexity_time,1,no_review,3,0,,,,7.409835234284401e-07,0
stage6_02,1,complexity_time,1,no_review,4,0,,,,6.50063157081604e-07,0
stage6_02,1,complexity_time,1,no_review,5,0,,,,6.749760359525681e-07,0
stage6_02,1,complexity_time,1,fcfs,0,1,train:162,train:162,train:162,1.9103987142443657e-05,0
stage6_02,1,complexity_time,1,fcfs,1,0,,,,2.694898284971714e-06,0
stage6_02,1,complexity_time,1,fcfs,2,0,,,,6.75092451274395e-07,0
stage6_02,1,complexity_time,1,fcfs,3,0,,,,6.690388545393944e-07,0
stage6_02,1,complexity_time,1,fcfs,4,0,,,,6.459886208176613e-07,0
stage6_02,1,complexity_time,1,fcfs,5,0,,,,6.719492375850677e-07,0
stage6_02,2,reference,2,edf,0,2,train:162,train:162,train:162,3.23060667142272e-05,0
stage6_02,2,reference,2,edf,2,1,train:323,train:323,train:323,3.697792999446392e-05,0
stage6_02,2,reference,2,edf,4,0,,,,5.639973096549511e-06,0
stage6_02,2,reference,2,edf,5,0,,,,7.390044629573822e-07,0
stage6_02,2,reference,2,uncertainty,0,2,train:162,train:162,train:162,3.220501821488142e-05,0
stage6_02,2,reference,2,uncertainty,2,1,train:323,train:323,train:323,3.452796954661608e-05,0
stage6_02,2,reference,2,uncertainty,4,0,,,,4.089088179171085e-06,0
stage6_02,2,reference,2,uncertainty,5,0,,,,7.030321285128593e-07,0
stage6_02,2,reference,2,greedy,0,2,train:162,train:162,train:162,3.545801155269146e-05,0
stage6_02,2,reference,2,greedy,2,1,train:323,train:323,train:323,3.7307036109268665e-05,0
stage6_02,2,reference,2,greedy,4,0,,,,3.785942681133747e-06,0
stage6_02,2,reference,2,greedy,5,0,,,,7.079215720295906e-07,0
stage6_02,2,reference,2,search,0,2,train:162,train:162,train:162,4.0809973143041134e-05,5
stage6_02,2,reference,2,search,2,1,train:323,train:323,train:323,3.680097870528698e-05,2
stage6_02,2,reference,2,search,4,0,,,,4.2460160329937935e-06,0
stage6_02,2,reference,2,search,5,0,,,,7.400522008538246e-07,0
stage6_02,2,reference,2,no_review,0,2,,train:162,train:162,2.9499060474336147e-05,0
stage6_02,2,reference,2,no_review,1,1,,train:323,train:323,2.250191755592823e-05,0
stage6_02,2,reference,2,no_review,2,1,,train:323,train:323,3.785407170653343e-05,0
stage6_02,2,reference,2,no_review,3,1,,train:323,train:323,1.2161093764007092e-05,0
stage6_02,2,reference,2,no_review,4,0,,,,1.1694035492837429e-05,0
stage6_02,2,reference,2,no_review,5,0,,,,2.768007107079029e-06,0
stage6_02,2,reference,2,fcfs,0,2,train:162,train:162,train:162,2.884608693420887e-05,0
stage6_02,2,reference,2,fcfs,2,1,train:323,train:323,train:323,2.907391171902418e-05,0
stage6_02,2,reference,2,fcfs,4,0,,,,3.6370474845170975e-06,0
stage6_02,2,reference,2,fcfs,5,0,,,,7.710186764597893e-07,0
stage6_02,2,reference,1,edf,0,2,train:162,train:162,train:162,5.911907646805048e-05,0
stage6_02,2,reference,1,edf,1,1,train:323,train:323,train:323,4.0958053432404995e-05,0
stage6_02,2,reference,1,edf,2,0,,,,2.802000381052494e-06,0
stage6_02,2,reference,1,edf,3,0,,,,7.33998604118824e-07,0
stage6_02,2,reference,1,edf,4,0,,,,6.51925802230835e-07,0
stage6_02,2,reference,1,edf,5,0,,,,6.390037015080452e-07,0
stage6_02,2,reference,1,uncertainty,0,2,train:162,train:162,train:162,3.242201637476683e-05,0
stage6_02,2,reference,1,uncertainty,1,1,train:323,train:323,train:323,3.482098691165447e-05,0
stage6_02,2,reference,1,uncertainty,2,0,,,,4.419940523803234e-06,0
stage6_02,2,reference,1,uncertainty,3,0,,,,7.729977369308472e-07,0
stage6_02,2,reference,1,uncertainty,4,0,,,,6.719492375850677e-07,0
stage6_02,2,reference,1,uncertainty,5,0,,,,6.689224392175674e-07,0
stage6_02,2,reference,1,greedy,0,2,train:162,train:162,train:162,5.564896855503321e-05,0
stage6_02,2,reference,1,greedy,1,1,train:323,train:323,train:323,3.5897945053875446e-05,0
stage6_02,2,reference,1,greedy,2,0,,,,4.308996722102165e-06,0
stage6_02,2,reference,1,greedy,3,0,,,,8.0897007137537e-07,0
stage6_02,2,reference,1,greedy,4,0,,,,6.59027136862278e-07,0
stage6_02,2,reference,1,greedy,5,0,,,,6.58910721540451e-07,0
stage6_02,2,reference,1,search,0,2,train:162,train:162,train:162,4.137994255870581e-05,5
stage6_02,2,reference,1,search,1,1,train:323,train:323,train:323,4.681898280978203e-05,2
stage6_02,2,reference,1,search,2,0,,,,3.7509016692638397e-06,0
stage6_02,2,reference,1,search,3,0,,,,7.359776645898819e-07,0
stage6_02,2,reference,1,search,4,0,,,,6.889458745718002e-07,0
stage6_02,2,reference,1,search,5,0,,,,6.509944796562195e-07,0
stage6_02,2,reference,1,no_review,0,2,,train:162,train:162,3.049708902835846e-05,0
stage6_02,2,reference,1,no_review,1,2,,train:162,train:162,2.166896592825651e-05,0
stage6_02,2,reference,1,no_review,2,1,,train:323,train:323,4.070193972438574e-05,0
stage6_02,2,reference,1,no_review,3,1,,train:323,train:323,1.182500272989273e-05,0
stage6_02,2,reference,1,no_review,4,1,,train:323,train:323,1.1691008694469929e-05,0
stage6_02,2,reference,1,no_review,5,0,,,,3.1670788303017616e-06,0
stage6_02,2,reference,1,fcfs,0,2,train:162,train:162,train:162,2.9676943086087704e-05,0
stage6_02,2,reference,1,fcfs,1,1,train:323,train:323,train:323,2.7669942937791348e-05,0
stage6_02,2,reference,1,fcfs,2,0,,,,3.3919932320713997e-06,0
stage6_02,2,reference,1,fcfs,3,0,,,,7.719499990344048e-07,0
stage6_02,2,reference,1,fcfs,4,0,,,,6.899936124682426e-07,0
stage6_02,2,reference,1,fcfs,5,0,,,,6.799818947911263e-07,0
stage6_02,2,approve_block,2,edf,0,2,train:162,train:162,train:162,3.3150892704725266e-05,0
stage6_02,2,approve_block,2,edf,2,1,train:323,train:323,train:323,3.0462048016488552e-05,0
stage6_02,2,approve_block,2,edf,4,0,,,,7.4499985203146935e-06,0
stage6_02,2,approve_block,2,edf,5,0,,,,1.3899989426136017e-06,0
stage6_02,2,approve_block,2,uncertainty,0,2,train:162,train:162,train:162,3.362004645168781e-05,0
stage6_02,2,approve_block,2,uncertainty,2,1,train:323,train:323,train:323,4.434597212821245e-05,0
stage6_02,2,approve_block,2,uncertainty,4,0,,,,3.2579991966485977e-06,0
stage6_02,2,approve_block,2,uncertainty,5,0,,,,7.790513336658478e-07,0
stage6_02,2,approve_block,2,greedy,0,2,train:162,train:162,train:162,3.391597419977188e-05,0
stage6_02,2,approve_block,2,greedy,2,1,train:323,train:323,train:323,3.383099101483822e-05,0
stage6_02,2,approve_block,2,greedy,4,0,,,,3.5709235817193985e-06,0
stage6_02,2,approve_block,2,greedy,5,0,,,,7.180497050285339e-07,0
stage6_02,2,approve_block,2,search,0,2,train:162,train:162,train:162,5.015800707042217e-05,5
stage6_02,2,approve_block,2,search,2,1,train:323,train:323,train:323,4.1914056055247784e-05,2
stage6_02,2,approve_block,2,search,4,0,,,,3.6529963836073875e-06,0
stage6_02,2,approve_block,2,search,5,0,,,,8.16071406006813e-07,0
stage6_02,2,approve_block,2,no_review,0,2,,train:162,train:162,3.127404488623142e-05,0
stage6_02,2,approve_block,2,no_review,1,1,,train:323,train:323,2.1817977540194988e-05,0
stage6_02,2,approve_block,2,no_review,2,1,,train:323,train:323,3.465497866272926e-05,0
stage6_02,2,approve_block,2,no_review,3,1,,train:323,train:323,1.2464006431400776e-05,0
stage6_02,2,approve_block,2,no_review,4,0,,,,1.1678901500999928e-05,0
stage6_02,2,approve_block,2,no_review,5,0,,,,7.633003406226635e-06,0
stage6_02,2,approve_block,2,fcfs,0,2,train:162,train:162,train:162,3.1159957870841026e-05,0
stage6_02,2,approve_block,2,fcfs,2,1,train:323,train:323,train:323,3.807700704783201e-05,0
stage6_02,2,approve_block,2,fcfs,4,0,,,,3.5370467230677605e-06,0
stage6_02,2,approve_block,2,fcfs,5,0,,,,7.370254024863243e-07,0
stage6_02,2,approve_block,1,edf,0,2,train:162,train:162,train:162,3.3739954233169556e-05,0
stage6_02,2,approve_block,1,edf,1,1,train:323,train:323,train:323,4.1808001697063446e-05,0
stage6_02,2,approve_block,1,edf,2,0,,,,4.329020157456398e-06,0
stage6_02,2,approve_block,1,edf,3,0,,,,7.309718057513237e-07,0
stage6_02,2,approve_block,1,edf,4,0,,,,6.550690159201622e-07,0
stage6_02,2,approve_block,1,edf,5,0,,,,7.060589268803596e-07,0
stage6_02,2,approve_block,1,uncertainty,0,2,train:162,train:162,train:162,3.282295074313879e-05,0
stage6_02,2,approve_block,1,uncertainty,1,1,train:323,train:323,train:323,3.862590529024601e-05,0
stage6_02,2,approve_block,1,uncertainty,2,0,,,,3.671972081065178e-06,0
stage6_02,2,approve_block,1,uncertainty,3,0,,,,7.84057192504406e-07,0
stage6_02,2,approve_block,1,uncertainty,4,0,,,,7.189810276031494e-07,0
stage6_02,2,approve_block,1,uncertainty,5,0,,,,6.93020410835743e-07,0
stage6_02,2,approve_block,1,greedy,0,2,train:162,train:162,train:162,3.510108217597008e-05,0
stage6_02,2,approve_block,1,greedy,1,1,train:323,train:323,train:323,5.927402526140213e-05,0
stage6_02,2,approve_block,1,greedy,2,0,,,,6.851973012089729e-06,0
stage6_02,2,approve_block,1,greedy,3,0,,,,1.4349352568387985e-06,0
stage6_02,2,approve_block,1,greedy,4,0,,,,1.3399403542280197e-06,0
stage6_02,2,approve_block,1,greedy,5,0,,,,1.3579847291111946e-06,0
stage6_02,2,approve_block,1,search,0,2,train:162,train:162,train:162,4.570302553474903e-05,5
stage6_02,2,approve_block,1,search,1,1,train:323,train:323,train:323,5.1832059398293495e-05,2
stage6_02,2,approve_block,1,search,2,0,,,,5.226000212132931e-06,0
stage6_02,2,approve_block,1,search,3,0,,,,8.029164746403694e-07,0
stage6_02,2,approve_block,1,search,4,0,,,,6.749760359525681e-07,0
stage6_02,2,approve_block,1,search,5,0,,,,6.919726729393005e-07,0
stage6_02,2,approve_block,1,no_review,0,2,,train:162,train:162,2.9454007744789124e-05,0
stage6_02,2,approve_block,1,no_review,1,2,,train:162,train:162,2.2278050892055035e-05,0
stage6_02,2,approve_block,1,no_review,2,1,,train:323,train:323,2.1182000637054443e-05,0
stage6_02,2,approve_block,1,no_review,3,1,,train:323,train:323,1.2172036804258823e-05,0
stage6_02,2,approve_block,1,no_review,4,1,,train:323,train:323,1.1677970178425312e-05,0
stage6_02,2,approve_block,1,no_review,5,0,,,,2.8079375624656677e-06,0
stage6_02,2,approve_block,1,fcfs,0,2,train:162,train:162,train:162,2.780195791274309e-05,0
stage6_02,2,approve_block,1,fcfs,1,1,train:323,train:323,train:323,3.5755918361246586e-05,0
stage6_02,2,approve_block,1,fcfs,2,0,,,,3.942055627703667e-06,0
stage6_02,2,approve_block,1,fcfs,3,0,,,,7.969792932271957e-07,0
stage6_02,2,approve_block,1,fcfs,4,0,,,,7.130438461899757e-07,0
stage6_02,2,approve_block,1,fcfs,5,0,,,,6.960472092032433e-07,0
stage6_02,2,complexity_time,2,edf,0,2,train:162,train:162,train:162,3.515102434903383e-05,0
stage6_02,2,complexity_time,2,edf,2,1,train:323,train:323,train:323,5.570100620388985e-05,0
stage6_02,2,complexity_time,2,edf,4,0,,,,6.707967258989811e-06,0
stage6_02,2,complexity_time,2,edf,5,0,,,,1.1780066415667534e-06,0
stage6_02,2,complexity_time,2,uncertainty,0,2,train:162,train:162,train:162,3.303098492324352e-05,0
stage6_02,2,complexity_time,2,uncertainty,2,1,train:323,train:323,train:323,4.414597060531378e-05,0
stage6_02,2,complexity_time,2,uncertainty,4,0,,,,3.1099189072847366e-06,0
stage6_02,2,complexity_time,2,uncertainty,5,0,,,,7.67991878092289e-07,0
stage6_02,2,complexity_time,2,greedy,0,2,train:162,train:162,train:162,3.361899871379137e-05,0
stage6_02,2,complexity_time,2,greedy,2,1,train:323,train:323,train:323,3.7207966670393944e-05,0
stage6_02,2,complexity_time,2,greedy,4,0,,,,4.585017450153828e-06,0
stage6_02,2,complexity_time,2,greedy,5,0,,,,7.9302117228508e-07,0
stage6_02,2,complexity_time,2,search,0,2,train:162,train:162,train:162,4.249904304742813e-05,5
stage6_02,2,complexity_time,2,search,2,1,train:323,train:323,train:323,3.377697430551052e-05,2
stage6_02,2,complexity_time,2,search,4,0,,,,4.856963641941547e-06,0
stage6_02,2,complexity_time,2,search,5,0,,,,7.459893822669983e-07,0
stage6_02,2,complexity_time,2,no_review,0,2,,train:162,train:162,3.0366936698555946e-05,0
stage6_02,2,complexity_time,2,no_review,1,1,,train:323,train:323,2.1668034605681896e-05,0
stage6_02,2,complexity_time,2,no_review,2,1,,train:323,train:323,3.112794365733862e-05,0
stage6_02,2,complexity_time,2,no_review,3,1,,train:323,train:323,1.255003735423088e-05,0
stage6_02,2,complexity_time,2,no_review,4,0,,,,1.1999974958598614e-05,0
stage6_02,2,complexity_time,2,no_review,5,0,,,,5.392939783632755e-06,0
stage6_02,2,complexity_time,2,fcfs,0,2,train:162,train:162,train:162,3.0540977604687214e-05,0
stage6_02,2,complexity_time,2,fcfs,2,1,train:323,train:323,train:323,4.767498467117548e-05,0
stage6_02,2,complexity_time,2,fcfs,4,0,,,,4.683970473706722e-06,0
stage6_02,2,complexity_time,2,fcfs,5,0,,,,7.540220394730568e-07,0
stage6_02,2,complexity_time,1,edf,0,2,train:162,train:162,train:162,3.474706318229437e-05,0
stage6_02,2,complexity_time,1,edf,1,1,train:323,train:323,train:323,3.6949990317225456e-05,0
stage6_02,2,complexity_time,1,edf,2,0,,,,3.6709243431687355e-06,0
stage6_02,2,complexity_time,1,edf,3,0,,,,7.660128176212311e-07,0
stage6_02,2,complexity_time,1,edf,4,0,,,,7.180497050285339e-07,0
stage6_02,2,complexity_time,1,edf,5,0,,,,6.810296326875687e-07,0
stage6_02,2,complexity_time,1,uncertainty,0,2,train:162,train:162,train:162,3.277405630797148e-05,0
stage6_02,2,complexity_time,1,uncertainty,1,1,train:323,train:323,train:323,3.384298179298639e-05,0
stage6_02,2,complexity_time,1,uncertainty,2,0,,,,4.124012775719166e-06,0
stage6_02,2,complexity_time,1,uncertainty,3,0,,,,7.16070644557476e-07,0
stage6_02,2,complexity_time,1,uncertainty,4,0,,,,6.690388545393944e-07,0
stage6_02,2,complexity_time,1,uncertainty,5,0,,,,6.890622898936272e-07,0
stage6_02,2,complexity_time,1,greedy,0,2,train:162,train:162,train:162,3.448803909122944e-05,0
stage6_02,2,complexity_time,1,greedy,1,1,train:323,train:323,train:323,4.1328021325170994e-05,0
stage6_02,2,complexity_time,1,greedy,2,0,,,,3.264984115958214e-06,0
stage6_02,2,complexity_time,1,greedy,3,0,,,,8.069910109043121e-07,0
stage6_02,2,complexity_time,1,greedy,4,0,,,,7.400522008538246e-07,0
stage6_02,2,complexity_time,1,greedy,5,0,,,,7.349299266934395e-07,0
stage6_02,2,complexity_time,1,search,0,2,train:162,train:162,train:162,4.644202999770641e-05,5
stage6_02,2,complexity_time,1,search,1,1,train:323,train:323,train:323,3.5378034226596355e-05,2
stage6_02,2,complexity_time,1,search,2,0,,,,2.46602576225996e-06,0
stage6_02,2,complexity_time,1,search,3,0,,,,7.640337571501732e-07,0
stage6_02,2,complexity_time,1,search,4,0,,,,6.620539352297783e-07,0
stage6_02,2,complexity_time,1,search,5,0,,,,6.459886208176613e-07,0
stage6_02,2,complexity_time,1,no_review,0,2,,train:162,train:162,2.9901042580604553e-05,0
stage6_02,2,complexity_time,1,no_review,1,2,,train:162,train:162,2.1468964405357838e-05,0
stage6_02,2,complexity_time,1,no_review,2,1,,train:323,train:323,2.5921035557985306e-05,0
stage6_02,2,complexity_time,1,no_review,3,1,,train:323,train:323,1.225306186825037e-05,0
stage6_02,2,complexity_time,1,no_review,4,1,,train:323,train:323,1.1696014553308487e-05,0
stage6_02,2,complexity_time,1,no_review,5,0,,,,6.54999166727066e-06,0
stage6_02,2,complexity_time,1,fcfs,0,2,train:162,train:162,train:162,3.0025956220924854e-05,0
stage6_02,2,complexity_time,1,fcfs,1,1,train:323,train:323,train:323,3.810599446296692e-05,0
stage6_02,2,complexity_time,1,fcfs,2,0,,,,5.7220458984375e-06,0
stage6_02,2,complexity_time,1,fcfs,3,0,,,,7.2503462433815e-07,0
stage6_02,2,complexity_time,1,fcfs,4,0,,,,6.989575922489166e-07,0
stage6_02,2,complexity_time,1,fcfs,5,0,,,,6.710179150104523e-07,0
stage6_03,0,reference,1,uncertainty,0,1,train:167,train:167,train:167,2.1817046217620373e-05,0
stage6_03,0,reference,1,uncertainty,1,1,train:324,train:324,train:324,2.065300941467285e-05,0
stage6_03,0,reference,1,uncertainty,2,0,,,,4.130066372454166e-06,0
stage6_03,0,reference,1,uncertainty,3,0,,,,7.810303941369057e-07,0
stage6_03,0,reference,1,uncertainty,4,0,,,,7.069902494549751e-07,0
stage6_03,0,reference,1,uncertainty,5,0,,,,6.810296326875687e-07,0
stage6_03,0,reference,1,uncertainty,6,0,,,,6.870832294225693e-07,0
stage6_03,0,reference,1,greedy,0,1,train:167,train:167,train:167,2.4404958821833134e-05,0
stage6_03,0,reference,1,greedy,1,1,train:324,train:324,train:324,2.1414016373455524e-05,0
stage6_03,0,reference,1,greedy,2,0,,,,3.2460084185004234e-06,0
stage6_03,0,reference,1,greedy,3,0,,,,7.330672815442085e-07,0
stage6_03,0,reference,1,greedy,4,0,,,,6.909249350428581e-07,0
stage6_03,0,reference,1,greedy,5,0,,,,6.620539352297783e-07,0
stage6_03,0,reference,1,greedy,6,0,,,,6.749760359525681e-07,0
stage6_03,0,reference,1,search,0,1,train:167,train:167,train:167,2.7527916245162487e-05,2
stage6_03,0,reference,1,search,1,1,train:324,train:324,train:324,2.010806929320097e-05,2
stage6_03,0,reference,1,search,2,0,,,,3.1989766284823418e-06,0
stage6_03,0,reference,1,search,3,0,,,,7.239868864417076e-07,0
stage6_03,0,reference,1,search,4,0,,,,6.920890882611275e-07,0
stage6_03,0,reference,1,search,5,0,,,,6.569316610693932e-07,0
stage6_03,0,reference,1,search,6,0,,,,6.459886208176613e-07,0
stage6_03,0,reference,1,no_review,0,1,,train:167,train:167,1.9880011677742004e-05,0
stage6_03,0,reference,1,no_review,1,2,,train:167,train:167,2.3421947844326496e-05,0
stage6_03,0,reference,1,no_review,2,1,,train:324,train:324,3.230990841984749e-05,0
stage6_03,0,reference,1,no_review,3,1,,train:324,train:324,1.1594034731388092e-05,0
stage6_03,0,reference,1,no_review,4,1,,train:324,train:324,1.1560972779989243e-05,0
stage6_03,0,reference,1,no_review,5,1,,train:324,train:324,1.1548982001841068e-05,0
stage6_03,0,reference,1,no_review,6,0,,,,2.18802597373724e-06,0
stage6_03,0,reference,1,fcfs,0,1,train:167,train:167,train:167,1.9386992789804935e-05,0
stage6_03,0,reference,1,fcfs,1,1,train:324,train:324,train:324,1.7020967788994312e-05,0
stage6_03,0,reference,1,fcfs,2,0,,,,4.483037628233433e-06,0
stage6_03,0,reference,1,fcfs,3,0,,,,7.019843906164169e-07,0
stage6_03,0,reference,1,fcfs,4,0,,,,6.749760359525681e-07,0
stage6_03,0,reference,1,fcfs,5,0,,,,6.989575922489166e-07,0
stage6_03,0,reference,1,fcfs,6,0,,,,6.690388545393944e-07,0
stage6_03,0,reference,1,edf,0,1,train:167,train:167,train:167,2.5928020477294922e-05,0
stage6_03,0,reference,1,edf,1,1,train:324,train:324,train:324,2.628506626933813e-05,0
stage6_03,0,reference,1,edf,2,0,,,,3.4190015867352486e-06,0
stage6_03,0,reference,1,edf,3,0,,,,7.400522008538246e-07,0
stage6_03,0,reference,1,edf,4,0,,,,6.640329957008362e-07,0
stage6_03,0,reference,1,edf,5,0,,,,6.529735401272774e-07,0
stage6_03,0,reference,1,edf,6,0,,,,6.350455805659294e-07,0
stage6_03,0,reference,2,uncertainty,0,1,train:167,train:167,train:167,2.211600076407194e-05,0
stage6_03,0,reference,2,uncertainty,2,1,train:324,train:324,train:324,4.258297849446535e-05,0
stage6_03,0,reference,2,uncertainty,4,0,,,,4.3030595406889915e-06,0
stage6_03,0,reference,2,uncertainty,5,0,,,,7.469207048416138e-07,0
stage6_03,0,reference,2,uncertainty,6,0,,,,6.890622898936272e-07,0
stage6_03,0,reference,2,greedy,0,1,train:167,train:167,train:167,2.375792246311903e-05,0
stage6_03,0,reference,2,greedy,2,1,train:324,train:324,train:324,2.817693166434765e-05,0
stage6_03,0,reference,2,greedy,4,0,,,,2.7189962565898895e-06,0
stage6_03,0,reference,2,greedy,5,0,,,,7.019843906164169e-07,0
stage6_03,0,reference,2,greedy,6,0,,,,6.400514394044876e-07,0
stage6_03,0,reference,2,search,0,1,train:167,train:167,train:167,2.521707210689783e-05,2
stage6_03,0,reference,2,search,2,1,train:324,train:324,train:324,2.5238958187401295e-05,2
stage6_03,0,reference,2,search,4,0,,,,4.314933903515339e-06,0
stage6_03,0,reference,2,search,5,0,,,,8.249189704656601e-07,0
stage6_03,0,reference,2,search,6,0,,,,6.710179150104523e-07,0
stage6_03,0,reference,2,no_review,0,1,,train:167,train:167,1.911493018269539e-05,0
stage6_03,0,reference,2,no_review,1,1,,train:324,train:324,2.170505467802286e-05,0
stage6_03,0,reference,2,no_review,2,1,,train:324,train:324,1.9983039237558842e-05,0
stage6_03,0,reference,2,no_review,3,1,,train:324,train:324,1.1750031262636185e-05,0
stage6_03,0,reference,2,no_review,4,1,,train:324,train:324,1.135596539825201e-05,0
stage6_03,0,reference,2,no_review,5,0,,,,1.1563999578356743e-05,0
stage6_03,0,reference,2,no_review,6,0,,,,4.269066266715527e-06,0
stage6_03,0,reference,2,fcfs,0,1,train:167,train:167,train:167,2.071610651910305e-05,0
stage6_03,0,reference,2,fcfs,2,1,train:324,train:324,train:324,3.95430251955986e-05,0
stage6_03,0,reference,2,fcfs,4,0,,,,2.8189970180392265e-06,0
stage6_03,0,reference,2,fcfs,5,0,,,,8.309725672006607e-07,0
stage6_03,0,reference,2,fcfs,6,0,,,,7.139751687645912e-07,0
stage6_03,0,reference,2,edf,0,1,train:167,train:167,train:167,2.236897125840187e-05,0
stage6_03,0,reference,2,edf,2,1,train:324,train:324,train:324,3.433297388255596e-05,0
stage6_03,0,reference,2,edf,4,0,,,,2.8649810701608658e-06,0
stage6_03,0,reference,2,edf,5,0,,,,7.17933289706707e-07,0
stage6_03,0,reference,2,edf,6,0,,,,6.710179150104523e-07,0
stage6_03,0,approve_block,1,uncertainty,0,1,train:167,train:167,train:167,2.1885032765567303e-05,0
stage6_03,0,approve_block,1,uncertainty,1,1,train:324,train:324,train:324,2.5324057787656784e-05,0
stage6_03,0,approve_block,1,uncertainty,2,0,,,,5.0299568101763725e-06,0
stage6_03,0,approve_block,1,uncertainty,3,0,,,,7.469207048416138e-07,0
stage6_03,0,approve_block,1,uncertainty,4,0,,,,6.699701771140099e-07,0
stage6_03,0,approve_block,1,uncertainty,5,0,,,,6.390037015080452e-07,0
stage6_03,0,approve_block,1,uncertainty,6,0,,,,6.520422175526619e-07,0
stage6_03,0,approve_block,1,greedy,0,1,train:167,train:167,train:167,2.222508192062378e-05,0
stage6_03,0,approve_block,1,greedy,1,1,train:324,train:324,train:324,1.7077079974114895e-05,0
stage6_03,0,approve_block,1,greedy,2,0,,,,2.0529842004179955e-06,0
stage6_03,0,approve_block,1,greedy,3,0,,,,7.719499990344048e-07,0
stage6_03,0,approve_block,1,greedy,4,0,,,,7.08969309926033e-07,0
stage6_03,0,approve_block,1,greedy,5,0,,,,6.970949470996857e-07,0
stage6_03,0,approve_block,1,greedy,6,0,,,,6.729969754815102e-07,0
stage6_03,0,approve_block,1,search,0,1,train:167,train:167,train:167,2.6420922949910164e-05,2
stage6_03,0,approve_block,1,search,1,1,train:324,train:324,train:324,2.5632907636463642e-05,2
stage6_03,0,approve_block,1,search,2,0,,,,1.1225929483771324e-05,0
stage6_03,0,approve_block,1,search,3,0,,,,8.270144462585449e-07,0
stage6_03,0,approve_block,1,search,4,0,,,,6.949994713068008e-07,0
stage6_03,0,approve_block,1,search,5,0,,,,6.599584594368935e-07,0
stage6_03,0,approve_block,1,search,6,0,,,,6.420304998755455e-07,0
stage6_03,0,approve_block,1,no_review,0,1,,train:167,train:167,1.9079074263572693e-05,0
stage6_03,0,approve_block,1,no_review,1,2,,train:167,train:167,2.2378982976078987e-05,0
stage6_03,0,approve_block,1,no_review,2,1,,train:324,train:324,3.7678051739931107e-05,0
stage6_03,0,approve_block,1,no_review,3,1,,train:324,train:324,1.183908898383379e-05,0
stage6_03,0,approve_block,1,no_review,4,1,,train:324,train:324,1.1601019650697708e-05,0
stage6_03,0,approve_block,1,no_review,5,1,,train:324,train:324,1.203198917210102e-05,0
stage6_03,0,approve_block,1,no_review,6,0,,,,4.234025254845619e-06,0
stage6_03,0,approve_block,1,fcfs,0,1,train:167,train:167,train:167,1.89139973372221e-05,0
stage6_03,0,approve_block,1,fcfs,1,1,train:324,train:324,train:324,1.5681027434766293e-05,0
stage6_03,0,approve_block,1,fcfs,2,0,,,,4.187924787402153e-06,0
stage6_03,0,approve_block,1,fcfs,3,0,,,,7.399357855319977e-07,0
stage6_03,0,approve_block,1,fcfs,4,0,,,,6.599584594368935e-07,0
stage6_03,0,approve_block,1,fcfs,5,0,,,,6.731133908033371e-07,0
stage6_03,0,approve_block,1,fcfs,6,0,,,,6.450572982430458e-07,0
stage6_03,0,approve_block,1,edf,0,1,train:167,train:167,train:167,2.49580480158329e-05,0
stage6_03,0,approve_block,1,edf,1,1,train:324,train:324,train:324,2.9722927138209343e-05,0
stage6_03,0,approve_block,1,edf,2,0,,,,4.1869934648275375e-06,0
stage6_03,0,approve_block,1,edf,3,0,,,,7.180497050285339e-07,0
stage6_03,0,approve_block,1,edf,4,0,,,,6.729969754815102e-07,0
stage6_03,0,approve_block,1,edf,5,0,,,,6.969785317778587e-07,0
stage6_03,0,approve_block,1,edf,6,0,,,,6.461050361394882e-07,0
stage6_03,0,approve_block,2,uncertainty,0,1,train:167,train:167,train:167,3.08559974655509e-05,0
stage6_03,0,approve_block,2,uncertainty,2,1,train:324,train:324,train:324,3.430899232625961e-05,0
stage6_03,0,approve_block,2,uncertainty,4,0,,,,3.290013410151005e-06,0
stage6_03,0,approve_block,2,uncertainty,5,0,,,,6.880145519971848e-07,0
stage6_03,0,approve_block,2,uncertainty,6,0,,,,6.490154191851616e-07,0
stage6_03,0,approve_block,2,greedy,0,1,train:167,train:167,train:167,2.2060004994273186e-05,0
stage6_03,0,approve_block,2,greedy,2,1,train:324,train:324,train:324,2.1483981981873512e-05,0
stage6_03,0,approve_block,2,greedy,4,0,,,,2.964981831610203e-06,0
stage6_03,0,approve_block,2,greedy,5,0,,,,7.17933289706707e-07,0
stage6_03,0,approve_block,2,greedy,6,0,,,,6.509944796562195e-07,0
stage6_03,0,approve_block,2,search,0,1,train:167,train:167,train:167,2.775108441710472e-05,2
stage6_03,0,approve_block,2,search,2,1,train:324,train:324,train:324,5.929498001933098e-05,2
stage6_03,0,approve_block,2,search,4,0,,,,4.034023731946945e-06,0
stage6_03,0,approve_block,2,search,5,0,,,,8.379574865102768e-07,0
stage6_03,0,approve_block,2,search,6,0,,,,1.3039680197834969e-06,0
stage6_03,0,approve_block,2,no_review,0,1,,train:167,train:167,2.0990963093936443e-05,0
stage6_03,0,approve_block,2,no_review,1,1,,train:324,train:324,2.1977932192385197e-05,0
stage6_03,0,approve_block,2,no_review,2,1,,train:324,train:324,3.628106787800789e-05,0
stage6_03,0,approve_block,2,no_review,3,1,,train:324,train:324,1.1718948371708393e-05,0
stage6_03,0,approve_block,2,no_review,4,1,,train:324,train:324,1.1538038961589336e-05,0
stage6_03,0,approve_block,2,no_review,5,0,,,,1.2092990800738335e-05,0
stage6_03,0,approve_block,2,no_review,6,0,,,,3.508990630507469e-06,0
stage6_03,0,approve_block,2,fcfs,0,1,train:167,train:167,train:167,2.0804000087082386e-05,0
stage6_03,0,approve_block,2,fcfs,2,1,train:324,train:324,train:324,3.1313044019043446e-05,0
stage6_03,0,approve_block,2,fcfs,4,0,,,,2.829008735716343e-06,0
stage6_03,0,approve_block,2,fcfs,5,0,,,,8.100178092718124e-07,0
stage6_03,0,approve_block,2,fcfs,6,0,,,,6.309710443019867e-07,0
stage6_03,0,approve_block,2,edf,0,1,train:167,train:167,train:167,2.2261985577642918e-05,0
stage6_03,0,approve_block,2,edf,2,1,train:324,train:324,train:324,3.58739634975791e-05,0
stage6_03,0,approve_block,2,edf,4,0,,,,2.65706330537796e-06,0
stage6_03,0,approve_block,2,edf,5,0,,,,7.110647857189178e-07,0
stage6_03,0,approve_block,2,edf,6,0,,,,6.649643182754517e-07,0
stage6_03,0,complexity_time,1,uncertainty,0,1,train:167,train:167,train:167,2.409704029560089e-05,0
stage6_03,0,complexity_time,1,uncertainty,1,1,train:324,train:324,train:324,1.8176971934735775e-05,0
stage6_03,0,complexity_time,1,uncertainty,2,0,,,,4.702014848589897e-06,0
stage6_03,0,complexity_time,1,uncertainty,3,0,,,,7.449416443705559e-07,0
stage6_03,0,complexity_time,1,uncertainty,4,0,,,,7.119961082935333e-07,0
stage6_03,0,complexity_time,1,uncertainty,5,0,,,,6.690388545393944e-07,0
stage6_03,0,complexity_time,1,uncertainty,6,0,,,,6.279442459344864e-07,0
stage6_03,0,complexity_time,1,greedy,0,1,train:167,train:167,train:167,2.412893809378147e-05,0
stage6_03,0,complexity_time,1,greedy,1,1,train:324,train:324,train:324,2.2102962248027325e-05,0
stage6_03,0,complexity_time,1,greedy,2,0,,,,2.1579908207058907e-06,0
stage6_03,0,complexity_time,1,greedy,3,0,,,,7.150229066610336e-07,0
stage6_03,0,complexity_time,1,greedy,4,0,,,,6.920890882611275e-07,0
stage6_03,0,complexity_time,1,greedy,5,0,,,,6.450572982430458e-07,0
stage6_03,0,complexity_time,1,greedy,6,0,,,,6.809132173657417e-07,0
stage6_03,0,complexity_time,1,search,0,1,train:167,train:167,train:167,2.620008308440447e-05,2
stage6_03,0,complexity_time,1,search,1,1,train:324,train:324,train:324,2.5248038582503796e-05,2
stage6_03,0,complexity_time,1,search,2,0,,,,4.215980879962444e-06,0
stage6_03,0,complexity_time,1,search,3,0,,,,7.620546966791153e-07,0
stage6_03,0,complexity_time,1,search,4,0,,,,7.299240678548813e-07,0
stage6_03,0,complexity_time,1,search,5,0,,,,6.690388545393944e-07,0
stage6_03,0,complexity_time,1,search,6,0,,,,6.509944796562195e-07,0
stage6_03,0,complexity_time,1,no_review,0,1,,train:167,train:167,1.97939807549119e-05,0
stage6_03,0,complexity_time,1,no_review,1,2,,train:167,train:167,2.3004948161542416e-05,0
stage6_03,0,complexity_time,1,no_review,2,1,,train:324,train:324,2.8587994165718555e-05,0
stage6_03,0,complexity_time,1,no_review,3,1,,train:324,train:324,1.1792988516390324e-05,0
stage6_03,0,complexity_time,1,no_review,4,1,,train:324,train:324,1.1331983841955662e-05,0
stage6_03,0,complexity_time,1,no_review,5,1,,train:324,train:324,1.15629518404603e-05,0
stage6_03,0,complexity_time,1,no_review,6,0,,,,6.483052857220173e-06,0
stage6_03,0,complexity_time,1,fcfs,0,1,train:167,train:167,train:167,2.018897794187069e-05,0
stage6_03,0,complexity_time,1,fcfs,1,1,train:324,train:324,train:324,2.0470935851335526e-05,0
stage6_03,0,complexity_time,1,fcfs,2,0,,,,2.937973476946354e-06,0
stage6_03,0,complexity_time,1,fcfs,3,0,,,,8.289935067296028e-07,0
stage6_03,0,complexity_time,1,fcfs,4,0,,,,6.93020410835743e-07,0
stage6_03,0,complexity_time,1,fcfs,5,0,,,,6.610061973333359e-07,0
stage6_03,0,complexity_time,1,fcfs,6,0,,,,6.699701771140099e-07,0
stage6_03,0,complexity_time,1,edf,0,1,train:167,train:167,train:167,2.1644984371960163e-05,0
stage6_03,0,complexity_time,1,edf,1,1,train:324,train:324,train:324,1.7071026377379894e-05,0
stage6_03,0,complexity_time,1,edf,2,0,,,,2.8229551389813423e-06,0
stage6_03,0,complexity_time,1,edf,3,0,,,,7.600756362080574e-07,0
stage6_03,0,complexity_time,1,edf,4,0,,,,6.820773705840111e-07,0
stage6_03,0,complexity_time,1,edf,5,0,,,,6.819609552621841e-07,0
stage6_03,0,complexity_time,1,edf,6,0,,,,6.409827619791031e-07,0
stage6_03,0,complexity_time,2,uncertainty,0,1,train:167,train:167,train:167,2.1504005417227745e-05,0
stage6_03,0,complexity_time,2,uncertainty,2,1,train:324,train:324,train:324,3.725208807736635e-05,0
stage6_03,0,complexity_time,2,uncertainty,4,0,,,,3.5080593079328537e-06,0
stage6_03,0,complexity_time,2,uncertainty,5,0,,,,7.689232006669044e-07,0
stage6_03,0,complexity_time,2,uncertainty,6,0,,,,6.670597940683365e-07,0
stage6_03,0,complexity_time,2,greedy,0,1,train:167,train:167,train:167,3.0491966754198074e-05,0
stage6_03,0,complexity_time,2,greedy,2,1,train:324,train:324,train:324,4.439894109964371e-05,0
stage6_03,0,complexity_time,2,greedy,4,0,,,,3.1120143830776215e-06,0
stage6_03,0,complexity_time,2,greedy,5,0,,,,7.950002327561378e-07,0
stage6_03,0,complexity_time,2,greedy,6,0,,,,7.390044629573822e-07,0
stage6_03,0,complexity_time,2,search,0,1,train:167,train:167,train:167,2.547004260122776e-05,2
stage6_03,0,complexity_time,2,search,2,1,train:324,train:324,train:324,3.832194488495588e-05,2
stage6_03,0,complexity_time,2,search,4,0,,,,4.968023858964443e-06,0
stage6_03,0,complexity_time,2,search,5,0,,,,8.420320227742195e-07,0
stage6_03,0,complexity_time,2,search,6,0,,,,6.809132173657417e-07,0
stage6_03,0,complexity_time,2,no_review,0,1,,train:167,train:167,2.01639486476779e-05,0
stage6_03,0,complexity_time,2,no_review,1,1,,train:324,train:324,2.1543004550039768e-05,0
stage6_03,0,complexity_time,2,no_review,2,1,,train:324,train:324,3.805989399552345e-05,0
stage6_03,0,complexity_time,2,no_review,3,1,,train:324,train:324,1.1965050362050533e-05,0
stage6_03,0,complexity_time,2,no_review,4,1,,train:324,train:324,1.2241071090102196e-05,0
stage6_03,0,complexity_time,2,no_review,5,0,,,,1.2416974641382694e-05,0
stage6_03,0,complexity_time,2,no_review,6,0,,,,3.53401992470026e-06,0
stage6_03,0,complexity_time,2,fcfs,0,1,train:167,train:167,train:167,1.8636928871273994e-05,0
stage6_03,0,complexity_time,2,fcfs,2,1,train:324,train:324,train:324,2.258399035781622e-05,0
stage6_03,0,complexity_time,2,fcfs,4,0,,,,4.507019184529781e-06,0
stage6_03,0,complexity_time,2,fcfs,5,0,,,,8.009374141693115e-07,0
stage6_03,0,complexity_time,2,fcfs,6,0,,,,6.859190762042999e-07,0
stage6_03,0,complexity_time,2,edf,0,1,train:167,train:167,train:167,2.2018910385668278e-05,0
stage6_03,0,complexity_time,2,edf,2,1,train:324,train:324,train:324,4.2221974581480026e-05,0
stage6_03,0,complexity_time,2,edf,4,0,,,,3.537978045642376e-06,0
stage6_03,0,complexity_time,2,edf,5,0,,,,7.289927452802658e-07,0
stage6_03,0,complexity_time,2,edf,6,0,,,,6.690388545393944e-07,0
stage6_03,1,reference,1,uncertainty,0,0,,,,9.518000297248363e-06,0
stage6_03,1,reference,1,uncertainty,1,1,train:324,train:324,train:324,2.2724037989974022e-05,0
stage6_03,1,reference,1,uncertainty,2,0,,,,5.702953785657883e-06,0
stage6_03,1,reference,1,uncertainty,3,0,,,,7.170019671320915e-07,0
stage6_03,1,reference,1,uncertainty,4,0,,,,6.569316610693932e-07,0
stage6_03,1,reference,1,uncertainty,5,0,,,,6.669433787465096e-07,0
stage6_03,1,reference,1,uncertainty,6,0,,,,6.520422175526619e-07,0
stage6_03,1,reference,1,greedy,0,0,,,,4.745088517665863e-06,0
stage6_03,1,reference,1,greedy,1,1,train:324,train:324,train:324,1.8748105503618717e-05,0
stage6_03,1,reference,1,greedy,2,0,,,,3.6029377952218056e-06,0
stage6_03,1,reference,1,greedy,3,0,,,,7.860362529754639e-07,0
stage6_03,1,reference,1,greedy,4,0,,,,6.93020410835743e-07,0
stage6_03,1,reference,1,greedy,5,0,,,,7.121125236153603e-07,0
stage6_03,1,reference,1,greedy,6,0,,,,6.810296326875687e-07,0
stage6_03,1,reference,1,search,0,0,,,,4.841946065425873e-06,0
stage6_03,1,reference,1,search,1,1,train:324,train:324,train:324,2.1526007913053036e-05,2
stage6_03,1,reference,1,search,2,0,,,,4.200031980872154e-06,0
stage6_03,1,reference,1,search,3,0,,,,6.740447133779526e-07,0
stage6_03,1,reference,1,search,4,0,,,,6.390037015080452e-07,0
stage6_03,1,reference,1,search,5,0,,,,6.770715117454529e-07,0
stage6_03,1,reference,1,search,6,0,,,,6.390037015080452e-07,0
stage6_03,1,reference,1,no_review,0,0,,,,5.132053047418594e-06,0
stage6_03,1,reference,1,no_review,1,1,,train:324,train:324,1.6178935766220093e-05,0
stage6_03,1,reference,1,no_review,2,1,,train:324,train:324,1.1690077371895313e-05,0
stage6_03,1,reference,1,no_review,3,1,,train:324,train:324,1.149496529251337e-05,0
stage6_03,1,reference,1,no_review,4,1,,train:324,train:324,1.1253985576331615e-05,0
stage6_03,1,reference,1,no_review,5,1,,train:324,train:324,1.1521042324602604e-05,0
stage6_03,1,reference,1,no_review,6,0,,,,3.949040547013283e-06,0
stage6_03,1,reference,1,fcfs,0,0,,,,5.074078217148781e-06,0
stage6_03,1,reference,1,fcfs,1,1,train:324,train:324,train:324,1.6745994798839092e-05,0
stage6_03,1,reference,1,fcfs,2,0,,,,3.785942681133747e-06,0
stage6_03,1,reference,1,fcfs,3,0,,,,7.00005330145359e-07,0
stage6_03,1,reference,1,fcfs,4,0,,,,6.75092451274395e-07,0
stage6_03,1,reference,1,fcfs,5,0,,,,6.830086931586266e-07,0
stage6_03,1,reference,1,fcfs,6,0,,,,6.619375199079514e-07,0
stage6_03,1,reference,1,edf,0,0,,,,2.839951775968075e-06,0
stage6_03,1,reference,1,edf,1,1,train:324,train:324,train:324,1.7201993614435196e-05,0
stage6_03,1,reference,1,edf,2,0,,,,3.230990841984749e-06,0
stage6_03,1,reference,1,edf,3,0,,,,7.640337571501732e-07,0
stage6_03,1,reference,1,edf,4,0,,,,7.009366527199745e-07,0
stage6_03,1,reference,1,edf,5,0,,,,7.050111889839172e-07,0
stage6_03,1,reference,1,edf,6,0,,,,7.080379873514175e-07,0
stage6_03,1,reference,2,uncertainty,0,0,,,,5.5569689720869064e-06,0
stage6_03,1,reference,2,uncertainty,1,1,train:324,train:324,train:324,1.8998980522155762e-05,0
stage6_03,1,reference,2,uncertainty,3,0,,,,5.149981006979942e-06,0
stage6_03,1,reference,2,uncertainty,4,0,,,,7.939524948596954e-07,0
stage6_03,1,reference,2,uncertainty,5,0,,,,6.75092451274395e-07,0
stage6_03,1,reference,2,uncertainty,6,0,,,,6.93020410835743e-07,0
stage6_03,1,reference,2,greedy,0,0,,,,3.958004526793957e-06,0
stage6_03,1,reference,2,greedy,1,1,train:324,train:324,train:324,1.8108985386788845e-05,0
stage6_03,1,reference,2,greedy,3,0,,,,1.9239960238337517e-06,0
stage6_03,1,reference,2,greedy,4,0,,,,7.289927452802658e-07,0
stage6_03,1,reference,2,greedy,5,0,,,,6.910413503646851e-07,0
stage6_03,1,reference,2,greedy,6,0,,,,6.769550964236259e-07,0
stage6_03,1,reference,2,search,0,0,,,,4.446948878467083e-06,0
stage6_03,1,reference,2,search,1,1,train:324,train:324,train:324,2.1076062694191933e-05,2
stage6_03,1,reference,2,search,3,0,,,,5.73799479752779e-06,0
stage6_03,1,reference,2,search,4,0,,,,7.849885150790215e-07,0
stage6_03,1,reference,2,search,5,0,,,,6.520422175526619e-07,0
stage6_03,1,reference,2,search,6,0,,,,6.279442459344864e-07,0
stage6_03,1,reference,2,no_review,0,0,,,,5.328096449375153e-06,0
stage6_03,1,reference,2,no_review,1,1,,train:324,train:324,1.6309903003275394e-05,0
stage6_03,1,reference,2,no_review,2,1,,train:324,train:324,1.1703930795192719e-05,0
stage6_03,1,reference,2,no_review,3,1,,train:324,train:324,1.1830008588731289e-05,0
stage6_03,1,reference,2,no_review,4,1,,train:324,train:324,1.1706957593560219e-05,0
stage6_03,1,reference,2,no_review,5,0,,,,1.1756084859371185e-05,0
stage6_03,1,reference,2,no_review,6,0,,,,5.358015187084675e-06,0
stage6_03,1,reference,2,fcfs,0,0,,,,4.491070285439491e-06,0
stage6_03,1,reference,2,fcfs,1,1,train:324,train:324,train:324,1.6271020285785198e-05,0
stage6_03,1,reference,2,fcfs,3,0,,,,3.0400697141885757e-06,0
stage6_03,1,reference,2,fcfs,4,0,,,,6.899936124682426e-07,0
stage6_03,1,reference,2,fcfs,5,0,,,,6.710179150104523e-07,0
stage6_03,1,reference,2,fcfs,6,0,,,,6.59027136862278e-07,0
stage6_03,1,reference,2,edf,0,0,,,,4.5460183173418045e-06,0
stage6_03,1,reference,2,edf,1,1,train:324,train:324,train:324,1.836707815527916e-05,0
stage6_03,1,reference,2,edf,3,0,,,,2.870103344321251e-06,0
stage6_03,1,reference,2,edf,4,0,,,,6.869668141007423e-07,0
stage6_03,1,reference,2,edf,5,0,,,,6.819609552621841e-07,0
stage6_03,1,reference,2,edf,6,0,,,,6.969785317778587e-07,0
stage6_03,1,approve_block,1,uncertainty,0,0,,,,1.2245960533618927e-05,0
stage6_03,1,approve_block,1,uncertainty,1,1,train:324,train:324,train:324,2.4017994292080402e-05,0
stage6_03,1,approve_block,1,uncertainty,2,0,,,,9.232084266841412e-06,0
stage6_03,1,approve_block,1,uncertainty,3,0,,,,1.4069955796003342e-06,0
stage6_03,1,approve_block,1,uncertainty,4,0,,,,1.2909295037388802e-06,0
stage6_03,1,approve_block,1,uncertainty,5,0,,,,1.286040060222149e-06,0
stage6_03,1,approve_block,1,uncertainty,6,0,,,,1.2139789760112762e-06,0
stage6_03,1,approve_block,1,greedy,0,0,,,,7.841968908905983e-06,0
stage6_03,1,approve_block,1,greedy,1,1,train:324,train:324,train:324,3.0630966648459435e-05,0
stage6_03,1,approve_block,1,greedy,2,0,,,,5.019013769924641e-06,0
stage6_03,1,approve_block,1,greedy,3,0,,,,1.3739336282014847e-06,0
stage6_03,1,approve_block,1,greedy,4,0,,,,1.3880198821425438e-06,0
stage6_03,1,approve_block,1,greedy,5,0,,,,1.3599637895822525e-06,0
stage6_03,1,approve_block,1,greedy,6,0,,,,1.3379612937569618e-06,0
stage6_03,1,approve_block,1,search,0,0,,,,4.222034476697445e-06,0
stage6_03,1,approve_block,1,search,1,1,train:324,train:324,train:324,3.1311996281147e-05,2
stage6_03,1,approve_block,1,search,2,0,,,,5.94195444136858e-06,0
stage6_03,1,approve_block,1,search,3,0,,,,7.409835234284401e-07,0
stage6_03,1,approve_block,1,search,4,0,,,,6.830086931586266e-07,0
stage6_03,1,approve_block,1,search,5,0,,,,6.610061973333359e-07,0
stage6_03,1,approve_block,1,search,6,0,,,,6.620539352297783e-07,0
stage6_03,1,approve_block,1,no_review,0,0,,,,4.437984898686409e-06,0
stage6_03,1,approve_block,1,no_review,1,1,,train:324,train:324,1.6029924154281616e-05,0
stage6_03,1,approve_block,1,no_review,2,1,,train:324,train:324,1.1489959433674812e-05,0
stage6_03,1,approve_block,1,no_review,3,1,,train:324,train:324,1.1408934369683266e-05,0
stage6_03,1,approve_block,1,no_review,4,1,,train:324,train:324,1.1158990673720837e-05,0
stage6_03,1,approve_block,1,no_review,5,1,,train:324,train:324,1.1512893252074718e-05,0
stage6_03,1,approve_block,1,no_review,6,0,,,,4.0049199014902115e-06,0
stage6_03,1,approve_block,1,fcfs,0,0,,,,5.579087883234024e-06,0
stage6_03,1,approve_block,1,fcfs,1,1,train:324,train:324,train:324,2.8454000130295753e-05,0
stage6_03,1,approve_block,1,fcfs,2,0,,,,4.935078322887421e-06,0
stage6_03,1,approve_block,1,fcfs,3,0,,,,7.530907168984413e-07,0
stage6_03,1,approve_block,1,fcfs,4,0,,,,6.949994713068008e-07,0
stage6_03,1,approve_block,1,fcfs,5,0,,,,6.550690159201622e-07,0
stage6_03,1,approve_block,1,fcfs,6,0,,,,6.780028343200684e-07,0
stage6_03,1,approve_block,1,edf,0,0,,,,4.608999006450176e-06,0
stage6_03,1,approve_block,1,edf,1,1,train:324,train:324,train:324,1.791701652109623e-05,0
stage6_03,1,approve_block,1,edf,2,0,,,,4.05206810683012e-06,0
stage6_03,1,approve_block,1,edf,3,0,,,,7.729977369308472e-07,0
stage6_03,1,approve_block,1,edf,4,0,,,,6.770715117454529e-07,0
stage6_03,1,approve_block,1,edf,5,0,,,,6.67991116642952e-07,0
stage6_03,1,approve_block,1,edf,6,0,,,,6.600748747587204e-07,0
stage6_03,1,approve_block,2,uncertainty,0,0,,,,3.87697946280241e-06,0
stage6_03,1,approve_block,2,uncertainty,1,1,train:324,train:324,train:324,1.8780003301799297e-05,0
stage6_03,1,approve_block,2,uncertainty,3,0,,,,4.909001290798187e-06,0
stage6_03,1,approve_block,2,uncertainty,4,0,,,,7.490161806344986e-07,0
stage6_03,1,approve_block,2,uncertainty,5,0,,,,6.420304998755455e-07,0
stage6_03,1,approve_block,2,uncertainty,6,0,,,,6.430782377719879e-07,0
stage6_03,1,approve_block,2,greedy,0,0,,,,4.354049451649189e-06,0
stage6_03,1,approve_block,2,greedy,1,1,train:324,train:324,train:324,1.9185012206435204e-05,0
stage6_03,1,approve_block,2,greedy,3,0,,,,3.9049191400408745e-06,0
stage6_03,1,approve_block,2,greedy,4,0,,,,7.470371201634407e-07,0
stage6_03,1,approve_block,2,greedy,5,0,,,,6.830086931586266e-07,0
stage6_03,1,approve_block,2,greedy,6,0,,,,6.770715117454529e-07,0
stage6_03,1,approve_block,2,search,0,0,,,,5.141017027199268e-06,0
stage6_03,1,approve_block,2,search,1,1,train:324,train:324,train:324,2.275302540510893e-05,2
stage6_03,1,approve_block,2,search,3,0,,,,8.721021004021168e-06,0
stage6_03,1,approve_block,2,search,4,0,,,,1.4869729056954384e-06,0
stage6_03,1,approve_block,2,search,5,0,,,,1.434003934264183e-06,0
stage6_03,1,approve_block,2,search,6,0,,,,1.4189863577485085e-06,0
stage6_03,1,approve_block,2,no_review,0,0,,,,3.763008862733841e-06,0
stage6_03,1,approve_block,2,no_review,1,1,,train:324,train:324,1.590896863490343e-05,0
stage6_03,1,approve_block,2,no_review,2,1,,train:324,train:324,1.1809985153377056e-05,0
stage6_03,1,approve_block,2,no_review,3,1,,train:324,train:324,1.1377036571502686e-05,0
stage6_03,1,approve_block,2,no_review,4,1,,train:324,train:324,1.1394033208489418e-05,0
stage6_03,1,approve_block,2,no_review,5,0,,,,1.1140014976263046e-05,0
stage6_03,1,approve_block,2,no_review,6,0,,,,5.591078661382198e-06,0
stage6_03,1,approve_block,2,fcfs,0,0,,,,5.06197102367878e-06,0
stage6_03,1,approve_block,2,fcfs,1,1,train:324,train:324,train:324,1.6925972886383533e-05,0
stage6_03,1,approve_block,2,fcfs,3,0,,,,5.413079634308815e-06,0
stage6_03,1,approve_block,2,fcfs,4,0,,,,1.4130491763353348e-06,0
stage6_03,1,approve_block,2,fcfs,5,0,,,,1.1009396985173225e-06,0
stage6_03,1,approve_block,2,fcfs,6,0,,,,1.0320218279957771e-06,0
stage6_03,1,approve_block,2,edf,0,0,,,,4.5050401240587234e-06,0
stage6_03,1,approve_block,2,edf,1,1,train:324,train:324,train:324,1.9129016436636448e-05,0
stage6_03,1,approve_block,2,edf,3,0,,,,5.2050454542040825e-06,0
stage6_03,1,approve_block,2,edf,4,0,,,,7.180497050285339e-07,0
stage6_03,1,approve_block,2,edf,5,0,,,,6.529735401272774e-07,0
stage6_03,1,approve_block,2,edf,6,0,,,,6.760237738490105e-07,0
stage6_03,1,complexity_time,1,uncertainty,0,0,,,,4.371977411210537e-06,0
stage6_03,1,complexity_time,1,uncertainty,1,1,train:324,train:324,train:324,1.8908060155808926e-05,0
stage6_03,1,complexity_time,1,uncertainty,2,0,,,,7.607974112033844e-06,0
stage6_03,1,complexity_time,1,uncertainty,3,0,,,,7.320195436477661e-07,0
stage6_03,1,complexity_time,1,uncertainty,4,0,,,,6.660120561718941e-07,0
stage6_03,1,complexity_time,1,uncertainty,5,0,,,,6.980262696743011e-07,0
stage6_03,1,complexity_time,1,uncertainty,6,0,,,,6.649643182754517e-07,0
stage6_03,1,complexity_time,1,greedy,0,0,,,,4.815985448658466e-06,0
stage6_03,1,complexity_time,1,greedy,1,1,train:324,train:324,train:324,1.988897565752268e-05,0
stage6_03,1,complexity_time,1,greedy,2,0,,,,4.577916115522385e-06,0
stage6_03,1,complexity_time,1,greedy,3,0,,,,7.390044629573822e-07,0
stage6_03,1,complexity_time,1,greedy,4,0,,,,6.619375199079514e-07,0
stage6_03,1,complexity_time,1,greedy,5,0,,,,6.760237738490105e-07,0
stage6_03,1,complexity_time,1,greedy,6,0,,,,6.799818947911263e-07,0
stage6_03,1,complexity_time,1,search,0,0,,,,4.297937266528606e-06,0
stage6_03,1,complexity_time,1,search,1,1,train:324,train:324,train:324,2.7927104383707047e-05,2
stage6_03,1,complexity_time,1,search,2,0,,,,4.591071046888828e-06,0
stage6_03,1,complexity_time,1,search,3,0,,,,7.470371201634407e-07,0
stage6_03,1,complexity_time,1,search,4,0,,,,6.940681487321854e-07,0
stage6_03,1,complexity_time,1,search,5,0,,,,6.459886208176613e-07,0
stage6_03,1,complexity_time,1,search,6,0,,,,6.540212780237198e-07,0
stage6_03,1,complexity_time,1,no_review,0,0,,,,4.889094270765781e-06,0
stage6_03,1,complexity_time,1,no_review,1,1,,train:324,train:324,1.6111996956169605e-05,0
stage6_03,1,complexity_time,1,no_review,2,1,,train:324,train:324,1.1676107533276081e-05,0
stage6_03,1,complexity_time,1,no_review,3,1,,train:324,train:324,1.1560041457414627e-05,0
stage6_03,1,complexity_time,1,no_review,4,1,,train:324,train:324,1.1453055776655674e-05,0
stage6_03,1,complexity_time,1,no_review,5,1,,train:324,train:324,1.1572032235562801e-05,0
stage6_03,1,complexity_time,1,no_review,6,0,,,,6.218091584742069e-06,0
stage6_03,1,complexity_time,1,fcfs,0,0,,,,5.171983502805233e-06,0
stage6_03,1,complexity_time,1,fcfs,1,1,train:324,train:324,train:324,1.7823069356381893e-05,0
stage6_03,1,complexity_time,1,fcfs,2,0,,,,3.4349504858255386e-06,0
stage6_03,1,complexity_time,1,fcfs,3,0,,,,7.050111889839172e-07,0
stage6_03,1,complexity_time,1,fcfs,4,0,,,,6.390037015080452e-07,0
stage6_03,1,complexity_time,1,fcfs,5,0,,,,6.549526005983353e-07,0
stage6_03,1,complexity_time,1,fcfs,6,0,,,,6.289919838309288e-07,0
stage6_03,1,complexity_time,1,edf,0,0,,,,4.322966560721397e-06,0
stage6_03,1,complexity_time,1,edf,1,1,train:324,train:324,train:324,1.8524937331676483e-05,0
stage6_03,1,complexity_time,1,edf,2,0,,,,5.315057933330536e-06,0
stage6_03,1,complexity_time,1,edf,3,0,,,,7.270136848092079e-07,0
stage6_03,1,complexity_time,1,edf,4,0,,,,6.849877536296844e-07,0
stage6_03,1,complexity_time,1,edf,5,0,,,,7.059425115585327e-07,0
stage6_03,1,complexity_time,1,edf,6,0,,,,6.640329957008362e-07,0
stage6_03,1,complexity_time,2,uncertainty,0,0,,,,7.229042239487171e-06,0
stage6_03,1,complexity_time,2,uncertainty,1,1,train:324,train:324,train:324,2.074195072054863e-05,0
stage6_03,1,complexity_time,2,uncertainty,3,0,,,,3.5860575735569e-06,0
stage6_03,1,complexity_time,2,uncertainty,4,0,,,,6.949994713068008e-07,0
stage6_03,1,complexity_time,2,uncertainty,5,0,,,,6.890622898936272e-07,0
stage6_03,1,complexity_time,2,uncertainty,6,0,,,,6.869668141007423e-07,0
stage6_03,1,complexity_time,2,greedy,0,0,,,,4.817964509129524e-06,0
stage6_03,1,complexity_time,2,greedy,1,1,train:324,train:324,train:324,1.8925988115370274e-05,0
stage6_03,1,complexity_time,2,greedy,3,0,,,,2.7960631996393204e-06,0
stage6_03,1,complexity_time,2,greedy,4,0,,,,7.729977369308472e-07,0
stage6_03,1,complexity_time,2,greedy,5,0,,,,6.67991116642952e-07,0
stage6_03,1,complexity_time,2,greedy,6,0,,,,6.479676812887192e-07,0
stage6_03,1,complexity_time,2,search,0,0,,,,4.658941179513931e-06,0
stage6_03,1,complexity_time,2,search,1,1,train:324,train:324,train:324,2.3232889361679554e-05,2
stage6_03,1,complexity_time,2,search,3,0,,,,4.414934664964676e-06,0
stage6_03,1,complexity_time,2,search,4,0,,,,7.41099938750267e-07,0
stage6_03,1,complexity_time,2,search,5,0,,,,6.50063157081604e-07,0
stage6_03,1,complexity_time,2,search,6,0,,,,6.639165803790092e-07,0
stage6_03,1,complexity_time,2,no_review,0,0,,,,4.247063770890236e-06,0
stage6_03,1,complexity_time,2,no_review,1,1,,train:324,train:324,1.65329547598958e-05,0
stage6_03,1,complexity_time,2,no_review,2,1,,train:324,train:324,1.1857016943395138e-05,0
stage6_03,1,complexity_time,2,no_review,3,1,,train:324,train:324,1.1521042324602604e-05,0
stage6_03,1,complexity_time,2,no_review,4,1,,train:324,train:324,1.1591007933020592e-05,0
stage6_03,1,complexity_time,2,no_review,5,0,,,,1.1675059795379639e-05,0
stage6_03,1,complexity_time,2,no_review,6,0,,,,3.0389055609703064e-06,0
stage6_03,1,complexity_time,2,fcfs,0,0,,,,4.956964403390884e-06,0
stage6_03,1,complexity_time,2,fcfs,1,1,train:324,train:324,train:324,1.6841921024024487e-05,0
stage6_03,1,complexity_time,2,fcfs,3,0,,,,3.009103238582611e-06,0
stage6_03,1,complexity_time,2,fcfs,4,0,,,,7.610069587826729e-07,0
stage6_03,1,complexity_time,2,fcfs,5,0,,,,7.540220394730568e-07,0
stage6_03,1,complexity_time,2,fcfs,6,0,,,,6.660120561718941e-07,0
stage6_03,1,complexity_time,2,edf,0,0,,,,3.734021447598934e-06,0
stage6_03,1,complexity_time,2,edf,1,1,train:324,train:324,train:324,1.7793034203350544e-05,0
stage6_03,1,complexity_time,2,edf,3,0,,,,2.9570655897259712e-06,0
stage6_03,1,complexity_time,2,edf,4,0,,,,7.330672815442085e-07,0
stage6_03,1,complexity_time,2,edf,5,0,,,,6.359769031405449e-07,0
stage6_03,1,complexity_time,2,edf,6,0,,,,6.409827619791031e-07,0
stage6_03,2,reference,1,uncertainty,0,1,train:167,train:167,train:167,2.2685038857162e-05,0
stage6_03,2,reference,1,uncertainty,1,1,train:324,train:324,train:324,2.35079787671566e-05,0
stage6_03,2,reference,1,uncertainty,2,0,,,,3.5209814086556435e-06,0
stage6_03,2,reference,1,uncertainty,3,0,,,,7.479684427380562e-07,0
stage6_03,2,reference,1,uncertainty,4,0,,,,6.810296326875687e-07,0
stage6_03,2,reference,1,uncertainty,5,0,,,,6.660120561718941e-07,0
stage6_03,2,reference,1,uncertainty,6,0,,,,6.409827619791031e-07,0
stage6_03,2,reference,1,greedy,0,1,train:167,train:167,train:167,2.202496398240328e-05,0
stage6_03,2,reference,1,greedy,1,1,train:324,train:324,train:324,2.0445906557142735e-05,0
stage6_03,2,reference,1,greedy,2,0,,,,5.0798989832401276e-06,0
stage6_03,2,reference,1,greedy,3,0,,,,7.589114829897881e-07,0
stage6_03,2,reference,1,greedy,4,0,,,,7.00005330145359e-07,0
stage6_03,2,reference,1,greedy,5,0,,,,6.359769031405449e-07,0
stage6_03,2,reference,1,greedy,6,0,,,,6.50063157081604e-07,0
stage6_03,2,reference,1,search,0,1,train:167,train:167,train:167,2.6023946702480316e-05,2
stage6_03,2,reference,1,search,1,1,train:324,train:324,train:324,2.8785085305571556e-05,2
stage6_03,2,reference,1,search,2,0,,,,3.6050332710146904e-06,0
stage6_03,2,reference,1,search,3,0,,,,7.880153134465218e-07,0
stage6_03,2,reference,1,search,4,0,,,,6.560003384947777e-07,0
stage6_03,2,reference,1,search,5,0,,,,6.729969754815102e-07,0
stage6_03,2,reference,1,search,6,0,,,,6.390037015080452e-07,0
stage6_03,2,reference,1,no_review,0,1,,train:167,train:167,1.9567087292671204e-05,0
stage6_03,2,reference,1,no_review,1,2,,train:167,train:167,2.256606239825487e-05,0
stage6_03,2,reference,1,no_review,2,1,,train:324,train:324,2.7481000870466232e-05,0
stage6_03,2,reference,1,no_review,3,1,,train:324,train:324,1.1887983419001102e-05,0
stage6_03,2,reference,1,no_review,4,1,,train:324,train:324,1.149193849414587e-05,0
stage6_03,2,reference,1,no_review,5,1,,train:324,train:324,1.1740950867533684e-05,0
stage6_03,2,reference,1,no_review,6,0,,,,4.18501440435648e-06,0
stage6_03,2,reference,1,fcfs,0,1,train:167,train:167,train:167,2.0612962543964386e-05,0
stage6_03,2,reference,1,fcfs,1,1,train:324,train:324,train:324,1.7822952941060066e-05,0
stage6_03,2,reference,1,fcfs,2,0,,,,2.9740622267127037e-06,0
stage6_03,2,reference,1,fcfs,3,0,,,,7.59027898311615e-07,0
stage6_03,2,reference,1,fcfs,4,0,,,,6.579793989658356e-07,0
stage6_03,2,reference,1,fcfs,5,0,,,,6.699701771140099e-07,0
stage6_03,2,reference,1,fcfs,6,0,,,,6.379559636116028e-07,0
stage6_03,2,reference,1,edf,0,1,train:167,train:167,train:167,1.9951025024056435e-05,0
stage6_03,2,reference,1,edf,1,1,train:324,train:324,train:324,1.851597335189581e-05,0
stage6_03,2,reference,1,edf,2,0,,,,4.056026227772236e-06,0
stage6_03,2,reference,1,edf,3,0,,,,7.59027898311615e-07,0
stage6_03,2,reference,1,edf,4,0,,,,6.59027136862278e-07,0
stage6_03,2,reference,1,edf,5,0,,,,6.539048627018929e-07,0
stage6_03,2,reference,1,edf,6,0,,,,6.770715117454529e-07,0
stage6_03,2,reference,2,uncertainty,0,1,train:167,train:167,train:167,2.1555926650762558e-05,0
stage6_03,2,reference,2,uncertainty,2,1,train:324,train:324,train:324,4.449603147804737e-05,0
stage6_03,2,reference,2,uncertainty,4,0,,,,4.299101419746876e-06,0
stage6_03,2,reference,2,uncertainty,5,0,,,,7.50063918530941e-07,0
stage6_03,2,reference,2,uncertainty,6,0,,,,6.739282980561256e-07,0
stage6_03,2,reference,2,greedy,0,1,train:167,train:167,train:167,2.2307969629764557e-05,0
stage6_03,2,reference,2,greedy,2,1,train:324,train:324,train:324,2.6523019187152386e-05,0
stage6_03,2,reference,2,greedy,4,0,,,,2.378947101533413e-06,0
stage6_03,2,reference,2,greedy,5,0,,,,7.619382813572884e-07,0
stage6_03,2,reference,2,greedy,6,0,,,,6.479676812887192e-07,0
stage6_03,2,reference,2,search,0,1,train:167,train:167,train:167,2.58890213444829e-05,2
stage6_03,2,reference,2,search,2,1,train:324,train:324,train:324,4.4959946535527706e-05,2
stage6_03,2,reference,2,search,4,0,,,,3.1350646167993546e-06,0
stage6_03,2,reference,2,search,5,0,,,,7.599592208862305e-07,0
stage6_03,2,reference,2,search,6,0,,,,6.639165803790092e-07,0
stage6_03,2,reference,2,no_review,0,1,,train:167,train:167,1.8805963918566704e-05,0
stage6_03,2,reference,2,no_review,1,1,,train:324,train:324,2.1743937395513058e-05,0
stage6_03,2,reference,2,no_review,2,1,,train:324,train:324,2.039398532360792e-05,0
stage6_03,2,reference,2,no_review,3,1,,train:324,train:324,1.1708005331456661e-05,0
stage6_03,2,reference,2,no_review,4,1,,train:324,train:324,1.1555966921150684e-05,0
stage6_03,2,reference,2,no_review,5,0,,,,1.1796015314757824e-05,0
stage6_03,2,reference,2,no_review,6,0,,,,5.452078767120838e-06,0
stage6_03,2,reference,2,fcfs,0,1,train:167,train:167,train:167,2.209702506661415e-05,0
stage6_03,2,reference,2,fcfs,2,1,train:324,train:324,train:324,2.205302007496357e-05,0
stage6_03,2,reference,2,fcfs,4,0,,,,2.527027390897274e-06,0
stage6_03,2,reference,2,fcfs,5,0,,,,7.620546966791153e-07,0
stage6_03,2,reference,2,fcfs,6,0,,,,6.860354915261269e-07,0
stage6_03,2,reference,2,edf,0,1,train:167,train:167,train:167,2.3011933080852032e-05,0
stage6_03,2,reference,2,edf,2,1,train:324,train:324,train:324,3.0255992896854877e-05,0
stage6_03,2,reference,2,edf,4,0,,,,3.1319214031100273e-06,0
stage6_03,2,reference,2,edf,5,0,,,,7.579801604151726e-07,0
stage6_03,2,reference,2,edf,6,0,,,,6.880145519971848e-07,0
stage6_03,2,approve_block,1,uncertainty,0,1,train:167,train:167,train:167,2.2588996216654778e-05,0
stage6_03,2,approve_block,1,uncertainty,1,1,train:324,train:324,train:324,2.2416003048419952e-05,0
stage6_03,2,approve_block,1,uncertainty,2,0,,,,3.8030557334423065e-06,0
stage6_03,2,approve_block,1,uncertainty,3,0,,,,7.379567250609398e-07,0
stage6_03,2,approve_block,1,uncertainty,4,0,,,,6.959307938814163e-07,0
stage6_03,2,approve_block,1,uncertainty,5,0,,,,6.890622898936272e-07,0
stage6_03,2,approve_block,1,uncertainty,6,0,,,,6.459886208176613e-07,0
stage6_03,2,approve_block,1,greedy,0,1,train:167,train:167,train:167,2.2539985366165638e-05,0
stage6_03,2,approve_block,1,greedy,1,1,train:324,train:324,train:324,2.7232104912400246e-05,0
stage6_03,2,approve_block,1,greedy,2,0,,,,5.441019311547279e-06,0
stage6_03,2,approve_block,1,greedy,3,0,,,,7.819617167115211e-07,0
stage6_03,2,approve_block,1,greedy,4,0,,,,6.849877536296844e-07,0
stage6_03,2,approve_block,1,greedy,5,0,,,,1.1170050129294395e-06,0
stage6_03,2,approve_block,1,greedy,6,0,,,,1.093023456633091e-06,0
stage6_03,2,approve_block,1,search,0,1,train:167,train:167,train:167,2.7623958885669708e-05,2
stage6_03,2,approve_block,1,search,1,1,train:324,train:324,train:324,2.89019662886858e-05,2
stage6_03,2,approve_block,1,search,2,0,,,,5.519948899745941e-06,0
stage6_03,2,approve_block,1,search,3,0,,,,7.459893822669983e-07,0
stage6_03,2,approve_block,1,search,4,0,,,,7.329508662223816e-07,0
stage6_03,2,approve_block,1,search,5,0,,,,6.579793989658356e-07,0
stage6_03,2,approve_block,1,search,6,0,,,,6.67991116642952e-07,0
stage6_03,2,approve_block,1,no_review,0,1,,train:167,train:167,2.2031948901712894e-05,0
stage6_03,2,approve_block,1,no_review,1,2,,train:167,train:167,2.2839056327939034e-05,0
stage6_03,2,approve_block,1,no_review,2,1,,train:324,train:324,3.18021047860384e-05,0
stage6_03,2,approve_block,1,no_review,3,1,,train:324,train:324,1.2097996659576893e-05,0
stage6_03,2,approve_block,1,no_review,4,1,,train:324,train:324,1.1519994586706161e-05,0
stage6_03,2,approve_block,1,no_review,5,1,,train:324,train:324,1.1548050679266453e-05,0
stage6_03,2,approve_block,1,no_review,6,0,,,,3.973022103309631e-06,0
stage6_03,2,approve_block,1,fcfs,0,1,train:167,train:167,train:167,1.969595905393362e-05,0
stage6_03,2,approve_block,1,fcfs,1,1,train:324,train:324,train:324,1.8866965547204018e-05,0
stage6_03,2,approve_block,1,fcfs,2,0,,,,4.457077011466026e-06,0
stage6_03,2,approve_block,1,fcfs,3,0,,,,7.200287654995918e-07,0
stage6_03,2,approve_block,1,fcfs,4,0,,,,6.660120561718941e-07,0
stage6_03,2,approve_block,1,fcfs,5,0,,,,6.400514394044876e-07,0
stage6_03,2,approve_block,1,fcfs,6,0,,,,6.270129233598709e-07,0
stage6_03,2,approve_block,1,edf,0,1,train:167,train:167,train:167,2.1566986106336117e-05,0
stage6_03,2,approve_block,1,edf,1,1,train:324,train:324,train:324,2.0696083083748817e-05,0
stage6_03,2,approve_block,1,edf,2,0,,,,3.337976522743702e-06,0
stage6_03,2,approve_block,1,edf,3,0,,,,7.230555638670921e-07,0
stage6_03,2,approve_block,1,edf,4,0,,,,6.310874596238136e-07,0
stage6_03,2,approve_block,1,edf,5,0,,,,6.470363587141037e-07,0
stage6_03,2,approve_block,1,edf,6,0,,,,6.289919838309288e-07,0
stage6_03,2,approve_block,2,uncertainty,0,1,train:167,train:167,train:167,2.1970015950500965e-05,0
stage6_03,2,approve_block,2,uncertainty,2,1,train:324,train:324,train:324,3.22581036016345e-05,0
stage6_03,2,approve_block,2,uncertainty,4,0,,,,5.4480042308568954e-06,0
stage6_03,2,approve_block,2,uncertainty,5,0,,,,1.3380777090787888e-06,0
stage6_03,2,approve_block,2,uncertainty,6,0,,,,1.451931893825531e-06,0
stage6_03,2,approve_block,2,greedy,0,1,train:167,train:167,train:167,2.170400694012642e-05,0
stage6_03,2,approve_block,2,greedy,2,1,train:324,train:324,train:324,2.5289016775786877e-05,0
stage6_03,2,approve_block,2,greedy,4,0,,,,3.8460129871964455e-06,0
stage6_03,2,approve_block,2,greedy,5,0,,,,7.870839908719063e-07,0
stage6_03,2,approve_block,2,greedy,6,0,,,,7.170019671320915e-07,0
stage6_03,2,approve_block,2,search,0,1,train:167,train:167,train:167,2.8011971153318882e-05,2
stage6_03,2,approve_block,2,search,2,1,train:324,train:324,train:324,4.281802102923393e-05,2
stage6_03,2,approve_block,2,search,4,0,,,,4.317960701882839e-06,0
stage6_03,2,approve_block,2,search,5,0,,,,8.030328899621964e-07,0
stage6_03,2,approve_block,2,search,6,0,,,,6.690388545393944e-07,0
stage6_03,2,approve_block,2,no_review,0,1,,train:167,train:167,1.881597563624382e-05,0
stage6_03,2,approve_block,2,no_review,1,1,,train:324,train:324,2.183194737881422e-05,0
stage6_03,2,approve_block,2,no_review,2,1,,train:324,train:324,4.3610925786197186e-05,0
stage6_03,2,approve_block,2,no_review,3,1,,train:324,train:324,1.2240954674780369e-05,0
stage6_03,2,approve_block,2,no_review,4,1,,train:324,train:324,1.1645955964922905e-05,0
stage6_03,2,approve_block,2,no_review,5,0,,,,1.2282980605959892e-05,0
stage6_03,2,approve_block,2,no_review,6,0,,,,3.784080035984516e-06,0
stage6_03,2,approve_block,2,fcfs,0,1,train:167,train:167,train:167,2.053799107670784e-05,0
stage6_03,2,approve_block,2,fcfs,2,1,train:324,train:324,train:324,4.171603359282017e-05,0
stage6_03,2,approve_block,2,fcfs,4,0,,,,5.622045136988163e-06,0
stage6_03,2,approve_block,2,fcfs,5,0,,,,7.690396159887314e-07,0
stage6_03,2,approve_block,2,fcfs,6,0,,,,7.309718057513237e-07,0
stage6_03,2,approve_block,2,edf,0,1,train:167,train:167,train:167,2.1461048163473606e-05,0
stage6_03,2,approve_block,2,edf,2,1,train:324,train:324,train:324,2.1076994016766548e-05,0
stage6_03,2,approve_block,2,edf,4,0,,,,1.995009370148182e-06,0
stage6_03,2,approve_block,2,edf,5,0,,,,7.83940777182579e-07,0
stage6_03,2,approve_block,2,edf,6,0,,,,6.820773705840111e-07,0
stage6_03,2,complexity_time,1,uncertainty,0,1,train:167,train:167,train:167,2.2573047317564487e-05,0
stage6_03,2,complexity_time,1,uncertainty,2,1,train:324,train:324,train:324,3.397196996957064e-05,0
stage6_03,2,complexity_time,1,uncertainty,3,0,,,,4.525994881987572e-06,0
stage6_03,2,complexity_time,1,uncertainty,4,0,,,,9.129289537668228e-07,0
stage6_03,2,complexity_time,1,uncertainty,5,0,,,,6.610061973333359e-07,0
stage6_03,2,complexity_time,1,uncertainty,6,0,,,,6.650807335972786e-07,0
stage6_03,2,complexity_time,1,greedy,0,1,train:167,train:167,train:167,2.084602601826191e-05,0
stage6_03,2,complexity_time,1,greedy,2,1,train:324,train:324,train:324,3.2212003134191036e-05,0
stage6_03,2,complexity_time,1,greedy,3,0,,,,2.437969669699669e-06,0
stage6_03,2,complexity_time,1,greedy,4,0,,,,7.320195436477661e-07,0
stage6_03,2,complexity_time,1,greedy,5,0,,,,6.789341568946838e-07,0
stage6_03,2,complexity_time,1,greedy,6,0,,,,6.649643182754517e-07,0
stage6_03,2,complexity_time,1,search,0,1,train:167,train:167,train:167,2.3726955987513065e-05,2
stage6_03,2,complexity_time,1,search,2,1,train:324,train:324,train:324,3.5954988561570644e-05,2
stage6_03,2,complexity_time,1,search,3,0,,,,3.742985427379608e-06,0
stage6_03,2,complexity_time,1,search,4,0,,,,7.320195436477661e-07,0
stage6_03,2,complexity_time,1,search,5,0,,,,6.579793989658356e-07,0
stage6_03,2,complexity_time,1,search,6,0,,,,6.560003384947777e-07,0
stage6_03,2,complexity_time,1,no_review,0,1,,train:167,train:167,1.8505961634218693e-05,0
stage6_03,2,complexity_time,1,no_review,1,1,,train:324,train:324,2.2371066734194756e-05,0
stage6_03,2,complexity_time,1,no_review,2,1,,train:324,train:324,2.6839086785912514e-05,0
stage6_03,2,complexity_time,1,no_review,3,1,,train:324,train:324,1.1991942301392555e-05,0
stage6_03,2,complexity_time,1,no_review,4,1,,train:324,train:324,1.1357013136148453e-05,0
stage6_03,2,complexity_time,1,no_review,5,1,,train:324,train:324,1.1574942618608475e-05,0
stage6_03,2,complexity_time,1,no_review,6,0,,,,2.154032699763775e-06,0
stage6_03,2,complexity_time,1,fcfs,0,1,train:167,train:167,train:167,2.03070230782032e-05,0
stage6_03,2,complexity_time,1,fcfs,2,1,train:324,train:324,train:324,2.940394915640354e-05,0
stage6_03,2,complexity_time,1,fcfs,3,0,,,,3.4240074455738068e-06,0
stage6_03,2,complexity_time,1,fcfs,4,0,,,,7.570488378405571e-07,0
stage6_03,2,complexity_time,1,fcfs,5,0,,,,6.93020410835743e-07,0
stage6_03,2,complexity_time,1,fcfs,6,0,,,,7.170019671320915e-07,0
stage6_03,2,complexity_time,1,edf,0,1,train:167,train:167,train:167,2.1668034605681896e-05,0
stage6_03,2,complexity_time,1,edf,2,1,train:324,train:324,train:324,2.3392029106616974e-05,0
stage6_03,2,complexity_time,1,edf,3,0,,,,2.1510059013962746e-06,0
stage6_03,2,complexity_time,1,edf,4,0,,,,7.580965757369995e-07,0
stage6_03,2,complexity_time,1,edf,5,0,,,,6.710179150104523e-07,0
stage6_03,2,complexity_time,1,edf,6,0,,,,6.560003384947777e-07,0
stage6_03,2,complexity_time,2,uncertainty,0,0,,,,1.732795499265194e-05,0
stage6_03,2,complexity_time,2,uncertainty,1,1,train:324,train:324,train:324,2.5987974368035793e-05,0
stage6_03,2,complexity_time,2,uncertainty,3,0,,,,3.712950274348259e-06,0
stage6_03,2,complexity_time,2,uncertainty,4,0,,,,7.469207048416138e-07,0
stage6_03,2,complexity_time,2,uncertainty,5,0,,,,6.650807335972786e-07,0
stage6_03,2,complexity_time,2,uncertainty,6,0,,,,6.509944796562195e-07,0
stage6_03,2,complexity_time,2,greedy,0,0,,,,1.6634934581816196e-05,0
stage6_03,2,complexity_time,2,greedy,1,1,train:324,train:324,train:324,2.5687040761113167e-05,0
stage6_03,2,complexity_time,2,greedy,3,0,,,,3.481050953269005e-06,0
stage6_03,2,complexity_time,2,greedy,4,0,,,,7.649650797247887e-07,0
stage6_03,2,complexity_time,2,greedy,5,0,,,,7.029157131910324e-07,0
stage6_03,2,complexity_time,2,greedy,6,0,,,,6.619375199079514e-07,0
stage6_03,2,complexity_time,2,search,0,0,,,,1.7671962268650532e-05,0
stage6_03,2,complexity_time,2,search,1,1,train:324,train:324,train:324,2.931209746748209e-05,2
stage6_03,2,complexity_time,2,search,3,0,,,,4.959991201758385e-06,0
stage6_03,2,complexity_time,2,search,4,0,,,,8.080387488007545e-07,0
stage6_03,2,complexity_time,2,search,5,0,,,,7.010530680418015e-07,0
stage6_03,2,complexity_time,2,search,6,0,,,,6.959307938814163e-07,0
stage6_03,2,complexity_time,2,no_review,0,0,,,,1.7201993614435196e-05,0
stage6_03,2,complexity_time,2,no_review,1,1,,train:324,train:324,2.3463042452931404e-05,0
stage6_03,2,complexity_time,2,no_review,2,1,,train:324,train:324,4.105805419385433e-05,0
stage6_03,2,complexity_time,2,no_review,3,1,,train:324,train:324,1.2240023352205753e-05,0
stage6_03,2,complexity_time,2,no_review,4,1,,train:324,train:324,1.1981930583715439e-05,0
stage6_03,2,complexity_time,2,no_review,5,0,,,,1.2105097994208336e-05,0
stage6_03,2,complexity_time,2,no_review,6,0,,,,3.44705767929554e-06,0
stage6_03,2,complexity_time,2,fcfs,0,0,,,,1.607800368219614e-05,0
stage6_03,2,complexity_time,2,fcfs,1,1,train:324,train:324,train:324,2.3733009584248066e-05,0
stage6_03,2,complexity_time,2,fcfs,3,0,,,,3.859982825815678e-06,0
stage6_03,2,complexity_time,2,fcfs,4,0,,,,7.9302117228508e-07,0
stage6_03,2,complexity_time,2,fcfs,5,0,,,,7.100170478224754e-07,0
stage6_03,2,complexity_time,2,fcfs,6,0,,,,6.780028343200684e-07,0
stage6_03,2,complexity_time,2,edf,0,0,,,,1.727708149701357e-05,0
stage6_03,2,complexity_time,2,edf,1,1,train:324,train:324,train:324,2.58319778367877e-05,0
stage6_03,2,complexity_time,2,edf,3,0,,,,6.329966709017754e-06,0
stage6_03,2,complexity_time,2,edf,4,0,,,,7.670605555176735e-07,0
stage6_03,2,complexity_time,2,edf,5,0,,,,7.239868864417076e-07,0
stage6_03,2,complexity_time,2,edf,6,0,,,,6.910413503646851e-07,0
stage6_04,0,reference,2,greedy,0,1,train:169,train:169,train:169,1.9986997358500957e-05,0
stage6_04,0,reference,2,greedy,2,1,train:450,train:450,train:450,3.0222930945456028e-05,0
stage6_04,0,reference,2,greedy,4,0,,,,3.6370474845170975e-06,0
stage6_04,0,reference,2,greedy,5,0,,,,8.00006091594696e-07,0
stage6_04,0,reference,2,greedy,6,0,,,,7.239868864417076e-07,0
stage6_04,0,reference,2,search,0,1,train:169,train:169,train:169,2.460600808262825e-05,2
stage6_04,0,reference,2,search,2,1,train:450,train:450,train:450,3.0079041607677937e-05,2
stage6_04,0,reference,2,search,4,0,,,,2.5959452614188194e-06,0
stage6_04,0,reference,2,search,5,0,,,,7.669441401958466e-07,0
stage6_04,0,reference,2,search,6,0,,,,7.060589268803596e-07,0
stage6_04,0,reference,2,no_review,0,1,,train:169,train:169,1.7782091163098812e-05,0
stage6_04,0,reference,2,no_review,1,2,,train:450,train:169,2.2539985366165638e-05,0
stage6_04,0,reference,2,no_review,2,2,,train:450,train:169,2.1875021047890186e-05,0
stage6_04,0,reference,2,no_review,3,1,,train:450,train:450,2.126791514456272e-05,0
stage6_04,0,reference,2,no_review,4,1,,train:450,train:450,2.898892853409052e-05,0
stage6_04,0,reference,2,no_review,5,0,,,,1.19450269266963e-05,0
stage6_04,0,reference,2,no_review,6,0,,,,2.095010131597519e-06,0
stage6_04,0,reference,2,fcfs,0,1,train:169,train:169,train:169,1.8551014363765717e-05,0
stage6_04,0,reference,2,fcfs,2,1,train:450,train:450,train:450,2.704502549022436e-05,0
stage6_04,0,reference,2,fcfs,4,0,,,,2.6389025151729584e-06,0
stage6_04,0,reference,2,fcfs,5,0,,,,7.50063918530941e-07,0
stage6_04,0,reference,2,fcfs,6,0,,,,6.940681487321854e-07,0
stage6_04,0,reference,2,edf,0,1,train:169,train:169,train:169,1.9605038687586784e-05,0
stage6_04,0,reference,2,edf,2,1,train:450,train:450,train:450,2.634094562381506e-05,0
stage6_04,0,reference,2,edf,4,0,,,,2.1940795704722404e-06,0
stage6_04,0,reference,2,edf,5,0,,,,1.5529803931713104e-06,0
stage6_04,0,reference,2,edf,6,0,,,,6.940681487321854e-07,0
stage6_04,0,reference,2,uncertainty,0,1,train:169,train:169,train:169,1.9686995074152946e-05,0
stage6_04,0,reference,2,uncertainty,2,1,train:450,train:450,train:450,5.2047078497707844e-05,0
stage6_04,0,reference,2,uncertainty,4,0,,,,2.7900096029043198e-06,0
stage6_04,0,reference,2,uncertainty,5,0,,,,7.720664143562317e-07,0
stage6_04,0,reference,2,uncertainty,6,0,,,,7.030321285128593e-07,0
stage6_04,0,reference,1,greedy,0,1,train:169,train:169,train:169,2.0329025574028492e-05,0
stage6_04,0,reference,1,greedy,1,1,train:450,train:450,train:450,1.9588042050600052e-05,0
stage6_04,0,reference,1,greedy,2,0,,,,3.196997568011284e-06,0
stage6_04,0,reference,1,greedy,3,0,,,,7.899943739175797e-07,0
stage6_04,0,reference,1,greedy,4,0,,,,6.919726729393005e-07,0
stage6_04,0,reference,1,greedy,5,0,,,,7.459893822669983e-07,0
stage6_04,0,reference,1,greedy,6,0,,,,6.749760359525681e-07,0
stage6_04,0,reference,1,search,0,1,train:169,train:169,train:169,2.428807783871889e-05,2
stage6_04,0,reference,1,search,1,1,train:450,train:450,train:450,2.3095053620636463e-05,2
stage6_04,0,reference,1,search,2,0,,,,6.134971044957638e-06,0
stage6_04,0,reference,1,search,3,0,,,,7.520429790019989e-07,0
stage6_04,0,reference,1,search,4,0,,,,6.620539352297783e-07,0
stage6_04,0,reference,1,search,5,0,,,,1.5560071915388107e-06,0
stage6_04,0,reference,1,search,6,0,,,,6.509944796562195e-07,0
stage6_04,0,reference,1,no_review,0,1,,train:169,train:169,1.8187914974987507e-05,0
stage6_04,0,reference,1,no_review,1,2,,train:450,train:169,2.28160060942173e-05,0
stage6_04,0,reference,1,no_review,2,2,,train:450,train:169,2.1758023649454117e-05,0
stage6_04,0,reference,1,no_review,3,2,,train:450,train:169,2.1381070837378502e-05,0
stage6_04,0,reference,1,no_review,4,1,,train:450,train:450,3.125902730971575e-05,0
stage6_04,0,reference,1,no_review,5,1,,train:450,train:450,1.2221047654747963e-05,0
stage6_04,0,reference,1,no_review,6,0,,,,3.563007339835167e-06,0
stage6_04,0,reference,1,fcfs,0,1,train:169,train:169,train:169,1.931004226207733e-05,0
stage6_04,0,reference,1,fcfs,1,1,train:450,train:450,train:450,1.7988961189985275e-05,0
stage6_04,0,reference,1,fcfs,2,0,,,,1.968001015484333e-06,0
stage6_04,0,reference,1,fcfs,3,0,,,,7.589114829897881e-07,0
stage6_04,0,reference,1,fcfs,4,0,,,,6.93020410835743e-07,0
stage6_04,0,reference,1,fcfs,5,0,,,,6.660120561718941e-07,0
stage6_04,0,reference,1,fcfs,6,0,,,,6.880145519971848e-07,0
stage6_04,0,reference,1,edf,0,1,train:169,train:169,train:169,2.0385952666401863e-05,0
stage6_04,0,reference,1,edf,1,1,train:450,train:450,train:450,2.0551960915327072e-05,0
stage6_04,0,reference,1,edf,2,0,,,,5.144043825566769e-06,0
stage6_04,0,reference,1,edf,3,0,,,,8.649658411741257e-07,0
stage6_04,0,reference,1,edf,4,0,,,,6.830086931586266e-07,0
stage6_04,0,reference,1,edf,5,0,,,,1.1320225894451141e-06,0
stage6_04,0,reference,1,edf,6,0,,,,1.2799864634871483e-06,0
stage6_04,0,reference,1,uncertainty,0,1,train:169,train:169,train:169,2.0742067135870457e-05,0
stage6_04,0,reference,1,uncertainty,1,1,train:450,train:450,train:450,1.901993528008461e-05,0
stage6_04,0,reference,1,uncertainty,2,0,,,,4.3389154598116875e-06,0
stage6_04,0,reference,1,uncertainty,3,0,,,,8.039642125368118e-07,0
stage6_04,0,reference,1,uncertainty,4,0,,,,6.869668141007423e-07,0
stage6_04,0,reference,1,uncertainty,5,0,,,,6.490154191851616e-07,0
stage6_04,0,reference,1,uncertainty,6,0,,,,6.540212780237198e-07,0
stage6_04,0,approve_block,2,greedy,0,1,train:169,train:169,train:169,2.0937062799930573e-05,0
stage6_04,0,approve_block,2,greedy,2,1,train:450,train:450,train:450,3.0010007321834564e-05,0
stage6_04,0,approve_block,2,greedy,4,0,,,,2.5579938665032387e-06,0
stage6_04,0,approve_block,2,greedy,5,0,,,,7.08969309926033e-07,0
stage6_04,0,approve_block,2,greedy,6,0,,,,6.799818947911263e-07,0
stage6_04,0,approve_block,2,search,0,1,train:169,train:169,train:169,2.578296698629856e-05,2
stage6_04,0,approve_block,2,search,2,1,train:450,train:450,train:450,3.9655016735196114e-05,2
stage6_04,0,approve_block,2,search,4,0,,,,3.2959505915641785e-06,0
stage6_04,0,approve_block,2,search,5,0,,,,7.190974429249763e-07,0
stage6_04,0,approve_block,2,search,6,0,,,,6.700865924358368e-07,0
stage6_04,0,approve_block,2,no_review,0,1,,train:169,train:169,1.937698107212782e-05,0
stage6_04,0,approve_block,2,no_review,1,2,,train:450,train:169,2.268003299832344e-05,0
stage6_04,0,approve_block,2,no_review,2,2,,train:450,train:169,2.228200901299715e-05,0
stage6_04,0,approve_block,2,no_review,3,1,,train:450,train:450,2.1790037862956524e-05,0
stage6_04,0,approve_block,2,no_review,4,1,,train:450,train:450,3.13720665872097e-05,0
stage6_04,0,approve_block,2,no_review,5,0,,,,1.2429896742105484e-05,0
stage6_04,0,approve_block,2,no_review,6,0,,,,3.330991603434086e-06,0
stage6_04,0,approve_block,2,fcfs,0,1,train:169,train:169,train:169,1.8329010345041752e-05,0
stage6_04,0,approve_block,2,fcfs,2,1,train:450,train:450,train:450,2.2164080291986465e-05,0
stage6_04,0,approve_block,2,fcfs,4,0,,,,2.391054295003414e-06,0
stage6_04,0,approve_block,2,fcfs,5,0,,,,6.899936124682426e-07,0
stage6_04,0,approve_block,2,fcfs,6,0,,,,7.100170478224754e-07,0
stage6_04,0,approve_block,2,edf,0,1,train:169,train:169,train:169,3.6017969250679016e-05,0
stage6_04,0,approve_block,2,edf,2,1,train:450,train:450,train:450,4.486192483454943e-05,0
stage6_04,0,approve_block,2,edf,4,0,,,,6.7320652306079865e-06,0
stage6_04,0,approve_block,2,edf,5,0,,,,1.3069948181509972e-06,0
stage6_04,0,approve_block,2,edf,6,0,,,,1.3480894267559052e-06,0
stage6_04,0,approve_block,2,uncertainty,0,1,train:169,train:169,train:169,2.1802959963679314e-05,0
stage6_04,0,approve_block,2,uncertainty,2,1,train:450,train:450,train:450,3.913103137165308e-05,0
stage6_04,0,approve_block,2,uncertainty,4,0,,,,2.7730129659175873e-06,0
stage6_04,0,approve_block,2,uncertainty,5,0,,,,7.540220394730568e-07,0
stage6_04,0,approve_block,2,uncertainty,6,0,,,,6.749760359525681e-07,0
stage6_04,0,approve_block,1,greedy,0,1,train:169,train:169,train:169,2.181902527809143e-05,0
stage6_04,0,approve_block,1,greedy,1,1,train:450,train:450,train:450,2.4014036171138287e-05,0
stage6_04,0,approve_block,1,greedy,2,0,,,,4.081986844539642e-06,0
stage6_04,0,approve_block,1,greedy,3,0,,,,7.579801604151726e-07,0
stage6_04,0,approve_block,1,greedy,4,0,,,,6.790505722165108e-07,0
stage6_04,0,approve_block,1,greedy,5,0,,,,6.67991116642952e-07,0
stage6_04,0,approve_block,1,greedy,6,0,,,,6.600748747587204e-07,0
stage6_04,0,approve_block,1,search,0,1,train:169,train:169,train:169,2.8598005883395672e-05,2
stage6_04,0,approve_block,1,search,1,1,train:450,train:450,train:450,2.6679947040975094e-05,2
stage6_04,0,approve_block,1,search,2,0,,,,3.9800070226192474e-06,0
stage6_04,0,approve_block,1,search,3,0,,,,7.180497050285339e-07,0
stage6_04,0,approve_block,1,search,4,0,,,,6.939517334103584e-07,0
stage6_04,0,approve_block,1,search,5,0,,,,6.599584594368935e-07,0
stage6_04,0,approve_block,1,search,6,0,,,,6.920890882611275e-07,0
stage6_04,0,approve_block,1,no_review,0,1,,train:169,train:169,1.7850077711045742e-05,0
stage6_04,0,approve_block,1,no_review,1,2,,train:450,train:169,2.1905056200921535e-05,0
stage6_04,0,approve_block,1,no_review,2,2,,train:450,train:169,2.1495972760021687e-05,0
stage6_04,0,approve_block,1,no_review,3,2,,train:450,train:169,2.1348940208554268e-05,0
stage6_04,0,approve_block,1,no_review,4,1,,train:450,train:450,2.5535933673381805e-05,0
stage6_04,0,approve_block,1,no_review,5,1,,train:450,train:450,1.1791009455919266e-05,0
stage6_04,0,approve_block,1,no_review,6,0,,,,3.544962964951992e-06,0
stage6_04,0,approve_block,1,fcfs,0,1,train:169,train:169,train:169,1.926906406879425e-05,0
stage6_04,0,approve_block,1,fcfs,1,1,train:450,train:450,train:450,1.921702641993761e-05,0
stage6_04,0,approve_block,1,fcfs,2,0,,,,3.0410010367631912e-06,0
stage6_04,0,approve_block,1,fcfs,3,0,,,,8.270144462585449e-07,0
stage6_04,0,approve_block,1,fcfs,4,0,,,,6.729969754815102e-07,0
stage6_04,0,approve_block,1,fcfs,5,0,,,,1.4379620552062988e-06,0
stage6_04,0,approve_block,1,fcfs,6,0,,,,7.199123501777649e-07,0
stage6_04,0,approve_block,1,edf,0,1,train:169,train:169,train:169,1.963099930435419e-05,0
stage6_04,0,approve_block,1,edf,1,1,train:450,train:450,train:450,2.186500933021307e-05,0
stage6_04,0,approve_block,1,edf,2,0,,,,4.71901148557663e-06,0
stage6_04,0,approve_block,1,edf,3,0,,,,7.509952411055565e-07,0
stage6_04,0,approve_block,1,edf,4,0,,,,6.58910721540451e-07,0
stage6_04,0,approve_block,1,edf,5,0,,,,6.58910721540451e-07,0
stage6_04,0,approve_block,1,edf,6,0,,,,6.949994713068008e-07,0
stage6_04,0,approve_block,1,uncertainty,0,1,train:169,train:169,train:169,2.026604488492012e-05,0
stage6_04,0,approve_block,1,uncertainty,1,1,train:450,train:450,train:450,1.8391991034150124e-05,0
stage6_04,0,approve_block,1,uncertainty,2,0,,,,3.178953193128109e-06,0
stage6_04,0,approve_block,1,uncertainty,3,0,,,,8.180504664778709e-07,0
stage6_04,0,approve_block,1,uncertainty,4,0,,,,6.979098543524742e-07,0
stage6_04,0,approve_block,1,uncertainty,5,0,,,,6.880145519971848e-07,0
stage6_04,0,approve_block,1,uncertainty,6,0,,,,6.890622898936272e-07,0
stage6_04,0,complexity_time,2,greedy,0,1,train:169,train:169,train:169,2.1475018002092838e-05,0
stage6_04,0,complexity_time,2,greedy,2,1,train:450,train:450,train:450,3.15000070258975e-05,0
stage6_04,0,complexity_time,2,greedy,4,0,,,,3.6390265449881554e-06,0
stage6_04,0,complexity_time,2,greedy,5,0,,,,7.280614227056503e-07,0
stage6_04,0,complexity_time,2,greedy,6,0,,,,6.860354915261269e-07,0
stage6_04,0,complexity_time,2,search,0,1,train:169,train:169,train:169,2.679706085473299e-05,2
stage6_04,0,complexity_time,2,search,2,1,train:450,train:450,train:450,3.662100061774254e-05,2
stage6_04,0,complexity_time,2,search,4,0,,,,3.7599820643663406e-06,0
stage6_04,0,complexity_time,2,search,5,0,,,,7.399357855319977e-07,0
stage6_04,0,complexity_time,2,search,6,0,,,,6.989575922489166e-07,0
stage6_04,0,complexity_time,2,no_review,0,1,,train:169,train:169,1.862109638750553e-05,0
stage6_04,0,complexity_time,2,no_review,1,2,,train:450,train:169,2.2526015527546406e-05,0
stage6_04,0,complexity_time,2,no_review,2,2,,train:450,train:169,2.197897993028164e-05,0
stage6_04,0,complexity_time,2,no_review,3,1,,train:450,train:450,2.21210066229105e-05,0
stage6_04,0,complexity_time,2,no_review,4,1,,train:450,train:450,2.6845023967325687e-05,0
stage6_04,0,complexity_time,2,no_review,5,0,,,,1.2008007615804672e-05,0
stage6_04,0,complexity_time,2,no_review,6,0,,,,2.5490298867225647e-06,0
stage6_04,0,complexity_time,2,fcfs,0,1,train:169,train:169,train:169,1.936894841492176e-05,0
stage6_04,0,complexity_time,2,fcfs,2,1,train:450,train:450,train:450,2.7597066946327686e-05,0
stage6_04,0,complexity_time,2,fcfs,4,0,,,,2.650078386068344e-06,0
stage6_04,0,complexity_time,2,fcfs,5,0,,,,7.438939064741135e-07,0
stage6_04,0,complexity_time,2,fcfs,6,0,,,,6.639165803790092e-07,0
stage6_04,0,complexity_time,2,edf,0,1,train:169,train:169,train:169,2.180004958063364e-05,0
stage6_04,0,complexity_time,2,edf,2,1,train:450,train:450,train:450,3.3563002943992615e-05,0
stage6_04,0,complexity_time,2,edf,4,0,,,,3.922032192349434e-06,0
stage6_04,0,complexity_time,2,edf,5,0,,,,7.860362529754639e-07,0
stage6_04,0,complexity_time,2,edf,6,0,,,,6.560003384947777e-07,0
stage6_04,0,complexity_time,2,uncertainty,0,1,train:169,train:169,train:169,2.0832056179642677e-05,0
stage6_04,0,complexity_time,2,uncertainty,2,1,train:450,train:450,train:450,3.9634061977267265e-05,0
stage6_04,0,complexity_time,2,uncertainty,4,0,,,,4.563014954328537e-06,0
stage6_04,0,complexity_time,2,uncertainty,5,0,,,,8.239876478910446e-07,0
stage6_04,0,complexity_time,2,uncertainty,6,0,,,,6.949994713068008e-07,0
stage6_04,0,complexity_time,1,greedy,0,1,train:169,train:169,train:169,3.086007200181484e-05,0
stage6_04,0,complexity_time,1,greedy,1,1,train:450,train:450,train:450,2.2331951186060905e-05,0
stage6_04,0,complexity_time,1,greedy,2,0,,,,5.312031134963036e-06,0
stage6_04,0,complexity_time,1,greedy,3,0,,,,7.220078259706497e-07,0
stage6_04,0,complexity_time,1,greedy,4,0,,,,6.799818947911263e-07,0
stage6_04,0,complexity_time,1,greedy,5,0,,,,6.399350240826607e-07,0
stage6_04,0,complexity_time,1,greedy,6,0,,,,6.979098543524742e-07,0
stage6_04,0,complexity_time,1,search,0,1,train:169,train:169,train:169,2.5819987058639526e-05,2
stage6_04,0,complexity_time,1,search,1,1,train:450,train:450,train:450,2.6455032639205456e-05,2
stage6_04,0,complexity_time,1,search,2,0,,,,4.258006811141968e-06,0
stage6_04,0,complexity_time,1,search,3,0,,,,8.180504664778709e-07,0
stage6_04,0,complexity_time,1,search,4,0,,,,7.409835234284401e-07,0
stage6_04,0,complexity_time,1,search,5,0,,,,7.059425115585327e-07,0
stage6_04,0,complexity_time,1,search,6,0,,,,7.119961082935333e-07,0
stage6_04,0,complexity_time,1,no_review,0,1,,train:169,train:169,1.7937971279025078e-05,0
stage6_04,0,complexity_time,1,no_review,1,2,,train:450,train:169,2.223905175924301e-05,0
stage6_04,0,complexity_time,1,no_review,2,2,,train:450,train:169,2.1538930013775826e-05,0
stage6_04,0,complexity_time,1,no_review,3,2,,train:450,train:169,2.119503915309906e-05,0
stage6_04,0,complexity_time,1,no_review,4,1,,train:450,train:450,5.2193994633853436e-05,0
stage6_04,0,complexity_time,1,no_review,5,1,,train:450,train:450,2.009898889809847e-05,0
stage6_04,0,complexity_time,1,no_review,6,0,,,,3.891997039318085e-06,0
stage6_04,0,complexity_time,1,fcfs,0,1,train:169,train:169,train:169,3.134703729301691e-05,0
stage6_04,0,complexity_time,1,fcfs,1,1,train:450,train:450,train:450,1.966790296137333e-05,0
stage6_04,0,complexity_time,1,fcfs,2,0,,,,4.766974598169327e-06,0
stage6_04,0,complexity_time,1,fcfs,3,0,,,,8.019851520657539e-07,0
stage6_04,0,complexity_time,1,fcfs,4,0,,,,6.910413503646851e-07,0
stage6_04,0,complexity_time,1,fcfs,5,0,,,,6.610061973333359e-07,0
stage6_04,0,complexity_time,1,fcfs,6,0,,,,6.670597940683365e-07,0
stage6_04,0,complexity_time,1,edf,0,1,train:169,train:169,train:169,2.0608073100447655e-05,0
stage6_04,0,complexity_time,1,edf,1,1,train:450,train:450,train:450,2.2117048501968384e-05,0
stage6_04,0,complexity_time,1,edf,2,0,,,,2.8080539777874947e-06,0
stage6_04,0,complexity_time,1,edf,3,0,,,,7.560010999441147e-07,0
stage6_04,0,complexity_time,1,edf,4,0,,,,6.860354915261269e-07,0
stage6_04,0,complexity_time,1,edf,5,0,,,,6.540212780237198e-07,0
stage6_04,0,complexity_time,1,edf,6,0,,,,6.42961822450161e-07,0
stage6_04,0,complexity_time,1,uncertainty,0,1,train:169,train:169,train:169,2.0017963834106922e-05,0
stage6_04,0,complexity_time,1,uncertainty,1,1,train:450,train:450,train:450,2.0563951693475246e-05,0
stage6_04,0,complexity_time,1,uncertainty,2,0,,,,3.852066583931446e-06,0
stage6_04,0,complexity_time,1,uncertainty,3,0,,,,7.479684427380562e-07,0
stage6_04,0,complexity_time,1,uncertainty,4,0,,,,7.050111889839172e-07,0
stage6_04,0,complexity_time,1,uncertainty,5,0,,,,6.780028343200684e-07,0
stage6_04,0,complexity_time,1,uncertainty,6,0,,,,6.910413503646851e-07,0
stage6_04,1,reference,2,greedy,0,0,,,,5.212030373513699e-06,0
stage6_04,1,reference,2,greedy,1,1,train:450,train:450,train:450,1.976999919861555e-05,0
stage6_04,1,reference,2,greedy,3,0,,,,3.963010385632515e-06,0
stage6_04,1,reference,2,greedy,4,0,,,,7.760245352983475e-07,0
stage6_04,1,reference,2,greedy,5,0,,,,6.84056431055069e-07,0
stage6_04,1,reference,2,greedy,6,0,,,,6.720656529068947e-07,0
stage6_04,1,reference,2,search,0,0,,,,3.556022420525551e-06,0
stage6_04,1,reference,2,search,1,1,train:450,train:450,train:450,2.246198710054159e-05,2
stage6_04,1,reference,2,search,3,0,,,,3.608991391956806e-06,0
stage6_04,1,reference,2,search,4,0,,,,8.099013939499855e-07,0
stage6_04,1,reference,2,search,5,0,,,,6.658956408500671e-07,0
stage6_04,1,reference,2,search,6,0,,,,6.390037015080452e-07,0
stage6_04,1,reference,2,no_review,0,0,,,,3.535998985171318e-06,0
stage6_04,1,reference,2,no_review,1,1,,train:450,train:450,1.5782075934112072e-05,0
stage6_04,1,reference,2,no_review,2,1,,train:450,train:450,1.521699596196413e-05,0
stage6_04,1,reference,2,no_review,3,1,,train:450,train:450,2.0614941604435444e-05,0
stage6_04,1,reference,2,no_review,4,1,,train:450,train:450,1.1613010428845882e-05,0
stage6_04,1,reference,2,no_review,5,0,,,,1.2407079339027405e-05,0
stage6_04,1,reference,2,no_review,6,0,,,,8.684000931680202e-06,0
stage6_04,1,reference,2,fcfs,0,0,,,,4.568020813167095e-06,0
stage6_04,1,reference,2,fcfs,1,1,train:450,train:450,train:450,1.650606282055378e-05,0
stage6_04,1,reference,2,fcfs,3,0,,,,4.0030572563409805e-06,0
stage6_04,1,reference,2,fcfs,4,0,,,,7.859198376536369e-07,0
stage6_04,1,reference,2,fcfs,5,0,,,,8.210772648453712e-07,0
stage6_04,1,reference,2,fcfs,6,0,,,,6.899936124682426e-07,0
stage6_04,1,reference,2,edf,0,0,,,,3.272085450589657e-06,0
stage6_04,1,reference,2,edf,1,1,train:450,train:450,train:450,1.7223996110260487e-05,0
stage6_04,1,reference,2,edf,3,0,,,,3.279070369899273e-06,0
stage6_04,1,reference,2,edf,4,0,,,,7.920898497104645e-07,0
stage6_04,1,reference,2,edf,5,0,,,,6.830086931586266e-07,0
stage6_04,1,reference,2,edf,6,0,,,,6.579793989658356e-07,0
stage6_04,1,reference,2,uncertainty,0,0,,,,5.384907126426697e-06,0
stage6_04,1,reference,2,uncertainty,1,1,train:450,train:450,train:450,2.362998202443123e-05,0
stage6_04,1,reference,2,uncertainty,3,0,,,,3.571971319615841e-06,0
stage6_04,1,reference,2,uncertainty,4,0,,,,7.189810276031494e-07,0
stage6_04,1,reference,2,uncertainty,5,0,,,,6.729969754815102e-07,0
stage6_04,1,reference,2,uncertainty,6,0,,,,6.379559636116028e-07,0
stage6_04,1,reference,1,greedy,0,0,,,,3.455905243754387e-06,0
stage6_04,1,reference,1,greedy,1,1,train:450,train:450,train:450,1.8040998838841915e-05,0
stage6_04,1,reference,1,greedy,2,0,,,,3.474997356534004e-06,0
stage6_04,1,reference,1,greedy,3,0,,,,7.2503462433815e-07,0
stage6_04,1,reference,1,greedy,4,0,,,,6.980262696743011e-07,0
stage6_04,1,reference,1,greedy,5,0,,,,6.729969754815102e-07,0
stage6_04,1,reference,1,greedy,6,0,,,,6.529735401272774e-07,0
stage6_04,1,reference,1,search,0,0,,,,4.356959834694862e-06,0
stage6_04,1,reference,1,search,1,1,train:450,train:450,train:450,2.3226020857691765e-05,2
stage6_04,1,reference,1,search,2,0,,,,3.3120159059762955e-06,0
stage6_04,1,reference,1,search,3,0,,,,7.379567250609398e-07,0
stage6_04,1,reference,1,search,4,0,,,,7.129274308681488e-07,0
stage6_04,1,reference,1,search,5,0,,,,6.800983101129532e-07,0
stage6_04,1,reference,1,search,6,0,,,,6.520422175526619e-07,0
stage6_04,1,reference,1,no_review,0,0,,,,5.134032107889652e-06,0
stage6_04,1,reference,1,no_review,1,1,,train:450,train:450,1.647800672799349e-05,0
stage6_04,1,reference,1,no_review,2,1,,train:450,train:450,1.218204852193594e-05,0
stage6_04,1,reference,1,no_review,3,1,,train:450,train:450,1.2533972039818764e-05,0
stage6_04,1,reference,1,no_review,4,1,,train:450,train:450,1.1691008694469929e-05,0
stage6_04,1,reference,1,no_review,5,1,,train:450,train:450,1.1304975487291813e-05,0
stage6_04,1,reference,1,no_review,6,0,,,,4.085013642907143e-06,0
stage6_04,1,reference,1,fcfs,0,0,,,,4.117959178984165e-06,0
stage6_04,1,reference,1,fcfs,1,1,train:450,train:450,train:450,1.4859950169920921e-05,0
stage6_04,1,reference,1,fcfs,2,0,,,,3.92901711165905e-06,0
stage6_04,1,reference,1,fcfs,3,0,,,,7.84057192504406e-07,0
stage6_04,1,reference,1,fcfs,4,0,,,,6.660120561718941e-07,0
stage6_04,1,reference,1,fcfs,5,0,,,,6.660120561718941e-07,0
stage6_04,1,reference,1,fcfs,6,0,,,,6.699701771140099e-07,0
stage6_04,1,reference,1,edf,0,0,,,,4.234025254845619e-06,0
stage6_04,1,reference,1,edf,1,1,train:450,train:450,train:450,1.8461025319993496e-05,0
stage6_04,1,reference,1,edf,2,0,,,,3.296998329460621e-06,0
stage6_04,1,reference,1,edf,3,0,,,,8.359784260392189e-07,0
stage6_04,1,reference,1,edf,4,0,,,,7.291091606020927e-07,0
stage6_04,1,reference,1,edf,5,0,,,,7.419148460030556e-07,0
stage6_04,1,reference,1,edf,6,0,,,,7.259659469127655e-07,0
stage6_04,1,reference,1,uncertainty,0,0,,,,4.425994120538235e-06,0
stage6_04,1,reference,1,uncertainty,1,1,train:450,train:450,train:450,1.858698669821024e-05,0
stage6_04,1,reference,1,uncertainty,2,0,,,,3.988971002399921e-06,0
stage6_04,1,reference,1,uncertainty,3,0,,,,7.780035957694054e-07,0
stage6_04,1,reference,1,uncertainty,4,0,,,,6.629852578043938e-07,0
stage6_04,1,reference,1,uncertainty,5,0,,,,6.479676812887192e-07,0
stage6_04,1,reference,1,uncertainty,6,0,,,,6.699701771140099e-07,0
stage6_04,1,approve_block,2,greedy,0,0,,,,3.3780233934521675e-06,0
stage6_04,1,approve_block,2,greedy,1,1,train:450,train:450,train:450,1.8727034330368042e-05,0
stage6_04,1,approve_block,2,greedy,3,0,,,,4.140078090131283e-06,0
stage6_04,1,approve_block,2,greedy,4,0,,,,7.67991878092289e-07,0
stage6_04,1,approve_block,2,greedy,5,0,,,,6.75092451274395e-07,0
stage6_04,1,approve_block,2,greedy,6,0,,,,6.749760359525681e-07,0
stage6_04,1,approve_block,2,search,0,0,,,,3.817025572061539e-06,0
stage6_04,1,approve_block,2,search,1,1,train:450,train:450,train:450,2.2551976144313812e-05,2
stage6_04,1,approve_block,2,search,3,0,,,,2.7390196919441223e-06,0
stage6_04,1,approve_block,2,search,4,0,,,,7.249182090163231e-07,0
stage6_04,1,approve_block,2,search,5,0,,,,6.629852578043938e-07,0
stage6_04,1,approve_block,2,search,6,0,,,,6.93020410835743e-07,0
stage6_04,1,approve_block,2,no_review,0,0,,,,4.568020813167095e-06,0
stage6_04,1,approve_block,2,no_review,1,1,,train:450,train:450,1.6767065972089767e-05,0
stage6_04,1,approve_block,2,no_review,2,1,,train:450,train:450,1.227203756570816e-05,0
stage6_04,1,approve_block,2,no_review,3,1,,train:450,train:450,1.17570161819458e-05,0
stage6_04,1,approve_block,2,no_review,4,1,,train:450,train:450,1.1479947715997696e-05,0
stage6_04,1,approve_block,2,no_review,5,0,,,,1.1383090168237686e-05,0
stage6_04,1,approve_block,2,no_review,6,0,,,,7.538008503615856e-06,0
stage6_04,1,approve_block,2,fcfs,0,0,,,,3.605964593589306e-06,0
stage6_04,1,approve_block,2,fcfs,1,1,train:450,train:450,train:450,1.5993951819837093e-05,0
stage6_04,1,approve_block,2,fcfs,3,0,,,,2.3619504645466805e-06,0
stage6_04,1,approve_block,2,fcfs,4,0,,,,8.080387488007545e-07,0
stage6_04,1,approve_block,2,fcfs,5,0,,,,6.860354915261269e-07,0
stage6_04,1,approve_block,2,fcfs,6,0,,,,6.940681487321854e-07,0
stage6_04,1,approve_block,2,edf,0,0,,,,4.898058250546455e-06,0
stage6_04,1,approve_block,2,edf,1,1,train:450,train:450,train:450,1.808302477002144e-05,0
stage6_04,1,approve_block,2,edf,3,0,,,,3.9800070226192474e-06,0
stage6_04,1,approve_block,2,edf,4,0,,,,7.990747690200806e-07,0
stage6_04,1,approve_block,2,edf,5,0,,,,7.019843906164169e-07,0
stage6_04,1,approve_block,2,edf,6,0,,,,6.660120561718941e-07,0
stage6_04,1,approve_block,2,uncertainty,0,0,,,,4.336005076766014e-06,0
stage6_04,1,approve_block,2,uncertainty,1,1,train:450,train:450,train:450,1.7896993085741997e-05,0
stage6_04,1,approve_block,2,uncertainty,3,0,,,,2.8649810701608658e-06,0
stage6_04,1,approve_block,2,uncertainty,4,0,,,,7.300404831767082e-07,0
stage6_04,1,approve_block,2,uncertainty,5,0,,,,6.509944796562195e-07,0
stage6_04,1,approve_block,2,uncertainty,6,0,,,,6.550690159201622e-07,0
stage6_04,1,approve_block,1,greedy,0,0,,,,3.5410048440098763e-06,0
stage6_04,1,approve_block,1,greedy,1,1,train:450,train:450,train:450,1.894205342978239e-05,0
stage6_04,1,approve_block,1,greedy,2,0,,,,2.779066562652588e-06,0
stage6_04,1,approve_block,1,greedy,3,0,,,,7.731141522526741e-07,0
stage6_04,1,approve_block,1,greedy,4,0,,,,6.969785317778587e-07,0
stage6_04,1,approve_block,1,greedy,5,0,,,,6.470363587141037e-07,0
stage6_04,1,approve_block,1,greedy,6,0,,,,6.549526005983353e-07,0
stage6_04,1,approve_block,1,search,0,0,,,,5.756039172410965e-06,0
stage6_04,1,approve_block,1,search,1,1,train:450,train:450,train:450,2.3709028027951717e-05,2
stage6_04,1,approve_block,1,search,2,0,,,,3.226916305720806e-06,0
stage6_04,1,approve_block,1,search,3,0,,,,7.209600880742073e-07,0
stage6_04,1,approve_block,1,search,4,0,,,,7.010530680418015e-07,0
stage6_04,1,approve_block,1,search,5,0,,,,6.870832294225693e-07,0
stage6_04,1,approve_block,1,search,6,0,,,,6.669433787465096e-07,0
stage6_04,1,approve_block,1,no_review,0,0,,,,4.499917849898338e-06,0
stage6_04,1,approve_block,1,no_review,1,1,,train:450,train:450,1.6566948033869267e-05,0
stage6_04,1,approve_block,1,no_review,2,1,,train:450,train:450,1.202896237373352e-05,0
stage6_04,1,approve_block,1,no_review,3,1,,train:450,train:450,1.1964933946728706e-05,0
stage6_04,1,approve_block,1,no_review,4,1,,train:450,train:450,1.1799042113125324e-05,0
stage6_04,1,approve_block,1,no_review,5,1,,train:450,train:450,1.184095162898302e-05,0
stage6_04,1,approve_block,1,no_review,6,0,,,,5.111913196742535e-06,0
stage6_04,1,approve_block,1,fcfs,0,0,,,,3.824010491371155e-06,0
stage6_04,1,approve_block,1,fcfs,1,1,train:450,train:450,train:450,1.6305013559758663e-05,0
stage6_04,1,approve_block,1,fcfs,2,0,,,,3.1740637496113777e-06,0
stage6_04,1,approve_block,1,fcfs,3,0,,,,6.949994713068008e-07,0
stage6_04,1,approve_block,1,fcfs,4,0,,,,6.919726729393005e-07,0
stage6_04,1,approve_block,1,fcfs,5,0,,,,6.889458745718002e-07,0
stage6_04,1,approve_block,1,fcfs,6,0,,,,6.729969754815102e-07,0
stage6_04,1,approve_block,1,edf,0,0,,,,4.404108040034771e-06,0
stage6_04,1,approve_block,1,edf,1,1,train:450,train:450,train:450,1.903402153402567e-05,0
stage6_04,1,approve_block,1,edf,2,0,,,,2.8300564736127853e-06,0
stage6_04,1,approve_block,1,edf,3,0,,,,7.67991878092289e-07,0
stage6_04,1,approve_block,1,edf,4,0,,,,7.239868864417076e-07,0
stage6_04,1,approve_block,1,edf,5,0,,,,6.739282980561256e-07,0
stage6_04,1,approve_block,1,edf,6,0,,,,6.92903995513916e-07,0
stage6_04,1,approve_block,1,uncertainty,0,0,,,,3.72505746781826e-06,0
stage6_04,1,approve_block,1,uncertainty,1,1,train:450,train:450,train:450,1.778104342520237e-05,0
stage6_04,1,approve_block,1,uncertainty,2,0,,,,3.25904693454504e-06,0
stage6_04,1,approve_block,1,uncertainty,3,0,,,,7.830094546079636e-07,0
stage6_04,1,approve_block,1,uncertainty,4,0,,,,7.019843906164169e-07,0
stage6_04,1,approve_block,1,uncertainty,5,0,,,,6.770715117454529e-07,0
stage6_04,1,approve_block,1,uncertainty,6,0,,,,6.830086931586266e-07,0
stage6_04,1,complexity_time,2,greedy,0,0,,,,3.993045538663864e-06,0
stage6_04,1,complexity_time,2,greedy,1,1,train:450,train:450,train:450,1.857592724263668e-05,0
stage6_04,1,complexity_time,2,greedy,3,0,,,,4.0619634091854095e-06,0
stage6_04,1,complexity_time,2,greedy,4,0,,,,7.469207048416138e-07,0
stage6_04,1,complexity_time,2,greedy,5,0,,,,6.33997842669487e-07,0
stage6_04,1,complexity_time,2,greedy,6,0,,,,6.83940015733242e-07,0
stage6_04,1,complexity_time,2,search,0,0,,,,3.85800376534462e-06,0
stage6_04,1,complexity_time,2,search,1,1,train:450,train:450,train:450,2.170703373849392e-05,2
stage6_04,1,complexity_time,2,search,3,0,,,,3.991066478192806e-06,0
stage6_04,1,complexity_time,2,search,4,0,,,,7.830094546079636e-07,0
stage6_04,1,complexity_time,2,search,5,0,,,,6.770715117454529e-07,0
stage6_04,1,complexity_time,2,search,6,0,,,,1.4229444786906242e-06,0
stage6_04,1,complexity_time,2,no_review,0,0,,,,4.761968739330769e-06,0
stage6_04,1,complexity_time,2,no_review,1,1,,train:450,train:450,1.760106533765793e-05,0
stage6_04,1,complexity_time,2,no_review,2,1,,train:450,train:450,1.1936994269490242e-05,0
stage6_04,1,complexity_time,2,no_review,3,1,,train:450,train:450,1.1353986337780952e-05,0
stage6_04,1,complexity_time,2,no_review,4,1,,train:450,train:450,1.1376920156180859e-05,0
stage6_04,1,complexity_time,2,no_review,5,0,,,,1.1435942724347115e-05,0
stage6_04,1,complexity_time,2,no_review,6,0,,,,5.324953235685825e-06,0
stage6_04,1,complexity_time,2,fcfs,0,0,,,,4.11702785640955e-06,0
stage6_04,1,complexity_time,2,fcfs,1,1,train:450,train:450,train:450,1.589907333254814e-05,0
stage6_04,1,complexity_time,2,fcfs,3,0,,,,3.1329691410064697e-06,0
stage6_04,1,complexity_time,2,fcfs,4,0,,,,7.819617167115211e-07,0
stage6_04,1,complexity_time,2,fcfs,5,0,,,,7.220078259706497e-07,0
stage6_04,1,complexity_time,2,fcfs,6,0,,,,7.021008059382439e-07,0
stage6_04,1,complexity_time,2,edf,0,0,,,,3.949971869587898e-06,0
stage6_04,1,complexity_time,2,edf,1,1,train:450,train:450,train:450,1.7918064258992672e-05,0
stage6_04,1,complexity_time,2,edf,3,0,,,,7.70308542996645e-06,0
stage6_04,1,complexity_time,2,edf,4,0,,,,7.660128176212311e-07,0
stage6_04,1,complexity_time,2,edf,5,0,,,,6.379559636116028e-07,0
stage6_04,1,complexity_time,2,edf,6,0,,,,6.50063157081604e-07,0
stage6_04,1,complexity_time,2,uncertainty,0,0,,,,3.6460114642977715e-06,0
stage6_04,1,complexity_time,2,uncertainty,1,1,train:450,train:450,train:450,1.7535989172756672e-05,0
stage6_04,1,complexity_time,2,uncertainty,3,0,,,,6.127986125648022e-06,0
stage6_04,1,complexity_time,2,uncertainty,4,0,,,,8.200295269489288e-07,0
stage6_04,1,complexity_time,2,uncertainty,5,0,,,,6.980262696743011e-07,0
stage6_04,1,complexity_time,2,uncertainty,6,0,,,,6.459886208176613e-07,0
stage6_04,1,complexity_time,1,greedy,0,0,,,,3.7010759115219116e-06,0
stage6_04,1,complexity_time,1,greedy,1,1,train:450,train:450,train:450,1.9086990505456924e-05,0
stage6_04,1,complexity_time,1,greedy,2,0,,,,4.014000296592712e-06,0
stage6_04,1,complexity_time,1,greedy,3,0,,,,7.629860192537308e-07,0
stage6_04,1,complexity_time,1,greedy,4,0,,,,7.199123501777649e-07,0
stage6_04,1,complexity_time,1,greedy,5,0,,,,7.249182090163231e-07,0
stage6_04,1,complexity_time,1,greedy,6,0,,,,6.990740075707436e-07,0
stage6_04,1,complexity_time,1,search,0,0,,,,3.837980329990387e-06,0
stage6_04,1,complexity_time,1,search,1,1,train:450,train:450,train:450,2.3361993953585625e-05,2
stage6_04,1,complexity_time,1,search,2,0,,,,4.1710445657372475e-06,0
stage6_04,1,complexity_time,1,search,3,0,,,,7.649650797247887e-07,0
stage6_04,1,complexity_time,1,search,4,0,,,,6.959307938814163e-07,0
stage6_04,1,complexity_time,1,search,5,0,,,,6.67991116642952e-07,0
stage6_04,1,complexity_time,1,search,6,0,,,,6.579793989658356e-07,0
stage6_04,1,complexity_time,1,no_review,0,0,,,,4.025991074740887e-06,0
stage6_04,1,complexity_time,1,no_review,1,1,,train:450,train:450,1.5530968084931374e-05,0
stage6_04,1,complexity_time,1,no_review,2,1,,train:450,train:450,1.167308073490858e-05,0
stage6_04,1,complexity_time,1,no_review,3,1,,train:450,train:450,1.1269934475421906e-05,0
stage6_04,1,complexity_time,1,no_review,4,1,,train:450,train:450,1.1285068467259407e-05,0
stage6_04,1,complexity_time,1,no_review,5,1,,train:450,train:450,1.1309050023555756e-05,0
stage6_04,1,complexity_time,1,no_review,6,0,,,,4.3959589675068855e-06,0
stage6_04,1,complexity_time,1,fcfs,0,0,,,,3.973022103309631e-06,0
stage6_04,1,complexity_time,1,fcfs,1,1,train:450,train:450,train:450,1.6364967450499535e-05,0
stage6_04,1,complexity_time,1,fcfs,2,0,,,,4.032044671475887e-06,0
stage6_04,1,complexity_time,1,fcfs,3,0,,,,7.399357855319977e-07,0
stage6_04,1,complexity_time,1,fcfs,4,0,,,,6.980262696743011e-07,0
stage6_04,1,complexity_time,1,fcfs,5,0,,,,6.830086931586266e-07,0
stage6_04,1,complexity_time,1,fcfs,6,0,,,,7.139751687645912e-07,0
stage6_04,1,complexity_time,1,edf,0,0,,,,4.864996299147606e-06,0
stage6_04,1,complexity_time,1,edf,1,1,train:450,train:450,train:450,1.825694926083088e-05,0
stage6_04,1,complexity_time,1,edf,2,0,,,,3.32703348249197e-06,0
stage6_04,1,complexity_time,1,edf,3,0,,,,7.509952411055565e-07,0
stage6_04,1,complexity_time,1,edf,4,0,,,,7.209600880742073e-07,0
stage6_04,1,complexity_time,1,edf,5,0,,,,6.980262696743011e-07,0
stage6_04,1,complexity_time,1,edf,6,0,,,,7.071066647768021e-07,0
stage6_04,1,complexity_time,1,uncertainty,0,0,,,,3.3939722925424576e-06,0
stage6_04,1,complexity_time,1,uncertainty,1,1,train:450,train:450,train:450,1.827895175665617e-05,0
stage6_04,1,complexity_time,1,uncertainty,2,0,,,,2.7349451556801796e-06,0
stage6_04,1,complexity_time,1,uncertainty,3,0,,,,7.870839908719063e-07,0
stage6_04,1,complexity_time,1,uncertainty,4,0,,,,7.050111889839172e-07,0
stage6_04,1,complexity_time,1,uncertainty,5,0,,,,6.299233064055443e-07,0
stage6_04,1,complexity_time,1,uncertainty,6,0,,,,6.490154191851616e-07,0
stage6_04,2,reference,2,greedy,0,1,train:169,train:169,train:169,3.814499359577894e-05,0
stage6_04,2,reference,2,greedy,2,1,train:450,train:450,train:450,3.5998993553221226e-05,0
stage6_04,2,reference,2,greedy,4,0,,,,3.5079428926110268e-06,0
stage6_04,2,reference,2,greedy,5,0,,,,7.560010999441147e-07,0
stage6_04,2,reference,2,greedy,6,0,,,,7.129274308681488e-07,0
stage6_04,2,reference,2,search,0,1,train:169,train:169,train:169,3.603007644414902e-05,2
stage6_04,2,reference,2,search,2,1,train:450,train:450,train:450,3.8720085285604e-05,2
stage6_04,2,reference,2,search,4,0,,,,3.254041075706482e-06,0
stage6_04,2,reference,2,search,5,0,,,,7.710186764597893e-07,0
stage6_04,2,reference,2,search,6,0,,,,6.51925802230835e-07,0
stage6_04,2,reference,2,no_review,0,1,,train:169,train:169,2.3477012291550636e-05,0
stage6_04,2,reference,2,no_review,1,2,,train:450,train:169,3.687699791043997e-05,0
stage6_04,2,reference,2,no_review,2,2,,train:450,train:169,2.1566986106336117e-05,0
stage6_04,2,reference,2,no_review,3,1,,train:450,train:450,2.1919026039540768e-05,0
stage6_04,2,reference,2,no_review,4,1,,train:450,train:450,2.95909121632576e-05,0
stage6_04,2,reference,2,no_review,5,0,,,,1.1647935025393963e-05,0
stage6_04,2,reference,2,no_review,6,0,,,,3.1050294637680054e-06,0
stage6_04,2,reference,2,fcfs,0,1,train:169,train:169,train:169,1.9329017959535122e-05,0
stage6_04,2,reference,2,fcfs,2,1,train:450,train:450,train:450,3.5902950912714005e-05,0
stage6_04,2,reference,2,fcfs,4,0,,,,7.713912054896355e-06,0
stage6_04,2,reference,2,fcfs,5,0,,,,8.279457688331604e-07,0
stage6_04,2,reference,2,fcfs,6,0,,,,7.109483703970909e-07,0
stage6_04,2,reference,2,edf,0,1,train:169,train:169,train:169,2.038606908172369e-05,0
stage6_04,2,reference,2,edf,2,1,train:450,train:450,train:450,6.105401553213596e-05,0
stage6_04,2,reference,2,edf,4,0,,,,3.7980498746037483e-06,0
stage6_04,2,reference,2,edf,5,0,,,,7.270136848092079e-07,0
stage6_04,2,reference,2,edf,6,0,,,,6.639165803790092e-07,0
stage6_04,2,reference,2,uncertainty,0,1,train:169,train:169,train:169,1.9536004401743412e-05,0
stage6_04,2,reference,2,uncertainty,2,1,train:450,train:450,train:450,3.3795018680393696e-05,0
stage6_04,2,reference,2,uncertainty,4,0,,,,3.823079168796539e-06,0
stage6_04,2,reference,2,uncertainty,5,0,,,,7.440103217959404e-07,0
stage6_04,2,reference,2,uncertainty,6,0,,,,6.438931450247765e-07,0
stage6_04,2,reference,1,greedy,0,1,train:169,train:169,train:169,2.082705032080412e-05,0
stage6_04,2,reference,1,greedy,1,1,train:450,train:450,train:450,2.160901203751564e-05,0
stage6_04,2,reference,1,greedy,2,0,,,,4.2530009523034096e-06,0
stage6_04,2,reference,1,greedy,3,0,,,,7.84057192504406e-07,0
stage6_04,2,reference,1,greedy,4,0,,,,6.610061973333359e-07,0
stage6_04,2,reference,1,greedy,5,0,,,,6.670597940683365e-07,0
stage6_04,2,reference,1,greedy,6,0,,,,6.570480763912201e-07,0
stage6_04,2,reference,1,search,0,1,train:169,train:169,train:169,2.4397973902523518e-05,2
stage6_04,2,reference,1,search,1,1,train:450,train:450,train:450,2.5335000827908516e-05,2
stage6_04,2,reference,1,search,2,0,,,,3.063003532588482e-06,0
stage6_04,2,reference,1,search,3,0,,,,7.289927452802658e-07,0
stage6_04,2,reference,1,search,4,0,,,,6.780028343200684e-07,0
stage6_04,2,reference,1,search,5,0,,,,6.520422175526619e-07,0
stage6_04,2,reference,1,search,6,0,,,,6.640329957008362e-07,0
stage6_04,2,reference,1,no_review,0,1,,train:169,train:169,1.795799471437931e-05,0
stage6_04,2,reference,1,no_review,1,2,,train:450,train:169,2.2436026483774185e-05,0
stage6_04,2,reference,1,no_review,2,2,,train:450,train:169,2.2864900529384613e-05,0
stage6_04,2,reference,1,no_review,3,2,,train:450,train:169,2.1688989363610744e-05,0
stage6_04,2,reference,1,no_review,4,1,,train:450,train:450,3.405299503356218e-05,0
stage6_04,2,reference,1,no_review,5,1,,train:450,train:450,1.1979951523244381e-05,0
stage6_04,2,reference,1,no_review,6,0,,,,5.051959306001663e-06,0
stage6_04,2,reference,1,fcfs,0,1,train:169,train:169,train:169,1.8767081201076508e-05,0
stage6_04,2,reference,1,fcfs,1,1,train:450,train:450,train:450,3.296905197203159e-05,0
stage6_04,2,reference,1,fcfs,2,0,,,,3.1159725040197372e-06,0
stage6_04,2,reference,1,fcfs,3,0,,,,7.739290595054626e-07,0
stage6_04,2,reference,1,fcfs,4,0,,,,6.780028343200684e-07,0
stage6_04,2,reference,1,fcfs,5,0,,,,6.560003384947777e-07,0
stage6_04,2,reference,1,fcfs,6,0,,,,6.729969754815102e-07,0
stage6_04,2,reference,1,edf,0,1,train:169,train:169,train:169,2.099794801324606e-05,0
stage6_04,2,reference,1,edf,1,1,train:450,train:450,train:450,2.0117033272981644e-05,0
stage6_04,2,reference,1,edf,2,0,,,,3.723893314599991e-06,0
stage6_04,2,reference,1,edf,3,0,,,,7.550697773694992e-07,0
stage6_04,2,reference,1,edf,4,0,,,,6.84056431055069e-07,0
stage6_04,2,reference,1,edf,5,0,,,,6.869668141007423e-07,0
stage6_04,2,reference,1,edf,6,0,,,,6.819609552621841e-07,0
stage6_04,2,reference,1,uncertainty,0,1,train:169,train:169,train:169,2.2261054255068302e-05,0
stage6_04,2,reference,1,uncertainty,1,1,train:450,train:450,train:450,2.2517982870340347e-05,0
stage6_04,2,reference,1,uncertainty,2,0,,,,3.659049980342388e-06,0
stage6_04,2,reference,1,uncertainty,3,0,,,,7.579801604151726e-07,0
stage6_04,2,reference,1,uncertainty,4,0,,,,6.610061973333359e-07,0
stage6_04,2,reference,1,uncertainty,5,0,,,,6.810296326875687e-07,0
stage6_04,2,reference,1,uncertainty,6,0,,,,6.669433787465096e-07,0
stage6_04,2,approve_block,2,greedy,0,1,train:169,train:169,train:169,2.3419968783855438e-05,0
stage6_04,2,approve_block,2,greedy,2,1,train:450,train:450,train:450,3.562995698302984e-05,0
stage6_04,2,approve_block,2,greedy,4,0,,,,4.431931301951408e-06,0
stage6_04,2,approve_block,2,greedy,5,0,,,,7.560010999441147e-07,0
stage6_04,2,approve_block,2,greedy,6,0,,,,6.789341568946838e-07,0
stage6_04,2,approve_block,2,search,0,1,train:169,train:169,train:169,2.4067005142569542e-05,2
stage6_04,2,approve_block,2,search,2,1,train:450,train:450,train:450,3.0701979994773865e-05,2
stage6_04,2,approve_block,2,search,4,0,,,,3.5910634323954582e-06,0
stage6_04,2,approve_block,2,search,5,0,,,,7.499475032091141e-07,0
stage6_04,2,approve_block,2,search,6,0,,,,6.580958142876625e-07,0
stage6_04,2,approve_block,2,no_review,0,1,,train:169,train:169,2.3270025849342346e-05,0
stage6_04,2,approve_block,2,no_review,1,2,,train:450,train:169,2.4217995814979076e-05,0
stage6_04,2,approve_block,2,no_review,2,2,,train:450,train:169,2.4419045075774193e-05,0
stage6_04,2,approve_block,2,no_review,3,1,,train:450,train:450,2.5023939087986946e-05,0
stage6_04,2,approve_block,2,no_review,4,1,,train:450,train:450,3.723497502505779e-05,0
stage6_04,2,approve_block,2,no_review,5,0,,,,1.3199984095990658e-05,0
stage6_04,2,approve_block,2,no_review,6,0,,,,4.302011802792549e-06,0
stage6_04,2,approve_block,2,fcfs,0,1,train:169,train:169,train:169,2.2051972337067127e-05,0
stage6_04,2,approve_block,2,fcfs,2,1,train:450,train:450,train:450,3.828597255051136e-05,0
stage6_04,2,approve_block,2,fcfs,4,0,,,,4.624947905540466e-06,0
stage6_04,2,approve_block,2,fcfs,5,0,,,,7.75093212723732e-07,0
stage6_04,2,approve_block,2,fcfs,6,0,,,,6.84056431055069e-07,0
stage6_04,2,approve_block,2,edf,0,1,train:169,train:169,train:169,2.2287946194410324e-05,0
stage6_04,2,approve_block,2,edf,2,1,train:450,train:450,train:450,3.4600961953401566e-05,0
stage6_04,2,approve_block,2,edf,4,0,,,,5.1370589062571526e-06,0
stage6_04,2,approve_block,2,edf,5,0,,,,7.130438461899757e-07,0
stage6_04,2,approve_block,2,edf,6,0,,,,6.980262696743011e-07,0
stage6_04,2,approve_block,2,uncertainty,0,1,train:169,train:169,train:169,2.0381994545459747e-05,0
stage6_04,2,approve_block,2,uncertainty,2,1,train:450,train:450,train:450,5.005206912755966e-05,0
stage6_04,2,approve_block,2,uncertainty,4,0,,,,4.839967004954815e-06,0
stage6_04,2,approve_block,2,uncertainty,5,0,,,,7.690396159887314e-07,0
stage6_04,2,approve_block,2,uncertainty,6,0,,,,6.849877536296844e-07,0
stage6_04,2,approve_block,1,greedy,0,1,train:169,train:169,train:169,3.9094011299312115e-05,0
stage6_04,2,approve_block,1,greedy,1,1,train:450,train:450,train:450,2.1563027985394e-05,0
stage6_04,2,approve_block,1,greedy,2,0,,,,4.390953108668327e-06,0
stage6_04,2,approve_block,1,greedy,3,0,,,,7.649650797247887e-07,0
stage6_04,2,approve_block,1,greedy,4,0,,,,7.100170478224754e-07,0
stage6_04,2,approve_block,1,greedy,5,0,,,,6.599584594368935e-07,0
stage6_04,2,approve_block,1,greedy,6,0,,,,6.860354915261269e-07,0
stage6_04,2,approve_block,1,search,0,1,train:169,train:169,train:169,2.48240539804101e-05,2
stage6_04,2,approve_block,1,search,1,1,train:450,train:450,train:450,2.796109765768051e-05,2
stage6_04,2,approve_block,1,search,2,0,,,,3.021908923983574e-06,0
stage6_04,2,approve_block,1,search,3,0,,,,7.390044629573822e-07,0
stage6_04,2,approve_block,1,search,4,0,,,,6.860354915261269e-07,0
stage6_04,2,approve_block,1,search,5,0,,,,6.540212780237198e-07,0
stage6_04,2,approve_block,1,search,6,0,,,,6.790505722165108e-07,0
stage6_04,2,approve_block,1,no_review,0,1,,train:169,train:169,1.851702108979225e-05,0
stage6_04,2,approve_block,1,no_review,1,2,,train:450,train:169,2.2950000129640102e-05,0
stage6_04,2,approve_block,1,no_review,2,2,,train:450,train:169,2.1901912987232208e-05,0
stage6_04,2,approve_block,1,no_review,3,2,,train:450,train:169,2.1805986762046814e-05,0
stage6_04,2,approve_block,1,no_review,4,1,,train:450,train:450,3.21089755743742e-05,0
stage6_04,2,approve_block,1,no_review,5,1,,train:450,train:450,1.222302671521902e-05,0
stage6_04,2,approve_block,1,no_review,6,0,,,,2.991058863699436e-06,0
stage6_04,2,approve_block,1,fcfs,0,1,train:169,train:169,train:169,2.0075938664376736e-05,0
stage6_04,2,approve_block,1,fcfs,1,1,train:450,train:450,train:450,3.409304190427065e-05,0
stage6_04,2,approve_block,1,fcfs,2,0,,,,4.971981979906559e-06,0
stage6_04,2,approve_block,1,fcfs,3,0,,,,1.4760298654437065e-06,0
stage6_04,2,approve_block,1,fcfs,4,0,,,,6.690388545393944e-07,0
stage6_04,2,approve_block,1,fcfs,5,0,,,,6.93020410835743e-07,0
stage6_04,2,approve_block,1,fcfs,6,0,,,,6.810296326875687e-07,0
stage6_04,2,approve_block,1,edf,0,1,train:169,train:169,train:169,2.057291567325592e-05,0
stage6_04,2,approve_block,1,edf,1,1,train:450,train:450,train:450,1.8990016542375088e-05,0
stage6_04,2,approve_block,1,edf,2,0,,,,3.1740637496113777e-06,0
stage6_04,2,approve_block,1,edf,3,0,,,,7.739290595054626e-07,0
stage6_04,2,approve_block,1,edf,4,0,,,,6.809132173657417e-07,0
stage6_04,2,approve_block,1,edf,5,0,,,,6.509944796562195e-07,0
stage6_04,2,approve_block,1,edf,6,0,,,,6.570480763912201e-07,0
stage6_04,2,approve_block,1,uncertainty,0,1,train:169,train:169,train:169,2.1397019736468792e-05,0
stage6_04,2,approve_block,1,uncertainty,1,1,train:450,train:450,train:450,2.2695050574839115e-05,0
stage6_04,2,approve_block,1,uncertainty,2,0,,,,5.768961273133755e-06,0
stage6_04,2,approve_block,1,uncertainty,3,0,,,,8.660135790705681e-07,0
stage6_04,2,approve_block,1,uncertainty,4,0,,,,6.379559636116028e-07,0
stage6_04,2,approve_block,1,uncertainty,5,0,,,,6.469199433922768e-07,0
stage6_04,2,approve_block,1,uncertainty,6,0,,,,6.220070645213127e-07,0
stage6_04,2,complexity_time,2,greedy,0,1,train:169,train:169,train:169,2.1736021153628826e-05,0
stage6_04,2,complexity_time,2,greedy,2,1,train:450,train:450,train:450,3.486208152025938e-05,0
stage6_04,2,complexity_time,2,greedy,4,0,,,,4.983972758054733e-06,0
stage6_04,2,complexity_time,2,greedy,5,0,,,,7.690396159887314e-07,0
stage6_04,2,complexity_time,2,greedy,6,0,,,,7.450580596923828e-07,0
stage6_04,2,complexity_time,2,search,0,1,train:169,train:169,train:169,4.5554013922810555e-05,2
stage6_04,2,complexity_time,2,search,2,1,train:450,train:450,train:450,6.488093640655279e-05,2
stage6_04,2,complexity_time,2,search,4,0,,,,6.556045264005661e-06,0
stage6_04,2,complexity_time,2,search,5,0,,,,1.2440141290426254e-06,0
stage6_04,2,complexity_time,2,search,6,0,,,,1.1799857020378113e-06,0
stage6_04,2,complexity_time,2,no_review,0,1,,train:169,train:169,1.9425060600042343e-05,0
stage6_04,2,complexity_time,2,no_review,1,2,,train:450,train:169,2.185709308832884e-05,0
stage6_04,2,complexity_time,2,no_review,2,2,,train:450,train:169,2.097291871905327e-05,0
stage6_04,2,complexity_time,2,no_review,3,1,,train:450,train:450,2.1278043277561665e-05,0
stage6_04,2,complexity_time,2,no_review,4,1,,train:450,train:450,3.120605833828449e-05,0
stage6_04,2,complexity_time,2,no_review,5,0,,,,1.165107823908329e-05,0
stage6_04,2,complexity_time,2,no_review,6,0,,,,4.42692544311285e-06,0
stage6_04,2,complexity_time,2,fcfs,0,1,train:169,train:169,train:169,1.8177088350057602e-05,0
stage6_04,2,complexity_time,2,fcfs,2,1,train:450,train:450,train:450,2.26820120587945e-05,0
stage6_04,2,complexity_time,2,fcfs,4,0,,,,3.213062882423401e-06,0
stage6_04,2,complexity_time,2,fcfs,5,0,,,,8.039642125368118e-07,0
stage6_04,2,complexity_time,2,fcfs,6,0,,,,7.019843906164169e-07,0
stage6_04,2,complexity_time,2,edf,0,1,train:169,train:169,train:169,2.1024956367909908e-05,0
stage6_04,2,complexity_time,2,edf,2,1,train:450,train:450,train:450,3.363797441124916e-05,0
stage6_04,2,complexity_time,2,edf,4,0,,,,3.754044882953167e-06,0
stage6_04,2,complexity_time,2,edf,5,0,,,,7.560010999441147e-07,0
stage6_04,2,complexity_time,2,edf,6,0,,,,6.699701771140099e-07,0
stage6_04,2,complexity_time,2,uncertainty,0,1,train:169,train:169,train:169,2.423801925033331e-05,0
stage6_04,2,complexity_time,2,uncertainty,2,1,train:450,train:450,train:450,3.938900772482157e-05,0
stage6_04,2,complexity_time,2,uncertainty,4,0,,,,3.368011675775051e-06,0
stage6_04,2,complexity_time,2,uncertainty,5,0,,,,7.67991878092289e-07,0
stage6_04,2,complexity_time,2,uncertainty,6,0,,,,6.720656529068947e-07,0
stage6_04,2,complexity_time,1,greedy,0,1,train:169,train:169,train:169,2.104497980326414e-05,0
stage6_04,2,complexity_time,1,greedy,1,1,train:450,train:450,train:450,1.946999691426754e-05,0
stage6_04,2,complexity_time,1,greedy,2,0,,,,4.773028194904327e-06,0
stage6_04,2,complexity_time,1,greedy,3,0,,,,7.209600880742073e-07,0
stage6_04,2,complexity_time,1,greedy,4,0,,,,6.889458745718002e-07,0
stage6_04,2,complexity_time,1,greedy,5,0,,,,7.140915840864182e-07,0
stage6_04,2,complexity_time,1,greedy,6,0,,,,7.040798664093018e-07,0
stage6_04,2,complexity_time,1,search,0,1,train:169,train:169,train:169,4.101404920220375e-05,2
stage6_04,2,complexity_time,1,search,1,1,train:450,train:450,train:450,2.5775982066988945e-05,2
stage6_04,2,complexity_time,1,search,2,0,,,,1.0846997611224651e-05,0
stage6_04,2,complexity_time,1,search,3,0,,,,1.3040844351053238e-06,0
stage6_04,2,complexity_time,1,search,4,0,,,,1.1400552466511726e-06,0
stage6_04,2,complexity_time,1,search,5,0,,,,1.6780104488134384e-06,0
stage6_04,2,complexity_time,1,search,6,0,,,,1.1619413271546364e-06,0
stage6_04,2,complexity_time,1,no_review,0,1,,train:169,train:169,2.0620995201170444e-05,0
stage6_04,2,complexity_time,1,no_review,1,2,,train:450,train:169,2.2983993403613567e-05,0
stage6_04,2,complexity_time,1,no_review,2,2,,train:450,train:169,2.1924031898379326e-05,0
stage6_04,2,complexity_time,1,no_review,3,2,,train:450,train:169,2.24339310079813e-05,0
stage6_04,2,complexity_time,1,no_review,4,1,,train:450,train:450,4.7134002670645714e-05,0
stage6_04,2,complexity_time,1,no_review,5,1,,train:450,train:450,1.9332976080477238e-05,0
stage6_04,2,complexity_time,1,no_review,6,0,,,,3.9710430428385735e-06,0
stage6_04,2,complexity_time,1,fcfs,0,1,train:169,train:169,train:169,2.021098043769598e-05,0
stage6_04,2,complexity_time,1,fcfs,1,1,train:450,train:450,train:450,2.195697743445635e-05,0
stage6_04,2,complexity_time,1,fcfs,2,0,,,,4.03192825615406e-06,0
stage6_04,2,complexity_time,1,fcfs,3,0,,,,6.960472092032433e-07,0
stage6_04,2,complexity_time,1,fcfs,4,0,,,,6.529735401272774e-07,0
stage6_04,2,complexity_time,1,fcfs,5,0,,,,6.300397217273712e-07,0
stage6_04,2,complexity_time,1,fcfs,6,0,,,,6.739282980561256e-07,0
stage6_04,2,complexity_time,1,edf,0,1,train:169,train:169,train:169,2.4173990823328495e-05,0
stage6_04,2,complexity_time,1,edf,1,1,train:450,train:450,train:450,3.170594573020935e-05,0
stage6_04,2,complexity_time,1,edf,2,0,,,,3.7760473787784576e-06,0
stage6_04,2,complexity_time,1,edf,3,0,,,,7.50063918530941e-07,0
stage6_04,2,complexity_time,1,edf,4,0,,,,6.620539352297783e-07,0
stage6_04,2,complexity_time,1,edf,5,0,,,,6.490154191851616e-07,0
stage6_04,2,complexity_time,1,edf,6,0,,,,6.509944796562195e-07,0
stage6_04,2,complexity_time,1,uncertainty,0,1,train:169,train:169,train:169,2.0958948880434036e-05,0
stage6_04,2,complexity_time,1,uncertainty,1,1,train:450,train:450,train:450,2.0934036001563072e-05,0
stage6_04,2,complexity_time,1,uncertainty,2,0,,,,5.193985998630524e-06,0
stage6_04,2,complexity_time,1,uncertainty,3,0,,,,1.5009427443146706e-06,0
stage6_04,2,complexity_time,1,uncertainty,4,0,,,,1.2919772416353226e-06,0
stage6_04,2,complexity_time,1,uncertainty,5,0,,,,6.560003384947777e-07,0
stage6_04,2,complexity_time,1,uncertainty,6,0,,,,6.430782377719879e-07,0
stage6_05,0,reference,1,search,0,1,train:341,train:341,train:341,2.4611945264041424e-05,2
stage6_05,0,reference,1,search,1,1,train:455,train:455,train:455,2.4120090529322624e-05,2
stage6_05,0,reference,1,search,2,0,,,,4.214001819491386e-06,0
stage6_05,0,reference,1,search,3,0,,,,7.220078259706497e-07,0
stage6_05,0,reference,1,search,4,0,,,,6.989575922489166e-07,0
stage6_05,0,reference,1,search,5,0,,,,7.040798664093018e-07,0
stage6_05,0,reference,1,no_review,0,1,,train:341,train:341,3.6670942790806293e-05,0
stage6_05,0,reference,1,no_review,1,2,,train:455,train:341,3.609503619372845e-05,0
stage6_05,0,reference,1,no_review,2,1,,train:455,train:455,2.927600871771574e-05,0
stage6_05,0,reference,1,no_review,3,1,,train:455,train:455,1.177110243588686e-05,0
stage6_05,0,reference,1,no_review,4,1,,train:455,train:455,1.1446070857346058e-05,0
stage6_05,0,reference,1,no_review,5,0,,,,3.5479897633194923e-06,0
stage6_05,0,reference,1,fcfs,0,1,train:341,train:341,train:341,1.8442049622535706e-05,0
stage6_05,0,reference,1,fcfs,1,1,train:455,train:455,train:455,1.778104342520237e-05,0
stage6_05,0,reference,1,fcfs,2,0,,,,2.7099158614873886e-06,0
stage6_05,0,reference,1,fcfs,3,0,,,,7.749767974019051e-07,0
stage6_05,0,reference,1,fcfs,4,0,,,,6.960472092032433e-07,0
stage6_05,0,reference,1,fcfs,5,0,,,,6.740447133779526e-07,0
stage6_05,0,reference,1,edf,0,1,train:341,train:341,train:341,2.4738023057579994e-05,0
stage6_05,0,reference,1,edf,1,1,train:455,train:455,train:455,2.2299005649983883e-05,0
stage6_05,0,reference,1,edf,2,0,,,,3.5660341382026672e-06,0
stage6_05,0,reference,1,edf,3,0,,,,7.499475032091141e-07,0
stage6_05,0,reference,1,edf,4,0,,,,6.620539352297783e-07,0
stage6_05,0,reference,1,edf,5,0,,,,6.799818947911263e-07,0
stage6_05,0,reference,1,uncertainty,0,1,train:341,train:341,train:341,3.2542040571570396e-05,0
stage6_05,0,reference,1,uncertainty,1,1,train:455,train:455,train:455,3.201502840965986e-05,0
stage6_05,0,reference,1,uncertainty,2,0,,,,4.0049199014902115e-06,0
stage6_05,0,reference,1,uncertainty,3,0,,,,7.959315553307533e-07,0
stage6_05,0,reference,1,uncertainty,4,0,,,,6.899936124682426e-07,0
stage6_05,0,reference,1,uncertainty,5,0,,,,7.100170478224754e-07,0
stage6_05,0,reference,1,greedy,0,1,train:341,train:341,train:341,2.1653948351740837e-05,0
stage6_05,0,reference,1,greedy,1,1,train:455,train:455,train:455,2.192496322095394e-05,0
stage6_05,0,reference,1,greedy,2,0,,,,4.142988473176956e-06,0
stage6_05,0,reference,1,greedy,3,0,,,,7.220078259706497e-07,0
stage6_05,0,reference,1,greedy,4,0,,,,6.729969754815102e-07,0
stage6_05,0,reference,1,greedy,5,0,,,,6.92903995513916e-07,0
stage6_05,0,reference,2,search,0,1,train:341,train:341,train:341,2.4999957531690598e-05,2
stage6_05,0,reference,2,search,2,1,train:455,train:455,train:455,4.143500700592995e-05,2
stage6_05,0,reference,2,search,4,0,,,,4.603993147611618e-06,0
stage6_05,0,reference,2,search,5,0,,,,7.899943739175797e-07,0
stage6_05,0,reference,2,no_review,0,1,,train:341,train:341,1.8709921278059483e-05,0
stage6_05,0,reference,2,no_review,1,1,,train:455,train:455,2.1910062059760094e-05,0
stage6_05,0,reference,2,no_review,2,1,,train:455,train:455,3.882602322846651e-05,0
stage6_05,0,reference,2,no_review,3,1,,train:455,train:455,1.2520002201199532e-05,0
stage6_05,0,reference,2,no_review,4,0,,,,1.1819996871054173e-05,0
stage6_05,0,reference,2,no_review,5,0,,,,3.4730182960629463e-06,0
stage6_05,0,reference,2,fcfs,0,1,train:341,train:341,train:341,1.8863938748836517e-05,0
stage6_05,0,reference,2,fcfs,2,1,train:455,train:455,train:455,3.579002805054188e-05,0
stage6_05,0,reference,2,fcfs,4,0,,,,3.1189993023872375e-06,0
stage6_05,0,reference,2,fcfs,5,0,,,,7.749767974019051e-07,0
stage6_05,0,reference,2,edf,0,1,train:341,train:341,train:341,2.072600182145834e-05,0
stage6_05,0,reference,2,edf,2,1,train:455,train:455,train:455,4.800001624971628e-05,0
stage6_05,0,reference,2,edf,4,0,,,,3.830064088106155e-06,0
stage6_05,0,reference,2,edf,5,0,,,,8.291099220514297e-07,0
stage6_05,0,reference,2,uncertainty,0,1,train:341,train:341,train:341,2.0786072127521038e-05,0
stage6_05,0,reference,2,uncertainty,2,1,train:455,train:455,train:455,3.8918922655284405e-05,0
stage6_05,0,reference,2,uncertainty,4,0,,,,3.7169083952903748e-06,0
stage6_05,0,reference,2,uncertainty,5,0,,,,7.220078259706497e-07,0
stage6_05,0,reference,2,greedy,0,1,train:341,train:341,train:341,2.1532061509788036e-05,0
stage6_05,0,reference,2,greedy,2,1,train:455,train:455,train:455,3.4493044950068e-05,0
stage6_05,0,reference,2,greedy,4,0,,,,3.939960151910782e-06,0
stage6_05,0,reference,2,greedy,5,0,,,,7.450580596923828e-07,0
stage6_05,0,approve_block,1,search,0,1,train:341,train:341,train:341,2.605305053293705e-05,2
stage6_05,0,approve_block,1,search,1,1,train:455,train:455,train:455,2.5060027837753296e-05,2
stage6_05,0,approve_block,1,search,2,0,,,,3.268010914325714e-06,0
stage6_05,0,approve_block,1,search,3,0,,,,7.660128176212311e-07,0
stage6_05,0,approve_block,1,search,4,0,,,,1.34296715259552e-06,0
stage6_05,0,approve_block,1,search,5,0,,,,1.066015101969242e-06,0
stage6_05,0,approve_block,1,no_review,0,1,,train:341,train:341,2.2504013031721115e-05,0
stage6_05,0,approve_block,1,no_review,1,2,,train:455,train:341,2.237397711724043e-05,0
stage6_05,0,approve_block,1,no_review,2,1,,train:455,train:455,3.65750165656209e-05,0
stage6_05,0,approve_block,1,no_review,3,1,,train:455,train:455,1.197506207972765e-05,0
stage6_05,0,approve_block,1,no_review,4,1,,train:455,train:455,1.1719996109604836e-05,0
stage6_05,0,approve_block,1,no_review,5,0,,,,7.004011422395706e-06,0
stage6_05,0,approve_block,1,fcfs,0,1,train:341,train:341,train:341,3.410899080336094e-05,0
stage6_05,0,approve_block,1,fcfs,1,1,train:455,train:455,train:455,2.7589034289121628e-05,0
stage6_05,0,approve_block,1,fcfs,2,0,,,,5.642068572342396e-06,0
stage6_05,0,approve_block,1,fcfs,3,0,,,,1.1940719559788704e-06,0
stage6_05,0,approve_block,1,fcfs,4,0,,,,1.059030182659626e-06,0
stage6_05,0,approve_block,1,fcfs,5,0,,,,1.0619405657052994e-06,0
stage6_05,0,approve_block,1,edf,0,1,train:341,train:341,train:341,2.0197010599076748e-05,0
stage6_05,0,approve_block,1,edf,1,1,train:455,train:455,train:455,2.1126936189830303e-05,0
stage6_05,0,approve_block,1,edf,2,0,,,,4.034955054521561e-06,0
stage6_05,0,approve_block,1,edf,3,0,,,,7.470371201634407e-07,0
stage6_05,0,approve_block,1,edf,4,0,,,,6.459886208176613e-07,0
stage6_05,0,approve_block,1,edf,5,0,,,,7.139751687645912e-07,0
stage6_05,0,approve_block,1,uncertainty,0,1,train:341,train:341,train:341,2.026604488492012e-05,0
stage6_05,0,approve_block,1,uncertainty,1,1,train:455,train:455,train:455,1.8135993741452694e-05,0
stage6_05,0,approve_block,1,uncertainty,2,0,,,,3.849971108138561e-06,0
stage6_05,0,approve_block,1,uncertainty,3,0,,,,7.710186764597893e-07,0
stage6_05,0,approve_block,1,uncertainty,4,0,,,,6.650807335972786e-07,0
stage6_05,0,approve_block,1,uncertainty,5,0,,,,6.969785317778587e-07,0
stage6_05,0,approve_block,1,greedy,0,1,train:341,train:341,train:341,2.1732994355261326e-05,0
stage6_05,0,approve_block,1,greedy,1,1,train:455,train:455,train:455,2.433406189084053e-05,0
stage6_05,0,approve_block,1,greedy,2,0,,,,3.3579999580979347e-06,0
stage6_05,0,approve_block,1,greedy,3,0,,,,8.180504664778709e-07,0
stage6_05,0,approve_block,1,greedy,4,0,,,,7.380731403827667e-07,0
stage6_05,0,approve_block,1,greedy,5,0,,,,7.390044629573822e-07,0
stage6_05,0,approve_block,2,search,0,1,train:341,train:341,train:341,2.6455032639205456e-05,2
stage6_05,0,approve_block,2,search,2,1,train:455,train:455,train:455,3.5356031730771065e-05,2
stage6_05,0,approve_block,2,search,4,0,,,,4.106084816157818e-06,0
stage6_05,0,approve_block,2,search,5,0,,,,7.9302117228508e-07,0
stage6_05,0,approve_block,2,no_review,0,1,,train:341,train:341,2.781604416668415e-05,0
stage6_05,0,approve_block,2,no_review,1,1,,train:455,train:455,2.762803342193365e-05,0
stage6_05,0,approve_block,2,no_review,2,1,,train:455,train:455,3.664905671030283e-05,0
stage6_05,0,approve_block,2,no_review,3,1,,train:455,train:455,1.2536067515611649e-05,0
stage6_05,0,approve_block,2,no_review,4,0,,,,1.1734082363545895e-05,0
stage6_05,0,approve_block,2,no_review,5,0,,,,3.6229612305760384e-06,0
stage6_05,0,approve_block,2,fcfs,0,1,train:341,train:341,train:341,2.156803384423256e-05,0
stage6_05,0,approve_block,2,fcfs,2,1,train:455,train:455,train:455,2.8118956834077835e-05,0
stage6_05,0,approve_block,2,fcfs,4,0,,,,2.429005689918995e-06,0
stage6_05,0,approve_block,2,fcfs,5,0,,,,8.150236681103706e-07,0
stage6_05,0,approve_block,2,edf,0,1,train:341,train:341,train:341,2.502300776541233e-05,0
stage6_05,0,approve_block,2,edf,2,1,train:455,train:455,train:455,3.185402601957321e-05,0
stage6_05,0,approve_block,2,edf,4,0,,,,2.9569491744041443e-06,0
stage6_05,0,approve_block,2,edf,5,0,,,,7.699709385633469e-07,0
stage6_05,0,approve_block,2,uncertainty,0,1,train:341,train:341,train:341,2.7535948902368546e-05,0
stage6_05,0,approve_block,2,uncertainty,2,1,train:455,train:455,train:455,3.773102071136236e-05,0
stage6_05,0,approve_block,2,uncertainty,4,0,,,,3.650086000561714e-06,0
stage6_05,0,approve_block,2,uncertainty,5,0,,,,8.189817890524864e-07,0
stage6_05,0,approve_block,2,greedy,0,1,train:341,train:341,train:341,2.121902070939541e-05,0
stage6_05,0,approve_block,2,greedy,2,1,train:455,train:455,train:455,3.334903158247471e-05,0
stage6_05,0,approve_block,2,greedy,4,0,,,,2.8479844331741333e-06,0
stage6_05,0,approve_block,2,greedy,5,0,,,,7.67991878092289e-07,0
stage6_05,0,complexity_time,1,search,0,1,train:341,train:341,train:341,2.645596396178007e-05,2
stage6_05,0,complexity_time,1,search,1,1,train:455,train:455,train:455,2.7321046218276024e-05,2
stage6_05,0,complexity_time,1,search,3,0,,,,7.511931471526623e-06,0
stage6_05,0,complexity_time,1,search,4,0,,,,7.760245352983475e-07,0
stage6_05,0,complexity_time,1,search,5,0,,,,7.390044629573822e-07,0
stage6_05,0,complexity_time,1,no_review,0,1,,train:341,train:341,1.7468933947384357e-05,0
stage6_05,0,complexity_time,1,no_review,1,2,,train:455,train:341,2.2346037440001965e-05,0
stage6_05,0,complexity_time,1,no_review,2,1,,train:455,train:455,2.6986002922058105e-05,0
stage6_05,0,complexity_time,1,no_review,3,1,,train:455,train:455,1.2380070984363556e-05,0
stage6_05,0,complexity_time,1,no_review,4,0,,,,1.209205947816372e-05,0
stage6_05,0,complexity_time,1,no_review,5,0,,,,2.3959437385201454e-06,0
stage6_05,0,complexity_time,1,fcfs,0,1,train:341,train:341,train:341,1.830898690968752e-05,0
stage6_05,0,complexity_time,1,fcfs,1,1,train:455,train:455,train:455,1.87290133908391e-05,0
stage6_05,0,complexity_time,1,fcfs,3,0,,,,4.241010174155235e-06,0
stage6_05,0,complexity_time,1,fcfs,4,0,,,,7.420312613248825e-07,0
stage6_05,0,complexity_time,1,fcfs,5,0,,,,6.450572982430458e-07,0
stage6_05,0,complexity_time,1,edf,0,1,train:341,train:341,train:341,2.290902193635702e-05,0
stage6_05,0,complexity_time,1,edf,1,1,train:455,train:455,train:455,2.1251034922897816e-05,0
stage6_05,0,complexity_time,1,edf,3,0,,,,3.585941158235073e-06,0
stage6_05,0,complexity_time,1,edf,4,0,,,,7.520429790019989e-07,0
stage6_05,0,complexity_time,1,edf,5,0,,,,6.819609552621841e-07,0
stage6_05,0,complexity_time,1,uncertainty,0,1,train:341,train:341,train:341,2.1361978724598885e-05,0
stage6_05,0,complexity_time,1,uncertainty,1,1,train:455,train:455,train:455,2.1680956706404686e-05,0
stage6_05,0,complexity_time,1,uncertainty,3,0,,,,3.1780218705534935e-06,0
stage6_05,0,complexity_time,1,uncertainty,4,0,,,,7.099006325006485e-07,0
stage6_05,0,complexity_time,1,uncertainty,5,0,,,,7.469207048416138e-07,0
stage6_05,0,complexity_time,1,greedy,0,1,train:341,train:341,train:341,2.3621018044650555e-05,0
stage6_05,0,complexity_time,1,greedy,1,1,train:455,train:455,train:455,2.3316009901463985e-05,0
stage6_05,0,complexity_time,1,greedy,3,0,,,,4.226923920214176e-06,0
stage6_05,0,complexity_time,1,greedy,4,0,,,,7.749767974019051e-07,0
stage6_05,0,complexity_time,1,greedy,5,0,,,,1.1479714885354042e-06,0
stage6_05,0,complexity_time,2,search,0,1,train:341,train:341,train:341,2.5655957870185375e-05,2
stage6_05,0,complexity_time,2,search,2,1,train:455,train:455,train:455,3.7646968849003315e-05,2
stage6_05,0,complexity_time,2,search,5,0,,,,4.057073965668678e-06,0
stage6_05,0,complexity_time,2,no_review,0,1,,train:341,train:341,1.9551021978259087e-05,0
stage6_05,0,complexity_time,2,no_review,1,1,,train:455,train:455,2.209097146987915e-05,0
stage6_05,0,complexity_time,2,no_review,2,1,,train:455,train:455,3.22879059240222e-05,0
stage6_05,0,complexity_time,2,no_review,3,0,,,,2.1660001948475838e-05,0
stage6_05,0,complexity_time,2,no_review,4,0,,,,2.7996022254228592e-05,0
stage6_05,0,complexity_time,2,no_review,5,0,,,,3.6120181903243065e-06,0
stage6_05,0,complexity_time,2,fcfs,0,1,train:341,train:341,train:341,1.9876984879374504e-05,0
stage6_05,0,complexity_time,2,fcfs,2,1,train:455,train:455,train:455,3.232399467378855e-05,0
stage6_05,0,complexity_time,2,fcfs,5,0,,,,4.264991730451584e-06,0
stage6_05,0,complexity_time,2,edf,0,1,train:341,train:341,train:341,2.237397711724043e-05,0
stage6_05,0,complexity_time,2,edf,2,1,train:455,train:455,train:455,3.500899765640497e-05,0
stage6_05,0,complexity_time,2,edf,5,0,,,,3.5689445212483406e-06,0
stage6_05,0,complexity_time,2,uncertainty,0,1,train:341,train:341,train:341,2.159690484404564e-05,0
stage6_05,0,complexity_time,2,uncertainty,2,1,train:455,train:455,train:455,3.7953024730086327e-05,0
stage6_05,0,complexity_time,2,uncertainty,5,0,,,,4.600035026669502e-06,0
stage6_05,0,complexity_time,2,greedy,0,1,train:341,train:341,train:341,2.3764907382428646e-05,0
stage6_05,0,complexity_time,2,greedy,2,1,train:455,train:455,train:455,3.515498246997595e-05,0
stage6_05,0,complexity_time,2,greedy,5,0,,,,4.2049214243888855e-06,0
stage6_05,1,reference,1,search,0,1,train:341,train:341,train:341,2.7472968213260174e-05,2
stage6_05,1,reference,1,search,1,0,,,,3.35893128067255e-06,0
stage6_05,1,reference,1,search,2,0,,,,8.220085874199867e-07,0
stage6_05,1,reference,1,search,3,0,,,,6.830086931586266e-07,0
stage6_05,1,reference,1,search,4,0,,,,6.610061973333359e-07,0
stage6_05,1,reference,1,search,5,0,,,,1.3129319995641708e-06,0
stage6_05,1,reference,1,no_review,0,1,,train:341,train:341,2.3463042452931404e-05,0
stage6_05,1,reference,1,no_review,1,1,,train:341,train:341,1.220405101776123e-05,0
stage6_05,1,reference,1,no_review,2,0,,,,7.826951332390308e-06,0
stage6_05,1,reference,1,no_review,3,0,,,,1.5379628166556358e-06,0
stage6_05,1,reference,1,no_review,4,0,,,,1.374981366097927e-06,0
stage6_05,1,reference,1,no_review,5,0,,,,1.2130476534366608e-06,0
stage6_05,1,reference,1,fcfs,0,1,train:341,train:341,train:341,2.1049054339528084e-05,0
stage6_05,1,reference,1,fcfs,1,0,,,,5.393987521529198e-06,0
stage6_05,1,reference,1,fcfs,2,0,,,,7.569324225187302e-07,0
stage6_05,1,reference,1,fcfs,3,0,,,,6.529735401272774e-07,0
stage6_05,1,reference,1,fcfs,4,0,,,,6.540212780237198e-07,0
stage6_05,1,reference,1,fcfs,5,0,,,,6.320187821984291e-07,0
stage6_05,1,reference,1,edf,0,1,train:341,train:341,train:341,3.699504304677248e-05,0
stage6_05,1,reference,1,edf,1,0,,,,4.4030603021383286e-06,0
stage6_05,1,reference,1,edf,2,0,,,,8.019851520657539e-07,0
stage6_05,1,reference,1,edf,3,0,,,,6.860354915261269e-07,0
stage6_05,1,reference,1,edf,4,0,,,,6.880145519971848e-07,0
stage6_05,1,reference,1,edf,5,0,,,,7.00005330145359e-07,0
stage6_05,1,reference,1,uncertainty,0,1,train:341,train:341,train:341,2.1314946934580803e-05,0
stage6_05,1,reference,1,uncertainty,1,0,,,,5.076988600194454e-06,0
stage6_05,1,reference,1,uncertainty,2,0,,,,7.631024345755577e-07,0
stage6_05,1,reference,1,uncertainty,3,0,,,,6.660120561718941e-07,0
stage6_05,1,reference,1,uncertainty,4,0,,,,6.499467417597771e-07,0
stage6_05,1,reference,1,uncertainty,5,0,,,,6.760237738490105e-07,0
stage6_05,1,reference,1,greedy,0,1,train:341,train:341,train:341,2.3841974325478077e-05,0
stage6_05,1,reference,1,greedy,1,0,,,,4.097935743629932e-06,0
stage6_05,1,reference,1,greedy,2,0,,,,7.08969309926033e-07,0
stage6_05,1,reference,1,greedy,3,0,,,,6.700865924358368e-07,0
stage6_05,1,reference,1,greedy,4,0,,,,6.409827619791031e-07,0
stage6_05,1,reference,1,greedy,5,0,,,,6.599584594368935e-07,0
stage6_05,1,reference,2,search,0,1,train:341,train:341,train:341,3.6537996493279934e-05,2
stage6_05,1,reference,2,search,2,0,,,,3.2261013984680176e-06,0
stage6_05,1,reference,2,search,3,0,,,,7.660128176212311e-07,0
stage6_05,1,reference,2,search,4,0,,,,6.719492375850677e-07,0
stage6_05,1,reference,2,search,5,0,,,,6.890622898936272e-07,0
stage6_05,1,reference,2,no_review,0,1,,train:341,train:341,3.412796650081873e-05,0
stage6_05,1,reference,2,no_review,1,0,,,,2.4027889594435692e-05,0
stage6_05,1,reference,2,no_review,2,0,,,,5.173962563276291e-06,0
stage6_05,1,reference,2,no_review,3,0,,,,1.444946974515915e-06,0
stage6_05,1,reference,2,no_review,4,0,,,,1.3540266081690788e-06,0
stage6_05,1,reference,2,no_review,5,0,,,,1.3390090316534042e-06,0
stage6_05,1,reference,2,fcfs,0,1,train:341,train:341,train:341,1.989305019378662e-05,0
stage6_05,1,reference,2,fcfs,2,0,,,,4.799105226993561e-06,0
stage6_05,1,reference,2,fcfs,3,0,,,,1.5810364857316017e-06,0
stage6_05,1,reference,2,fcfs,4,0,,,,7.399357855319977e-07,0
stage6_05,1,reference,2,fcfs,5,0,,,,6.870832294225693e-07,0
stage6_05,1,reference,2,edf,0,1,train:341,train:341,train:341,2.12319428101182e-05,0
stage6_05,1,reference,2,edf,2,0,,,,4.777917638421059e-06,0
stage6_05,1,reference,2,edf,3,0,,,,8.218921720981598e-07,0
stage6_05,1,reference,2,edf,4,0,,,,7.029157131910324e-07,0
stage6_05,1,reference,2,edf,5,0,,,,7.050111889839172e-07,0
stage6_05,1,reference,2,uncertainty,0,1,train:341,train:341,train:341,2.05460237339139e-05,0
stage6_05,1,reference,2,uncertainty,2,0,,,,5.11703547090292e-06,0
stage6_05,1,reference,2,uncertainty,3,0,,,,1.4490215107798576e-06,0
stage6_05,1,reference,2,uncertainty,4,0,,,,1.208973117172718e-06,0
stage6_05,1,reference,2,uncertainty,5,0,,,,1.1420343071222305e-06,0
stage6_05,1,reference,2,greedy,0,1,train:341,train:341,train:341,2.324290107935667e-05,0
stage6_05,1,reference,2,greedy,2,0,,,,3.603985533118248e-06,0
stage6_05,1,reference,2,greedy,3,0,,,,7.640337571501732e-07,0
stage6_05,1,reference,2,greedy,4,0,,,,6.760237738490105e-07,0
stage6_05,1,reference,2,greedy,5,0,,,,6.629852578043938e-07,0
stage6_05,1,approve_block,1,search,0,1,train:341,train:341,train:341,3.5390956327319145e-05,2
stage6_05,1,approve_block,1,search,1,0,,,,5.529029294848442e-06,0
stage6_05,1,approve_block,1,search,2,0,,,,7.9302117228508e-07,0
stage6_05,1,approve_block,1,search,3,0,,,,6.939517334103584e-07,0
stage6_05,1,approve_block,1,search,4,0,,,,7.76955857872963e-07,0
stage6_05,1,approve_block,1,search,5,0,,,,7.170019671320915e-07,0
stage6_05,1,approve_block,1,no_review,0,1,,train:341,train:341,1.8695020116865635e-05,0
stage6_05,1,approve_block,1,no_review,1,1,,train:341,train:341,1.191697083413601e-05,0
stage6_05,1,approve_block,1,no_review,2,0,,,,2.5510089471936226e-06,0
stage6_05,1,approve_block,1,no_review,3,0,,,,7.780035957694054e-07,0
stage6_05,1,approve_block,1,no_review,4,0,,,,6.760237738490105e-07,0
stage6_05,1,approve_block,1,no_review,5,0,,,,6.329501047730446e-07,0
stage6_05,1,approve_block,1,fcfs,0,1,train:341,train:341,train:341,1.9000028260052204e-05,0
stage6_05,1,approve_block,1,fcfs,1,0,,,,3.137974999845028e-06,0
stage6_05,1,approve_block,1,fcfs,2,0,,,,7.390044629573822e-07,0
stage6_05,1,approve_block,1,fcfs,3,0,,,,6.470363587141037e-07,0
stage6_05,1,approve_block,1,fcfs,4,0,,,,6.359769031405449e-07,0
stage6_05,1,approve_block,1,fcfs,5,0,,,,6.620539352297783e-07,0
stage6_05,1,approve_block,1,edf,0,1,train:341,train:341,train:341,2.1687010303139687e-05,0
stage6_05,1,approve_block,1,edf,1,0,,,,5.06802462041378e-06,0
stage6_05,1,approve_block,1,edf,2,0,,,,7.570488378405571e-07,0
stage6_05,1,approve_block,1,edf,3,0,,,,6.629852578043938e-07,0
stage6_05,1,approve_block,1,edf,4,0,,,,6.580958142876625e-07,0
stage6_05,1,approve_block,1,edf,5,0,,,,6.919726729393005e-07,0
stage6_05,1,approve_block,1,uncertainty,0,1,train:341,train:341,train:341,2.1548010408878326e-05,0
stage6_05,1,approve_block,1,uncertainty,1,0,,,,5.151960067451e-06,0
stage6_05,1,approve_block,1,uncertainty,2,0,,,,7.400522008538246e-07,0
stage6_05,1,approve_block,1,uncertainty,3,0,,,,6.610061973333359e-07,0
stage6_05,1,approve_block,1,uncertainty,4,0,,,,6.560003384947777e-07,0
stage6_05,1,approve_block,1,uncertainty,5,0,,,,7.119961082935333e-07,0
stage6_05,1,approve_block,1,greedy,0,1,train:341,train:341,train:341,2.2410997189581394e-05,0
stage6_05,1,approve_block,1,greedy,1,0,,,,3.939960151910782e-06,0
stage6_05,1,approve_block,1,greedy,2,0,,,,7.390044629573822e-07,0
stage6_05,1,approve_block,1,greedy,3,0,,,,6.279442459344864e-07,0
stage6_05,1,approve_block,1,greedy,4,0,,,,6.599584594368935e-07,0
stage6_05,1,approve_block,1,greedy,5,0,,,,6.631016731262207e-07,0
stage6_05,1,approve_block,2,search,0,1,train:341,train:341,train:341,2.9625953175127506e-05,2
stage6_05,1,approve_block,2,search,2,0,,,,3.516091965138912e-06,0
stage6_05,1,approve_block,2,search,3,0,,,,7.529743015766144e-07,0
stage6_05,1,approve_block,2,search,4,0,,,,6.749760359525681e-07,0
stage6_05,1,approve_block,2,search,5,0,,,,6.50063157081604e-07,0
stage6_05,1,approve_block,2,no_review,0,1,,train:341,train:341,1.8712948076426983e-05,0
stage6_05,1,approve_block,2,no_review,1,0,,,,1.2114993296563625e-05,0
stage6_05,1,approve_block,2,no_review,2,0,,,,3.547058440744877e-06,0
stage6_05,1,approve_block,2,no_review,3,0,,,,8.00006091594696e-07,0
stage6_05,1,approve_block,2,no_review,4,0,,,,6.700865924358368e-07,0
stage6_05,1,approve_block,2,no_review,5,0,,,,6.640329957008362e-07,0
stage6_05,1,approve_block,2,fcfs,0,1,train:341,train:341,train:341,2.0070932805538177e-05,0
stage6_05,1,approve_block,2,fcfs,2,0,,,,4.537985660135746e-06,0
stage6_05,1,approve_block,2,fcfs,3,0,,,,1.152046024799347e-06,0
stage6_05,1,approve_block,2,fcfs,4,0,,,,9.379582479596138e-07,0
stage6_05,1,approve_block,2,fcfs,5,0,,,,9.50065441429615e-07,0
stage6_05,1,approve_block,2,edf,0,1,train:341,train:341,train:341,2.221902832388878e-05,0
stage6_05,1,approve_block,2,edf,2,0,,,,5.408073775470257e-06,0
stage6_05,1,approve_block,2,edf,3,0,,,,8.019851520657539e-07,0
stage6_05,1,approve_block,2,edf,4,0,,,,6.860354915261269e-07,0
stage6_05,1,approve_block,2,edf,5,0,,,,6.440095603466034e-07,0
stage6_05,1,approve_block,2,uncertainty,0,1,train:341,train:341,train:341,2.1929037757217884e-05,0
stage6_05,1,approve_block,2,uncertainty,2,0,,,,4.14892565459013e-06,0
stage6_05,1,approve_block,2,uncertainty,3,0,,,,7.629860192537308e-07,0
stage6_05,1,approve_block,2,uncertainty,4,0,,,,6.480840966105461e-07,0
stage6_05,1,approve_block,2,uncertainty,5,0,,,,6.760237738490105e-07,0
stage6_05,1,approve_block,2,greedy,0,1,train:341,train:341,train:341,2.0749052055180073e-05,0
stage6_05,1,approve_block,2,greedy,2,0,,,,5.166977643966675e-06,0
stage6_05,1,approve_block,2,greedy,3,0,,,,1.3880198821425438e-06,0
stage6_05,1,approve_block,2,greedy,4,0,,,,1.2880191206932068e-06,0
stage6_05,1,approve_block,2,greedy,5,0,,,,1.1649681255221367e-06,0
stage6_05,1,complexity_time,1,search,0,1,train:341,train:341,train:341,2.6743975467979908e-05,2
stage6_05,1,complexity_time,1,search,1,0,,,,3.5420525819063187e-06,0
stage6_05,1,complexity_time,1,search,2,0,,,,7.470371201634407e-07,0
stage6_05,1,complexity_time,1,search,3,0,,,,7.379567250609398e-07,0
stage6_05,1,complexity_time,1,search,4,0,,,,6.770715117454529e-07,0
stage6_05,1,complexity_time,1,search,5,0,,,,7.030321285128593e-07,0
stage6_05,1,complexity_time,1,no_review,0,1,,train:341,train:341,2.059806138277054e-05,0
stage6_05,1,complexity_time,1,no_review,1,1,,train:341,train:341,1.240498386323452e-05,0
stage6_05,1,complexity_time,1,no_review,2,0,,,,5.35894650965929e-06,0
stage6_05,1,complexity_time,1,no_review,3,0,,,,7.069902494549751e-07,0
stage6_05,1,complexity_time,1,no_review,4,0,,,,6.869668141007423e-07,0
stage6_05,1,complexity_time,1,no_review,5,0,,,,6.83940015733242e-07,0
stage6_05,1,complexity_time,1,fcfs,0,1,train:341,train:341,train:341,2.001808024942875e-05,0
stage6_05,1,complexity_time,1,fcfs,1,0,,,,4.175002686679363e-06,0
stage6_05,1,complexity_time,1,fcfs,2,0,,,,7.939524948596954e-07,0
stage6_05,1,complexity_time,1,fcfs,3,0,,,,6.740447133779526e-07,0
stage6_05,1,complexity_time,1,fcfs,4,0,,,,6.84056431055069e-07,0
stage6_05,1,complexity_time,1,fcfs,5,0,,,,7.180497050285339e-07,0
stage6_05,1,complexity_time,1,edf,0,1,train:341,train:341,train:341,2.0487001165747643e-05,0
stage6_05,1,complexity_time,1,edf,1,0,,,,3.6689452826976776e-06,0
stage6_05,1,complexity_time,1,edf,2,0,,,,7.59027898311615e-07,0
stage6_05,1,complexity_time,1,edf,3,0,,,,6.830086931586266e-07,0
stage6_05,1,complexity_time,1,edf,4,0,,,,6.729969754815102e-07,0
stage6_05,1,complexity_time,1,edf,5,0,,,,6.660120561718941e-07,0
stage6_05,1,complexity_time,1,uncertainty,0,1,train:341,train:341,train:341,2.0788051187992096e-05,0
stage6_05,1,complexity_time,1,uncertainty,1,0,,,,1.0788091458380222e-05,0
stage6_05,1,complexity_time,1,uncertainty,2,0,,,,1.5819678083062172e-06,0
stage6_05,1,complexity_time,1,uncertainty,3,0,,,,1.1619413271546364e-06,0
stage6_05,1,complexity_time,1,uncertainty,4,0,,,,1.0189833119511604e-06,0
stage6_05,1,complexity_time,1,uncertainty,5,0,,,,1.0640360414981842e-06,0
stage6_05,1,complexity_time,1,greedy,0,1,train:341,train:341,train:341,2.141005825251341e-05,0
stage6_05,1,complexity_time,1,greedy,1,0,,,,3.6259880289435387e-06,0
stage6_05,1,complexity_time,1,greedy,2,0,,,,7.409835234284401e-07,0
stage6_05,1,complexity_time,1,greedy,3,0,,,,6.849877536296844e-07,0
stage6_05,1,complexity_time,1,greedy,4,0,,,,6.570480763912201e-07,0
stage6_05,1,complexity_time,1,greedy,5,0,,,,6.760237738490105e-07,0
stage6_05,1,complexity_time,2,search,0,1,train:341,train:341,train:341,2.7982983738183975e-05,2
stage6_05,1,complexity_time,2,search,2,0,,,,4.066969268023968e-06,0
stage6_05,1,complexity_time,2,search,3,0,,,,7.009366527199745e-07,0
stage6_05,1,complexity_time,2,search,4,0,,,,6.869668141007423e-07,0
stage6_05,1,complexity_time,2,search,5,0,,,,7.030321285128593e-07,0
stage6_05,1,complexity_time,2,no_review,0,1,,train:341,train:341,2.933794166892767e-05,0
stage6_05,1,complexity_time,2,no_review,1,0,,,,2.2183055989444256e-05,0
stage6_05,1,complexity_time,2,no_review,2,0,,,,4.451954737305641e-06,0
stage6_05,1,complexity_time,2,no_review,3,0,,,,8.069910109043121e-07,0
stage6_05,1,complexity_time,2,no_review,4,0,,,,6.710179150104523e-07,0
stage6_05,1,complexity_time,2,no_review,5,0,,,,6.869668141007423e-07,0
stage6_05,1,complexity_time,2,fcfs,0,1,train:341,train:341,train:341,1.8866965547204018e-05,0
stage6_05,1,complexity_time,2,fcfs,2,0,,,,3.496999852359295e-06,0
stage6_05,1,complexity_time,2,fcfs,3,0,,,,7.539056241512299e-07,0
stage6_05,1,complexity_time,2,fcfs,4,0,,,,7.071066647768021e-07,0
stage6_05,1,complexity_time,2,fcfs,5,0,,,,6.710179150104523e-07,0
stage6_05,1,complexity_time,2,edf,0,1,train:341,train:341,train:341,2.2295978851616383e-05,0
stage6_05,1,complexity_time,2,edf,2,0,,,,3.8009602576494217e-06,0
stage6_05,1,complexity_time,2,edf,3,0,,,,7.440103217959404e-07,0
stage6_05,1,complexity_time,2,edf,4,0,,,,6.649643182754517e-07,0
stage6_05,1,complexity_time,2,edf,5,0,,,,6.889458745718002e-07,0
stage6_05,1,complexity_time,2,uncertainty,0,1,train:341,train:341,train:341,2.1193991415202618e-05,0
stage6_05,1,complexity_time,2,uncertainty,2,0,,,,5.06802462041378e-06,0
stage6_05,1,complexity_time,2,uncertainty,3,0,,,,7.239868864417076e-07,0
stage6_05,1,complexity_time,2,uncertainty,4,0,,,,7.069902494549751e-07,0
stage6_05,1,complexity_time,2,uncertainty,5,0,,,,7.490161806344986e-07,0
stage6_05,1,complexity_time,2,greedy,0,1,train:341,train:341,train:341,2.04889802262187e-05,0
stage6_05,1,complexity_time,2,greedy,2,0,,,,4.687928594648838e-06,0
stage6_05,1,complexity_time,2,greedy,3,0,,,,7.319031283259392e-07,0
stage6_05,1,complexity_time,2,greedy,4,0,,,,6.729969754815102e-07,0
stage6_05,1,complexity_time,2,greedy,5,0,,,,6.479676812887192e-07,0
stage6_05,2,reference,1,search,0,1,train:341,train:341,train:341,2.5074928998947144e-05,2
stage6_05,2,reference,1,search,1,0,,,,3.0050287023186684e-06,0
stage6_05,2,reference,1,search,2,0,,,,7.399357855319977e-07,0
stage6_05,2,reference,1,search,3,0,,,,6.810296326875687e-07,0
stage6_05,2,reference,1,search,4,0,,,,6.620539352297783e-07,0
stage6_05,2,reference,1,search,5,0,,,,6.309710443019867e-07,0
stage6_05,2,reference,1,no_review,0,1,,train:341,train:341,3.0889990739524364e-05,0
stage6_05,2,reference,1,no_review,1,1,,train:341,train:341,2.4329056032001972e-05,0
stage6_05,2,reference,1,no_review,2,0,,,,3.3579999580979347e-06,0
stage6_05,2,reference,1,no_review,3,0,,,,8.09086486697197e-07,0
stage6_05,2,reference,1,no_review,4,0,,,,6.780028343200684e-07,0
stage6_05,2,reference,1,no_review,5,0,,,,7.00005330145359e-07,0
stage6_05,2,reference,1,fcfs,0,1,train:341,train:341,train:341,2.023903653025627e-05,0
stage6_05,2,reference,1,fcfs,1,0,,,,4.744040779769421e-06,0
stage6_05,2,reference,1,fcfs,2,0,,,,7.59027898311615e-07,0
stage6_05,2,reference,1,fcfs,3,0,,,,7.030321285128593e-07,0
stage6_05,2,reference,1,fcfs,4,0,,,,6.669433787465096e-07,0
stage6_05,2,reference,1,fcfs,5,0,,,,6.450572982430458e-07,0
stage6_05,2,reference,1,edf,0,1,train:341,train:341,train:341,2.0347069948911667e-05,0
stage6_05,2,reference,1,edf,1,0,,,,3.553926944732666e-06,0
stage6_05,2,reference,1,edf,2,0,,,,7.660128176212311e-07,0
stage6_05,2,reference,1,edf,3,0,,,,6.488990038633347e-07,0
stage6_05,2,reference,1,edf,4,0,,,,6.440095603466034e-07,0
stage6_05,2,reference,1,edf,5,0,,,,6.419140845537186e-07,0
stage6_05,2,reference,1,uncertainty,0,1,train:341,train:341,train:341,2.0505976863205433e-05,0
stage6_05,2,reference,1,uncertainty,1,0,,,,4.025059752166271e-06,0
stage6_05,2,reference,1,uncertainty,2,0,,,,7.409835234284401e-07,0
stage6_05,2,reference,1,uncertainty,3,0,,,,6.959307938814163e-07,0
stage6_05,2,reference,1,uncertainty,4,0,,,,6.540212780237198e-07,0
stage6_05,2,reference,1,uncertainty,5,0,,,,1.4560064300894737e-06,0
stage6_05,2,reference,1,greedy,0,1,train:341,train:341,train:341,2.0704930648207664e-05,0
stage6_05,2,reference,1,greedy,1,0,,,,3.305962309241295e-06,0
stage6_05,2,reference,1,greedy,2,0,,,,7.150229066610336e-07,0
stage6_05,2,reference,1,greedy,3,0,,,,6.660120561718941e-07,0
stage6_05,2,reference,1,greedy,4,0,,,,6.430782377719879e-07,0
stage6_05,2,reference,1,greedy,5,0,,,,6.350455805659294e-07,0
stage6_05,2,reference,2,search,0,1,train:341,train:341,train:341,2.911197952926159e-05,2
stage6_05,2,reference,2,search,2,0,,,,3.956956788897514e-06,0
stage6_05,2,reference,2,search,3,0,,,,7.080379873514175e-07,0
stage6_05,2,reference,2,search,4,0,,,,6.809132173657417e-07,0
stage6_05,2,reference,2,search,5,0,,,,6.810296326875687e-07,0
stage6_05,2,reference,2,no_review,0,1,,train:341,train:341,2.149201463907957e-05,0
stage6_05,2,reference,2,no_review,1,0,,,,1.2164004147052765e-05,0
stage6_05,2,reference,2,no_review,2,0,,,,4.573957994580269e-06,0
stage6_05,2,reference,2,no_review,3,0,,,,7.469207048416138e-07,0
stage6_05,2,reference,2,no_review,4,0,,,,6.93020410835743e-07,0
stage6_05,2,reference,2,no_review,5,0,,,,6.649643182754517e-07,0
stage6_05,2,reference,2,fcfs,0,1,train:341,train:341,train:341,1.823296770453453e-05,0
stage6_05,2,reference,2,fcfs,2,0,,,,8.168979547917843e-06,0
stage6_05,2,reference,2,fcfs,3,0,,,,7.220078259706497e-07,0
stage6_05,2,reference,2,fcfs,4,0,,,,6.960472092032433e-07,0
stage6_05,2,reference,2,fcfs,5,0,,,,6.520422175526619e-07,0
stage6_05,2,reference,2,edf,0,1,train:341,train:341,train:341,1.9992003217339516e-05,0
stage6_05,2,reference,2,edf,2,0,,,,3.998982720077038e-06,0
stage6_05,2,reference,2,edf,3,0,,,,7.249182090163231e-07,0
stage6_05,2,reference,2,edf,4,0,,,,6.620539352297783e-07,0
stage6_05,2,reference,2,edf,5,0,,,,6.560003384947777e-07,0
stage6_05,2,reference,2,uncertainty,0,1,train:341,train:341,train:341,2.1109008230268955e-05,0
stage6_05,2,reference,2,uncertainty,2,0,,,,3.429013304412365e-06,0
stage6_05,2,reference,2,uncertainty,3,0,,,,7.980270311236382e-07,0
stage6_05,2,reference,2,uncertainty,4,0,,,,6.629852578043938e-07,0
stage6_05,2,reference,2,uncertainty,5,0,,,,7.019843906164169e-07,0
stage6_05,2,reference,2,greedy,0,1,train:341,train:341,train:341,2.4016015231609344e-05,0
stage6_05,2,reference,2,greedy,2,0,,,,3.829016350209713e-06,0
stage6_05,2,reference,2,greedy,3,0,,,,7.409835234284401e-07,0
stage6_05,2,reference,2,greedy,4,0,,,,6.790505722165108e-07,0
stage6_05,2,reference,2,greedy,5,0,,,,7.239868864417076e-07,0
stage6_05,2,approve_block,1,search,0,1,train:341,train:341,train:341,2.7163070626556873e-05,2
stage6_05,2,approve_block,1,search,1,0,,,,3.763008862733841e-06,0
stage6_05,2,approve_block,1,search,2,0,,,,7.640337571501732e-07,0
stage6_05,2,approve_block,1,search,3,0,,,,6.959307938814163e-07,0
stage6_05,2,approve_block,1,search,4,0,,,,6.760237738490105e-07,0
stage6_05,2,approve_block,1,search,5,0,,,,6.860354915261269e-07,0
stage6_05,2,approve_block,1,no_review,0,1,,train:341,train:341,1.7715035937726498e-05,0
stage6_05,2,approve_block,1,no_review,1,1,,train:341,train:341,1.1847005225718021e-05,0
stage6_05,2,approve_block,1,no_review,2,0,,,,3.6999117583036423e-06,0
stage6_05,2,approve_block,1,no_review,3,0,,,,6.939517334103584e-07,0
stage6_05,2,approve_block,1,no_review,4,0,,,,6.440095603466034e-07,0
stage6_05,2,approve_block,1,no_review,5,0,,,,6.790505722165108e-07,0
stage6_05,2,approve_block,1,fcfs,0,1,train:341,train:341,train:341,1.8646009266376495e-05,0
stage6_05,2,approve_block,1,fcfs,1,0,,,,2.9690563678741455e-06,0
stage6_05,2,approve_block,1,fcfs,2,0,,,,7.520429790019989e-07,0
stage6_05,2,approve_block,1,fcfs,3,0,,,,6.880145519971848e-07,0
stage6_05,2,approve_block,1,fcfs,4,0,,,,6.629852578043938e-07,0
stage6_05,2,approve_block,1,fcfs,5,0,,,,7.050111889839172e-07,0
stage6_05,2,approve_block,1,edf,0,1,train:341,train:341,train:341,2.1805986762046814e-05,0
stage6_05,2,approve_block,1,edf,1,0,,,,4.559056833386421e-06,0
stage6_05,2,approve_block,1,edf,2,0,,,,7.220078259706497e-07,0
stage6_05,2,approve_block,1,edf,3,0,,,,6.420304998755455e-07,0
stage6_05,2,approve_block,1,edf,4,0,,,,6.579793989658356e-07,0
stage6_05,2,approve_block,1,edf,5,0,,,,6.790505722165108e-07,0
stage6_05,2,approve_block,1,uncertainty,0,1,train:341,train:341,train:341,2.3416941985487938e-05,0
stage6_05,2,approve_block,1,uncertainty,1,0,,,,4.2729079723358154e-06,0
stage6_05,2,approve_block,1,uncertainty,2,0,,,,7.520429790019989e-07,0
stage6_05,2,approve_block,1,uncertainty,3,0,,,,6.799818947911263e-07,0
stage6_05,2,approve_block,1,uncertainty,4,0,,,,6.330665200948715e-07,0
stage6_05,2,approve_block,1,uncertainty,5,0,,,,6.299233064055443e-07,0
stage6_05,2,approve_block,1,greedy,0,1,train:341,train:341,train:341,2.1654064767062664e-05,0
stage6_05,2,approve_block,1,greedy,1,0,,,,3.93204391002655e-06,0
stage6_05,2,approve_block,1,greedy,2,0,,,,8.180504664778709e-07,0
stage6_05,2,approve_block,1,greedy,3,0,,,,7.159542292356491e-07,0
stage6_05,2,approve_block,1,greedy,4,0,,,,6.710179150104523e-07,0
stage6_05,2,approve_block,1,greedy,5,0,,,,7.16070644557476e-07,0
stage6_05,2,approve_block,2,search,0,1,train:341,train:341,train:341,2.43879621848464e-05,2
stage6_05,2,approve_block,2,search,2,0,,,,5.63508365303278e-06,0
stage6_05,2,approve_block,2,search,3,0,,,,7.079215720295906e-07,0
stage6_05,2,approve_block,2,search,4,0,,,,6.899936124682426e-07,0
stage6_05,2,approve_block,2,search,5,0,,,,7.009366527199745e-07,0
stage6_05,2,approve_block,2,no_review,0,1,,train:341,train:341,1.865497324615717e-05,0
stage6_05,2,approve_block,2,no_review,1,0,,,,1.299101859331131e-05,0
stage6_05,2,approve_block,2,no_review,2,0,,,,3.0890805646777153e-06,0
stage6_05,2,approve_block,2,no_review,3,0,,,,7.910421118140221e-07,0
stage6_05,2,approve_block,2,no_review,4,0,,,,6.59027136862278e-07,0
stage6_05,2,approve_block,2,no_review,5,0,,,,6.729969754815102e-07,0
stage6_05,2,approve_block,2,fcfs,0,1,train:341,train:341,train:341,1.870701089501381e-05,0
stage6_05,2,approve_block,2,fcfs,2,0,,,,6.709946319460869e-06,0
stage6_05,2,approve_block,2,fcfs,3,0,,,,7.180497050285339e-07,0
stage6_05,2,approve_block,2,fcfs,4,0,,,,6.93020410835743e-07,0
stage6_05,2,approve_block,2,fcfs,5,0,,,,7.760245352983475e-07,0
stage6_05,2,approve_block,2,edf,0,1,train:341,train:341,train:341,2.1526007913053036e-05,0
stage6_05,2,approve_block,2,edf,2,0,,,,3.6139972507953644e-06,0
stage6_05,2,approve_block,2,edf,3,0,,,,7.42962583899498e-07,0
stage6_05,2,approve_block,2,edf,4,0,,,,6.83940015733242e-07,0
stage6_05,2,approve_block,2,edf,5,0,,,,6.849877536296844e-07,0
stage6_05,2,approve_block,2,uncertainty,0,1,train:341,train:341,train:341,2.107804175466299e-05,0
stage6_05,2,approve_block,2,uncertainty,2,0,,,,4.4030603021383286e-06,0
stage6_05,2,approve_block,2,uncertainty,3,0,,,,7.780035957694054e-07,0
stage6_05,2,approve_block,2,uncertainty,4,0,,,,6.860354915261269e-07,0
stage6_05,2,approve_block,2,uncertainty,5,0,,,,6.749760359525681e-07,0
stage6_05,2,approve_block,2,greedy,0,1,train:341,train:341,train:341,3.088591620326042e-05,0
stage6_05,2,approve_block,2,greedy,2,0,,,,6.229965947568417e-06,0
stage6_05,2,approve_block,2,greedy,3,0,,,,7.870839908719063e-07,0
stage6_05,2,approve_block,2,greedy,4,0,,,,6.940681487321854e-07,0
stage6_05,2,approve_block,2,greedy,5,0,,,,7.279450073838234e-07,0
stage6_05,2,complexity_time,1,search,0,1,train:341,train:341,train:341,2.561102155596018e-05,2
stage6_05,2,complexity_time,1,search,1,0,,,,3.2190000638365746e-06,0
stage6_05,2,complexity_time,1,search,2,0,,,,7.080379873514175e-07,0
stage6_05,2,complexity_time,1,search,3,0,,,,6.869668141007423e-07,0
stage6_05,2,complexity_time,1,search,4,0,,,,6.42961822450161e-07,0
stage6_05,2,complexity_time,1,search,5,0,,,,6.739282980561256e-07,0
stage6_05,2,complexity_time,1,no_review,0,1,,train:341,train:341,1.8502003513276577e-05,0
stage6_05,2,complexity_time,1,no_review,1,1,,train:341,train:341,1.1940021067857742e-05,0
stage6_05,2,complexity_time,1,no_review,2,0,,,,3.312947228550911e-06,0
stage6_05,2,complexity_time,1,no_review,3,0,,,,7.350463420152664e-07,0
stage6_05,2,complexity_time,1,no_review,4,0,,,,6.380723789334297e-07,0
stage6_05,2,complexity_time,1,no_review,5,0,,,,6.849877536296844e-07,0
stage6_05,2,complexity_time,1,fcfs,0,1,train:341,train:341,train:341,1.8649036064743996e-05,0
stage6_05,2,complexity_time,1,fcfs,1,0,,,,4.090950824320316e-06,0
stage6_05,2,complexity_time,1,fcfs,2,0,,,,7.860362529754639e-07,0
stage6_05,2,complexity_time,1,fcfs,3,0,,,,6.490154191851616e-07,0
stage6_05,2,complexity_time,1,fcfs,4,0,,,,6.810296326875687e-07,0
stage6_05,2,complexity_time,1,fcfs,5,0,,,,6.560003384947777e-07,0
stage6_05,2,complexity_time,1,edf,0,1,train:341,train:341,train:341,2.1185027435421944e-05,0
stage6_05,2,complexity_time,1,edf,1,0,,,,3.084074705839157e-06,0
stage6_05,2,complexity_time,1,edf,2,0,,,,7.330672815442085e-07,0
stage6_05,2,complexity_time,1,edf,3,0,,,,6.760237738490105e-07,0
stage6_05,2,complexity_time,1,edf,4,0,,,,6.629852578043938e-07,0
stage6_05,2,complexity_time,1,edf,5,0,,,,6.379559636116028e-07,0
stage6_05,2,complexity_time,1,uncertainty,0,1,train:341,train:341,train:341,2.1854066289961338e-05,0
stage6_05,2,complexity_time,1,uncertainty,1,0,,,,2.7259811758995056e-06,0
stage6_05,2,complexity_time,1,uncertainty,2,0,,,,7.220078259706497e-07,0
stage6_05,2,complexity_time,1,uncertainty,3,0,,,,7.019843906164169e-07,0
stage6_05,2,complexity_time,1,uncertainty,4,0,,,,6.560003384947777e-07,0
stage6_05,2,complexity_time,1,uncertainty,5,0,,,,6.830086931586266e-07,0
stage6_05,2,complexity_time,1,greedy,0,1,train:341,train:341,train:341,2.2001913748681545e-05,0
stage6_05,2,complexity_time,1,greedy,1,0,,,,4.208064638078213e-06,0
stage6_05,2,complexity_time,1,greedy,2,0,,,,7.869675755500793e-07,0
stage6_05,2,complexity_time,1,greedy,3,0,,,,7.019843906164169e-07,0
stage6_05,2,complexity_time,1,greedy,4,0,,,,6.550690159201622e-07,0
stage6_05,2,complexity_time,1,greedy,5,0,,,,7.010530680418015e-07,0
stage6_05,2,complexity_time,2,search,0,1,train:341,train:341,train:341,2.5014975108206272e-05,2
stage6_05,2,complexity_time,2,search,2,0,,,,3.819935955107212e-06,0
stage6_05,2,complexity_time,2,search,3,0,,,,7.690396159887314e-07,0
stage6_05,2,complexity_time,2,search,4,0,,,,6.819609552621841e-07,0
stage6_05,2,complexity_time,2,search,5,0,,,,6.93020410835743e-07,0
stage6_05,2,complexity_time,2,no_review,0,1,,train:341,train:341,1.8638093024492264e-05,0
stage6_05,2,complexity_time,2,no_review,1,0,,,,1.3689044862985611e-05,0
stage6_05,2,complexity_time,2,no_review,2,0,,,,3.5860575735569e-06,0
stage6_05,2,complexity_time,2,no_review,3,0,,,,7.33998604118824e-07,0
stage6_05,2,complexity_time,2,no_review,4,0,,,,6.909249350428581e-07,0
stage6_05,2,complexity_time,2,no_review,5,0,,,,6.440095603466034e-07,0
stage6_05,2,complexity_time,2,fcfs,0,1,train:341,train:341,train:341,1.986499410122633e-05,0
stage6_05,2,complexity_time,2,fcfs,2,0,,,,3.264984115958214e-06,0
stage6_05,2,complexity_time,2,fcfs,3,0,,,,7.400522008538246e-07,0
stage6_05,2,complexity_time,2,fcfs,4,0,,,,6.270129233598709e-07,0
stage6_05,2,complexity_time,2,fcfs,5,0,,,,6.509944796562195e-07,0
stage6_05,2,complexity_time,2,edf,0,1,train:341,train:341,train:341,2.037698868662119e-05,0
stage6_05,2,complexity_time,2,edf,2,0,,,,2.776971086859703e-06,0
stage6_05,2,complexity_time,2,edf,3,0,,,,7.51926563680172e-07,0
stage6_05,2,complexity_time,2,edf,4,0,,,,6.880145519971848e-07,0
stage6_05,2,complexity_time,2,edf,5,0,,,,6.799818947911263e-07,0
stage6_05,2,complexity_time,2,uncertainty,0,1,train:341,train:341,train:341,2.0703068003058434e-05,0
stage6_05,2,complexity_time,2,uncertainty,2,0,,,,4.441011697053909e-06,0
stage6_05,2,complexity_time,2,uncertainty,3,0,,,,7.440103217959404e-07,0
stage6_05,2,complexity_time,2,uncertainty,4,0,,,,6.749760359525681e-07,0
stage6_05,2,complexity_time,2,uncertainty,5,0,,,,6.610061973333359e-07,0
stage6_05,2,complexity_time,2,greedy,0,1,train:341,train:341,train:341,2.1337997168302536e-05,0
stage6_05,2,complexity_time,2,greedy,2,0,,,,4.0690647438168526e-06,0
stage6_05,2,complexity_time,2,greedy,3,0,,,,7.479684427380562e-07,0
stage6_05,2,complexity_time,2,greedy,4,0,,,,6.300397217273712e-07,0
stage6_05,2,complexity_time,2,greedy,5,0,,,,6.560003384947777e-07,0
stage6_06,0,reference,2,no_review,0,1,,train:356,train:356,2.513197250664234e-05,0
stage6_06,0,reference,2,no_review,1,1,,train:177,train:177,3.3849035389721394e-05,0
stage6_06,0,reference,2,no_review,2,1,,train:177,train:177,3.1930976547300816e-05,0
stage6_06,0,reference,2,no_review,3,1,,train:177,train:177,1.2103002518415451e-05,0
stage6_06,0,reference,2,no_review,4,0,,,,1.1747004464268684e-05,0
stage6_06,0,reference,2,no_review,5,0,,,,4.065921530127525e-06,0
stage6_06,0,reference,2,fcfs,0,1,train:356,train:356,train:356,1.8457998521625996e-05,0
stage6_06,0,reference,2,fcfs,2,1,train:177,train:177,train:177,2.8953072614967823e-05,0
stage6_06,0,reference,2,fcfs,4,0,,,,3.690016455948353e-06,0
stage6_06,0,reference,2,fcfs,5,0,,,,7.00005330145359e-07,0
stage6_06,0,reference,2,edf,0,1,train:356,train:356,train:356,2.1772109903395176e-05,0
stage6_06,0,reference,2,edf,2,1,train:177,train:177,train:177,3.74489463865757e-05,0
stage6_06,0,reference,2,edf,4,0,,,,4.66697383671999e-06,0
stage6_06,0,reference,2,edf,5,0,,,,8.048955351114273e-07,0
stage6_06,0,reference,2,uncertainty,0,1,train:356,train:356,train:356,2.3248023353517056e-05,0
stage6_06,0,reference,2,uncertainty,2,1,train:177,train:177,train:177,3.822904545813799e-05,0
stage6_06,0,reference,2,uncertainty,4,0,,,,5.408073775470257e-06,0
stage6_06,0,reference,2,uncertainty,5,0,,,,1.1400552466511726e-06,0
stage6_06,0,reference,2,greedy,0,1,train:356,train:356,train:356,2.039398532360792e-05,0
stage6_06,0,reference,2,greedy,2,1,train:177,train:177,train:177,5.092902574688196e-05,0
stage6_06,0,reference,2,greedy,4,0,,,,5.475012585520744e-06,0
stage6_06,0,reference,2,greedy,5,0,,,,7.919734343886375e-07,0
stage6_06,0,reference,2,search,0,1,train:356,train:356,train:356,2.8081005439162254e-05,2
stage6_06,0,reference,2,search,2,1,train:177,train:177,train:177,3.921997267752886e-05,2
stage6_06,0,reference,2,search,4,0,,,,3.5190023481845856e-06,0
stage6_06,0,reference,2,search,5,0,,,,7.950002327561378e-07,0
stage6_06,0,reference,1,no_review,0,1,,train:356,train:356,1.9789091311395168e-05,0
stage6_06,0,reference,1,no_review,1,2,,train:177,train:356,2.2227992303669453e-05,0
stage6_06,0,reference,1,no_review,2,1,,train:177,train:177,3.807409666478634e-05,0
stage6_06,0,reference,1,no_review,3,1,,train:177,train:177,2.056802622973919e-05,0
stage6_06,0,reference,1,no_review,4,1,,train:177,train:177,1.7593964003026485e-05,0
stage6_06,0,reference,1,no_review,5,0,,,,5.098991096019745e-06,0
stage6_06,0,reference,1,fcfs,0,1,train:356,train:356,train:356,1.978897489607334e-05,0
stage6_06,0,reference,1,fcfs,1,1,train:177,train:177,train:177,2.055696677416563e-05,0
stage6_06,0,reference,1,fcfs,2,0,,,,4.977104254066944e-06,0
stage6_06,0,reference,1,fcfs,3,0,,,,7.119961082935333e-07,0
stage6_06,0,reference,1,fcfs,4,0,,,,6.700865924358368e-07,0
stage6_06,0,reference,1,fcfs,5,0,,,,7.030321285128593e-07,0
stage6_06,0,reference,1,edf,0,1,train:356,train:356,train:356,2.0973035134375095e-05,0
stage6_06,0,reference,1,edf,1,1,train:177,train:177,train:177,1.926603727042675e-05,0
stage6_06,0,reference,1,edf,2,0,,,,4.266970790922642e-06,0
stage6_06,0,reference,1,edf,3,0,,,,7.830094546079636e-07,0
stage6_06,0,reference,1,edf,4,0,,,,6.970949470996857e-07,0
stage6_06,0,reference,1,edf,5,0,,,,7.00005330145359e-07,0
stage6_06,0,reference,1,uncertainty,0,1,train:356,train:356,train:356,2.0911917090415955e-05,0
stage6_06,0,reference,1,uncertainty,1,1,train:177,train:177,train:177,2.2595981135964394e-05,0
stage6_06,0,reference,1,uncertainty,2,0,,,,3.745080903172493e-06,0
stage6_06,0,reference,1,uncertainty,3,0,,,,7.749767974019051e-07,0
stage6_06,0,reference,1,uncertainty,4,0,,,,7.119961082935333e-07,0
stage6_06,0,reference,1,uncertainty,5,0,,,,7.270136848092079e-07,0
stage6_06,0,reference,1,greedy,0,1,train:356,train:356,train:356,2.0663021132349968e-05,0
stage6_06,0,reference,1,greedy,1,1,train:177,train:177,train:177,2.1802028641104698e-05,0
stage6_06,0,reference,1,greedy,2,0,,,,4.781060852110386e-06,0
stage6_06,0,reference,1,greedy,3,0,,,,7.610069587826729e-07,0
stage6_06,0,reference,1,greedy,4,0,,,,6.479676812887192e-07,0
stage6_06,0,reference,1,greedy,5,0,,,,6.949994713068008e-07,0
stage6_06,0,reference,1,search,0,1,train:356,train:356,train:356,2.4604960344731808e-05,2
stage6_06,0,reference,1,search,1,1,train:177,train:177,train:177,3.01640247926116e-05,2
stage6_06,0,reference,1,search,2,0,,,,3.1099189072847366e-06,0
stage6_06,0,reference,1,search,3,0,,,,7.42962583899498e-07,0
stage6_06,0,reference,1,search,4,0,,,,6.919726729393005e-07,0
stage6_06,0,reference,1,search,5,0,,,,6.470363587141037e-07,0
stage6_06,0,approve_block,2,no_review,0,1,,train:356,train:356,1.857406459748745e-05,0
stage6_06,0,approve_block,2,no_review,1,1,,train:177,train:177,2.2851047106087208e-05,0
stage6_06,0,approve_block,2,no_review,2,1,,train:177,train:177,2.996495459228754e-05,0
stage6_06,0,approve_block,2,no_review,3,1,,train:177,train:177,1.204002182930708e-05,0
stage6_06,0,approve_block,2,no_review,4,0,,,,1.1982046999037266e-05,0
stage6_06,0,approve_block,2,no_review,5,0,,,,3.94496601074934e-06,0
stage6_06,0,approve_block,2,fcfs,0,1,train:356,train:356,train:356,2.0336941815912724e-05,0
stage6_06,0,approve_block,2,fcfs,2,1,train:177,train:177,train:177,3.6519020795822144e-05,0
stage6_06,0,approve_block,2,fcfs,4,0,,,,4.317029379308224e-06,0
stage6_06,0,approve_block,2,fcfs,5,0,,,,8.17934051156044e-07,0
stage6_06,0,approve_block,2,edf,0,1,train:356,train:356,train:356,2.0903069525957108e-05,0
stage6_06,0,approve_block,2,edf,2,1,train:177,train:177,train:177,2.6820925995707512e-05,0
stage6_06,0,approve_block,2,edf,4,0,,,,2.9919901862740517e-06,0
stage6_06,0,approve_block,2,edf,5,0,,,,7.409835234284401e-07,0
stage6_06,0,approve_block,2,uncertainty,0,1,train:356,train:356,train:356,2.1066982299089432e-05,0
stage6_06,0,approve_block,2,uncertainty,2,1,train:177,train:177,train:177,3.600295167416334e-05,0
stage6_06,0,approve_block,2,uncertainty,4,0,,,,2.7440255507826805e-06,0
stage6_06,0,approve_block,2,uncertainty,5,0,,,,7.620546966791153e-07,0
stage6_06,0,approve_block,2,greedy,0,1,train:356,train:356,train:356,2.361403312534094e-05,0
stage6_06,0,approve_block,2,greedy,2,1,train:177,train:177,train:177,3.542692866176367e-05,0
stage6_06,0,approve_block,2,greedy,4,0,,,,3.335997462272644e-06,0
stage6_06,0,approve_block,2,greedy,5,0,,,,7.830094546079636e-07,0
stage6_06,0,approve_block,2,search,0,1,train:356,train:356,train:356,3.985303919762373e-05,2
stage6_06,0,approve_block,2,search,2,1,train:177,train:177,train:177,4.4520944356918335e-05,2
stage6_06,0,approve_block,2,search,4,0,,,,2.956017851829529e-06,0
stage6_06,0,approve_block,2,search,5,0,,,,7.459893822669983e-07,0
stage6_06,0,approve_block,1,no_review,0,1,,train:356,train:356,2.3709959350526333e-05,0
stage6_06,0,approve_block,1,no_review,1,2,,train:177,train:356,2.28190328925848e-05,0
stage6_06,0,approve_block,1,no_review,2,1,,train:177,train:177,5.244102794677019e-05,0
stage6_06,0,approve_block,1,no_review,3,1,,train:177,train:177,2.465990837663412e-05,0
stage6_06,0,approve_block,1,no_review,4,1,,train:177,train:177,2.415210474282503e-05,0
stage6_06,0,approve_block,1,no_review,5,0,,,,7.383991032838821e-06,0
stage6_06,0,approve_block,1,fcfs,0,1,train:356,train:356,train:356,1.9395025447010994e-05,0
stage6_06,0,approve_block,1,fcfs,1,1,train:177,train:177,train:177,1.8802937120199203e-05,0
stage6_06,0,approve_block,1,fcfs,2,0,,,,3.196997568011284e-06,0
stage6_06,0,approve_block,1,fcfs,3,0,,,,6.990740075707436e-07,0
stage6_06,0,approve_block,1,fcfs,4,0,,,,6.949994713068008e-07,0
stage6_06,0,approve_block,1,fcfs,5,0,,,,7.119961082935333e-07,0
stage6_06,0,approve_block,1,edf,0,1,train:356,train:356,train:356,3.3998978324234486e-05,0
stage6_06,0,approve_block,1,edf,1,1,train:177,train:177,train:177,3.310106694698334e-05,0
stage6_06,0,approve_block,1,edf,2,0,,,,6.801914423704147e-06,0
stage6_06,0,approve_block,1,edf,3,0,,,,1.2409873306751251e-06,0
stage6_06,0,approve_block,1,edf,4,0,,,,1.0880175977945328e-06,0
stage6_06,0,approve_block,1,edf,5,0,,,,1.2009404599666595e-06,0
stage6_06,0,approve_block,1,uncertainty,0,1,train:356,train:356,train:356,1.989805605262518e-05,0
stage6_06,0,approve_block,1,uncertainty,1,1,train:177,train:177,train:177,2.4926033802330494e-05,0
stage6_06,0,approve_block,1,uncertainty,2,0,,,,4.214933142066002e-06,0
stage6_06,0,approve_block,1,uncertainty,3,0,,,,7.189810276031494e-07,0
stage6_06,0,approve_block,1,uncertainty,4,0,,,,6.449408829212189e-07,0
stage6_06,0,approve_block,1,uncertainty,5,0,,,,6.93020410835743e-07,0
stage6_06,0,approve_block,1,greedy,0,1,train:356,train:356,train:356,2.070702612400055e-05,0
stage6_06,0,approve_block,1,greedy,1,1,train:177,train:177,train:177,2.270401455461979e-05,0
stage6_06,0,approve_block,1,greedy,2,0,,,,4.7300709411501884e-06,0
stage6_06,0,approve_block,1,greedy,3,0,,,,7.409835234284401e-07,0
stage6_06,0,approve_block,1,greedy,4,0,,,,7.200287654995918e-07,0
stage6_06,0,approve_block,1,greedy,5,0,,,,7.200287654995918e-07,0
stage6_06,0,approve_block,1,search,0,1,train:356,train:356,train:356,2.4768058210611343e-05,2
stage6_06,0,approve_block,1,search,1,1,train:177,train:177,train:177,2.129003405570984e-05,2
stage6_06,0,approve_block,1,search,2,0,,,,4.0458980947732925e-06,0
stage6_06,0,approve_block,1,search,3,0,,,,7.760245352983475e-07,0
stage6_06,0,approve_block,1,search,4,0,,,,6.780028343200684e-07,0
stage6_06,0,approve_block,1,search,5,0,,,,6.989575922489166e-07,0
stage6_06,0,complexity_time,2,no_review,0,1,,train:356,train:356,1.9736005924642086e-05,0
stage6_06,0,complexity_time,2,no_review,1,1,,train:177,train:177,2.2281077690422535e-05,0
stage6_06,0,complexity_time,2,no_review,2,1,,train:177,train:177,2.590497024357319e-05,0
stage6_06,0,complexity_time,2,no_review,3,1,,train:177,train:177,1.2030941434204578e-05,0
stage6_06,0,complexity_time,2,no_review,4,0,,,,1.1499971151351929e-05,0
stage6_06,0,complexity_time,2,no_review,5,0,,,,2.325046807527542e-06,0
stage6_06,0,complexity_time,2,fcfs,0,1,train:356,train:356,train:356,2.0633917301893234e-05,0
stage6_06,0,complexity_time,2,fcfs,2,1,train:177,train:177,train:177,3.657606430351734e-05,0
stage6_06,0,complexity_time,2,fcfs,4,0,,,,4.3869949877262115e-06,0
stage6_06,0,complexity_time,2,fcfs,5,0,,,,7.710186764597893e-07,0
stage6_06,0,complexity_time,2,edf,0,1,train:356,train:356,train:356,2.2607040591537952e-05,0
stage6_06,0,complexity_time,2,edf,2,1,train:177,train:177,train:177,3.39350663125515e-05,0
stage6_06,0,complexity_time,2,edf,4,0,,,,3.961031325161457e-06,0
stage6_06,0,complexity_time,2,edf,5,0,,,,7.690396159887314e-07,0
stage6_06,0,complexity_time,2,uncertainty,0,1,train:356,train:356,train:356,2.1351035684347153e-05,0
stage6_06,0,complexity_time,2,uncertainty,2,1,train:177,train:177,train:177,3.0200928449630737e-05,0
stage6_06,0,complexity_time,2,uncertainty,4,0,,,,3.866967745125294e-06,0
stage6_06,0,complexity_time,2,uncertainty,5,0,,,,7.369089871644974e-07,0
stage6_06,0,complexity_time,2,greedy,0,1,train:356,train:356,train:356,2.584792673587799e-05,0
stage6_06,0,complexity_time,2,greedy,2,1,train:177,train:177,train:177,4.004000220447779e-05,0
stage6_06,0,complexity_time,2,greedy,4,0,,,,3.4300610423088074e-06,0
stage6_06,0,complexity_time,2,greedy,5,0,,,,7.729977369308472e-07,0
stage6_06,0,complexity_time,2,search,0,1,train:356,train:356,train:356,4.111696034669876e-05,2
stage6_06,0,complexity_time,2,search,2,1,train:177,train:177,train:177,6.332399789243937e-05,2
stage6_06,0,complexity_time,2,search,4,0,,,,3.863009624183178e-06,0
stage6_06,0,complexity_time,2,search,5,0,,,,7.390044629573822e-07,0
stage6_06,0,complexity_time,1,no_review,0,1,,train:356,train:356,1.8348917365074158e-05,0
stage6_06,0,complexity_time,1,no_review,1,2,,train:177,train:356,2.3338012397289276e-05,0
stage6_06,0,complexity_time,1,no_review,2,1,,train:177,train:177,3.253703471273184e-05,0
stage6_06,0,complexity_time,1,no_review,3,1,,train:177,train:177,1.1997995898127556e-05,0
stage6_06,0,complexity_time,1,no_review,4,1,,train:177,train:177,1.1801021173596382e-05,0
stage6_06,0,complexity_time,1,no_review,5,0,,,,3.2909447327256203e-06,0
stage6_06,0,complexity_time,1,fcfs,0,1,train:356,train:356,train:356,2.0476989448070526e-05,0
stage6_06,0,complexity_time,1,fcfs,1,1,train:177,train:177,train:177,1.9915984012186527e-05,0
stage6_06,0,complexity_time,1,fcfs,2,0,,,,7.705995813012123e-06,0
stage6_06,0,complexity_time,1,fcfs,3,0,,,,7.83940777182579e-07,0
stage6_06,0,complexity_time,1,fcfs,4,0,,,,7.019843906164169e-07,0
stage6_06,0,complexity_time,1,fcfs,5,0,,,,7.019843906164169e-07,0
stage6_06,0,complexity_time,1,edf,0,1,train:356,train:356,train:356,2.0906911231577396e-05,0
stage6_06,0,complexity_time,1,edf,1,1,train:177,train:177,train:177,2.0332983694970608e-05,0
stage6_06,0,complexity_time,1,edf,2,0,,,,2.5760382413864136e-06,0
stage6_06,0,complexity_time,1,edf,3,0,,,,7.849885150790215e-07,0
stage6_06,0,complexity_time,1,edf,4,0,,,,6.570480763912201e-07,0
stage6_06,0,complexity_time,1,edf,5,0,,,,6.75092451274395e-07,0
stage6_06,0,complexity_time,1,uncertainty,0,1,train:356,train:356,train:356,2.349098213016987e-05,0
stage6_06,0,complexity_time,1,uncertainty,1,1,train:177,train:177,train:177,2.0795967429876328e-05,0
stage6_06,0,complexity_time,1,uncertainty,2,0,,,,3.2989773899316788e-06,0
stage6_06,0,complexity_time,1,uncertainty,3,0,,,,7.241033017635345e-07,0
stage6_06,0,complexity_time,1,uncertainty,4,0,,,,7.320195436477661e-07,0
stage6_06,0,complexity_time,1,uncertainty,5,0,,,,6.490154191851616e-07,0
stage6_06,0,complexity_time,1,greedy,0,1,train:356,train:356,train:356,2.763001248240471e-05,0
stage6_06,0,complexity_time,1,greedy,1,1,train:177,train:177,train:177,2.1787011064589024e-05,0
stage6_06,0,complexity_time,1,greedy,2,0,,,,3.59897967427969e-06,0
stage6_06,0,complexity_time,1,greedy,3,0,,,,7.699709385633469e-07,0
stage6_06,0,complexity_time,1,greedy,4,0,,,,7.239868864417076e-07,0
stage6_06,0,complexity_time,1,greedy,5,0,,,,7.119961082935333e-07,0
stage6_06,0,complexity_time,1,search,0,1,train:356,train:356,train:356,2.4084001779556274e-05,2
stage6_06,0,complexity_time,1,search,1,1,train:177,train:177,train:177,2.7242000214755535e-05,2
stage6_06,0,complexity_time,1,search,2,0,,,,4.669069312512875e-06,0
stage6_06,0,complexity_time,1,search,3,0,,,,6.880145519971848e-07,0
stage6_06,0,complexity_time,1,search,4,0,,,,6.320187821984291e-07,0
stage6_06,0,complexity_time,1,search,5,0,,,,6.560003384947777e-07,0
stage6_06,1,reference,2,no_review,0,1,,train:356,train:356,1.988396979868412e-05,0
stage6_06,1,reference,2,no_review,1,1,,train:177,train:177,2.217909786850214e-05,0
stage6_06,1,reference,2,no_review,2,1,,train:177,train:177,3.232201561331749e-05,0
stage6_06,1,reference,2,no_review,3,1,,train:177,train:177,1.228495966643095e-05,0
stage6_06,1,reference,2,no_review,4,0,,,,1.160206738859415e-05,0
stage6_06,1,reference,2,no_review,5,0,,,,3.4070108085870743e-06,0
stage6_06,1,reference,2,fcfs,0,1,train:356,train:356,train:356,1.7629005014896393e-05,0
stage6_06,1,reference,2,fcfs,2,1,train:177,train:177,train:177,2.2502033971250057e-05,0
stage6_06,1,reference,2,fcfs,4,0,,,,2.5229528546333313e-06,0
stage6_06,1,reference,2,fcfs,5,0,,,,7.599592208862305e-07,0
stage6_06,1,reference,2,edf,0,1,train:356,train:356,train:356,2.1104002371430397e-05,0
stage6_06,1,reference,2,edf,2,1,train:177,train:177,train:177,4.109193105250597e-05,0
stage6_06,1,reference,2,edf,4,0,,,,4.444969817996025e-06,0
stage6_06,1,reference,2,edf,5,0,,,,7.139751687645912e-07,0
stage6_06,1,reference,2,uncertainty,0,1,train:356,train:356,train:356,2.2191903553903103e-05,0
stage6_06,1,reference,2,uncertainty,2,1,train:177,train:177,train:177,3.907096106559038e-05,0
stage6_06,1,reference,2,uncertainty,4,0,,,,4.252069629728794e-06,0
stage6_06,1,reference,2,uncertainty,5,0,,,,7.669441401958466e-07,0
stage6_06,1,reference,2,greedy,0,1,train:356,train:356,train:356,2.0878971554338932e-05,0
stage6_06,1,reference,2,greedy,2,1,train:177,train:177,train:177,3.880902659147978e-05,0
stage6_06,1,reference,2,greedy,4,0,,,,3.008986823260784e-06,0
stage6_06,1,reference,2,greedy,5,0,,,,6.699701771140099e-07,0
stage6_06,1,reference,2,search,0,1,train:356,train:356,train:356,2.5139073841273785e-05,2
stage6_06,1,reference,2,search,2,1,train:177,train:177,train:177,3.467593342065811e-05,2
stage6_06,1,reference,2,search,4,0,,,,3.3209798857569695e-06,0
stage6_06,1,reference,2,search,5,0,,,,7.069902494549751e-07,0
stage6_06,1,reference,1,no_review,0,1,,train:356,train:356,1.821399200707674e-05,0
stage6_06,1,reference,1,no_review,1,2,,train:177,train:356,2.2771069779992104e-05,0
stage6_06,1,reference,1,no_review,2,1,,train:177,train:177,2.9925024136900902e-05,0
stage6_06,1,reference,1,no_review,3,1,,train:177,train:177,1.224700827151537e-05,0
stage6_06,1,reference,1,no_review,4,1,,train:177,train:177,1.191697083413601e-05,0
stage6_06,1,reference,1,no_review,5,0,,,,2.820044755935669e-06,0
stage6_06,1,reference,1,fcfs,0,1,train:356,train:356,train:356,1.96059700101614e-05,0
stage6_06,1,reference,1,fcfs,1,1,train:177,train:177,train:177,1.8430990166962147e-05,0
stage6_06,1,reference,1,fcfs,2,0,,,,3.352062776684761e-06,0
stage6_06,1,reference,1,fcfs,3,0,,,,7.490161806344986e-07,0
stage6_06,1,reference,1,fcfs,4,0,,,,6.4109917730093e-07,0
stage6_06,1,reference,1,fcfs,5,0,,,,6.59027136862278e-07,0
stage6_06,1,reference,1,edf,0,1,train:356,train:356,train:356,2.1021929569542408e-05,0
stage6_06,1,reference,1,edf,1,1,train:177,train:177,train:177,2.0751962438225746e-05,0
stage6_06,1,reference,1,edf,2,0,,,,5.0979433581233025e-06,0
stage6_06,1,reference,1,edf,3,0,,,,1.2939563021063805e-06,0
stage6_06,1,reference,1,edf,4,0,,,,6.75092451274395e-07,0
stage6_06,1,reference,1,edf,5,0,,,,6.490154191851616e-07,0
stage6_06,1,reference,1,uncertainty,0,1,train:356,train:356,train:356,3.404298331588507e-05,0
stage6_06,1,reference,1,uncertainty,1,1,train:177,train:177,train:177,3.3849035389721394e-05,0
stage6_06,1,reference,1,uncertainty,2,0,,,,5.937996320426464e-06,0
stage6_06,1,reference,1,uncertainty,3,0,,,,1.5129335224628448e-06,0
stage6_06,1,reference,1,uncertainty,4,0,,,,1.376960426568985e-06,0
stage6_06,1,reference,1,uncertainty,5,0,,,,1.3200333341956139e-06,0
stage6_06,1,reference,1,greedy,0,1,train:356,train:356,train:356,2.1752086468040943e-05,0
stage6_06,1,reference,1,greedy,1,1,train:177,train:177,train:177,2.3526023142039776e-05,0
stage6_06,1,reference,1,greedy,2,0,,,,3.4479890018701553e-06,0
stage6_06,1,reference,1,greedy,3,0,,,,7.289927452802658e-07,0
stage6_06,1,reference,1,greedy,4,0,,,,6.529735401272774e-07,0
stage6_06,1,reference,1,greedy,5,0,,,,6.459886208176613e-07,0
stage6_06,1,reference,1,search,0,1,train:356,train:356,train:356,2.567400224506855e-05,2
stage6_06,1,reference,1,search,1,1,train:177,train:177,train:177,3.329501487314701e-05,2
stage6_06,1,reference,1,search,2,0,,,,4.158937372267246e-06,0
stage6_06,1,reference,1,search,3,0,,,,8.029164746403694e-07,0
stage6_06,1,reference,1,search,4,0,,,,6.699701771140099e-07,0
stage6_06,1,reference,1,search,5,0,,,,6.459886208176613e-07,0
stage6_06,1,approve_block,2,no_review,0,1,,train:356,train:356,1.8527032807469368e-05,0
stage6_06,1,approve_block,2,no_review,1,1,,train:177,train:177,2.1956046111881733e-05,0
stage6_06,1,approve_block,2,no_review,2,1,,train:177,train:177,3.541400656104088e-05,0
stage6_06,1,approve_block,2,no_review,3,1,,train:177,train:177,1.2184027582406998e-05,0
stage6_06,1,approve_block,2,no_review,4,0,,,,1.1835014447569847e-05,0
stage6_06,1,approve_block,2,no_review,5,0,,,,3.5150442272424698e-06,0
stage6_06,1,approve_block,2,fcfs,0,1,train:356,train:356,train:356,2.2691092453897e-05,0
stage6_06,1,approve_block,2,fcfs,2,1,train:177,train:177,train:177,4.3806969188153744e-05,0
stage6_06,1,approve_block,2,fcfs,4,0,,,,4.495028406381607e-06,0
stage6_06,1,approve_block,2,fcfs,5,0,,,,7.149064913392067e-07,0
stage6_06,1,approve_block,2,edf,0,1,train:356,train:356,train:356,2.127408515661955e-05,0
stage6_06,1,approve_block,2,edf,2,1,train:177,train:177,train:177,3.65719897672534e-05,0
stage6_06,1,approve_block,2,edf,4,0,,,,4.409113898873329e-06,0
stage6_06,1,approve_block,2,edf,5,0,,,,7.540220394730568e-07,0
stage6_06,1,approve_block,2,uncertainty,0,1,train:356,train:356,train:356,2.0931940525770187e-05,0
stage6_06,1,approve_block,2,uncertainty,2,1,train:177,train:177,train:177,4.930200520902872e-05,0
stage6_06,1,approve_block,2,uncertainty,4,0,,,,3.866967745125294e-06,0
stage6_06,1,approve_block,2,uncertainty,5,0,,,,7.440103217959404e-07,0
stage6_06,1,approve_block,2,greedy,0,1,train:356,train:356,train:356,2.2416003048419952e-05,0
stage6_06,1,approve_block,2,greedy,2,1,train:177,train:177,train:177,3.352703060954809e-05,0
stage6_06,1,approve_block,2,greedy,4,0,,,,4.944042302668095e-06,0
stage6_06,1,approve_block,2,greedy,5,0,,,,7.409835234284401e-07,0
stage6_06,1,approve_block,2,search,0,1,train:356,train:356,train:356,2.5877030566334724e-05,2
stage6_06,1,approve_block,2,search,2,1,train:177,train:177,train:177,3.716710489243269e-05,2
stage6_06,1,approve_block,2,search,4,0,,,,5.141948349773884e-06,0
stage6_06,1,approve_block,2,search,5,0,,,,8.729984983801842e-07,0
stage6_06,1,approve_block,1,no_review,0,1,,train:356,train:356,1.942599192261696e-05,0
stage6_06,1,approve_block,1,no_review,1,2,,train:177,train:356,2.2625084966421127e-05,0
stage6_06,1,approve_block,1,no_review,2,1,,train:177,train:177,3.111094702035189e-05,0
stage6_06,1,approve_block,1,no_review,3,1,,train:177,train:177,1.19389733299613e-05,0
stage6_06,1,approve_block,1,no_review,4,1,,train:177,train:177,1.1662021279335022e-05,0
stage6_06,1,approve_block,1,no_review,5,0,,,,4.381989128887653e-06,0
stage6_06,1,approve_block,1,fcfs,0,1,train:356,train:356,train:356,1.8456019461154938e-05,0
stage6_06,1,approve_block,1,fcfs,1,1,train:177,train:177,train:177,1.764995977282524e-05,0
stage6_06,1,approve_block,1,fcfs,2,0,,,,4.383036866784096e-06,0
stage6_06,1,approve_block,1,fcfs,3,0,,,,7.459893822669983e-07,0
stage6_06,1,approve_block,1,fcfs,4,0,,,,1.968001015484333e-06,0
stage6_06,1,approve_block,1,fcfs,5,0,,,,1.0959338396787643e-06,0
stage6_06,1,approve_block,1,edf,0,1,train:356,train:356,train:356,2.275302540510893e-05,0
stage6_06,1,approve_block,1,edf,1,1,train:177,train:177,train:177,2.3526023142039776e-05,0
stage6_06,1,approve_block,1,edf,2,0,,,,8.422997780144215e-06,0
stage6_06,1,approve_block,1,edf,3,0,,,,7.33998604118824e-07,0
stage6_06,1,approve_block,1,edf,4,0,,,,6.749760359525681e-07,0
stage6_06,1,approve_block,1,edf,5,0,,,,6.599584594368935e-07,0
stage6_06,1,approve_block,1,uncertainty,0,1,train:356,train:356,train:356,2.234696876257658e-05,0
stage6_06,1,approve_block,1,uncertainty,1,1,train:177,train:177,train:177,2.0090024918317795e-05,0
stage6_06,1,approve_block,1,uncertainty,2,0,,,,5.281064659357071e-06,0
stage6_06,1,approve_block,1,uncertainty,3,0,,,,7.320195436477661e-07,0
stage6_06,1,approve_block,1,uncertainty,4,0,,,,6.560003384947777e-07,0
stage6_06,1,approve_block,1,uncertainty,5,0,,,,6.770715117454529e-07,0
stage6_06,1,approve_block,1,greedy,0,1,train:356,train:356,train:356,2.1047075279057026e-05,0
stage6_06,1,approve_block,1,greedy,1,1,train:177,train:177,train:177,2.0444043911993504e-05,0
stage6_06,1,approve_block,1,greedy,2,0,,,,3.924942575395107e-06,0
stage6_06,1,approve_block,1,greedy,3,0,,,,7.280614227056503e-07,0
stage6_06,1,approve_block,1,greedy,4,0,,,,6.520422175526619e-07,0
stage6_06,1,approve_block,1,greedy,5,0,,,,7.059425115585327e-07,0
stage6_06,1,approve_block,1,search,0,1,train:356,train:356,train:356,2.5725923478603363e-05,2
stage6_06,1,approve_block,1,search,1,1,train:177,train:177,train:177,2.776400651782751e-05,2
stage6_06,1,approve_block,1,search,2,0,,,,3.576977178454399e-06,0
stage6_06,1,approve_block,1,search,3,0,,,,7.2503462433815e-07,0
stage6_06,1,approve_block,1,search,4,0,,,,6.949994713068008e-07,0
stage6_06,1,approve_block,1,search,5,0,,,,7.139751687645912e-07,0
stage6_06,1,complexity_time,2,no_review,0,1,,train:356,train:356,1.8140068277716637e-05,0
stage6_06,1,complexity_time,2,no_review,1,1,,train:177,train:177,2.3036031052470207e-05,0
stage6_06,1,complexity_time,2,no_review,2,1,,train:177,train:177,2.188701182603836e-05,0
stage6_06,1,complexity_time,2,no_review,3,1,,train:177,train:177,1.2121046893298626e-05,0
stage6_06,1,complexity_time,2,no_review,4,0,,,,1.161801628768444e-05,0
stage6_06,1,complexity_time,2,no_review,5,0,,,,3.272085450589657e-06,0
stage6_06,1,complexity_time,2,fcfs,0,1,train:356,train:356,train:356,1.9737984985113144e-05,0
stage6_06,1,complexity_time,2,fcfs,2,1,train:177,train:177,train:177,3.8072001188993454e-05,0
stage6_06,1,complexity_time,2,fcfs,4,0,,,,6.6480133682489395e-06,0
stage6_06,1,complexity_time,2,fcfs,5,0,,,,1.3969838619232178e-06,0
stage6_06,1,complexity_time,2,edf,0,1,train:356,train:356,train:356,2.1882937289774418e-05,0
stage6_06,1,complexity_time,2,edf,2,1,train:177,train:177,train:177,4.030694253742695e-05,0
stage6_06,1,complexity_time,2,edf,4,0,,,,4.832982085645199e-06,0
stage6_06,1,complexity_time,2,edf,5,0,,,,7.739290595054626e-07,0
stage6_06,1,complexity_time,2,uncertainty,0,1,train:356,train:356,train:356,3.4693977795541286e-05,0
stage6_06,1,complexity_time,2,uncertainty,2,1,train:177,train:177,train:177,3.610097337514162e-05,0
stage6_06,1,complexity_time,2,uncertainty,4,0,,,,4.233908839523792e-06,0
stage6_06,1,complexity_time,2,uncertainty,5,0,,,,8.119968697428703e-07,0
stage6_06,1,complexity_time,2,greedy,0,1,train:356,train:356,train:356,2.114602830260992e-05,0
stage6_06,1,complexity_time,2,greedy,2,1,train:177,train:177,train:177,7.41640105843544e-05,0
stage6_06,1,complexity_time,2,greedy,4,0,,,,4.266039468348026e-06,0
stage6_06,1,complexity_time,2,greedy,5,0,,,,8.189817890524864e-07,0
stage6_06,1,complexity_time,2,search,0,1,train:356,train:356,train:356,2.5402987375855446e-05,2
stage6_06,1,complexity_time,2,search,2,1,train:177,train:177,train:177,3.689294680953026e-05,2
stage6_06,1,complexity_time,2,search,4,0,,,,3.5819830372929573e-06,0
stage6_06,1,complexity_time,2,search,5,0,,,,7.84057192504406e-07,0
stage6_06,1,complexity_time,1,no_review,0,1,,train:356,train:356,1.783191692084074e-05,0
stage6_06,1,complexity_time,1,no_review,1,2,,train:177,train:356,2.2622989490628242e-05,0
stage6_06,1,complexity_time,1,no_review,2,1,,train:177,train:177,2.6311958208680153e-05,0
stage6_06,1,complexity_time,1,no_review,3,1,,train:177,train:177,1.182500272989273e-05,0
stage6_06,1,complexity_time,1,no_review,4,1,,train:177,train:177,1.1513009667396545e-05,0
stage6_06,1,complexity_time,1,no_review,5,0,,,,4.390021786093712e-06,0
stage6_06,1,complexity_time,1,fcfs,0,1,train:356,train:356,train:356,1.9569997675716877e-05,0
stage6_06,1,complexity_time,1,fcfs,1,1,train:177,train:177,train:177,1.919991336762905e-05,0
stage6_06,1,complexity_time,1,fcfs,2,0,,,,5.2069080993533134e-06,0
stage6_06,1,complexity_time,1,fcfs,3,0,,,,7.419148460030556e-07,0
stage6_06,1,complexity_time,1,fcfs,4,0,,,,6.629852578043938e-07,0
stage6_06,1,complexity_time,1,fcfs,5,0,,,,7.060589268803596e-07,0
stage6_06,1,complexity_time,1,edf,0,1,train:356,train:356,train:356,3.101397305727005e-05,0
stage6_06,1,complexity_time,1,edf,1,1,train:177,train:177,train:177,1.8061022274196148e-05,0
stage6_06,1,complexity_time,1,edf,2,0,,,,2.53401231020689e-06,0
stage6_06,1,complexity_time,1,edf,3,0,,,,7.459893822669983e-07,0
stage6_06,1,complexity_time,1,edf,4,0,,,,6.579793989658356e-07,0
stage6_06,1,complexity_time,1,edf,5,0,,,,6.729969754815102e-07,0
stage6_06,1,complexity_time,1,uncertainty,0,1,train:356,train:356,train:356,2.2807973437011242e-05,0
stage6_06,1,complexity_time,1,uncertainty,1,1,train:177,train:177,train:177,1.9234023056924343e-05,0
stage6_06,1,complexity_time,1,uncertainty,2,0,,,,2.2780150175094604e-06,0
stage6_06,1,complexity_time,1,uncertainty,3,0,,,,7.709022611379623e-07,0
stage6_06,1,complexity_time,1,uncertainty,4,0,,,,6.939517334103584e-07,0
stage6_06,1,complexity_time,1,uncertainty,5,0,,,,6.67991116642952e-07,0
stage6_06,1,complexity_time,1,greedy,0,1,train:356,train:356,train:356,2.387410495430231e-05,0
stage6_06,1,complexity_time,1,greedy,1,1,train:177,train:177,train:177,2.0280014723539352e-05,0
stage6_06,1,complexity_time,1,greedy,2,0,,,,4.810979589819908e-06,0
stage6_06,1,complexity_time,1,greedy,3,0,,,,7.520429790019989e-07,0
stage6_06,1,complexity_time,1,greedy,4,0,,,,6.869668141007423e-07,0
stage6_06,1,complexity_time,1,greedy,5,0,,,,6.59027136862278e-07,0
stage6_06,1,complexity_time,1,search,0,1,train:356,train:356,train:356,2.4830922484397888e-05,2
stage6_06,1,complexity_time,1,search,1,1,train:177,train:177,train:177,2.874503843486309e-05,2
stage6_06,1,complexity_time,1,search,2,0,,,,3.957073204219341e-06,0
stage6_06,1,complexity_time,1,search,3,0,,,,6.969785317778587e-07,0
stage6_06,1,complexity_time,1,search,4,0,,,,6.739282980561256e-07,0
stage6_06,1,complexity_time,1,search,5,0,,,,7.010530680418015e-07,0
stage6_06,2,reference,2,no_review,0,2,,train:466,train:356,3.1276955269277096e-05,0
stage6_06,2,reference,2,no_review,1,2,,train:177,train:466,3.233598545193672e-05,0
stage6_06,2,reference,2,no_review,2,2,,train:177,train:177,4.267995245754719e-05,0
stage6_06,2,reference,2,no_review,3,2,,train:177,train:177,2.1931948140263557e-05,0
stage6_06,2,reference,2,no_review,4,0,,,,2.1089916117489338e-05,0
stage6_06,2,reference,2,no_review,5,0,,,,7.73498322814703e-06,0
stage6_06,2,reference,2,fcfs,0,2,train:466,train:466,train:356,2.9472983442246914e-05,0
stage6_06,2,reference,2,fcfs,2,1,train:177,train:177,train:177,3.106892108917236e-05,0
stage6_06,2,reference,2,fcfs,4,0,,,,3.459048457443714e-06,0
stage6_06,2,reference,2,fcfs,5,0,,,,7.719499990344048e-07,0
stage6_06,2,reference,2,edf,0,2,train:356,train:466,train:356,3.0796974897384644e-05,0
stage6_06,2,reference,2,edf,2,2,train:466,train:177,train:177,4.597497172653675e-05,0
stage6_06,2,reference,2,edf,4,0,,,,3.215798642486334e-05,0
stage6_06,2,reference,2,edf,5,0,,,,2.8959475457668304e-06,0
stage6_06,2,reference,2,uncertainty,0,2,train:466,train:466,train:356,3.288406878709793e-05,0
stage6_06,2,reference,2,uncertainty,2,1,train:177,train:177,train:177,3.1347968615591526e-05,0
stage6_06,2,reference,2,uncertainty,4,0,,,,4.0780287235975266e-06,0
stage6_06,2,reference,2,uncertainty,5,0,,,,7.420312613248825e-07,0
stage6_06,2,reference,2,greedy,0,2,train:466,train:466,train:356,3.1596049666404724e-05,0
stage6_06,2,reference,2,greedy,2,1,train:177,train:177,train:177,3.5885022953152657e-05,0
stage6_06,2,reference,2,greedy,4,0,,,,2.79303640127182e-06,0
stage6_06,2,reference,2,greedy,5,0,,,,7.620546966791153e-07,0
stage6_06,2,reference,2,search,0,2,train:356,train:466,train:356,4.491501022130251e-05,5
stage6_06,2,reference,2,search,2,2,train:177,train:177,train:177,6.432808004319668e-05,5
stage6_06,2,reference,2,search,4,0,,,,3.2137962989509106e-05,0
stage6_06,2,reference,2,search,5,0,,,,4.173023626208305e-06,0
stage6_06,2,reference,1,no_review,0,2,,train:466,train:466,2.9504066333174706e-05,0
stage6_06,2,reference,1,no_review,1,3,,train:177,train:356,3.236602060496807e-05,0
stage6_06,2,reference,1,no_review,2,2,,train:177,train:466,6.027601193636656e-05,0
stage6_06,2,reference,1,no_review,3,2,,train:177,train:466,2.2195978090167046e-05,0
stage6_06,2,reference,1,no_review,4,2,,train:177,train:177,2.131203655153513e-05,0
stage6_06,2,reference,1,no_review,5,0,,,,3.5120174288749695e-06,0
stage6_06,2,reference,1,fcfs,0,2,train:466,train:466,train:466,2.9532937332987785e-05,0
stage6_06,2,reference,1,fcfs,1,2,train:356,train:177,train:356,2.930103801190853e-05,0
stage6_06,2,reference,1,fcfs,2,1,train:177,train:177,train:177,2.613093238323927e-05,0
stage6_06,2,reference,1,fcfs,3,0,,,,4.581059329211712e-06,0
stage6_06,2,reference,1,fcfs,4,0,,,,7.300404831767082e-07,0
stage6_06,2,reference,1,fcfs,5,0,,,,6.830086931586266e-07,0
stage6_06,2,reference,1,edf,0,2,train:356,train:466,train:466,3.122410271316767e-05,0
stage6_06,2,reference,1,edf,1,2,train:466,train:177,train:466,3.3853924833238125e-05,0
stage6_06,2,reference,1,edf,2,1,train:177,train:177,train:177,3.072107210755348e-05,0
stage6_06,2,reference,1,edf,3,0,,,,2.559041604399681e-06,0
stage6_06,2,reference,1,edf,4,0,,,,7.289927452802658e-07,0
stage6_06,2,reference,1,edf,5,0,,,,6.699701771140099e-07,0
stage6_06,2,reference,1,uncertainty,0,2,train:466,train:466,train:466,3.3841002732515335e-05,0
stage6_06,2,reference,1,uncertainty,1,2,train:177,train:177,train:356,3.2679992727935314e-05,0
stage6_06,2,reference,1,uncertainty,2,0,,,,3.592926077544689e-06,0
stage6_06,2,reference,1,uncertainty,3,0,,,,7.509952411055565e-07,0
stage6_06,2,reference,1,uncertainty,4,0,,,,7.700873538851738e-07,0
stage6_06,2,reference,1,uncertainty,5,0,,,,6.699701771140099e-07,0
stage6_06,2,reference,1,greedy,0,2,train:466,train:466,train:466,3.4283031709492207e-05,0
stage6_06,2,reference,1,greedy,1,2,train:177,train:177,train:356,3.0174036510288715e-05,0
stage6_06,2,reference,1,greedy,2,0,,,,3.890017978847027e-06,0
stage6_06,2,reference,1,greedy,3,0,,,,8.030328899621964e-07,0
stage6_06,2,reference,1,greedy,4,0,,,,6.919726729393005e-07,0
stage6_06,2,reference,1,greedy,5,0,,,,6.820773705840111e-07,0
stage6_06,2,reference,1,search,0,2,train:466,train:466,train:466,4.145398270338774e-05,5
stage6_06,2,reference,1,search,1,2,train:356,train:177,train:356,4.0587037801742554e-05,5
stage6_06,2,reference,1,search,2,1,train:177,train:177,train:177,4.9276044592261314e-05,2
stage6_06,2,reference,1,search,3,0,,,,3.8639409467577934e-06,0
stage6_06,2,reference,1,search,4,0,,,,7.469207048416138e-07,0
stage6_06,2,reference,1,search,5,0,,,,6.799818947911263e-07,0
stage6_06,2,approve_block,2,no_review,0,2,,train:466,train:356,3.0396971851587296e-05,0
stage6_06,2,approve_block,2,no_review,1,2,,train:177,train:466,3.158592153340578e-05,0
stage6_06,2,approve_block,2,no_review,2,2,,train:177,train:177,3.788003232330084e-05,0
stage6_06,2,approve_block,2,no_review,3,2,,train:177,train:177,2.166593912988901e-05,0
stage6_06,2,approve_block,2,no_review,4,0,,,,2.1154992282390594e-05,0
stage6_06,2,approve_block,2,no_review,5,0,,,,4.066037945449352e-06,0
stage6_06,2,approve_block,2,fcfs,0,2,train:466,train:466,train:356,2.970895729959011e-05,0
stage6_06,2,approve_block,2,fcfs,2,1,train:177,train:177,train:177,3.724300768226385e-05,0
stage6_06,2,approve_block,2,fcfs,4,0,,,,4.509929567575455e-06,0
stage6_06,2,approve_block,2,fcfs,5,0,,,,7.459893822669983e-07,0
stage6_06,2,approve_block,2,edf,0,2,train:356,train:466,train:356,3.509805537760258e-05,0
stage6_06,2,approve_block,2,edf,2,2,train:466,train:177,train:177,4.6186032705008984e-05,0
stage6_06,2,approve_block,2,edf,4,0,,,,3.0230963602662086e-05,0
stage6_06,2,approve_block,2,edf,5,0,,,,2.8780195862054825e-06,0
stage6_06,2,approve_block,2,uncertainty,0,2,train:466,train:466,train:356,3.1634001061320305e-05,0
stage6_06,2,approve_block,2,uncertainty,2,1,train:177,train:177,train:177,2.9633985832333565e-05,0
stage6_06,2,approve_block,2,uncertainty,4,0,,,,3.0420487746596336e-06,0
stage6_06,2,approve_block,2,uncertainty,5,0,,,,7.59027898311615e-07,0
stage6_06,2,approve_block,2,greedy,0,2,train:466,train:466,train:356,3.258907236158848e-05,0
stage6_06,2,approve_block,2,greedy,2,1,train:177,train:177,train:177,3.522599581629038e-05,0
stage6_06,2,approve_block,2,greedy,4,0,,,,3.0959490686655045e-06,0
stage6_06,2,approve_block,2,greedy,5,0,,,,7.67991878092289e-07,0
stage6_06,2,approve_block,2,search,0,2,train:356,train:466,train:356,4.285608883947134e-05,5
stage6_06,2,approve_block,2,search,2,2,train:177,train:177,train:177,6.243004463613033e-05,5
stage6_06,2,approve_block,2,search,4,0,,,,2.6731984689831734e-05,0
stage6_06,2,approve_block,2,search,5,0,,,,2.7780188247561455e-06,0
stage6_06,2,approve_block,1,no_review,0,2,,train:466,train:466,2.8915004804730415e-05,0
stage6_06,2,approve_block,1,no_review,1,3,,train:177,train:356,3.3298972994089127e-05,0
stage6_06,2,approve_block,1,no_review,2,2,,train:177,train:466,4.35560941696167e-05,0
stage6_06,2,approve_block,1,no_review,3,2,,train:177,train:466,2.213695552200079e-05,0
stage6_06,2,approve_block,1,no_review,4,2,,train:177,train:177,2.1649058908224106e-05,0
stage6_06,2,approve_block,1,no_review,5,0,,,,3.4780241549015045e-06,0
stage6_06,2,approve_block,1,fcfs,0,2,train:466,train:466,train:466,4.6613975428044796e-05,0
stage6_06,2,approve_block,1,fcfs,1,2,train:356,train:177,train:356,3.0118972063064575e-05,0
stage6_06,2,approve_block,1,fcfs,2,1,train:177,train:177,train:177,4.5313965529203415e-05,0
stage6_06,2,approve_block,1,fcfs,3,0,,,,4.907953552901745e-06,0
stage6_06,2,approve_block,1,fcfs,4,0,,,,7.030321285128593e-07,0
stage6_06,2,approve_block,1,fcfs,5,0,,,,7.080379873514175e-07,0
stage6_06,2,approve_block,1,edf,0,2,train:356,train:466,train:466,3.8134981878101826e-05,0
stage6_06,2,approve_block,1,edf,1,2,train:466,train:177,train:466,3.3303978852927685e-05,0
stage6_06,2,approve_block,1,edf,2,1,train:177,train:177,train:177,3.279710654169321e-05,0
stage6_06,2,approve_block,1,edf,3,0,,,,3.356020897626877e-06,0
stage6_06,2,approve_block,1,edf,4,0,,,,7.370254024863243e-07,0
stage6_06,2,approve_block,1,edf,5,0,,,,6.570480763912201e-07,0
stage6_06,2,approve_block,1,uncertainty,0,2,train:466,train:466,train:466,3.716105129569769e-05,0
stage6_06,2,approve_block,1,uncertainty,1,2,train:177,train:177,train:356,3.194401506334543e-05,0
stage6_06,2,approve_block,1,uncertainty,2,0,,,,5.4209958761930466e-06,0
stage6_06,2,approve_block,1,uncertainty,3,0,,,,7.780035957694054e-07,0
stage6_06,2,approve_block,1,uncertainty,4,0,,,,6.709014996886253e-07,0
stage6_06,2,approve_block,1,uncertainty,5,0,,,,6.830086931586266e-07,0
stage6_06,2,approve_block,1,greedy,0,2,train:466,train:466,train:466,3.153306897729635e-05,0
stage6_06,2,approve_block,1,greedy,1,2,train:177,train:177,train:356,2.9840972274541855e-05,0
stage6_06,2,approve_block,1,greedy,2,0,,,,2.4139881134033203e-06,0
stage6_06,2,approve_block,1,greedy,3,0,,,,7.749767974019051e-07,0
stage6_06,2,approve_block,1,greedy,4,0,,,,7.119961082935333e-07,0
stage6_06,2,approve_block,1,greedy,5,0,,,,6.729969754815102e-07,0
stage6_06,2,approve_block,1,search,0,2,train:466,train:466,train:466,4.091300070285797e-05,5
stage6_06,2,approve_block,1,search,1,2,train:356,train:177,train:356,4.169694148004055e-05,5
stage6_06,2,approve_block,1,search,2,1,train:177,train:177,train:177,4.371895920485258e-05,2
stage6_06,2,approve_block,1,search,3,0,,,,2.7669593691825867e-06,0
stage6_06,2,approve_block,1,search,4,0,,,,7.650814950466156e-07,0
stage6_06,2,approve_block,1,search,5,0,,,,6.880145519971848e-07,0
stage6_06,2,complexity_time,2,no_review,0,2,,train:466,train:356,2.916506491601467e-05,0
stage6_06,2,complexity_time,2,no_review,1,2,,train:177,train:177,3.2423995435237885e-05,0
stage6_06,2,complexity_time,2,no_review,2,2,,train:177,train:177,4.8776972107589245e-05,0
stage6_06,2,complexity_time,2,no_review,3,1,,train:177,train:177,2.2265012376010418e-05,0
stage6_06,2,complexity_time,2,no_review,4,0,,,,2.133403904736042e-05,0
stage6_06,2,complexity_time,2,no_review,5,0,,,,3.4049153327941895e-06,0
stage6_06,2,complexity_time,2,fcfs,0,2,train:466,train:466,train:356,3.165402449667454e-05,0
stage6_06,2,complexity_time,2,fcfs,3,1,train:177,train:177,train:177,3.4417957067489624e-05,0
stage6_06,2,complexity_time,2,fcfs,5,0,,,,5.825073458254337e-06,0
stage6_06,2,complexity_time,2,edf,0,2,train:356,train:466,train:356,6.406696047633886e-05,0
stage6_06,2,complexity_time,2,edf,2,2,train:466,train:177,train:177,5.356408655643463e-05,0
stage6_06,2,complexity_time,2,edf,5,0,,,,4.559056833386421e-06,0
stage6_06,2,complexity_time,2,uncertainty,0,2,train:466,train:466,train:356,3.2769981771707535e-05,0
stage6_06,2,complexity_time,2,uncertainty,3,1,train:177,train:177,train:177,4.5871944166719913e-05,0
stage6_06,2,complexity_time,2,uncertainty,5,0,,,,4.610046744346619e-06,0
stage6_06,2,complexity_time,2,greedy,0,2,train:466,train:466,train:356,3.502797335386276e-05,0
stage6_06,2,complexity_time,2,greedy,3,1,train:177,train:177,train:177,3.421294968575239e-05,0
stage6_06,2,complexity_time,2,greedy,5,0,,,,5.509937182068825e-06,0
stage6_06,2,complexity_time,2,search,0,2,train:356,train:466,train:356,4.7569978050887585e-05,5
stage6_06,2,complexity_time,2,search,2,2,train:177,train:177,train:177,6.114807911217213e-05,5
stage6_06,2,complexity_time,2,search,4,0,,,,3.681005910038948e-05,0
stage6_06,2,complexity_time,2,search,5,0,,,,4.442990757524967e-06,0
stage6_06,2,complexity_time,1,no_review,0,2,,train:466,train:356,3.2329000532627106e-05,0
stage6_06,2,complexity_time,1,no_review,1,3,,train:177,train:356,3.299489617347717e-05,0
stage6_06,2,complexity_time,1,no_review,2,2,,train:177,train:466,4.3514068238437176e-05,0
stage6_06,2,complexity_time,1,no_review,3,2,,train:177,train:177,2.222694456577301e-05,0
stage6_06,2,complexity_time,1,no_review,4,1,,train:177,train:177,2.1688989363610744e-05,0
stage6_06,2,complexity_time,1,no_review,5,0,,,,4.998990334570408e-06,0
stage6_06,2,complexity_time,1,fcfs,0,2,train:466,train:466,train:356,2.8882059268653393e-05,0
stage6_06,2,complexity_time,1,fcfs,2,1,train:177,train:177,train:177,6.10200222581625e-05,0
stage6_06,2,complexity_time,1,fcfs,3,0,,,,5.019945092499256e-06,0
stage6_06,2,complexity_time,1,fcfs,4,0,,,,7.130438461899757e-07,0
stage6_06,2,complexity_time,1,fcfs,5,0,,,,6.749760359525681e-07,0
stage6_06,2,complexity_time,1,edf,0,2,train:356,train:466,train:356,3.226997796446085e-05,0
stage6_06,2,complexity_time,1,edf,1,2,train:466,train:177,train:466,3.829202614724636e-05,0
stage6_06,2,complexity_time,1,edf,3,1,train:177,train:177,train:177,3.148801624774933e-05,0
stage6_06,2,complexity_time,1,edf,4,0,,,,3.403984010219574e-06,0
stage6_06,2,complexity_time,1,edf,5,0,,,,1.6749836504459381e-06,0
stage6_06,2,complexity_time,1,uncertainty,0,2,train:466,train:466,train:356,3.082002513110638e-05,0
stage6_06,2,complexity_time,1,uncertainty,2,1,train:177,train:177,train:177,4.835892468690872e-05,0
stage6_06,2,complexity_time,1,uncertainty,3,0,,,,3.693043254315853e-06,0
stage6_06,2,complexity_time,1,uncertainty,4,0,,,,7.599592208862305e-07,0
stage6_06,2,complexity_time,1,uncertainty,5,0,,,,6.570480763912201e-07,0
stage6_06,2,complexity_time,1,greedy,0,2,train:466,train:466,train:356,3.306299913674593e-05,0
stage6_06,2,complexity_time,1,greedy,2,1,train:177,train:177,train:177,4.478590562939644e-05,0
stage6_06,2,complexity_time,1,greedy,3,0,,,,3.708992153406143e-06,0
stage6_06,2,complexity_time,1,greedy,4,0,,,,6.909249350428581e-07,0
stage6_06,2,complexity_time,1,greedy,5,0,,,,6.810296326875687e-07,0
stage6_06,2,complexity_time,1,search,0,2,train:356,train:466,train:356,4.068505950272083e-05,5
stage6_06,2,complexity_time,1,search,1,2,train:466,train:177,train:466,3.860797733068466e-05,5
stage6_06,2,complexity_time,1,search,3,1,train:177,train:177,train:177,2.7115922421216965e-05,2
stage6_06,2,complexity_time,1,search,4,0,,,,1.4981022104620934e-05,0
stage6_06,2,complexity_time,1,search,5,0,,,,7.790513336658478e-07,0
stage6_07,0,reference,1,fcfs,0,2,train:357,train:178,train:357,2.805003896355629e-05,0
stage6_07,0,reference,1,fcfs,1,2,train:178,train:178,train:178,3.066298086196184e-05,0
stage6_07,0,reference,1,fcfs,2,1,train:482,train:482,train:482,3.2262993045151234e-05,0
stage6_07,0,reference,1,fcfs,3,0,,,,3.4440308809280396e-06,0
stage6_07,0,reference,1,fcfs,4,0,,,,7.869675755500793e-07,0
stage6_07,0,reference,1,fcfs,5,0,,,,7.139751687645912e-07,0
stage6_07,0,reference,1,edf,0,2,train:357,train:178,train:357,3.2885000109672546e-05,0
stage6_07,0,reference,1,edf,1,2,train:178,train:178,train:178,3.253307659178972e-05,0
stage6_07,0,reference,1,edf,2,1,train:482,train:482,train:482,3.7814024835824966e-05,0
stage6_07,0,reference,1,edf,3,0,,,,4.907022230327129e-06,0
stage6_07,0,reference,1,edf,4,0,,,,7.76955857872963e-07,0
stage6_07,0,reference,1,edf,5,0,,,,6.980262696743011e-07,0
stage6_07,0,reference,1,uncertainty,0,2,train:178,train:178,train:357,3.121804911643267e-05,0
stage6_07,0,reference,1,uncertainty,1,2,train:482,train:482,train:357,3.153306897729635e-05,0
stage6_07,0,reference,1,uncertainty,2,0,,,,3.629014827311039e-06,0
stage6_07,0,reference,1,uncertainty,3,0,,,,7.780035957694054e-07,0
stage6_07,0,reference,1,uncertainty,4,0,,,,6.878981366753578e-07,0
stage6_07,0,reference,1,uncertainty,5,0,,,,6.58910721540451e-07,0
stage6_07,0,reference,1,greedy,0,2,train:178,train:178,train:357,3.109406679868698e-05,0
stage6_07,0,reference,1,greedy,1,2,train:482,train:482,train:357,3.389094490557909e-05,0
stage6_07,0,reference,1,greedy,2,0,,,,3.1299423426389694e-06,0
stage6_07,0,reference,1,greedy,3,0,,,,6.780028343200684e-07,0
stage6_07,0,reference,1,greedy,4,0,,,,6.58910721540451e-07,0
stage6_07,0,reference,1,greedy,5,0,,,,6.560003384947777e-07,0
stage6_07,0,reference,1,search,0,2,train:357,train:178,train:357,4.3014995753765106e-05,5
stage6_07,0,reference,1,search,1,2,train:178,train:178,train:178,4.070298746228218e-05,5
stage6_07,0,reference,1,search,2,1,train:482,train:482,train:482,3.552192356437445e-05,2
stage6_07,0,reference,1,search,3,0,,,,4.993053153157234e-06,0
stage6_07,0,reference,1,search,4,0,,,,7.740454748272896e-07,0
stage6_07,0,reference,1,search,5,0,,,,6.729969754815102e-07,0
stage6_07,0,reference,1,no_review,0,2,,train:178,train:357,2.7891015633940697e-05,0
stage6_07,0,reference,1,no_review,1,3,,train:178,train:357,3.2396987080574036e-05,0
stage6_07,0,reference,1,no_review,2,2,,train:178,train:178,4.1992985643446445e-05,0
stage6_07,0,reference,1,no_review,3,2,,train:178,train:178,2.7601025067269802e-05,0
stage6_07,0,reference,1,no_review,4,2,,train:178,train:178,2.1799933165311813e-05,0
stage6_07,0,reference,1,no_review,5,0,,,,3.4730182960629463e-06,0
stage6_07,0,reference,2,fcfs,0,2,train:357,train:178,train:357,3.004400059580803e-05,0
stage6_07,0,reference,2,fcfs,2,2,train:178,train:178,train:178,4.6095927245914936e-05,0
stage6_07,0,reference,2,fcfs,4,0,,,,2.432800829410553e-05,0
stage6_07,0,reference,2,fcfs,5,0,,,,3.0070077627897263e-06,0
stage6_07,0,reference,2,edf,0,2,train:357,train:178,train:357,4.611292388290167e-05,0
stage6_07,0,reference,2,edf,2,2,train:178,train:178,train:178,5.2076997235417366e-05,0
stage6_07,0,reference,2,edf,4,0,,,,3.604101948440075e-05,0
stage6_07,0,reference,2,edf,5,0,,,,5.3710537031292915e-06,0
stage6_07,0,reference,2,uncertainty,0,2,train:178,train:178,train:357,3.1488947570323944e-05,0
stage6_07,0,reference,2,uncertainty,2,1,train:482,train:482,train:482,4.073407035320997e-05,0
stage6_07,0,reference,2,uncertainty,4,0,,,,3.6009587347507477e-06,0
stage6_07,0,reference,2,uncertainty,5,0,,,,7.438939064741135e-07,0
stage6_07,0,reference,2,greedy,0,2,train:178,train:178,train:357,3.231409937143326e-05,0
stage6_07,0,reference,2,greedy,2,1,train:482,train:482,train:482,3.456196282058954e-05,0
stage6_07,0,reference,2,greedy,4,0,,,,3.0600931495428085e-06,0
stage6_07,0,reference,2,greedy,5,0,,,,8.159549906849861e-07,0
stage6_07,0,reference,2,search,0,2,train:357,train:178,train:357,4.093500319868326e-05,5
stage6_07,0,reference,2,search,2,2,train:178,train:178,train:178,4.836509469896555e-05,5
stage6_07,0,reference,2,search,4,0,,,,3.100303001701832e-05,0
stage6_07,0,reference,2,search,5,0,,,,3.8209836930036545e-06,0
stage6_07,0,reference,2,no_review,0,2,,train:178,train:357,2.9202899895608425e-05,0
stage6_07,0,reference,2,no_review,1,2,,train:178,train:178,3.1683011911809444e-05,0
stage6_07,0,reference,2,no_review,2,2,,train:178,train:178,5.098199471831322e-05,0
stage6_07,0,reference,2,no_review,3,2,,train:178,train:178,2.1983985789120197e-05,0
stage6_07,0,reference,2,no_review,4,0,,,,2.1266983821988106e-05,0
stage6_07,0,reference,2,no_review,5,0,,,,3.3010728657245636e-06,0
stage6_07,0,approve_block,1,fcfs,0,2,train:357,train:178,train:357,3.067508805543184e-05,0
stage6_07,0,approve_block,1,fcfs,1,2,train:178,train:178,train:178,2.8981012292206287e-05,0
stage6_07,0,approve_block,1,fcfs,2,1,train:482,train:482,train:482,3.659597132354975e-05,0
stage6_07,0,approve_block,1,fcfs,3,0,,,,3.915978595614433e-06,0
stage6_07,0,approve_block,1,fcfs,4,0,,,,7.849885150790215e-07,0
stage6_07,0,approve_block,1,fcfs,5,0,,,,7.189810276031494e-07,0
stage6_07,0,approve_block,1,edf,0,2,train:357,train:178,train:357,3.2897922210395336e-05,0
stage6_07,0,approve_block,1,edf,1,2,train:178,train:178,train:178,3.279407974332571e-05,0
stage6_07,0,approve_block,1,edf,2,1,train:482,train:482,train:482,3.763602580875158e-05,0
stage6_07,0,approve_block,1,edf,3,0,,,,4.353001713752747e-06,0
stage6_07,0,approve_block,1,edf,4,0,,,,6.910413503646851e-07,0
stage6_07,0,approve_block,1,edf,5,0,,,,6.600748747587204e-07,0
stage6_07,0,approve_block,1,uncertainty,0,2,train:178,train:178,train:357,3.156100865453482e-05,0
stage6_07,0,approve_block,1,uncertainty,1,2,train:482,train:482,train:357,2.857495564967394e-05,0
stage6_07,0,approve_block,1,uncertainty,2,0,,,,4.544039256870747e-06,0
stage6_07,0,approve_block,1,uncertainty,3,0,,,,7.459893822669983e-07,0
stage6_07,0,approve_block,1,uncertainty,4,0,,,,6.390037015080452e-07,0
stage6_07,0,approve_block,1,uncertainty,5,0,,,,6.42961822450161e-07,0
stage6_07,0,approve_block,1,greedy,0,2,train:178,train:178,train:357,3.224494867026806e-05,0
stage6_07,0,approve_block,1,greedy,1,2,train:482,train:482,train:357,6.306800059974194e-05,0
stage6_07,0,approve_block,1,greedy,2,0,,,,5.0140079110860825e-06,0
stage6_07,0,approve_block,1,greedy,3,0,,,,7.400522008538246e-07,0
stage6_07,0,approve_block,1,greedy,4,0,,,,7.309718057513237e-07,0
stage6_07,0,approve_block,1,greedy,5,0,,,,2.250075340270996e-06,0
stage6_07,0,approve_block,1,search,0,2,train:357,train:178,train:357,4.439800977706909e-05,5
stage6_07,0,approve_block,1,search,1,2,train:178,train:178,train:178,3.9550941437482834e-05,5
stage6_07,0,approve_block,1,search,2,1,train:482,train:482,train:482,4.5050051994621754e-05,2
stage6_07,0,approve_block,1,search,3,0,,,,3.2531097531318665e-06,0
stage6_07,0,approve_block,1,search,4,0,,,,7.449416443705559e-07,0
stage6_07,0,approve_block,1,search,5,0,,,,7.080379873514175e-07,0
stage6_07,0,approve_block,1,no_review,0,2,,train:178,train:357,2.9352959245443344e-05,0
stage6_07,0,approve_block,1,no_review,1,3,,train:178,train:357,3.271095920354128e-05,0
stage6_07,0,approve_block,1,no_review,2,2,,train:178,train:178,3.937399014830589e-05,0
stage6_07,0,approve_block,1,no_review,3,2,,train:178,train:178,2.1505984477698803e-05,0
stage6_07,0,approve_block,1,no_review,4,2,,train:178,train:178,2.1356972865760326e-05,0
stage6_07,0,approve_block,1,no_review,5,0,,,,3.114924766123295e-06,0
stage6_07,0,approve_block,2,fcfs,0,2,train:357,train:178,train:357,3.0074967071413994e-05,0
stage6_07,0,approve_block,2,fcfs,2,2,train:178,train:178,train:178,3.909994848072529e-05,0
stage6_07,0,approve_block,2,fcfs,4,0,,,,2.7517089620232582e-05,0
stage6_07,0,approve_block,2,fcfs,5,0,,,,5.795969627797604e-06,0
stage6_07,0,approve_block,2,edf,0,2,train:357,train:178,train:357,3.2156938686966896e-05,0
stage6_07,0,approve_block,2,edf,2,2,train:178,train:178,train:178,5.375395994633436e-05,0
stage6_07,0,approve_block,2,edf,4,0,,,,2.924108412116766e-05,0
stage6_07,0,approve_block,2,edf,5,0,,,,4.3050386011600494e-06,0
stage6_07,0,approve_block,2,uncertainty,0,2,train:178,train:178,train:357,3.236404154449701e-05,0
stage6_07,0,approve_block,2,uncertainty,2,1,train:482,train:482,train:482,3.514799755066633e-05,0
stage6_07,0,approve_block,2,uncertainty,4,0,,,,2.834014594554901e-06,0
stage6_07,0,approve_block,2,uncertainty,5,0,,,,7.359776645898819e-07,0
stage6_07,0,approve_block,2,greedy,0,2,train:178,train:178,train:357,3.157602623105049e-05,0
stage6_07,0,approve_block,2,greedy,2,1,train:482,train:482,train:482,3.225693944841623e-05,0
stage6_07,0,approve_block,2,greedy,4,0,,,,3.825058229267597e-06,0
stage6_07,0,approve_block,2,greedy,5,0,,,,7.710186764597893e-07,0
stage6_07,0,approve_block,2,search,0,2,train:357,train:178,train:357,4.030298441648483e-05,5
stage6_07,0,approve_block,2,search,2,2,train:178,train:178,train:178,5.764001980423927e-05,5
stage6_07,0,approve_block,2,search,4,0,,,,3.379595000296831e-05,0
stage6_07,0,approve_block,2,search,5,0,,,,3.769993782043457e-06,0
stage6_07,0,approve_block,2,no_review,0,2,,train:178,train:357,2.871500328183174e-05,0
stage6_07,0,approve_block,2,no_review,1,2,,train:178,train:178,3.1406059861183167e-05,0
stage6_07,0,approve_block,2,no_review,2,2,,train:178,train:178,4.764599725604057e-05,0
stage6_07,0,approve_block,2,no_review,3,2,,train:178,train:178,2.1734973415732384e-05,0
stage6_07,0,approve_block,2,no_review,4,0,,,,2.1251034922897816e-05,0
stage6_07,0,approve_block,2,no_review,5,0,,,,3.0300579965114594e-06,0
stage6_07,0,complexity_time,1,fcfs,0,2,train:357,train:178,train:357,2.8648064471781254e-05,0
stage6_07,0,complexity_time,1,fcfs,1,2,train:178,train:178,train:178,2.681603655219078e-05,0
stage6_07,0,complexity_time,1,fcfs,3,1,train:482,train:482,train:482,3.16849909722805e-05,0
stage6_07,0,complexity_time,1,fcfs,4,0,,,,3.6440324038267136e-06,0
stage6_07,0,complexity_time,1,fcfs,5,0,,,,7.329508662223816e-07,0
stage6_07,0,complexity_time,1,edf,0,2,train:357,train:178,train:357,3.40690603479743e-05,0
stage6_07,0,complexity_time,1,edf,1,2,train:178,train:178,train:178,3.5788980312645435e-05,0
stage6_07,0,complexity_time,1,edf,3,1,train:482,train:482,train:482,4.6236091293394566e-05,0
stage6_07,0,complexity_time,1,edf,4,0,,,,5.5569689720869064e-06,0
stage6_07,0,complexity_time,1,edf,5,0,,,,7.289927452802658e-07,0
stage6_07,0,complexity_time,1,uncertainty,0,2,train:178,train:178,train:357,3.238092176616192e-05,0
stage6_07,0,complexity_time,1,uncertainty,2,1,train:482,train:482,train:482,0.0001454110024496913,0
stage6_07,0,complexity_time,1,uncertainty,3,0,,,,8.295988664031029e-06,0
stage6_07,0,complexity_time,1,uncertainty,4,0,,,,1.7570564523339272e-06,0
stage6_07,0,complexity_time,1,uncertainty,5,0,,,,1.5409896150231361e-06,0
stage6_07,0,complexity_time,1,greedy,0,2,train:178,train:178,train:357,3.252399619668722e-05,0
stage6_07,0,complexity_time,1,greedy,2,1,train:482,train:482,train:482,3.394496161490679e-05,0
stage6_07,0,complexity_time,1,greedy,3,0,,,,3.747059963643551e-06,0
stage6_07,0,complexity_time,1,greedy,4,0,,,,1.751934178173542e-06,0
stage6_07,0,complexity_time,1,greedy,5,0,,,,6.729969754815102e-07,0
stage6_07,0,complexity_time,1,search,0,2,train:357,train:178,train:357,5.0527043640613556e-05,5
stage6_07,0,complexity_time,1,search,1,2,train:178,train:178,train:178,3.629096318036318e-05,5
stage6_07,0,complexity_time,1,search,3,1,train:482,train:482,train:482,2.688902895897627e-05,2
stage6_07,0,complexity_time,1,search,4,0,,,,3.345077857375145e-06,0
stage6_07,0,complexity_time,1,search,5,0,,,,8.270144462585449e-07,0
stage6_07,0,complexity_time,1,no_review,0,2,,train:178,train:357,3.175903111696243e-05,0
stage6_07,0,complexity_time,1,no_review,1,3,,train:178,train:357,3.260502126067877e-05,0
stage6_07,0,complexity_time,1,no_review,2,2,,train:178,train:178,4.3239910155534744e-05,0
stage6_07,0,complexity_time,1,no_review,3,2,,train:178,train:178,2.2193067707121372e-05,0
stage6_07,0,complexity_time,1,no_review,4,1,,train:482,train:482,2.177001442760229e-05,0
stage6_07,0,complexity_time,1,no_review,5,0,,,,3.4599797800183296e-06,0
stage6_07,0,complexity_time,2,fcfs,0,2,train:357,train:178,train:357,2.8170994482934475e-05,0
stage6_07,0,complexity_time,2,fcfs,2,2,train:178,train:178,train:178,3.599608317017555e-05,0
stage6_07,0,complexity_time,2,fcfs,5,0,,,,3.65404412150383e-06,0
stage6_07,0,complexity_time,2,edf,0,2,train:357,train:178,train:357,3.163900692015886e-05,0
stage6_07,0,complexity_time,2,edf,2,2,train:178,train:178,train:178,3.811705391854048e-05,0
stage6_07,0,complexity_time,2,edf,5,0,,,,5.597015842795372e-06,0
stage6_07,0,complexity_time,2,uncertainty,0,2,train:178,train:178,train:357,3.051804378628731e-05,0
stage6_07,0,complexity_time,2,uncertainty,3,1,train:482,train:482,train:482,3.4567900002002716e-05,0
stage6_07,0,complexity_time,2,uncertainty,5,0,,,,4.119938239455223e-06,0
stage6_07,0,complexity_time,2,greedy,0,2,train:178,train:178,train:357,5.7404045946896076e-05,0
stage6_07,0,complexity_time,2,greedy,3,1,train:482,train:482,train:482,3.4488970413804054e-05,0
stage6_07,0,complexity_time,2,greedy,5,0,,,,2.802000381052494e-06,0
stage6_07,0,complexity_time,2,search,0,2,train:357,train:178,train:357,7.054989691823721e-05,5
stage6_07,0,complexity_time,2,search,2,2,train:178,train:178,train:178,4.871492274105549e-05,5
stage6_07,0,complexity_time,2,search,5,0,,,,3.3010728657245636e-06,0
stage6_07,0,complexity_time,2,no_review,0,2,,train:178,train:357,2.9962975531816483e-05,0
stage6_07,0,complexity_time,2,no_review,1,2,,train:178,train:178,3.274506889283657e-05,0
stage6_07,0,complexity_time,2,no_review,2,2,,train:178,train:178,4.8779998905956745e-05,0
stage6_07,0,complexity_time,2,no_review,3,1,,train:482,train:482,2.2374908439815044e-05,0
stage6_07,0,complexity_time,2,no_review,4,0,,,,2.1198997274041176e-05,0
stage6_07,0,complexity_time,2,no_review,5,0,,,,3.4190015867352486e-06,0
stage6_07,1,reference,1,fcfs,0,2,train:357,train:178,train:357,2.826494164764881e-05,0
stage6_07,1,reference,1,fcfs,1,2,train:178,train:178,train:178,3.13629861921072e-05,0
stage6_07,1,reference,1,fcfs,2,1,train:482,train:482,train:482,3.128102980554104e-05,0
stage6_07,1,reference,1,fcfs,3,0,,,,3.4009572118520737e-06,0
stage6_07,1,reference,1,fcfs,4,0,,,,7.470371201634407e-07,0
stage6_07,1,reference,1,fcfs,5,0,,,,6.59027136862278e-07,0
stage6_07,1,reference,1,edf,0,2,train:357,train:178,train:357,3.097904846072197e-05,0
stage6_07,1,reference,1,edf,1,2,train:178,train:178,train:178,3.158696927130222e-05,0
stage6_07,1,reference,1,edf,2,1,train:482,train:482,train:482,3.692891914397478e-05,0
stage6_07,1,reference,1,edf,3,0,,,,4.314002580940723e-06,0
stage6_07,1,reference,1,edf,4,0,,,,8.019851520657539e-07,0
stage6_07,1,reference,1,edf,5,0,,,,6.509944796562195e-07,0
stage6_07,1,reference,1,uncertainty,0,2,train:178,train:178,train:357,3.3458112739026546e-05,0
stage6_07,1,reference,1,uncertainty,1,2,train:482,train:482,train:357,3.203900996595621e-05,0
stage6_07,1,reference,1,uncertainty,2,0,,,,3.163004294037819e-06,0
stage6_07,1,reference,1,uncertainty,3,0,,,,7.570488378405571e-07,0
stage6_07,1,reference,1,uncertainty,4,0,,,,6.940681487321854e-07,0
stage6_07,1,reference,1,uncertainty,5,0,,,,6.870832294225693e-07,0
stage6_07,1,reference,1,greedy,0,2,train:178,train:178,train:357,3.0779046937823296e-05,0
stage6_07,1,reference,1,greedy,1,2,train:482,train:482,train:357,2.9622926376760006e-05,0
stage6_07,1,reference,1,greedy,2,0,,,,5.19107561558485e-06,0
stage6_07,1,reference,1,greedy,3,0,,,,8.319038897752762e-07,0
stage6_07,1,reference,1,greedy,4,0,,,,6.370246410369873e-07,0
stage6_07,1,reference,1,greedy,5,0,,,,6.379559636116028e-07,0
stage6_07,1,reference,1,search,0,2,train:357,train:178,train:357,4.250998608767986e-05,5
stage6_07,1,reference,1,search,1,2,train:178,train:178,train:178,4.064303357154131e-05,5
stage6_07,1,reference,1,search,2,1,train:482,train:482,train:482,3.349094185978174e-05,2
stage6_07,1,reference,1,search,3,0,,,,3.2710377126932144e-06,0
stage6_07,1,reference,1,search,4,0,,,,7.170019671320915e-07,0
stage6_07,1,reference,1,search,5,0,,,,6.449408829212189e-07,0
stage6_07,1,reference,1,no_review,0,2,,train:178,train:357,2.8926064260303974e-05,0
stage6_07,1,reference,1,no_review,1,3,,train:178,train:357,3.304705023765564e-05,0
stage6_07,1,reference,1,no_review,2,2,,train:178,train:178,4.3275998905301094e-05,0
stage6_07,1,reference,1,no_review,3,2,,train:178,train:178,2.2412044927477837e-05,0
stage6_07,1,reference,1,no_review,4,2,,train:178,train:178,2.170400694012642e-05,0
stage6_07,1,reference,1,no_review,5,0,,,,5.174078978598118e-06,0
stage6_07,1,reference,2,fcfs,0,2,train:357,train:178,train:357,2.9181945137679577e-05,0
stage6_07,1,reference,2,fcfs,2,2,train:178,train:178,train:178,4.0387967601418495e-05,0
stage6_07,1,reference,2,fcfs,4,0,,,,3.043597098439932e-05,0
stage6_07,1,reference,2,fcfs,5,0,,,,3.4670811146497726e-06,0
stage6_07,1,reference,2,edf,0,2,train:357,train:178,train:357,3.262003883719444e-05,0
stage6_07,1,reference,2,edf,2,2,train:178,train:178,train:178,4.613492637872696e-05,0
stage6_07,1,reference,2,edf,4,0,,,,2.605607733130455e-05,0
stage6_07,1,reference,2,edf,5,0,,,,6.070011295378208e-06,0
stage6_07,1,reference,2,uncertainty,0,2,train:178,train:178,train:357,4.955905023962259e-05,0
stage6_07,1,reference,2,uncertainty,2,1,train:482,train:482,train:482,3.8905069231987e-05,0
stage6_07,1,reference,2,uncertainty,4,0,,,,3.7209829315543175e-06,0
stage6_07,1,reference,2,uncertainty,5,0,,,,7.170019671320915e-07,0
stage6_07,1,reference,2,greedy,0,2,train:178,train:178,train:357,3.0855066142976284e-05,0
stage6_07,1,reference,2,greedy,2,1,train:482,train:482,train:482,3.534206189215183e-05,0
stage6_07,1,reference,2,greedy,4,0,,,,4.251953214406967e-06,0
stage6_07,1,reference,2,greedy,5,0,,,,8.010538294911385e-07,0
stage6_07,1,reference,2,search,0,2,train:357,train:178,train:357,4.2138039134442806e-05,5
stage6_07,1,reference,2,search,2,2,train:178,train:178,train:178,5.785992834717035e-05,5
stage6_07,1,reference,2,search,4,0,,,,2.770707942545414e-05,0
stage6_07,1,reference,2,search,5,0,,,,3.717956133186817e-06,0
stage6_07,1,reference,2,no_review,0,2,,train:178,train:357,2.778496127575636e-05,0
stage6_07,1,reference,2,no_review,1,2,,train:178,train:178,3.184005618095398e-05,0
stage6_07,1,reference,2,no_review,2,2,,train:178,train:178,4.4242013245821e-05,0
stage6_07,1,reference,2,no_review,3,2,,train:178,train:178,2.2036023437976837e-05,0
stage6_07,1,reference,2,no_review,4,0,,,,2.117303665727377e-05,0
stage6_07,1,reference,2,no_review,5,0,,,,6.480957381427288e-06,0
stage6_07,1,approve_block,1,fcfs,0,2,train:357,train:178,train:357,3.2751006074249744e-05,0
stage6_07,1,approve_block,1,fcfs,1,2,train:178,train:178,train:178,4.0078070014715195e-05,0
stage6_07,1,approve_block,1,fcfs,2,1,train:482,train:482,train:482,3.860809374600649e-05,0
stage6_07,1,approve_block,1,fcfs,3,0,,,,4.341942258179188e-06,0
stage6_07,1,approve_block,1,fcfs,4,0,,,,7.019843906164169e-07,0
stage6_07,1,approve_block,1,fcfs,5,0,,,,7.109483703970909e-07,0
stage6_07,1,approve_block,1,edf,0,2,train:357,train:178,train:357,3.1905947253108025e-05,0
stage6_07,1,approve_block,1,edf,1,2,train:178,train:178,train:178,3.500597085803747e-05,0
stage6_07,1,approve_block,1,edf,2,1,train:482,train:482,train:482,3.2897922210395336e-05,0
stage6_07,1,approve_block,1,edf,3,0,,,,2.8819777071475983e-06,0
stage6_07,1,approve_block,1,edf,4,0,,,,7.360940799117088e-07,0
stage6_07,1,approve_block,1,edf,5,0,,,,7.189810276031494e-07,0
stage6_07,1,approve_block,1,uncertainty,0,2,train:178,train:178,train:357,3.13660129904747e-05,0
stage6_07,1,approve_block,1,uncertainty,1,2,train:482,train:482,train:357,5.123298615217209e-05,0
stage6_07,1,approve_block,1,uncertainty,2,0,,,,6.075017154216766e-06,0
stage6_07,1,approve_block,1,uncertainty,3,0,,,,1.34296715259552e-06,0
stage6_07,1,approve_block,1,uncertainty,4,0,,,,1.0490184649825096e-06,0
stage6_07,1,approve_block,1,uncertainty,5,0,,,,1.1230586096644402e-06,0
stage6_07,1,approve_block,1,greedy,0,2,train:178,train:178,train:357,3.592204302549362e-05,0
stage6_07,1,approve_block,1,greedy,1,2,train:482,train:482,train:357,4.954996984452009e-05,0
stage6_07,1,approve_block,1,greedy,2,0,,,,4.21993900090456e-06,0
stage6_07,1,approve_block,1,greedy,3,0,,,,7.300404831767082e-07,0
stage6_07,1,approve_block,1,greedy,4,0,,,,6.640329957008362e-07,0
stage6_07,1,approve_block,1,greedy,5,0,,,,6.67991116642952e-07,0
stage6_07,1,approve_block,1,search,0,2,train:357,train:178,train:357,4.31800726801157e-05,5
stage6_07,1,approve_block,1,search,1,2,train:178,train:178,train:178,4.8632966354489326e-05,5
stage6_07,1,approve_block,1,search,2,1,train:482,train:482,train:482,4.1070044972002506e-05,2
stage6_07,1,approve_block,1,search,3,0,,,,4.293979145586491e-06,0
stage6_07,1,approve_block,1,search,4,0,,,,7.289927452802658e-07,0
stage6_07,1,approve_block,1,search,5,0,,,,6.989575922489166e-07,0
stage6_07,1,approve_block,1,no_review,0,2,,train:178,train:357,3.2566022127866745e-05,0
stage6_07,1,approve_block,1,no_review,1,3,,train:178,train:357,3.2423995435237885e-05,0
stage6_07,1,approve_block,1,no_review,2,2,,train:178,train:178,4.646601155400276e-05,0
stage6_07,1,approve_block,1,no_review,3,2,,train:178,train:178,2.4329987354576588e-05,0
stage6_07,1,approve_block,1,no_review,4,2,,train:178,train:178,2.1460000425577164e-05,0
stage6_07,1,approve_block,1,no_review,5,0,,,,4.095025360584259e-06,0
stage6_07,1,approve_block,2,fcfs,0,2,train:357,train:178,train:357,2.943596336990595e-05,0
stage6_07,1,approve_block,2,fcfs,2,2,train:178,train:178,train:178,5.9922109358012676e-05,0
stage6_07,1,approve_block,2,fcfs,4,0,,,,3.216392360627651e-05,0
stage6_07,1,approve_block,2,fcfs,5,0,,,,4.254048690199852e-06,0
stage6_07,1,approve_block,2,edf,0,2,train:357,train:178,train:357,3.135798033326864e-05,0
stage6_07,1,approve_block,2,edf,2,2,train:178,train:178,train:178,5.1566981710493565e-05,0
stage6_07,1,approve_block,2,edf,4,0,,,,3.6447891034185886e-05,0
stage6_07,1,approve_block,2,edf,5,0,,,,3.295019268989563e-06,0
stage6_07,1,approve_block,2,uncertainty,0,2,train:178,train:178,train:357,3.2371957786381245e-05,0
stage6_07,1,approve_block,2,uncertainty,2,1,train:482,train:482,train:482,3.6676996387541294e-05,0
stage6_07,1,approve_block,2,uncertainty,4,0,,,,6.205984391272068e-06,0
stage6_07,1,approve_block,2,uncertainty,5,0,,,,7.579801604151726e-07,0
stage6_07,1,approve_block,2,greedy,0,2,train:178,train:178,train:357,3.270106390118599e-05,0
stage6_07,1,approve_block,2,greedy,2,1,train:482,train:482,train:482,3.773707430809736e-05,0
stage6_07,1,approve_block,2,greedy,4,0,,,,3.7299469113349915e-06,0
stage6_07,1,approve_block,2,greedy,5,0,,,,7.639173418283463e-07,0
stage6_07,1,approve_block,2,search,0,2,train:357,train:178,train:357,4.0068989619612694e-05,5
stage6_07,1,approve_block,2,search,2,2,train:178,train:178,train:178,0.00011583103332668543,5
stage6_07,1,approve_block,2,search,4,0,,,,3.0238996259868145e-05,0
stage6_07,1,approve_block,2,search,5,0,,,,2.4939654394984245e-06,0
stage6_07,1,approve_block,2,no_review,0,2,,train:178,train:357,3.339606337249279e-05,0
stage6_07,1,approve_block,2,no_review,1,2,,train:178,train:178,3.227195702493191e-05,0
stage6_07,1,approve_block,2,no_review,2,2,,train:178,train:178,8.664908818900585e-05,0
stage6_07,1,approve_block,2,no_review,3,2,,train:178,train:178,3.882101736962795e-05,0
stage6_07,1,approve_block,2,no_review,4,0,,,,4.0312064811587334e-05,0
stage6_07,1,approve_block,2,no_review,5,0,,,,4.658941179513931e-06,0
stage6_07,1,complexity_time,1,fcfs,0,2,train:357,train:178,train:357,3.0072988010942936e-05,0
stage6_07,1,complexity_time,1,fcfs,1,2,train:178,train:178,train:178,2.7148984372615814e-05,0
stage6_07,1,complexity_time,1,fcfs,3,1,train:482,train:482,train:482,2.8848997317254543e-05,0
stage6_07,1,complexity_time,1,fcfs,4,0,,,,2.9979273676872253e-06,0
stage6_07,1,complexity_time,1,fcfs,5,0,,,,7.59027898311615e-07,0
stage6_07,1,complexity_time,1,edf,0,2,train:357,train:178,train:357,3.468396607786417e-05,0
stage6_07,1,complexity_time,1,edf,1,2,train:178,train:178,train:178,3.292295150458813e-05,0
stage6_07,1,complexity_time,1,edf,3,1,train:482,train:482,train:482,3.5810982808470726e-05,0
stage6_07,1,complexity_time,1,edf,4,0,,,,8.236034773290157e-06,0
stage6_07,1,complexity_time,1,edf,5,0,,,,1.8960563465952873e-06,0
stage6_07,1,complexity_time,1,uncertainty,0,2,train:178,train:178,train:357,3.2798037864267826e-05,0
stage6_07,1,complexity_time,1,uncertainty,2,1,train:482,train:482,train:482,3.360107075423002e-05,0
stage6_07,1,complexity_time,1,uncertainty,3,0,,,,3.778957761824131e-06,0
stage6_07,1,complexity_time,1,uncertainty,4,0,,,,7.520429790019989e-07,0
stage6_07,1,complexity_time,1,uncertainty,5,0,,,,6.869668141007423e-07,0
stage6_07,1,complexity_time,1,greedy,0,2,train:178,train:178,train:357,3.364495933055878e-05,0
stage6_07,1,complexity_time,1,greedy,2,1,train:482,train:482,train:482,3.8724043406546116e-05,0
stage6_07,1,complexity_time,1,greedy,3,0,,,,3.995024599134922e-06,0
stage6_07,1,complexity_time,1,greedy,4,0,,,,8.060596883296967e-07,0
stage6_07,1,complexity_time,1,greedy,5,0,,,,7.189810276031494e-07,0
stage6_07,1,complexity_time,1,search,0,2,train:357,train:178,train:357,4.78129368275404e-05,5
stage6_07,1,complexity_time,1,search,1,2,train:178,train:178,train:178,3.951799590140581e-05,5
stage6_07,1,complexity_time,1,search,3,1,train:482,train:482,train:482,4.382198676466942e-05,2
stage6_07,1,complexity_time,1,search,4,0,,,,3.1479867175221443e-06,0
stage6_07,1,complexity_time,1,search,5,0,,,,7.200287654995918e-07,0
stage6_07,1,complexity_time,1,no_review,0,2,,train:178,train:357,3.451691009104252e-05,0
stage6_07,1,complexity_time,1,no_review,1,3,,train:178,train:357,3.253400791436434e-05,0
stage6_07,1,complexity_time,1,no_review,2,2,,train:178,train:178,4.533608444035053e-05,0
stage6_07,1,complexity_time,1,no_review,3,2,,train:178,train:178,2.226792275905609e-05,0
stage6_07,1,complexity_time,1,no_review,4,1,,train:482,train:482,2.1444051526486874e-05,0
stage6_07,1,complexity_time,1,no_review,5,0,,,,2.9460061341524124e-06,0
stage6_07,1,complexity_time,2,fcfs,0,2,train:357,train:178,train:357,2.876098733395338e-05,0
stage6_07,1,complexity_time,2,fcfs,2,2,train:178,train:178,train:178,4.092894960194826e-05,0
stage6_07,1,complexity_time,2,fcfs,5,0,,,,3.5499688237905502e-06,0
stage6_07,1,complexity_time,2,edf,0,2,train:357,train:178,train:357,3.084109630435705e-05,0
stage6_07,1,complexity_time,2,edf,2,2,train:178,train:178,train:178,9.221700020134449e-05,0
stage6_07,1,complexity_time,2,edf,5,0,,,,4.174886271357536e-06,0
stage6_07,1,complexity_time,2,uncertainty,0,2,train:178,train:178,train:357,3.097101580351591e-05,0
stage6_07,1,complexity_time,2,uncertainty,3,1,train:482,train:482,train:482,3.195402678102255e-05,0
stage6_07,1,complexity_time,2,uncertainty,5,0,,,,2.335989847779274e-06,0
stage6_07,1,complexity_time,2,greedy,0,2,train:178,train:178,train:357,3.226695116609335e-05,0
stage6_07,1,complexity_time,2,greedy,3,1,train:482,train:482,train:482,3.348803147673607e-05,0
stage6_07,1,complexity_time,2,greedy,5,0,,,,4.541012458503246e-06,0
stage6_07,1,complexity_time,2,search,0,2,train:357,train:178,train:357,4.0692975744605064e-05,5
stage6_07,1,complexity_time,2,search,2,2,train:178,train:178,train:178,5.0836941227316856e-05,5
stage6_07,1,complexity_time,2,search,5,0,,,,3.4850090742111206e-06,0
stage6_07,1,complexity_time,2,no_review,0,2,,train:178,train:357,2.8873910196125507e-05,0
stage6_07,1,complexity_time,2,no_review,1,2,,train:178,train:178,3.197102341800928e-05,0
stage6_07,1,complexity_time,2,no_review,2,2,,train:178,train:178,3.952800761908293e-05,0
stage6_07,1,complexity_time,2,no_review,3,1,,train:482,train:482,2.1526007913053036e-05,0
stage6_07,1,complexity_time,2,no_review,4,0,,,,2.0829029381275177e-05,0
stage6_07,1,complexity_time,2,no_review,5,0,,,,4.883971996605396e-06,0
stage6_07,2,reference,1,fcfs,0,2,train:357,train:178,train:357,2.9717106372117996e-05,0
stage6_07,2,reference,1,fcfs,1,2,train:178,train:178,train:178,3.0942028388381004e-05,0
stage6_07,2,reference,1,fcfs,2,1,train:482,train:482,train:482,3.75090166926384e-05,0
stage6_07,2,reference,1,fcfs,3,0,,,,3.910972736775875e-06,0
stage6_07,2,reference,1,fcfs,4,0,,,,7.789349183440208e-07,0
stage6_07,2,reference,1,fcfs,5,0,,,,6.640329957008362e-07,0
stage6_07,2,reference,1,edf,0,2,train:357,train:178,train:357,3.340397961437702e-05,0
stage6_07,2,reference,1,edf,1,2,train:178,train:178,train:178,3.408500924706459e-05,0
stage6_07,2,reference,1,edf,2,1,train:482,train:482,train:482,4.697602707892656e-05,0
stage6_07,2,reference,1,edf,3,0,,,,3.401888534426689e-06,0
stage6_07,2,reference,1,edf,4,0,,,,7.610069587826729e-07,0
stage6_07,2,reference,1,edf,5,0,,,,7.010530680418015e-07,0
stage6_07,2,reference,1,uncertainty,0,2,train:178,train:178,train:357,3.256695345044136e-05,0
stage6_07,2,reference,1,uncertainty,1,2,train:482,train:482,train:357,3.202108200639486e-05,0
stage6_07,2,reference,1,uncertainty,2,0,,,,6.754999049007893e-06,0
stage6_07,2,reference,1,uncertainty,3,0,,,,8.200295269489288e-07,0
stage6_07,2,reference,1,uncertainty,4,0,,,,6.769550964236259e-07,0
stage6_07,2,reference,1,uncertainty,5,0,,,,6.610061973333359e-07,0
stage6_07,2,reference,1,greedy,0,2,train:178,train:178,train:357,3.228092100471258e-05,0
stage6_07,2,reference,1,greedy,1,2,train:482,train:482,train:357,3.383506555110216e-05,0
stage6_07,2,reference,1,greedy,2,0,,,,3.2919924706220627e-06,0
stage6_07,2,reference,1,greedy,3,0,,,,7.33998604118824e-07,0
stage6_07,2,reference,1,greedy,4,0,,,,6.440095603466034e-07,0
stage6_07,2,reference,1,greedy,5,0,,,,6.329501047730446e-07,0
stage6_07,2,reference,1,search,0,2,train:357,train:178,train:357,4.233198706060648e-05,5
stage6_07,2,reference,1,search,1,2,train:178,train:178,train:178,4.1297986172139645e-05,5
stage6_07,2,reference,1,search,2,1,train:482,train:482,train:482,3.876897972077131e-05,2
stage6_07,2,reference,1,search,3,0,,,,4.594912752509117e-06,0
stage6_07,2,reference,1,search,4,0,,,,7.109483703970909e-07,0
stage6_07,2,reference,1,search,5,0,,,,6.960472092032433e-07,0
stage6_07,2,reference,1,no_review,0,2,,train:178,train:357,2.8940965421497822e-05,0
stage6_07,2,reference,1,no_review,1,3,,train:178,train:357,3.226497210562229e-05,0
stage6_07,2,reference,1,no_review,2,2,,train:178,train:178,4.932901356369257e-05,0
stage6_07,2,reference,1,no_review,3,2,,train:178,train:178,2.211902756243944e-05,0
stage6_07,2,reference,1,no_review,4,2,,train:178,train:178,2.109096385538578e-05,0
stage6_07,2,reference,1,no_review,5,0,,,,3.961031325161457e-06,0
stage6_07,2,reference,2,fcfs,0,2,train:357,train:178,train:357,2.938089892268181e-05,0
stage6_07,2,reference,2,fcfs,2,2,train:178,train:178,train:178,4.1214050725102425e-05,0
stage6_07,2,reference,2,fcfs,4,0,,,,3.6607030779123306e-05,0
stage6_07,2,reference,2,fcfs,5,0,,,,5.242996849119663e-06,0
stage6_07,2,reference,2,edf,0,2,train:357,train:178,train:357,3.2314914278686047e-05,0
stage6_07,2,reference,2,edf,2,2,train:178,train:178,train:178,4.408101085573435e-05,0
stage6_07,2,reference,2,edf,4,0,,,,2.5790068320930004e-05,0
stage6_07,2,reference,2,edf,5,0,,,,5.678972229361534e-06,0
stage6_07,2,reference,2,uncertainty,0,2,train:178,train:178,train:357,3.116508014500141e-05,0
stage6_07,2,reference,2,uncertainty,2,1,train:482,train:482,train:482,3.789504989981651e-05,0
stage6_07,2,reference,2,uncertainty,4,0,,,,3.269989974796772e-06,0
stage6_07,2,reference,2,uncertainty,5,0,,,,6.969785317778587e-07,0
stage6_07,2,reference,2,greedy,0,2,train:178,train:178,train:357,3.0961004085838795e-05,0
stage6_07,2,reference,2,greedy,2,1,train:482,train:482,train:482,4.541291855275631e-05,0
stage6_07,2,reference,2,greedy,4,0,,,,3.9620790630578995e-06,0
stage6_07,2,reference,2,greedy,5,0,,,,7.08969309926033e-07,0
stage6_07,2,reference,2,search,0,2,train:357,train:178,train:357,5.756202153861523e-05,5
stage6_07,2,reference,2,search,2,2,train:178,train:178,train:178,5.3153024055063725e-05,5
stage6_07,2,reference,2,search,4,0,,,,2.8301961719989777e-05,0
stage6_07,2,reference,2,search,5,0,,,,3.3830292522907257e-06,0
stage6_07,2,reference,2,no_review,0,2,,train:178,train:357,2.820196095854044e-05,0
stage6_07,2,reference,2,no_review,1,2,,train:178,train:178,3.14079225063324e-05,0
stage6_07,2,reference,2,no_review,2,2,,train:178,train:178,3.969704266637564e-05,0
stage6_07,2,reference,2,no_review,3,2,,train:178,train:178,2.830103039741516e-05,0
stage6_07,2,reference,2,no_review,4,0,,,,2.1227053366601467e-05,0
stage6_07,2,reference,2,no_review,5,0,,,,3.1479867175221443e-06,0
stage6_07,2,approve_block,1,fcfs,0,2,train:357,train:178,train:357,3.376300446689129e-05,0
stage6_07,2,approve_block,1,fcfs,1,2,train:178,train:178,train:178,3.059697337448597e-05,0
stage6_07,2,approve_block,1,fcfs,2,1,train:482,train:482,train:482,3.0328985303640366e-05,0
stage6_07,2,approve_block,1,fcfs,3,0,,,,4.953937605023384e-06,0
stage6_07,2,approve_block,1,fcfs,4,0,,,,7.450580596923828e-07,0
stage6_07,2,approve_block,1,fcfs,5,0,,,,7.00005330145359e-07,0
stage6_07,2,approve_block,1,edf,0,2,train:357,train:178,train:357,3.0111055821180344e-05,0
stage6_07,2,approve_block,1,edf,1,2,train:178,train:178,train:178,2.9247021302580833e-05,0
stage6_07,2,approve_block,1,edf,2,1,train:482,train:482,train:482,2.3073051124811172e-05,0
stage6_07,2,approve_block,1,edf,3,0,,,,2.212938852608204e-06,0
stage6_07,2,approve_block,1,edf,4,0,,,,7.600756362080574e-07,0
stage6_07,2,approve_block,1,edf,5,0,,,,6.969785317778587e-07,0
stage6_07,2,approve_block,1,uncertainty,0,2,train:178,train:178,train:357,3.367895260453224e-05,0
stage6_07,2,approve_block,1,uncertainty,1,2,train:482,train:482,train:357,3.249396104365587e-05,0
stage6_07,2,approve_block,1,uncertainty,2,0,,,,4.673958756029606e-06,0
stage6_07,2,approve_block,1,uncertainty,3,0,,,,7.289927452802658e-07,0
stage6_07,2,approve_block,1,uncertainty,4,0,,,,6.880145519971848e-07,0
stage6_07,2,approve_block,1,uncertainty,5,0,,,,6.849877536296844e-07,0
stage6_07,2,approve_block,1,greedy,0,2,train:178,train:178,train:357,3.1822011806070805e-05,0
stage6_07,2,approve_block,1,greedy,1,2,train:482,train:482,train:357,3.2791984267532825e-05,0
stage6_07,2,approve_block,1,greedy,2,0,,,,3.919005393981934e-06,0
stage6_07,2,approve_block,1,greedy,3,0,,,,7.440103217959404e-07,0
stage6_07,2,approve_block,1,greedy,4,0,,,,7.029157131910324e-07,0
stage6_07,2,approve_block,1,greedy,5,0,,,,6.790505722165108e-07,0
stage6_07,2,approve_block,1,search,0,2,train:357,train:178,train:357,4.2813015170395374e-05,5
stage6_07,2,approve_block,1,search,1,2,train:178,train:178,train:178,4.250998608767986e-05,5
stage6_07,2,approve_block,1,search,2,1,train:482,train:482,train:482,3.943301271647215e-05,2
stage6_07,2,approve_block,1,search,3,0,,,,4.415982402861118e-06,0
stage6_07,2,approve_block,1,search,4,0,,,,7.939524948596954e-07,0
stage6_07,2,approve_block,1,search,5,0,,,,7.459893822669983e-07,0
stage6_07,2,approve_block,1,no_review,0,2,,train:178,train:357,2.9749004170298576e-05,0
stage6_07,2,approve_block,1,no_review,1,3,,train:178,train:357,3.269303124397993e-05,0
stage6_07,2,approve_block,1,no_review,2,2,,train:178,train:178,4.148308653384447e-05,0
stage6_07,2,approve_block,1,no_review,3,2,,train:178,train:178,2.2020889446139336e-05,0
stage6_07,2,approve_block,1,no_review,4,2,,train:178,train:178,2.1682935766875744e-05,0
stage6_07,2,approve_block,1,no_review,5,0,,,,5.358015187084675e-06,0
stage6_07,2,approve_block,2,fcfs,0,2,train:357,train:178,train:357,3.0260998755693436e-05,0
stage6_07,2,approve_block,2,fcfs,2,2,train:178,train:178,train:178,4.6428991481661797e-05,0
stage6_07,2,approve_block,2,fcfs,4,0,,,,5.2641029469668865e-05,0
stage6_07,2,approve_block,2,fcfs,5,0,,,,5.109002813696861e-06,0
stage6_07,2,approve_block,2,edf,0,2,train:357,train:178,train:357,3.336404915899038e-05,0
stage6_07,2,approve_block,2,edf,2,2,train:178,train:178,train:178,5.627400241792202e-05,0
stage6_07,2,approve_block,2,edf,4,0,,,,4.2310915887355804e-05,0
stage6_07,2,approve_block,2,edf,5,0,,,,5.754060111939907e-06,0
stage6_07,2,approve_block,2,uncertainty,0,2,train:178,train:178,train:357,3.325706347823143e-05,0
stage6_07,2,approve_block,2,uncertainty,2,1,train:482,train:482,train:482,2.662197221070528e-05,0
stage6_07,2,approve_block,2,uncertainty,4,0,,,,2.5810441002249718e-06,0
stage6_07,2,approve_block,2,uncertainty,5,0,,,,7.539056241512299e-07,0
stage6_07,2,approve_block,2,greedy,0,2,train:178,train:178,train:357,4.233501385897398e-05,0
stage6_07,2,approve_block,2,greedy,2,1,train:482,train:482,train:482,5.604606121778488e-05,0
stage6_07,2,approve_block,2,greedy,4,0,,,,4.771980457007885e-06,0
stage6_07,2,approve_block,2,greedy,5,0,,,,7.380731403827667e-07,0
stage6_07,2,approve_block,2,search,0,2,train:357,train:178,train:357,4.0680053643882275e-05,5
stage6_07,2,approve_block,2,search,2,2,train:178,train:178,train:178,5.192903336137533e-05,5
stage6_07,2,approve_block,2,search,4,0,,,,4.741095472127199e-05,0
stage6_07,2,approve_block,2,search,5,0,,,,3.5600969567894936e-06,0
stage6_07,2,approve_block,2,no_review,0,2,,train:178,train:357,2.900604158639908e-05,0
stage6_07,2,approve_block,2,no_review,1,2,,train:178,train:178,3.22909327223897e-05,0
stage6_07,2,approve_block,2,no_review,2,2,,train:178,train:178,4.3328036554157734e-05,0
stage6_07,2,approve_block,2,no_review,3,2,,train:178,train:178,2.1948013454675674e-05,0
stage6_07,2,approve_block,2,no_review,4,0,,,,2.1400977857410908e-05,0
stage6_07,2,approve_block,2,no_review,5,0,,,,3.4370459616184235e-06,0
stage6_07,2,complexity_time,1,fcfs,0,2,train:357,train:178,train:357,2.90359603241086e-05,0
stage6_07,2,complexity_time,1,fcfs,1,2,train:178,train:178,train:178,4.24219761043787e-05,0
stage6_07,2,complexity_time,1,fcfs,3,1,train:482,train:482,train:482,3.597303293645382e-05,0
stage6_07,2,complexity_time,1,fcfs,4,0,,,,4.162895493209362e-06,0
stage6_07,2,complexity_time,1,fcfs,5,0,,,,8.300412446260452e-07,0
stage6_07,2,complexity_time,1,edf,0,2,train:357,train:178,train:357,3.3020973205566406e-05,0
stage6_07,2,complexity_time,1,edf,1,2,train:178,train:178,train:178,3.2232957892119884e-05,0
stage6_07,2,complexity_time,1,edf,3,1,train:482,train:482,train:482,2.957903780043125e-05,0
stage6_07,2,complexity_time,1,edf,4,0,,,,4.302011802792549e-06,0
stage6_07,2,complexity_time,1,edf,5,0,,,,8.419156074523926e-07,0
stage6_07,2,complexity_time,1,uncertainty,0,2,train:178,train:178,train:357,3.169302362948656e-05,0
stage6_07,2,complexity_time,1,uncertainty,2,1,train:482,train:482,train:482,5.6957011111080647e-05,0
stage6_07,2,complexity_time,1,uncertainty,3,0,,,,3.6919955164194107e-06,0
stage6_07,2,complexity_time,1,uncertainty,4,0,,,,7.669441401958466e-07,0
stage6_07,2,complexity_time,1,uncertainty,5,0,,,,1.0259682312607765e-06,0
stage6_07,2,complexity_time,1,greedy,0,2,train:178,train:178,train:357,3.4744967706501484e-05,0
stage6_07,2,complexity_time,1,greedy,2,1,train:482,train:482,train:482,4.4293003156781197e-05,0
stage6_07,2,complexity_time,1,greedy,3,0,,,,3.103981725871563e-06,0
stage6_07,2,complexity_time,1,greedy,4,0,,,,7.399357855319977e-07,0
stage6_07,2,complexity_time,1,greedy,5,0,,,,7.009366527199745e-07,0
stage6_07,2,complexity_time,1,search,0,2,train:357,train:178,train:357,4.330207593739033e-05,5
stage6_07,2,complexity_time,1,search,1,2,train:178,train:178,train:178,5.269807297736406e-05,5
stage6_07,2,complexity_time,1,search,3,1,train:482,train:482,train:482,4.4060987420380116e-05,2
stage6_07,2,complexity_time,1,search,4,0,,,,4.451023414731026e-06,0
stage6_07,2,complexity_time,1,search,5,0,,,,7.909256964921951e-07,0
stage6_07,2,complexity_time,1,no_review,0,2,,train:178,train:357,2.9154005460441113e-05,0
stage6_07,2,complexity_time,1,no_review,1,3,,train:178,train:357,3.302306868135929e-05,0
stage6_07,2,complexity_time,1,no_review,2,2,,train:178,train:178,4.018493928015232e-05,0
stage6_07,2,complexity_time,1,no_review,3,2,,train:178,train:178,2.3292028345167637e-05,0
stage6_07,2,complexity_time,1,no_review,4,1,,train:482,train:482,2.178899012506008e-05,0
stage6_07,2,complexity_time,1,no_review,5,0,,,,3.048917278647423e-06,0
stage6_07,2,complexity_time,2,fcfs,0,2,train:357,train:178,train:357,3.100303001701832e-05,0
stage6_07,2,complexity_time,2,fcfs,2,2,train:178,train:178,train:178,5.142390727996826e-05,0
stage6_07,2,complexity_time,2,fcfs,5,0,,,,4.18804120272398e-06,0
stage6_07,2,complexity_time,2,edf,0,2,train:357,train:178,train:357,3.3085932955145836e-05,0
stage6_07,2,complexity_time,2,edf,2,2,train:178,train:178,train:178,5.928205791860819e-05,0
stage6_07,2,complexity_time,2,edf,5,0,,,,5.2140094339847565e-06,0
stage6_07,2,complexity_time,2,uncertainty,0,2,train:178,train:178,train:357,3.1986040994524956e-05,0
stage6_07,2,complexity_time,2,uncertainty,3,1,train:482,train:482,train:482,3.515800926834345e-05,0
stage6_07,2,complexity_time,2,uncertainty,5,0,,,,3.8299476727843285e-06,0
stage6_07,2,complexity_time,2,greedy,0,2,train:178,train:178,train:357,3.628106787800789e-05,0
stage6_07,2,complexity_time,2,greedy,3,1,train:482,train:482,train:482,3.386707976460457e-05,0
stage6_07,2,complexity_time,2,greedy,5,0,,,,3.093038685619831e-06,0
stage6_07,2,complexity_time,2,search,0,2,train:357,train:178,train:357,4.2236060835421085e-05,5
stage6_07,2,complexity_time,2,search,2,2,train:178,train:178,train:178,5.4424977861344814e-05,5
stage6_07,2,complexity_time,2,search,5,0,,,,4.178960807621479e-06,0
stage6_07,2,complexity_time,2,no_review,0,2,,train:178,train:357,2.8928043320775032e-05,0
stage6_07,2,complexity_time,2,no_review,1,2,,train:178,train:178,4.930805880576372e-05,0
stage6_07,2,complexity_time,2,no_review,2,2,,train:178,train:178,4.7964975237846375e-05,0
stage6_07,2,complexity_time,2,no_review,3,1,,train:482,train:482,2.163904719054699e-05,0
stage6_07,2,complexity_time,2,no_review,4,0,,,,2.1422049030661583e-05,0
stage6_07,2,complexity_time,2,no_review,5,0,,,,3.6440324038267136e-06,0
